Dynamical matrix file

  3   36   0    23.7692718     0.0000000     0.0000000     0.0000000     0.0000000     0.0000000
Basis vectors
      0.000000000    0.665746584    0.746177919
      0.430812850    0.000000000    0.746177919
      0.430812850    0.665746584    0.000000000
            1  'Cs  '    121135.913129338
            2  'V   '     46430.338453521
            3  'Sb  '    110977.454729458
    1    1     0.4308128500     0.3338992753     0.7461779187
    2    1     0.4308128500     0.9975938920     0.7461779187
    3    1     0.2154064250     0.3328732918     0.3730889594
    4    1     0.6462192750     0.9986198754     1.1192668781
    5    2     0.5359602711     0.6657465836     1.3040767120
    6    2     0.5359602711     0.6657465836     0.1882791254
    7    2     0.2169207145     0.6657465836     0.7461779187
    8    2     0.5382847316     0.6657465836     0.5609852964
    9    2     0.5382847316     0.6657465836     0.9313705411
   10    2     0.6447049855     0.6657465836     0.7461779187
   11    2     0.3233409684     0.6657465836     0.9313705411
   12    2     0.3256654289     0.6657465836     1.3040767120
   13    2     0.4308128500     0.6657465836     1.1226151661
   14    2     0.3256654289     0.6657465836     0.1882791254
   15    2     0.3233409684     0.6657465836     0.5609852964
   16    2     0.4308128500     0.6657465836     0.3697406714
   17    3     0.0000000000     0.0000000000     0.0000000000
   18    3     0.4308128500     0.4858729417     1.2437138154
   19    3     0.4308128500     0.4858729417     0.2486420221
   20    3     0.4308128500     0.8428540979     0.4970706946
   21    3     0.4308128500     0.8428540979     0.9952851429
   22    3     0.4308128500     0.6657465836     0.7461779187
   23    3     0.4308128500     0.4886390694     0.4970706946
   24    3     0.4308128500     0.4886390694     0.9952851429
   25    3     0.4308128500     0.8456202256     1.2437138154
   26    3     0.4308128500     0.8456202256     0.2486420221
   27    3     0.2154064250     0.0000000000     0.3730889594
   28    3     0.2147801082     0.4881004654     0.8706679737
   29    3     0.6468455918     0.4881004654     0.6216878638
   30    3     0.6468455918     0.8433927019     0.8706679737
   31    3     0.2147801082     0.8433927019     0.6216878638
   32    3     0.2154064250     0.6657465836     0.3730889594
   33    3     0.6468455918     0.4881004654     0.8706679737
   34    3     0.2147801082     0.4881004654     0.6216878638
   35    3     0.2147801082     0.8433927019     0.8706679737
   36    3     0.6468455918     0.8433927019     0.6216878638

     Dynamical  Matrix in cartesian axes

     q = (    0.000000000   0.000000000   0.000000000 )

    1    1
  0.05106302   0.00000000     0.00000000   0.00000000    -0.00000000   0.00000000
  0.00000000   0.00000000     0.04263906   0.00000000     0.00000000   0.00000000
 -0.00000000   0.00000000     0.00000000   0.00000000     0.07220722   0.00000000
    1    2
 -0.00162522   0.00000000     0.00000000   0.00000000     0.00000000   0.00000000
  0.00000000   0.00000000     0.00040248   0.00000000     0.00000000   0.00000000
  0.00000000   0.00000000     0.00000000   0.00000000     0.00035248   0.00000000
    1    3
  0.00069084   0.00000000     0.00000000   0.00000000    -0.00121550   0.00000000
  0.00000000   0.00000000     0.00065744   0.00000000    -0.00000000   0.00000000
 -0.00125769   0.00000000    -0.00000000   0.00000000    -0.00197688   0.00000000
    1    4
  0.00069084   0.00000000     0.00000000   0.00000000     0.00121550   0.00000000
  0.00000000   0.00000000     0.00065744   0.00000000    -0.00000000   0.00000000
  0.00125769   0.00000000     0.00000000   0.00000000    -0.00197688   0.00000000
    1    5
  0.00135748   0.00000000    -0.00191771   0.00000000     0.00025876   0.00000000
 -0.00161476   0.00000000     0.00200080   0.00000000    -0.00044493   0.00000000
  0.00042072   0.00000000    -0.00020777   0.00000000     0.00050964   0.00000000
    1    6
  0.00135748   0.00000000    -0.00191771   0.00000000    -0.00025876   0.00000000
 -0.00161476   0.00000000     0.00200080   0.00000000     0.00044493   0.00000000
 -0.00042072   0.00000000     0.00020777   0.00000000     0.00050964   0.00000000
    1    7
  0.00172490   0.00000000    -0.00172746   0.00000000     0.00000000   0.00000000
 -0.00061222   0.00000000     0.00330703   0.00000000    -0.00000000   0.00000000
 -0.00000000   0.00000000     0.00000000   0.00000000     0.00031940   0.00000000
    1    8
  0.00108171   0.00000000     0.00172901   0.00000000     0.00016344   0.00000000
  0.00054184   0.00000000     0.00187743   0.00000000     0.00044860   0.00000000
  0.00032571   0.00000000    -0.00003253   0.00000000     0.00045885   0.00000000
    1    9
  0.00108171   0.00000000     0.00172901   0.00000000    -0.00016344   0.00000000
  0.00054184   0.00000000     0.00187743   0.00000000    -0.00044860   0.00000000
 -0.00032571   0.00000000     0.00003253   0.00000000     0.00045885   0.00000000
    1   10
  0.00172490   0.00000000     0.00172746   0.00000000     0.00000000   0.00000000
  0.00061222   0.00000000     0.00330703   0.00000000     0.00000000   0.00000000
  0.00000000   0.00000000     0.00000000   0.00000000     0.00031940   0.00000000
    1   11
  0.00108171   0.00000000    -0.00172901   0.00000000     0.00016344   0.00000000
 -0.00054184   0.00000000     0.00187743   0.00000000    -0.00044860   0.00000000
  0.00032571   0.00000000     0.00003253   0.00000000     0.00045885   0.00000000
    1   12
  0.00135748   0.00000000     0.00191771   0.00000000    -0.00025876   0.00000000
  0.00161476   0.00000000     0.00200080   0.00000000    -0.00044493   0.00000000
 -0.00042072   0.00000000    -0.00020777   0.00000000     0.00050964   0.00000000
    1   13
  0.00000528   0.00000000     0.00000000   0.00000000     0.00000000   0.00000000
  0.00000000   0.00000000     0.00051273   0.00000000     0.00229337   0.00000000
 -0.00000000   0.00000000     0.00326339   0.00000000     0.00112814   0.00000000
    1   14
  0.00135748   0.00000000     0.00191771   0.00000000     0.00025876   0.00000000
  0.00161476   0.00000000     0.00200080   0.00000000     0.00044493   0.00000000
  0.00042072   0.00000000     0.00020777   0.00000000     0.00050964   0.00000000
    1   15
  0.00108171   0.00000000    -0.00172901   0.00000000    -0.00016344   0.00000000
 -0.00054184   0.00000000     0.00187743   0.00000000     0.00044860   0.00000000
 -0.00032571   0.00000000    -0.00003253   0.00000000     0.00045885   0.00000000
    1   16
  0.00000528   0.00000000     0.00000000   0.00000000     0.00000000   0.00000000
  0.00000000   0.00000000     0.00051273   0.00000000    -0.00229337   0.00000000
  0.00000000   0.00000000    -0.00326339   0.00000000     0.00112814   0.00000000
    1   17
  0.00066783   0.00000000     0.00000000   0.00000000     0.00000000   0.00000000
  0.00000000   0.00000000    -0.00433798   0.00000000     0.00000000   0.00000000
  0.00000000   0.00000000    -0.00000000   0.00000000     0.00125824   0.00000000
    1   18
  0.00073106   0.00000000    -0.00000000   0.00000000    -0.00000000   0.00000000
  0.00000000   0.00000000     0.00051879   0.00000000     0.00006373   0.00000000
  0.00000000   0.00000000     0.00012896   0.00000000     0.00009315   0.00000000
    1   19
  0.00073106   0.00000000     0.00000000   0.00000000     0.00000000   0.00000000
  0.00000000   0.00000000     0.00051879   0.00000000    -0.00006373   0.00000000
 -0.00000000   0.00000000    -0.00012896   0.00000000     0.00009315   0.00000000
    1   20
  0.00085843   0.00000000    -0.00000000   0.00000000    -0.00000000   0.00000000
  0.00000000   0.00000000     0.00065992   0.00000000    -0.00006325   0.00000000
 -0.00000000   0.00000000    -0.00007998   0.00000000     0.00021248   0.00000000
    1   21
  0.00085843   0.00000000    -0.00000000   0.00000000    -0.00000000   0.00000000
  0.00000000   0.00000000     0.00065992   0.00000000     0.00006325   0.00000000
  0.00000000   0.00000000     0.00007998   0.00000000     0.00021248   0.00000000
    1   22
  0.00072060   0.00000000     0.00000000   0.00000000     0.00000000   0.00000000
  0.00000000   0.00000000    -0.00501892   0.00000000     0.00000000   0.00000000
  0.00000000   0.00000000     0.00000000   0.00000000     0.00118953   0.00000000
    1   23
  0.00245731   0.00000000     0.00000000   0.00000000    -0.00000000   0.00000000
  0.00000000   0.00000000    -0.00511253   0.00000000     0.01076758   0.00000000
 -0.00000000   0.00000000     0.01078074   0.00000000    -0.01451969   0.00000000
    1   24
  0.00245731   0.00000000    -0.00000000   0.00000000     0.00000000   0.00000000
 -0.00000000   0.00000000    -0.00511253   0.00000000    -0.01076758   0.00000000
  0.00000000   0.00000000    -0.01078074   0.00000000    -0.01451969   0.00000000
    1   25
  0.00260104   0.00000000     0.00000000   0.00000000    -0.00000000   0.00000000
  0.00000000   0.00000000    -0.00509228   0.00000000    -0.01103824   0.00000000
 -0.00000000   0.00000000    -0.01122655   0.00000000    -0.01505463   0.00000000
    1   26
  0.00260104   0.00000000     0.00000000   0.00000000    -0.00000000   0.00000000
  0.00000000   0.00000000    -0.00509228   0.00000000     0.01103824   0.00000000
  0.00000000   0.00000000     0.01122655   0.00000000    -0.01505463   0.00000000
    1   27
  0.00064483   0.00000000    -0.00000000   0.00000000    -0.00014925   0.00000000
  0.00000000   0.00000000     0.00036046   0.00000000    -0.00000000   0.00000000
 -0.00002468   0.00000000     0.00000000   0.00000000    -0.00082291   0.00000000
    1   28
 -0.01009053   0.00000000     0.00935331   0.00000000     0.00714442   0.00000000
  0.00939684   0.00000000    -0.00520255   0.00000000    -0.00548651   0.00000000
  0.00717140   0.00000000    -0.00554721   0.00000000    -0.00220362   0.00000000
    1   29
 -0.01009053   0.00000000    -0.00935331   0.00000000     0.00714442   0.00000000
 -0.00939684   0.00000000    -0.00520255   0.00000000     0.00548651   0.00000000
  0.00717140   0.00000000     0.00554721   0.00000000    -0.00220362   0.00000000
    1   30
 -0.00991205   0.00000000    -0.00920498   0.00000000     0.00701849   0.00000000
 -0.00922921   0.00000000    -0.00500262   0.00000000     0.00540851   0.00000000
  0.00707933   0.00000000     0.00551595   0.00000000    -0.00220626   0.00000000
    1   31
 -0.00991205   0.00000000     0.00920498   0.00000000     0.00701849   0.00000000
  0.00922921   0.00000000    -0.00500262   0.00000000    -0.00540851   0.00000000
  0.00707933   0.00000000    -0.00551595   0.00000000    -0.00220626   0.00000000
    1   32
  0.00064483   0.00000000    -0.00000000   0.00000000     0.00014925   0.00000000
  0.00000000   0.00000000     0.00036046   0.00000000     0.00000000   0.00000000
  0.00002468   0.00000000    -0.00000000   0.00000000    -0.00082291   0.00000000
    1   33
 -0.01009053   0.00000000    -0.00935331   0.00000000    -0.00714442   0.00000000
 -0.00939684   0.00000000    -0.00520255   0.00000000    -0.00548651   0.00000000
 -0.00717140   0.00000000    -0.00554721   0.00000000    -0.00220362   0.00000000
    1   34
 -0.01009053   0.00000000     0.00935331   0.00000000    -0.00714442   0.00000000
  0.00939684   0.00000000    -0.00520255   0.00000000     0.00548651   0.00000000
 -0.00717140   0.00000000     0.00554721   0.00000000    -0.00220362   0.00000000
    1   35
 -0.00991205   0.00000000     0.00920498   0.00000000    -0.00701849   0.00000000
  0.00922921   0.00000000    -0.00500262   0.00000000     0.00540851   0.00000000
 -0.00707933   0.00000000     0.00551595   0.00000000    -0.00220626   0.00000000
    1   36
 -0.00991205   0.00000000    -0.00920498   0.00000000    -0.00701849   0.00000000
 -0.00922921   0.00000000    -0.00500262   0.00000000    -0.00540851   0.00000000
 -0.00707933   0.00000000    -0.00551595   0.00000000    -0.00220626   0.00000000
    2    1
 -0.00162522   0.00000000     0.00000000   0.00000000     0.00000000   0.00000000
  0.00000000   0.00000000     0.00040248   0.00000000     0.00000000   0.00000000
  0.00000000   0.00000000     0.00000000   0.00000000     0.00035248   0.00000000
    2    2
  0.05106302   0.00000000     0.00000000   0.00000000     0.00000000   0.00000000
  0.00000000   0.00000000     0.04263906   0.00000000     0.00000000   0.00000000
  0.00000000   0.00000000     0.00000000   0.00000000     0.07220722   0.00000000
    2    3
  0.00069084   0.00000000     0.00000000   0.00000000     0.00121550   0.00000000
  0.00000000   0.00000000     0.00065744   0.00000000     0.00000000   0.00000000
  0.00125769   0.00000000     0.00000000   0.00000000    -0.00197688   0.00000000
    2    4
  0.00069084   0.00000000     0.00000000   0.00000000    -0.00121550   0.00000000
  0.00000000   0.00000000     0.00065744   0.00000000    -0.00000000   0.00000000
 -0.00125769   0.00000000    -0.00000000   0.00000000    -0.00197688   0.00000000
    2    5
  0.00135748   0.00000000     0.00191771   0.00000000     0.00025876   0.00000000
  0.00161476   0.00000000     0.00200080   0.00000000     0.00044493   0.00000000
  0.00042072   0.00000000     0.00020777   0.00000000     0.00050964   0.00000000
    2    6
  0.00135748   0.00000000     0.00191771   0.00000000    -0.00025876   0.00000000
  0.00161476   0.00000000     0.00200080   0.00000000    -0.00044493   0.00000000
 -0.00042072   0.00000000    -0.00020777   0.00000000     0.00050964   0.00000000
    2    7
  0.00172490   0.00000000     0.00172746   0.00000000     0.00000000   0.00000000
  0.00061222   0.00000000     0.00330703   0.00000000     0.00000000   0.00000000
  0.00000000   0.00000000     0.00000000   0.00000000     0.00031940   0.00000000
    2    8
  0.00108171   0.00000000    -0.00172901   0.00000000     0.00016344   0.00000000
 -0.00054184   0.00000000     0.00187743   0.00000000    -0.00044860   0.00000000
  0.00032571   0.00000000     0.00003253   0.00000000     0.00045885   0.00000000
    2    9
  0.00108171   0.00000000    -0.00172901   0.00000000    -0.00016344   0.00000000
 -0.00054184   0.00000000     0.00187743   0.00000000     0.00044860   0.00000000
 -0.00032571   0.00000000    -0.00003253   0.00000000     0.00045885   0.00000000
    2   10
  0.00172490   0.00000000    -0.00172746   0.00000000     0.00000000   0.00000000
 -0.00061222   0.00000000     0.00330703   0.00000000    -0.00000000   0.00000000
  0.00000000   0.00000000     0.00000000   0.00000000     0.00031940   0.00000000
    2   11
  0.00108171   0.00000000     0.00172901   0.00000000     0.00016344   0.00000000
  0.00054184   0.00000000     0.00187743   0.00000000     0.00044860   0.00000000
  0.00032571   0.00000000    -0.00003253   0.00000000     0.00045885   0.00000000
    2   12
  0.00135748   0.00000000    -0.00191771   0.00000000    -0.00025876   0.00000000
 -0.00161476   0.00000000     0.00200080   0.00000000     0.00044493   0.00000000
 -0.00042072   0.00000000     0.00020777   0.00000000     0.00050964   0.00000000
    2   13
  0.00000528   0.00000000     0.00000000   0.00000000     0.00000000   0.00000000
  0.00000000   0.00000000     0.00051273   0.00000000    -0.00229337   0.00000000
  0.00000000   0.00000000    -0.00326339   0.00000000     0.00112814   0.00000000
    2   14
  0.00135748   0.00000000    -0.00191771   0.00000000     0.00025876   0.00000000
 -0.00161476   0.00000000     0.00200080   0.00000000    -0.00044493   0.00000000
  0.00042072   0.00000000    -0.00020777   0.00000000     0.00050964   0.00000000
    2   15
  0.00108171   0.00000000     0.00172901   0.00000000    -0.00016344   0.00000000
  0.00054184   0.00000000     0.00187743   0.00000000    -0.00044860   0.00000000
 -0.00032571   0.00000000     0.00003253   0.00000000     0.00045885   0.00000000
    2   16
  0.00000528   0.00000000    -0.00000000   0.00000000     0.00000000   0.00000000
  0.00000000   0.00000000     0.00051273   0.00000000     0.00229337   0.00000000
  0.00000000   0.00000000     0.00326339   0.00000000     0.00112814   0.00000000
    2   17
  0.00066783   0.00000000     0.00000000   0.00000000     0.00000000   0.00000000
  0.00000000   0.00000000    -0.00433798   0.00000000     0.00000000   0.00000000
  0.00000000   0.00000000     0.00000000   0.00000000     0.00125824   0.00000000
    2   18
  0.00260104   0.00000000     0.00000000   0.00000000     0.00000000   0.00000000
  0.00000000   0.00000000    -0.00509228   0.00000000     0.01103824   0.00000000
 -0.00000000   0.00000000     0.01122655   0.00000000    -0.01505463   0.00000000
    2   19
  0.00260104   0.00000000     0.00000000   0.00000000    -0.00000000   0.00000000
  0.00000000   0.00000000    -0.00509228   0.00000000    -0.01103824   0.00000000
 -0.00000000   0.00000000    -0.01122655   0.00000000    -0.01505463   0.00000000
    2   20
  0.00245731   0.00000000    -0.00000000   0.00000000     0.00000000   0.00000000
 -0.00000000   0.00000000    -0.00511253   0.00000000    -0.01076758   0.00000000
 -0.00000000   0.00000000    -0.01078074   0.00000000    -0.01451969   0.00000000
    2   21
  0.00245731   0.00000000     0.00000000   0.00000000     0.00000000   0.00000000
  0.00000000   0.00000000    -0.00511253   0.00000000     0.01076758   0.00000000
  0.00000000   0.00000000     0.01078074   0.00000000    -0.01451969   0.00000000
    2   22
  0.00072060   0.00000000     0.00000000   0.00000000     0.00000000   0.00000000
  0.00000000   0.00000000    -0.00501892   0.00000000     0.00000000   0.00000000
 -0.00000000   0.00000000     0.00000000   0.00000000     0.00118953   0.00000000
    2   23
  0.00085843   0.00000000    -0.00000000   0.00000000     0.00000000   0.00000000
  0.00000000   0.00000000     0.00065992   0.00000000     0.00006325   0.00000000
  0.00000000   0.00000000     0.00007998   0.00000000     0.00021248   0.00000000
    2   24
  0.00085843   0.00000000    -0.00000000   0.00000000    -0.00000000   0.00000000
  0.00000000   0.00000000     0.00065992   0.00000000    -0.00006325   0.00000000
 -0.00000000   0.00000000    -0.00007998   0.00000000     0.00021248   0.00000000
    2   25
  0.00073106   0.00000000     0.00000000   0.00000000     0.00000000   0.00000000
  0.00000000   0.00000000     0.00051879   0.00000000    -0.00006373   0.00000000
  0.00000000   0.00000000    -0.00012896   0.00000000     0.00009315   0.00000000
    2   26
  0.00073106   0.00000000     0.00000000   0.00000000    -0.00000000   0.00000000
 -0.00000000   0.00000000     0.00051879   0.00000000     0.00006373   0.00000000
 -0.00000000   0.00000000     0.00012896   0.00000000     0.00009315   0.00000000
    2   27
  0.00064483   0.00000000    -0.00000000   0.00000000    -0.00014925   0.00000000
 -0.00000000   0.00000000     0.00036046   0.00000000     0.00000000   0.00000000
 -0.00002468   0.00000000    -0.00000000   0.00000000    -0.00082291   0.00000000
    2   28
 -0.00991205   0.00000000    -0.00920498   0.00000000    -0.00701849   0.00000000
 -0.00922921   0.00000000    -0.00500262   0.00000000    -0.00540851   0.00000000
 -0.00707933   0.00000000    -0.00551595   0.00000000    -0.00220626   0.00000000
    2   29
 -0.00991205   0.00000000     0.00920498   0.00000000    -0.00701849   0.00000000
  0.00922921   0.00000000    -0.00500262   0.00000000     0.00540851   0.00000000
 -0.00707933   0.00000000     0.00551595   0.00000000    -0.00220626   0.00000000
    2   30
 -0.01009053   0.00000000     0.00935331   0.00000000    -0.00714442   0.00000000
  0.00939684   0.00000000    -0.00520255   0.00000000     0.00548651   0.00000000
 -0.00717140   0.00000000     0.00554721   0.00000000    -0.00220362   0.00000000
    2   31
 -0.01009053   0.00000000    -0.00935331   0.00000000    -0.00714442   0.00000000
 -0.00939684   0.00000000    -0.00520255   0.00000000    -0.00548651   0.00000000
 -0.00717140   0.00000000    -0.00554721   0.00000000    -0.00220362   0.00000000
    2   32
  0.00064483   0.00000000     0.00000000   0.00000000     0.00014925   0.00000000
 -0.00000000   0.00000000     0.00036046   0.00000000    -0.00000000   0.00000000
  0.00002468   0.00000000     0.00000000   0.00000000    -0.00082291   0.00000000
    2   33
 -0.00991205   0.00000000     0.00920498   0.00000000     0.00701849   0.00000000
  0.00922921   0.00000000    -0.00500262   0.00000000    -0.00540851   0.00000000
  0.00707933   0.00000000    -0.00551595   0.00000000    -0.00220626   0.00000000
    2   34
 -0.00991205   0.00000000    -0.00920498   0.00000000     0.00701849   0.00000000
 -0.00922921   0.00000000    -0.00500262   0.00000000     0.00540851   0.00000000
  0.00707933   0.00000000     0.00551595   0.00000000    -0.00220626   0.00000000
    2   35
 -0.01009053   0.00000000    -0.00935331   0.00000000     0.00714442   0.00000000
 -0.00939684   0.00000000    -0.00520255   0.00000000     0.00548651   0.00000000
  0.00717140   0.00000000     0.00554721   0.00000000    -0.00220362   0.00000000
    2   36
 -0.01009053   0.00000000     0.00935331   0.00000000     0.00714442   0.00000000
  0.00939684   0.00000000    -0.00520255   0.00000000    -0.00548651   0.00000000
  0.00717140   0.00000000    -0.00554721   0.00000000    -0.00220362   0.00000000
    3    1
  0.00069084   0.00000000     0.00000000   0.00000000    -0.00125769   0.00000000
  0.00000000   0.00000000     0.00065744   0.00000000    -0.00000000   0.00000000
 -0.00121550   0.00000000    -0.00000000   0.00000000    -0.00197688   0.00000000
    3    2
  0.00069084   0.00000000     0.00000000   0.00000000     0.00125769   0.00000000
  0.00000000   0.00000000     0.00065744   0.00000000     0.00000000   0.00000000
  0.00121550   0.00000000     0.00000000   0.00000000    -0.00197688   0.00000000
    3    3
  0.05127736   0.00000000    -0.00000000   0.00000000     0.00000000   0.00000000
 -0.00000000   0.00000000     0.04165223   0.00000000     0.00000000   0.00000000
  0.00000000   0.00000000     0.00000000   0.00000000     0.07151251   0.00000000
    3    4
 -0.00143168   0.00000000     0.00000000   0.00000000     0.00000000   0.00000000
  0.00000000   0.00000000     0.00047587   0.00000000     0.00000000   0.00000000
  0.00000000   0.00000000     0.00000000   0.00000000     0.00033208   0.00000000
    3    5
  0.00121660   0.00000000    -0.00178991   0.00000000     0.00019588   0.00000000
 -0.00086996   0.00000000     0.00207557   0.00000000    -0.00017382   0.00000000
 -0.00002140   0.00000000    -0.00008182   0.00000000     0.00050103   0.00000000
    3    6
  0.00121660   0.00000000     0.00178991   0.00000000    -0.00019588   0.00000000
  0.00086996   0.00000000     0.00207557   0.00000000    -0.00017382   0.00000000
  0.00002140   0.00000000    -0.00008182   0.00000000     0.00050103   0.00000000
    3    7
  0.00013149   0.00000000     0.00000000   0.00000000    -0.00000000   0.00000000
  0.00000000   0.00000000     0.00035895   0.00000000     0.00159969   0.00000000
 -0.00000000   0.00000000     0.00307290   0.00000000     0.00091231   0.00000000
    3    8
  0.00126519   0.00000000     0.00178802   0.00000000     0.00001343   0.00000000
  0.00096930   0.00000000     0.00179061   0.00000000    -0.00001222   0.00000000
 -0.00016879   0.00000000    -0.00003607   0.00000000     0.00051890   0.00000000
    3    9
  0.00126519   0.00000000    -0.00178802   0.00000000    -0.00001343   0.00000000
 -0.00096930   0.00000000     0.00179061   0.00000000    -0.00001222   0.00000000
  0.00016879   0.00000000    -0.00003607   0.00000000     0.00051890   0.00000000
    3   10
  0.00013149   0.00000000     0.00000000   0.00000000     0.00000000   0.00000000
  0.00000000   0.00000000     0.00035895   0.00000000    -0.00159969   0.00000000
  0.00000000   0.00000000    -0.00307290   0.00000000     0.00091231   0.00000000
    3   11
  0.00126519   0.00000000    -0.00178802   0.00000000     0.00001343   0.00000000
 -0.00096930   0.00000000     0.00179061   0.00000000     0.00001222   0.00000000
 -0.00016879   0.00000000     0.00003607   0.00000000     0.00051890   0.00000000
    3   12
  0.00121660   0.00000000    -0.00178991   0.00000000    -0.00019588   0.00000000
 -0.00086996   0.00000000     0.00207557   0.00000000     0.00017382   0.00000000
  0.00002140   0.00000000     0.00008182   0.00000000     0.00050103   0.00000000
    3   13
  0.00170086   0.00000000    -0.00166603   0.00000000     0.00000000   0.00000000
 -0.00059253   0.00000000     0.00330977   0.00000000     0.00000000   0.00000000
 -0.00000000   0.00000000    -0.00000000   0.00000000     0.00058363   0.00000000
    3   14
  0.00121660   0.00000000     0.00178991   0.00000000     0.00019588   0.00000000
  0.00086996   0.00000000     0.00207557   0.00000000     0.00017382   0.00000000
 -0.00002140   0.00000000     0.00008182   0.00000000     0.00050103   0.00000000
    3   15
  0.00126519   0.00000000     0.00178802   0.00000000    -0.00001343   0.00000000
  0.00096930   0.00000000     0.00179061   0.00000000     0.00001222   0.00000000
  0.00016879   0.00000000     0.00003607   0.00000000     0.00051890   0.00000000
    3   16
  0.00170086   0.00000000     0.00166603   0.00000000    -0.00000000   0.00000000
  0.00059253   0.00000000     0.00330977   0.00000000    -0.00000000   0.00000000
  0.00000000   0.00000000     0.00000000   0.00000000     0.00058363   0.00000000
    3   17
  0.00053680   0.00000000    -0.00000000   0.00000000    -0.00000000   0.00000000
 -0.00000000   0.00000000     0.00039518   0.00000000    -0.00000000   0.00000000
 -0.00000000   0.00000000     0.00000000   0.00000000    -0.00088463   0.00000000
    3   18
 -0.01046231   0.00000000     0.00972049   0.00000000     0.00744297   0.00000000
  0.00961589   0.00000000    -0.00509166   0.00000000    -0.00558947   0.00000000
  0.00745419   0.00000000    -0.00564011   0.00000000    -0.00236307   0.00000000
    3   19
 -0.01046231   0.00000000    -0.00972049   0.00000000     0.00744297   0.00000000
 -0.00961589   0.00000000    -0.00509166   0.00000000     0.00558947   0.00000000
  0.00745419   0.00000000     0.00564011   0.00000000    -0.00236307   0.00000000
    3   20
 -0.00991708   0.00000000    -0.00916835   0.00000000     0.00705605   0.00000000
 -0.00920444   0.00000000    -0.00498533   0.00000000     0.00533367   0.00000000
  0.00697886   0.00000000     0.00538567   0.00000000    -0.00220148   0.00000000
    3   21
 -0.00991708   0.00000000     0.00916835   0.00000000     0.00705605   0.00000000
  0.00920444   0.00000000    -0.00498533   0.00000000    -0.00533367   0.00000000
  0.00697886   0.00000000    -0.00538567   0.00000000    -0.00220148   0.00000000
    3   22
  0.00064405   0.00000000     0.00000000   0.00000000    -0.00000000   0.00000000
 -0.00000000   0.00000000     0.00031644   0.00000000     0.00000000   0.00000000
 -0.00000000   0.00000000     0.00000000   0.00000000    -0.00079690   0.00000000
    3   23
 -0.00991708   0.00000000    -0.00916835   0.00000000    -0.00705605   0.00000000
 -0.00920444   0.00000000    -0.00498533   0.00000000    -0.00533367   0.00000000
 -0.00697886   0.00000000    -0.00538567   0.00000000    -0.00220148   0.00000000
    3   24
 -0.00991708   0.00000000     0.00916835   0.00000000    -0.00705605   0.00000000
  0.00920444   0.00000000    -0.00498533   0.00000000     0.00533367   0.00000000
 -0.00697886   0.00000000     0.00538567   0.00000000    -0.00220148   0.00000000
    3   25
 -0.01046231   0.00000000     0.00972049   0.00000000    -0.00744297   0.00000000
  0.00961589   0.00000000    -0.00509166   0.00000000     0.00558947   0.00000000
 -0.00745419   0.00000000     0.00564011   0.00000000    -0.00236307   0.00000000
    3   26
 -0.01046231   0.00000000    -0.00972049   0.00000000    -0.00744297   0.00000000
 -0.00961589   0.00000000    -0.00509166   0.00000000    -0.00558947   0.00000000
 -0.00745419   0.00000000    -0.00564011   0.00000000    -0.00236307   0.00000000
    3   27
  0.00082564   0.00000000     0.00000000   0.00000000     0.00008796   0.00000000
  0.00000000   0.00000000    -0.00471536   0.00000000    -0.00000000   0.00000000
 -0.00004103   0.00000000     0.00000000   0.00000000     0.00124873   0.00000000
    3   28
  0.00090150   0.00000000     0.00001380   0.00000000    -0.00000593   0.00000000
  0.00000099   0.00000000     0.00060799   0.00000000     0.00005183   0.00000000
 -0.00002104   0.00000000     0.00011127   0.00000000     0.00015730   0.00000000
    3   29
  0.00090150   0.00000000    -0.00001380   0.00000000    -0.00000593   0.00000000
 -0.00000099   0.00000000     0.00060799   0.00000000    -0.00005183   0.00000000
 -0.00002104   0.00000000    -0.00011127   0.00000000     0.00015730   0.00000000
    3   30
  0.00090150   0.00000000     0.00001380   0.00000000     0.00000593   0.00000000
  0.00000099   0.00000000     0.00060799   0.00000000    -0.00005183   0.00000000
  0.00002104   0.00000000    -0.00011127   0.00000000     0.00015730   0.00000000
    3   31
  0.00090150   0.00000000    -0.00001380   0.00000000     0.00000593   0.00000000
 -0.00000099   0.00000000     0.00060799   0.00000000     0.00005183   0.00000000
  0.00002104   0.00000000     0.00011127   0.00000000     0.00015730   0.00000000
    3   32
  0.00082564   0.00000000    -0.00000000   0.00000000    -0.00008796   0.00000000
  0.00000000   0.00000000    -0.00471536   0.00000000     0.00000000   0.00000000
  0.00004103   0.00000000    -0.00000000   0.00000000     0.00124873   0.00000000
    3   33
  0.00256506   0.00000000    -0.00001943   0.00000000     0.00008785   0.00000000
 -0.00006951   0.00000000    -0.00491251   0.00000000     0.01076132   0.00000000
  0.00001731   0.00000000     0.01081234   0.00000000    -0.01453734   0.00000000
    3   34
  0.00256506   0.00000000     0.00001943   0.00000000     0.00008785   0.00000000
  0.00006951   0.00000000    -0.00491251   0.00000000    -0.01076132   0.00000000
  0.00001731   0.00000000    -0.01081234   0.00000000    -0.01453734   0.00000000
    3   35
  0.00256506   0.00000000    -0.00001943   0.00000000    -0.00008785   0.00000000
 -0.00006951   0.00000000    -0.00491251   0.00000000    -0.01076132   0.00000000
 -0.00001731   0.00000000    -0.01081234   0.00000000    -0.01453734   0.00000000
    3   36
  0.00256506   0.00000000     0.00001943   0.00000000    -0.00008785   0.00000000
  0.00006951   0.00000000    -0.00491251   0.00000000     0.01076132   0.00000000
 -0.00001731   0.00000000     0.01081234   0.00000000    -0.01453734   0.00000000
    4    1
  0.00069084   0.00000000     0.00000000   0.00000000     0.00125769   0.00000000
  0.00000000   0.00000000     0.00065744   0.00000000     0.00000000   0.00000000
  0.00121550   0.00000000    -0.00000000   0.00000000    -0.00197688   0.00000000
    4    2
  0.00069084   0.00000000     0.00000000   0.00000000    -0.00125769   0.00000000
  0.00000000   0.00000000     0.00065744   0.00000000    -0.00000000   0.00000000
 -0.00121550   0.00000000    -0.00000000   0.00000000    -0.00197688   0.00000000
    4    3
 -0.00143168   0.00000000     0.00000000   0.00000000     0.00000000   0.00000000
  0.00000000   0.00000000     0.00047587   0.00000000     0.00000000   0.00000000
  0.00000000   0.00000000     0.00000000   0.00000000     0.00033208   0.00000000
    4    4
  0.05127736   0.00000000     0.00000000   0.00000000     0.00000000   0.00000000
  0.00000000   0.00000000     0.04165223   0.00000000     0.00000000   0.00000000
  0.00000000   0.00000000     0.00000000   0.00000000     0.07151251   0.00000000
    4    5
  0.00121660   0.00000000     0.00178991   0.00000000     0.00019588   0.00000000
  0.00086996   0.00000000     0.00207557   0.00000000     0.00017382   0.00000000
 -0.00002140   0.00000000     0.00008182   0.00000000     0.00050103   0.00000000
    4    6
  0.00121660   0.00000000    -0.00178991   0.00000000    -0.00019588   0.00000000
 -0.00086996   0.00000000     0.00207557   0.00000000     0.00017382   0.00000000
  0.00002140   0.00000000     0.00008182   0.00000000     0.00050103   0.00000000
    4    7
  0.00013149   0.00000000    -0.00000000   0.00000000     0.00000000   0.00000000
 -0.00000000   0.00000000     0.00035895   0.00000000    -0.00159969   0.00000000
 -0.00000000   0.00000000    -0.00307290   0.00000000     0.00091231   0.00000000
    4    8
  0.00126519   0.00000000    -0.00178802   0.00000000     0.00001343   0.00000000
 -0.00096930   0.00000000     0.00179061   0.00000000     0.00001222   0.00000000
 -0.00016879   0.00000000     0.00003607   0.00000000     0.00051890   0.00000000
    4    9
  0.00126519   0.00000000     0.00178802   0.00000000    -0.00001343   0.00000000
  0.00096930   0.00000000     0.00179061   0.00000000     0.00001222   0.00000000
  0.00016879   0.00000000     0.00003607   0.00000000     0.00051890   0.00000000
    4   10
  0.00013149   0.00000000     0.00000000   0.00000000    -0.00000000   0.00000000
 -0.00000000   0.00000000     0.00035895   0.00000000     0.00159969   0.00000000
  0.00000000   0.00000000     0.00307290   0.00000000     0.00091231   0.00000000
    4   11
  0.00126519   0.00000000     0.00178802   0.00000000     0.00001343   0.00000000
  0.00096930   0.00000000     0.00179061   0.00000000    -0.00001222   0.00000000
 -0.00016879   0.00000000    -0.00003607   0.00000000     0.00051890   0.00000000
    4   12
  0.00121660   0.00000000     0.00178991   0.00000000    -0.00019588   0.00000000
  0.00086996   0.00000000     0.00207557   0.00000000    -0.00017382   0.00000000
  0.00002140   0.00000000    -0.00008182   0.00000000     0.00050103   0.00000000
    4   13
  0.00170086   0.00000000     0.00166603   0.00000000    -0.00000000   0.00000000
  0.00059253   0.00000000     0.00330977   0.00000000    -0.00000000   0.00000000
  0.00000000   0.00000000     0.00000000   0.00000000     0.00058363   0.00000000
    4   14
  0.00121660   0.00000000    -0.00178991   0.00000000     0.00019588   0.00000000
 -0.00086996   0.00000000     0.00207557   0.00000000    -0.00017382   0.00000000
 -0.00002140   0.00000000    -0.00008182   0.00000000     0.00050103   0.00000000
    4   15
  0.00126519   0.00000000    -0.00178802   0.00000000    -0.00001343   0.00000000
 -0.00096930   0.00000000     0.00179061   0.00000000    -0.00001222   0.00000000
  0.00016879   0.00000000    -0.00003607   0.00000000     0.00051890   0.00000000
    4   16
  0.00170086   0.00000000    -0.00166603   0.00000000    -0.00000000   0.00000000
 -0.00059253   0.00000000     0.00330977   0.00000000    -0.00000000   0.00000000
  0.00000000   0.00000000     0.00000000   0.00000000     0.00058363   0.00000000
    4   17
  0.00053680   0.00000000    -0.00000000   0.00000000     0.00000000   0.00000000
  0.00000000   0.00000000     0.00039518   0.00000000    -0.00000000   0.00000000
  0.00000000   0.00000000     0.00000000   0.00000000    -0.00088463   0.00000000
    4   18
 -0.01046231   0.00000000    -0.00972049   0.00000000    -0.00744297   0.00000000
 -0.00961589   0.00000000    -0.00509166   0.00000000    -0.00558947   0.00000000
 -0.00745419   0.00000000    -0.00564011   0.00000000    -0.00236307   0.00000000
    4   19
 -0.01046231   0.00000000     0.00972049   0.00000000    -0.00744297   0.00000000
  0.00961589   0.00000000    -0.00509166   0.00000000     0.00558947   0.00000000
 -0.00745419   0.00000000     0.00564011   0.00000000    -0.00236307   0.00000000
    4   20
 -0.00991708   0.00000000     0.00916835   0.00000000    -0.00705605   0.00000000
  0.00920444   0.00000000    -0.00498533   0.00000000     0.00533367   0.00000000
 -0.00697886   0.00000000     0.00538567   0.00000000    -0.00220148   0.00000000
    4   21
 -0.00991708   0.00000000    -0.00916835   0.00000000    -0.00705605   0.00000000
 -0.00920444   0.00000000    -0.00498533   0.00000000    -0.00533367   0.00000000
 -0.00697886   0.00000000    -0.00538567   0.00000000    -0.00220148   0.00000000
    4   22
  0.00064405   0.00000000     0.00000000   0.00000000    -0.00000000   0.00000000
 -0.00000000   0.00000000     0.00031644   0.00000000    -0.00000000   0.00000000
 -0.00000000   0.00000000     0.00000000   0.00000000    -0.00079690   0.00000000
    4   23
 -0.00991708   0.00000000     0.00916835   0.00000000     0.00705605   0.00000000
  0.00920444   0.00000000    -0.00498533   0.00000000    -0.00533367   0.00000000
  0.00697886   0.00000000    -0.00538567   0.00000000    -0.00220148   0.00000000
    4   24
 -0.00991708   0.00000000    -0.00916835   0.00000000     0.00705605   0.00000000
 -0.00920444   0.00000000    -0.00498533   0.00000000     0.00533367   0.00000000
  0.00697886   0.00000000     0.00538567   0.00000000    -0.00220148   0.00000000
    4   25
 -0.01046231   0.00000000    -0.00972049   0.00000000     0.00744297   0.00000000
 -0.00961589   0.00000000    -0.00509166   0.00000000     0.00558947   0.00000000
  0.00745419   0.00000000     0.00564011   0.00000000    -0.00236307   0.00000000
    4   26
 -0.01046231   0.00000000     0.00972049   0.00000000     0.00744297   0.00000000
  0.00961589   0.00000000    -0.00509166   0.00000000    -0.00558947   0.00000000
  0.00745419   0.00000000    -0.00564011   0.00000000    -0.00236307   0.00000000
    4   27
  0.00082564   0.00000000    -0.00000000   0.00000000     0.00008796   0.00000000
 -0.00000000   0.00000000    -0.00471536   0.00000000    -0.00000000   0.00000000
 -0.00004103   0.00000000     0.00000000   0.00000000     0.00124873   0.00000000
    4   28
  0.00256506   0.00000000     0.00001943   0.00000000    -0.00008785   0.00000000
  0.00006951   0.00000000    -0.00491251   0.00000000     0.01076132   0.00000000
 -0.00001731   0.00000000     0.01081234   0.00000000    -0.01453734   0.00000000
    4   29
  0.00256506   0.00000000    -0.00001943   0.00000000    -0.00008785   0.00000000
 -0.00006951   0.00000000    -0.00491251   0.00000000    -0.01076132   0.00000000
 -0.00001731   0.00000000    -0.01081234   0.00000000    -0.01453734   0.00000000
    4   30
  0.00256506   0.00000000     0.00001943   0.00000000     0.00008785   0.00000000
  0.00006951   0.00000000    -0.00491251   0.00000000    -0.01076132   0.00000000
  0.00001731   0.00000000    -0.01081234   0.00000000    -0.01453734   0.00000000
    4   31
  0.00256506   0.00000000    -0.00001943   0.00000000     0.00008785   0.00000000
 -0.00006951   0.00000000    -0.00491251   0.00000000     0.01076132   0.00000000
  0.00001731   0.00000000     0.01081234   0.00000000    -0.01453734   0.00000000
    4   32
  0.00082564   0.00000000     0.00000000   0.00000000    -0.00008796   0.00000000
  0.00000000   0.00000000    -0.00471536   0.00000000    -0.00000000   0.00000000
  0.00004103   0.00000000     0.00000000   0.00000000     0.00124873   0.00000000
    4   33
  0.00090150   0.00000000    -0.00001380   0.00000000     0.00000593   0.00000000
 -0.00000099   0.00000000     0.00060799   0.00000000     0.00005183   0.00000000
  0.00002104   0.00000000     0.00011127   0.00000000     0.00015730   0.00000000
    4   34
  0.00090150   0.00000000     0.00001380   0.00000000     0.00000593   0.00000000
  0.00000099   0.00000000     0.00060799   0.00000000    -0.00005183   0.00000000
  0.00002104   0.00000000    -0.00011127   0.00000000     0.00015730   0.00000000
    4   35
  0.00090150   0.00000000    -0.00001380   0.00000000    -0.00000593   0.00000000
 -0.00000099   0.00000000     0.00060799   0.00000000    -0.00005183   0.00000000
 -0.00002104   0.00000000    -0.00011127   0.00000000     0.00015730   0.00000000
    4   36
  0.00090150   0.00000000     0.00001380   0.00000000    -0.00000593   0.00000000
  0.00000099   0.00000000     0.00060799   0.00000000     0.00005183   0.00000000
 -0.00002104   0.00000000     0.00011127   0.00000000     0.00015730   0.00000000
    5    1
  0.00135748   0.00000000    -0.00161476   0.00000000     0.00042072   0.00000000
 -0.00191771   0.00000000     0.00200080   0.00000000    -0.00020777   0.00000000
  0.00025876   0.00000000    -0.00044493   0.00000000     0.00050964   0.00000000
    5    2
  0.00135748   0.00000000     0.00161476   0.00000000     0.00042072   0.00000000
  0.00191771   0.00000000     0.00200080   0.00000000     0.00020777   0.00000000
  0.00025876   0.00000000     0.00044493   0.00000000     0.00050964   0.00000000
    5    3
  0.00121660   0.00000000    -0.00086996   0.00000000    -0.00002140   0.00000000
 -0.00178991   0.00000000     0.00207557   0.00000000    -0.00008182   0.00000000
  0.00019588   0.00000000    -0.00017382   0.00000000     0.00050103   0.00000000
    5    4
  0.00121660   0.00000000     0.00086996   0.00000000    -0.00002140   0.00000000
  0.00178991   0.00000000     0.00207557   0.00000000     0.00008182   0.00000000
  0.00019588   0.00000000     0.00017382   0.00000000     0.00050103   0.00000000
    5    5
  0.14938942   0.00000000    -0.00000000   0.00000000    -0.03204629   0.00000000
 -0.00000000   0.00000000     0.25755351   0.00000000     0.00000000   0.00000000
 -0.03204629   0.00000000     0.00000000   0.00000000     0.18679309   0.00000000
    5    6
 -0.01385665   0.00000000    -0.00000000   0.00000000     0.00736034   0.00000000
  0.00000000   0.00000000    -0.00297512   0.00000000    -0.00000000   0.00000000
 -0.00736034   0.00000000     0.00000000   0.00000000    -0.00496862   0.00000000
    5    7
 -0.00339338   0.00000000    -0.00000000   0.00000000    -0.00336849   0.00000000
 -0.00000000   0.00000000    -0.01955958   0.00000000     0.00000000   0.00000000
  0.01983217   0.00000000     0.00000000   0.00000000    -0.00541519   0.00000000
    5    8
 -0.01992894   0.00000000     0.00000000   0.00000000     0.00606260   0.00000000
 -0.00000000   0.00000000     0.01674134   0.00000000     0.00000000   0.00000000
  0.00324532   0.00000000     0.00000000   0.00000000     0.01110281   0.00000000
    5    9
 -0.00319714   0.00000000     0.00000000   0.00000000    -0.00017252   0.00000000
 -0.00000000   0.00000000    -0.00104726   0.00000000     0.00000000   0.00000000
 -0.00429963   0.00000000     0.00000000   0.00000000    -0.01285207   0.00000000
    5   10
 -0.01237865   0.00000000    -0.00000000   0.00000000     0.00157123   0.00000000
  0.00000000   0.00000000    -0.00314708   0.00000000    -0.00000000   0.00000000
  0.00592191   0.00000000     0.00000000   0.00000000    -0.00332329   0.00000000
    5   11
  0.01031330   0.00000000    -0.00000000   0.00000000    -0.01112908   0.00000000
 -0.00000000   0.00000000     0.01658700   0.00000000    -0.00000000   0.00000000
 -0.00828602   0.00000000    -0.00000000   0.00000000    -0.01462533   0.00000000
    5   12
 -0.00244792   0.00000000    -0.00000000   0.00000000     0.00613993   0.00000000
 -0.00000000   0.00000000    -0.02572368   0.00000000     0.00000000   0.00000000
 -0.00613993   0.00000000    -0.00000000   0.00000000    -0.01506175   0.00000000
    5   13
 -0.01341371   0.00000000    -0.00000000   0.00000000    -0.00071247   0.00000000
  0.00000000   0.00000000    -0.02609801   0.00000000     0.00000000   0.00000000
  0.01056435   0.00000000     0.00000000   0.00000000    -0.00916488   0.00000000
    5   14
  0.02254196   0.00000000     0.00000000   0.00000000     0.00299701   0.00000000
 -0.00000000   0.00000000     0.00338536   0.00000000     0.00000000   0.00000000
  0.00299701   0.00000000    -0.00000000   0.00000000     0.01786049   0.00000000
    5   15
  0.00245892   0.00000000     0.00000000   0.00000000     0.01593999   0.00000000
  0.00000000   0.00000000    -0.02231191   0.00000000     0.00000000   0.00000000
 -0.00573047   0.00000000     0.00000000   0.00000000    -0.01189167   0.00000000
    5   16
 -0.00643024   0.00000000     0.00000000   0.00000000    -0.00876034   0.00000000
 -0.00000000   0.00000000    -0.00365578   0.00000000    -0.00000000   0.00000000
  0.00363724   0.00000000    -0.00000000   0.00000000    -0.00896090   0.00000000
    5   17
 -0.01679944   0.00000000     0.00000000   0.00000000     0.03411916   0.00000000
 -0.00000000   0.00000000    -0.00047549   0.00000000    -0.00000000   0.00000000
  0.03095939   0.00000000     0.00000000   0.00000000    -0.05305851   0.00000000
    5   18
 -0.01619972   0.00000000    -0.03397073   0.00000000    -0.01016638   0.00000000
 -0.04008284   0.00000000    -0.05269128   0.00000000    -0.02314944   0.00000000
 -0.01006481   0.00000000    -0.01994137   0.00000000    -0.00387742   0.00000000
    5   19
 -0.00130365   0.00000000     0.00112968   0.00000000    -0.00195133   0.00000000
  0.00187075   0.00000000    -0.00029527   0.00000000     0.00069119   0.00000000
 -0.00176829   0.00000000     0.00012665   0.00000000     0.00064901   0.00000000
    5   20
 -0.00242358   0.00000000     0.00058665   0.00000000    -0.00039186   0.00000000
 -0.00258681   0.00000000     0.00059009   0.00000000     0.00183736   0.00000000
  0.00095978   0.00000000     0.00039304   0.00000000     0.00166771   0.00000000
    5   21
 -0.00080950   0.00000000    -0.00032682   0.00000000    -0.00146992   0.00000000
 -0.00113324   0.00000000     0.00175555   0.00000000     0.00309874   0.00000000
 -0.00236793   0.00000000     0.00000410   0.00000000    -0.00292999   0.00000000
    5   22
  0.00020784   0.00000000     0.00000000   0.00000000     0.00210887   0.00000000
 -0.00000000   0.00000000    -0.00079975   0.00000000     0.00000000   0.00000000
  0.00246526   0.00000000    -0.00000000   0.00000000    -0.00241448   0.00000000
    5   23
 -0.00242358   0.00000000    -0.00058665   0.00000000    -0.00039186   0.00000000
  0.00258681   0.00000000     0.00059009   0.00000000    -0.00183736   0.00000000
  0.00095978   0.00000000    -0.00039304   0.00000000     0.00166771   0.00000000
    5   24
 -0.00080950   0.00000000     0.00032682   0.00000000    -0.00146992   0.00000000
  0.00113324   0.00000000     0.00175555   0.00000000    -0.00309874   0.00000000
 -0.00236793   0.00000000    -0.00000410   0.00000000    -0.00292999   0.00000000
    5   25
 -0.01619972   0.00000000     0.03397073   0.00000000    -0.01016638   0.00000000
  0.04008284   0.00000000    -0.05269128   0.00000000     0.02314944   0.00000000
 -0.01006481   0.00000000     0.01994137   0.00000000    -0.00387742   0.00000000
    5   26
 -0.00130365   0.00000000    -0.00112968   0.00000000    -0.00195133   0.00000000
 -0.00187075   0.00000000    -0.00029527   0.00000000    -0.00069119   0.00000000
 -0.00176829   0.00000000    -0.00012665   0.00000000     0.00064901   0.00000000
    5   27
 -0.00120924   0.00000000     0.00000000   0.00000000     0.00039874   0.00000000
 -0.00000000   0.00000000    -0.00058806   0.00000000     0.00000000   0.00000000
  0.00024469   0.00000000    -0.00000000   0.00000000    -0.00141792   0.00000000
    5   28
  0.00040698   0.00000000    -0.00158760   0.00000000    -0.00135153   0.00000000
 -0.00048059   0.00000000     0.00157834   0.00000000     0.00342084   0.00000000
 -0.00237032   0.00000000    -0.00085792   0.00000000    -0.00169243   0.00000000
    5   29
 -0.00356864   0.00000000    -0.00046918   0.00000000    -0.00022027   0.00000000
 -0.00195734   0.00000000     0.00030929   0.00000000     0.00316698   0.00000000
  0.00076237   0.00000000    -0.00016778   0.00000000     0.00047925   0.00000000
    5   30
 -0.00208162   0.00000000     0.00049654   0.00000000    -0.00221582   0.00000000
  0.00084997   0.00000000    -0.00015477   0.00000000     0.00050686   0.00000000
 -0.00190953   0.00000000    -0.00038881   0.00000000     0.00051451   0.00000000
    5   31
 -0.01432817   0.00000000    -0.03085030   0.00000000    -0.00884095   0.00000000
 -0.03950535   0.00000000    -0.04911710   0.00000000    -0.02317127   0.00000000
 -0.00911886   0.00000000    -0.01828816   0.00000000    -0.00440673   0.00000000
    5   32
 -0.01638846   0.00000000     0.00000000   0.00000000     0.03190879   0.00000000
 -0.00000000   0.00000000     0.00001209   0.00000000    -0.00000000   0.00000000
  0.03484124   0.00000000     0.00000000   0.00000000    -0.05543092   0.00000000
    5   33
 -0.00208162   0.00000000    -0.00049654   0.00000000    -0.00221582   0.00000000
 -0.00084997   0.00000000    -0.00015477   0.00000000    -0.00050686   0.00000000
 -0.00190953   0.00000000     0.00038881   0.00000000     0.00051451   0.00000000
    5   34
 -0.01432817   0.00000000     0.03085030   0.00000000    -0.00884095   0.00000000
  0.03950535   0.00000000    -0.04911710   0.00000000     0.02317127   0.00000000
 -0.00911886   0.00000000     0.01828816   0.00000000    -0.00440673   0.00000000
    5   35
  0.00040698   0.00000000     0.00158760   0.00000000    -0.00135153   0.00000000
  0.00048059   0.00000000     0.00157834   0.00000000    -0.00342084   0.00000000
 -0.00237032   0.00000000     0.00085792   0.00000000    -0.00169243   0.00000000
    5   36
 -0.00356864   0.00000000     0.00046918   0.00000000    -0.00022027   0.00000000
  0.00195734   0.00000000     0.00030929   0.00000000    -0.00316698   0.00000000
  0.00076237   0.00000000     0.00016778   0.00000000     0.00047925   0.00000000
    6    1
  0.00135748   0.00000000    -0.00161476   0.00000000    -0.00042072   0.00000000
 -0.00191771   0.00000000     0.00200080   0.00000000     0.00020777   0.00000000
 -0.00025876   0.00000000     0.00044493   0.00000000     0.00050964   0.00000000
    6    2
  0.00135748   0.00000000     0.00161476   0.00000000    -0.00042072   0.00000000
  0.00191771   0.00000000     0.00200080   0.00000000    -0.00020777   0.00000000
 -0.00025876   0.00000000    -0.00044493   0.00000000     0.00050964   0.00000000
    6    3
  0.00121660   0.00000000     0.00086996   0.00000000     0.00002140   0.00000000
  0.00178991   0.00000000     0.00207557   0.00000000    -0.00008182   0.00000000
 -0.00019588   0.00000000    -0.00017382   0.00000000     0.00050103   0.00000000
    6    4
  0.00121660   0.00000000    -0.00086996   0.00000000     0.00002140   0.00000000
 -0.00178991   0.00000000     0.00207557   0.00000000     0.00008182   0.00000000
 -0.00019588   0.00000000     0.00017382   0.00000000     0.00050103   0.00000000
    6    5
 -0.01385665   0.00000000     0.00000000   0.00000000    -0.00736034   0.00000000
 -0.00000000   0.00000000    -0.00297512   0.00000000     0.00000000   0.00000000
  0.00736034   0.00000000    -0.00000000   0.00000000    -0.00496862   0.00000000
    6    6
  0.14938942   0.00000000    -0.00000000   0.00000000     0.03204629   0.00000000
 -0.00000000   0.00000000     0.25755351   0.00000000     0.00000000   0.00000000
  0.03204629   0.00000000     0.00000000   0.00000000     0.18679309   0.00000000
    6    7
 -0.00339338   0.00000000     0.00000000   0.00000000     0.00336849   0.00000000
  0.00000000   0.00000000    -0.01955958   0.00000000    -0.00000000   0.00000000
 -0.01983217   0.00000000     0.00000000   0.00000000    -0.00541519   0.00000000
    6    8
 -0.00319714   0.00000000     0.00000000   0.00000000     0.00017252   0.00000000
  0.00000000   0.00000000    -0.00104726   0.00000000    -0.00000000   0.00000000
  0.00429963   0.00000000     0.00000000   0.00000000    -0.01285207   0.00000000
    6    9
 -0.01992894   0.00000000     0.00000000   0.00000000    -0.00606260   0.00000000
  0.00000000   0.00000000     0.01674134   0.00000000     0.00000000   0.00000000
 -0.00324532   0.00000000    -0.00000000   0.00000000     0.01110281   0.00000000
    6   10
 -0.01237865   0.00000000     0.00000000   0.00000000    -0.00157123   0.00000000
 -0.00000000   0.00000000    -0.00314708   0.00000000     0.00000000   0.00000000
 -0.00592191   0.00000000    -0.00000000   0.00000000    -0.00332329   0.00000000
    6   11
  0.00245892   0.00000000     0.00000000   0.00000000    -0.01593999   0.00000000
  0.00000000   0.00000000    -0.02231191   0.00000000     0.00000000   0.00000000
  0.00573047   0.00000000     0.00000000   0.00000000    -0.01189167   0.00000000
    6   12
  0.02254196   0.00000000    -0.00000000   0.00000000    -0.00299701   0.00000000
 -0.00000000   0.00000000     0.00338536   0.00000000     0.00000000   0.00000000
 -0.00299701   0.00000000     0.00000000   0.00000000     0.01786049   0.00000000
    6   13
 -0.00643024   0.00000000     0.00000000   0.00000000     0.00876034   0.00000000
  0.00000000   0.00000000    -0.00365578   0.00000000     0.00000000   0.00000000
 -0.00363724   0.00000000     0.00000000   0.00000000    -0.00896090   0.00000000
    6   14
 -0.00244792   0.00000000    -0.00000000   0.00000000    -0.00613993   0.00000000
 -0.00000000   0.00000000    -0.02572368   0.00000000    -0.00000000   0.00000000
  0.00613993   0.00000000     0.00000000   0.00000000    -0.01506175   0.00000000
    6   15
  0.01031330   0.00000000     0.00000000   0.00000000     0.01112908   0.00000000
  0.00000000   0.00000000     0.01658700   0.00000000     0.00000000   0.00000000
  0.00828602   0.00000000    -0.00000000   0.00000000    -0.01462533   0.00000000
    6   16
 -0.01341371   0.00000000    -0.00000000   0.00000000     0.00071247   0.00000000
 -0.00000000   0.00000000    -0.02609801   0.00000000     0.00000000   0.00000000
 -0.01056435   0.00000000     0.00000000   0.00000000    -0.00916488   0.00000000
    6   17
 -0.01679944   0.00000000     0.00000000   0.00000000    -0.03411916   0.00000000
  0.00000000   0.00000000    -0.00047549   0.00000000     0.00000000   0.00000000
 -0.03095939   0.00000000     0.00000000   0.00000000    -0.05305851   0.00000000
    6   18
 -0.00130365   0.00000000     0.00112968   0.00000000     0.00195133   0.00000000
  0.00187075   0.00000000    -0.00029527   0.00000000    -0.00069119   0.00000000
  0.00176829   0.00000000    -0.00012665   0.00000000     0.00064901   0.00000000
    6   19
 -0.01619972   0.00000000    -0.03397073   0.00000000     0.01016638   0.00000000
 -0.04008284   0.00000000    -0.05269128   0.00000000     0.02314944   0.00000000
  0.01006481   0.00000000     0.01994137   0.00000000    -0.00387742   0.00000000
    6   20
 -0.00080950   0.00000000    -0.00032682   0.00000000     0.00146992   0.00000000
 -0.00113324   0.00000000     0.00175555   0.00000000    -0.00309874   0.00000000
  0.00236793   0.00000000    -0.00000410   0.00000000    -0.00292999   0.00000000
    6   21
 -0.00242358   0.00000000     0.00058665   0.00000000     0.00039186   0.00000000
 -0.00258681   0.00000000     0.00059009   0.00000000    -0.00183736   0.00000000
 -0.00095978   0.00000000    -0.00039304   0.00000000     0.00166771   0.00000000
    6   22
  0.00020784   0.00000000    -0.00000000   0.00000000    -0.00210887   0.00000000
  0.00000000   0.00000000    -0.00079975   0.00000000    -0.00000000   0.00000000
 -0.00246526   0.00000000     0.00000000   0.00000000    -0.00241448   0.00000000
    6   23
 -0.00080950   0.00000000     0.00032682   0.00000000     0.00146992   0.00000000
  0.00113324   0.00000000     0.00175555   0.00000000     0.00309874   0.00000000
  0.00236793   0.00000000     0.00000410   0.00000000    -0.00292999   0.00000000
    6   24
 -0.00242358   0.00000000    -0.00058665   0.00000000     0.00039186   0.00000000
  0.00258681   0.00000000     0.00059009   0.00000000     0.00183736   0.00000000
 -0.00095978   0.00000000     0.00039304   0.00000000     0.00166771   0.00000000
    6   25
 -0.00130365   0.00000000    -0.00112968   0.00000000     0.00195133   0.00000000
 -0.00187075   0.00000000    -0.00029527   0.00000000     0.00069119   0.00000000
  0.00176829   0.00000000     0.00012665   0.00000000     0.00064901   0.00000000
    6   26
 -0.01619972   0.00000000     0.03397073   0.00000000     0.01016638   0.00000000
  0.04008284   0.00000000    -0.05269128   0.00000000    -0.02314944   0.00000000
  0.01006481   0.00000000    -0.01994137   0.00000000    -0.00387742   0.00000000
    6   27
 -0.01638846   0.00000000     0.00000000   0.00000000    -0.03190879   0.00000000
  0.00000000   0.00000000     0.00001209   0.00000000     0.00000000   0.00000000
 -0.03484124   0.00000000     0.00000000   0.00000000    -0.05543092   0.00000000
    6   28
 -0.01432817   0.00000000     0.03085030   0.00000000     0.00884095   0.00000000
  0.03950535   0.00000000    -0.04911710   0.00000000    -0.02317127   0.00000000
  0.00911886   0.00000000    -0.01828816   0.00000000    -0.00440673   0.00000000
    6   29
 -0.00208162   0.00000000    -0.00049654   0.00000000     0.00221582   0.00000000
 -0.00084997   0.00000000    -0.00015477   0.00000000     0.00050686   0.00000000
  0.00190953   0.00000000    -0.00038881   0.00000000     0.00051451   0.00000000
    6   30
 -0.00356864   0.00000000     0.00046918   0.00000000     0.00022027   0.00000000
  0.00195734   0.00000000     0.00030929   0.00000000     0.00316698   0.00000000
 -0.00076237   0.00000000    -0.00016778   0.00000000     0.00047925   0.00000000
    6   31
  0.00040698   0.00000000     0.00158760   0.00000000     0.00135153   0.00000000
  0.00048059   0.00000000     0.00157834   0.00000000     0.00342084   0.00000000
  0.00237032   0.00000000    -0.00085792   0.00000000    -0.00169243   0.00000000
    6   32
 -0.00120924   0.00000000    -0.00000000   0.00000000    -0.00039874   0.00000000
 -0.00000000   0.00000000    -0.00058806   0.00000000     0.00000000   0.00000000
 -0.00024469   0.00000000     0.00000000   0.00000000    -0.00141792   0.00000000
    6   33
 -0.00356864   0.00000000    -0.00046918   0.00000000     0.00022027   0.00000000
 -0.00195734   0.00000000     0.00030929   0.00000000    -0.00316698   0.00000000
 -0.00076237   0.00000000     0.00016778   0.00000000     0.00047925   0.00000000
    6   34
  0.00040698   0.00000000    -0.00158760   0.00000000     0.00135153   0.00000000
 -0.00048059   0.00000000     0.00157834   0.00000000    -0.00342084   0.00000000
  0.00237032   0.00000000     0.00085792   0.00000000    -0.00169243   0.00000000
    6   35
 -0.01432817   0.00000000    -0.03085030   0.00000000     0.00884095   0.00000000
 -0.03950535   0.00000000    -0.04911710   0.00000000     0.02317127   0.00000000
  0.00911886   0.00000000     0.01828816   0.00000000    -0.00440673   0.00000000
    6   36
 -0.00208162   0.00000000     0.00049654   0.00000000     0.00221582   0.00000000
  0.00084997   0.00000000    -0.00015477   0.00000000    -0.00050686   0.00000000
  0.00190953   0.00000000     0.00038881   0.00000000     0.00051451   0.00000000
    7    1
  0.00172490   0.00000000    -0.00061222   0.00000000    -0.00000000   0.00000000
 -0.00172746   0.00000000     0.00330703   0.00000000     0.00000000   0.00000000
  0.00000000   0.00000000    -0.00000000   0.00000000     0.00031940   0.00000000
    7    2
  0.00172490   0.00000000     0.00061222   0.00000000     0.00000000   0.00000000
  0.00172746   0.00000000     0.00330703   0.00000000     0.00000000   0.00000000
  0.00000000   0.00000000     0.00000000   0.00000000     0.00031940   0.00000000
    7    3
  0.00013149   0.00000000     0.00000000   0.00000000    -0.00000000   0.00000000
  0.00000000   0.00000000     0.00035895   0.00000000     0.00307290   0.00000000
 -0.00000000   0.00000000     0.00159969   0.00000000     0.00091231   0.00000000
    7    4
  0.00013149   0.00000000    -0.00000000   0.00000000    -0.00000000   0.00000000
 -0.00000000   0.00000000     0.00035895   0.00000000    -0.00307290   0.00000000
  0.00000000   0.00000000    -0.00159969   0.00000000     0.00091231   0.00000000
    7    5
 -0.00339338   0.00000000    -0.00000000   0.00000000     0.01983217   0.00000000
 -0.00000000   0.00000000    -0.01955958   0.00000000     0.00000000   0.00000000
 -0.00336849   0.00000000     0.00000000   0.00000000    -0.00541519   0.00000000
    7    6
 -0.00339338   0.00000000     0.00000000   0.00000000    -0.01983217   0.00000000
  0.00000000   0.00000000    -0.01955958   0.00000000     0.00000000   0.00000000
  0.00336849   0.00000000    -0.00000000   0.00000000    -0.00541519   0.00000000
    7    7
  0.19779098   0.00000000     0.00000000   0.00000000     0.00000000   0.00000000
  0.00000000   0.00000000     0.27770085   0.00000000     0.00000000   0.00000000
  0.00000000   0.00000000     0.00000000   0.00000000     0.14188606   0.00000000
    7    8
 -0.00897239   0.00000000    -0.00000000   0.00000000     0.00506066   0.00000000
  0.00000000   0.00000000    -0.00381969   0.00000000    -0.00000000   0.00000000
  0.00765495   0.00000000     0.00000000   0.00000000    -0.00191910   0.00000000
    7    9
 -0.00897239   0.00000000     0.00000000   0.00000000    -0.00506066   0.00000000
  0.00000000   0.00000000    -0.00381969   0.00000000     0.00000000   0.00000000
 -0.00765495   0.00000000     0.00000000   0.00000000    -0.00191910   0.00000000
    7   10
  0.02100836   0.00000000     0.00000000   0.00000000     0.00000000   0.00000000
  0.00000000   0.00000000     0.00104198   0.00000000     0.00000000   0.00000000
  0.00000000   0.00000000     0.00000000   0.00000000     0.00719549   0.00000000
    7   11
 -0.01272639   0.00000000    -0.00000000   0.00000000     0.01524875   0.00000000
 -0.00000000   0.00000000    -0.02750967   0.00000000     0.00000000   0.00000000
 -0.00076107   0.00000000     0.00000000   0.00000000    -0.00478967   0.00000000
    7   12
 -0.01237865   0.00000000     0.00000000   0.00000000    -0.00592191   0.00000000
 -0.00000000   0.00000000    -0.00314708   0.00000000    -0.00000000   0.00000000
 -0.00157123   0.00000000    -0.00000000   0.00000000    -0.00332329   0.00000000
    7   13
 -0.00123697   0.00000000    -0.00000000   0.00000000    -0.01700537   0.00000000
 -0.00000000   0.00000000     0.01728765   0.00000000     0.00000000   0.00000000
 -0.01462359   0.00000000     0.00000000   0.00000000    -0.00618954   0.00000000
    7   14
 -0.01237865   0.00000000     0.00000000   0.00000000     0.00592191   0.00000000
  0.00000000   0.00000000    -0.00314708   0.00000000    -0.00000000   0.00000000
  0.00157123   0.00000000    -0.00000000   0.00000000    -0.00332329   0.00000000
    7   15
 -0.01272639   0.00000000     0.00000000   0.00000000    -0.01524875   0.00000000
  0.00000000   0.00000000    -0.02750967   0.00000000    -0.00000000   0.00000000
  0.00076107   0.00000000    -0.00000000   0.00000000    -0.00478967   0.00000000
    7   16
 -0.00123697   0.00000000     0.00000000   0.00000000     0.01700537   0.00000000
 -0.00000000   0.00000000     0.01728765   0.00000000    -0.00000000   0.00000000
  0.01462359   0.00000000    -0.00000000   0.00000000    -0.00618954   0.00000000
    7   17
 -0.06469675   0.00000000     0.00000000   0.00000000     0.00000000   0.00000000
  0.00000000   0.00000000    -0.00262273   0.00000000     0.00000000   0.00000000
 -0.00000000   0.00000000    -0.00000000   0.00000000    -0.00009019   0.00000000
    7   18
  0.00027476   0.00000000     0.00034823   0.00000000    -0.00242204   0.00000000
 -0.00290361   0.00000000     0.00128006   0.00000000    -0.00020017   0.00000000
  0.00101554   0.00000000     0.00083683   0.00000000    -0.00165498   0.00000000
    7   19
  0.00027476   0.00000000     0.00034823   0.00000000     0.00242204   0.00000000
 -0.00290361   0.00000000     0.00128006   0.00000000     0.00020017   0.00000000
 -0.00101554   0.00000000    -0.00083683   0.00000000    -0.00165498   0.00000000
    7   20
 -0.00065085   0.00000000    -0.00052489   0.00000000     0.00216170   0.00000000
 -0.00134627   0.00000000     0.00195962   0.00000000     0.00121950   0.00000000
 -0.00097921   0.00000000     0.00043157   0.00000000    -0.00153535   0.00000000
    7   21
 -0.00065085   0.00000000    -0.00052489   0.00000000    -0.00216170   0.00000000
 -0.00134627   0.00000000     0.00195962   0.00000000    -0.00121950   0.00000000
  0.00097921   0.00000000    -0.00043157   0.00000000    -0.00153535   0.00000000
    7   22
 -0.08160278   0.00000000     0.00000000   0.00000000    -0.00000000   0.00000000
  0.00000000   0.00000000    -0.00030437   0.00000000    -0.00000000   0.00000000
 -0.00000000   0.00000000    -0.00000000   0.00000000     0.00361739   0.00000000
    7   23
 -0.00065085   0.00000000     0.00052489   0.00000000     0.00216170   0.00000000
  0.00134627   0.00000000     0.00195962   0.00000000    -0.00121950   0.00000000
 -0.00097921   0.00000000    -0.00043157   0.00000000    -0.00153535   0.00000000
    7   24
 -0.00065085   0.00000000     0.00052489   0.00000000    -0.00216170   0.00000000
  0.00134627   0.00000000     0.00195962   0.00000000     0.00121950   0.00000000
  0.00097921   0.00000000     0.00043157   0.00000000    -0.00153535   0.00000000
    7   25
  0.00027476   0.00000000    -0.00034823   0.00000000    -0.00242204   0.00000000
  0.00290361   0.00000000     0.00128006   0.00000000     0.00020017   0.00000000
  0.00101554   0.00000000    -0.00083683   0.00000000    -0.00165498   0.00000000
    7   26
  0.00027476   0.00000000    -0.00034823   0.00000000     0.00242204   0.00000000
  0.00290361   0.00000000     0.00128006   0.00000000    -0.00020017   0.00000000
 -0.00101554   0.00000000     0.00083683   0.00000000    -0.00165498   0.00000000
    7   27
 -0.00312837   0.00000000    -0.00000000   0.00000000     0.00019425   0.00000000
  0.00000000   0.00000000    -0.00188622   0.00000000     0.00000000   0.00000000
  0.00124659   0.00000000    -0.00000000   0.00000000     0.00104457   0.00000000
    7   28
  0.00096791   0.00000000    -0.00114570   0.00000000     0.00201119   0.00000000
 -0.00069105   0.00000000    -0.05358502   0.00000000     0.04951423   0.00000000
  0.00160378   0.00000000     0.04136247   0.00000000    -0.02370179   0.00000000
    7   29
  0.00127311   0.00000000    -0.00051118   0.00000000    -0.00075550   0.00000000
  0.00033318   0.00000000    -0.00112430   0.00000000    -0.00180223   0.00000000
 -0.00004607   0.00000000    -0.00015744   0.00000000    -0.00157982   0.00000000
    7   30
  0.00127311   0.00000000     0.00051118   0.00000000     0.00075550   0.00000000
 -0.00033318   0.00000000    -0.00112430   0.00000000    -0.00180223   0.00000000
  0.00004607   0.00000000    -0.00015744   0.00000000    -0.00157982   0.00000000
    7   31
  0.00096791   0.00000000     0.00114570   0.00000000    -0.00201119   0.00000000
  0.00069105   0.00000000    -0.05358502   0.00000000     0.04951423   0.00000000
 -0.00160378   0.00000000     0.04136247   0.00000000    -0.02370179   0.00000000
    7   32
 -0.00312837   0.00000000    -0.00000000   0.00000000    -0.00019425   0.00000000
  0.00000000   0.00000000    -0.00188622   0.00000000    -0.00000000   0.00000000
 -0.00124659   0.00000000     0.00000000   0.00000000     0.00104457   0.00000000
    7   33
  0.00127311   0.00000000    -0.00051118   0.00000000     0.00075550   0.00000000
  0.00033318   0.00000000    -0.00112430   0.00000000     0.00180223   0.00000000
  0.00004607   0.00000000     0.00015744   0.00000000    -0.00157982   0.00000000
    7   34
  0.00096791   0.00000000    -0.00114570   0.00000000    -0.00201119   0.00000000
 -0.00069105   0.00000000    -0.05358502   0.00000000    -0.04951423   0.00000000
 -0.00160378   0.00000000    -0.04136247   0.00000000    -0.02370179   0.00000000
    7   35
  0.00096791   0.00000000     0.00114570   0.00000000     0.00201119   0.00000000
  0.00069105   0.00000000    -0.05358502   0.00000000    -0.04951423   0.00000000
  0.00160378   0.00000000    -0.04136247   0.00000000    -0.02370179   0.00000000
    7   36
  0.00127311   0.00000000     0.00051118   0.00000000    -0.00075550   0.00000000
 -0.00033318   0.00000000    -0.00112430   0.00000000     0.00180223   0.00000000
 -0.00004607   0.00000000     0.00015744   0.00000000    -0.00157982   0.00000000
    8    1
  0.00108171   0.00000000     0.00054184   0.00000000     0.00032571   0.00000000
  0.00172901   0.00000000     0.00187743   0.00000000    -0.00003253   0.00000000
  0.00016344   0.00000000     0.00044860   0.00000000     0.00045885   0.00000000
    8    2
  0.00108171   0.00000000    -0.00054184   0.00000000     0.00032571   0.00000000
 -0.00172901   0.00000000     0.00187743   0.00000000     0.00003253   0.00000000
  0.00016344   0.00000000    -0.00044860   0.00000000     0.00045885   0.00000000
    8    3
  0.00126519   0.00000000     0.00096930   0.00000000    -0.00016879   0.00000000
  0.00178802   0.00000000     0.00179061   0.00000000    -0.00003607   0.00000000
  0.00001343   0.00000000    -0.00001222   0.00000000     0.00051890   0.00000000
    8    4
  0.00126519   0.00000000    -0.00096930   0.00000000    -0.00016879   0.00000000
 -0.00178802   0.00000000     0.00179061   0.00000000     0.00003607   0.00000000
  0.00001343   0.00000000     0.00001222   0.00000000     0.00051890   0.00000000
    8    5
 -0.01992894   0.00000000    -0.00000000   0.00000000     0.00324532   0.00000000
  0.00000000   0.00000000     0.01674134   0.00000000     0.00000000   0.00000000
  0.00606260   0.00000000     0.00000000   0.00000000     0.01110281   0.00000000
    8    6
 -0.00319714   0.00000000     0.00000000   0.00000000     0.00429963   0.00000000
  0.00000000   0.00000000    -0.00104726   0.00000000     0.00000000   0.00000000
  0.00017252   0.00000000    -0.00000000   0.00000000    -0.01285207   0.00000000
    8    7
 -0.00897239   0.00000000     0.00000000   0.00000000     0.00765495   0.00000000
 -0.00000000   0.00000000    -0.00381969   0.00000000     0.00000000   0.00000000
  0.00506066   0.00000000    -0.00000000   0.00000000    -0.00191910   0.00000000
    8    8
  0.15236409   0.00000000    -0.00000000   0.00000000    -0.02284739   0.00000000
 -0.00000000   0.00000000     0.28143833   0.00000000     0.00000000   0.00000000
 -0.02284739   0.00000000     0.00000000   0.00000000     0.18088163   0.00000000
    8    9
  0.00122686   0.00000000     0.00000000   0.00000000    -0.00117650   0.00000000
  0.00000000   0.00000000    -0.00240133   0.00000000     0.00000000   0.00000000
  0.00117650   0.00000000    -0.00000000   0.00000000    -0.01336089   0.00000000
    8   10
 -0.01272639   0.00000000     0.00000000   0.00000000    -0.00076107   0.00000000
  0.00000000   0.00000000    -0.02750967   0.00000000    -0.00000000   0.00000000
  0.01524875   0.00000000     0.00000000   0.00000000    -0.00478967   0.00000000
    8   11
  0.01086394   0.00000000    -0.00000000   0.00000000    -0.00682347   0.00000000
  0.00000000   0.00000000     0.00106278   0.00000000    -0.00000000   0.00000000
 -0.00682347   0.00000000    -0.00000000   0.00000000     0.01771510   0.00000000
    8   12
  0.00245892   0.00000000     0.00000000   0.00000000     0.00573047   0.00000000
 -0.00000000   0.00000000    -0.02231191   0.00000000     0.00000000   0.00000000
 -0.01593999   0.00000000     0.00000000   0.00000000    -0.01189167   0.00000000
    8   13
 -0.00853256   0.00000000    -0.00000000   0.00000000     0.00553210   0.00000000
  0.00000000   0.00000000    -0.00244568   0.00000000    -0.00000000   0.00000000
  0.00717813   0.00000000     0.00000000   0.00000000    -0.00558762   0.00000000
    8   14
  0.01031330   0.00000000    -0.00000000   0.00000000    -0.00828602   0.00000000
  0.00000000   0.00000000     0.01658700   0.00000000     0.00000000   0.00000000
 -0.01112908   0.00000000     0.00000000   0.00000000    -0.01462533   0.00000000
    8   15
  0.00098782   0.00000000    -0.00000000   0.00000000     0.00848430   0.00000000
  0.00000000   0.00000000    -0.02734995   0.00000000     0.00000000   0.00000000
 -0.00848430   0.00000000    -0.00000000   0.00000000    -0.01559418   0.00000000
    8   16
 -0.01243776   0.00000000    -0.00000000   0.00000000    -0.00871925   0.00000000
 -0.00000000   0.00000000    -0.02054763   0.00000000     0.00000000   0.00000000
  0.01528053   0.00000000     0.00000000   0.00000000     0.00215605   0.00000000
    8   17
 -0.00054216   0.00000000     0.00000000   0.00000000     0.00290979   0.00000000
  0.00000000   0.00000000    -0.00148185   0.00000000    -0.00000000   0.00000000
  0.00212477   0.00000000     0.00000000   0.00000000    -0.00155303   0.00000000
    8   18
 -0.00152522   0.00000000    -0.00066546   0.00000000    -0.00224265   0.00000000
  0.00138290   0.00000000    -0.00020664   0.00000000    -0.00222219   0.00000000
  0.00126538   0.00000000    -0.00003780   0.00000000     0.00043696   0.00000000
    8   19
 -0.00073043   0.00000000     0.00087335   0.00000000     0.00030148   0.00000000
  0.00121447   0.00000000     0.00082473   0.00000000    -0.00214589   0.00000000
 -0.00297367   0.00000000     0.00080615   0.00000000    -0.00072877   0.00000000
    8   20
 -0.01645358   0.00000000     0.03531174   0.00000000    -0.01143516   0.00000000
  0.04306285   0.00000000    -0.05363305   0.00000000     0.02568109   0.00000000
 -0.01169081   0.00000000     0.02135172   0.00000000    -0.00643443   0.00000000
    8   21
 -0.00105594   0.00000000    -0.00044820   0.00000000    -0.00204849   0.00000000
 -0.00099169   0.00000000    -0.00002968   0.00000000    -0.00065019   0.00000000
 -0.00084037   0.00000000     0.00020563   0.00000000     0.00093178   0.00000000
    8   22
 -0.01789482   0.00000000     0.00000000   0.00000000     0.03616147   0.00000000
  0.00000000   0.00000000    -0.00064001   0.00000000    -0.00000000   0.00000000
  0.03599194   0.00000000     0.00000000   0.00000000    -0.05939404   0.00000000
    8   23
 -0.01645358   0.00000000    -0.03531174   0.00000000    -0.01143516   0.00000000
 -0.04306285   0.00000000    -0.05363305   0.00000000    -0.02568109   0.00000000
 -0.01169081   0.00000000    -0.02135172   0.00000000    -0.00643443   0.00000000
    8   24
 -0.00105594   0.00000000     0.00044820   0.00000000    -0.00204849   0.00000000
  0.00099169   0.00000000    -0.00002968   0.00000000     0.00065019   0.00000000
 -0.00084037   0.00000000    -0.00020563   0.00000000     0.00093178   0.00000000
    8   25
 -0.00152522   0.00000000     0.00066546   0.00000000    -0.00224265   0.00000000
 -0.00138290   0.00000000    -0.00020664   0.00000000     0.00222219   0.00000000
  0.00126538   0.00000000     0.00003780   0.00000000     0.00043696   0.00000000
    8   26
 -0.00073043   0.00000000    -0.00087335   0.00000000     0.00030148   0.00000000
 -0.00121447   0.00000000     0.00082473   0.00000000     0.00214589   0.00000000
 -0.00297367   0.00000000    -0.00080615   0.00000000    -0.00072877   0.00000000
    8   27
 -0.01663761   0.00000000    -0.00000000   0.00000000     0.02845512   0.00000000
 -0.00000000   0.00000000    -0.00278355   0.00000000     0.00000000   0.00000000
  0.02795802   0.00000000    -0.00000000   0.00000000    -0.04889640   0.00000000
    8   28
 -0.00061294   0.00000000    -0.00021181   0.00000000    -0.00137080   0.00000000
 -0.00109665   0.00000000     0.00004110   0.00000000    -0.00031304   0.00000000
 -0.00180621   0.00000000     0.00022854   0.00000000     0.00052264   0.00000000
    8   29
 -0.01866256   0.00000000     0.03595821   0.00000000    -0.00984162   0.00000000
  0.04287826   0.00000000    -0.05330497   0.00000000     0.02412467   0.00000000
 -0.01004736   0.00000000     0.02021587   0.00000000    -0.00346948   0.00000000
    8   30
 -0.00135952   0.00000000     0.00034122   0.00000000     0.00042416   0.00000000
 -0.00003565   0.00000000     0.00158096   0.00000000    -0.00173627   0.00000000
 -0.00230378   0.00000000    -0.00018426   0.00000000    -0.00130611   0.00000000
    8   31
 -0.00111079   0.00000000     0.00017394   0.00000000    -0.00163510   0.00000000
  0.00119741   0.00000000     0.00039325   0.00000000    -0.00081560   0.00000000
  0.00143665   0.00000000    -0.00036232   0.00000000    -0.00021576   0.00000000
    8   32
  0.00098299   0.00000000     0.00000000   0.00000000     0.00152304   0.00000000
 -0.00000000   0.00000000    -0.00215838   0.00000000     0.00000000   0.00000000
  0.00253644   0.00000000     0.00000000   0.00000000    -0.00282077   0.00000000
    8   33
 -0.00135952   0.00000000    -0.00034122   0.00000000     0.00042416   0.00000000
  0.00003565   0.00000000     0.00158096   0.00000000     0.00173627   0.00000000
 -0.00230378   0.00000000     0.00018426   0.00000000    -0.00130611   0.00000000
    8   34
 -0.00111079   0.00000000    -0.00017394   0.00000000    -0.00163510   0.00000000
 -0.00119741   0.00000000     0.00039325   0.00000000     0.00081560   0.00000000
  0.00143665   0.00000000     0.00036232   0.00000000    -0.00021576   0.00000000
    8   35
 -0.00061294   0.00000000     0.00021181   0.00000000    -0.00137080   0.00000000
  0.00109665   0.00000000     0.00004110   0.00000000     0.00031304   0.00000000
 -0.00180621   0.00000000    -0.00022854   0.00000000     0.00052264   0.00000000
    8   36
 -0.01866256   0.00000000    -0.03595821   0.00000000    -0.00984162   0.00000000
 -0.04287826   0.00000000    -0.05330497   0.00000000    -0.02412467   0.00000000
 -0.01004736   0.00000000    -0.02021587   0.00000000    -0.00346948   0.00000000
    9    1
  0.00108171   0.00000000     0.00054184   0.00000000    -0.00032571   0.00000000
  0.00172901   0.00000000     0.00187743   0.00000000     0.00003253   0.00000000
 -0.00016344   0.00000000    -0.00044860   0.00000000     0.00045885   0.00000000
    9    2
  0.00108171   0.00000000    -0.00054184   0.00000000    -0.00032571   0.00000000
 -0.00172901   0.00000000     0.00187743   0.00000000    -0.00003253   0.00000000
 -0.00016344   0.00000000     0.00044860   0.00000000     0.00045885   0.00000000
    9    3
  0.00126519   0.00000000    -0.00096930   0.00000000     0.00016879   0.00000000
 -0.00178802   0.00000000     0.00179061   0.00000000    -0.00003607   0.00000000
 -0.00001343   0.00000000    -0.00001222   0.00000000     0.00051890   0.00000000
    9    4
  0.00126519   0.00000000     0.00096930   0.00000000     0.00016879   0.00000000
  0.00178802   0.00000000     0.00179061   0.00000000     0.00003607   0.00000000
 -0.00001343   0.00000000     0.00001222   0.00000000     0.00051890   0.00000000
    9    5
 -0.00319714   0.00000000    -0.00000000   0.00000000    -0.00429963   0.00000000
  0.00000000   0.00000000    -0.00104726   0.00000000     0.00000000   0.00000000
 -0.00017252   0.00000000     0.00000000   0.00000000    -0.01285207   0.00000000
    9    6
 -0.01992894   0.00000000     0.00000000   0.00000000    -0.00324532   0.00000000
  0.00000000   0.00000000     0.01674134   0.00000000    -0.00000000   0.00000000
 -0.00606260   0.00000000     0.00000000   0.00000000     0.01110281   0.00000000
    9    7
 -0.00897239   0.00000000     0.00000000   0.00000000    -0.00765495   0.00000000
  0.00000000   0.00000000    -0.00381969   0.00000000     0.00000000   0.00000000
 -0.00506066   0.00000000     0.00000000   0.00000000    -0.00191910   0.00000000
    9    8
  0.00122686   0.00000000     0.00000000   0.00000000     0.00117650   0.00000000
  0.00000000   0.00000000    -0.00240133   0.00000000    -0.00000000   0.00000000
 -0.00117650   0.00000000     0.00000000   0.00000000    -0.01336089   0.00000000
    9    9
  0.15236409   0.00000000     0.00000000   0.00000000     0.02284739   0.00000000
  0.00000000   0.00000000     0.28143833   0.00000000     0.00000000   0.00000000
  0.02284739   0.00000000     0.00000000   0.00000000     0.18088163   0.00000000
    9   10
 -0.01272639   0.00000000    -0.00000000   0.00000000     0.00076107   0.00000000
  0.00000000   0.00000000    -0.02750967   0.00000000    -0.00000000   0.00000000
 -0.01524875   0.00000000     0.00000000   0.00000000    -0.00478967   0.00000000
    9   11
  0.00098782   0.00000000     0.00000000   0.00000000    -0.00848430   0.00000000
  0.00000000   0.00000000    -0.02734995   0.00000000     0.00000000   0.00000000
  0.00848430   0.00000000     0.00000000   0.00000000    -0.01559418   0.00000000
    9   12
  0.01031330   0.00000000     0.00000000   0.00000000     0.00828602   0.00000000
  0.00000000   0.00000000     0.01658700   0.00000000     0.00000000   0.00000000
  0.01112908   0.00000000     0.00000000   0.00000000    -0.01462533   0.00000000
    9   13
 -0.01243776   0.00000000     0.00000000   0.00000000     0.00871925   0.00000000
  0.00000000   0.00000000    -0.02054763   0.00000000     0.00000000   0.00000000
 -0.01528053   0.00000000     0.00000000   0.00000000     0.00215605   0.00000000
    9   14
  0.00245892   0.00000000     0.00000000   0.00000000    -0.00573047   0.00000000
 -0.00000000   0.00000000    -0.02231191   0.00000000    -0.00000000   0.00000000
  0.01593999   0.00000000     0.00000000   0.00000000    -0.01189167   0.00000000
    9   15
  0.01086394   0.00000000     0.00000000   0.00000000     0.00682347   0.00000000
  0.00000000   0.00000000     0.00106278   0.00000000    -0.00000000   0.00000000
  0.00682347   0.00000000    -0.00000000   0.00000000     0.01771510   0.00000000
    9   16
 -0.00853256   0.00000000     0.00000000   0.00000000    -0.00553210   0.00000000
  0.00000000   0.00000000    -0.00244568   0.00000000    -0.00000000   0.00000000
 -0.00717813   0.00000000     0.00000000   0.00000000    -0.00558762   0.00000000
    9   17
 -0.00054216   0.00000000     0.00000000   0.00000000    -0.00290979   0.00000000
  0.00000000   0.00000000    -0.00148185   0.00000000     0.00000000   0.00000000
 -0.00212477   0.00000000     0.00000000   0.00000000    -0.00155303   0.00000000
    9   18
 -0.00073043   0.00000000     0.00087335   0.00000000    -0.00030148   0.00000000
  0.00121447   0.00000000     0.00082473   0.00000000     0.00214589   0.00000000
  0.00297367   0.00000000    -0.00080615   0.00000000    -0.00072877   0.00000000
    9   19
 -0.00152522   0.00000000    -0.00066546   0.00000000     0.00224265   0.00000000
  0.00138290   0.00000000    -0.00020664   0.00000000     0.00222219   0.00000000
 -0.00126538   0.00000000     0.00003780   0.00000000     0.00043696   0.00000000
    9   20
 -0.00105594   0.00000000    -0.00044820   0.00000000     0.00204849   0.00000000
 -0.00099169   0.00000000    -0.00002968   0.00000000     0.00065019   0.00000000
  0.00084037   0.00000000    -0.00020563   0.00000000     0.00093178   0.00000000
    9   21
 -0.01645358   0.00000000     0.03531174   0.00000000     0.01143516   0.00000000
  0.04306285   0.00000000    -0.05363305   0.00000000    -0.02568109   0.00000000
  0.01169081   0.00000000    -0.02135172   0.00000000    -0.00643443   0.00000000
    9   22
 -0.01789482   0.00000000     0.00000000   0.00000000    -0.03616147   0.00000000
  0.00000000   0.00000000    -0.00064001   0.00000000     0.00000000   0.00000000
 -0.03599194   0.00000000     0.00000000   0.00000000    -0.05939404   0.00000000
    9   23
 -0.00105594   0.00000000     0.00044820   0.00000000     0.00204849   0.00000000
  0.00099169   0.00000000    -0.00002968   0.00000000    -0.00065019   0.00000000
  0.00084037   0.00000000     0.00020563   0.00000000     0.00093178   0.00000000
    9   24
 -0.01645358   0.00000000    -0.03531174   0.00000000     0.01143516   0.00000000
 -0.04306285   0.00000000    -0.05363305   0.00000000     0.02568109   0.00000000
  0.01169081   0.00000000     0.02135172   0.00000000    -0.00643443   0.00000000
    9   25
 -0.00073043   0.00000000    -0.00087335   0.00000000    -0.00030148   0.00000000
 -0.00121447   0.00000000     0.00082473   0.00000000    -0.00214589   0.00000000
  0.00297367   0.00000000     0.00080615   0.00000000    -0.00072877   0.00000000
    9   26
 -0.00152522   0.00000000     0.00066546   0.00000000     0.00224265   0.00000000
 -0.00138290   0.00000000    -0.00020664   0.00000000    -0.00222219   0.00000000
 -0.00126538   0.00000000    -0.00003780   0.00000000     0.00043696   0.00000000
    9   27
  0.00098299   0.00000000     0.00000000   0.00000000    -0.00152304   0.00000000
  0.00000000   0.00000000    -0.00215838   0.00000000    -0.00000000   0.00000000
 -0.00253644   0.00000000     0.00000000   0.00000000    -0.00282077   0.00000000
    9   28
 -0.00111079   0.00000000    -0.00017394   0.00000000     0.00163510   0.00000000
 -0.00119741   0.00000000     0.00039325   0.00000000    -0.00081560   0.00000000
 -0.00143665   0.00000000    -0.00036232   0.00000000    -0.00021576   0.00000000
    9   29
 -0.00135952   0.00000000    -0.00034122   0.00000000    -0.00042416   0.00000000
  0.00003565   0.00000000     0.00158096   0.00000000    -0.00173627   0.00000000
  0.00230378   0.00000000    -0.00018426   0.00000000    -0.00130611   0.00000000
    9   30
 -0.01866256   0.00000000    -0.03595821   0.00000000     0.00984162   0.00000000
 -0.04287826   0.00000000    -0.05330497   0.00000000     0.02412467   0.00000000
  0.01004736   0.00000000     0.02021587   0.00000000    -0.00346948   0.00000000
    9   31
 -0.00061294   0.00000000     0.00021181   0.00000000     0.00137080   0.00000000
  0.00109665   0.00000000     0.00004110   0.00000000    -0.00031304   0.00000000
  0.00180621   0.00000000     0.00022854   0.00000000     0.00052264   0.00000000
    9   32
 -0.01663761   0.00000000    -0.00000000   0.00000000    -0.02845512   0.00000000
  0.00000000   0.00000000    -0.00278355   0.00000000     0.00000000   0.00000000
 -0.02795802   0.00000000     0.00000000   0.00000000    -0.04889640   0.00000000
    9   33
 -0.01866256   0.00000000     0.03595821   0.00000000     0.00984162   0.00000000
  0.04287826   0.00000000    -0.05330497   0.00000000    -0.02412467   0.00000000
  0.01004736   0.00000000    -0.02021587   0.00000000    -0.00346948   0.00000000
    9   34
 -0.00061294   0.00000000    -0.00021181   0.00000000     0.00137080   0.00000000
 -0.00109665   0.00000000     0.00004110   0.00000000     0.00031304   0.00000000
  0.00180621   0.00000000    -0.00022854   0.00000000     0.00052264   0.00000000
    9   35
 -0.00111079   0.00000000     0.00017394   0.00000000     0.00163510   0.00000000
  0.00119741   0.00000000     0.00039325   0.00000000     0.00081560   0.00000000
 -0.00143665   0.00000000     0.00036232   0.00000000    -0.00021576   0.00000000
    9   36
 -0.00135952   0.00000000     0.00034122   0.00000000    -0.00042416   0.00000000
 -0.00003565   0.00000000     0.00158096   0.00000000     0.00173627   0.00000000
  0.00230378   0.00000000     0.00018426   0.00000000    -0.00130611   0.00000000
   10    1
  0.00172490   0.00000000     0.00061222   0.00000000     0.00000000   0.00000000
  0.00172746   0.00000000     0.00330703   0.00000000     0.00000000   0.00000000
  0.00000000   0.00000000     0.00000000   0.00000000     0.00031940   0.00000000
   10    2
  0.00172490   0.00000000    -0.00061222   0.00000000     0.00000000   0.00000000
 -0.00172746   0.00000000     0.00330703   0.00000000     0.00000000   0.00000000
  0.00000000   0.00000000    -0.00000000   0.00000000     0.00031940   0.00000000
   10    3
  0.00013149   0.00000000     0.00000000   0.00000000     0.00000000   0.00000000
  0.00000000   0.00000000     0.00035895   0.00000000    -0.00307290   0.00000000
  0.00000000   0.00000000    -0.00159969   0.00000000     0.00091231   0.00000000
   10    4
  0.00013149   0.00000000    -0.00000000   0.00000000     0.00000000   0.00000000
  0.00000000   0.00000000     0.00035895   0.00000000     0.00307290   0.00000000
 -0.00000000   0.00000000     0.00159969   0.00000000     0.00091231   0.00000000
   10    5
 -0.01237865   0.00000000     0.00000000   0.00000000     0.00592191   0.00000000
 -0.00000000   0.00000000    -0.00314708   0.00000000     0.00000000   0.00000000
  0.00157123   0.00000000    -0.00000000   0.00000000    -0.00332329   0.00000000
   10    6
 -0.01237865   0.00000000    -0.00000000   0.00000000    -0.00592191   0.00000000
  0.00000000   0.00000000    -0.00314708   0.00000000    -0.00000000   0.00000000
 -0.00157123   0.00000000     0.00000000   0.00000000    -0.00332329   0.00000000
   10    7
  0.02100836   0.00000000     0.00000000   0.00000000     0.00000000   0.00000000
  0.00000000   0.00000000     0.00104198   0.00000000     0.00000000   0.00000000
  0.00000000   0.00000000     0.00000000   0.00000000     0.00719549   0.00000000
   10    8
 -0.01272639   0.00000000     0.00000000   0.00000000     0.01524875   0.00000000
  0.00000000   0.00000000    -0.02750967   0.00000000     0.00000000   0.00000000
 -0.00076107   0.00000000    -0.00000000   0.00000000    -0.00478967   0.00000000
   10    9
 -0.01272639   0.00000000     0.00000000   0.00000000    -0.01524875   0.00000000
 -0.00000000   0.00000000    -0.02750967   0.00000000     0.00000000   0.00000000
  0.00076107   0.00000000    -0.00000000   0.00000000    -0.00478967   0.00000000
   10   10
  0.19779098   0.00000000     0.00000000   0.00000000     0.00000000   0.00000000
  0.00000000   0.00000000     0.27770085   0.00000000     0.00000000   0.00000000
  0.00000000   0.00000000     0.00000000   0.00000000     0.14188606   0.00000000
   10   11
 -0.00897239   0.00000000     0.00000000   0.00000000     0.00506066   0.00000000
  0.00000000   0.00000000    -0.00381969   0.00000000     0.00000000   0.00000000
  0.00765495   0.00000000    -0.00000000   0.00000000    -0.00191910   0.00000000
   10   12
 -0.00339338   0.00000000     0.00000000   0.00000000    -0.01983217   0.00000000
  0.00000000   0.00000000    -0.01955958   0.00000000    -0.00000000   0.00000000
  0.00336849   0.00000000     0.00000000   0.00000000    -0.00541519   0.00000000
   10   13
 -0.00123697   0.00000000     0.00000000   0.00000000     0.01700537   0.00000000
  0.00000000   0.00000000     0.01728765   0.00000000    -0.00000000   0.00000000
  0.01462359   0.00000000    -0.00000000   0.00000000    -0.00618954   0.00000000
   10   14
 -0.00339338   0.00000000     0.00000000   0.00000000     0.01983217   0.00000000
  0.00000000   0.00000000    -0.01955958   0.00000000    -0.00000000   0.00000000
 -0.00336849   0.00000000     0.00000000   0.00000000    -0.00541519   0.00000000
   10   15
 -0.00897239   0.00000000     0.00000000   0.00000000    -0.00506066   0.00000000
  0.00000000   0.00000000    -0.00381969   0.00000000     0.00000000   0.00000000
 -0.00765495   0.00000000     0.00000000   0.00000000    -0.00191910   0.00000000
   10   16
 -0.00123697   0.00000000     0.00000000   0.00000000    -0.01700537   0.00000000
  0.00000000   0.00000000     0.01728765   0.00000000     0.00000000   0.00000000
 -0.01462359   0.00000000     0.00000000   0.00000000    -0.00618954   0.00000000
   10   17
 -0.06469675   0.00000000     0.00000000   0.00000000     0.00000000   0.00000000
  0.00000000   0.00000000    -0.00262273   0.00000000     0.00000000   0.00000000
  0.00000000   0.00000000     0.00000000   0.00000000    -0.00009019   0.00000000
   10   18
  0.00027476   0.00000000    -0.00034823   0.00000000     0.00242204   0.00000000
  0.00290361   0.00000000     0.00128006   0.00000000    -0.00020017   0.00000000
 -0.00101554   0.00000000     0.00083683   0.00000000    -0.00165498   0.00000000
   10   19
  0.00027476   0.00000000    -0.00034823   0.00000000    -0.00242204   0.00000000
  0.00290361   0.00000000     0.00128006   0.00000000     0.00020017   0.00000000
  0.00101554   0.00000000    -0.00083683   0.00000000    -0.00165498   0.00000000
   10   20
 -0.00065085   0.00000000     0.00052489   0.00000000    -0.00216170   0.00000000
  0.00134627   0.00000000     0.00195962   0.00000000     0.00121950   0.00000000
  0.00097921   0.00000000     0.00043157   0.00000000    -0.00153535   0.00000000
   10   21
 -0.00065085   0.00000000     0.00052489   0.00000000     0.00216170   0.00000000
  0.00134627   0.00000000     0.00195962   0.00000000    -0.00121950   0.00000000
 -0.00097921   0.00000000    -0.00043157   0.00000000    -0.00153535   0.00000000
   10   22
 -0.08160278   0.00000000     0.00000000   0.00000000     0.00000000   0.00000000
  0.00000000   0.00000000    -0.00030437   0.00000000     0.00000000   0.00000000
  0.00000000   0.00000000     0.00000000   0.00000000     0.00361739   0.00000000
   10   23
 -0.00065085   0.00000000    -0.00052489   0.00000000    -0.00216170   0.00000000
 -0.00134627   0.00000000     0.00195962   0.00000000    -0.00121950   0.00000000
  0.00097921   0.00000000    -0.00043157   0.00000000    -0.00153535   0.00000000
   10   24
 -0.00065085   0.00000000    -0.00052489   0.00000000     0.00216170   0.00000000
 -0.00134627   0.00000000     0.00195962   0.00000000     0.00121950   0.00000000
 -0.00097921   0.00000000     0.00043157   0.00000000    -0.00153535   0.00000000
   10   25
  0.00027476   0.00000000     0.00034823   0.00000000     0.00242204   0.00000000
 -0.00290361   0.00000000     0.00128006   0.00000000     0.00020017   0.00000000
 -0.00101554   0.00000000    -0.00083683   0.00000000    -0.00165498   0.00000000
   10   26
  0.00027476   0.00000000     0.00034823   0.00000000    -0.00242204   0.00000000
 -0.00290361   0.00000000     0.00128006   0.00000000    -0.00020017   0.00000000
  0.00101554   0.00000000     0.00083683   0.00000000    -0.00165498   0.00000000
   10   27
 -0.00312837   0.00000000     0.00000000   0.00000000     0.00019425   0.00000000
  0.00000000   0.00000000    -0.00188622   0.00000000     0.00000000   0.00000000
  0.00124659   0.00000000     0.00000000   0.00000000     0.00104457   0.00000000
   10   28
  0.00127311   0.00000000     0.00051118   0.00000000    -0.00075550   0.00000000
 -0.00033318   0.00000000    -0.00112430   0.00000000     0.00180223   0.00000000
 -0.00004607   0.00000000     0.00015744   0.00000000    -0.00157982   0.00000000
   10   29
  0.00096791   0.00000000     0.00114570   0.00000000     0.00201119   0.00000000
  0.00069105   0.00000000    -0.05358502   0.00000000    -0.04951423   0.00000000
  0.00160378   0.00000000    -0.04136247   0.00000000    -0.02370179   0.00000000
   10   30
  0.00096791   0.00000000    -0.00114570   0.00000000    -0.00201119   0.00000000
 -0.00069105   0.00000000    -0.05358502   0.00000000    -0.04951423   0.00000000
 -0.00160378   0.00000000    -0.04136247   0.00000000    -0.02370179   0.00000000
   10   31
  0.00127311   0.00000000    -0.00051118   0.00000000     0.00075550   0.00000000
  0.00033318   0.00000000    -0.00112430   0.00000000     0.00180223   0.00000000
  0.00004607   0.00000000     0.00015744   0.00000000    -0.00157982   0.00000000
   10   32
 -0.00312837   0.00000000     0.00000000   0.00000000    -0.00019425   0.00000000
 -0.00000000   0.00000000    -0.00188622   0.00000000     0.00000000   0.00000000
 -0.00124659   0.00000000     0.00000000   0.00000000     0.00104457   0.00000000
   10   33
  0.00096791   0.00000000     0.00114570   0.00000000    -0.00201119   0.00000000
  0.00069105   0.00000000    -0.05358502   0.00000000     0.04951423   0.00000000
 -0.00160378   0.00000000     0.04136247   0.00000000    -0.02370179   0.00000000
   10   34
  0.00127311   0.00000000     0.00051118   0.00000000     0.00075550   0.00000000
 -0.00033318   0.00000000    -0.00112430   0.00000000    -0.00180223   0.00000000
  0.00004607   0.00000000    -0.00015744   0.00000000    -0.00157982   0.00000000
   10   35
  0.00127311   0.00000000    -0.00051118   0.00000000    -0.00075550   0.00000000
  0.00033318   0.00000000    -0.00112430   0.00000000    -0.00180223   0.00000000
 -0.00004607   0.00000000    -0.00015744   0.00000000    -0.00157982   0.00000000
   10   36
  0.00096791   0.00000000    -0.00114570   0.00000000     0.00201119   0.00000000
 -0.00069105   0.00000000    -0.05358502   0.00000000     0.04951423   0.00000000
  0.00160378   0.00000000     0.04136247   0.00000000    -0.02370179   0.00000000
   11    1
  0.00108171   0.00000000    -0.00054184   0.00000000     0.00032571   0.00000000
 -0.00172901   0.00000000     0.00187743   0.00000000     0.00003253   0.00000000
  0.00016344   0.00000000    -0.00044860   0.00000000     0.00045885   0.00000000
   11    2
  0.00108171   0.00000000     0.00054184   0.00000000     0.00032571   0.00000000
  0.00172901   0.00000000     0.00187743   0.00000000    -0.00003253   0.00000000
  0.00016344   0.00000000     0.00044860   0.00000000     0.00045885   0.00000000
   11    3
  0.00126519   0.00000000    -0.00096930   0.00000000    -0.00016879   0.00000000
 -0.00178802   0.00000000     0.00179061   0.00000000     0.00003607   0.00000000
  0.00001343   0.00000000     0.00001222   0.00000000     0.00051890   0.00000000
   11    4
  0.00126519   0.00000000     0.00096930   0.00000000    -0.00016879   0.00000000
  0.00178802   0.00000000     0.00179061   0.00000000    -0.00003607   0.00000000
  0.00001343   0.00000000    -0.00001222   0.00000000     0.00051890   0.00000000
   11    5
  0.01031330   0.00000000    -0.00000000   0.00000000    -0.00828602   0.00000000
 -0.00000000   0.00000000     0.01658700   0.00000000    -0.00000000   0.00000000
 -0.01112908   0.00000000    -0.00000000   0.00000000    -0.01462533   0.00000000
   11    6
  0.00245892   0.00000000     0.00000000   0.00000000     0.00573047   0.00000000
  0.00000000   0.00000000    -0.02231191   0.00000000     0.00000000   0.00000000
 -0.01593999   0.00000000     0.00000000   0.00000000    -0.01189167   0.00000000
   11    7
 -0.01272639   0.00000000    -0.00000000   0.00000000    -0.00076107   0.00000000
 -0.00000000   0.00000000    -0.02750967   0.00000000     0.00000000   0.00000000
  0.01524875   0.00000000     0.00000000   0.00000000    -0.00478967   0.00000000
   11    8
  0.01086394   0.00000000     0.00000000   0.00000000    -0.00682347   0.00000000
 -0.00000000   0.00000000     0.00106278   0.00000000    -0.00000000   0.00000000
 -0.00682347   0.00000000    -0.00000000   0.00000000     0.01771510   0.00000000
   11    9
  0.00098782   0.00000000     0.00000000   0.00000000     0.00848430   0.00000000
  0.00000000   0.00000000    -0.02734995   0.00000000     0.00000000   0.00000000
 -0.00848430   0.00000000     0.00000000   0.00000000    -0.01559418   0.00000000
   11   10
 -0.00897239   0.00000000     0.00000000   0.00000000     0.00765495   0.00000000
  0.00000000   0.00000000    -0.00381969   0.00000000    -0.00000000   0.00000000
  0.00506066   0.00000000     0.00000000   0.00000000    -0.00191910   0.00000000
   11   11
  0.15236409   0.00000000     0.00000000   0.00000000    -0.02284739   0.00000000
  0.00000000   0.00000000     0.28143833   0.00000000     0.00000000   0.00000000
 -0.02284739   0.00000000     0.00000000   0.00000000     0.18088163   0.00000000
   11   12
 -0.00319714   0.00000000     0.00000000   0.00000000     0.00429963   0.00000000
 -0.00000000   0.00000000    -0.00104726   0.00000000     0.00000000   0.00000000
  0.00017252   0.00000000     0.00000000   0.00000000    -0.01285207   0.00000000
   11   13
 -0.01243776   0.00000000     0.00000000   0.00000000    -0.00871925   0.00000000
  0.00000000   0.00000000    -0.02054763   0.00000000     0.00000000   0.00000000
  0.01528053   0.00000000     0.00000000   0.00000000     0.00215605   0.00000000
   11   14
 -0.01992894   0.00000000     0.00000000   0.00000000     0.00324532   0.00000000
 -0.00000000   0.00000000     0.01674134   0.00000000    -0.00000000   0.00000000
  0.00606260   0.00000000     0.00000000   0.00000000     0.01110281   0.00000000
   11   15
  0.00122686   0.00000000    -0.00000000   0.00000000    -0.00117650   0.00000000
  0.00000000   0.00000000    -0.00240133   0.00000000     0.00000000   0.00000000
  0.00117650   0.00000000     0.00000000   0.00000000    -0.01336089   0.00000000
   11   16
 -0.00853256   0.00000000     0.00000000   0.00000000     0.00553210   0.00000000
  0.00000000   0.00000000    -0.00244568   0.00000000     0.00000000   0.00000000
  0.00717813   0.00000000    -0.00000000   0.00000000    -0.00558762   0.00000000
   11   17
 -0.00054216   0.00000000     0.00000000   0.00000000     0.00290979   0.00000000
  0.00000000   0.00000000    -0.00148185   0.00000000     0.00000000   0.00000000
  0.00212477   0.00000000     0.00000000   0.00000000    -0.00155303   0.00000000
   11   18
 -0.00073043   0.00000000    -0.00087335   0.00000000     0.00030148   0.00000000
 -0.00121447   0.00000000     0.00082473   0.00000000     0.00214589   0.00000000
 -0.00297367   0.00000000    -0.00080615   0.00000000    -0.00072877   0.00000000
   11   19
 -0.00152522   0.00000000     0.00066546   0.00000000    -0.00224265   0.00000000
 -0.00138290   0.00000000    -0.00020664   0.00000000     0.00222219   0.00000000
  0.00126538   0.00000000     0.00003780   0.00000000     0.00043696   0.00000000
   11   20
 -0.00105594   0.00000000     0.00044820   0.00000000    -0.00204849   0.00000000
  0.00099169   0.00000000    -0.00002968   0.00000000     0.00065019   0.00000000
 -0.00084037   0.00000000    -0.00020563   0.00000000     0.00093178   0.00000000
   11   21
 -0.01645358   0.00000000    -0.03531174   0.00000000    -0.01143516   0.00000000
 -0.04306285   0.00000000    -0.05363305   0.00000000    -0.02568109   0.00000000
 -0.01169081   0.00000000    -0.02135172   0.00000000    -0.00643443   0.00000000
   11   22
 -0.01789482   0.00000000     0.00000000   0.00000000     0.03616147   0.00000000
  0.00000000   0.00000000    -0.00064001   0.00000000    -0.00000000   0.00000000
  0.03599194   0.00000000    -0.00000000   0.00000000    -0.05939404   0.00000000
   11   23
 -0.00105594   0.00000000    -0.00044820   0.00000000    -0.00204849   0.00000000
 -0.00099169   0.00000000    -0.00002968   0.00000000    -0.00065019   0.00000000
 -0.00084037   0.00000000     0.00020563   0.00000000     0.00093178   0.00000000
   11   24
 -0.01645358   0.00000000     0.03531174   0.00000000    -0.01143516   0.00000000
  0.04306285   0.00000000    -0.05363305   0.00000000     0.02568109   0.00000000
 -0.01169081   0.00000000     0.02135172   0.00000000    -0.00643443   0.00000000
   11   25
 -0.00073043   0.00000000     0.00087335   0.00000000     0.00030148   0.00000000
  0.00121447   0.00000000     0.00082473   0.00000000    -0.00214589   0.00000000
 -0.00297367   0.00000000     0.00080615   0.00000000    -0.00072877   0.00000000
   11   26
 -0.00152522   0.00000000    -0.00066546   0.00000000    -0.00224265   0.00000000
  0.00138290   0.00000000    -0.00020664   0.00000000    -0.00222219   0.00000000
  0.00126538   0.00000000    -0.00003780   0.00000000     0.00043696   0.00000000
   11   27
 -0.01663761   0.00000000     0.00000000   0.00000000     0.02845512   0.00000000
  0.00000000   0.00000000    -0.00278355   0.00000000     0.00000000   0.00000000
  0.02795802   0.00000000    -0.00000000   0.00000000    -0.04889640   0.00000000
   11   28
 -0.01866256   0.00000000    -0.03595821   0.00000000    -0.00984162   0.00000000
 -0.04287826   0.00000000    -0.05330497   0.00000000    -0.02412467   0.00000000
 -0.01004736   0.00000000    -0.02021587   0.00000000    -0.00346948   0.00000000
   11   29
 -0.00061294   0.00000000     0.00021181   0.00000000    -0.00137080   0.00000000
  0.00109665   0.00000000     0.00004110   0.00000000     0.00031304   0.00000000
 -0.00180621   0.00000000    -0.00022854   0.00000000     0.00052264   0.00000000
   11   30
 -0.00111079   0.00000000    -0.00017394   0.00000000    -0.00163510   0.00000000
 -0.00119741   0.00000000     0.00039325   0.00000000     0.00081560   0.00000000
  0.00143665   0.00000000     0.00036232   0.00000000    -0.00021576   0.00000000
   11   31
 -0.00135952   0.00000000    -0.00034122   0.00000000     0.00042416   0.00000000
  0.00003565   0.00000000     0.00158096   0.00000000     0.00173627   0.00000000
 -0.00230378   0.00000000     0.00018426   0.00000000    -0.00130611   0.00000000
   11   32
  0.00098299   0.00000000    -0.00000000   0.00000000     0.00152304   0.00000000
  0.00000000   0.00000000    -0.00215838   0.00000000    -0.00000000   0.00000000
  0.00253644   0.00000000     0.00000000   0.00000000    -0.00282077   0.00000000
   11   33
 -0.00111079   0.00000000     0.00017394   0.00000000    -0.00163510   0.00000000
  0.00119741   0.00000000     0.00039325   0.00000000    -0.00081560   0.00000000
  0.00143665   0.00000000    -0.00036232   0.00000000    -0.00021576   0.00000000
   11   34
 -0.00135952   0.00000000     0.00034122   0.00000000     0.00042416   0.00000000
 -0.00003565   0.00000000     0.00158096   0.00000000    -0.00173627   0.00000000
 -0.00230378   0.00000000    -0.00018426   0.00000000    -0.00130611   0.00000000
   11   35
 -0.01866256   0.00000000     0.03595821   0.00000000    -0.00984162   0.00000000
  0.04287826   0.00000000    -0.05330497   0.00000000     0.02412467   0.00000000
 -0.01004736   0.00000000     0.02021587   0.00000000    -0.00346948   0.00000000
   11   36
 -0.00061294   0.00000000    -0.00021181   0.00000000    -0.00137080   0.00000000
 -0.00109665   0.00000000     0.00004110   0.00000000    -0.00031304   0.00000000
 -0.00180621   0.00000000     0.00022854   0.00000000     0.00052264   0.00000000
   12    1
  0.00135748   0.00000000     0.00161476   0.00000000    -0.00042072   0.00000000
  0.00191771   0.00000000     0.00200080   0.00000000    -0.00020777   0.00000000
 -0.00025876   0.00000000    -0.00044493   0.00000000     0.00050964   0.00000000
   12    2
  0.00135748   0.00000000    -0.00161476   0.00000000    -0.00042072   0.00000000
 -0.00191771   0.00000000     0.00200080   0.00000000     0.00020777   0.00000000
 -0.00025876   0.00000000     0.00044493   0.00000000     0.00050964   0.00000000
   12    3
  0.00121660   0.00000000    -0.00086996   0.00000000     0.00002140   0.00000000
 -0.00178991   0.00000000     0.00207557   0.00000000     0.00008182   0.00000000
 -0.00019588   0.00000000     0.00017382   0.00000000     0.00050103   0.00000000
   12    4
  0.00121660   0.00000000     0.00086996   0.00000000     0.00002140   0.00000000
  0.00178991   0.00000000     0.00207557   0.00000000    -0.00008182   0.00000000
 -0.00019588   0.00000000    -0.00017382   0.00000000     0.00050103   0.00000000
   12    5
 -0.00244792   0.00000000    -0.00000000   0.00000000    -0.00613993   0.00000000
 -0.00000000   0.00000000    -0.02572368   0.00000000    -0.00000000   0.00000000
  0.00613993   0.00000000     0.00000000   0.00000000    -0.01506175   0.00000000
   12    6
  0.02254196   0.00000000    -0.00000000   0.00000000    -0.00299701   0.00000000
 -0.00000000   0.00000000     0.00338536   0.00000000     0.00000000   0.00000000
 -0.00299701   0.00000000     0.00000000   0.00000000     0.01786049   0.00000000
   12    7
 -0.01237865   0.00000000    -0.00000000   0.00000000    -0.00157123   0.00000000
  0.00000000   0.00000000    -0.00314708   0.00000000    -0.00000000   0.00000000
 -0.00592191   0.00000000    -0.00000000   0.00000000    -0.00332329   0.00000000
   12    8
  0.00245892   0.00000000    -0.00000000   0.00000000    -0.01593999   0.00000000
  0.00000000   0.00000000    -0.02231191   0.00000000     0.00000000   0.00000000
  0.00573047   0.00000000     0.00000000   0.00000000    -0.01189167   0.00000000
   12    9
  0.01031330   0.00000000     0.00000000   0.00000000     0.01112908   0.00000000
  0.00000000   0.00000000     0.01658700   0.00000000     0.00000000   0.00000000
  0.00828602   0.00000000     0.00000000   0.00000000    -0.01462533   0.00000000
   12   10
 -0.00339338   0.00000000     0.00000000   0.00000000     0.00336849   0.00000000
  0.00000000   0.00000000    -0.01955958   0.00000000     0.00000000   0.00000000
 -0.01983217   0.00000000    -0.00000000   0.00000000    -0.00541519   0.00000000
   12   11
 -0.00319714   0.00000000    -0.00000000   0.00000000     0.00017252   0.00000000
  0.00000000   0.00000000    -0.00104726   0.00000000     0.00000000   0.00000000
  0.00429963   0.00000000     0.00000000   0.00000000    -0.01285207   0.00000000
   12   12
  0.14938942   0.00000000     0.00000000   0.00000000     0.03204629   0.00000000
  0.00000000   0.00000000     0.25755351   0.00000000     0.00000000   0.00000000
  0.03204629   0.00000000     0.00000000   0.00000000     0.18679309   0.00000000
   12   13
 -0.01341371   0.00000000    -0.00000000   0.00000000     0.00071247   0.00000000
 -0.00000000   0.00000000    -0.02609801   0.00000000     0.00000000   0.00000000
 -0.01056435   0.00000000     0.00000000   0.00000000    -0.00916488   0.00000000
   12   14
 -0.01385665   0.00000000     0.00000000   0.00000000    -0.00736034   0.00000000
  0.00000000   0.00000000    -0.00297512   0.00000000     0.00000000   0.00000000
  0.00736034   0.00000000     0.00000000   0.00000000    -0.00496862   0.00000000
   12   15
 -0.01992894   0.00000000     0.00000000   0.00000000    -0.00606260   0.00000000
 -0.00000000   0.00000000     0.01674134   0.00000000    -0.00000000   0.00000000
 -0.00324532   0.00000000     0.00000000   0.00000000     0.01110281   0.00000000
   12   16
 -0.00643024   0.00000000     0.00000000   0.00000000     0.00876034   0.00000000
  0.00000000   0.00000000    -0.00365578   0.00000000     0.00000000   0.00000000
 -0.00363724   0.00000000    -0.00000000   0.00000000    -0.00896090   0.00000000
   12   17
 -0.01679944   0.00000000     0.00000000   0.00000000    -0.03411916   0.00000000
  0.00000000   0.00000000    -0.00047549   0.00000000     0.00000000   0.00000000
 -0.03095939   0.00000000     0.00000000   0.00000000    -0.05305851   0.00000000
   12   18
 -0.01619972   0.00000000     0.03397073   0.00000000     0.01016638   0.00000000
  0.04008284   0.00000000    -0.05269128   0.00000000    -0.02314944   0.00000000
  0.01006481   0.00000000    -0.01994137   0.00000000    -0.00387742   0.00000000
   12   19
 -0.00130365   0.00000000    -0.00112968   0.00000000     0.00195133   0.00000000
 -0.00187075   0.00000000    -0.00029527   0.00000000     0.00069119   0.00000000
  0.00176829   0.00000000     0.00012665   0.00000000     0.00064901   0.00000000
   12   20
 -0.00242358   0.00000000    -0.00058665   0.00000000     0.00039186   0.00000000
  0.00258681   0.00000000     0.00059009   0.00000000     0.00183736   0.00000000
 -0.00095978   0.00000000     0.00039304   0.00000000     0.00166771   0.00000000
   12   21
 -0.00080950   0.00000000     0.00032682   0.00000000     0.00146992   0.00000000
  0.00113324   0.00000000     0.00175555   0.00000000     0.00309874   0.00000000
  0.00236793   0.00000000     0.00000410   0.00000000    -0.00292999   0.00000000
   12   22
  0.00020784   0.00000000     0.00000000   0.00000000    -0.00210887   0.00000000
 -0.00000000   0.00000000    -0.00079975   0.00000000     0.00000000   0.00000000
 -0.00246526   0.00000000    -0.00000000   0.00000000    -0.00241448   0.00000000
   12   23
 -0.00242358   0.00000000     0.00058665   0.00000000     0.00039186   0.00000000
 -0.00258681   0.00000000     0.00059009   0.00000000    -0.00183736   0.00000000
 -0.00095978   0.00000000    -0.00039304   0.00000000     0.00166771   0.00000000
   12   24
 -0.00080950   0.00000000    -0.00032682   0.00000000     0.00146992   0.00000000
 -0.00113324   0.00000000     0.00175555   0.00000000    -0.00309874   0.00000000
  0.00236793   0.00000000    -0.00000410   0.00000000    -0.00292999   0.00000000
   12   25
 -0.01619972   0.00000000    -0.03397073   0.00000000     0.01016638   0.00000000
 -0.04008284   0.00000000    -0.05269128   0.00000000     0.02314944   0.00000000
  0.01006481   0.00000000     0.01994137   0.00000000    -0.00387742   0.00000000
   12   26
 -0.00130365   0.00000000     0.00112968   0.00000000     0.00195133   0.00000000
  0.00187075   0.00000000    -0.00029527   0.00000000    -0.00069119   0.00000000
  0.00176829   0.00000000    -0.00012665   0.00000000     0.00064901   0.00000000
   12   27
 -0.01638846   0.00000000     0.00000000   0.00000000    -0.03190879   0.00000000
  0.00000000   0.00000000     0.00001209   0.00000000     0.00000000   0.00000000
 -0.03484124   0.00000000    -0.00000000   0.00000000    -0.05543092   0.00000000
   12   28
 -0.00208162   0.00000000     0.00049654   0.00000000     0.00221582   0.00000000
  0.00084997   0.00000000    -0.00015477   0.00000000    -0.00050686   0.00000000
  0.00190953   0.00000000     0.00038881   0.00000000     0.00051451   0.00000000
   12   29
 -0.01432817   0.00000000    -0.03085030   0.00000000     0.00884095   0.00000000
 -0.03950535   0.00000000    -0.04911710   0.00000000     0.02317127   0.00000000
  0.00911886   0.00000000     0.01828816   0.00000000    -0.00440673   0.00000000
   12   30
  0.00040698   0.00000000    -0.00158760   0.00000000     0.00135153   0.00000000
 -0.00048059   0.00000000     0.00157834   0.00000000    -0.00342084   0.00000000
  0.00237032   0.00000000     0.00085792   0.00000000    -0.00169243   0.00000000
   12   31
 -0.00356864   0.00000000    -0.00046918   0.00000000     0.00022027   0.00000000
 -0.00195734   0.00000000     0.00030929   0.00000000    -0.00316698   0.00000000
 -0.00076237   0.00000000     0.00016778   0.00000000     0.00047925   0.00000000
   12   32
 -0.00120924   0.00000000     0.00000000   0.00000000    -0.00039874   0.00000000
 -0.00000000   0.00000000    -0.00058806   0.00000000     0.00000000   0.00000000
 -0.00024469   0.00000000     0.00000000   0.00000000    -0.00141792   0.00000000
   12   33
  0.00040698   0.00000000     0.00158760   0.00000000     0.00135153   0.00000000
  0.00048059   0.00000000     0.00157834   0.00000000     0.00342084   0.00000000
  0.00237032   0.00000000    -0.00085792   0.00000000    -0.00169243   0.00000000
   12   34
 -0.00356864   0.00000000     0.00046918   0.00000000     0.00022027   0.00000000
  0.00195734   0.00000000     0.00030929   0.00000000     0.00316698   0.00000000
 -0.00076237   0.00000000    -0.00016778   0.00000000     0.00047925   0.00000000
   12   35
 -0.00208162   0.00000000    -0.00049654   0.00000000     0.00221582   0.00000000
 -0.00084997   0.00000000    -0.00015477   0.00000000     0.00050686   0.00000000
  0.00190953   0.00000000    -0.00038881   0.00000000     0.00051451   0.00000000
   12   36
 -0.01432817   0.00000000     0.03085030   0.00000000     0.00884095   0.00000000
  0.03950535   0.00000000    -0.04911710   0.00000000    -0.02317127   0.00000000
  0.00911886   0.00000000    -0.01828816   0.00000000    -0.00440673   0.00000000
   13    1
  0.00000528   0.00000000     0.00000000   0.00000000    -0.00000000   0.00000000
  0.00000000   0.00000000     0.00051273   0.00000000     0.00326339   0.00000000
  0.00000000   0.00000000     0.00229337   0.00000000     0.00112814   0.00000000
   13    2
  0.00000528   0.00000000     0.00000000   0.00000000     0.00000000   0.00000000
  0.00000000   0.00000000     0.00051273   0.00000000    -0.00326339   0.00000000
  0.00000000   0.00000000    -0.00229337   0.00000000     0.00112814   0.00000000
   13    3
  0.00170086   0.00000000    -0.00059253   0.00000000    -0.00000000   0.00000000
 -0.00166603   0.00000000     0.00330977   0.00000000    -0.00000000   0.00000000
  0.00000000   0.00000000     0.00000000   0.00000000     0.00058363   0.00000000
   13    4
  0.00170086   0.00000000     0.00059253   0.00000000     0.00000000   0.00000000
  0.00166603   0.00000000     0.00330977   0.00000000     0.00000000   0.00000000
 -0.00000000   0.00000000    -0.00000000   0.00000000     0.00058363   0.00000000
   13    5
 -0.01341371   0.00000000     0.00000000   0.00000000     0.01056435   0.00000000
 -0.00000000   0.00000000    -0.02609801   0.00000000     0.00000000   0.00000000
 -0.00071247   0.00000000     0.00000000   0.00000000    -0.00916488   0.00000000
   13    6
 -0.00643024   0.00000000     0.00000000   0.00000000    -0.00363724   0.00000000
  0.00000000   0.00000000    -0.00365578   0.00000000     0.00000000   0.00000000
  0.00876034   0.00000000     0.00000000   0.00000000    -0.00896090   0.00000000
   13    7
 -0.00123697   0.00000000    -0.00000000   0.00000000    -0.01462359   0.00000000
 -0.00000000   0.00000000     0.01728765   0.00000000     0.00000000   0.00000000
 -0.01700537   0.00000000     0.00000000   0.00000000    -0.00618954   0.00000000
   13    8
 -0.00853256   0.00000000     0.00000000   0.00000000     0.00717813   0.00000000
 -0.00000000   0.00000000    -0.00244568   0.00000000     0.00000000   0.00000000
  0.00553210   0.00000000    -0.00000000   0.00000000    -0.00558762   0.00000000
   13    9
 -0.01243776   0.00000000     0.00000000   0.00000000    -0.01528053   0.00000000
  0.00000000   0.00000000    -0.02054763   0.00000000     0.00000000   0.00000000
  0.00871925   0.00000000     0.00000000   0.00000000     0.00215605   0.00000000
   13   10
 -0.00123697   0.00000000     0.00000000   0.00000000     0.01462359   0.00000000
  0.00000000   0.00000000     0.01728765   0.00000000    -0.00000000   0.00000000
  0.01700537   0.00000000    -0.00000000   0.00000000    -0.00618954   0.00000000
   13   11
 -0.01243776   0.00000000     0.00000000   0.00000000     0.01528053   0.00000000
  0.00000000   0.00000000    -0.02054763   0.00000000     0.00000000   0.00000000
 -0.00871925   0.00000000     0.00000000   0.00000000     0.00215605   0.00000000
   13   12
 -0.01341371   0.00000000    -0.00000000   0.00000000    -0.01056435   0.00000000
 -0.00000000   0.00000000    -0.02609801   0.00000000     0.00000000   0.00000000
  0.00071247   0.00000000     0.00000000   0.00000000    -0.00916488   0.00000000
   13   13
  0.20713883   0.00000000     0.00000000   0.00000000    -0.00000000   0.00000000
  0.00000000   0.00000000     0.26557407   0.00000000     0.00000000   0.00000000
 -0.00000000   0.00000000     0.00000000   0.00000000     0.13647289   0.00000000
   13   14
 -0.00643024   0.00000000     0.00000000   0.00000000     0.00363724   0.00000000
  0.00000000   0.00000000    -0.00365578   0.00000000     0.00000000   0.00000000
 -0.00876034   0.00000000    -0.00000000   0.00000000    -0.00896090   0.00000000
   13   15
 -0.00853256   0.00000000     0.00000000   0.00000000    -0.00717813   0.00000000
  0.00000000   0.00000000    -0.00244568   0.00000000     0.00000000   0.00000000
 -0.00553210   0.00000000     0.00000000   0.00000000    -0.00558762   0.00000000
   13   16
  0.01683380   0.00000000     0.00000000   0.00000000    -0.00000000   0.00000000
  0.00000000   0.00000000     0.00061726   0.00000000    -0.00000000   0.00000000
  0.00000000   0.00000000     0.00000000   0.00000000     0.01971547   0.00000000
   13   17
 -0.00112023   0.00000000     0.00000000   0.00000000     0.00000000   0.00000000
 -0.00000000   0.00000000    -0.00080473   0.00000000     0.00000000   0.00000000
 -0.00000000   0.00000000     0.00000000   0.00000000    -0.00132882   0.00000000
   13   18
  0.00185498   0.00000000     0.00000000   0.00000000    -0.00000000   0.00000000
  0.00000000   0.00000000    -0.05338022   0.00000000     0.04673074   0.00000000
  0.00000000   0.00000000     0.04027320   0.00000000    -0.02210858   0.00000000
   13   19
  0.00174133   0.00000000     0.00000000   0.00000000     0.00000000   0.00000000
 -0.00000000   0.00000000    -0.00169130   0.00000000    -0.00218481   0.00000000
 -0.00000000   0.00000000    -0.00077108   0.00000000    -0.00199064   0.00000000
   13   20
  0.00154660   0.00000000    -0.00000000   0.00000000    -0.00000000   0.00000000
  0.00000000   0.00000000    -0.00146315   0.00000000    -0.00135900   0.00000000
  0.00000000   0.00000000    -0.00000413   0.00000000    -0.00289166   0.00000000
   13   21
  0.00075823   0.00000000     0.00000000   0.00000000    -0.00000000   0.00000000
  0.00000000   0.00000000    -0.04984233   0.00000000     0.04697706   0.00000000
  0.00000000   0.00000000     0.03701421   0.00000000    -0.02029917   0.00000000
   13   22
 -0.00384918   0.00000000     0.00000000   0.00000000     0.00000000   0.00000000
  0.00000000   0.00000000    -0.00132279   0.00000000    -0.00000000   0.00000000
 -0.00000000   0.00000000     0.00000000   0.00000000     0.00144391   0.00000000
   13   23
  0.00154660   0.00000000     0.00000000   0.00000000    -0.00000000   0.00000000
  0.00000000   0.00000000    -0.00146315   0.00000000     0.00135900   0.00000000
  0.00000000   0.00000000     0.00000413   0.00000000    -0.00289166   0.00000000
   13   24
  0.00075823   0.00000000    -0.00000000   0.00000000    -0.00000000   0.00000000
  0.00000000   0.00000000    -0.04984233   0.00000000    -0.04697706   0.00000000
  0.00000000   0.00000000    -0.03701421   0.00000000    -0.02029917   0.00000000
   13   25
  0.00185498   0.00000000     0.00000000   0.00000000     0.00000000   0.00000000
  0.00000000   0.00000000    -0.05338022   0.00000000    -0.04673074   0.00000000
  0.00000000   0.00000000    -0.04027320   0.00000000    -0.02210858   0.00000000
   13   26
  0.00174133   0.00000000     0.00000000   0.00000000     0.00000000   0.00000000
  0.00000000   0.00000000    -0.00169130   0.00000000     0.00218481   0.00000000
 -0.00000000   0.00000000     0.00077108   0.00000000    -0.00199064   0.00000000
   13   27
 -0.07393013   0.00000000     0.00000000   0.00000000    -0.00141245   0.00000000
 -0.00000000   0.00000000    -0.00039136   0.00000000    -0.00000000   0.00000000
  0.00219180   0.00000000     0.00000000   0.00000000     0.00284081   0.00000000
   13   28
  0.00038617   0.00000000     0.00039307   0.00000000    -0.00240587   0.00000000
 -0.00239994   0.00000000     0.00149614   0.00000000    -0.00165214   0.00000000
 -0.00049309   0.00000000     0.00117522   0.00000000    -0.00125441   0.00000000
   13   29
 -0.00094992   0.00000000     0.00017708   0.00000000     0.00214277   0.00000000
 -0.00294790   0.00000000     0.00169057   0.00000000     0.00079644   0.00000000
  0.00093354   0.00000000     0.00075236   0.00000000    -0.00257926   0.00000000
   13   30
  0.00038617   0.00000000     0.00039307   0.00000000     0.00240587   0.00000000
 -0.00239994   0.00000000     0.00149614   0.00000000     0.00165214   0.00000000
  0.00049309   0.00000000    -0.00117522   0.00000000    -0.00125441   0.00000000
   13   31
 -0.00094992   0.00000000     0.00017708   0.00000000    -0.00214277   0.00000000
 -0.00294790   0.00000000     0.00169057   0.00000000    -0.00079644   0.00000000
 -0.00093354   0.00000000    -0.00075236   0.00000000    -0.00257926   0.00000000
   13   32
 -0.07393013   0.00000000     0.00000000   0.00000000     0.00141245   0.00000000
 -0.00000000   0.00000000    -0.00039136   0.00000000    -0.00000000   0.00000000
 -0.00219180   0.00000000    -0.00000000   0.00000000     0.00284081   0.00000000
   13   33
  0.00038617   0.00000000    -0.00039307   0.00000000     0.00240587   0.00000000
  0.00239994   0.00000000     0.00149614   0.00000000    -0.00165214   0.00000000
  0.00049309   0.00000000     0.00117522   0.00000000    -0.00125441   0.00000000
   13   34
 -0.00094992   0.00000000    -0.00017708   0.00000000    -0.00214277   0.00000000
  0.00294790   0.00000000     0.00169057   0.00000000     0.00079644   0.00000000
 -0.00093354   0.00000000     0.00075236   0.00000000    -0.00257926   0.00000000
   13   35
  0.00038617   0.00000000    -0.00039307   0.00000000    -0.00240587   0.00000000
  0.00239994   0.00000000     0.00149614   0.00000000     0.00165214   0.00000000
 -0.00049309   0.00000000    -0.00117522   0.00000000    -0.00125441   0.00000000
   13   36
 -0.00094992   0.00000000    -0.00017708   0.00000000     0.00214277   0.00000000
  0.00294790   0.00000000     0.00169057   0.00000000    -0.00079644   0.00000000
  0.00093354   0.00000000    -0.00075236   0.00000000    -0.00257926   0.00000000
   14    1
  0.00135748   0.00000000     0.00161476   0.00000000     0.00042072   0.00000000
  0.00191771   0.00000000     0.00200080   0.00000000     0.00020777   0.00000000
  0.00025876   0.00000000     0.00044493   0.00000000     0.00050964   0.00000000
   14    2
  0.00135748   0.00000000    -0.00161476   0.00000000     0.00042072   0.00000000
 -0.00191771   0.00000000     0.00200080   0.00000000    -0.00020777   0.00000000
  0.00025876   0.00000000    -0.00044493   0.00000000     0.00050964   0.00000000
   14    3
  0.00121660   0.00000000     0.00086996   0.00000000    -0.00002140   0.00000000
  0.00178991   0.00000000     0.00207557   0.00000000     0.00008182   0.00000000
  0.00019588   0.00000000     0.00017382   0.00000000     0.00050103   0.00000000
   14    4
  0.00121660   0.00000000    -0.00086996   0.00000000    -0.00002140   0.00000000
 -0.00178991   0.00000000     0.00207557   0.00000000    -0.00008182   0.00000000
  0.00019588   0.00000000    -0.00017382   0.00000000     0.00050103   0.00000000
   14    5
  0.02254196   0.00000000    -0.00000000   0.00000000     0.00299701   0.00000000
  0.00000000   0.00000000     0.00338536   0.00000000    -0.00000000   0.00000000
  0.00299701   0.00000000     0.00000000   0.00000000     0.01786049   0.00000000
   14    6
 -0.00244792   0.00000000    -0.00000000   0.00000000     0.00613993   0.00000000
 -0.00000000   0.00000000    -0.02572368   0.00000000     0.00000000   0.00000000
 -0.00613993   0.00000000    -0.00000000   0.00000000    -0.01506175   0.00000000
   14    7
 -0.01237865   0.00000000     0.00000000   0.00000000     0.00157123   0.00000000
  0.00000000   0.00000000    -0.00314708   0.00000000    -0.00000000   0.00000000
  0.00592191   0.00000000    -0.00000000   0.00000000    -0.00332329   0.00000000
   14    8
  0.01031330   0.00000000     0.00000000   0.00000000    -0.01112908   0.00000000
 -0.00000000   0.00000000     0.01658700   0.00000000     0.00000000   0.00000000
 -0.00828602   0.00000000     0.00000000   0.00000000    -0.01462533   0.00000000
   14    9
  0.00245892   0.00000000    -0.00000000   0.00000000     0.01593999   0.00000000
  0.00000000   0.00000000    -0.02231191   0.00000000     0.00000000   0.00000000
 -0.00573047   0.00000000    -0.00000000   0.00000000    -0.01189167   0.00000000
   14   10
 -0.00339338   0.00000000     0.00000000   0.00000000    -0.00336849   0.00000000
  0.00000000   0.00000000    -0.01955958   0.00000000     0.00000000   0.00000000
  0.01983217   0.00000000    -0.00000000   0.00000000    -0.00541519   0.00000000
   14   11
 -0.01992894   0.00000000    -0.00000000   0.00000000     0.00606260   0.00000000
  0.00000000   0.00000000     0.01674134   0.00000000     0.00000000   0.00000000
  0.00324532   0.00000000    -0.00000000   0.00000000     0.01110281   0.00000000
   14   12
 -0.01385665   0.00000000     0.00000000   0.00000000     0.00736034   0.00000000
  0.00000000   0.00000000    -0.00297512   0.00000000     0.00000000   0.00000000
 -0.00736034   0.00000000     0.00000000   0.00000000    -0.00496862   0.00000000
   14   13
 -0.00643024   0.00000000     0.00000000   0.00000000    -0.00876034   0.00000000
  0.00000000   0.00000000    -0.00365578   0.00000000    -0.00000000   0.00000000
  0.00363724   0.00000000     0.00000000   0.00000000    -0.00896090   0.00000000
   14   14
  0.14938942   0.00000000     0.00000000   0.00000000    -0.03204629   0.00000000
  0.00000000   0.00000000     0.25755351   0.00000000     0.00000000   0.00000000
 -0.03204629   0.00000000     0.00000000   0.00000000     0.18679309   0.00000000
   14   15
 -0.00319714   0.00000000     0.00000000   0.00000000    -0.00017252   0.00000000
  0.00000000   0.00000000    -0.00104726   0.00000000     0.00000000   0.00000000
 -0.00429963   0.00000000     0.00000000   0.00000000    -0.01285207   0.00000000
   14   16
 -0.01341371   0.00000000     0.00000000   0.00000000    -0.00071247   0.00000000
  0.00000000   0.00000000    -0.02609801   0.00000000     0.00000000   0.00000000
  0.01056435   0.00000000    -0.00000000   0.00000000    -0.00916488   0.00000000
   14   17
 -0.01679944   0.00000000     0.00000000   0.00000000     0.03411916   0.00000000
  0.00000000   0.00000000    -0.00047549   0.00000000     0.00000000   0.00000000
  0.03095939   0.00000000     0.00000000   0.00000000    -0.05305851   0.00000000
   14   18
 -0.00130365   0.00000000    -0.00112968   0.00000000    -0.00195133   0.00000000
 -0.00187075   0.00000000    -0.00029527   0.00000000    -0.00069119   0.00000000
 -0.00176829   0.00000000    -0.00012665   0.00000000     0.00064901   0.00000000
   14   19
 -0.01619972   0.00000000     0.03397073   0.00000000    -0.01016638   0.00000000
  0.04008284   0.00000000    -0.05269128   0.00000000     0.02314944   0.00000000
 -0.01006481   0.00000000     0.01994137   0.00000000    -0.00387742   0.00000000
   14   20
 -0.00080950   0.00000000     0.00032682   0.00000000    -0.00146992   0.00000000
  0.00113324   0.00000000     0.00175555   0.00000000    -0.00309874   0.00000000
 -0.00236793   0.00000000    -0.00000410   0.00000000    -0.00292999   0.00000000
   14   21
 -0.00242358   0.00000000    -0.00058665   0.00000000    -0.00039186   0.00000000
  0.00258681   0.00000000     0.00059009   0.00000000    -0.00183736   0.00000000
  0.00095978   0.00000000    -0.00039304   0.00000000     0.00166771   0.00000000
   14   22
  0.00020784   0.00000000     0.00000000   0.00000000     0.00210887   0.00000000
  0.00000000   0.00000000    -0.00079975   0.00000000     0.00000000   0.00000000
  0.00246526   0.00000000    -0.00000000   0.00000000    -0.00241448   0.00000000
   14   23
 -0.00080950   0.00000000    -0.00032682   0.00000000    -0.00146992   0.00000000
 -0.00113324   0.00000000     0.00175555   0.00000000     0.00309874   0.00000000
 -0.00236793   0.00000000     0.00000410   0.00000000    -0.00292999   0.00000000
   14   24
 -0.00242358   0.00000000     0.00058665   0.00000000    -0.00039186   0.00000000
 -0.00258681   0.00000000     0.00059009   0.00000000     0.00183736   0.00000000
  0.00095978   0.00000000     0.00039304   0.00000000     0.00166771   0.00000000
   14   25
 -0.00130365   0.00000000     0.00112968   0.00000000    -0.00195133   0.00000000
  0.00187075   0.00000000    -0.00029527   0.00000000     0.00069119   0.00000000
 -0.00176829   0.00000000     0.00012665   0.00000000     0.00064901   0.00000000
   14   26
 -0.01619972   0.00000000    -0.03397073   0.00000000    -0.01016638   0.00000000
 -0.04008284   0.00000000    -0.05269128   0.00000000    -0.02314944   0.00000000
 -0.01006481   0.00000000    -0.01994137   0.00000000    -0.00387742   0.00000000
   14   27
 -0.00120924   0.00000000     0.00000000   0.00000000     0.00039874   0.00000000
  0.00000000   0.00000000    -0.00058806   0.00000000     0.00000000   0.00000000
  0.00024469   0.00000000     0.00000000   0.00000000    -0.00141792   0.00000000
   14   28
 -0.00356864   0.00000000     0.00046918   0.00000000    -0.00022027   0.00000000
  0.00195734   0.00000000     0.00030929   0.00000000    -0.00316698   0.00000000
  0.00076237   0.00000000     0.00016778   0.00000000     0.00047925   0.00000000
   14   29
  0.00040698   0.00000000     0.00158760   0.00000000    -0.00135153   0.00000000
  0.00048059   0.00000000     0.00157834   0.00000000    -0.00342084   0.00000000
 -0.00237032   0.00000000     0.00085792   0.00000000    -0.00169243   0.00000000
   14   30
 -0.01432817   0.00000000     0.03085030   0.00000000    -0.00884095   0.00000000
  0.03950535   0.00000000    -0.04911710   0.00000000     0.02317127   0.00000000
 -0.00911886   0.00000000     0.01828816   0.00000000    -0.00440673   0.00000000
   14   31
 -0.00208162   0.00000000    -0.00049654   0.00000000    -0.00221582   0.00000000
 -0.00084997   0.00000000    -0.00015477   0.00000000    -0.00050686   0.00000000
 -0.00190953   0.00000000     0.00038881   0.00000000     0.00051451   0.00000000
   14   32
 -0.01638846   0.00000000     0.00000000   0.00000000     0.03190879   0.00000000
  0.00000000   0.00000000     0.00001209   0.00000000    -0.00000000   0.00000000
  0.03484124   0.00000000     0.00000000   0.00000000    -0.05543092   0.00000000
   14   33
 -0.01432817   0.00000000    -0.03085030   0.00000000    -0.00884095   0.00000000
 -0.03950535   0.00000000    -0.04911710   0.00000000    -0.02317127   0.00000000
 -0.00911886   0.00000000    -0.01828816   0.00000000    -0.00440673   0.00000000
   14   34
 -0.00208162   0.00000000     0.00049654   0.00000000    -0.00221582   0.00000000
  0.00084997   0.00000000    -0.00015477   0.00000000     0.00050686   0.00000000
 -0.00190953   0.00000000    -0.00038881   0.00000000     0.00051451   0.00000000
   14   35
 -0.00356864   0.00000000    -0.00046918   0.00000000    -0.00022027   0.00000000
 -0.00195734   0.00000000     0.00030929   0.00000000     0.00316698   0.00000000
  0.00076237   0.00000000    -0.00016778   0.00000000     0.00047925   0.00000000
   14   36
  0.00040698   0.00000000    -0.00158760   0.00000000    -0.00135153   0.00000000
 -0.00048059   0.00000000     0.00157834   0.00000000     0.00342084   0.00000000
 -0.00237032   0.00000000    -0.00085792   0.00000000    -0.00169243   0.00000000
   15    1
  0.00108171   0.00000000    -0.00054184   0.00000000    -0.00032571   0.00000000
 -0.00172901   0.00000000     0.00187743   0.00000000    -0.00003253   0.00000000
 -0.00016344   0.00000000     0.00044860   0.00000000     0.00045885   0.00000000
   15    2
  0.00108171   0.00000000     0.00054184   0.00000000    -0.00032571   0.00000000
  0.00172901   0.00000000     0.00187743   0.00000000     0.00003253   0.00000000
 -0.00016344   0.00000000    -0.00044860   0.00000000     0.00045885   0.00000000
   15    3
  0.00126519   0.00000000     0.00096930   0.00000000     0.00016879   0.00000000
  0.00178802   0.00000000     0.00179061   0.00000000     0.00003607   0.00000000
 -0.00001343   0.00000000     0.00001222   0.00000000     0.00051890   0.00000000
   15    4
  0.00126519   0.00000000    -0.00096930   0.00000000     0.00016879   0.00000000
 -0.00178802   0.00000000     0.00179061   0.00000000    -0.00003607   0.00000000
 -0.00001343   0.00000000    -0.00001222   0.00000000     0.00051890   0.00000000
   15    5
  0.00245892   0.00000000     0.00000000   0.00000000    -0.00573047   0.00000000
  0.00000000   0.00000000    -0.02231191   0.00000000     0.00000000   0.00000000
  0.01593999   0.00000000     0.00000000   0.00000000    -0.01189167   0.00000000
   15    6
  0.01031330   0.00000000     0.00000000   0.00000000     0.00828602   0.00000000
  0.00000000   0.00000000     0.01658700   0.00000000    -0.00000000   0.00000000
  0.01112908   0.00000000     0.00000000   0.00000000    -0.01462533   0.00000000
   15    7
 -0.01272639   0.00000000     0.00000000   0.00000000     0.00076107   0.00000000
  0.00000000   0.00000000    -0.02750967   0.00000000    -0.00000000   0.00000000
 -0.01524875   0.00000000    -0.00000000   0.00000000    -0.00478967   0.00000000
   15    8
  0.00098782   0.00000000     0.00000000   0.00000000    -0.00848430   0.00000000
 -0.00000000   0.00000000    -0.02734995   0.00000000    -0.00000000   0.00000000
  0.00848430   0.00000000     0.00000000   0.00000000    -0.01559418   0.00000000
   15    9
  0.01086394   0.00000000     0.00000000   0.00000000     0.00682347   0.00000000
  0.00000000   0.00000000     0.00106278   0.00000000    -0.00000000   0.00000000
  0.00682347   0.00000000    -0.00000000   0.00000000     0.01771510   0.00000000
   15   10
 -0.00897239   0.00000000     0.00000000   0.00000000    -0.00765495   0.00000000
  0.00000000   0.00000000    -0.00381969   0.00000000     0.00000000   0.00000000
 -0.00506066   0.00000000     0.00000000   0.00000000    -0.00191910   0.00000000
   15   11
  0.00122686   0.00000000     0.00000000   0.00000000     0.00117650   0.00000000
 -0.00000000   0.00000000    -0.00240133   0.00000000     0.00000000   0.00000000
 -0.00117650   0.00000000     0.00000000   0.00000000    -0.01336089   0.00000000
   15   12
 -0.01992894   0.00000000    -0.00000000   0.00000000    -0.00324532   0.00000000
  0.00000000   0.00000000     0.01674134   0.00000000     0.00000000   0.00000000
 -0.00606260   0.00000000    -0.00000000   0.00000000     0.01110281   0.00000000
   15   13
 -0.00853256   0.00000000     0.00000000   0.00000000    -0.00553210   0.00000000
  0.00000000   0.00000000    -0.00244568   0.00000000     0.00000000   0.00000000
 -0.00717813   0.00000000     0.00000000   0.00000000    -0.00558762   0.00000000
   15   14
 -0.00319714   0.00000000     0.00000000   0.00000000    -0.00429963   0.00000000
  0.00000000   0.00000000    -0.00104726   0.00000000     0.00000000   0.00000000
 -0.00017252   0.00000000     0.00000000   0.00000000    -0.01285207   0.00000000
   15   15
  0.15236409   0.00000000    -0.00000000   0.00000000     0.02284739   0.00000000
 -0.00000000   0.00000000     0.28143833   0.00000000     0.00000000   0.00000000
  0.02284739   0.00000000     0.00000000   0.00000000     0.18088163   0.00000000
   15   16
 -0.01243776   0.00000000     0.00000000   0.00000000     0.00871925   0.00000000
 -0.00000000   0.00000000    -0.02054763   0.00000000    -0.00000000   0.00000000
 -0.01528053   0.00000000     0.00000000   0.00000000     0.00215605   0.00000000
   15   17
 -0.00054216   0.00000000     0.00000000   0.00000000    -0.00290979   0.00000000
 -0.00000000   0.00000000    -0.00148185   0.00000000     0.00000000   0.00000000
 -0.00212477   0.00000000     0.00000000   0.00000000    -0.00155303   0.00000000
   15   18
 -0.00152522   0.00000000     0.00066546   0.00000000     0.00224265   0.00000000
 -0.00138290   0.00000000    -0.00020664   0.00000000    -0.00222219   0.00000000
 -0.00126538   0.00000000    -0.00003780   0.00000000     0.00043696   0.00000000
   15   19
 -0.00073043   0.00000000    -0.00087335   0.00000000    -0.00030148   0.00000000
 -0.00121447   0.00000000     0.00082473   0.00000000    -0.00214589   0.00000000
  0.00297367   0.00000000     0.00080615   0.00000000    -0.00072877   0.00000000
   15   20
 -0.01645358   0.00000000    -0.03531174   0.00000000     0.01143516   0.00000000
 -0.04306285   0.00000000    -0.05363305   0.00000000     0.02568109   0.00000000
  0.01169081   0.00000000     0.02135172   0.00000000    -0.00643443   0.00000000
   15   21
 -0.00105594   0.00000000     0.00044820   0.00000000     0.00204849   0.00000000
  0.00099169   0.00000000    -0.00002968   0.00000000    -0.00065019   0.00000000
  0.00084037   0.00000000     0.00020563   0.00000000     0.00093178   0.00000000
   15   22
 -0.01789482   0.00000000     0.00000000   0.00000000    -0.03616147   0.00000000
  0.00000000   0.00000000    -0.00064001   0.00000000     0.00000000   0.00000000
 -0.03599194   0.00000000     0.00000000   0.00000000    -0.05939404   0.00000000
   15   23
 -0.01645358   0.00000000     0.03531174   0.00000000     0.01143516   0.00000000
  0.04306285   0.00000000    -0.05363305   0.00000000    -0.02568109   0.00000000
  0.01169081   0.00000000    -0.02135172   0.00000000    -0.00643443   0.00000000
   15   24
 -0.00105594   0.00000000    -0.00044820   0.00000000     0.00204849   0.00000000
 -0.00099169   0.00000000    -0.00002968   0.00000000     0.00065019   0.00000000
  0.00084037   0.00000000    -0.00020563   0.00000000     0.00093178   0.00000000
   15   25
 -0.00152522   0.00000000    -0.00066546   0.00000000     0.00224265   0.00000000
  0.00138290   0.00000000    -0.00020664   0.00000000     0.00222219   0.00000000
 -0.00126538   0.00000000     0.00003780   0.00000000     0.00043696   0.00000000
   15   26
 -0.00073043   0.00000000     0.00087335   0.00000000    -0.00030148   0.00000000
  0.00121447   0.00000000     0.00082473   0.00000000     0.00214589   0.00000000
  0.00297367   0.00000000    -0.00080615   0.00000000    -0.00072877   0.00000000
   15   27
  0.00098299   0.00000000     0.00000000   0.00000000    -0.00152304   0.00000000
  0.00000000   0.00000000    -0.00215838   0.00000000     0.00000000   0.00000000
 -0.00253644   0.00000000    -0.00000000   0.00000000    -0.00282077   0.00000000
   15   28
 -0.00135952   0.00000000     0.00034122   0.00000000    -0.00042416   0.00000000
 -0.00003565   0.00000000     0.00158096   0.00000000     0.00173627   0.00000000
  0.00230378   0.00000000     0.00018426   0.00000000    -0.00130611   0.00000000
   15   29
 -0.00111079   0.00000000     0.00017394   0.00000000     0.00163510   0.00000000
  0.00119741   0.00000000     0.00039325   0.00000000     0.00081560   0.00000000
 -0.00143665   0.00000000     0.00036232   0.00000000    -0.00021576   0.00000000
   15   30
 -0.00061294   0.00000000    -0.00021181   0.00000000     0.00137080   0.00000000
 -0.00109665   0.00000000     0.00004110   0.00000000     0.00031304   0.00000000
  0.00180621   0.00000000    -0.00022854   0.00000000     0.00052264   0.00000000
   15   31
 -0.01866256   0.00000000     0.03595821   0.00000000     0.00984162   0.00000000
  0.04287826   0.00000000    -0.05330497   0.00000000    -0.02412467   0.00000000
  0.01004736   0.00000000    -0.02021587   0.00000000    -0.00346948   0.00000000
   15   32
 -0.01663761   0.00000000     0.00000000   0.00000000    -0.02845512   0.00000000
 -0.00000000   0.00000000    -0.00278355   0.00000000     0.00000000   0.00000000
 -0.02795802   0.00000000     0.00000000   0.00000000    -0.04889640   0.00000000
   15   33
 -0.00061294   0.00000000     0.00021181   0.00000000     0.00137080   0.00000000
  0.00109665   0.00000000     0.00004110   0.00000000    -0.00031304   0.00000000
  0.00180621   0.00000000     0.00022854   0.00000000     0.00052264   0.00000000
   15   34
 -0.01866256   0.00000000    -0.03595821   0.00000000     0.00984162   0.00000000
 -0.04287826   0.00000000    -0.05330497   0.00000000     0.02412467   0.00000000
  0.01004736   0.00000000     0.02021587   0.00000000    -0.00346948   0.00000000
   15   35
 -0.00135952   0.00000000    -0.00034122   0.00000000    -0.00042416   0.00000000
  0.00003565   0.00000000     0.00158096   0.00000000    -0.00173627   0.00000000
  0.00230378   0.00000000    -0.00018426   0.00000000    -0.00130611   0.00000000
   15   36
 -0.00111079   0.00000000    -0.00017394   0.00000000     0.00163510   0.00000000
 -0.00119741   0.00000000     0.00039325   0.00000000    -0.00081560   0.00000000
 -0.00143665   0.00000000    -0.00036232   0.00000000    -0.00021576   0.00000000
   16    1
  0.00000528   0.00000000     0.00000000   0.00000000     0.00000000   0.00000000
  0.00000000   0.00000000     0.00051273   0.00000000    -0.00326339   0.00000000
  0.00000000   0.00000000    -0.00229337   0.00000000     0.00112814   0.00000000
   16    2
  0.00000528   0.00000000     0.00000000   0.00000000     0.00000000   0.00000000
 -0.00000000   0.00000000     0.00051273   0.00000000     0.00326339   0.00000000
  0.00000000   0.00000000     0.00229337   0.00000000     0.00112814   0.00000000
   16    3
  0.00170086   0.00000000     0.00059253   0.00000000     0.00000000   0.00000000
  0.00166603   0.00000000     0.00330977   0.00000000     0.00000000   0.00000000
 -0.00000000   0.00000000    -0.00000000   0.00000000     0.00058363   0.00000000
   16    4
  0.00170086   0.00000000    -0.00059253   0.00000000     0.00000000   0.00000000
 -0.00166603   0.00000000     0.00330977   0.00000000     0.00000000   0.00000000
 -0.00000000   0.00000000    -0.00000000   0.00000000     0.00058363   0.00000000
   16    5
 -0.00643024   0.00000000    -0.00000000   0.00000000     0.00363724   0.00000000
  0.00000000   0.00000000    -0.00365578   0.00000000    -0.00000000   0.00000000
 -0.00876034   0.00000000    -0.00000000   0.00000000    -0.00896090   0.00000000
   16    6
 -0.01341371   0.00000000    -0.00000000   0.00000000    -0.01056435   0.00000000
 -0.00000000   0.00000000    -0.02609801   0.00000000     0.00000000   0.00000000
  0.00071247   0.00000000     0.00000000   0.00000000    -0.00916488   0.00000000
   16    7
 -0.00123697   0.00000000    -0.00000000   0.00000000     0.01462359   0.00000000
  0.00000000   0.00000000     0.01728765   0.00000000    -0.00000000   0.00000000
  0.01700537   0.00000000    -0.00000000   0.00000000    -0.00618954   0.00000000
   16    8
 -0.01243776   0.00000000    -0.00000000   0.00000000     0.01528053   0.00000000
 -0.00000000   0.00000000    -0.02054763   0.00000000     0.00000000   0.00000000
 -0.00871925   0.00000000     0.00000000   0.00000000     0.00215605   0.00000000
   16    9
 -0.00853256   0.00000000     0.00000000   0.00000000    -0.00717813   0.00000000
  0.00000000   0.00000000    -0.00244568   0.00000000     0.00000000   0.00000000
 -0.00553210   0.00000000    -0.00000000   0.00000000    -0.00558762   0.00000000
   16   10
 -0.00123697   0.00000000     0.00000000   0.00000000    -0.01462359   0.00000000
  0.00000000   0.00000000     0.01728765   0.00000000     0.00000000   0.00000000
 -0.01700537   0.00000000     0.00000000   0.00000000    -0.00618954   0.00000000
   16   11
 -0.00853256   0.00000000     0.00000000   0.00000000     0.00717813   0.00000000
  0.00000000   0.00000000    -0.00244568   0.00000000    -0.00000000   0.00000000
  0.00553210   0.00000000     0.00000000   0.00000000    -0.00558762   0.00000000
   16   12
 -0.00643024   0.00000000     0.00000000   0.00000000    -0.00363724   0.00000000
  0.00000000   0.00000000    -0.00365578   0.00000000    -0.00000000   0.00000000
  0.00876034   0.00000000     0.00000000   0.00000000    -0.00896090   0.00000000
   16   13
  0.01683380   0.00000000     0.00000000   0.00000000     0.00000000   0.00000000
  0.00000000   0.00000000     0.00061726   0.00000000     0.00000000   0.00000000
 -0.00000000   0.00000000    -0.00000000   0.00000000     0.01971547   0.00000000
   16   14
 -0.01341371   0.00000000     0.00000000   0.00000000     0.01056435   0.00000000
  0.00000000   0.00000000    -0.02609801   0.00000000    -0.00000000   0.00000000
 -0.00071247   0.00000000     0.00000000   0.00000000    -0.00916488   0.00000000
   16   15
 -0.01243776   0.00000000    -0.00000000   0.00000000    -0.01528053   0.00000000
  0.00000000   0.00000000    -0.02054763   0.00000000     0.00000000   0.00000000
  0.00871925   0.00000000    -0.00000000   0.00000000     0.00215605   0.00000000
   16   16
  0.20713883   0.00000000     0.00000000   0.00000000     0.00000000   0.00000000
  0.00000000   0.00000000     0.26557407   0.00000000     0.00000000   0.00000000
  0.00000000   0.00000000     0.00000000   0.00000000     0.13647289   0.00000000
   16   17
 -0.00112023   0.00000000     0.00000000   0.00000000     0.00000000   0.00000000
  0.00000000   0.00000000    -0.00080473   0.00000000     0.00000000   0.00000000
  0.00000000   0.00000000     0.00000000   0.00000000    -0.00132882   0.00000000
   16   18
  0.00174133   0.00000000    -0.00000000   0.00000000    -0.00000000   0.00000000
 -0.00000000   0.00000000    -0.00169130   0.00000000     0.00218481   0.00000000
  0.00000000   0.00000000     0.00077108   0.00000000    -0.00199064   0.00000000
   16   19
  0.00185498   0.00000000    -0.00000000   0.00000000     0.00000000   0.00000000
  0.00000000   0.00000000    -0.05338022   0.00000000    -0.04673074   0.00000000
  0.00000000   0.00000000    -0.04027320   0.00000000    -0.02210858   0.00000000
   16   20
  0.00075823   0.00000000    -0.00000000   0.00000000     0.00000000   0.00000000
  0.00000000   0.00000000    -0.04984233   0.00000000    -0.04697706   0.00000000
 -0.00000000   0.00000000    -0.03701421   0.00000000    -0.02029917   0.00000000
   16   21
  0.00154660   0.00000000     0.00000000   0.00000000    -0.00000000   0.00000000
  0.00000000   0.00000000    -0.00146315   0.00000000     0.00135900   0.00000000
  0.00000000   0.00000000     0.00000413   0.00000000    -0.00289166   0.00000000
   16   22
 -0.00384918   0.00000000     0.00000000   0.00000000     0.00000000   0.00000000
  0.00000000   0.00000000    -0.00132279   0.00000000     0.00000000   0.00000000
  0.00000000   0.00000000    -0.00000000   0.00000000     0.00144391   0.00000000
   16   23
  0.00075823   0.00000000     0.00000000   0.00000000    -0.00000000   0.00000000
 -0.00000000   0.00000000    -0.04984233   0.00000000     0.04697706   0.00000000
  0.00000000   0.00000000     0.03701421   0.00000000    -0.02029917   0.00000000
   16   24
  0.00154660   0.00000000    -0.00000000   0.00000000    -0.00000000   0.00000000
  0.00000000   0.00000000    -0.00146315   0.00000000    -0.00135900   0.00000000
 -0.00000000   0.00000000    -0.00000413   0.00000000    -0.00289166   0.00000000
   16   25
  0.00174133   0.00000000    -0.00000000   0.00000000    -0.00000000   0.00000000
 -0.00000000   0.00000000    -0.00169130   0.00000000    -0.00218481   0.00000000
 -0.00000000   0.00000000    -0.00077108   0.00000000    -0.00199064   0.00000000
   16   26
  0.00185498   0.00000000    -0.00000000   0.00000000     0.00000000   0.00000000
  0.00000000   0.00000000    -0.05338022   0.00000000     0.04673074   0.00000000
  0.00000000   0.00000000     0.04027320   0.00000000    -0.02210858   0.00000000
   16   27
 -0.07393013   0.00000000     0.00000000   0.00000000    -0.00141245   0.00000000
  0.00000000   0.00000000    -0.00039136   0.00000000     0.00000000   0.00000000
  0.00219180   0.00000000     0.00000000   0.00000000     0.00284081   0.00000000
   16   28
 -0.00094992   0.00000000    -0.00017708   0.00000000     0.00214277   0.00000000
  0.00294790   0.00000000     0.00169057   0.00000000    -0.00079644   0.00000000
  0.00093354   0.00000000    -0.00075236   0.00000000    -0.00257926   0.00000000
   16   29
  0.00038617   0.00000000    -0.00039307   0.00000000    -0.00240587   0.00000000
  0.00239994   0.00000000     0.00149614   0.00000000     0.00165214   0.00000000
 -0.00049309   0.00000000    -0.00117522   0.00000000    -0.00125441   0.00000000
   16   30
 -0.00094992   0.00000000    -0.00017708   0.00000000    -0.00214277   0.00000000
  0.00294790   0.00000000     0.00169057   0.00000000     0.00079644   0.00000000
 -0.00093354   0.00000000     0.00075236   0.00000000    -0.00257926   0.00000000
   16   31
  0.00038617   0.00000000    -0.00039307   0.00000000     0.00240587   0.00000000
  0.00239994   0.00000000     0.00149614   0.00000000    -0.00165214   0.00000000
  0.00049309   0.00000000     0.00117522   0.00000000    -0.00125441   0.00000000
   16   32
 -0.07393013   0.00000000    -0.00000000   0.00000000     0.00141245   0.00000000
  0.00000000   0.00000000    -0.00039136   0.00000000     0.00000000   0.00000000
 -0.00219180   0.00000000    -0.00000000   0.00000000     0.00284081   0.00000000
   16   33
 -0.00094992   0.00000000     0.00017708   0.00000000    -0.00214277   0.00000000
 -0.00294790   0.00000000     0.00169057   0.00000000    -0.00079644   0.00000000
 -0.00093354   0.00000000    -0.00075236   0.00000000    -0.00257926   0.00000000
   16   34
  0.00038617   0.00000000     0.00039307   0.00000000     0.00240587   0.00000000
 -0.00239994   0.00000000     0.00149614   0.00000000     0.00165214   0.00000000
  0.00049309   0.00000000    -0.00117522   0.00000000    -0.00125441   0.00000000
   16   35
 -0.00094992   0.00000000     0.00017708   0.00000000     0.00214277   0.00000000
 -0.00294790   0.00000000     0.00169057   0.00000000     0.00079644   0.00000000
  0.00093354   0.00000000     0.00075236   0.00000000    -0.00257926   0.00000000
   16   36
  0.00038617   0.00000000     0.00039307   0.00000000    -0.00240587   0.00000000
 -0.00239994   0.00000000     0.00149614   0.00000000    -0.00165214   0.00000000
 -0.00049309   0.00000000     0.00117522   0.00000000    -0.00125441   0.00000000
   17    1
  0.00066783   0.00000000     0.00000000   0.00000000     0.00000000   0.00000000
  0.00000000   0.00000000    -0.00433798   0.00000000    -0.00000000   0.00000000
  0.00000000   0.00000000     0.00000000   0.00000000     0.00125824   0.00000000
   17    2
  0.00066783   0.00000000     0.00000000   0.00000000     0.00000000   0.00000000
  0.00000000   0.00000000    -0.00433798   0.00000000     0.00000000   0.00000000
  0.00000000   0.00000000     0.00000000   0.00000000     0.00125824   0.00000000
   17    3
  0.00053680   0.00000000    -0.00000000   0.00000000    -0.00000000   0.00000000
 -0.00000000   0.00000000     0.00039518   0.00000000     0.00000000   0.00000000
 -0.00000000   0.00000000    -0.00000000   0.00000000    -0.00088463   0.00000000
   17    4
  0.00053680   0.00000000     0.00000000   0.00000000     0.00000000   0.00000000
 -0.00000000   0.00000000     0.00039518   0.00000000     0.00000000   0.00000000
  0.00000000   0.00000000    -0.00000000   0.00000000    -0.00088463   0.00000000
   17    5
 -0.01679944   0.00000000    -0.00000000   0.00000000     0.03095939   0.00000000
  0.00000000   0.00000000    -0.00047549   0.00000000     0.00000000   0.00000000
  0.03411916   0.00000000    -0.00000000   0.00000000    -0.05305851   0.00000000
   17    6
 -0.01679944   0.00000000     0.00000000   0.00000000    -0.03095939   0.00000000
  0.00000000   0.00000000    -0.00047549   0.00000000     0.00000000   0.00000000
 -0.03411916   0.00000000     0.00000000   0.00000000    -0.05305851   0.00000000
   17    7
 -0.06469675   0.00000000     0.00000000   0.00000000    -0.00000000   0.00000000
  0.00000000   0.00000000    -0.00262273   0.00000000    -0.00000000   0.00000000
  0.00000000   0.00000000     0.00000000   0.00000000    -0.00009019   0.00000000
   17    8
 -0.00054216   0.00000000     0.00000000   0.00000000     0.00212477   0.00000000
  0.00000000   0.00000000    -0.00148185   0.00000000     0.00000000   0.00000000
  0.00290979   0.00000000    -0.00000000   0.00000000    -0.00155303   0.00000000
   17    9
 -0.00054216   0.00000000     0.00000000   0.00000000    -0.00212477   0.00000000
  0.00000000   0.00000000    -0.00148185   0.00000000     0.00000000   0.00000000
 -0.00290979   0.00000000     0.00000000   0.00000000    -0.00155303   0.00000000
   17   10
 -0.06469675   0.00000000     0.00000000   0.00000000     0.00000000   0.00000000
  0.00000000   0.00000000    -0.00262273   0.00000000     0.00000000   0.00000000
  0.00000000   0.00000000     0.00000000   0.00000000    -0.00009019   0.00000000
   17   11
 -0.00054216   0.00000000     0.00000000   0.00000000     0.00212477   0.00000000
  0.00000000   0.00000000    -0.00148185   0.00000000     0.00000000   0.00000000
  0.00290979   0.00000000     0.00000000   0.00000000    -0.00155303   0.00000000
   17   12
 -0.01679944   0.00000000     0.00000000   0.00000000    -0.03095939   0.00000000
  0.00000000   0.00000000    -0.00047549   0.00000000     0.00000000   0.00000000
 -0.03411916   0.00000000     0.00000000   0.00000000    -0.05305851   0.00000000
   17   13
 -0.00112023   0.00000000    -0.00000000   0.00000000    -0.00000000   0.00000000
  0.00000000   0.00000000    -0.00080473   0.00000000     0.00000000   0.00000000
  0.00000000   0.00000000     0.00000000   0.00000000    -0.00132882   0.00000000
   17   14
 -0.01679944   0.00000000     0.00000000   0.00000000     0.03095939   0.00000000
  0.00000000   0.00000000    -0.00047549   0.00000000     0.00000000   0.00000000
  0.03411916   0.00000000     0.00000000   0.00000000    -0.05305851   0.00000000
   17   15
 -0.00054216   0.00000000    -0.00000000   0.00000000    -0.00212477   0.00000000
  0.00000000   0.00000000    -0.00148185   0.00000000     0.00000000   0.00000000
 -0.00290979   0.00000000     0.00000000   0.00000000    -0.00155303   0.00000000
   17   16
 -0.00112023   0.00000000     0.00000000   0.00000000     0.00000000   0.00000000
  0.00000000   0.00000000    -0.00080473   0.00000000     0.00000000   0.00000000
  0.00000000   0.00000000     0.00000000   0.00000000    -0.00132882   0.00000000
   17   17
  0.25244629   0.00000000     0.00000000   0.00000000     0.00000000   0.00000000
  0.00000000   0.00000000     0.06440013   0.00000000     0.00000000   0.00000000
  0.00000000   0.00000000     0.00000000   0.00000000     0.27007727   0.00000000
   17   18
  0.00143358   0.00000000    -0.00000000   0.00000000    -0.00000000   0.00000000
 -0.00000000   0.00000000    -0.00338066   0.00000000    -0.00767254   0.00000000
  0.00000000   0.00000000    -0.00382325   0.00000000    -0.01197096   0.00000000
   17   19
  0.00143358   0.00000000     0.00000000   0.00000000     0.00000000   0.00000000
 -0.00000000   0.00000000    -0.00338066   0.00000000     0.00767254   0.00000000
 -0.00000000   0.00000000     0.00382325   0.00000000    -0.01197096   0.00000000
   17   20
  0.00140652   0.00000000    -0.00000000   0.00000000    -0.00000000   0.00000000
  0.00000000   0.00000000    -0.00170533   0.00000000    -0.00008137   0.00000000
 -0.00000000   0.00000000    -0.00029474   0.00000000     0.00157421   0.00000000
   17   21
  0.00140652   0.00000000    -0.00000000   0.00000000     0.00000000   0.00000000
  0.00000000   0.00000000    -0.00170533   0.00000000     0.00008137   0.00000000
  0.00000000   0.00000000     0.00029474   0.00000000     0.00157421   0.00000000
   17   22
 -0.00195447   0.00000000     0.00000000   0.00000000     0.00000000   0.00000000
  0.00000000   0.00000000     0.00211082   0.00000000     0.00000000   0.00000000
  0.00000000   0.00000000     0.00000000   0.00000000     0.00345505   0.00000000
   17   23
  0.00140652   0.00000000     0.00000000   0.00000000    -0.00000000   0.00000000
  0.00000000   0.00000000    -0.00170533   0.00000000     0.00008137   0.00000000
  0.00000000   0.00000000     0.00029474   0.00000000     0.00157421   0.00000000
   17   24
  0.00140652   0.00000000     0.00000000   0.00000000     0.00000000   0.00000000
  0.00000000   0.00000000    -0.00170533   0.00000000    -0.00008137   0.00000000
  0.00000000   0.00000000    -0.00029474   0.00000000     0.00157421   0.00000000
   17   25
  0.00143358   0.00000000     0.00000000   0.00000000     0.00000000   0.00000000
  0.00000000   0.00000000    -0.00338066   0.00000000     0.00767254   0.00000000
  0.00000000   0.00000000     0.00382325   0.00000000    -0.01197096   0.00000000
   17   26
  0.00143358   0.00000000     0.00000000   0.00000000    -0.00000000   0.00000000
 -0.00000000   0.00000000    -0.00338066   0.00000000    -0.00767254   0.00000000
 -0.00000000   0.00000000    -0.00382325   0.00000000    -0.01197096   0.00000000
   17   27
  0.00151701   0.00000000     0.00000000   0.00000000    -0.00357480   0.00000000
 -0.00000000   0.00000000     0.00105145   0.00000000    -0.00000000   0.00000000
 -0.00303214   0.00000000    -0.00000000   0.00000000    -0.00171745   0.00000000
   17   28
 -0.00828689   0.00000000     0.00259122   0.00000000    -0.00647915   0.00000000
  0.00646881   0.00000000    -0.00321250   0.00000000     0.00395573   0.00000000
 -0.00532287   0.00000000     0.00156368   0.00000000    -0.00099668   0.00000000
   17   29
 -0.00828689   0.00000000    -0.00259122   0.00000000    -0.00647915   0.00000000
 -0.00646881   0.00000000    -0.00321250   0.00000000    -0.00395573   0.00000000
 -0.00532287   0.00000000    -0.00156368   0.00000000    -0.00099668   0.00000000
   17   30
 -0.00828689   0.00000000     0.00259122   0.00000000     0.00647915   0.00000000
  0.00646881   0.00000000    -0.00321250   0.00000000    -0.00395573   0.00000000
  0.00532287   0.00000000    -0.00156368   0.00000000    -0.00099668   0.00000000
   17   31
 -0.00828689   0.00000000    -0.00259122   0.00000000     0.00647915   0.00000000
 -0.00646881   0.00000000    -0.00321250   0.00000000     0.00395573   0.00000000
  0.00532287   0.00000000     0.00156368   0.00000000    -0.00099668   0.00000000
   17   32
  0.00151701   0.00000000     0.00000000   0.00000000     0.00357480   0.00000000
  0.00000000   0.00000000     0.00105145   0.00000000     0.00000000   0.00000000
  0.00303214   0.00000000     0.00000000   0.00000000    -0.00171745   0.00000000
   17   33
 -0.00828689   0.00000000    -0.00259122   0.00000000     0.00647915   0.00000000
 -0.00646881   0.00000000    -0.00321250   0.00000000     0.00395573   0.00000000
  0.00532287   0.00000000     0.00156368   0.00000000    -0.00099668   0.00000000
   17   34
 -0.00828689   0.00000000     0.00259122   0.00000000     0.00647915   0.00000000
  0.00646881   0.00000000    -0.00321250   0.00000000    -0.00395573   0.00000000
  0.00532287   0.00000000    -0.00156368   0.00000000    -0.00099668   0.00000000
   17   35
 -0.00828689   0.00000000    -0.00259122   0.00000000    -0.00647915   0.00000000
 -0.00646881   0.00000000    -0.00321250   0.00000000    -0.00395573   0.00000000
 -0.00532287   0.00000000    -0.00156368   0.00000000    -0.00099668   0.00000000
   17   36
 -0.00828689   0.00000000     0.00259122   0.00000000    -0.00647915   0.00000000
  0.00646881   0.00000000    -0.00321250   0.00000000     0.00395573   0.00000000
 -0.00532287   0.00000000     0.00156368   0.00000000    -0.00099668   0.00000000
   18    1
  0.00073106   0.00000000     0.00000000   0.00000000     0.00000000   0.00000000
 -0.00000000   0.00000000     0.00051879   0.00000000     0.00012896   0.00000000
 -0.00000000   0.00000000     0.00006373   0.00000000     0.00009315   0.00000000
   18    2
  0.00260104   0.00000000     0.00000000   0.00000000    -0.00000000   0.00000000
  0.00000000   0.00000000    -0.00509228   0.00000000     0.01122655   0.00000000
  0.00000000   0.00000000     0.01103824   0.00000000    -0.01505463   0.00000000
   18    3
 -0.01046231   0.00000000     0.00961589   0.00000000     0.00745419   0.00000000
  0.00972049   0.00000000    -0.00509166   0.00000000    -0.00564011   0.00000000
  0.00744297   0.00000000    -0.00558947   0.00000000    -0.00236307   0.00000000
   18    4
 -0.01046231   0.00000000    -0.00961589   0.00000000    -0.00745419   0.00000000
 -0.00972049   0.00000000    -0.00509166   0.00000000    -0.00564011   0.00000000
 -0.00744297   0.00000000    -0.00558947   0.00000000    -0.00236307   0.00000000
   18    5
 -0.01619972   0.00000000    -0.04008284   0.00000000    -0.01006481   0.00000000
 -0.03397073   0.00000000    -0.05269128   0.00000000    -0.01994137   0.00000000
 -0.01016638   0.00000000    -0.02314944   0.00000000    -0.00387742   0.00000000
   18    6
 -0.00130365   0.00000000     0.00187075   0.00000000     0.00176829   0.00000000
  0.00112968   0.00000000    -0.00029527   0.00000000    -0.00012665   0.00000000
  0.00195133   0.00000000    -0.00069119   0.00000000     0.00064901   0.00000000
   18    7
  0.00027476   0.00000000    -0.00290361   0.00000000     0.00101554   0.00000000
  0.00034823   0.00000000     0.00128006   0.00000000     0.00083683   0.00000000
 -0.00242204   0.00000000    -0.00020017   0.00000000    -0.00165498   0.00000000
   18    8
 -0.00152522   0.00000000     0.00138290   0.00000000     0.00126538   0.00000000
 -0.00066546   0.00000000    -0.00020664   0.00000000    -0.00003780   0.00000000
 -0.00224265   0.00000000    -0.00222219   0.00000000     0.00043696   0.00000000
   18    9
 -0.00073043   0.00000000     0.00121447   0.00000000     0.00297367   0.00000000
  0.00087335   0.00000000     0.00082473   0.00000000    -0.00080615   0.00000000
 -0.00030148   0.00000000     0.00214589   0.00000000    -0.00072877   0.00000000
   18   10
  0.00027476   0.00000000     0.00290361   0.00000000    -0.00101554   0.00000000
 -0.00034823   0.00000000     0.00128006   0.00000000     0.00083683   0.00000000
  0.00242204   0.00000000    -0.00020017   0.00000000    -0.00165498   0.00000000
   18   11
 -0.00073043   0.00000000    -0.00121447   0.00000000    -0.00297367   0.00000000
 -0.00087335   0.00000000     0.00082473   0.00000000    -0.00080615   0.00000000
  0.00030148   0.00000000     0.00214589   0.00000000    -0.00072877   0.00000000
   18   12
 -0.01619972   0.00000000     0.04008284   0.00000000     0.01006481   0.00000000
  0.03397073   0.00000000    -0.05269128   0.00000000    -0.01994137   0.00000000
  0.01016638   0.00000000    -0.02314944   0.00000000    -0.00387742   0.00000000
   18   13
  0.00185498   0.00000000     0.00000000   0.00000000     0.00000000   0.00000000
  0.00000000   0.00000000    -0.05338022   0.00000000     0.04027320   0.00000000
 -0.00000000   0.00000000     0.04673074   0.00000000    -0.02210858   0.00000000
   18   14
 -0.00130365   0.00000000    -0.00187075   0.00000000    -0.00176829   0.00000000
 -0.00112968   0.00000000    -0.00029527   0.00000000    -0.00012665   0.00000000
 -0.00195133   0.00000000    -0.00069119   0.00000000     0.00064901   0.00000000
   18   15
 -0.00152522   0.00000000    -0.00138290   0.00000000    -0.00126538   0.00000000
  0.00066546   0.00000000    -0.00020664   0.00000000    -0.00003780   0.00000000
  0.00224265   0.00000000    -0.00222219   0.00000000     0.00043696   0.00000000
   18   16
  0.00174133   0.00000000    -0.00000000   0.00000000     0.00000000   0.00000000
 -0.00000000   0.00000000    -0.00169130   0.00000000     0.00077108   0.00000000
 -0.00000000   0.00000000     0.00218481   0.00000000    -0.00199064   0.00000000
   18   17
  0.00143358   0.00000000    -0.00000000   0.00000000     0.00000000   0.00000000
 -0.00000000   0.00000000    -0.00338066   0.00000000    -0.00382325   0.00000000
 -0.00000000   0.00000000    -0.00767254   0.00000000    -0.01197096   0.00000000
   18   18
  0.12503179   0.00000000    -0.00000000   0.00000000    -0.00000000   0.00000000
 -0.00000000   0.00000000     0.21786218   0.00000000    -0.00140927   0.00000000
 -0.00000000   0.00000000    -0.00140927   0.00000000     0.12488981   0.00000000
   18   19
 -0.00021286   0.00000000     0.00000000   0.00000000     0.00000000   0.00000000
  0.00000000   0.00000000     0.00013608   0.00000000     0.00039879   0.00000000
 -0.00000000   0.00000000    -0.00039879   0.00000000    -0.00013666   0.00000000
   18   20
 -0.00022087   0.00000000    -0.00000000   0.00000000    -0.00000000   0.00000000
 -0.00000000   0.00000000    -0.01019153   0.00000000    -0.00038255   0.00000000
  0.00000000   0.00000000    -0.00022373   0.00000000     0.00169522   0.00000000
   18   21
  0.00116393   0.00000000    -0.00000000   0.00000000     0.00000000   0.00000000
 -0.00000000   0.00000000    -0.00118023   0.00000000     0.00033832   0.00000000
  0.00000000   0.00000000     0.00035506   0.00000000    -0.00139637   0.00000000
   18   22
  0.00204663   0.00000000     0.00000000   0.00000000     0.00000000   0.00000000
 -0.00000000   0.00000000    -0.00141487   0.00000000    -0.00004982   0.00000000
  0.00000000   0.00000000     0.00004928   0.00000000     0.00192233   0.00000000
   18   23
 -0.00489856   0.00000000     0.00000000   0.00000000     0.00000000   0.00000000
 -0.00000000   0.00000000     0.00018647   0.00000000    -0.00250570   0.00000000
 -0.00000000   0.00000000    -0.00278331   0.00000000     0.00181198   0.00000000
   18   24
 -0.00010623   0.00000000    -0.00000000   0.00000000     0.00000000   0.00000000
 -0.00000000   0.00000000    -0.00544977   0.00000000     0.00259458   0.00000000
  0.00000000   0.00000000    -0.00152210   0.00000000    -0.03573225   0.00000000
   18   25
  0.00184251   0.00000000     0.00000000   0.00000000     0.00000000   0.00000000
  0.00000000   0.00000000    -0.00492061   0.00000000    -0.00055140   0.00000000
  0.00000000   0.00000000     0.00055140   0.00000000     0.00169684   0.00000000
   18   26
 -0.00007525   0.00000000     0.00000000   0.00000000    -0.00000000   0.00000000
 -0.00000000   0.00000000     0.00036320   0.00000000    -0.00012822   0.00000000
  0.00000000   0.00000000    -0.00012822   0.00000000     0.00005929   0.00000000
   18   27
 -0.00847342   0.00000000     0.00657453   0.00000000    -0.00569830   0.00000000
  0.00324245   0.00000000    -0.00348004   0.00000000     0.00199576   0.00000000
 -0.00584329   0.00000000     0.00382935   0.00000000    -0.00170172   0.00000000
   18   28
  0.00021134   0.00000000    -0.00228624   0.00000000    -0.00302864   0.00000000
 -0.00182540   0.00000000    -0.00013969   0.00000000     0.00137979   0.00000000
 -0.00313264   0.00000000     0.00134787   0.00000000    -0.00308700   0.00000000
   18   29
 -0.02749221   0.00000000    -0.00140399   0.00000000     0.01555229   0.00000000
  0.00188629   0.00000000    -0.00505096   0.00000000    -0.00145854   0.00000000
  0.01570606   0.00000000     0.00097514   0.00000000    -0.00946873   0.00000000
   18   30
  0.00028972   0.00000000     0.00038060   0.00000000     0.00083713   0.00000000
 -0.00015035   0.00000000    -0.00031586   0.00000000     0.00039486   0.00000000
  0.00079809   0.00000000     0.00005521   0.00000000    -0.00044036   0.00000000
   18   31
 -0.00105540   0.00000000    -0.00030506   0.00000000    -0.00127956   0.00000000
 -0.00048602   0.00000000    -0.00101601   0.00000000    -0.00003726   0.00000000
 -0.00118531   0.00000000     0.00008134   0.00000000     0.00034681   0.00000000
   18   32
 -0.00847342   0.00000000    -0.00657453   0.00000000     0.00569830   0.00000000
 -0.00324245   0.00000000    -0.00348004   0.00000000     0.00199576   0.00000000
  0.00584329   0.00000000     0.00382935   0.00000000    -0.00170172   0.00000000
   18   33
  0.00021134   0.00000000     0.00228624   0.00000000     0.00302864   0.00000000
  0.00182540   0.00000000    -0.00013969   0.00000000     0.00137979   0.00000000
  0.00313264   0.00000000     0.00134787   0.00000000    -0.00308700   0.00000000
   18   34
 -0.02749221   0.00000000     0.00140399   0.00000000    -0.01555229   0.00000000
 -0.00188629   0.00000000    -0.00505096   0.00000000    -0.00145854   0.00000000
 -0.01570606   0.00000000     0.00097514   0.00000000    -0.00946873   0.00000000
   18   35
  0.00028972   0.00000000    -0.00038060   0.00000000    -0.00083713   0.00000000
  0.00015035   0.00000000    -0.00031586   0.00000000     0.00039486   0.00000000
 -0.00079809   0.00000000     0.00005521   0.00000000    -0.00044036   0.00000000
   18   36
 -0.00105540   0.00000000     0.00030506   0.00000000     0.00127956   0.00000000
  0.00048602   0.00000000    -0.00101601   0.00000000    -0.00003726   0.00000000
  0.00118531   0.00000000     0.00008134   0.00000000     0.00034681   0.00000000
   19    1
  0.00073106   0.00000000     0.00000000   0.00000000    -0.00000000   0.00000000
  0.00000000   0.00000000     0.00051879   0.00000000    -0.00012896   0.00000000
  0.00000000   0.00000000    -0.00006373   0.00000000     0.00009315   0.00000000
   19    2
  0.00260104   0.00000000     0.00000000   0.00000000    -0.00000000   0.00000000
  0.00000000   0.00000000    -0.00509228   0.00000000    -0.01122655   0.00000000
 -0.00000000   0.00000000    -0.01103824   0.00000000    -0.01505463   0.00000000
   19    3
 -0.01046231   0.00000000    -0.00961589   0.00000000     0.00745419   0.00000000
 -0.00972049   0.00000000    -0.00509166   0.00000000     0.00564011   0.00000000
  0.00744297   0.00000000     0.00558947   0.00000000    -0.00236307   0.00000000
   19    4
 -0.01046231   0.00000000     0.00961589   0.00000000    -0.00745419   0.00000000
  0.00972049   0.00000000    -0.00509166   0.00000000     0.00564011   0.00000000
 -0.00744297   0.00000000     0.00558947   0.00000000    -0.00236307   0.00000000
   19    5
 -0.00130365   0.00000000     0.00187075   0.00000000    -0.00176829   0.00000000
  0.00112968   0.00000000    -0.00029527   0.00000000     0.00012665   0.00000000
 -0.00195133   0.00000000     0.00069119   0.00000000     0.00064901   0.00000000
   19    6
 -0.01619972   0.00000000    -0.04008284   0.00000000     0.01006481   0.00000000
 -0.03397073   0.00000000    -0.05269128   0.00000000     0.01994137   0.00000000
  0.01016638   0.00000000     0.02314944   0.00000000    -0.00387742   0.00000000
   19    7
  0.00027476   0.00000000    -0.00290361   0.00000000    -0.00101554   0.00000000
  0.00034823   0.00000000     0.00128006   0.00000000    -0.00083683   0.00000000
  0.00242204   0.00000000     0.00020017   0.00000000    -0.00165498   0.00000000
   19    8
 -0.00073043   0.00000000     0.00121447   0.00000000    -0.00297367   0.00000000
  0.00087335   0.00000000     0.00082473   0.00000000     0.00080615   0.00000000
  0.00030148   0.00000000    -0.00214589   0.00000000    -0.00072877   0.00000000
   19    9
 -0.00152522   0.00000000     0.00138290   0.00000000    -0.00126538   0.00000000
 -0.00066546   0.00000000    -0.00020664   0.00000000     0.00003780   0.00000000
  0.00224265   0.00000000     0.00222219   0.00000000     0.00043696   0.00000000
   19   10
  0.00027476   0.00000000     0.00290361   0.00000000     0.00101554   0.00000000
 -0.00034823   0.00000000     0.00128006   0.00000000    -0.00083683   0.00000000
 -0.00242204   0.00000000     0.00020017   0.00000000    -0.00165498   0.00000000
   19   11
 -0.00152522   0.00000000    -0.00138290   0.00000000     0.00126538   0.00000000
  0.00066546   0.00000000    -0.00020664   0.00000000     0.00003780   0.00000000
 -0.00224265   0.00000000     0.00222219   0.00000000     0.00043696   0.00000000
   19   12
 -0.00130365   0.00000000    -0.00187075   0.00000000     0.00176829   0.00000000
 -0.00112968   0.00000000    -0.00029527   0.00000000     0.00012665   0.00000000
  0.00195133   0.00000000     0.00069119   0.00000000     0.00064901   0.00000000
   19   13
  0.00174133   0.00000000    -0.00000000   0.00000000    -0.00000000   0.00000000
  0.00000000   0.00000000    -0.00169130   0.00000000    -0.00077108   0.00000000
  0.00000000   0.00000000    -0.00218481   0.00000000    -0.00199064   0.00000000
   19   14
 -0.01619972   0.00000000     0.04008284   0.00000000    -0.01006481   0.00000000
  0.03397073   0.00000000    -0.05269128   0.00000000     0.01994137   0.00000000
 -0.01016638   0.00000000     0.02314944   0.00000000    -0.00387742   0.00000000
   19   15
 -0.00073043   0.00000000    -0.00121447   0.00000000     0.00297367   0.00000000
 -0.00087335   0.00000000     0.00082473   0.00000000     0.00080615   0.00000000
 -0.00030148   0.00000000    -0.00214589   0.00000000    -0.00072877   0.00000000
   19   16
  0.00185498   0.00000000     0.00000000   0.00000000     0.00000000   0.00000000
 -0.00000000   0.00000000    -0.05338022   0.00000000    -0.04027320   0.00000000
  0.00000000   0.00000000    -0.04673074   0.00000000    -0.02210858   0.00000000
   19   17
  0.00143358   0.00000000    -0.00000000   0.00000000    -0.00000000   0.00000000
  0.00000000   0.00000000    -0.00338066   0.00000000     0.00382325   0.00000000
  0.00000000   0.00000000     0.00767254   0.00000000    -0.01197096   0.00000000
   19   18
 -0.00021286   0.00000000     0.00000000   0.00000000    -0.00000000   0.00000000
  0.00000000   0.00000000     0.00013608   0.00000000    -0.00039879   0.00000000
  0.00000000   0.00000000     0.00039879   0.00000000    -0.00013666   0.00000000
   19   19
  0.12503179   0.00000000     0.00000000   0.00000000    -0.00000000   0.00000000
  0.00000000   0.00000000     0.21786218   0.00000000     0.00140927   0.00000000
 -0.00000000   0.00000000     0.00140927   0.00000000     0.12488981   0.00000000
   19   20
  0.00116393   0.00000000     0.00000000   0.00000000    -0.00000000   0.00000000
 -0.00000000   0.00000000    -0.00118023   0.00000000    -0.00033832   0.00000000
  0.00000000   0.00000000    -0.00035506   0.00000000    -0.00139637   0.00000000
   19   21
 -0.00022087   0.00000000     0.00000000   0.00000000    -0.00000000   0.00000000
  0.00000000   0.00000000    -0.01019153   0.00000000     0.00038255   0.00000000
  0.00000000   0.00000000     0.00022373   0.00000000     0.00169522   0.00000000
   19   22
  0.00204663   0.00000000     0.00000000   0.00000000    -0.00000000   0.00000000
  0.00000000   0.00000000    -0.00141487   0.00000000     0.00004982   0.00000000
  0.00000000   0.00000000    -0.00004928   0.00000000     0.00192233   0.00000000
   19   23
 -0.00010623   0.00000000     0.00000000   0.00000000     0.00000000   0.00000000
  0.00000000   0.00000000    -0.00544977   0.00000000    -0.00259458   0.00000000
  0.00000000   0.00000000     0.00152210   0.00000000    -0.03573225   0.00000000
   19   24
 -0.00489856   0.00000000     0.00000000   0.00000000     0.00000000   0.00000000
  0.00000000   0.00000000     0.00018647   0.00000000     0.00250570   0.00000000
 -0.00000000   0.00000000     0.00278331   0.00000000     0.00181198   0.00000000
   19   25
 -0.00007525   0.00000000     0.00000000   0.00000000    -0.00000000   0.00000000
  0.00000000   0.00000000     0.00036320   0.00000000     0.00012822   0.00000000
 -0.00000000   0.00000000     0.00012822   0.00000000     0.00005929   0.00000000
   19   26
  0.00184251   0.00000000     0.00000000   0.00000000    -0.00000000   0.00000000
  0.00000000   0.00000000    -0.00492061   0.00000000     0.00055140   0.00000000
  0.00000000   0.00000000    -0.00055140   0.00000000     0.00169684   0.00000000
   19   27
 -0.00847342   0.00000000    -0.00657453   0.00000000    -0.00569830   0.00000000
 -0.00324245   0.00000000    -0.00348004   0.00000000    -0.00199576   0.00000000
 -0.00584329   0.00000000    -0.00382935   0.00000000    -0.00170172   0.00000000
   19   28
 -0.02749221   0.00000000     0.00140399   0.00000000     0.01555229   0.00000000
 -0.00188629   0.00000000    -0.00505096   0.00000000     0.00145854   0.00000000
  0.01570606   0.00000000    -0.00097514   0.00000000    -0.00946873   0.00000000
   19   29
  0.00021134   0.00000000     0.00228624   0.00000000    -0.00302864   0.00000000
  0.00182540   0.00000000    -0.00013969   0.00000000    -0.00137979   0.00000000
 -0.00313264   0.00000000    -0.00134787   0.00000000    -0.00308700   0.00000000
   19   30
 -0.00105540   0.00000000     0.00030506   0.00000000    -0.00127956   0.00000000
  0.00048602   0.00000000    -0.00101601   0.00000000     0.00003726   0.00000000
 -0.00118531   0.00000000    -0.00008134   0.00000000     0.00034681   0.00000000
   19   31
  0.00028972   0.00000000    -0.00038060   0.00000000     0.00083713   0.00000000
  0.00015035   0.00000000    -0.00031586   0.00000000    -0.00039486   0.00000000
  0.00079809   0.00000000    -0.00005521   0.00000000    -0.00044036   0.00000000
   19   32
 -0.00847342   0.00000000     0.00657453   0.00000000     0.00569830   0.00000000
  0.00324245   0.00000000    -0.00348004   0.00000000    -0.00199576   0.00000000
  0.00584329   0.00000000    -0.00382935   0.00000000    -0.00170172   0.00000000
   19   33
 -0.02749221   0.00000000    -0.00140399   0.00000000    -0.01555229   0.00000000
  0.00188629   0.00000000    -0.00505096   0.00000000     0.00145854   0.00000000
 -0.01570606   0.00000000    -0.00097514   0.00000000    -0.00946873   0.00000000
   19   34
  0.00021134   0.00000000    -0.00228624   0.00000000     0.00302864   0.00000000
 -0.00182540   0.00000000    -0.00013969   0.00000000    -0.00137979   0.00000000
  0.00313264   0.00000000    -0.00134787   0.00000000    -0.00308700   0.00000000
   19   35
 -0.00105540   0.00000000    -0.00030506   0.00000000     0.00127956   0.00000000
 -0.00048602   0.00000000    -0.00101601   0.00000000     0.00003726   0.00000000
  0.00118531   0.00000000    -0.00008134   0.00000000     0.00034681   0.00000000
   19   36
  0.00028972   0.00000000     0.00038060   0.00000000    -0.00083713   0.00000000
 -0.00015035   0.00000000    -0.00031586   0.00000000    -0.00039486   0.00000000
 -0.00079809   0.00000000    -0.00005521   0.00000000    -0.00044036   0.00000000
   20    1
  0.00085843   0.00000000     0.00000000   0.00000000    -0.00000000   0.00000000
 -0.00000000   0.00000000     0.00065992   0.00000000    -0.00007998   0.00000000
 -0.00000000   0.00000000    -0.00006325   0.00000000     0.00021248   0.00000000
   20    2
  0.00245731   0.00000000    -0.00000000   0.00000000    -0.00000000   0.00000000
 -0.00000000   0.00000000    -0.00511253   0.00000000    -0.01078074   0.00000000
  0.00000000   0.00000000    -0.01076758   0.00000000    -0.01451969   0.00000000
   20    3
 -0.00991708   0.00000000    -0.00920444   0.00000000     0.00697886   0.00000000
 -0.00916835   0.00000000    -0.00498533   0.00000000     0.00538567   0.00000000
  0.00705605   0.00000000     0.00533367   0.00000000    -0.00220148   0.00000000
   20    4
 -0.00991708   0.00000000     0.00920444   0.00000000    -0.00697886   0.00000000
  0.00916835   0.00000000    -0.00498533   0.00000000     0.00538567   0.00000000
 -0.00705605   0.00000000     0.00533367   0.00000000    -0.00220148   0.00000000
   20    5
 -0.00242358   0.00000000    -0.00258681   0.00000000     0.00095978   0.00000000
  0.00058665   0.00000000     0.00059009   0.00000000     0.00039304   0.00000000
 -0.00039186   0.00000000     0.00183736   0.00000000     0.00166771   0.00000000
   20    6
 -0.00080950   0.00000000    -0.00113324   0.00000000     0.00236793   0.00000000
 -0.00032682   0.00000000     0.00175555   0.00000000    -0.00000410   0.00000000
  0.00146992   0.00000000    -0.00309874   0.00000000    -0.00292999   0.00000000
   20    7
 -0.00065085   0.00000000    -0.00134627   0.00000000    -0.00097921   0.00000000
 -0.00052489   0.00000000     0.00195962   0.00000000     0.00043157   0.00000000
  0.00216170   0.00000000     0.00121950   0.00000000    -0.00153535   0.00000000
   20    8
 -0.01645358   0.00000000     0.04306285   0.00000000    -0.01169081   0.00000000
  0.03531174   0.00000000    -0.05363305   0.00000000     0.02135172   0.00000000
 -0.01143516   0.00000000     0.02568109   0.00000000    -0.00643443   0.00000000
   20    9
 -0.00105594   0.00000000    -0.00099169   0.00000000     0.00084037   0.00000000
 -0.00044820   0.00000000    -0.00002968   0.00000000    -0.00020563   0.00000000
  0.00204849   0.00000000     0.00065019   0.00000000     0.00093178   0.00000000
   20   10
 -0.00065085   0.00000000     0.00134627   0.00000000     0.00097921   0.00000000
  0.00052489   0.00000000     0.00195962   0.00000000     0.00043157   0.00000000
 -0.00216170   0.00000000     0.00121950   0.00000000    -0.00153535   0.00000000
   20   11
 -0.00105594   0.00000000     0.00099169   0.00000000    -0.00084037   0.00000000
  0.00044820   0.00000000    -0.00002968   0.00000000    -0.00020563   0.00000000
 -0.00204849   0.00000000     0.00065019   0.00000000     0.00093178   0.00000000
   20   12
 -0.00242358   0.00000000     0.00258681   0.00000000    -0.00095978   0.00000000
 -0.00058665   0.00000000     0.00059009   0.00000000     0.00039304   0.00000000
  0.00039186   0.00000000     0.00183736   0.00000000     0.00166771   0.00000000
   20   13
  0.00154660   0.00000000     0.00000000   0.00000000     0.00000000   0.00000000
 -0.00000000   0.00000000    -0.00146315   0.00000000    -0.00000413   0.00000000
 -0.00000000   0.00000000    -0.00135900   0.00000000    -0.00289166   0.00000000
   20   14
 -0.00080950   0.00000000     0.00113324   0.00000000    -0.00236793   0.00000000
  0.00032682   0.00000000     0.00175555   0.00000000    -0.00000410   0.00000000
 -0.00146992   0.00000000    -0.00309874   0.00000000    -0.00292999   0.00000000
   20   15
 -0.01645358   0.00000000    -0.04306285   0.00000000     0.01169081   0.00000000
 -0.03531174   0.00000000    -0.05363305   0.00000000     0.02135172   0.00000000
  0.01143516   0.00000000     0.02568109   0.00000000    -0.00643443   0.00000000
   20   16
  0.00075823   0.00000000     0.00000000   0.00000000    -0.00000000   0.00000000
 -0.00000000   0.00000000    -0.04984233   0.00000000    -0.03701421   0.00000000
  0.00000000   0.00000000    -0.04697706   0.00000000    -0.02029917   0.00000000
   20   17
  0.00140652   0.00000000     0.00000000   0.00000000    -0.00000000   0.00000000
 -0.00000000   0.00000000    -0.00170533   0.00000000    -0.00029474   0.00000000
 -0.00000000   0.00000000    -0.00008137   0.00000000     0.00157421   0.00000000
   20   18
 -0.00022087   0.00000000    -0.00000000   0.00000000     0.00000000   0.00000000
 -0.00000000   0.00000000    -0.01019153   0.00000000    -0.00022373   0.00000000
 -0.00000000   0.00000000    -0.00038255   0.00000000     0.00169522   0.00000000
   20   19
  0.00116393   0.00000000    -0.00000000   0.00000000     0.00000000   0.00000000
  0.00000000   0.00000000    -0.00118023   0.00000000    -0.00035506   0.00000000
 -0.00000000   0.00000000    -0.00033832   0.00000000    -0.00139637   0.00000000
   20   20
  0.12451465   0.00000000     0.00000000   0.00000000    -0.00000000   0.00000000
  0.00000000   0.00000000     0.20744750   0.00000000    -0.00574117   0.00000000
 -0.00000000   0.00000000    -0.00574117   0.00000000     0.12887786   0.00000000
   20   21
 -0.00079858   0.00000000     0.00000000   0.00000000    -0.00000000   0.00000000
  0.00000000   0.00000000    -0.00002026   0.00000000    -0.00019457   0.00000000
  0.00000000   0.00000000     0.00019457   0.00000000    -0.00042503   0.00000000
   20   22
  0.00156126   0.00000000     0.00000000   0.00000000     0.00000000   0.00000000
  0.00000000   0.00000000    -0.00383386   0.00000000     0.00351608   0.00000000
 -0.00000000   0.00000000     0.00739712   0.00000000    -0.01118617   0.00000000
   20   23
  0.00248157   0.00000000    -0.00000000   0.00000000    -0.00000000   0.00000000
 -0.00000000   0.00000000    -0.00426854   0.00000000    -0.00072978   0.00000000
  0.00000000   0.00000000     0.00072978   0.00000000     0.00105009   0.00000000
   20   24
  0.00003250   0.00000000     0.00000000   0.00000000     0.00000000   0.00000000
  0.00000000   0.00000000     0.00033255   0.00000000     0.00019083   0.00000000
 -0.00000000   0.00000000     0.00019083   0.00000000     0.00005260   0.00000000
   20   25
 -0.00489856   0.00000000     0.00000000   0.00000000     0.00000000   0.00000000
  0.00000000   0.00000000     0.00018647   0.00000000     0.00278331   0.00000000
  0.00000000   0.00000000     0.00250570   0.00000000     0.00181198   0.00000000
   20   26
 -0.00010623   0.00000000     0.00000000   0.00000000     0.00000000   0.00000000
  0.00000000   0.00000000    -0.00544977   0.00000000    -0.00152210   0.00000000
  0.00000000   0.00000000     0.00259458   0.00000000    -0.03573225   0.00000000
   20   27
 -0.00788713   0.00000000     0.00653972   0.00000000     0.00643547   0.00000000
  0.00243910   0.00000000    -0.00329322   0.00000000    -0.00163972   0.00000000
  0.00534857   0.00000000    -0.00349514   0.00000000    -0.00124325   0.00000000
   20   28
  0.00064627   0.00000000    -0.00029774   0.00000000     0.00116386   0.00000000
  0.00018010   0.00000000     0.00053959   0.00000000    -0.00008391   0.00000000
  0.00112541   0.00000000     0.00007388   0.00000000    -0.00043261   0.00000000
   20   29
 -0.00057738   0.00000000    -0.00013457   0.00000000    -0.00079361   0.00000000
  0.00035886   0.00000000    -0.00013140   0.00000000    -0.00043983   0.00000000
  0.00002748   0.00000000     0.00015540   0.00000000    -0.00015905   0.00000000
   20   30
 -0.00000132   0.00000000     0.00191148   0.00000000    -0.00265926   0.00000000
  0.00211130   0.00000000     0.00007488   0.00000000    -0.00114799   0.00000000
 -0.00317443   0.00000000    -0.00129837   0.00000000    -0.00295975   0.00000000
   20   31
 -0.02624828   0.00000000     0.00175232   0.00000000     0.01599576   0.00000000
 -0.00143603   0.00000000    -0.00562652   0.00000000     0.00118419   0.00000000
  0.01353451   0.00000000    -0.00100998   0.00000000    -0.00911565   0.00000000
   20   32
 -0.00788713   0.00000000    -0.00653972   0.00000000    -0.00643547   0.00000000
 -0.00243910   0.00000000    -0.00329322   0.00000000    -0.00163972   0.00000000
 -0.00534857   0.00000000    -0.00349514   0.00000000    -0.00124325   0.00000000
   20   33
  0.00064627   0.00000000     0.00029774   0.00000000    -0.00116386   0.00000000
 -0.00018010   0.00000000     0.00053959   0.00000000    -0.00008391   0.00000000
 -0.00112541   0.00000000     0.00007388   0.00000000    -0.00043261   0.00000000
   20   34
 -0.00057738   0.00000000     0.00013457   0.00000000     0.00079361   0.00000000
 -0.00035886   0.00000000    -0.00013140   0.00000000    -0.00043983   0.00000000
 -0.00002748   0.00000000     0.00015540   0.00000000    -0.00015905   0.00000000
   20   35
 -0.00000132   0.00000000    -0.00191148   0.00000000     0.00265926   0.00000000
 -0.00211130   0.00000000     0.00007488   0.00000000    -0.00114799   0.00000000
  0.00317443   0.00000000    -0.00129837   0.00000000    -0.00295975   0.00000000
   20   36
 -0.02624828   0.00000000    -0.00175232   0.00000000    -0.01599576   0.00000000
  0.00143603   0.00000000    -0.00562652   0.00000000     0.00118419   0.00000000
 -0.01353451   0.00000000    -0.00100998   0.00000000    -0.00911565   0.00000000
   21    1
  0.00085843   0.00000000     0.00000000   0.00000000     0.00000000   0.00000000
 -0.00000000   0.00000000     0.00065992   0.00000000     0.00007998   0.00000000
 -0.00000000   0.00000000     0.00006325   0.00000000     0.00021248   0.00000000
   21    2
  0.00245731   0.00000000     0.00000000   0.00000000     0.00000000   0.00000000
  0.00000000   0.00000000    -0.00511253   0.00000000     0.01078074   0.00000000
  0.00000000   0.00000000     0.01076758   0.00000000    -0.01451969   0.00000000
   21    3
 -0.00991708   0.00000000     0.00920444   0.00000000     0.00697886   0.00000000
  0.00916835   0.00000000    -0.00498533   0.00000000    -0.00538567   0.00000000
  0.00705605   0.00000000    -0.00533367   0.00000000    -0.00220148   0.00000000
   21    4
 -0.00991708   0.00000000    -0.00920444   0.00000000    -0.00697886   0.00000000
 -0.00916835   0.00000000    -0.00498533   0.00000000    -0.00538567   0.00000000
 -0.00705605   0.00000000    -0.00533367   0.00000000    -0.00220148   0.00000000
   21    5
 -0.00080950   0.00000000    -0.00113324   0.00000000    -0.00236793   0.00000000
 -0.00032682   0.00000000     0.00175555   0.00000000     0.00000410   0.00000000
 -0.00146992   0.00000000     0.00309874   0.00000000    -0.00292999   0.00000000
   21    6
 -0.00242358   0.00000000    -0.00258681   0.00000000    -0.00095978   0.00000000
  0.00058665   0.00000000     0.00059009   0.00000000    -0.00039304   0.00000000
  0.00039186   0.00000000    -0.00183736   0.00000000     0.00166771   0.00000000
   21    7
 -0.00065085   0.00000000    -0.00134627   0.00000000     0.00097921   0.00000000
 -0.00052489   0.00000000     0.00195962   0.00000000    -0.00043157   0.00000000
 -0.00216170   0.00000000    -0.00121950   0.00000000    -0.00153535   0.00000000
   21    8
 -0.00105594   0.00000000    -0.00099169   0.00000000    -0.00084037   0.00000000
 -0.00044820   0.00000000    -0.00002968   0.00000000     0.00020563   0.00000000
 -0.00204849   0.00000000    -0.00065019   0.00000000     0.00093178   0.00000000
   21    9
 -0.01645358   0.00000000     0.04306285   0.00000000     0.01169081   0.00000000
  0.03531174   0.00000000    -0.05363305   0.00000000    -0.02135172   0.00000000
  0.01143516   0.00000000    -0.02568109   0.00000000    -0.00643443   0.00000000
   21   10
 -0.00065085   0.00000000     0.00134627   0.00000000    -0.00097921   0.00000000
  0.00052489   0.00000000     0.00195962   0.00000000    -0.00043157   0.00000000
  0.00216170   0.00000000    -0.00121950   0.00000000    -0.00153535   0.00000000
   21   11
 -0.01645358   0.00000000    -0.04306285   0.00000000    -0.01169081   0.00000000
 -0.03531174   0.00000000    -0.05363305   0.00000000    -0.02135172   0.00000000
 -0.01143516   0.00000000    -0.02568109   0.00000000    -0.00643443   0.00000000
   21   12
 -0.00080950   0.00000000     0.00113324   0.00000000     0.00236793   0.00000000
  0.00032682   0.00000000     0.00175555   0.00000000     0.00000410   0.00000000
  0.00146992   0.00000000     0.00309874   0.00000000    -0.00292999   0.00000000
   21   13
  0.00075823   0.00000000     0.00000000   0.00000000     0.00000000   0.00000000
  0.00000000   0.00000000    -0.04984233   0.00000000     0.03701421   0.00000000
 -0.00000000   0.00000000     0.04697706   0.00000000    -0.02029917   0.00000000
   21   14
 -0.00242358   0.00000000     0.00258681   0.00000000     0.00095978   0.00000000
 -0.00058665   0.00000000     0.00059009   0.00000000    -0.00039304   0.00000000
 -0.00039186   0.00000000    -0.00183736   0.00000000     0.00166771   0.00000000
   21   15
 -0.00105594   0.00000000     0.00099169   0.00000000     0.00084037   0.00000000
  0.00044820   0.00000000    -0.00002968   0.00000000     0.00020563   0.00000000
  0.00204849   0.00000000    -0.00065019   0.00000000     0.00093178   0.00000000
   21   16
  0.00154660   0.00000000     0.00000000   0.00000000     0.00000000   0.00000000
  0.00000000   0.00000000    -0.00146315   0.00000000     0.00000413   0.00000000
 -0.00000000   0.00000000     0.00135900   0.00000000    -0.00289166   0.00000000
   21   17
  0.00140652   0.00000000     0.00000000   0.00000000     0.00000000   0.00000000
 -0.00000000   0.00000000    -0.00170533   0.00000000     0.00029474   0.00000000
  0.00000000   0.00000000     0.00008137   0.00000000     0.00157421   0.00000000
   21   18
  0.00116393   0.00000000    -0.00000000   0.00000000     0.00000000   0.00000000
 -0.00000000   0.00000000    -0.00118023   0.00000000     0.00035506   0.00000000
  0.00000000   0.00000000     0.00033832   0.00000000    -0.00139637   0.00000000
   21   19
 -0.00022087   0.00000000     0.00000000   0.00000000     0.00000000   0.00000000
  0.00000000   0.00000000    -0.01019153   0.00000000     0.00022373   0.00000000
 -0.00000000   0.00000000     0.00038255   0.00000000     0.00169522   0.00000000
   21   20
 -0.00079858   0.00000000     0.00000000   0.00000000     0.00000000   0.00000000
  0.00000000   0.00000000    -0.00002026   0.00000000     0.00019457   0.00000000
 -0.00000000   0.00000000    -0.00019457   0.00000000    -0.00042503   0.00000000
   21   21
  0.12451465   0.00000000    -0.00000000   0.00000000     0.00000000   0.00000000
 -0.00000000   0.00000000     0.20744750   0.00000000     0.00574117   0.00000000
  0.00000000   0.00000000     0.00574117   0.00000000     0.12887786   0.00000000
   21   22
  0.00156126   0.00000000     0.00000000   0.00000000     0.00000000   0.00000000
 -0.00000000   0.00000000    -0.00383386   0.00000000    -0.00351608   0.00000000
  0.00000000   0.00000000    -0.00739712   0.00000000    -0.01118617   0.00000000
   21   23
  0.00003250   0.00000000     0.00000000   0.00000000     0.00000000   0.00000000
  0.00000000   0.00000000     0.00033255   0.00000000    -0.00019083   0.00000000
  0.00000000   0.00000000    -0.00019083   0.00000000     0.00005260   0.00000000
   21   24
  0.00248157   0.00000000    -0.00000000   0.00000000     0.00000000   0.00000000
 -0.00000000   0.00000000    -0.00426854   0.00000000     0.00072978   0.00000000
  0.00000000   0.00000000    -0.00072978   0.00000000     0.00105009   0.00000000
   21   25
 -0.00010623   0.00000000     0.00000000   0.00000000     0.00000000   0.00000000
  0.00000000   0.00000000    -0.00544977   0.00000000     0.00152210   0.00000000
 -0.00000000   0.00000000    -0.00259458   0.00000000    -0.03573225   0.00000000
   21   26
 -0.00489856   0.00000000     0.00000000   0.00000000     0.00000000   0.00000000
  0.00000000   0.00000000     0.00018647   0.00000000    -0.00278331   0.00000000
  0.00000000   0.00000000    -0.00250570   0.00000000     0.00181198   0.00000000
   21   27
 -0.00788713   0.00000000    -0.00653972   0.00000000     0.00643547   0.00000000
 -0.00243910   0.00000000    -0.00329322   0.00000000     0.00163972   0.00000000
  0.00534857   0.00000000     0.00349514   0.00000000    -0.00124325   0.00000000
   21   28
 -0.00057738   0.00000000     0.00013457   0.00000000    -0.00079361   0.00000000
 -0.00035886   0.00000000    -0.00013140   0.00000000     0.00043983   0.00000000
  0.00002748   0.00000000    -0.00015540   0.00000000    -0.00015905   0.00000000
   21   29
  0.00064627   0.00000000     0.00029774   0.00000000     0.00116386   0.00000000
 -0.00018010   0.00000000     0.00053959   0.00000000     0.00008391   0.00000000
  0.00112541   0.00000000    -0.00007388   0.00000000    -0.00043261   0.00000000
   21   30
 -0.02624828   0.00000000    -0.00175232   0.00000000     0.01599576   0.00000000
  0.00143603   0.00000000    -0.00562652   0.00000000    -0.00118419   0.00000000
  0.01353451   0.00000000     0.00100998   0.00000000    -0.00911565   0.00000000
   21   31
 -0.00000132   0.00000000    -0.00191148   0.00000000    -0.00265926   0.00000000
 -0.00211130   0.00000000     0.00007488   0.00000000     0.00114799   0.00000000
 -0.00317443   0.00000000     0.00129837   0.00000000    -0.00295975   0.00000000
   21   32
 -0.00788713   0.00000000     0.00653972   0.00000000    -0.00643547   0.00000000
  0.00243910   0.00000000    -0.00329322   0.00000000     0.00163972   0.00000000
 -0.00534857   0.00000000     0.00349514   0.00000000    -0.00124325   0.00000000
   21   33
 -0.00057738   0.00000000    -0.00013457   0.00000000     0.00079361   0.00000000
  0.00035886   0.00000000    -0.00013140   0.00000000     0.00043983   0.00000000
 -0.00002748   0.00000000    -0.00015540   0.00000000    -0.00015905   0.00000000
   21   34
  0.00064627   0.00000000    -0.00029774   0.00000000    -0.00116386   0.00000000
  0.00018010   0.00000000     0.00053959   0.00000000     0.00008391   0.00000000
 -0.00112541   0.00000000    -0.00007388   0.00000000    -0.00043261   0.00000000
   21   35
 -0.02624828   0.00000000     0.00175232   0.00000000    -0.01599576   0.00000000
 -0.00143603   0.00000000    -0.00562652   0.00000000    -0.00118419   0.00000000
 -0.01353451   0.00000000     0.00100998   0.00000000    -0.00911565   0.00000000
   21   36
 -0.00000132   0.00000000     0.00191148   0.00000000     0.00265926   0.00000000
  0.00211130   0.00000000     0.00007488   0.00000000     0.00114799   0.00000000
  0.00317443   0.00000000     0.00129837   0.00000000    -0.00295975   0.00000000
   22    1
  0.00072060   0.00000000     0.00000000   0.00000000     0.00000000   0.00000000
  0.00000000   0.00000000    -0.00501892   0.00000000     0.00000000   0.00000000
  0.00000000   0.00000000     0.00000000   0.00000000     0.00118953   0.00000000
   22    2
  0.00072060   0.00000000     0.00000000   0.00000000    -0.00000000   0.00000000
  0.00000000   0.00000000    -0.00501892   0.00000000     0.00000000   0.00000000
  0.00000000   0.00000000     0.00000000   0.00000000     0.00118953   0.00000000
   22    3
  0.00064405   0.00000000    -0.00000000   0.00000000    -0.00000000   0.00000000
  0.00000000   0.00000000     0.00031644   0.00000000     0.00000000   0.00000000
 -0.00000000   0.00000000     0.00000000   0.00000000    -0.00079690   0.00000000
   22    4
  0.00064405   0.00000000    -0.00000000   0.00000000    -0.00000000   0.00000000
  0.00000000   0.00000000     0.00031644   0.00000000     0.00000000   0.00000000
 -0.00000000   0.00000000    -0.00000000   0.00000000    -0.00079690   0.00000000
   22    5
  0.00020784   0.00000000    -0.00000000   0.00000000     0.00246526   0.00000000
  0.00000000   0.00000000    -0.00079975   0.00000000    -0.00000000   0.00000000
  0.00210887   0.00000000     0.00000000   0.00000000    -0.00241448   0.00000000
   22    6
  0.00020784   0.00000000     0.00000000   0.00000000    -0.00246526   0.00000000
 -0.00000000   0.00000000    -0.00079975   0.00000000     0.00000000   0.00000000
 -0.00210887   0.00000000    -0.00000000   0.00000000    -0.00241448   0.00000000
   22    7
 -0.08160278   0.00000000     0.00000000   0.00000000    -0.00000000   0.00000000
  0.00000000   0.00000000    -0.00030437   0.00000000    -0.00000000   0.00000000
 -0.00000000   0.00000000    -0.00000000   0.00000000     0.00361739   0.00000000
   22    8
 -0.01789482   0.00000000     0.00000000   0.00000000     0.03599194   0.00000000
  0.00000000   0.00000000    -0.00064001   0.00000000     0.00000000   0.00000000
  0.03616147   0.00000000    -0.00000000   0.00000000    -0.05939404   0.00000000
   22    9
 -0.01789482   0.00000000     0.00000000   0.00000000    -0.03599194   0.00000000
  0.00000000   0.00000000    -0.00064001   0.00000000     0.00000000   0.00000000
 -0.03616147   0.00000000     0.00000000   0.00000000    -0.05939404   0.00000000
   22   10
 -0.08160278   0.00000000     0.00000000   0.00000000     0.00000000   0.00000000
  0.00000000   0.00000000    -0.00030437   0.00000000     0.00000000   0.00000000
  0.00000000   0.00000000     0.00000000   0.00000000     0.00361739   0.00000000
   22   11
 -0.01789482   0.00000000     0.00000000   0.00000000     0.03599194   0.00000000
  0.00000000   0.00000000    -0.00064001   0.00000000    -0.00000000   0.00000000
  0.03616147   0.00000000    -0.00000000   0.00000000    -0.05939404   0.00000000
   22   12
  0.00020784   0.00000000    -0.00000000   0.00000000    -0.00246526   0.00000000
  0.00000000   0.00000000    -0.00079975   0.00000000    -0.00000000   0.00000000
 -0.00210887   0.00000000     0.00000000   0.00000000    -0.00241448   0.00000000
   22   13
 -0.00384918   0.00000000     0.00000000   0.00000000    -0.00000000   0.00000000
  0.00000000   0.00000000    -0.00132279   0.00000000     0.00000000   0.00000000
  0.00000000   0.00000000    -0.00000000   0.00000000     0.00144391   0.00000000
   22   14
  0.00020784   0.00000000     0.00000000   0.00000000     0.00246526   0.00000000
  0.00000000   0.00000000    -0.00079975   0.00000000    -0.00000000   0.00000000
  0.00210887   0.00000000     0.00000000   0.00000000    -0.00241448   0.00000000
   22   15
 -0.01789482   0.00000000     0.00000000   0.00000000    -0.03599194   0.00000000
  0.00000000   0.00000000    -0.00064001   0.00000000     0.00000000   0.00000000
 -0.03616147   0.00000000     0.00000000   0.00000000    -0.05939404   0.00000000
   22   16
 -0.00384918   0.00000000     0.00000000   0.00000000     0.00000000   0.00000000
  0.00000000   0.00000000    -0.00132279   0.00000000    -0.00000000   0.00000000
  0.00000000   0.00000000     0.00000000   0.00000000     0.00144391   0.00000000
   22   17
 -0.00195447   0.00000000     0.00000000   0.00000000     0.00000000   0.00000000
  0.00000000   0.00000000     0.00211082   0.00000000     0.00000000   0.00000000
  0.00000000   0.00000000     0.00000000   0.00000000     0.00345505   0.00000000
   22   18
  0.00204663   0.00000000    -0.00000000   0.00000000     0.00000000   0.00000000
  0.00000000   0.00000000    -0.00141487   0.00000000     0.00004928   0.00000000
  0.00000000   0.00000000    -0.00004982   0.00000000     0.00192233   0.00000000
   22   19
  0.00204663   0.00000000     0.00000000   0.00000000     0.00000000   0.00000000
  0.00000000   0.00000000    -0.00141487   0.00000000    -0.00004928   0.00000000
 -0.00000000   0.00000000     0.00004982   0.00000000     0.00192233   0.00000000
   22   20
  0.00156126   0.00000000     0.00000000   0.00000000    -0.00000000   0.00000000
  0.00000000   0.00000000    -0.00383386   0.00000000     0.00739712   0.00000000
  0.00000000   0.00000000     0.00351608   0.00000000    -0.01118617   0.00000000
   22   21
  0.00156126   0.00000000    -0.00000000   0.00000000     0.00000000   0.00000000
  0.00000000   0.00000000    -0.00383386   0.00000000    -0.00739712   0.00000000
  0.00000000   0.00000000    -0.00351608   0.00000000    -0.01118617   0.00000000
   22   22
  0.28718224   0.00000000     0.00000000   0.00000000     0.00000000   0.00000000
  0.00000000   0.00000000     0.06426703   0.00000000     0.00000000   0.00000000
  0.00000000   0.00000000     0.00000000   0.00000000     0.28302971   0.00000000
   22   23
  0.00156126   0.00000000     0.00000000   0.00000000     0.00000000   0.00000000
  0.00000000   0.00000000    -0.00383386   0.00000000    -0.00739712   0.00000000
  0.00000000   0.00000000    -0.00351608   0.00000000    -0.01118617   0.00000000
   22   24
  0.00156126   0.00000000    -0.00000000   0.00000000     0.00000000   0.00000000
  0.00000000   0.00000000    -0.00383386   0.00000000     0.00739712   0.00000000
  0.00000000   0.00000000     0.00351608   0.00000000    -0.01118617   0.00000000
   22   25
  0.00204663   0.00000000     0.00000000   0.00000000    -0.00000000   0.00000000
  0.00000000   0.00000000    -0.00141487   0.00000000    -0.00004928   0.00000000
  0.00000000   0.00000000     0.00004982   0.00000000     0.00192233   0.00000000
   22   26
  0.00204663   0.00000000     0.00000000   0.00000000    -0.00000000   0.00000000
  0.00000000   0.00000000    -0.00141487   0.00000000     0.00004928   0.00000000
  0.00000000   0.00000000    -0.00004982   0.00000000     0.00192233   0.00000000
   22   27
  0.00174677   0.00000000    -0.00000000   0.00000000     0.00241307   0.00000000
 -0.00000000   0.00000000     0.00178776   0.00000000    -0.00000000   0.00000000
  0.00226741   0.00000000    -0.00000000   0.00000000    -0.00063086   0.00000000
   22   28
 -0.00802879   0.00000000    -0.00279222   0.00000000     0.00552939   0.00000000
 -0.00640184   0.00000000    -0.00381751   0.00000000     0.00365454   0.00000000
  0.00544990   0.00000000     0.00192263   0.00000000    -0.00148018   0.00000000
   22   29
 -0.00802879   0.00000000     0.00279222   0.00000000     0.00552939   0.00000000
  0.00640184   0.00000000    -0.00381751   0.00000000    -0.00365454   0.00000000
  0.00544990   0.00000000    -0.00192263   0.00000000    -0.00148018   0.00000000
   22   30
 -0.00802879   0.00000000    -0.00279222   0.00000000    -0.00552939   0.00000000
 -0.00640184   0.00000000    -0.00381751   0.00000000    -0.00365454   0.00000000
 -0.00544990   0.00000000    -0.00192263   0.00000000    -0.00148018   0.00000000
   22   31
 -0.00802879   0.00000000     0.00279222   0.00000000    -0.00552939   0.00000000
  0.00640184   0.00000000    -0.00381751   0.00000000     0.00365454   0.00000000
 -0.00544990   0.00000000     0.00192263   0.00000000    -0.00148018   0.00000000
   22   32
  0.00174677   0.00000000     0.00000000   0.00000000    -0.00241307   0.00000000
  0.00000000   0.00000000     0.00178776   0.00000000     0.00000000   0.00000000
 -0.00226741   0.00000000     0.00000000   0.00000000    -0.00063086   0.00000000
   22   33
 -0.00802879   0.00000000     0.00279222   0.00000000    -0.00552939   0.00000000
  0.00640184   0.00000000    -0.00381751   0.00000000     0.00365454   0.00000000
 -0.00544990   0.00000000     0.00192263   0.00000000    -0.00148018   0.00000000
   22   34
 -0.00802879   0.00000000    -0.00279222   0.00000000    -0.00552939   0.00000000
 -0.00640184   0.00000000    -0.00381751   0.00000000    -0.00365454   0.00000000
 -0.00544990   0.00000000    -0.00192263   0.00000000    -0.00148018   0.00000000
   22   35
 -0.00802879   0.00000000     0.00279222   0.00000000     0.00552939   0.00000000
  0.00640184   0.00000000    -0.00381751   0.00000000    -0.00365454   0.00000000
  0.00544990   0.00000000    -0.00192263   0.00000000    -0.00148018   0.00000000
   22   36
 -0.00802879   0.00000000    -0.00279222   0.00000000     0.00552939   0.00000000
 -0.00640184   0.00000000    -0.00381751   0.00000000     0.00365454   0.00000000
  0.00544990   0.00000000     0.00192263   0.00000000    -0.00148018   0.00000000
   23    1
  0.00245731   0.00000000     0.00000000   0.00000000    -0.00000000   0.00000000
  0.00000000   0.00000000    -0.00511253   0.00000000     0.01078074   0.00000000
 -0.00000000   0.00000000     0.01076758   0.00000000    -0.01451969   0.00000000
   23    2
  0.00085843   0.00000000     0.00000000   0.00000000     0.00000000   0.00000000
 -0.00000000   0.00000000     0.00065992   0.00000000     0.00007998   0.00000000
  0.00000000   0.00000000     0.00006325   0.00000000     0.00021248   0.00000000
   23    3
 -0.00991708   0.00000000    -0.00920444   0.00000000    -0.00697886   0.00000000
 -0.00916835   0.00000000    -0.00498533   0.00000000    -0.00538567   0.00000000
 -0.00705605   0.00000000    -0.00533367   0.00000000    -0.00220148   0.00000000
   23    4
 -0.00991708   0.00000000     0.00920444   0.00000000     0.00697886   0.00000000
  0.00916835   0.00000000    -0.00498533   0.00000000    -0.00538567   0.00000000
  0.00705605   0.00000000    -0.00533367   0.00000000    -0.00220148   0.00000000
   23    5
 -0.00242358   0.00000000     0.00258681   0.00000000     0.00095978   0.00000000
 -0.00058665   0.00000000     0.00059009   0.00000000    -0.00039304   0.00000000
 -0.00039186   0.00000000    -0.00183736   0.00000000     0.00166771   0.00000000
   23    6
 -0.00080950   0.00000000     0.00113324   0.00000000     0.00236793   0.00000000
  0.00032682   0.00000000     0.00175555   0.00000000     0.00000410   0.00000000
  0.00146992   0.00000000     0.00309874   0.00000000    -0.00292999   0.00000000
   23    7
 -0.00065085   0.00000000     0.00134627   0.00000000    -0.00097921   0.00000000
  0.00052489   0.00000000     0.00195962   0.00000000    -0.00043157   0.00000000
  0.00216170   0.00000000    -0.00121950   0.00000000    -0.00153535   0.00000000
   23    8
 -0.01645358   0.00000000    -0.04306285   0.00000000    -0.01169081   0.00000000
 -0.03531174   0.00000000    -0.05363305   0.00000000    -0.02135172   0.00000000
 -0.01143516   0.00000000    -0.02568109   0.00000000    -0.00643443   0.00000000
   23    9
 -0.00105594   0.00000000     0.00099169   0.00000000     0.00084037   0.00000000
  0.00044820   0.00000000    -0.00002968   0.00000000     0.00020563   0.00000000
  0.00204849   0.00000000    -0.00065019   0.00000000     0.00093178   0.00000000
   23   10
 -0.00065085   0.00000000    -0.00134627   0.00000000     0.00097921   0.00000000
 -0.00052489   0.00000000     0.00195962   0.00000000    -0.00043157   0.00000000
 -0.00216170   0.00000000    -0.00121950   0.00000000    -0.00153535   0.00000000
   23   11
 -0.00105594   0.00000000    -0.00099169   0.00000000    -0.00084037   0.00000000
 -0.00044820   0.00000000    -0.00002968   0.00000000     0.00020563   0.00000000
 -0.00204849   0.00000000    -0.00065019   0.00000000     0.00093178   0.00000000
   23   12
 -0.00242358   0.00000000    -0.00258681   0.00000000    -0.00095978   0.00000000
  0.00058665   0.00000000     0.00059009   0.00000000    -0.00039304   0.00000000
  0.00039186   0.00000000    -0.00183736   0.00000000     0.00166771   0.00000000
   23   13
  0.00154660   0.00000000     0.00000000   0.00000000     0.00000000   0.00000000
  0.00000000   0.00000000    -0.00146315   0.00000000     0.00000413   0.00000000
 -0.00000000   0.00000000     0.00135900   0.00000000    -0.00289166   0.00000000
   23   14
 -0.00080950   0.00000000    -0.00113324   0.00000000    -0.00236793   0.00000000
 -0.00032682   0.00000000     0.00175555   0.00000000     0.00000410   0.00000000
 -0.00146992   0.00000000     0.00309874   0.00000000    -0.00292999   0.00000000
   23   15
 -0.01645358   0.00000000     0.04306285   0.00000000     0.01169081   0.00000000
  0.03531174   0.00000000    -0.05363305   0.00000000    -0.02135172   0.00000000
  0.01143516   0.00000000    -0.02568109   0.00000000    -0.00643443   0.00000000
   23   16
  0.00075823   0.00000000    -0.00000000   0.00000000     0.00000000   0.00000000
  0.00000000   0.00000000    -0.04984233   0.00000000     0.03701421   0.00000000
 -0.00000000   0.00000000     0.04697706   0.00000000    -0.02029917   0.00000000
   23   17
  0.00140652   0.00000000     0.00000000   0.00000000     0.00000000   0.00000000
  0.00000000   0.00000000    -0.00170533   0.00000000     0.00029474   0.00000000
 -0.00000000   0.00000000     0.00008137   0.00000000     0.00157421   0.00000000
   23   18
 -0.00489856   0.00000000    -0.00000000   0.00000000    -0.00000000   0.00000000
  0.00000000   0.00000000     0.00018647   0.00000000    -0.00278331   0.00000000
  0.00000000   0.00000000    -0.00250570   0.00000000     0.00181198   0.00000000
   23   19
 -0.00010623   0.00000000     0.00000000   0.00000000     0.00000000   0.00000000
  0.00000000   0.00000000    -0.00544977   0.00000000     0.00152210   0.00000000
  0.00000000   0.00000000    -0.00259458   0.00000000    -0.03573225   0.00000000
   23   20
  0.00248157   0.00000000    -0.00000000   0.00000000     0.00000000   0.00000000
 -0.00000000   0.00000000    -0.00426854   0.00000000     0.00072978   0.00000000
 -0.00000000   0.00000000    -0.00072978   0.00000000     0.00105009   0.00000000
   23   21
  0.00003250   0.00000000     0.00000000   0.00000000     0.00000000   0.00000000
  0.00000000   0.00000000     0.00033255   0.00000000    -0.00019083   0.00000000
  0.00000000   0.00000000    -0.00019083   0.00000000     0.00005260   0.00000000
   23   22
  0.00156126   0.00000000     0.00000000   0.00000000     0.00000000   0.00000000
  0.00000000   0.00000000    -0.00383386   0.00000000    -0.00351608   0.00000000
  0.00000000   0.00000000    -0.00739712   0.00000000    -0.01118617   0.00000000
   23   23
  0.12451465   0.00000000     0.00000000   0.00000000     0.00000000   0.00000000
  0.00000000   0.00000000     0.20744750   0.00000000     0.00574117   0.00000000
  0.00000000   0.00000000     0.00574117   0.00000000     0.12887786   0.00000000
   23   24
 -0.00079858   0.00000000     0.00000000   0.00000000    -0.00000000   0.00000000
  0.00000000   0.00000000    -0.00002026   0.00000000     0.00019457   0.00000000
  0.00000000   0.00000000    -0.00019457   0.00000000    -0.00042503   0.00000000
   23   25
 -0.00022087   0.00000000    -0.00000000   0.00000000     0.00000000   0.00000000
  0.00000000   0.00000000    -0.01019153   0.00000000     0.00022373   0.00000000
  0.00000000   0.00000000     0.00038255   0.00000000     0.00169522   0.00000000
   23   26
  0.00116393   0.00000000    -0.00000000   0.00000000     0.00000000   0.00000000
 -0.00000000   0.00000000    -0.00118023   0.00000000     0.00035506   0.00000000
  0.00000000   0.00000000     0.00033832   0.00000000    -0.00139637   0.00000000
   23   27
 -0.00788713   0.00000000    -0.00653972   0.00000000     0.00643547   0.00000000
 -0.00243910   0.00000000    -0.00329322   0.00000000     0.00163972   0.00000000
  0.00534857   0.00000000     0.00349514   0.00000000    -0.00124325   0.00000000
   23   28
 -0.00000132   0.00000000     0.00191148   0.00000000     0.00265926   0.00000000
  0.00211130   0.00000000     0.00007488   0.00000000     0.00114799   0.00000000
  0.00317443   0.00000000     0.00129837   0.00000000    -0.00295975   0.00000000
   23   29
 -0.02624828   0.00000000     0.00175232   0.00000000    -0.01599576   0.00000000
 -0.00143603   0.00000000    -0.00562652   0.00000000    -0.00118419   0.00000000
 -0.01353451   0.00000000     0.00100998   0.00000000    -0.00911565   0.00000000
   23   30
  0.00064627   0.00000000    -0.00029774   0.00000000    -0.00116386   0.00000000
  0.00018010   0.00000000     0.00053959   0.00000000     0.00008391   0.00000000
 -0.00112541   0.00000000    -0.00007388   0.00000000    -0.00043261   0.00000000
   23   31
 -0.00057738   0.00000000    -0.00013457   0.00000000     0.00079361   0.00000000
  0.00035886   0.00000000    -0.00013140   0.00000000     0.00043983   0.00000000
 -0.00002748   0.00000000    -0.00015540   0.00000000    -0.00015905   0.00000000
   23   32
 -0.00788713   0.00000000     0.00653972   0.00000000    -0.00643547   0.00000000
  0.00243910   0.00000000    -0.00329322   0.00000000     0.00163972   0.00000000
 -0.00534857   0.00000000     0.00349514   0.00000000    -0.00124325   0.00000000
   23   33
 -0.00000132   0.00000000    -0.00191148   0.00000000    -0.00265926   0.00000000
 -0.00211130   0.00000000     0.00007488   0.00000000     0.00114799   0.00000000
 -0.00317443   0.00000000     0.00129837   0.00000000    -0.00295975   0.00000000
   23   34
 -0.02624828   0.00000000    -0.00175232   0.00000000     0.01599576   0.00000000
  0.00143603   0.00000000    -0.00562652   0.00000000    -0.00118419   0.00000000
  0.01353451   0.00000000     0.00100998   0.00000000    -0.00911565   0.00000000
   23   35
  0.00064627   0.00000000     0.00029774   0.00000000     0.00116386   0.00000000
 -0.00018010   0.00000000     0.00053959   0.00000000     0.00008391   0.00000000
  0.00112541   0.00000000    -0.00007388   0.00000000    -0.00043261   0.00000000
   23   36
 -0.00057738   0.00000000     0.00013457   0.00000000    -0.00079361   0.00000000
 -0.00035886   0.00000000    -0.00013140   0.00000000     0.00043983   0.00000000
  0.00002748   0.00000000    -0.00015540   0.00000000    -0.00015905   0.00000000
   24    1
  0.00245731   0.00000000    -0.00000000   0.00000000     0.00000000   0.00000000
 -0.00000000   0.00000000    -0.00511253   0.00000000    -0.01078074   0.00000000
  0.00000000   0.00000000    -0.01076758   0.00000000    -0.01451969   0.00000000
   24    2
  0.00085843   0.00000000     0.00000000   0.00000000    -0.00000000   0.00000000
 -0.00000000   0.00000000     0.00065992   0.00000000    -0.00007998   0.00000000
 -0.00000000   0.00000000    -0.00006325   0.00000000     0.00021248   0.00000000
   24    3
 -0.00991708   0.00000000     0.00920444   0.00000000    -0.00697886   0.00000000
  0.00916835   0.00000000    -0.00498533   0.00000000     0.00538567   0.00000000
 -0.00705605   0.00000000     0.00533367   0.00000000    -0.00220148   0.00000000
   24    4
 -0.00991708   0.00000000    -0.00920444   0.00000000     0.00697886   0.00000000
 -0.00916835   0.00000000    -0.00498533   0.00000000     0.00538567   0.00000000
  0.00705605   0.00000000     0.00533367   0.00000000    -0.00220148   0.00000000
   24    5
 -0.00080950   0.00000000     0.00113324   0.00000000    -0.00236793   0.00000000
  0.00032682   0.00000000     0.00175555   0.00000000    -0.00000410   0.00000000
 -0.00146992   0.00000000    -0.00309874   0.00000000    -0.00292999   0.00000000
   24    6
 -0.00242358   0.00000000     0.00258681   0.00000000    -0.00095978   0.00000000
 -0.00058665   0.00000000     0.00059009   0.00000000     0.00039304   0.00000000
  0.00039186   0.00000000     0.00183736   0.00000000     0.00166771   0.00000000
   24    7
 -0.00065085   0.00000000     0.00134627   0.00000000     0.00097921   0.00000000
  0.00052489   0.00000000     0.00195962   0.00000000     0.00043157   0.00000000
 -0.00216170   0.00000000     0.00121950   0.00000000    -0.00153535   0.00000000
   24    8
 -0.00105594   0.00000000     0.00099169   0.00000000    -0.00084037   0.00000000
  0.00044820   0.00000000    -0.00002968   0.00000000    -0.00020563   0.00000000
 -0.00204849   0.00000000     0.00065019   0.00000000     0.00093178   0.00000000
   24    9
 -0.01645358   0.00000000    -0.04306285   0.00000000     0.01169081   0.00000000
 -0.03531174   0.00000000    -0.05363305   0.00000000     0.02135172   0.00000000
  0.01143516   0.00000000     0.02568109   0.00000000    -0.00643443   0.00000000
   24   10
 -0.00065085   0.00000000    -0.00134627   0.00000000    -0.00097921   0.00000000
 -0.00052489   0.00000000     0.00195962   0.00000000     0.00043157   0.00000000
  0.00216170   0.00000000     0.00121950   0.00000000    -0.00153535   0.00000000
   24   11
 -0.01645358   0.00000000     0.04306285   0.00000000    -0.01169081   0.00000000
  0.03531174   0.00000000    -0.05363305   0.00000000     0.02135172   0.00000000
 -0.01143516   0.00000000     0.02568109   0.00000000    -0.00643443   0.00000000
   24   12
 -0.00080950   0.00000000    -0.00113324   0.00000000     0.00236793   0.00000000
 -0.00032682   0.00000000     0.00175555   0.00000000    -0.00000410   0.00000000
  0.00146992   0.00000000    -0.00309874   0.00000000    -0.00292999   0.00000000
   24   13
  0.00075823   0.00000000     0.00000000   0.00000000     0.00000000   0.00000000
 -0.00000000   0.00000000    -0.04984233   0.00000000    -0.03701421   0.00000000
 -0.00000000   0.00000000    -0.04697706   0.00000000    -0.02029917   0.00000000
   24   14
 -0.00242358   0.00000000    -0.00258681   0.00000000     0.00095978   0.00000000
  0.00058665   0.00000000     0.00059009   0.00000000     0.00039304   0.00000000
 -0.00039186   0.00000000     0.00183736   0.00000000     0.00166771   0.00000000
   24   15
 -0.00105594   0.00000000    -0.00099169   0.00000000     0.00084037   0.00000000
 -0.00044820   0.00000000    -0.00002968   0.00000000    -0.00020563   0.00000000
  0.00204849   0.00000000     0.00065019   0.00000000     0.00093178   0.00000000
   24   16
  0.00154660   0.00000000     0.00000000   0.00000000    -0.00000000   0.00000000
 -0.00000000   0.00000000    -0.00146315   0.00000000    -0.00000413   0.00000000
 -0.00000000   0.00000000    -0.00135900   0.00000000    -0.00289166   0.00000000
   24   17
  0.00140652   0.00000000     0.00000000   0.00000000     0.00000000   0.00000000
  0.00000000   0.00000000    -0.00170533   0.00000000    -0.00029474   0.00000000
  0.00000000   0.00000000    -0.00008137   0.00000000     0.00157421   0.00000000
   24   18
 -0.00010623   0.00000000    -0.00000000   0.00000000     0.00000000   0.00000000
 -0.00000000   0.00000000    -0.00544977   0.00000000    -0.00152210   0.00000000
  0.00000000   0.00000000     0.00259458   0.00000000    -0.03573225   0.00000000
   24   19
 -0.00489856   0.00000000     0.00000000   0.00000000    -0.00000000   0.00000000
  0.00000000   0.00000000     0.00018647   0.00000000     0.00278331   0.00000000
  0.00000000   0.00000000     0.00250570   0.00000000     0.00181198   0.00000000
   24   20
  0.00003250   0.00000000     0.00000000   0.00000000    -0.00000000   0.00000000
  0.00000000   0.00000000     0.00033255   0.00000000     0.00019083   0.00000000
  0.00000000   0.00000000     0.00019083   0.00000000     0.00005260   0.00000000
   24   21
  0.00248157   0.00000000    -0.00000000   0.00000000     0.00000000   0.00000000
 -0.00000000   0.00000000    -0.00426854   0.00000000    -0.00072978   0.00000000
  0.00000000   0.00000000     0.00072978   0.00000000     0.00105009   0.00000000
   24   22
  0.00156126   0.00000000     0.00000000   0.00000000     0.00000000   0.00000000
 -0.00000000   0.00000000    -0.00383386   0.00000000     0.00351608   0.00000000
  0.00000000   0.00000000     0.00739712   0.00000000    -0.01118617   0.00000000
   24   23
 -0.00079858   0.00000000     0.00000000   0.00000000     0.00000000   0.00000000
  0.00000000   0.00000000    -0.00002026   0.00000000    -0.00019457   0.00000000
 -0.00000000   0.00000000     0.00019457   0.00000000    -0.00042503   0.00000000
   24   24
  0.12451465   0.00000000     0.00000000   0.00000000     0.00000000   0.00000000
  0.00000000   0.00000000     0.20744750   0.00000000    -0.00574117   0.00000000
  0.00000000   0.00000000    -0.00574117   0.00000000     0.12887786   0.00000000
   24   25
  0.00116393   0.00000000     0.00000000   0.00000000     0.00000000   0.00000000
  0.00000000   0.00000000    -0.00118023   0.00000000    -0.00035506   0.00000000
  0.00000000   0.00000000    -0.00033832   0.00000000    -0.00139637   0.00000000
   24   26
 -0.00022087   0.00000000    -0.00000000   0.00000000    -0.00000000   0.00000000
  0.00000000   0.00000000    -0.01019153   0.00000000    -0.00022373   0.00000000
 -0.00000000   0.00000000    -0.00038255   0.00000000     0.00169522   0.00000000
   24   27
 -0.00788713   0.00000000     0.00653972   0.00000000     0.00643547   0.00000000
  0.00243910   0.00000000    -0.00329322   0.00000000    -0.00163972   0.00000000
  0.00534857   0.00000000    -0.00349514   0.00000000    -0.00124325   0.00000000
   24   28
 -0.02624828   0.00000000    -0.00175232   0.00000000    -0.01599576   0.00000000
  0.00143603   0.00000000    -0.00562652   0.00000000     0.00118419   0.00000000
 -0.01353451   0.00000000    -0.00100998   0.00000000    -0.00911565   0.00000000
   24   29
 -0.00000132   0.00000000    -0.00191148   0.00000000     0.00265926   0.00000000
 -0.00211130   0.00000000     0.00007488   0.00000000    -0.00114799   0.00000000
  0.00317443   0.00000000    -0.00129837   0.00000000    -0.00295975   0.00000000
   24   30
 -0.00057738   0.00000000     0.00013457   0.00000000     0.00079361   0.00000000
 -0.00035886   0.00000000    -0.00013140   0.00000000    -0.00043983   0.00000000
 -0.00002748   0.00000000     0.00015540   0.00000000    -0.00015905   0.00000000
   24   31
  0.00064627   0.00000000     0.00029774   0.00000000    -0.00116386   0.00000000
 -0.00018010   0.00000000     0.00053959   0.00000000    -0.00008391   0.00000000
 -0.00112541   0.00000000     0.00007388   0.00000000    -0.00043261   0.00000000
   24   32
 -0.00788713   0.00000000    -0.00653972   0.00000000    -0.00643547   0.00000000
 -0.00243910   0.00000000    -0.00329322   0.00000000    -0.00163972   0.00000000
 -0.00534857   0.00000000    -0.00349514   0.00000000    -0.00124325   0.00000000
   24   33
 -0.02624828   0.00000000     0.00175232   0.00000000     0.01599576   0.00000000
 -0.00143603   0.00000000    -0.00562652   0.00000000     0.00118419   0.00000000
  0.01353451   0.00000000    -0.00100998   0.00000000    -0.00911565   0.00000000
   24   34
 -0.00000132   0.00000000     0.00191148   0.00000000    -0.00265926   0.00000000
  0.00211130   0.00000000     0.00007488   0.00000000    -0.00114799   0.00000000
 -0.00317443   0.00000000    -0.00129837   0.00000000    -0.00295975   0.00000000
   24   35
 -0.00057738   0.00000000    -0.00013457   0.00000000    -0.00079361   0.00000000
  0.00035886   0.00000000    -0.00013140   0.00000000    -0.00043983   0.00000000
  0.00002748   0.00000000     0.00015540   0.00000000    -0.00015905   0.00000000
   24   36
  0.00064627   0.00000000    -0.00029774   0.00000000     0.00116386   0.00000000
  0.00018010   0.00000000     0.00053959   0.00000000    -0.00008391   0.00000000
  0.00112541   0.00000000     0.00007388   0.00000000    -0.00043261   0.00000000
   25    1
  0.00260104   0.00000000     0.00000000   0.00000000    -0.00000000   0.00000000
  0.00000000   0.00000000    -0.00509228   0.00000000    -0.01122655   0.00000000
 -0.00000000   0.00000000    -0.01103824   0.00000000    -0.01505463   0.00000000
   25    2
  0.00073106   0.00000000     0.00000000   0.00000000     0.00000000   0.00000000
  0.00000000   0.00000000     0.00051879   0.00000000    -0.00012896   0.00000000
  0.00000000   0.00000000    -0.00006373   0.00000000     0.00009315   0.00000000
   25    3
 -0.01046231   0.00000000     0.00961589   0.00000000    -0.00745419   0.00000000
  0.00972049   0.00000000    -0.00509166   0.00000000     0.00564011   0.00000000
 -0.00744297   0.00000000     0.00558947   0.00000000    -0.00236307   0.00000000
   25    4
 -0.01046231   0.00000000    -0.00961589   0.00000000     0.00745419   0.00000000
 -0.00972049   0.00000000    -0.00509166   0.00000000     0.00564011   0.00000000
  0.00744297   0.00000000     0.00558947   0.00000000    -0.00236307   0.00000000
   25    5
 -0.01619972   0.00000000     0.04008284   0.00000000    -0.01006481   0.00000000
  0.03397073   0.00000000    -0.05269128   0.00000000     0.01994137   0.00000000
 -0.01016638   0.00000000     0.02314944   0.00000000    -0.00387742   0.00000000
   25    6
 -0.00130365   0.00000000    -0.00187075   0.00000000     0.00176829   0.00000000
 -0.00112968   0.00000000    -0.00029527   0.00000000     0.00012665   0.00000000
  0.00195133   0.00000000     0.00069119   0.00000000     0.00064901   0.00000000
   25    7
  0.00027476   0.00000000     0.00290361   0.00000000     0.00101554   0.00000000
 -0.00034823   0.00000000     0.00128006   0.00000000    -0.00083683   0.00000000
 -0.00242204   0.00000000     0.00020017   0.00000000    -0.00165498   0.00000000
   25    8
 -0.00152522   0.00000000    -0.00138290   0.00000000     0.00126538   0.00000000
  0.00066546   0.00000000    -0.00020664   0.00000000     0.00003780   0.00000000
 -0.00224265   0.00000000     0.00222219   0.00000000     0.00043696   0.00000000
   25    9
 -0.00073043   0.00000000    -0.00121447   0.00000000     0.00297367   0.00000000
 -0.00087335   0.00000000     0.00082473   0.00000000     0.00080615   0.00000000
 -0.00030148   0.00000000    -0.00214589   0.00000000    -0.00072877   0.00000000
   25   10
  0.00027476   0.00000000    -0.00290361   0.00000000    -0.00101554   0.00000000
  0.00034823   0.00000000     0.00128006   0.00000000    -0.00083683   0.00000000
  0.00242204   0.00000000     0.00020017   0.00000000    -0.00165498   0.00000000
   25   11
 -0.00073043   0.00000000     0.00121447   0.00000000    -0.00297367   0.00000000
  0.00087335   0.00000000     0.00082473   0.00000000     0.00080615   0.00000000
  0.00030148   0.00000000    -0.00214589   0.00000000    -0.00072877   0.00000000
   25   12
 -0.01619972   0.00000000    -0.04008284   0.00000000     0.01006481   0.00000000
 -0.03397073   0.00000000    -0.05269128   0.00000000     0.01994137   0.00000000
  0.01016638   0.00000000     0.02314944   0.00000000    -0.00387742   0.00000000
   25   13
  0.00185498   0.00000000     0.00000000   0.00000000     0.00000000   0.00000000
  0.00000000   0.00000000    -0.05338022   0.00000000    -0.04027320   0.00000000
  0.00000000   0.00000000    -0.04673074   0.00000000    -0.02210858   0.00000000
   25   14
 -0.00130365   0.00000000     0.00187075   0.00000000    -0.00176829   0.00000000
  0.00112968   0.00000000    -0.00029527   0.00000000     0.00012665   0.00000000
 -0.00195133   0.00000000     0.00069119   0.00000000     0.00064901   0.00000000
   25   15
 -0.00152522   0.00000000     0.00138290   0.00000000    -0.00126538   0.00000000
 -0.00066546   0.00000000    -0.00020664   0.00000000     0.00003780   0.00000000
  0.00224265   0.00000000     0.00222219   0.00000000     0.00043696   0.00000000
   25   16
  0.00174133   0.00000000    -0.00000000   0.00000000    -0.00000000   0.00000000
 -0.00000000   0.00000000    -0.00169130   0.00000000    -0.00077108   0.00000000
 -0.00000000   0.00000000    -0.00218481   0.00000000    -0.00199064   0.00000000
   25   17
  0.00143358   0.00000000     0.00000000   0.00000000     0.00000000   0.00000000
  0.00000000   0.00000000    -0.00338066   0.00000000     0.00382325   0.00000000
  0.00000000   0.00000000     0.00767254   0.00000000    -0.01197096   0.00000000
   25   18
  0.00184251   0.00000000     0.00000000   0.00000000     0.00000000   0.00000000
  0.00000000   0.00000000    -0.00492061   0.00000000     0.00055140   0.00000000
  0.00000000   0.00000000    -0.00055140   0.00000000     0.00169684   0.00000000
   25   19
 -0.00007525   0.00000000     0.00000000   0.00000000    -0.00000000   0.00000000
  0.00000000   0.00000000     0.00036320   0.00000000     0.00012822   0.00000000
 -0.00000000   0.00000000     0.00012822   0.00000000     0.00005929   0.00000000
   25   20
 -0.00489856   0.00000000     0.00000000   0.00000000     0.00000000   0.00000000
  0.00000000   0.00000000     0.00018647   0.00000000     0.00250570   0.00000000
  0.00000000   0.00000000     0.00278331   0.00000000     0.00181198   0.00000000
   25   21
 -0.00010623   0.00000000     0.00000000   0.00000000    -0.00000000   0.00000000
  0.00000000   0.00000000    -0.00544977   0.00000000    -0.00259458   0.00000000
  0.00000000   0.00000000     0.00152210   0.00000000    -0.03573225   0.00000000
   25   22
  0.00204663   0.00000000     0.00000000   0.00000000     0.00000000   0.00000000
  0.00000000   0.00000000    -0.00141487   0.00000000     0.00004982   0.00000000
 -0.00000000   0.00000000    -0.00004928   0.00000000     0.00192233   0.00000000
   25   23
 -0.00022087   0.00000000     0.00000000   0.00000000     0.00000000   0.00000000
 -0.00000000   0.00000000    -0.01019153   0.00000000     0.00038255   0.00000000
 -0.00000000   0.00000000     0.00022373   0.00000000     0.00169522   0.00000000
   25   24
  0.00116393   0.00000000     0.00000000   0.00000000     0.00000000   0.00000000
  0.00000000   0.00000000    -0.00118023   0.00000000    -0.00033832   0.00000000
  0.00000000   0.00000000    -0.00035506   0.00000000    -0.00139637   0.00000000
   25   25
  0.12503179   0.00000000     0.00000000   0.00000000     0.00000000   0.00000000
  0.00000000   0.00000000     0.21786218   0.00000000     0.00140927   0.00000000
  0.00000000   0.00000000     0.00140927   0.00000000     0.12488981   0.00000000
   25   26
 -0.00021286   0.00000000    -0.00000000   0.00000000     0.00000000   0.00000000
  0.00000000   0.00000000     0.00013608   0.00000000    -0.00039879   0.00000000
 -0.00000000   0.00000000     0.00039879   0.00000000    -0.00013666   0.00000000
   25   27
 -0.00847342   0.00000000    -0.00657453   0.00000000    -0.00569830   0.00000000
 -0.00324245   0.00000000    -0.00348004   0.00000000    -0.00199576   0.00000000
 -0.00584329   0.00000000    -0.00382935   0.00000000    -0.00170172   0.00000000
   25   28
  0.00028972   0.00000000     0.00038060   0.00000000    -0.00083713   0.00000000
 -0.00015035   0.00000000    -0.00031586   0.00000000    -0.00039486   0.00000000
 -0.00079809   0.00000000    -0.00005521   0.00000000    -0.00044036   0.00000000
   25   29
 -0.00105540   0.00000000    -0.00030506   0.00000000     0.00127956   0.00000000
 -0.00048602   0.00000000    -0.00101601   0.00000000     0.00003726   0.00000000
  0.00118531   0.00000000    -0.00008134   0.00000000     0.00034681   0.00000000
   25   30
  0.00021134   0.00000000    -0.00228624   0.00000000     0.00302864   0.00000000
 -0.00182540   0.00000000    -0.00013969   0.00000000    -0.00137979   0.00000000
  0.00313264   0.00000000    -0.00134787   0.00000000    -0.00308700   0.00000000
   25   31
 -0.02749221   0.00000000    -0.00140399   0.00000000    -0.01555229   0.00000000
  0.00188629   0.00000000    -0.00505096   0.00000000     0.00145854   0.00000000
 -0.01570606   0.00000000    -0.00097514   0.00000000    -0.00946873   0.00000000
   25   32
 -0.00847342   0.00000000     0.00657453   0.00000000     0.00569830   0.00000000
  0.00324245   0.00000000    -0.00348004   0.00000000    -0.00199576   0.00000000
  0.00584329   0.00000000    -0.00382935   0.00000000    -0.00170172   0.00000000
   25   33
  0.00028972   0.00000000    -0.00038060   0.00000000     0.00083713   0.00000000
  0.00015035   0.00000000    -0.00031586   0.00000000    -0.00039486   0.00000000
  0.00079809   0.00000000    -0.00005521   0.00000000    -0.00044036   0.00000000
   25   34
 -0.00105540   0.00000000     0.00030506   0.00000000    -0.00127956   0.00000000
  0.00048602   0.00000000    -0.00101601   0.00000000     0.00003726   0.00000000
 -0.00118531   0.00000000    -0.00008134   0.00000000     0.00034681   0.00000000
   25   35
  0.00021134   0.00000000     0.00228624   0.00000000    -0.00302864   0.00000000
  0.00182540   0.00000000    -0.00013969   0.00000000    -0.00137979   0.00000000
 -0.00313264   0.00000000    -0.00134787   0.00000000    -0.00308700   0.00000000
   25   36
 -0.02749221   0.00000000     0.00140399   0.00000000     0.01555229   0.00000000
 -0.00188629   0.00000000    -0.00505096   0.00000000     0.00145854   0.00000000
  0.01570606   0.00000000    -0.00097514   0.00000000    -0.00946873   0.00000000
   26    1
  0.00260104   0.00000000     0.00000000   0.00000000     0.00000000   0.00000000
  0.00000000   0.00000000    -0.00509228   0.00000000     0.01122655   0.00000000
 -0.00000000   0.00000000     0.01103824   0.00000000    -0.01505463   0.00000000
   26    2
  0.00073106   0.00000000    -0.00000000   0.00000000    -0.00000000   0.00000000
  0.00000000   0.00000000     0.00051879   0.00000000     0.00012896   0.00000000
 -0.00000000   0.00000000     0.00006373   0.00000000     0.00009315   0.00000000
   26    3
 -0.01046231   0.00000000    -0.00961589   0.00000000    -0.00745419   0.00000000
 -0.00972049   0.00000000    -0.00509166   0.00000000    -0.00564011   0.00000000
 -0.00744297   0.00000000    -0.00558947   0.00000000    -0.00236307   0.00000000
   26    4
 -0.01046231   0.00000000     0.00961589   0.00000000     0.00745419   0.00000000
  0.00972049   0.00000000    -0.00509166   0.00000000    -0.00564011   0.00000000
  0.00744297   0.00000000    -0.00558947   0.00000000    -0.00236307   0.00000000
   26    5
 -0.00130365   0.00000000    -0.00187075   0.00000000    -0.00176829   0.00000000
 -0.00112968   0.00000000    -0.00029527   0.00000000    -0.00012665   0.00000000
 -0.00195133   0.00000000    -0.00069119   0.00000000     0.00064901   0.00000000
   26    6
 -0.01619972   0.00000000     0.04008284   0.00000000     0.01006481   0.00000000
  0.03397073   0.00000000    -0.05269128   0.00000000    -0.01994137   0.00000000
  0.01016638   0.00000000    -0.02314944   0.00000000    -0.00387742   0.00000000
   26    7
  0.00027476   0.00000000     0.00290361   0.00000000    -0.00101554   0.00000000
 -0.00034823   0.00000000     0.00128006   0.00000000     0.00083683   0.00000000
  0.00242204   0.00000000    -0.00020017   0.00000000    -0.00165498   0.00000000
   26    8
 -0.00073043   0.00000000    -0.00121447   0.00000000    -0.00297367   0.00000000
 -0.00087335   0.00000000     0.00082473   0.00000000    -0.00080615   0.00000000
  0.00030148   0.00000000     0.00214589   0.00000000    -0.00072877   0.00000000
   26    9
 -0.00152522   0.00000000    -0.00138290   0.00000000    -0.00126538   0.00000000
  0.00066546   0.00000000    -0.00020664   0.00000000    -0.00003780   0.00000000
  0.00224265   0.00000000    -0.00222219   0.00000000     0.00043696   0.00000000
   26   10
  0.00027476   0.00000000    -0.00290361   0.00000000     0.00101554   0.00000000
  0.00034823   0.00000000     0.00128006   0.00000000     0.00083683   0.00000000
 -0.00242204   0.00000000    -0.00020017   0.00000000    -0.00165498   0.00000000
   26   11
 -0.00152522   0.00000000     0.00138290   0.00000000     0.00126538   0.00000000
 -0.00066546   0.00000000    -0.00020664   0.00000000    -0.00003780   0.00000000
 -0.00224265   0.00000000    -0.00222219   0.00000000     0.00043696   0.00000000
   26   12
 -0.00130365   0.00000000     0.00187075   0.00000000     0.00176829   0.00000000
  0.00112968   0.00000000    -0.00029527   0.00000000    -0.00012665   0.00000000
  0.00195133   0.00000000    -0.00069119   0.00000000     0.00064901   0.00000000
   26   13
  0.00174133   0.00000000     0.00000000   0.00000000    -0.00000000   0.00000000
  0.00000000   0.00000000    -0.00169130   0.00000000     0.00077108   0.00000000
  0.00000000   0.00000000     0.00218481   0.00000000    -0.00199064   0.00000000
   26   14
 -0.01619972   0.00000000    -0.04008284   0.00000000    -0.01006481   0.00000000
 -0.03397073   0.00000000    -0.05269128   0.00000000    -0.01994137   0.00000000
 -0.01016638   0.00000000    -0.02314944   0.00000000    -0.00387742   0.00000000
   26   15
 -0.00073043   0.00000000     0.00121447   0.00000000     0.00297367   0.00000000
  0.00087335   0.00000000     0.00082473   0.00000000    -0.00080615   0.00000000
 -0.00030148   0.00000000     0.00214589   0.00000000    -0.00072877   0.00000000
   26   16
  0.00185498   0.00000000     0.00000000   0.00000000     0.00000000   0.00000000
 -0.00000000   0.00000000    -0.05338022   0.00000000     0.04027320   0.00000000
  0.00000000   0.00000000     0.04673074   0.00000000    -0.02210858   0.00000000
   26   17
  0.00143358   0.00000000    -0.00000000   0.00000000    -0.00000000   0.00000000
  0.00000000   0.00000000    -0.00338066   0.00000000    -0.00382325   0.00000000
 -0.00000000   0.00000000    -0.00767254   0.00000000    -0.01197096   0.00000000
   26   18
 -0.00007525   0.00000000    -0.00000000   0.00000000     0.00000000   0.00000000
  0.00000000   0.00000000     0.00036320   0.00000000    -0.00012822   0.00000000
 -0.00000000   0.00000000    -0.00012822   0.00000000     0.00005929   0.00000000
   26   19
  0.00184251   0.00000000    -0.00000000   0.00000000     0.00000000   0.00000000
  0.00000000   0.00000000    -0.00492061   0.00000000    -0.00055140   0.00000000
 -0.00000000   0.00000000     0.00055140   0.00000000     0.00169684   0.00000000
   26   20
 -0.00010623   0.00000000     0.00000000   0.00000000     0.00000000   0.00000000
  0.00000000   0.00000000    -0.00544977   0.00000000     0.00259458   0.00000000
  0.00000000   0.00000000    -0.00152210   0.00000000    -0.03573225   0.00000000
   26   21
 -0.00489856   0.00000000     0.00000000   0.00000000     0.00000000   0.00000000
  0.00000000   0.00000000     0.00018647   0.00000000    -0.00250570   0.00000000
  0.00000000   0.00000000    -0.00278331   0.00000000     0.00181198   0.00000000
   26   22
  0.00204663   0.00000000     0.00000000   0.00000000     0.00000000   0.00000000
  0.00000000   0.00000000    -0.00141487   0.00000000    -0.00004982   0.00000000
 -0.00000000   0.00000000     0.00004928   0.00000000     0.00192233   0.00000000
   26   23
  0.00116393   0.00000000    -0.00000000   0.00000000     0.00000000   0.00000000
 -0.00000000   0.00000000    -0.00118023   0.00000000     0.00033832   0.00000000
  0.00000000   0.00000000     0.00035506   0.00000000    -0.00139637   0.00000000
   26   24
 -0.00022087   0.00000000     0.00000000   0.00000000     0.00000000   0.00000000
 -0.00000000   0.00000000    -0.01019153   0.00000000    -0.00038255   0.00000000
 -0.00000000   0.00000000    -0.00022373   0.00000000     0.00169522   0.00000000
   26   25
 -0.00021286   0.00000000     0.00000000   0.00000000    -0.00000000   0.00000000
 -0.00000000   0.00000000     0.00013608   0.00000000     0.00039879   0.00000000
  0.00000000   0.00000000    -0.00039879   0.00000000    -0.00013666   0.00000000
   26   26
  0.12503179   0.00000000     0.00000000   0.00000000     0.00000000   0.00000000
  0.00000000   0.00000000     0.21786218   0.00000000    -0.00140927   0.00000000
  0.00000000   0.00000000    -0.00140927   0.00000000     0.12488981   0.00000000
   26   27
 -0.00847342   0.00000000     0.00657453   0.00000000    -0.00569830   0.00000000
  0.00324245   0.00000000    -0.00348004   0.00000000     0.00199576   0.00000000
 -0.00584329   0.00000000     0.00382935   0.00000000    -0.00170172   0.00000000
   26   28
 -0.00105540   0.00000000     0.00030506   0.00000000     0.00127956   0.00000000
  0.00048602   0.00000000    -0.00101601   0.00000000    -0.00003726   0.00000000
  0.00118531   0.00000000     0.00008134   0.00000000     0.00034681   0.00000000
   26   29
  0.00028972   0.00000000    -0.00038060   0.00000000    -0.00083713   0.00000000
  0.00015035   0.00000000    -0.00031586   0.00000000     0.00039486   0.00000000
 -0.00079809   0.00000000     0.00005521   0.00000000    -0.00044036   0.00000000
   26   30
 -0.02749221   0.00000000     0.00140399   0.00000000    -0.01555229   0.00000000
 -0.00188629   0.00000000    -0.00505096   0.00000000    -0.00145854   0.00000000
 -0.01570606   0.00000000     0.00097514   0.00000000    -0.00946873   0.00000000
   26   31
  0.00021134   0.00000000     0.00228624   0.00000000     0.00302864   0.00000000
  0.00182540   0.00000000    -0.00013969   0.00000000     0.00137979   0.00000000
  0.00313264   0.00000000     0.00134787   0.00000000    -0.00308700   0.00000000
   26   32
 -0.00847342   0.00000000    -0.00657453   0.00000000     0.00569830   0.00000000
 -0.00324245   0.00000000    -0.00348004   0.00000000     0.00199576   0.00000000
  0.00584329   0.00000000     0.00382935   0.00000000    -0.00170172   0.00000000
   26   33
 -0.00105540   0.00000000    -0.00030506   0.00000000    -0.00127956   0.00000000
 -0.00048602   0.00000000    -0.00101601   0.00000000    -0.00003726   0.00000000
 -0.00118531   0.00000000     0.00008134   0.00000000     0.00034681   0.00000000
   26   34
  0.00028972   0.00000000     0.00038060   0.00000000     0.00083713   0.00000000
 -0.00015035   0.00000000    -0.00031586   0.00000000     0.00039486   0.00000000
  0.00079809   0.00000000     0.00005521   0.00000000    -0.00044036   0.00000000
   26   35
 -0.02749221   0.00000000    -0.00140399   0.00000000     0.01555229   0.00000000
  0.00188629   0.00000000    -0.00505096   0.00000000    -0.00145854   0.00000000
  0.01570606   0.00000000     0.00097514   0.00000000    -0.00946873   0.00000000
   26   36
  0.00021134   0.00000000    -0.00228624   0.00000000    -0.00302864   0.00000000
 -0.00182540   0.00000000    -0.00013969   0.00000000     0.00137979   0.00000000
 -0.00313264   0.00000000     0.00134787   0.00000000    -0.00308700   0.00000000
   27    1
  0.00064483   0.00000000     0.00000000   0.00000000    -0.00002468   0.00000000
 -0.00000000   0.00000000     0.00036046   0.00000000     0.00000000   0.00000000
 -0.00014925   0.00000000    -0.00000000   0.00000000    -0.00082291   0.00000000
   27    2
  0.00064483   0.00000000    -0.00000000   0.00000000    -0.00002468   0.00000000
 -0.00000000   0.00000000     0.00036046   0.00000000    -0.00000000   0.00000000
 -0.00014925   0.00000000     0.00000000   0.00000000    -0.00082291   0.00000000
   27    3
  0.00082564   0.00000000     0.00000000   0.00000000    -0.00004103   0.00000000
  0.00000000   0.00000000    -0.00471536   0.00000000     0.00000000   0.00000000
  0.00008796   0.00000000    -0.00000000   0.00000000     0.00124873   0.00000000
   27    4
  0.00082564   0.00000000    -0.00000000   0.00000000    -0.00004103   0.00000000
 -0.00000000   0.00000000    -0.00471536   0.00000000     0.00000000   0.00000000
  0.00008796   0.00000000    -0.00000000   0.00000000     0.00124873   0.00000000
   27    5
 -0.00120924   0.00000000    -0.00000000   0.00000000     0.00024469   0.00000000
  0.00000000   0.00000000    -0.00058806   0.00000000    -0.00000000   0.00000000
  0.00039874   0.00000000     0.00000000   0.00000000    -0.00141792   0.00000000
   27    6
 -0.01638846   0.00000000     0.00000000   0.00000000    -0.03484124   0.00000000
  0.00000000   0.00000000     0.00001209   0.00000000     0.00000000   0.00000000
 -0.03190879   0.00000000     0.00000000   0.00000000    -0.05543092   0.00000000
   27    7
 -0.00312837   0.00000000     0.00000000   0.00000000     0.00124659   0.00000000
 -0.00000000   0.00000000    -0.00188622   0.00000000    -0.00000000   0.00000000
  0.00019425   0.00000000     0.00000000   0.00000000     0.00104457   0.00000000
   27    8
 -0.01663761   0.00000000    -0.00000000   0.00000000     0.02795802   0.00000000
 -0.00000000   0.00000000    -0.00278355   0.00000000    -0.00000000   0.00000000
  0.02845512   0.00000000     0.00000000   0.00000000    -0.04889640   0.00000000
   27    9
  0.00098299   0.00000000     0.00000000   0.00000000    -0.00253644   0.00000000
  0.00000000   0.00000000    -0.00215838   0.00000000     0.00000000   0.00000000
 -0.00152304   0.00000000    -0.00000000   0.00000000    -0.00282077   0.00000000
   27   10
 -0.00312837   0.00000000     0.00000000   0.00000000     0.00124659   0.00000000
  0.00000000   0.00000000    -0.00188622   0.00000000     0.00000000   0.00000000
  0.00019425   0.00000000     0.00000000   0.00000000     0.00104457   0.00000000
   27   11
 -0.01663761   0.00000000     0.00000000   0.00000000     0.02795802   0.00000000
  0.00000000   0.00000000    -0.00278355   0.00000000    -0.00000000   0.00000000
  0.02845512   0.00000000     0.00000000   0.00000000    -0.04889640   0.00000000
   27   12
 -0.01638846   0.00000000     0.00000000   0.00000000    -0.03484124   0.00000000
  0.00000000   0.00000000     0.00001209   0.00000000    -0.00000000   0.00000000
 -0.03190879   0.00000000     0.00000000   0.00000000    -0.05543092   0.00000000
   27   13
 -0.07393013   0.00000000    -0.00000000   0.00000000     0.00219180   0.00000000
  0.00000000   0.00000000    -0.00039136   0.00000000     0.00000000   0.00000000
 -0.00141245   0.00000000    -0.00000000   0.00000000     0.00284081   0.00000000
   27   14
 -0.00120924   0.00000000     0.00000000   0.00000000     0.00024469   0.00000000
  0.00000000   0.00000000    -0.00058806   0.00000000     0.00000000   0.00000000
  0.00039874   0.00000000     0.00000000   0.00000000    -0.00141792   0.00000000
   27   15
  0.00098299   0.00000000     0.00000000   0.00000000    -0.00253644   0.00000000
  0.00000000   0.00000000    -0.00215838   0.00000000    -0.00000000   0.00000000
 -0.00152304   0.00000000     0.00000000   0.00000000    -0.00282077   0.00000000
   27   16
 -0.07393013   0.00000000     0.00000000   0.00000000     0.00219180   0.00000000
  0.00000000   0.00000000    -0.00039136   0.00000000     0.00000000   0.00000000
 -0.00141245   0.00000000     0.00000000   0.00000000     0.00284081   0.00000000
   27   17
  0.00151701   0.00000000    -0.00000000   0.00000000    -0.00303214   0.00000000
  0.00000000   0.00000000     0.00105145   0.00000000    -0.00000000   0.00000000
 -0.00357480   0.00000000    -0.00000000   0.00000000    -0.00171745   0.00000000
   27   18
 -0.00847342   0.00000000     0.00324245   0.00000000    -0.00584329   0.00000000
  0.00657453   0.00000000    -0.00348004   0.00000000     0.00382935   0.00000000
 -0.00569830   0.00000000     0.00199576   0.00000000    -0.00170172   0.00000000
   27   19
 -0.00847342   0.00000000    -0.00324245   0.00000000    -0.00584329   0.00000000
 -0.00657453   0.00000000    -0.00348004   0.00000000    -0.00382935   0.00000000
 -0.00569830   0.00000000    -0.00199576   0.00000000    -0.00170172   0.00000000
   27   20
 -0.00788713   0.00000000     0.00243910   0.00000000     0.00534857   0.00000000
  0.00653972   0.00000000    -0.00329322   0.00000000    -0.00349514   0.00000000
  0.00643547   0.00000000    -0.00163972   0.00000000    -0.00124325   0.00000000
   27   21
 -0.00788713   0.00000000    -0.00243910   0.00000000     0.00534857   0.00000000
 -0.00653972   0.00000000    -0.00329322   0.00000000     0.00349514   0.00000000
  0.00643547   0.00000000     0.00163972   0.00000000    -0.00124325   0.00000000
   27   22
  0.00174677   0.00000000    -0.00000000   0.00000000     0.00226741   0.00000000
 -0.00000000   0.00000000     0.00178776   0.00000000    -0.00000000   0.00000000
  0.00241307   0.00000000    -0.00000000   0.00000000    -0.00063086   0.00000000
   27   23
 -0.00788713   0.00000000    -0.00243910   0.00000000     0.00534857   0.00000000
 -0.00653972   0.00000000    -0.00329322   0.00000000     0.00349514   0.00000000
  0.00643547   0.00000000     0.00163972   0.00000000    -0.00124325   0.00000000
   27   24
 -0.00788713   0.00000000     0.00243910   0.00000000     0.00534857   0.00000000
  0.00653972   0.00000000    -0.00329322   0.00000000    -0.00349514   0.00000000
  0.00643547   0.00000000    -0.00163972   0.00000000    -0.00124325   0.00000000
   27   25
 -0.00847342   0.00000000    -0.00324245   0.00000000    -0.00584329   0.00000000
 -0.00657453   0.00000000    -0.00348004   0.00000000    -0.00382935   0.00000000
 -0.00569830   0.00000000    -0.00199576   0.00000000    -0.00170172   0.00000000
   27   26
 -0.00847342   0.00000000     0.00324245   0.00000000    -0.00584329   0.00000000
  0.00657453   0.00000000    -0.00348004   0.00000000     0.00382935   0.00000000
 -0.00569830   0.00000000     0.00199576   0.00000000    -0.00170172   0.00000000
   27   27
  0.26922393   0.00000000     0.00000000   0.00000000     0.01173898   0.00000000
  0.00000000   0.00000000     0.06681152   0.00000000     0.00000000   0.00000000
  0.01173898   0.00000000     0.00000000   0.00000000     0.25856112   0.00000000
   27   28
  0.00188757   0.00000000     0.00001181   0.00000000     0.00070988   0.00000000
 -0.00021244   0.00000000    -0.00333802   0.00000000    -0.00747858   0.00000000
 -0.00036248   0.00000000    -0.00320774   0.00000000    -0.01153838   0.00000000
   27   29
  0.00188757   0.00000000    -0.00001181   0.00000000     0.00070988   0.00000000
  0.00021244   0.00000000    -0.00333802   0.00000000     0.00747858   0.00000000
 -0.00036248   0.00000000     0.00320774   0.00000000    -0.01153838   0.00000000
   27   30
  0.00153260   0.00000000     0.00046981   0.00000000    -0.00003860   0.00000000
  0.00002048   0.00000000    -0.00160876   0.00000000     0.00000492   0.00000000
 -0.00010923   0.00000000     0.00040744   0.00000000     0.00157134   0.00000000
   27   31
  0.00153260   0.00000000    -0.00046981   0.00000000    -0.00003860   0.00000000
 -0.00002048   0.00000000    -0.00160876   0.00000000    -0.00000492   0.00000000
 -0.00010923   0.00000000    -0.00040744   0.00000000     0.00157134   0.00000000
   27   32
 -0.00304547   0.00000000     0.00000000   0.00000000    -0.00007585   0.00000000
  0.00000000   0.00000000     0.00153018   0.00000000     0.00000000   0.00000000
  0.00007585   0.00000000     0.00000000   0.00000000     0.00394483   0.00000000
   27   33
  0.00153260   0.00000000    -0.00046981   0.00000000    -0.00003860   0.00000000
 -0.00002048   0.00000000    -0.00160876   0.00000000    -0.00000492   0.00000000
 -0.00010923   0.00000000    -0.00040744   0.00000000     0.00157134   0.00000000
   27   34
  0.00153260   0.00000000     0.00046981   0.00000000    -0.00003860   0.00000000
  0.00002048   0.00000000    -0.00160876   0.00000000     0.00000492   0.00000000
 -0.00010923   0.00000000     0.00040744   0.00000000     0.00157134   0.00000000
   27   35
  0.00188757   0.00000000    -0.00001181   0.00000000     0.00070988   0.00000000
  0.00021244   0.00000000    -0.00333802   0.00000000     0.00747858   0.00000000
 -0.00036248   0.00000000     0.00320774   0.00000000    -0.01153838   0.00000000
   27   36
  0.00188757   0.00000000     0.00001181   0.00000000     0.00070988   0.00000000
 -0.00021244   0.00000000    -0.00333802   0.00000000    -0.00747858   0.00000000
 -0.00036248   0.00000000    -0.00320774   0.00000000    -0.01153838   0.00000000
   28    1
 -0.01009053   0.00000000     0.00939684   0.00000000     0.00717140   0.00000000
  0.00935331   0.00000000    -0.00520255   0.00000000    -0.00554721   0.00000000
  0.00714442   0.00000000    -0.00548651   0.00000000    -0.00220362   0.00000000
   28    2
 -0.00991205   0.00000000    -0.00922921   0.00000000    -0.00707933   0.00000000
 -0.00920498   0.00000000    -0.00500262   0.00000000    -0.00551595   0.00000000
 -0.00701849   0.00000000    -0.00540851   0.00000000    -0.00220626   0.00000000
   28    3
  0.00090150   0.00000000     0.00000099   0.00000000    -0.00002104   0.00000000
  0.00001380   0.00000000     0.00060799   0.00000000     0.00011127   0.00000000
 -0.00000593   0.00000000     0.00005183   0.00000000     0.00015730   0.00000000
   28    4
  0.00256506   0.00000000     0.00006951   0.00000000    -0.00001731   0.00000000
  0.00001943   0.00000000    -0.00491251   0.00000000     0.01081234   0.00000000
 -0.00008785   0.00000000     0.01076132   0.00000000    -0.01453734   0.00000000
   28    5
  0.00040698   0.00000000    -0.00048059   0.00000000    -0.00237032   0.00000000
 -0.00158760   0.00000000     0.00157834   0.00000000    -0.00085792   0.00000000
 -0.00135153   0.00000000     0.00342084   0.00000000    -0.00169243   0.00000000
   28    6
 -0.01432817   0.00000000     0.03950535   0.00000000     0.00911886   0.00000000
  0.03085030   0.00000000    -0.04911710   0.00000000    -0.01828816   0.00000000
  0.00884095   0.00000000    -0.02317127   0.00000000    -0.00440673   0.00000000
   28    7
  0.00096791   0.00000000    -0.00069105   0.00000000     0.00160378   0.00000000
 -0.00114570   0.00000000    -0.05358502   0.00000000     0.04136247   0.00000000
  0.00201119   0.00000000     0.04951423   0.00000000    -0.02370179   0.00000000
   28    8
 -0.00061294   0.00000000    -0.00109665   0.00000000    -0.00180621   0.00000000
 -0.00021181   0.00000000     0.00004110   0.00000000     0.00022854   0.00000000
 -0.00137080   0.00000000    -0.00031304   0.00000000     0.00052264   0.00000000
   28    9
 -0.00111079   0.00000000    -0.00119741   0.00000000    -0.00143665   0.00000000
 -0.00017394   0.00000000     0.00039325   0.00000000    -0.00036232   0.00000000
  0.00163510   0.00000000    -0.00081560   0.00000000    -0.00021576   0.00000000
   28   10
  0.00127311   0.00000000    -0.00033318   0.00000000    -0.00004607   0.00000000
  0.00051118   0.00000000    -0.00112430   0.00000000     0.00015744   0.00000000
 -0.00075550   0.00000000     0.00180223   0.00000000    -0.00157982   0.00000000
   28   11
 -0.01866256   0.00000000    -0.04287826   0.00000000    -0.01004736   0.00000000
 -0.03595821   0.00000000    -0.05330497   0.00000000    -0.02021587   0.00000000
 -0.00984162   0.00000000    -0.02412467   0.00000000    -0.00346948   0.00000000
   28   12
 -0.00208162   0.00000000     0.00084997   0.00000000     0.00190953   0.00000000
  0.00049654   0.00000000    -0.00015477   0.00000000     0.00038881   0.00000000
  0.00221582   0.00000000    -0.00050686   0.00000000     0.00051451   0.00000000
   28   13
  0.00038617   0.00000000    -0.00239994   0.00000000    -0.00049309   0.00000000
  0.00039307   0.00000000     0.00149614   0.00000000     0.00117522   0.00000000
 -0.00240587   0.00000000    -0.00165214   0.00000000    -0.00125441   0.00000000
   28   14
 -0.00356864   0.00000000     0.00195734   0.00000000     0.00076237   0.00000000
  0.00046918   0.00000000     0.00030929   0.00000000     0.00016778   0.00000000
 -0.00022027   0.00000000    -0.00316698   0.00000000     0.00047925   0.00000000
   28   15
 -0.00135952   0.00000000    -0.00003565   0.00000000     0.00230378   0.00000000
  0.00034122   0.00000000     0.00158096   0.00000000     0.00018426   0.00000000
 -0.00042416   0.00000000     0.00173627   0.00000000    -0.00130611   0.00000000
   28   16
 -0.00094992   0.00000000     0.00294790   0.00000000     0.00093354   0.00000000
 -0.00017708   0.00000000     0.00169057   0.00000000    -0.00075236   0.00000000
  0.00214277   0.00000000    -0.00079644   0.00000000    -0.00257926   0.00000000
   28   17
 -0.00828689   0.00000000     0.00646881   0.00000000    -0.00532287   0.00000000
  0.00259122   0.00000000    -0.00321250   0.00000000     0.00156368   0.00000000
 -0.00647915   0.00000000     0.00395573   0.00000000    -0.00099668   0.00000000
   28   18
  0.00021134   0.00000000    -0.00182540   0.00000000    -0.00313264   0.00000000
 -0.00228624   0.00000000    -0.00013969   0.00000000     0.00134787   0.00000000
 -0.00302864   0.00000000     0.00137979   0.00000000    -0.00308700   0.00000000
   28   19
 -0.02749221   0.00000000    -0.00188629   0.00000000     0.01570606   0.00000000
  0.00140399   0.00000000    -0.00505096   0.00000000    -0.00097514   0.00000000
  0.01555229   0.00000000     0.00145854   0.00000000    -0.00946873   0.00000000
   28   20
  0.00064627   0.00000000     0.00018010   0.00000000     0.00112541   0.00000000
 -0.00029774   0.00000000     0.00053959   0.00000000     0.00007388   0.00000000
  0.00116386   0.00000000    -0.00008391   0.00000000    -0.00043261   0.00000000
   28   21
 -0.00057738   0.00000000    -0.00035886   0.00000000     0.00002748   0.00000000
  0.00013457   0.00000000    -0.00013140   0.00000000    -0.00015540   0.00000000
 -0.00079361   0.00000000     0.00043983   0.00000000    -0.00015905   0.00000000
   28   22
 -0.00802879   0.00000000    -0.00640184   0.00000000     0.00544990   0.00000000
 -0.00279222   0.00000000    -0.00381751   0.00000000     0.00192263   0.00000000
  0.00552939   0.00000000     0.00365454   0.00000000    -0.00148018   0.00000000
   28   23
 -0.00000132   0.00000000     0.00211130   0.00000000     0.00317443   0.00000000
  0.00191148   0.00000000     0.00007488   0.00000000     0.00129837   0.00000000
  0.00265926   0.00000000     0.00114799   0.00000000    -0.00295975   0.00000000
   28   24
 -0.02624828   0.00000000     0.00143603   0.00000000    -0.01353451   0.00000000
 -0.00175232   0.00000000    -0.00562652   0.00000000    -0.00100998   0.00000000
 -0.01599576   0.00000000     0.00118419   0.00000000    -0.00911565   0.00000000
   28   25
  0.00028972   0.00000000    -0.00015035   0.00000000    -0.00079809   0.00000000
  0.00038060   0.00000000    -0.00031586   0.00000000    -0.00005521   0.00000000
 -0.00083713   0.00000000    -0.00039486   0.00000000    -0.00044036   0.00000000
   28   26
 -0.00105540   0.00000000     0.00048602   0.00000000     0.00118531   0.00000000
  0.00030506   0.00000000    -0.00101601   0.00000000     0.00008134   0.00000000
  0.00127956   0.00000000    -0.00003726   0.00000000     0.00034681   0.00000000
   28   27
  0.00188757   0.00000000    -0.00021244   0.00000000    -0.00036248   0.00000000
  0.00001181   0.00000000    -0.00333802   0.00000000    -0.00320774   0.00000000
  0.00070988   0.00000000    -0.00747858   0.00000000    -0.01153838   0.00000000
   28   28
  0.12741212   0.00000000     0.00480060   0.00000000    -0.00285868   0.00000000
  0.00480060   0.00000000     0.20720757   0.00000000    -0.00245353   0.00000000
 -0.00285868   0.00000000    -0.00245353   0.00000000     0.12531982   0.00000000
   28   29
 -0.00051431   0.00000000     0.00006666   0.00000000    -0.00006121   0.00000000
 -0.00006666   0.00000000     0.00022364   0.00000000     0.00010165   0.00000000
 -0.00006121   0.00000000    -0.00010165   0.00000000    -0.00072411   0.00000000
   28   30
 -0.00043618   0.00000000    -0.00000620   0.00000000     0.00001147   0.00000000
 -0.00000620   0.00000000    -0.00949446   0.00000000     0.00010972   0.00000000
 -0.00001147   0.00000000    -0.00010972   0.00000000     0.00198980   0.00000000
   28   31
  0.00058471   0.00000000    -0.00051251   0.00000000    -0.00041052   0.00000000
  0.00051251   0.00000000    -0.00048411   0.00000000    -0.00011503   0.00000000
  0.00041052   0.00000000    -0.00011503   0.00000000    -0.00048749   0.00000000
   28   32
  0.00153260   0.00000000     0.00002048   0.00000000     0.00010923   0.00000000
  0.00046981   0.00000000    -0.00160876   0.00000000    -0.00040744   0.00000000
  0.00003860   0.00000000    -0.00000492   0.00000000     0.00157134   0.00000000
   28   33
 -0.00486239   0.00000000     0.00026639   0.00000000    -0.00014496   0.00000000
 -0.00026639   0.00000000     0.00081628   0.00000000    -0.00248461   0.00000000
  0.00014496   0.00000000    -0.00248461   0.00000000     0.00178659   0.00000000
   28   34
 -0.00017216   0.00000000    -0.00003037   0.00000000    -0.00135916   0.00000000
 -0.00003037   0.00000000    -0.00585052   0.00000000     0.00221344   0.00000000
  0.00135916   0.00000000    -0.00221344   0.00000000    -0.03484499   0.00000000
   28   35
  0.00131883   0.00000000    -0.00091293   0.00000000     0.00063212   0.00000000
  0.00091293   0.00000000    -0.00417248   0.00000000    -0.00065455   0.00000000
  0.00063212   0.00000000     0.00065455   0.00000000     0.00202001   0.00000000
   28   36
 -0.00003181   0.00000000     0.00007485   0.00000000     0.00007782   0.00000000
  0.00007485   0.00000000     0.00010307   0.00000000    -0.00024233   0.00000000
  0.00007782   0.00000000    -0.00024233   0.00000000     0.00017992   0.00000000
   29    1
 -0.01009053   0.00000000    -0.00939684   0.00000000     0.00717140   0.00000000
 -0.00935331   0.00000000    -0.00520255   0.00000000     0.00554721   0.00000000
  0.00714442   0.00000000     0.00548651   0.00000000    -0.00220362   0.00000000
   29    2
 -0.00991205   0.00000000     0.00922921   0.00000000    -0.00707933   0.00000000
  0.00920498   0.00000000    -0.00500262   0.00000000     0.00551595   0.00000000
 -0.00701849   0.00000000     0.00540851   0.00000000    -0.00220626   0.00000000
   29    3
  0.00090150   0.00000000    -0.00000099   0.00000000    -0.00002104   0.00000000
 -0.00001380   0.00000000     0.00060799   0.00000000    -0.00011127   0.00000000
 -0.00000593   0.00000000    -0.00005183   0.00000000     0.00015730   0.00000000
   29    4
  0.00256506   0.00000000    -0.00006951   0.00000000    -0.00001731   0.00000000
 -0.00001943   0.00000000    -0.00491251   0.00000000    -0.01081234   0.00000000
 -0.00008785   0.00000000    -0.01076132   0.00000000    -0.01453734   0.00000000
   29    5
 -0.00356864   0.00000000    -0.00195734   0.00000000     0.00076237   0.00000000
 -0.00046918   0.00000000     0.00030929   0.00000000    -0.00016778   0.00000000
 -0.00022027   0.00000000     0.00316698   0.00000000     0.00047925   0.00000000
   29    6
 -0.00208162   0.00000000    -0.00084997   0.00000000     0.00190953   0.00000000
 -0.00049654   0.00000000    -0.00015477   0.00000000    -0.00038881   0.00000000
  0.00221582   0.00000000     0.00050686   0.00000000     0.00051451   0.00000000
   29    7
  0.00127311   0.00000000     0.00033318   0.00000000    -0.00004607   0.00000000
 -0.00051118   0.00000000    -0.00112430   0.00000000    -0.00015744   0.00000000
 -0.00075550   0.00000000    -0.00180223   0.00000000    -0.00157982   0.00000000
   29    8
 -0.01866256   0.00000000     0.04287826   0.00000000    -0.01004736   0.00000000
  0.03595821   0.00000000    -0.05330497   0.00000000     0.02021587   0.00000000
 -0.00984162   0.00000000     0.02412467   0.00000000    -0.00346948   0.00000000
   29    9
 -0.00135952   0.00000000     0.00003565   0.00000000     0.00230378   0.00000000
 -0.00034122   0.00000000     0.00158096   0.00000000    -0.00018426   0.00000000
 -0.00042416   0.00000000    -0.00173627   0.00000000    -0.00130611   0.00000000
   29   10
  0.00096791   0.00000000     0.00069105   0.00000000     0.00160378   0.00000000
  0.00114570   0.00000000    -0.05358502   0.00000000    -0.04136247   0.00000000
  0.00201119   0.00000000    -0.04951423   0.00000000    -0.02370179   0.00000000
   29   11
 -0.00061294   0.00000000     0.00109665   0.00000000    -0.00180621   0.00000000
  0.00021181   0.00000000     0.00004110   0.00000000    -0.00022854   0.00000000
 -0.00137080   0.00000000     0.00031304   0.00000000     0.00052264   0.00000000
   29   12
 -0.01432817   0.00000000    -0.03950535   0.00000000     0.00911886   0.00000000
 -0.03085030   0.00000000    -0.04911710   0.00000000     0.01828816   0.00000000
  0.00884095   0.00000000     0.02317127   0.00000000    -0.00440673   0.00000000
   29   13
 -0.00094992   0.00000000    -0.00294790   0.00000000     0.00093354   0.00000000
  0.00017708   0.00000000     0.00169057   0.00000000     0.00075236   0.00000000
  0.00214277   0.00000000     0.00079644   0.00000000    -0.00257926   0.00000000
   29   14
  0.00040698   0.00000000     0.00048059   0.00000000    -0.00237032   0.00000000
  0.00158760   0.00000000     0.00157834   0.00000000     0.00085792   0.00000000
 -0.00135153   0.00000000    -0.00342084   0.00000000    -0.00169243   0.00000000
   29   15
 -0.00111079   0.00000000     0.00119741   0.00000000    -0.00143665   0.00000000
  0.00017394   0.00000000     0.00039325   0.00000000     0.00036232   0.00000000
  0.00163510   0.00000000     0.00081560   0.00000000    -0.00021576   0.00000000
   29   16
  0.00038617   0.00000000     0.00239994   0.00000000    -0.00049309   0.00000000
 -0.00039307   0.00000000     0.00149614   0.00000000    -0.00117522   0.00000000
 -0.00240587   0.00000000     0.00165214   0.00000000    -0.00125441   0.00000000
   29   17
 -0.00828689   0.00000000    -0.00646881   0.00000000    -0.00532287   0.00000000
 -0.00259122   0.00000000    -0.00321250   0.00000000    -0.00156368   0.00000000
 -0.00647915   0.00000000    -0.00395573   0.00000000    -0.00099668   0.00000000
   29   18
 -0.02749221   0.00000000     0.00188629   0.00000000     0.01570606   0.00000000
 -0.00140399   0.00000000    -0.00505096   0.00000000     0.00097514   0.00000000
  0.01555229   0.00000000    -0.00145854   0.00000000    -0.00946873   0.00000000
   29   19
  0.00021134   0.00000000     0.00182540   0.00000000    -0.00313264   0.00000000
  0.00228624   0.00000000    -0.00013969   0.00000000    -0.00134787   0.00000000
 -0.00302864   0.00000000    -0.00137979   0.00000000    -0.00308700   0.00000000
   29   20
 -0.00057738   0.00000000     0.00035886   0.00000000     0.00002748   0.00000000
 -0.00013457   0.00000000    -0.00013140   0.00000000     0.00015540   0.00000000
 -0.00079361   0.00000000    -0.00043983   0.00000000    -0.00015905   0.00000000
   29   21
  0.00064627   0.00000000    -0.00018010   0.00000000     0.00112541   0.00000000
  0.00029774   0.00000000     0.00053959   0.00000000    -0.00007388   0.00000000
  0.00116386   0.00000000     0.00008391   0.00000000    -0.00043261   0.00000000
   29   22
 -0.00802879   0.00000000     0.00640184   0.00000000     0.00544990   0.00000000
  0.00279222   0.00000000    -0.00381751   0.00000000    -0.00192263   0.00000000
  0.00552939   0.00000000    -0.00365454   0.00000000    -0.00148018   0.00000000
   29   23
 -0.02624828   0.00000000    -0.00143603   0.00000000    -0.01353451   0.00000000
  0.00175232   0.00000000    -0.00562652   0.00000000     0.00100998   0.00000000
 -0.01599576   0.00000000    -0.00118419   0.00000000    -0.00911565   0.00000000
   29   24
 -0.00000132   0.00000000    -0.00211130   0.00000000     0.00317443   0.00000000
 -0.00191148   0.00000000     0.00007488   0.00000000    -0.00129837   0.00000000
  0.00265926   0.00000000    -0.00114799   0.00000000    -0.00295975   0.00000000
   29   25
 -0.00105540   0.00000000    -0.00048602   0.00000000     0.00118531   0.00000000
 -0.00030506   0.00000000    -0.00101601   0.00000000    -0.00008134   0.00000000
  0.00127956   0.00000000     0.00003726   0.00000000     0.00034681   0.00000000
   29   26
  0.00028972   0.00000000     0.00015035   0.00000000    -0.00079809   0.00000000
 -0.00038060   0.00000000    -0.00031586   0.00000000     0.00005521   0.00000000
 -0.00083713   0.00000000     0.00039486   0.00000000    -0.00044036   0.00000000
   29   27
  0.00188757   0.00000000     0.00021244   0.00000000    -0.00036248   0.00000000
 -0.00001181   0.00000000    -0.00333802   0.00000000     0.00320774   0.00000000
  0.00070988   0.00000000     0.00747858   0.00000000    -0.01153838   0.00000000
   29   28
 -0.00051431   0.00000000    -0.00006666   0.00000000    -0.00006121   0.00000000
  0.00006666   0.00000000     0.00022364   0.00000000    -0.00010165   0.00000000
 -0.00006121   0.00000000     0.00010165   0.00000000    -0.00072411   0.00000000
   29   29
  0.12741212   0.00000000    -0.00480060   0.00000000    -0.00285868   0.00000000
 -0.00480060   0.00000000     0.20720757   0.00000000     0.00245353   0.00000000
 -0.00285868   0.00000000     0.00245353   0.00000000     0.12531982   0.00000000
   29   30
  0.00058471   0.00000000     0.00051251   0.00000000    -0.00041052   0.00000000
 -0.00051251   0.00000000    -0.00048411   0.00000000     0.00011503   0.00000000
  0.00041052   0.00000000     0.00011503   0.00000000    -0.00048749   0.00000000
   29   31
 -0.00043618   0.00000000     0.00000620   0.00000000     0.00001147   0.00000000
  0.00000620   0.00000000    -0.00949446   0.00000000    -0.00010972   0.00000000
 -0.00001147   0.00000000     0.00010972   0.00000000     0.00198980   0.00000000
   29   32
  0.00153260   0.00000000    -0.00002048   0.00000000     0.00010923   0.00000000
 -0.00046981   0.00000000    -0.00160876   0.00000000     0.00040744   0.00000000
  0.00003860   0.00000000     0.00000492   0.00000000     0.00157134   0.00000000
   29   33
 -0.00017216   0.00000000     0.00003037   0.00000000    -0.00135916   0.00000000
  0.00003037   0.00000000    -0.00585052   0.00000000    -0.00221344   0.00000000
  0.00135916   0.00000000     0.00221344   0.00000000    -0.03484499   0.00000000
   29   34
 -0.00486239   0.00000000    -0.00026639   0.00000000    -0.00014496   0.00000000
  0.00026639   0.00000000     0.00081628   0.00000000     0.00248461   0.00000000
  0.00014496   0.00000000     0.00248461   0.00000000     0.00178659   0.00000000
   29   35
 -0.00003181   0.00000000    -0.00007485   0.00000000     0.00007782   0.00000000
 -0.00007485   0.00000000     0.00010307   0.00000000     0.00024233   0.00000000
  0.00007782   0.00000000     0.00024233   0.00000000     0.00017992   0.00000000
   29   36
  0.00131883   0.00000000     0.00091293   0.00000000     0.00063212   0.00000000
 -0.00091293   0.00000000    -0.00417248   0.00000000     0.00065455   0.00000000
  0.00063212   0.00000000    -0.00065455   0.00000000     0.00202001   0.00000000
   30    1
 -0.00991205   0.00000000    -0.00922921   0.00000000     0.00707933   0.00000000
 -0.00920498   0.00000000    -0.00500262   0.00000000     0.00551595   0.00000000
  0.00701849   0.00000000     0.00540851   0.00000000    -0.00220626   0.00000000
   30    2
 -0.01009053   0.00000000     0.00939684   0.00000000    -0.00717140   0.00000000
  0.00935331   0.00000000    -0.00520255   0.00000000     0.00554721   0.00000000
 -0.00714442   0.00000000     0.00548651   0.00000000    -0.00220362   0.00000000
   30    3
  0.00090150   0.00000000     0.00000099   0.00000000     0.00002104   0.00000000
  0.00001380   0.00000000     0.00060799   0.00000000    -0.00011127   0.00000000
  0.00000593   0.00000000    -0.00005183   0.00000000     0.00015730   0.00000000
   30    4
  0.00256506   0.00000000     0.00006951   0.00000000     0.00001731   0.00000000
  0.00001943   0.00000000    -0.00491251   0.00000000    -0.01081234   0.00000000
  0.00008785   0.00000000    -0.01076132   0.00000000    -0.01453734   0.00000000
   30    5
 -0.00208162   0.00000000     0.00084997   0.00000000    -0.00190953   0.00000000
  0.00049654   0.00000000    -0.00015477   0.00000000    -0.00038881   0.00000000
 -0.00221582   0.00000000     0.00050686   0.00000000     0.00051451   0.00000000
   30    6
 -0.00356864   0.00000000     0.00195734   0.00000000    -0.00076237   0.00000000
  0.00046918   0.00000000     0.00030929   0.00000000    -0.00016778   0.00000000
  0.00022027   0.00000000     0.00316698   0.00000000     0.00047925   0.00000000
   30    7
  0.00127311   0.00000000    -0.00033318   0.00000000     0.00004607   0.00000000
  0.00051118   0.00000000    -0.00112430   0.00000000    -0.00015744   0.00000000
  0.00075550   0.00000000    -0.00180223   0.00000000    -0.00157982   0.00000000
   30    8
 -0.00135952   0.00000000    -0.00003565   0.00000000    -0.00230378   0.00000000
  0.00034122   0.00000000     0.00158096   0.00000000    -0.00018426   0.00000000
  0.00042416   0.00000000    -0.00173627   0.00000000    -0.00130611   0.00000000
   30    9
 -0.01866256   0.00000000    -0.04287826   0.00000000     0.01004736   0.00000000
 -0.03595821   0.00000000    -0.05330497   0.00000000     0.02021587   0.00000000
  0.00984162   0.00000000     0.02412467   0.00000000    -0.00346948   0.00000000
   30   10
  0.00096791   0.00000000    -0.00069105   0.00000000    -0.00160378   0.00000000
 -0.00114570   0.00000000    -0.05358502   0.00000000    -0.04136247   0.00000000
 -0.00201119   0.00000000    -0.04951423   0.00000000    -0.02370179   0.00000000
   30   11
 -0.00111079   0.00000000    -0.00119741   0.00000000     0.00143665   0.00000000
 -0.00017394   0.00000000     0.00039325   0.00000000     0.00036232   0.00000000
 -0.00163510   0.00000000     0.00081560   0.00000000    -0.00021576   0.00000000
   30   12
  0.00040698   0.00000000    -0.00048059   0.00000000     0.00237032   0.00000000
 -0.00158760   0.00000000     0.00157834   0.00000000     0.00085792   0.00000000
  0.00135153   0.00000000    -0.00342084   0.00000000    -0.00169243   0.00000000
   30   13
  0.00038617   0.00000000    -0.00239994   0.00000000     0.00049309   0.00000000
  0.00039307   0.00000000     0.00149614   0.00000000    -0.00117522   0.00000000
  0.00240587   0.00000000     0.00165214   0.00000000    -0.00125441   0.00000000
   30   14
 -0.01432817   0.00000000     0.03950535   0.00000000    -0.00911886   0.00000000
  0.03085030   0.00000000    -0.04911710   0.00000000     0.01828816   0.00000000
 -0.00884095   0.00000000     0.02317127   0.00000000    -0.00440673   0.00000000
   30   15
 -0.00061294   0.00000000    -0.00109665   0.00000000     0.00180621   0.00000000
 -0.00021181   0.00000000     0.00004110   0.00000000    -0.00022854   0.00000000
  0.00137080   0.00000000     0.00031304   0.00000000     0.00052264   0.00000000
   30   16
 -0.00094992   0.00000000     0.00294790   0.00000000    -0.00093354   0.00000000
 -0.00017708   0.00000000     0.00169057   0.00000000     0.00075236   0.00000000
 -0.00214277   0.00000000     0.00079644   0.00000000    -0.00257926   0.00000000
   30   17
 -0.00828689   0.00000000     0.00646881   0.00000000     0.00532287   0.00000000
  0.00259122   0.00000000    -0.00321250   0.00000000    -0.00156368   0.00000000
  0.00647915   0.00000000    -0.00395573   0.00000000    -0.00099668   0.00000000
   30   18
  0.00028972   0.00000000    -0.00015035   0.00000000     0.00079809   0.00000000
  0.00038060   0.00000000    -0.00031586   0.00000000     0.00005521   0.00000000
  0.00083713   0.00000000     0.00039486   0.00000000    -0.00044036   0.00000000
   30   19
 -0.00105540   0.00000000     0.00048602   0.00000000    -0.00118531   0.00000000
  0.00030506   0.00000000    -0.00101601   0.00000000    -0.00008134   0.00000000
 -0.00127956   0.00000000     0.00003726   0.00000000     0.00034681   0.00000000
   30   20
 -0.00000132   0.00000000     0.00211130   0.00000000    -0.00317443   0.00000000
  0.00191148   0.00000000     0.00007488   0.00000000    -0.00129837   0.00000000
 -0.00265926   0.00000000    -0.00114799   0.00000000    -0.00295975   0.00000000
   30   21
 -0.02624828   0.00000000     0.00143603   0.00000000     0.01353451   0.00000000
 -0.00175232   0.00000000    -0.00562652   0.00000000     0.00100998   0.00000000
  0.01599576   0.00000000    -0.00118419   0.00000000    -0.00911565   0.00000000
   30   22
 -0.00802879   0.00000000    -0.00640184   0.00000000    -0.00544990   0.00000000
 -0.00279222   0.00000000    -0.00381751   0.00000000    -0.00192263   0.00000000
 -0.00552939   0.00000000    -0.00365454   0.00000000    -0.00148018   0.00000000
   30   23
  0.00064627   0.00000000     0.00018010   0.00000000    -0.00112541   0.00000000
 -0.00029774   0.00000000     0.00053959   0.00000000    -0.00007388   0.00000000
 -0.00116386   0.00000000     0.00008391   0.00000000    -0.00043261   0.00000000
   30   24
 -0.00057738   0.00000000    -0.00035886   0.00000000    -0.00002748   0.00000000
  0.00013457   0.00000000    -0.00013140   0.00000000     0.00015540   0.00000000
  0.00079361   0.00000000    -0.00043983   0.00000000    -0.00015905   0.00000000
   30   25
  0.00021134   0.00000000    -0.00182540   0.00000000     0.00313264   0.00000000
 -0.00228624   0.00000000    -0.00013969   0.00000000    -0.00134787   0.00000000
  0.00302864   0.00000000    -0.00137979   0.00000000    -0.00308700   0.00000000
   30   26
 -0.02749221   0.00000000    -0.00188629   0.00000000    -0.01570606   0.00000000
  0.00140399   0.00000000    -0.00505096   0.00000000     0.00097514   0.00000000
 -0.01555229   0.00000000    -0.00145854   0.00000000    -0.00946873   0.00000000
   30   27
  0.00153260   0.00000000     0.00002048   0.00000000    -0.00010923   0.00000000
  0.00046981   0.00000000    -0.00160876   0.00000000     0.00040744   0.00000000
 -0.00003860   0.00000000     0.00000492   0.00000000     0.00157134   0.00000000
   30   28
 -0.00043618   0.00000000    -0.00000620   0.00000000    -0.00001147   0.00000000
 -0.00000620   0.00000000    -0.00949446   0.00000000    -0.00010972   0.00000000
  0.00001147   0.00000000     0.00010972   0.00000000     0.00198980   0.00000000
   30   29
  0.00058471   0.00000000    -0.00051251   0.00000000     0.00041052   0.00000000
  0.00051251   0.00000000    -0.00048411   0.00000000     0.00011503   0.00000000
 -0.00041052   0.00000000     0.00011503   0.00000000    -0.00048749   0.00000000
   30   30
  0.12741212   0.00000000     0.00480060   0.00000000     0.00285868   0.00000000
  0.00480060   0.00000000     0.20720757   0.00000000     0.00245353   0.00000000
  0.00285868   0.00000000     0.00245353   0.00000000     0.12531982   0.00000000
   30   31
 -0.00051431   0.00000000     0.00006666   0.00000000     0.00006121   0.00000000
 -0.00006666   0.00000000     0.00022364   0.00000000    -0.00010165   0.00000000
  0.00006121   0.00000000     0.00010165   0.00000000    -0.00072411   0.00000000
   30   32
  0.00188757   0.00000000    -0.00021244   0.00000000     0.00036248   0.00000000
  0.00001181   0.00000000    -0.00333802   0.00000000     0.00320774   0.00000000
 -0.00070988   0.00000000     0.00747858   0.00000000    -0.01153838   0.00000000
   30   33
  0.00131883   0.00000000    -0.00091293   0.00000000    -0.00063212   0.00000000
  0.00091293   0.00000000    -0.00417248   0.00000000     0.00065455   0.00000000
 -0.00063212   0.00000000    -0.00065455   0.00000000     0.00202001   0.00000000
   30   34
 -0.00003181   0.00000000     0.00007485   0.00000000    -0.00007782   0.00000000
  0.00007485   0.00000000     0.00010307   0.00000000     0.00024233   0.00000000
 -0.00007782   0.00000000     0.00024233   0.00000000     0.00017992   0.00000000
   30   35
 -0.00486239   0.00000000     0.00026639   0.00000000     0.00014496   0.00000000
 -0.00026639   0.00000000     0.00081628   0.00000000     0.00248461   0.00000000
 -0.00014496   0.00000000     0.00248461   0.00000000     0.00178659   0.00000000
   30   36
 -0.00017216   0.00000000    -0.00003037   0.00000000     0.00135916   0.00000000
 -0.00003037   0.00000000    -0.00585052   0.00000000    -0.00221344   0.00000000
 -0.00135916   0.00000000     0.00221344   0.00000000    -0.03484499   0.00000000
   31    1
 -0.00991205   0.00000000     0.00922921   0.00000000     0.00707933   0.00000000
  0.00920498   0.00000000    -0.00500262   0.00000000    -0.00551595   0.00000000
  0.00701849   0.00000000    -0.00540851   0.00000000    -0.00220626   0.00000000
   31    2
 -0.01009053   0.00000000    -0.00939684   0.00000000    -0.00717140   0.00000000
 -0.00935331   0.00000000    -0.00520255   0.00000000    -0.00554721   0.00000000
 -0.00714442   0.00000000    -0.00548651   0.00000000    -0.00220362   0.00000000
   31    3
  0.00090150   0.00000000    -0.00000099   0.00000000     0.00002104   0.00000000
 -0.00001380   0.00000000     0.00060799   0.00000000     0.00011127   0.00000000
  0.00000593   0.00000000     0.00005183   0.00000000     0.00015730   0.00000000
   31    4
  0.00256506   0.00000000    -0.00006951   0.00000000     0.00001731   0.00000000
 -0.00001943   0.00000000    -0.00491251   0.00000000     0.01081234   0.00000000
  0.00008785   0.00000000     0.01076132   0.00000000    -0.01453734   0.00000000
   31    5
 -0.01432817   0.00000000    -0.03950535   0.00000000    -0.00911886   0.00000000
 -0.03085030   0.00000000    -0.04911710   0.00000000    -0.01828816   0.00000000
 -0.00884095   0.00000000    -0.02317127   0.00000000    -0.00440673   0.00000000
   31    6
  0.00040698   0.00000000     0.00048059   0.00000000     0.00237032   0.00000000
  0.00158760   0.00000000     0.00157834   0.00000000    -0.00085792   0.00000000
  0.00135153   0.00000000     0.00342084   0.00000000    -0.00169243   0.00000000
   31    7
  0.00096791   0.00000000     0.00069105   0.00000000    -0.00160378   0.00000000
  0.00114570   0.00000000    -0.05358502   0.00000000     0.04136247   0.00000000
 -0.00201119   0.00000000     0.04951423   0.00000000    -0.02370179   0.00000000
   31    8
 -0.00111079   0.00000000     0.00119741   0.00000000     0.00143665   0.00000000
  0.00017394   0.00000000     0.00039325   0.00000000    -0.00036232   0.00000000
 -0.00163510   0.00000000    -0.00081560   0.00000000    -0.00021576   0.00000000
   31    9
 -0.00061294   0.00000000     0.00109665   0.00000000     0.00180621   0.00000000
  0.00021181   0.00000000     0.00004110   0.00000000     0.00022854   0.00000000
  0.00137080   0.00000000    -0.00031304   0.00000000     0.00052264   0.00000000
   31   10
  0.00127311   0.00000000     0.00033318   0.00000000     0.00004607   0.00000000
 -0.00051118   0.00000000    -0.00112430   0.00000000     0.00015744   0.00000000
  0.00075550   0.00000000     0.00180223   0.00000000    -0.00157982   0.00000000
   31   11
 -0.00135952   0.00000000     0.00003565   0.00000000    -0.00230378   0.00000000
 -0.00034122   0.00000000     0.00158096   0.00000000     0.00018426   0.00000000
  0.00042416   0.00000000     0.00173627   0.00000000    -0.00130611   0.00000000
   31   12
 -0.00356864   0.00000000    -0.00195734   0.00000000    -0.00076237   0.00000000
 -0.00046918   0.00000000     0.00030929   0.00000000     0.00016778   0.00000000
  0.00022027   0.00000000    -0.00316698   0.00000000     0.00047925   0.00000000
   31   13
 -0.00094992   0.00000000    -0.00294790   0.00000000    -0.00093354   0.00000000
  0.00017708   0.00000000     0.00169057   0.00000000    -0.00075236   0.00000000
 -0.00214277   0.00000000    -0.00079644   0.00000000    -0.00257926   0.00000000
   31   14
 -0.00208162   0.00000000    -0.00084997   0.00000000    -0.00190953   0.00000000
 -0.00049654   0.00000000    -0.00015477   0.00000000     0.00038881   0.00000000
 -0.00221582   0.00000000    -0.00050686   0.00000000     0.00051451   0.00000000
   31   15
 -0.01866256   0.00000000     0.04287826   0.00000000     0.01004736   0.00000000
  0.03595821   0.00000000    -0.05330497   0.00000000    -0.02021587   0.00000000
  0.00984162   0.00000000    -0.02412467   0.00000000    -0.00346948   0.00000000
   31   16
  0.00038617   0.00000000     0.00239994   0.00000000     0.00049309   0.00000000
 -0.00039307   0.00000000     0.00149614   0.00000000     0.00117522   0.00000000
  0.00240587   0.00000000    -0.00165214   0.00000000    -0.00125441   0.00000000
   31   17
 -0.00828689   0.00000000    -0.00646881   0.00000000     0.00532287   0.00000000
 -0.00259122   0.00000000    -0.00321250   0.00000000     0.00156368   0.00000000
  0.00647915   0.00000000     0.00395573   0.00000000    -0.00099668   0.00000000
   31   18
 -0.00105540   0.00000000    -0.00048602   0.00000000    -0.00118531   0.00000000
 -0.00030506   0.00000000    -0.00101601   0.00000000     0.00008134   0.00000000
 -0.00127956   0.00000000    -0.00003726   0.00000000     0.00034681   0.00000000
   31   19
  0.00028972   0.00000000     0.00015035   0.00000000     0.00079809   0.00000000
 -0.00038060   0.00000000    -0.00031586   0.00000000    -0.00005521   0.00000000
  0.00083713   0.00000000    -0.00039486   0.00000000    -0.00044036   0.00000000
   31   20
 -0.02624828   0.00000000    -0.00143603   0.00000000     0.01353451   0.00000000
  0.00175232   0.00000000    -0.00562652   0.00000000    -0.00100998   0.00000000
  0.01599576   0.00000000     0.00118419   0.00000000    -0.00911565   0.00000000
   31   21
 -0.00000132   0.00000000    -0.00211130   0.00000000    -0.00317443   0.00000000
 -0.00191148   0.00000000     0.00007488   0.00000000     0.00129837   0.00000000
 -0.00265926   0.00000000     0.00114799   0.00000000    -0.00295975   0.00000000
   31   22
 -0.00802879   0.00000000     0.00640184   0.00000000    -0.00544990   0.00000000
  0.00279222   0.00000000    -0.00381751   0.00000000     0.00192263   0.00000000
 -0.00552939   0.00000000     0.00365454   0.00000000    -0.00148018   0.00000000
   31   23
 -0.00057738   0.00000000     0.00035886   0.00000000    -0.00002748   0.00000000
 -0.00013457   0.00000000    -0.00013140   0.00000000    -0.00015540   0.00000000
  0.00079361   0.00000000     0.00043983   0.00000000    -0.00015905   0.00000000
   31   24
  0.00064627   0.00000000    -0.00018010   0.00000000    -0.00112541   0.00000000
  0.00029774   0.00000000     0.00053959   0.00000000     0.00007388   0.00000000
 -0.00116386   0.00000000    -0.00008391   0.00000000    -0.00043261   0.00000000
   31   25
 -0.02749221   0.00000000     0.00188629   0.00000000    -0.01570606   0.00000000
 -0.00140399   0.00000000    -0.00505096   0.00000000    -0.00097514   0.00000000
 -0.01555229   0.00000000     0.00145854   0.00000000    -0.00946873   0.00000000
   31   26
  0.00021134   0.00000000     0.00182540   0.00000000     0.00313264   0.00000000
  0.00228624   0.00000000    -0.00013969   0.00000000     0.00134787   0.00000000
  0.00302864   0.00000000     0.00137979   0.00000000    -0.00308700   0.00000000
   31   27
  0.00153260   0.00000000    -0.00002048   0.00000000    -0.00010923   0.00000000
 -0.00046981   0.00000000    -0.00160876   0.00000000    -0.00040744   0.00000000
 -0.00003860   0.00000000    -0.00000492   0.00000000     0.00157134   0.00000000
   31   28
  0.00058471   0.00000000     0.00051251   0.00000000     0.00041052   0.00000000
 -0.00051251   0.00000000    -0.00048411   0.00000000    -0.00011503   0.00000000
 -0.00041052   0.00000000    -0.00011503   0.00000000    -0.00048749   0.00000000
   31   29
 -0.00043618   0.00000000     0.00000620   0.00000000    -0.00001147   0.00000000
  0.00000620   0.00000000    -0.00949446   0.00000000     0.00010972   0.00000000
  0.00001147   0.00000000    -0.00010972   0.00000000     0.00198980   0.00000000
   31   30
 -0.00051431   0.00000000    -0.00006666   0.00000000     0.00006121   0.00000000
  0.00006666   0.00000000     0.00022364   0.00000000     0.00010165   0.00000000
  0.00006121   0.00000000    -0.00010165   0.00000000    -0.00072411   0.00000000
   31   31
  0.12741212   0.00000000    -0.00480060   0.00000000     0.00285868   0.00000000
 -0.00480060   0.00000000     0.20720757   0.00000000    -0.00245353   0.00000000
  0.00285868   0.00000000    -0.00245353   0.00000000     0.12531982   0.00000000
   31   32
  0.00188757   0.00000000     0.00021244   0.00000000     0.00036248   0.00000000
 -0.00001181   0.00000000    -0.00333802   0.00000000    -0.00320774   0.00000000
 -0.00070988   0.00000000    -0.00747858   0.00000000    -0.01153838   0.00000000
   31   33
 -0.00003181   0.00000000    -0.00007485   0.00000000    -0.00007782   0.00000000
 -0.00007485   0.00000000     0.00010307   0.00000000    -0.00024233   0.00000000
 -0.00007782   0.00000000    -0.00024233   0.00000000     0.00017992   0.00000000
   31   34
  0.00131883   0.00000000     0.00091293   0.00000000    -0.00063212   0.00000000
 -0.00091293   0.00000000    -0.00417248   0.00000000    -0.00065455   0.00000000
 -0.00063212   0.00000000     0.00065455   0.00000000     0.00202001   0.00000000
   31   35
 -0.00017216   0.00000000     0.00003037   0.00000000     0.00135916   0.00000000
  0.00003037   0.00000000    -0.00585052   0.00000000     0.00221344   0.00000000
 -0.00135916   0.00000000    -0.00221344   0.00000000    -0.03484499   0.00000000
   31   36
 -0.00486239   0.00000000    -0.00026639   0.00000000     0.00014496   0.00000000
  0.00026639   0.00000000     0.00081628   0.00000000    -0.00248461   0.00000000
 -0.00014496   0.00000000    -0.00248461   0.00000000     0.00178659   0.00000000
   32    1
  0.00064483   0.00000000     0.00000000   0.00000000     0.00002468   0.00000000
 -0.00000000   0.00000000     0.00036046   0.00000000    -0.00000000   0.00000000
  0.00014925   0.00000000     0.00000000   0.00000000    -0.00082291   0.00000000
   32    2
  0.00064483   0.00000000    -0.00000000   0.00000000     0.00002468   0.00000000
  0.00000000   0.00000000     0.00036046   0.00000000     0.00000000   0.00000000
  0.00014925   0.00000000    -0.00000000   0.00000000    -0.00082291   0.00000000
   32    3
  0.00082564   0.00000000     0.00000000   0.00000000     0.00004103   0.00000000
 -0.00000000   0.00000000    -0.00471536   0.00000000    -0.00000000   0.00000000
 -0.00008796   0.00000000     0.00000000   0.00000000     0.00124873   0.00000000
   32    4
  0.00082564   0.00000000     0.00000000   0.00000000     0.00004103   0.00000000
  0.00000000   0.00000000    -0.00471536   0.00000000     0.00000000   0.00000000
 -0.00008796   0.00000000    -0.00000000   0.00000000     0.00124873   0.00000000
   32    5
 -0.01638846   0.00000000    -0.00000000   0.00000000     0.03484124   0.00000000
  0.00000000   0.00000000     0.00001209   0.00000000     0.00000000   0.00000000
  0.03190879   0.00000000    -0.00000000   0.00000000    -0.05543092   0.00000000
   32    6
 -0.00120924   0.00000000    -0.00000000   0.00000000    -0.00024469   0.00000000
 -0.00000000   0.00000000    -0.00058806   0.00000000     0.00000000   0.00000000
 -0.00039874   0.00000000     0.00000000   0.00000000    -0.00141792   0.00000000
   32    7
 -0.00312837   0.00000000     0.00000000   0.00000000    -0.00124659   0.00000000
 -0.00000000   0.00000000    -0.00188622   0.00000000     0.00000000   0.00000000
 -0.00019425   0.00000000    -0.00000000   0.00000000     0.00104457   0.00000000
   32    8
  0.00098299   0.00000000    -0.00000000   0.00000000     0.00253644   0.00000000
  0.00000000   0.00000000    -0.00215838   0.00000000     0.00000000   0.00000000
  0.00152304   0.00000000     0.00000000   0.00000000    -0.00282077   0.00000000
   32    9
 -0.01663761   0.00000000     0.00000000   0.00000000    -0.02795802   0.00000000
 -0.00000000   0.00000000    -0.00278355   0.00000000     0.00000000   0.00000000
 -0.02845512   0.00000000     0.00000000   0.00000000    -0.04889640   0.00000000
   32   10
 -0.00312837   0.00000000    -0.00000000   0.00000000    -0.00124659   0.00000000
  0.00000000   0.00000000    -0.00188622   0.00000000     0.00000000   0.00000000
 -0.00019425   0.00000000     0.00000000   0.00000000     0.00104457   0.00000000
   32   11
  0.00098299   0.00000000     0.00000000   0.00000000     0.00253644   0.00000000
 -0.00000000   0.00000000    -0.00215838   0.00000000     0.00000000   0.00000000
  0.00152304   0.00000000    -0.00000000   0.00000000    -0.00282077   0.00000000
   32   12
 -0.00120924   0.00000000    -0.00000000   0.00000000    -0.00024469   0.00000000
  0.00000000   0.00000000    -0.00058806   0.00000000     0.00000000   0.00000000
 -0.00039874   0.00000000     0.00000000   0.00000000    -0.00141792   0.00000000
   32   13
 -0.07393013   0.00000000    -0.00000000   0.00000000    -0.00219180   0.00000000
  0.00000000   0.00000000    -0.00039136   0.00000000    -0.00000000   0.00000000
  0.00141245   0.00000000    -0.00000000   0.00000000     0.00284081   0.00000000
   32   14
 -0.01638846   0.00000000     0.00000000   0.00000000     0.03484124   0.00000000
  0.00000000   0.00000000     0.00001209   0.00000000     0.00000000   0.00000000
  0.03190879   0.00000000    -0.00000000   0.00000000    -0.05543092   0.00000000
   32   15
 -0.01663761   0.00000000    -0.00000000   0.00000000    -0.02795802   0.00000000
  0.00000000   0.00000000    -0.00278355   0.00000000     0.00000000   0.00000000
 -0.02845512   0.00000000     0.00000000   0.00000000    -0.04889640   0.00000000
   32   16
 -0.07393013   0.00000000     0.00000000   0.00000000    -0.00219180   0.00000000
 -0.00000000   0.00000000    -0.00039136   0.00000000    -0.00000000   0.00000000
  0.00141245   0.00000000     0.00000000   0.00000000     0.00284081   0.00000000
   32   17
  0.00151701   0.00000000     0.00000000   0.00000000     0.00303214   0.00000000
  0.00000000   0.00000000     0.00105145   0.00000000     0.00000000   0.00000000
  0.00357480   0.00000000     0.00000000   0.00000000    -0.00171745   0.00000000
   32   18
 -0.00847342   0.00000000    -0.00324245   0.00000000     0.00584329   0.00000000
 -0.00657453   0.00000000    -0.00348004   0.00000000     0.00382935   0.00000000
  0.00569830   0.00000000     0.00199576   0.00000000    -0.00170172   0.00000000
   32   19
 -0.00847342   0.00000000     0.00324245   0.00000000     0.00584329   0.00000000
  0.00657453   0.00000000    -0.00348004   0.00000000    -0.00382935   0.00000000
  0.00569830   0.00000000    -0.00199576   0.00000000    -0.00170172   0.00000000
   32   20
 -0.00788713   0.00000000    -0.00243910   0.00000000    -0.00534857   0.00000000
 -0.00653972   0.00000000    -0.00329322   0.00000000    -0.00349514   0.00000000
 -0.00643547   0.00000000    -0.00163972   0.00000000    -0.00124325   0.00000000
   32   21
 -0.00788713   0.00000000     0.00243910   0.00000000    -0.00534857   0.00000000
  0.00653972   0.00000000    -0.00329322   0.00000000     0.00349514   0.00000000
 -0.00643547   0.00000000     0.00163972   0.00000000    -0.00124325   0.00000000
   32   22
  0.00174677   0.00000000     0.00000000   0.00000000    -0.00226741   0.00000000
  0.00000000   0.00000000     0.00178776   0.00000000     0.00000000   0.00000000
 -0.00241307   0.00000000     0.00000000   0.00000000    -0.00063086   0.00000000
   32   23
 -0.00788713   0.00000000     0.00243910   0.00000000    -0.00534857   0.00000000
  0.00653972   0.00000000    -0.00329322   0.00000000     0.00349514   0.00000000
 -0.00643547   0.00000000     0.00163972   0.00000000    -0.00124325   0.00000000
   32   24
 -0.00788713   0.00000000    -0.00243910   0.00000000    -0.00534857   0.00000000
 -0.00653972   0.00000000    -0.00329322   0.00000000    -0.00349514   0.00000000
 -0.00643547   0.00000000    -0.00163972   0.00000000    -0.00124325   0.00000000
   32   25
 -0.00847342   0.00000000     0.00324245   0.00000000     0.00584329   0.00000000
  0.00657453   0.00000000    -0.00348004   0.00000000    -0.00382935   0.00000000
  0.00569830   0.00000000    -0.00199576   0.00000000    -0.00170172   0.00000000
   32   26
 -0.00847342   0.00000000    -0.00324245   0.00000000     0.00584329   0.00000000
 -0.00657453   0.00000000    -0.00348004   0.00000000     0.00382935   0.00000000
  0.00569830   0.00000000     0.00199576   0.00000000    -0.00170172   0.00000000
   32   27
 -0.00304547   0.00000000     0.00000000   0.00000000     0.00007585   0.00000000
  0.00000000   0.00000000     0.00153018   0.00000000     0.00000000   0.00000000
 -0.00007585   0.00000000     0.00000000   0.00000000     0.00394483   0.00000000
   32   28
  0.00153260   0.00000000     0.00046981   0.00000000     0.00003860   0.00000000
  0.00002048   0.00000000    -0.00160876   0.00000000    -0.00000492   0.00000000
  0.00010923   0.00000000    -0.00040744   0.00000000     0.00157134   0.00000000
   32   29
  0.00153260   0.00000000    -0.00046981   0.00000000     0.00003860   0.00000000
 -0.00002048   0.00000000    -0.00160876   0.00000000     0.00000492   0.00000000
  0.00010923   0.00000000     0.00040744   0.00000000     0.00157134   0.00000000
   32   30
  0.00188757   0.00000000     0.00001181   0.00000000    -0.00070988   0.00000000
 -0.00021244   0.00000000    -0.00333802   0.00000000     0.00747858   0.00000000
  0.00036248   0.00000000     0.00320774   0.00000000    -0.01153838   0.00000000
   32   31
  0.00188757   0.00000000    -0.00001181   0.00000000    -0.00070988   0.00000000
  0.00021244   0.00000000    -0.00333802   0.00000000    -0.00747858   0.00000000
  0.00036248   0.00000000    -0.00320774   0.00000000    -0.01153838   0.00000000
   32   32
  0.26922393   0.00000000     0.00000000   0.00000000    -0.01173898   0.00000000
  0.00000000   0.00000000     0.06681152   0.00000000    -0.00000000   0.00000000
 -0.01173898   0.00000000    -0.00000000   0.00000000     0.25856112   0.00000000
   32   33
  0.00188757   0.00000000    -0.00001181   0.00000000    -0.00070988   0.00000000
  0.00021244   0.00000000    -0.00333802   0.00000000    -0.00747858   0.00000000
  0.00036248   0.00000000    -0.00320774   0.00000000    -0.01153838   0.00000000
   32   34
  0.00188757   0.00000000     0.00001181   0.00000000    -0.00070988   0.00000000
 -0.00021244   0.00000000    -0.00333802   0.00000000     0.00747858   0.00000000
  0.00036248   0.00000000     0.00320774   0.00000000    -0.01153838   0.00000000
   32   35
  0.00153260   0.00000000    -0.00046981   0.00000000     0.00003860   0.00000000
 -0.00002048   0.00000000    -0.00160876   0.00000000     0.00000492   0.00000000
  0.00010923   0.00000000     0.00040744   0.00000000     0.00157134   0.00000000
   32   36
  0.00153260   0.00000000     0.00046981   0.00000000     0.00003860   0.00000000
  0.00002048   0.00000000    -0.00160876   0.00000000    -0.00000492   0.00000000
  0.00010923   0.00000000    -0.00040744   0.00000000     0.00157134   0.00000000
   33    1
 -0.01009053   0.00000000    -0.00939684   0.00000000    -0.00717140   0.00000000
 -0.00935331   0.00000000    -0.00520255   0.00000000    -0.00554721   0.00000000
 -0.00714442   0.00000000    -0.00548651   0.00000000    -0.00220362   0.00000000
   33    2
 -0.00991205   0.00000000     0.00922921   0.00000000     0.00707933   0.00000000
  0.00920498   0.00000000    -0.00500262   0.00000000    -0.00551595   0.00000000
  0.00701849   0.00000000    -0.00540851   0.00000000    -0.00220626   0.00000000
   33    3
  0.00256506   0.00000000    -0.00006951   0.00000000     0.00001731   0.00000000
 -0.00001943   0.00000000    -0.00491251   0.00000000     0.01081234   0.00000000
  0.00008785   0.00000000     0.01076132   0.00000000    -0.01453734   0.00000000
   33    4
  0.00090150   0.00000000    -0.00000099   0.00000000     0.00002104   0.00000000
 -0.00001380   0.00000000     0.00060799   0.00000000     0.00011127   0.00000000
  0.00000593   0.00000000     0.00005183   0.00000000     0.00015730   0.00000000
   33    5
 -0.00208162   0.00000000    -0.00084997   0.00000000    -0.00190953   0.00000000
 -0.00049654   0.00000000    -0.00015477   0.00000000     0.00038881   0.00000000
 -0.00221582   0.00000000    -0.00050686   0.00000000     0.00051451   0.00000000
   33    6
 -0.00356864   0.00000000    -0.00195734   0.00000000    -0.00076237   0.00000000
 -0.00046918   0.00000000     0.00030929   0.00000000     0.00016778   0.00000000
  0.00022027   0.00000000    -0.00316698   0.00000000     0.00047925   0.00000000
   33    7
  0.00127311   0.00000000     0.00033318   0.00000000     0.00004607   0.00000000
 -0.00051118   0.00000000    -0.00112430   0.00000000     0.00015744   0.00000000
  0.00075550   0.00000000     0.00180223   0.00000000    -0.00157982   0.00000000
   33    8
 -0.00135952   0.00000000     0.00003565   0.00000000    -0.00230378   0.00000000
 -0.00034122   0.00000000     0.00158096   0.00000000     0.00018426   0.00000000
  0.00042416   0.00000000     0.00173627   0.00000000    -0.00130611   0.00000000
   33    9
 -0.01866256   0.00000000     0.04287826   0.00000000     0.01004736   0.00000000
  0.03595821   0.00000000    -0.05330497   0.00000000    -0.02021587   0.00000000
  0.00984162   0.00000000    -0.02412467   0.00000000    -0.00346948   0.00000000
   33   10
  0.00096791   0.00000000     0.00069105   0.00000000    -0.00160378   0.00000000
  0.00114570   0.00000000    -0.05358502   0.00000000     0.04136247   0.00000000
 -0.00201119   0.00000000     0.04951423   0.00000000    -0.02370179   0.00000000
   33   11
 -0.00111079   0.00000000     0.00119741   0.00000000     0.00143665   0.00000000
  0.00017394   0.00000000     0.00039325   0.00000000    -0.00036232   0.00000000
 -0.00163510   0.00000000    -0.00081560   0.00000000    -0.00021576   0.00000000
   33   12
  0.00040698   0.00000000     0.00048059   0.00000000     0.00237032   0.00000000
  0.00158760   0.00000000     0.00157834   0.00000000    -0.00085792   0.00000000
  0.00135153   0.00000000     0.00342084   0.00000000    -0.00169243   0.00000000
   33   13
  0.00038617   0.00000000     0.00239994   0.00000000     0.00049309   0.00000000
 -0.00039307   0.00000000     0.00149614   0.00000000     0.00117522   0.00000000
  0.00240587   0.00000000    -0.00165214   0.00000000    -0.00125441   0.00000000
   33   14
 -0.01432817   0.00000000    -0.03950535   0.00000000    -0.00911886   0.00000000
 -0.03085030   0.00000000    -0.04911710   0.00000000    -0.01828816   0.00000000
 -0.00884095   0.00000000    -0.02317127   0.00000000    -0.00440673   0.00000000
   33   15
 -0.00061294   0.00000000     0.00109665   0.00000000     0.00180621   0.00000000
  0.00021181   0.00000000     0.00004110   0.00000000     0.00022854   0.00000000
  0.00137080   0.00000000    -0.00031304   0.00000000     0.00052264   0.00000000
   33   16
 -0.00094992   0.00000000    -0.00294790   0.00000000    -0.00093354   0.00000000
  0.00017708   0.00000000     0.00169057   0.00000000    -0.00075236   0.00000000
 -0.00214277   0.00000000    -0.00079644   0.00000000    -0.00257926   0.00000000
   33   17
 -0.00828689   0.00000000    -0.00646881   0.00000000     0.00532287   0.00000000
 -0.00259122   0.00000000    -0.00321250   0.00000000     0.00156368   0.00000000
  0.00647915   0.00000000     0.00395573   0.00000000    -0.00099668   0.00000000
   33   18
  0.00021134   0.00000000     0.00182540   0.00000000     0.00313264   0.00000000
  0.00228624   0.00000000    -0.00013969   0.00000000     0.00134787   0.00000000
  0.00302864   0.00000000     0.00137979   0.00000000    -0.00308700   0.00000000
   33   19
 -0.02749221   0.00000000     0.00188629   0.00000000    -0.01570606   0.00000000
 -0.00140399   0.00000000    -0.00505096   0.00000000    -0.00097514   0.00000000
 -0.01555229   0.00000000     0.00145854   0.00000000    -0.00946873   0.00000000
   33   20
  0.00064627   0.00000000    -0.00018010   0.00000000    -0.00112541   0.00000000
  0.00029774   0.00000000     0.00053959   0.00000000     0.00007388   0.00000000
 -0.00116386   0.00000000    -0.00008391   0.00000000    -0.00043261   0.00000000
   33   21
 -0.00057738   0.00000000     0.00035886   0.00000000    -0.00002748   0.00000000
 -0.00013457   0.00000000    -0.00013140   0.00000000    -0.00015540   0.00000000
  0.00079361   0.00000000     0.00043983   0.00000000    -0.00015905   0.00000000
   33   22
 -0.00802879   0.00000000     0.00640184   0.00000000    -0.00544990   0.00000000
  0.00279222   0.00000000    -0.00381751   0.00000000     0.00192263   0.00000000
 -0.00552939   0.00000000     0.00365454   0.00000000    -0.00148018   0.00000000
   33   23
 -0.00000132   0.00000000    -0.00211130   0.00000000    -0.00317443   0.00000000
 -0.00191148   0.00000000     0.00007488   0.00000000     0.00129837   0.00000000
 -0.00265926   0.00000000     0.00114799   0.00000000    -0.00295975   0.00000000
   33   24
 -0.02624828   0.00000000    -0.00143603   0.00000000     0.01353451   0.00000000
  0.00175232   0.00000000    -0.00562652   0.00000000    -0.00100998   0.00000000
  0.01599576   0.00000000     0.00118419   0.00000000    -0.00911565   0.00000000
   33   25
  0.00028972   0.00000000     0.00015035   0.00000000     0.00079809   0.00000000
 -0.00038060   0.00000000    -0.00031586   0.00000000    -0.00005521   0.00000000
  0.00083713   0.00000000    -0.00039486   0.00000000    -0.00044036   0.00000000
   33   26
 -0.00105540   0.00000000    -0.00048602   0.00000000    -0.00118531   0.00000000
 -0.00030506   0.00000000    -0.00101601   0.00000000     0.00008134   0.00000000
 -0.00127956   0.00000000    -0.00003726   0.00000000     0.00034681   0.00000000
   33   27
  0.00153260   0.00000000    -0.00002048   0.00000000    -0.00010923   0.00000000
 -0.00046981   0.00000000    -0.00160876   0.00000000    -0.00040744   0.00000000
 -0.00003860   0.00000000    -0.00000492   0.00000000     0.00157134   0.00000000
   33   28
 -0.00486239   0.00000000    -0.00026639   0.00000000     0.00014496   0.00000000
  0.00026639   0.00000000     0.00081628   0.00000000    -0.00248461   0.00000000
 -0.00014496   0.00000000    -0.00248461   0.00000000     0.00178659   0.00000000
   33   29
 -0.00017216   0.00000000     0.00003037   0.00000000     0.00135916   0.00000000
  0.00003037   0.00000000    -0.00585052   0.00000000     0.00221344   0.00000000
 -0.00135916   0.00000000    -0.00221344   0.00000000    -0.03484499   0.00000000
   33   30
  0.00131883   0.00000000     0.00091293   0.00000000    -0.00063212   0.00000000
 -0.00091293   0.00000000    -0.00417248   0.00000000    -0.00065455   0.00000000
 -0.00063212   0.00000000     0.00065455   0.00000000     0.00202001   0.00000000
   33   31
 -0.00003181   0.00000000    -0.00007485   0.00000000    -0.00007782   0.00000000
 -0.00007485   0.00000000     0.00010307   0.00000000    -0.00024233   0.00000000
 -0.00007782   0.00000000    -0.00024233   0.00000000     0.00017992   0.00000000
   33   32
  0.00188757   0.00000000     0.00021244   0.00000000     0.00036248   0.00000000
 -0.00001181   0.00000000    -0.00333802   0.00000000    -0.00320774   0.00000000
 -0.00070988   0.00000000    -0.00747858   0.00000000    -0.01153838   0.00000000
   33   33
  0.12741212   0.00000000    -0.00480060   0.00000000     0.00285868   0.00000000
 -0.00480060   0.00000000     0.20720757   0.00000000    -0.00245353   0.00000000
  0.00285868   0.00000000    -0.00245353   0.00000000     0.12531982   0.00000000
   33   34
 -0.00051431   0.00000000    -0.00006666   0.00000000     0.00006121   0.00000000
  0.00006666   0.00000000     0.00022364   0.00000000     0.00010165   0.00000000
  0.00006121   0.00000000    -0.00010165   0.00000000    -0.00072411   0.00000000
   33   35
 -0.00043618   0.00000000     0.00000620   0.00000000    -0.00001147   0.00000000
  0.00000620   0.00000000    -0.00949446   0.00000000     0.00010972   0.00000000
  0.00001147   0.00000000    -0.00010972   0.00000000     0.00198980   0.00000000
   33   36
  0.00058471   0.00000000     0.00051251   0.00000000     0.00041052   0.00000000
 -0.00051251   0.00000000    -0.00048411   0.00000000    -0.00011503   0.00000000
 -0.00041052   0.00000000    -0.00011503   0.00000000    -0.00048749   0.00000000
   34    1
 -0.01009053   0.00000000     0.00939684   0.00000000    -0.00717140   0.00000000
  0.00935331   0.00000000    -0.00520255   0.00000000     0.00554721   0.00000000
 -0.00714442   0.00000000     0.00548651   0.00000000    -0.00220362   0.00000000
   34    2
 -0.00991205   0.00000000    -0.00922921   0.00000000     0.00707933   0.00000000
 -0.00920498   0.00000000    -0.00500262   0.00000000     0.00551595   0.00000000
  0.00701849   0.00000000     0.00540851   0.00000000    -0.00220626   0.00000000
   34    3
  0.00256506   0.00000000     0.00006951   0.00000000     0.00001731   0.00000000
  0.00001943   0.00000000    -0.00491251   0.00000000    -0.01081234   0.00000000
  0.00008785   0.00000000    -0.01076132   0.00000000    -0.01453734   0.00000000
   34    4
  0.00090150   0.00000000     0.00000099   0.00000000     0.00002104   0.00000000
  0.00001380   0.00000000     0.00060799   0.00000000    -0.00011127   0.00000000
  0.00000593   0.00000000    -0.00005183   0.00000000     0.00015730   0.00000000
   34    5
 -0.01432817   0.00000000     0.03950535   0.00000000    -0.00911886   0.00000000
  0.03085030   0.00000000    -0.04911710   0.00000000     0.01828816   0.00000000
 -0.00884095   0.00000000     0.02317127   0.00000000    -0.00440673   0.00000000
   34    6
  0.00040698   0.00000000    -0.00048059   0.00000000     0.00237032   0.00000000
 -0.00158760   0.00000000     0.00157834   0.00000000     0.00085792   0.00000000
  0.00135153   0.00000000    -0.00342084   0.00000000    -0.00169243   0.00000000
   34    7
  0.00096791   0.00000000    -0.00069105   0.00000000    -0.00160378   0.00000000
 -0.00114570   0.00000000    -0.05358502   0.00000000    -0.04136247   0.00000000
 -0.00201119   0.00000000    -0.04951423   0.00000000    -0.02370179   0.00000000
   34    8
 -0.00111079   0.00000000    -0.00119741   0.00000000     0.00143665   0.00000000
 -0.00017394   0.00000000     0.00039325   0.00000000     0.00036232   0.00000000
 -0.00163510   0.00000000     0.00081560   0.00000000    -0.00021576   0.00000000
   34    9
 -0.00061294   0.00000000    -0.00109665   0.00000000     0.00180621   0.00000000
 -0.00021181   0.00000000     0.00004110   0.00000000    -0.00022854   0.00000000
  0.00137080   0.00000000     0.00031304   0.00000000     0.00052264   0.00000000
   34   10
  0.00127311   0.00000000    -0.00033318   0.00000000     0.00004607   0.00000000
  0.00051118   0.00000000    -0.00112430   0.00000000    -0.00015744   0.00000000
  0.00075550   0.00000000    -0.00180223   0.00000000    -0.00157982   0.00000000
   34   11
 -0.00135952   0.00000000    -0.00003565   0.00000000    -0.00230378   0.00000000
  0.00034122   0.00000000     0.00158096   0.00000000    -0.00018426   0.00000000
  0.00042416   0.00000000    -0.00173627   0.00000000    -0.00130611   0.00000000
   34   12
 -0.00356864   0.00000000     0.00195734   0.00000000    -0.00076237   0.00000000
  0.00046918   0.00000000     0.00030929   0.00000000    -0.00016778   0.00000000
  0.00022027   0.00000000     0.00316698   0.00000000     0.00047925   0.00000000
   34   13
 -0.00094992   0.00000000     0.00294790   0.00000000    -0.00093354   0.00000000
 -0.00017708   0.00000000     0.00169057   0.00000000     0.00075236   0.00000000
 -0.00214277   0.00000000     0.00079644   0.00000000    -0.00257926   0.00000000
   34   14
 -0.00208162   0.00000000     0.00084997   0.00000000    -0.00190953   0.00000000
  0.00049654   0.00000000    -0.00015477   0.00000000    -0.00038881   0.00000000
 -0.00221582   0.00000000     0.00050686   0.00000000     0.00051451   0.00000000
   34   15
 -0.01866256   0.00000000    -0.04287826   0.00000000     0.01004736   0.00000000
 -0.03595821   0.00000000    -0.05330497   0.00000000     0.02021587   0.00000000
  0.00984162   0.00000000     0.02412467   0.00000000    -0.00346948   0.00000000
   34   16
  0.00038617   0.00000000    -0.00239994   0.00000000     0.00049309   0.00000000
  0.00039307   0.00000000     0.00149614   0.00000000    -0.00117522   0.00000000
  0.00240587   0.00000000     0.00165214   0.00000000    -0.00125441   0.00000000
   34   17
 -0.00828689   0.00000000     0.00646881   0.00000000     0.00532287   0.00000000
  0.00259122   0.00000000    -0.00321250   0.00000000    -0.00156368   0.00000000
  0.00647915   0.00000000    -0.00395573   0.00000000    -0.00099668   0.00000000
   34   18
 -0.02749221   0.00000000    -0.00188629   0.00000000    -0.01570606   0.00000000
  0.00140399   0.00000000    -0.00505096   0.00000000     0.00097514   0.00000000
 -0.01555229   0.00000000    -0.00145854   0.00000000    -0.00946873   0.00000000
   34   19
  0.00021134   0.00000000    -0.00182540   0.00000000     0.00313264   0.00000000
 -0.00228624   0.00000000    -0.00013969   0.00000000    -0.00134787   0.00000000
  0.00302864   0.00000000    -0.00137979   0.00000000    -0.00308700   0.00000000
   34   20
 -0.00057738   0.00000000    -0.00035886   0.00000000    -0.00002748   0.00000000
  0.00013457   0.00000000    -0.00013140   0.00000000     0.00015540   0.00000000
  0.00079361   0.00000000    -0.00043983   0.00000000    -0.00015905   0.00000000
   34   21
  0.00064627   0.00000000     0.00018010   0.00000000    -0.00112541   0.00000000
 -0.00029774   0.00000000     0.00053959   0.00000000    -0.00007388   0.00000000
 -0.00116386   0.00000000     0.00008391   0.00000000    -0.00043261   0.00000000
   34   22
 -0.00802879   0.00000000    -0.00640184   0.00000000    -0.00544990   0.00000000
 -0.00279222   0.00000000    -0.00381751   0.00000000    -0.00192263   0.00000000
 -0.00552939   0.00000000    -0.00365454   0.00000000    -0.00148018   0.00000000
   34   23
 -0.02624828   0.00000000     0.00143603   0.00000000     0.01353451   0.00000000
 -0.00175232   0.00000000    -0.00562652   0.00000000     0.00100998   0.00000000
  0.01599576   0.00000000    -0.00118419   0.00000000    -0.00911565   0.00000000
   34   24
 -0.00000132   0.00000000     0.00211130   0.00000000    -0.00317443   0.00000000
  0.00191148   0.00000000     0.00007488   0.00000000    -0.00129837   0.00000000
 -0.00265926   0.00000000    -0.00114799   0.00000000    -0.00295975   0.00000000
   34   25
 -0.00105540   0.00000000     0.00048602   0.00000000    -0.00118531   0.00000000
  0.00030506   0.00000000    -0.00101601   0.00000000    -0.00008134   0.00000000
 -0.00127956   0.00000000     0.00003726   0.00000000     0.00034681   0.00000000
   34   26
  0.00028972   0.00000000    -0.00015035   0.00000000     0.00079809   0.00000000
  0.00038060   0.00000000    -0.00031586   0.00000000     0.00005521   0.00000000
  0.00083713   0.00000000     0.00039486   0.00000000    -0.00044036   0.00000000
   34   27
  0.00153260   0.00000000     0.00002048   0.00000000    -0.00010923   0.00000000
  0.00046981   0.00000000    -0.00160876   0.00000000     0.00040744   0.00000000
 -0.00003860   0.00000000     0.00000492   0.00000000     0.00157134   0.00000000
   34   28
 -0.00017216   0.00000000    -0.00003037   0.00000000     0.00135916   0.00000000
 -0.00003037   0.00000000    -0.00585052   0.00000000    -0.00221344   0.00000000
 -0.00135916   0.00000000     0.00221344   0.00000000    -0.03484499   0.00000000
   34   29
 -0.00486239   0.00000000     0.00026639   0.00000000     0.00014496   0.00000000
 -0.00026639   0.00000000     0.00081628   0.00000000     0.00248461   0.00000000
 -0.00014496   0.00000000     0.00248461   0.00000000     0.00178659   0.00000000
   34   30
 -0.00003181   0.00000000     0.00007485   0.00000000    -0.00007782   0.00000000
  0.00007485   0.00000000     0.00010307   0.00000000     0.00024233   0.00000000
 -0.00007782   0.00000000     0.00024233   0.00000000     0.00017992   0.00000000
   34   31
  0.00131883   0.00000000    -0.00091293   0.00000000    -0.00063212   0.00000000
  0.00091293   0.00000000    -0.00417248   0.00000000     0.00065455   0.00000000
 -0.00063212   0.00000000    -0.00065455   0.00000000     0.00202001   0.00000000
   34   32
  0.00188757   0.00000000    -0.00021244   0.00000000     0.00036248   0.00000000
  0.00001181   0.00000000    -0.00333802   0.00000000     0.00320774   0.00000000
 -0.00070988   0.00000000     0.00747858   0.00000000    -0.01153838   0.00000000
   34   33
 -0.00051431   0.00000000     0.00006666   0.00000000     0.00006121   0.00000000
 -0.00006666   0.00000000     0.00022364   0.00000000    -0.00010165   0.00000000
  0.00006121   0.00000000     0.00010165   0.00000000    -0.00072411   0.00000000
   34   34
  0.12741212   0.00000000     0.00480060   0.00000000     0.00285868   0.00000000
  0.00480060   0.00000000     0.20720757   0.00000000     0.00245353   0.00000000
  0.00285868   0.00000000     0.00245353   0.00000000     0.12531982   0.00000000
   34   35
  0.00058471   0.00000000    -0.00051251   0.00000000     0.00041052   0.00000000
  0.00051251   0.00000000    -0.00048411   0.00000000     0.00011503   0.00000000
 -0.00041052   0.00000000     0.00011503   0.00000000    -0.00048749   0.00000000
   34   36
 -0.00043618   0.00000000    -0.00000620   0.00000000    -0.00001147   0.00000000
 -0.00000620   0.00000000    -0.00949446   0.00000000    -0.00010972   0.00000000
  0.00001147   0.00000000     0.00010972   0.00000000     0.00198980   0.00000000
   35    1
 -0.00991205   0.00000000     0.00922921   0.00000000    -0.00707933   0.00000000
  0.00920498   0.00000000    -0.00500262   0.00000000     0.00551595   0.00000000
 -0.00701849   0.00000000     0.00540851   0.00000000    -0.00220626   0.00000000
   35    2
 -0.01009053   0.00000000    -0.00939684   0.00000000     0.00717140   0.00000000
 -0.00935331   0.00000000    -0.00520255   0.00000000     0.00554721   0.00000000
  0.00714442   0.00000000     0.00548651   0.00000000    -0.00220362   0.00000000
   35    3
  0.00256506   0.00000000    -0.00006951   0.00000000    -0.00001731   0.00000000
 -0.00001943   0.00000000    -0.00491251   0.00000000    -0.01081234   0.00000000
 -0.00008785   0.00000000    -0.01076132   0.00000000    -0.01453734   0.00000000
   35    4
  0.00090150   0.00000000    -0.00000099   0.00000000    -0.00002104   0.00000000
 -0.00001380   0.00000000     0.00060799   0.00000000    -0.00011127   0.00000000
 -0.00000593   0.00000000    -0.00005183   0.00000000     0.00015730   0.00000000
   35    5
  0.00040698   0.00000000     0.00048059   0.00000000    -0.00237032   0.00000000
  0.00158760   0.00000000     0.00157834   0.00000000     0.00085792   0.00000000
 -0.00135153   0.00000000    -0.00342084   0.00000000    -0.00169243   0.00000000
   35    6
 -0.01432817   0.00000000    -0.03950535   0.00000000     0.00911886   0.00000000
 -0.03085030   0.00000000    -0.04911710   0.00000000     0.01828816   0.00000000
  0.00884095   0.00000000     0.02317127   0.00000000    -0.00440673   0.00000000
   35    7
  0.00096791   0.00000000     0.00069105   0.00000000     0.00160378   0.00000000
  0.00114570   0.00000000    -0.05358502   0.00000000    -0.04136247   0.00000000
  0.00201119   0.00000000    -0.04951423   0.00000000    -0.02370179   0.00000000
   35    8
 -0.00061294   0.00000000     0.00109665   0.00000000    -0.00180621   0.00000000
  0.00021181   0.00000000     0.00004110   0.00000000    -0.00022854   0.00000000
 -0.00137080   0.00000000     0.00031304   0.00000000     0.00052264   0.00000000
   35    9
 -0.00111079   0.00000000     0.00119741   0.00000000    -0.00143665   0.00000000
  0.00017394   0.00000000     0.00039325   0.00000000     0.00036232   0.00000000
  0.00163510   0.00000000     0.00081560   0.00000000    -0.00021576   0.00000000
   35   10
  0.00127311   0.00000000     0.00033318   0.00000000    -0.00004607   0.00000000
 -0.00051118   0.00000000    -0.00112430   0.00000000    -0.00015744   0.00000000
 -0.00075550   0.00000000    -0.00180223   0.00000000    -0.00157982   0.00000000
   35   11
 -0.01866256   0.00000000     0.04287826   0.00000000    -0.01004736   0.00000000
  0.03595821   0.00000000    -0.05330497   0.00000000     0.02021587   0.00000000
 -0.00984162   0.00000000     0.02412467   0.00000000    -0.00346948   0.00000000
   35   12
 -0.00208162   0.00000000    -0.00084997   0.00000000     0.00190953   0.00000000
 -0.00049654   0.00000000    -0.00015477   0.00000000    -0.00038881   0.00000000
  0.00221582   0.00000000     0.00050686   0.00000000     0.00051451   0.00000000
   35   13
  0.00038617   0.00000000     0.00239994   0.00000000    -0.00049309   0.00000000
 -0.00039307   0.00000000     0.00149614   0.00000000    -0.00117522   0.00000000
 -0.00240587   0.00000000     0.00165214   0.00000000    -0.00125441   0.00000000
   35   14
 -0.00356864   0.00000000    -0.00195734   0.00000000     0.00076237   0.00000000
 -0.00046918   0.00000000     0.00030929   0.00000000    -0.00016778   0.00000000
 -0.00022027   0.00000000     0.00316698   0.00000000     0.00047925   0.00000000
   35   15
 -0.00135952   0.00000000     0.00003565   0.00000000     0.00230378   0.00000000
 -0.00034122   0.00000000     0.00158096   0.00000000    -0.00018426   0.00000000
 -0.00042416   0.00000000    -0.00173627   0.00000000    -0.00130611   0.00000000
   35   16
 -0.00094992   0.00000000    -0.00294790   0.00000000     0.00093354   0.00000000
  0.00017708   0.00000000     0.00169057   0.00000000     0.00075236   0.00000000
  0.00214277   0.00000000     0.00079644   0.00000000    -0.00257926   0.00000000
   35   17
 -0.00828689   0.00000000    -0.00646881   0.00000000    -0.00532287   0.00000000
 -0.00259122   0.00000000    -0.00321250   0.00000000    -0.00156368   0.00000000
 -0.00647915   0.00000000    -0.00395573   0.00000000    -0.00099668   0.00000000
   35   18
  0.00028972   0.00000000     0.00015035   0.00000000    -0.00079809   0.00000000
 -0.00038060   0.00000000    -0.00031586   0.00000000     0.00005521   0.00000000
 -0.00083713   0.00000000     0.00039486   0.00000000    -0.00044036   0.00000000
   35   19
 -0.00105540   0.00000000    -0.00048602   0.00000000     0.00118531   0.00000000
 -0.00030506   0.00000000    -0.00101601   0.00000000    -0.00008134   0.00000000
  0.00127956   0.00000000     0.00003726   0.00000000     0.00034681   0.00000000
   35   20
 -0.00000132   0.00000000    -0.00211130   0.00000000     0.00317443   0.00000000
 -0.00191148   0.00000000     0.00007488   0.00000000    -0.00129837   0.00000000
  0.00265926   0.00000000    -0.00114799   0.00000000    -0.00295975   0.00000000
   35   21
 -0.02624828   0.00000000    -0.00143603   0.00000000    -0.01353451   0.00000000
  0.00175232   0.00000000    -0.00562652   0.00000000     0.00100998   0.00000000
 -0.01599576   0.00000000    -0.00118419   0.00000000    -0.00911565   0.00000000
   35   22
 -0.00802879   0.00000000     0.00640184   0.00000000     0.00544990   0.00000000
  0.00279222   0.00000000    -0.00381751   0.00000000    -0.00192263   0.00000000
  0.00552939   0.00000000    -0.00365454   0.00000000    -0.00148018   0.00000000
   35   23
  0.00064627   0.00000000    -0.00018010   0.00000000     0.00112541   0.00000000
  0.00029774   0.00000000     0.00053959   0.00000000    -0.00007388   0.00000000
  0.00116386   0.00000000     0.00008391   0.00000000    -0.00043261   0.00000000
   35   24
 -0.00057738   0.00000000     0.00035886   0.00000000     0.00002748   0.00000000
 -0.00013457   0.00000000    -0.00013140   0.00000000     0.00015540   0.00000000
 -0.00079361   0.00000000    -0.00043983   0.00000000    -0.00015905   0.00000000
   35   25
  0.00021134   0.00000000     0.00182540   0.00000000    -0.00313264   0.00000000
  0.00228624   0.00000000    -0.00013969   0.00000000    -0.00134787   0.00000000
 -0.00302864   0.00000000    -0.00137979   0.00000000    -0.00308700   0.00000000
   35   26
 -0.02749221   0.00000000     0.00188629   0.00000000     0.01570606   0.00000000
 -0.00140399   0.00000000    -0.00505096   0.00000000     0.00097514   0.00000000
  0.01555229   0.00000000    -0.00145854   0.00000000    -0.00946873   0.00000000
   35   27
  0.00188757   0.00000000     0.00021244   0.00000000    -0.00036248   0.00000000
 -0.00001181   0.00000000    -0.00333802   0.00000000     0.00320774   0.00000000
  0.00070988   0.00000000     0.00747858   0.00000000    -0.01153838   0.00000000
   35   28
  0.00131883   0.00000000     0.00091293   0.00000000     0.00063212   0.00000000
 -0.00091293   0.00000000    -0.00417248   0.00000000     0.00065455   0.00000000
  0.00063212   0.00000000    -0.00065455   0.00000000     0.00202001   0.00000000
   35   29
 -0.00003181   0.00000000    -0.00007485   0.00000000     0.00007782   0.00000000
 -0.00007485   0.00000000     0.00010307   0.00000000     0.00024233   0.00000000
  0.00007782   0.00000000     0.00024233   0.00000000     0.00017992   0.00000000
   35   30
 -0.00486239   0.00000000    -0.00026639   0.00000000    -0.00014496   0.00000000
  0.00026639   0.00000000     0.00081628   0.00000000     0.00248461   0.00000000
  0.00014496   0.00000000     0.00248461   0.00000000     0.00178659   0.00000000
   35   31
 -0.00017216   0.00000000     0.00003037   0.00000000    -0.00135916   0.00000000
  0.00003037   0.00000000    -0.00585052   0.00000000    -0.00221344   0.00000000
  0.00135916   0.00000000     0.00221344   0.00000000    -0.03484499   0.00000000
   35   32
  0.00153260   0.00000000    -0.00002048   0.00000000     0.00010923   0.00000000
 -0.00046981   0.00000000    -0.00160876   0.00000000     0.00040744   0.00000000
  0.00003860   0.00000000     0.00000492   0.00000000     0.00157134   0.00000000
   35   33
 -0.00043618   0.00000000     0.00000620   0.00000000     0.00001147   0.00000000
  0.00000620   0.00000000    -0.00949446   0.00000000    -0.00010972   0.00000000
 -0.00001147   0.00000000     0.00010972   0.00000000     0.00198980   0.00000000
   35   34
  0.00058471   0.00000000     0.00051251   0.00000000    -0.00041052   0.00000000
 -0.00051251   0.00000000    -0.00048411   0.00000000     0.00011503   0.00000000
  0.00041052   0.00000000     0.00011503   0.00000000    -0.00048749   0.00000000
   35   35
  0.12741212   0.00000000    -0.00480060   0.00000000    -0.00285868   0.00000000
 -0.00480060   0.00000000     0.20720757   0.00000000     0.00245353   0.00000000
 -0.00285868   0.00000000     0.00245353   0.00000000     0.12531982   0.00000000
   35   36
 -0.00051431   0.00000000    -0.00006666   0.00000000    -0.00006121   0.00000000
  0.00006666   0.00000000     0.00022364   0.00000000    -0.00010165   0.00000000
 -0.00006121   0.00000000     0.00010165   0.00000000    -0.00072411   0.00000000
   36    1
 -0.00991205   0.00000000    -0.00922921   0.00000000    -0.00707933   0.00000000
 -0.00920498   0.00000000    -0.00500262   0.00000000    -0.00551595   0.00000000
 -0.00701849   0.00000000    -0.00540851   0.00000000    -0.00220626   0.00000000
   36    2
 -0.01009053   0.00000000     0.00939684   0.00000000     0.00717140   0.00000000
  0.00935331   0.00000000    -0.00520255   0.00000000    -0.00554721   0.00000000
  0.00714442   0.00000000    -0.00548651   0.00000000    -0.00220362   0.00000000
   36    3
  0.00256506   0.00000000     0.00006951   0.00000000    -0.00001731   0.00000000
  0.00001943   0.00000000    -0.00491251   0.00000000     0.01081234   0.00000000
 -0.00008785   0.00000000     0.01076132   0.00000000    -0.01453734   0.00000000
   36    4
  0.00090150   0.00000000     0.00000099   0.00000000    -0.00002104   0.00000000
  0.00001380   0.00000000     0.00060799   0.00000000     0.00011127   0.00000000
 -0.00000593   0.00000000     0.00005183   0.00000000     0.00015730   0.00000000
   36    5
 -0.00356864   0.00000000     0.00195734   0.00000000     0.00076237   0.00000000
  0.00046918   0.00000000     0.00030929   0.00000000     0.00016778   0.00000000
 -0.00022027   0.00000000    -0.00316698   0.00000000     0.00047925   0.00000000
   36    6
 -0.00208162   0.00000000     0.00084997   0.00000000     0.00190953   0.00000000
  0.00049654   0.00000000    -0.00015477   0.00000000     0.00038881   0.00000000
  0.00221582   0.00000000    -0.00050686   0.00000000     0.00051451   0.00000000
   36    7
  0.00127311   0.00000000    -0.00033318   0.00000000    -0.00004607   0.00000000
  0.00051118   0.00000000    -0.00112430   0.00000000     0.00015744   0.00000000
 -0.00075550   0.00000000     0.00180223   0.00000000    -0.00157982   0.00000000
   36    8
 -0.01866256   0.00000000    -0.04287826   0.00000000    -0.01004736   0.00000000
 -0.03595821   0.00000000    -0.05330497   0.00000000    -0.02021587   0.00000000
 -0.00984162   0.00000000    -0.02412467   0.00000000    -0.00346948   0.00000000
   36    9
 -0.00135952   0.00000000    -0.00003565   0.00000000     0.00230378   0.00000000
  0.00034122   0.00000000     0.00158096   0.00000000     0.00018426   0.00000000
 -0.00042416   0.00000000     0.00173627   0.00000000    -0.00130611   0.00000000
   36   10
  0.00096791   0.00000000    -0.00069105   0.00000000     0.00160378   0.00000000
 -0.00114570   0.00000000    -0.05358502   0.00000000     0.04136247   0.00000000
  0.00201119   0.00000000     0.04951423   0.00000000    -0.02370179   0.00000000
   36   11
 -0.00061294   0.00000000    -0.00109665   0.00000000    -0.00180621   0.00000000
 -0.00021181   0.00000000     0.00004110   0.00000000     0.00022854   0.00000000
 -0.00137080   0.00000000    -0.00031304   0.00000000     0.00052264   0.00000000
   36   12
 -0.01432817   0.00000000     0.03950535   0.00000000     0.00911886   0.00000000
  0.03085030   0.00000000    -0.04911710   0.00000000    -0.01828816   0.00000000
  0.00884095   0.00000000    -0.02317127   0.00000000    -0.00440673   0.00000000
   36   13
 -0.00094992   0.00000000     0.00294790   0.00000000     0.00093354   0.00000000
 -0.00017708   0.00000000     0.00169057   0.00000000    -0.00075236   0.00000000
  0.00214277   0.00000000    -0.00079644   0.00000000    -0.00257926   0.00000000
   36   14
  0.00040698   0.00000000    -0.00048059   0.00000000    -0.00237032   0.00000000
 -0.00158760   0.00000000     0.00157834   0.00000000    -0.00085792   0.00000000
 -0.00135153   0.00000000     0.00342084   0.00000000    -0.00169243   0.00000000
   36   15
 -0.00111079   0.00000000    -0.00119741   0.00000000    -0.00143665   0.00000000
 -0.00017394   0.00000000     0.00039325   0.00000000    -0.00036232   0.00000000
  0.00163510   0.00000000    -0.00081560   0.00000000    -0.00021576   0.00000000
   36   16
  0.00038617   0.00000000    -0.00239994   0.00000000    -0.00049309   0.00000000
  0.00039307   0.00000000     0.00149614   0.00000000     0.00117522   0.00000000
 -0.00240587   0.00000000    -0.00165214   0.00000000    -0.00125441   0.00000000
   36   17
 -0.00828689   0.00000000     0.00646881   0.00000000    -0.00532287   0.00000000
  0.00259122   0.00000000    -0.00321250   0.00000000     0.00156368   0.00000000
 -0.00647915   0.00000000     0.00395573   0.00000000    -0.00099668   0.00000000
   36   18
 -0.00105540   0.00000000     0.00048602   0.00000000     0.00118531   0.00000000
  0.00030506   0.00000000    -0.00101601   0.00000000     0.00008134   0.00000000
  0.00127956   0.00000000    -0.00003726   0.00000000     0.00034681   0.00000000
   36   19
  0.00028972   0.00000000    -0.00015035   0.00000000    -0.00079809   0.00000000
  0.00038060   0.00000000    -0.00031586   0.00000000    -0.00005521   0.00000000
 -0.00083713   0.00000000    -0.00039486   0.00000000    -0.00044036   0.00000000
   36   20
 -0.02624828   0.00000000     0.00143603   0.00000000    -0.01353451   0.00000000
 -0.00175232   0.00000000    -0.00562652   0.00000000    -0.00100998   0.00000000
 -0.01599576   0.00000000     0.00118419   0.00000000    -0.00911565   0.00000000
   36   21
 -0.00000132   0.00000000     0.00211130   0.00000000     0.00317443   0.00000000
  0.00191148   0.00000000     0.00007488   0.00000000     0.00129837   0.00000000
  0.00265926   0.00000000     0.00114799   0.00000000    -0.00295975   0.00000000
   36   22
 -0.00802879   0.00000000    -0.00640184   0.00000000     0.00544990   0.00000000
 -0.00279222   0.00000000    -0.00381751   0.00000000     0.00192263   0.00000000
  0.00552939   0.00000000     0.00365454   0.00000000    -0.00148018   0.00000000
   36   23
 -0.00057738   0.00000000    -0.00035886   0.00000000     0.00002748   0.00000000
  0.00013457   0.00000000    -0.00013140   0.00000000    -0.00015540   0.00000000
 -0.00079361   0.00000000     0.00043983   0.00000000    -0.00015905   0.00000000
   36   24
  0.00064627   0.00000000     0.00018010   0.00000000     0.00112541   0.00000000
 -0.00029774   0.00000000     0.00053959   0.00000000     0.00007388   0.00000000
  0.00116386   0.00000000    -0.00008391   0.00000000    -0.00043261   0.00000000
   36   25
 -0.02749221   0.00000000    -0.00188629   0.00000000     0.01570606   0.00000000
  0.00140399   0.00000000    -0.00505096   0.00000000    -0.00097514   0.00000000
  0.01555229   0.00000000     0.00145854   0.00000000    -0.00946873   0.00000000
   36   26
  0.00021134   0.00000000    -0.00182540   0.00000000    -0.00313264   0.00000000
 -0.00228624   0.00000000    -0.00013969   0.00000000     0.00134787   0.00000000
 -0.00302864   0.00000000     0.00137979   0.00000000    -0.00308700   0.00000000
   36   27
  0.00188757   0.00000000    -0.00021244   0.00000000    -0.00036248   0.00000000
  0.00001181   0.00000000    -0.00333802   0.00000000    -0.00320774   0.00000000
  0.00070988   0.00000000    -0.00747858   0.00000000    -0.01153838   0.00000000
   36   28
 -0.00003181   0.00000000     0.00007485   0.00000000     0.00007782   0.00000000
  0.00007485   0.00000000     0.00010307   0.00000000    -0.00024233   0.00000000
  0.00007782   0.00000000    -0.00024233   0.00000000     0.00017992   0.00000000
   36   29
  0.00131883   0.00000000    -0.00091293   0.00000000     0.00063212   0.00000000
  0.00091293   0.00000000    -0.00417248   0.00000000    -0.00065455   0.00000000
  0.00063212   0.00000000     0.00065455   0.00000000     0.00202001   0.00000000
   36   30
 -0.00017216   0.00000000    -0.00003037   0.00000000    -0.00135916   0.00000000
 -0.00003037   0.00000000    -0.00585052   0.00000000     0.00221344   0.00000000
  0.00135916   0.00000000    -0.00221344   0.00000000    -0.03484499   0.00000000
   36   31
 -0.00486239   0.00000000     0.00026639   0.00000000    -0.00014496   0.00000000
 -0.00026639   0.00000000     0.00081628   0.00000000    -0.00248461   0.00000000
  0.00014496   0.00000000    -0.00248461   0.00000000     0.00178659   0.00000000
   36   32
  0.00153260   0.00000000     0.00002048   0.00000000     0.00010923   0.00000000
  0.00046981   0.00000000    -0.00160876   0.00000000    -0.00040744   0.00000000
  0.00003860   0.00000000    -0.00000492   0.00000000     0.00157134   0.00000000
   36   33
  0.00058471   0.00000000    -0.00051251   0.00000000    -0.00041052   0.00000000
  0.00051251   0.00000000    -0.00048411   0.00000000    -0.00011503   0.00000000
  0.00041052   0.00000000    -0.00011503   0.00000000    -0.00048749   0.00000000
   36   34
 -0.00043618   0.00000000    -0.00000620   0.00000000     0.00001147   0.00000000
 -0.00000620   0.00000000    -0.00949446   0.00000000     0.00010972   0.00000000
 -0.00001147   0.00000000    -0.00010972   0.00000000     0.00198980   0.00000000
   36   35
 -0.00051431   0.00000000     0.00006666   0.00000000    -0.00006121   0.00000000
 -0.00006666   0.00000000     0.00022364   0.00000000     0.00010165   0.00000000
 -0.00006121   0.00000000    -0.00010165   0.00000000    -0.00072411   0.00000000
   36   36
  0.12741212   0.00000000     0.00480060   0.00000000    -0.00285868   0.00000000
  0.00480060   0.00000000     0.20720757   0.00000000    -0.00245353   0.00000000
 -0.00285868   0.00000000    -0.00245353   0.00000000     0.12531982   0.00000000

     Diagonalizing the dynamical matrix

     q = (    0.000000000   0.000000000   0.000000000 )

 **************************************************************************
     freq (   1) =      -0.000000 [THz] =      -0.000008 [cm-1]
( -0.010399  0.000000 -0.013868  0.000000 -0.191947  0.000000 )
( -0.010399  0.000000 -0.013868  0.000000 -0.191947  0.000000 )
( -0.010399  0.000000 -0.013868  0.000000 -0.191947  0.000000 )
( -0.010399  0.000000 -0.013868  0.000000 -0.191947  0.000000 )
( -0.006438  0.000000 -0.008586  0.000000 -0.118835  0.000000 )
( -0.006438  0.000000 -0.008586  0.000000 -0.118835  0.000000 )
( -0.006438  0.000000 -0.008586  0.000000 -0.118835  0.000000 )
( -0.006438  0.000000 -0.008586  0.000000 -0.118835  0.000000 )
( -0.006438  0.000000 -0.008586  0.000000 -0.118835  0.000000 )
( -0.006438  0.000000 -0.008586  0.000000 -0.118835  0.000000 )
( -0.006438  0.000000 -0.008586  0.000000 -0.118835  0.000000 )
( -0.006438  0.000000 -0.008586  0.000000 -0.118835  0.000000 )
( -0.006438  0.000000 -0.008586  0.000000 -0.118835  0.000000 )
( -0.006438  0.000000 -0.008586  0.000000 -0.118835  0.000000 )
( -0.006438  0.000000 -0.008586  0.000000 -0.118835  0.000000 )
( -0.006438  0.000000 -0.008586  0.000000 -0.118835  0.000000 )
( -0.009954  0.000000 -0.013273  0.000000 -0.183722  0.000000 )
( -0.009954  0.000000 -0.013273  0.000000 -0.183722  0.000000 )
( -0.009954  0.000000 -0.013273  0.000000 -0.183722  0.000000 )
( -0.009954  0.000000 -0.013273  0.000000 -0.183722  0.000000 )
( -0.009954  0.000000 -0.013273  0.000000 -0.183722  0.000000 )
( -0.009954  0.000000 -0.013273  0.000000 -0.183722  0.000000 )
( -0.009954  0.000000 -0.013273  0.000000 -0.183722  0.000000 )
( -0.009954  0.000000 -0.013273  0.000000 -0.183722  0.000000 )
( -0.009954  0.000000 -0.013273  0.000000 -0.183722  0.000000 )
( -0.009954  0.000000 -0.013273  0.000000 -0.183722  0.000000 )
( -0.009954  0.000000 -0.013273  0.000000 -0.183722  0.000000 )
( -0.009954  0.000000 -0.013273  0.000000 -0.183722  0.000000 )
( -0.009954  0.000000 -0.013273  0.000000 -0.183722  0.000000 )
( -0.009954  0.000000 -0.013273  0.000000 -0.183722  0.000000 )
( -0.009954  0.000000 -0.013273  0.000000 -0.183722  0.000000 )
( -0.009954  0.000000 -0.013273  0.000000 -0.183722  0.000000 )
( -0.009954  0.000000 -0.013273  0.000000 -0.183722  0.000000 )
( -0.009954  0.000000 -0.013273  0.000000 -0.183722  0.000000 )
( -0.009954  0.000000 -0.013273  0.000000 -0.183722  0.000000 )
( -0.009954  0.000000 -0.013273  0.000000 -0.183722  0.000000 )
     freq (   2) =      -0.000000 [THz] =      -0.000005 [cm-1]
(  0.056249  0.000000 -0.184051  0.000000  0.010250  0.000000 )
(  0.056249  0.000000 -0.184051  0.000000  0.010250  0.000000 )
(  0.056249  0.000000 -0.184051  0.000000  0.010250  0.000000 )
(  0.056249  0.000000 -0.184051  0.000000  0.010250  0.000000 )
(  0.034824  0.000000 -0.113947  0.000000  0.006346  0.000000 )
(  0.034824  0.000000 -0.113947  0.000000  0.006346  0.000000 )
(  0.034824  0.000000 -0.113947  0.000000  0.006346  0.000000 )
(  0.034824  0.000000 -0.113947  0.000000  0.006346  0.000000 )
(  0.034824  0.000000 -0.113947  0.000000  0.006346  0.000000 )
(  0.034824  0.000000 -0.113947  0.000000  0.006346  0.000000 )
(  0.034824  0.000000 -0.113947  0.000000  0.006346  0.000000 )
(  0.034824  0.000000 -0.113947  0.000000  0.006346  0.000000 )
(  0.034824  0.000000 -0.113947  0.000000  0.006346  0.000000 )
(  0.034824  0.000000 -0.113947  0.000000  0.006346  0.000000 )
(  0.034824  0.000000 -0.113947  0.000000  0.006346  0.000000 )
(  0.034824  0.000000 -0.113947  0.000000  0.006346  0.000000 )
(  0.053839  0.000000 -0.176165  0.000000  0.009811  0.000000 )
(  0.053839  0.000000 -0.176165  0.000000  0.009811  0.000000 )
(  0.053839  0.000000 -0.176165  0.000000  0.009811  0.000000 )
(  0.053839  0.000000 -0.176165  0.000000  0.009811  0.000000 )
(  0.053839  0.000000 -0.176165  0.000000  0.009811  0.000000 )
(  0.053839  0.000000 -0.176165  0.000000  0.009811  0.000000 )
(  0.053839  0.000000 -0.176165  0.000000  0.009811  0.000000 )
(  0.053839  0.000000 -0.176165  0.000000  0.009811  0.000000 )
(  0.053839  0.000000 -0.176165  0.000000  0.009811  0.000000 )
(  0.053839  0.000000 -0.176165  0.000000  0.009811  0.000000 )
(  0.053839  0.000000 -0.176165  0.000000  0.009811  0.000000 )
(  0.053839  0.000000 -0.176165  0.000000  0.009811  0.000000 )
(  0.053839  0.000000 -0.176165  0.000000  0.009811  0.000000 )
(  0.053839  0.000000 -0.176165  0.000000  0.009811  0.000000 )
(  0.053839  0.000000 -0.176165  0.000000  0.009811  0.000000 )
(  0.053839  0.000000 -0.176165  0.000000  0.009811  0.000000 )
(  0.053839  0.000000 -0.176165  0.000000  0.009811  0.000000 )
(  0.053839  0.000000 -0.176165  0.000000  0.009811  0.000000 )
(  0.053839  0.000000 -0.176165  0.000000  0.009811  0.000000 )
(  0.053839  0.000000 -0.176165  0.000000  0.009811  0.000000 )
     freq (   3) =      -0.000000 [THz] =      -0.000004 [cm-1]
( -0.184043  0.000000 -0.055468  0.000000  0.013978 -0.000000 )
( -0.184043  0.000000 -0.055468  0.000000  0.013978 -0.000000 )
( -0.184043  0.000000 -0.055468  0.000000  0.013978 -0.000000 )
( -0.184043  0.000000 -0.055468  0.000000  0.013978 -0.000000 )
( -0.113942  0.000000 -0.034340  0.000000  0.008654 -0.000000 )
( -0.113942  0.000000 -0.034340  0.000000  0.008654 -0.000000 )
( -0.113942  0.000000 -0.034340  0.000000  0.008654 -0.000000 )
( -0.113942  0.000000 -0.034340  0.000000  0.008654 -0.000000 )
( -0.113942  0.000000 -0.034340  0.000000  0.008654 -0.000000 )
( -0.113942  0.000000 -0.034340  0.000000  0.008654 -0.000000 )
( -0.113942  0.000000 -0.034340  0.000000  0.008654 -0.000000 )
( -0.113942  0.000000 -0.034340  0.000000  0.008654 -0.000000 )
( -0.113942  0.000000 -0.034340  0.000000  0.008654 -0.000000 )
( -0.113942  0.000000 -0.034340  0.000000  0.008654 -0.000000 )
( -0.113942  0.000000 -0.034340  0.000000  0.008654 -0.000000 )
( -0.113942  0.000000 -0.034340  0.000000  0.008654 -0.000000 )
( -0.176157  0.000000 -0.053091  0.000000  0.013379 -0.000000 )
( -0.176157  0.000000 -0.053091  0.000000  0.013379 -0.000000 )
( -0.176157  0.000000 -0.053091  0.000000  0.013379 -0.000000 )
( -0.176157  0.000000 -0.053091  0.000000  0.013379 -0.000000 )
( -0.176157  0.000000 -0.053091  0.000000  0.013379 -0.000000 )
( -0.176157  0.000000 -0.053091  0.000000  0.013379 -0.000000 )
( -0.176157  0.000000 -0.053091  0.000000  0.013379 -0.000000 )
( -0.176157  0.000000 -0.053091  0.000000  0.013379 -0.000000 )
( -0.176157  0.000000 -0.053091  0.000000  0.013379 -0.000000 )
( -0.176157  0.000000 -0.053091  0.000000  0.013379 -0.000000 )
( -0.176157  0.000000 -0.053091  0.000000  0.013379 -0.000000 )
( -0.176157  0.000000 -0.053091  0.000000  0.013379 -0.000000 )
( -0.176157  0.000000 -0.053091  0.000000  0.013379 -0.000000 )
( -0.176157  0.000000 -0.053091  0.000000  0.013379 -0.000000 )
( -0.176157  0.000000 -0.053091  0.000000  0.013379 -0.000000 )
( -0.176157  0.000000 -0.053091  0.000000  0.013379 -0.000000 )
( -0.176157  0.000000 -0.053091  0.000000  0.013379 -0.000000 )
( -0.176157  0.000000 -0.053091  0.000000  0.013379 -0.000000 )
( -0.176157  0.000000 -0.053091  0.000000  0.013379 -0.000000 )
( -0.176157  0.000000 -0.053091  0.000000  0.013379 -0.000000 )
     freq (   4) =       1.093026 [THz] =      36.459437 [cm-1]
( -0.000000  0.000000 -0.237930  0.000000  0.000000  0.000000 )
( -0.000000  0.000000  0.237930  0.000000 -0.000000  0.000000 )
( -0.000000  0.000000 -0.000000  0.000000  0.000000  0.000000 )
( -0.000000  0.000000 -0.000000  0.000000 -0.000000  0.000000 )
(  0.242236  0.000000  0.000000  0.000000  0.133653  0.000000 )
(  0.242236  0.000000  0.000000  0.000000 -0.133653  0.000000 )
( -0.115402  0.000000 -0.000000  0.000000 -0.000000  0.000000 )
(  0.064012  0.000000 -0.000000  0.000000 -0.100055  0.000000 )
(  0.064012  0.000000 -0.000000  0.000000  0.100055  0.000000 )
(  0.115402  0.000000 -0.000000  0.000000  0.000000  0.000000 )
( -0.064012  0.000000 -0.000000  0.000000  0.100055  0.000000 )
( -0.242236  0.000000  0.000000  0.000000  0.133653  0.000000 )
( -0.000000  0.000000  0.000000  0.000000 -0.249981  0.000000 )
( -0.242236  0.000000  0.000000  0.000000 -0.133653  0.000000 )
( -0.064012  0.000000 -0.000000  0.000000 -0.100055  0.000000 )
(  0.000000  0.000000  0.000000  0.000000  0.249981  0.000000 )
( -0.000000  0.000000 -0.000000  0.000000 -0.000000  0.000000 )
(  0.000000  0.000000  0.241392  0.000000 -0.006151  0.000000 )
( -0.000000  0.000000  0.241392  0.000000  0.006151  0.000000 )
( -0.000000  0.000000  0.090666  0.000000  0.058704  0.000000 )
(  0.000000  0.000000  0.090666  0.000000 -0.058704  0.000000 )
( -0.000000  0.000000 -0.000000  0.000000 -0.000000  0.000000 )
( -0.000000  0.000000 -0.090666  0.000000  0.058704  0.000000 )
(  0.000000  0.000000 -0.090666  0.000000 -0.058704  0.000000 )
( -0.000000  0.000000 -0.241392  0.000000 -0.006151  0.000000 )
( -0.000000  0.000000 -0.241392  0.000000  0.006151  0.000000 )
(  0.000000  0.000000  0.000000  0.000000 -0.000000  0.000000 )
(  0.077392  0.000000 -0.071008  0.000000 -0.023481  0.000000 )
( -0.077392  0.000000 -0.071008  0.000000  0.023481  0.000000 )
( -0.077392  0.000000  0.071008  0.000000 -0.023481  0.000000 )
(  0.077392  0.000000  0.071008  0.000000  0.023481  0.000000 )
(  0.000000  0.000000  0.000000  0.000000 -0.000000  0.000000 )
( -0.077392  0.000000 -0.071008  0.000000 -0.023481  0.000000 )
(  0.077392  0.000000 -0.071008  0.000000  0.023481  0.000000 )
(  0.077392  0.000000  0.071008  0.000000 -0.023481  0.000000 )
( -0.077392  0.000000  0.071008  0.000000  0.023481  0.000000 )
     freq (   5) =       1.095058 [THz] =      36.527217 [cm-1]
( -0.000000  0.000000  0.399312  0.000000 -0.000000  0.000000 )
(  0.000000  0.000000  0.399312  0.000000 -0.000000  0.000000 )
( -0.000000  0.000000 -0.410188  0.000000 -0.000000  0.000000 )
( -0.000000  0.000000 -0.410188  0.000000  0.000000  0.000000 )
( -0.000000  0.000000  0.009987  0.000000 -0.000000  0.000000 )
( -0.000000  0.000000  0.009987  0.000000  0.000000  0.000000 )
(  0.000000  0.000000 -0.098000  0.000000 -0.000000  0.000000 )
( -0.000000  0.000000 -0.006049  0.000000  0.000000  0.000000 )
( -0.000000  0.000000 -0.006049  0.000000 -0.000000  0.000000 )
( -0.000000  0.000000 -0.098000  0.000000 -0.000000  0.000000 )
(  0.000000  0.000000 -0.006049  0.000000 -0.000000  0.000000 )
(  0.000000  0.000000  0.009987  0.000000 -0.000000  0.000000 )
( -0.000000  0.000000  0.101393  0.000000  0.000000  0.000000 )
(  0.000000  0.000000  0.009987  0.000000  0.000000  0.000000 )
(  0.000000  0.000000 -0.006049  0.000000  0.000000  0.000000 )
( -0.000000  0.000000  0.101393  0.000000 -0.000000  0.000000 )
( -0.000000  0.000000 -0.088210  0.000000 -0.000000  0.000000 )
(  0.000000  0.000000  0.035570  0.000000 -0.128953  0.000000 )
( -0.000000  0.000000  0.035570  0.000000  0.128953  0.000000 )
( -0.000000  0.000000  0.026506  0.000000  0.126271  0.000000 )
(  0.000000  0.000000  0.026506  0.000000 -0.126271  0.000000 )
( -0.000000  0.000000 -0.072900  0.000000 -0.000000  0.000000 )
( -0.000000  0.000000  0.026506  0.000000 -0.126271  0.000000 )
(  0.000000  0.000000  0.026506  0.000000  0.126271  0.000000 )
(  0.000000  0.000000  0.035570  0.000000  0.128953  0.000000 )
( -0.000000  0.000000  0.035570  0.000000 -0.128953  0.000000 )
( -0.000000  0.000000  0.066202  0.000000 -0.000000  0.000000 )
( -0.008187  0.000000 -0.026431  0.000000  0.131400  0.000000 )
(  0.008187  0.000000 -0.026431  0.000000 -0.131400  0.000000 )
( -0.008187  0.000000 -0.026431  0.000000 -0.131400  0.000000 )
(  0.008187  0.000000 -0.026431  0.000000  0.131400  0.000000 )
( -0.000000  0.000000  0.066202  0.000000 -0.000000  0.000000 )
(  0.008187  0.000000 -0.026431  0.000000  0.131400  0.000000 )
( -0.008187  0.000000 -0.026431  0.000000 -0.131400  0.000000 )
(  0.008187  0.000000 -0.026431  0.000000 -0.131400  0.000000 )
( -0.008187  0.000000 -0.026431  0.000000  0.131400  0.000000 )
     freq (   6) =       1.399763 [THz] =      46.691072 [cm-1]
( -0.000000  0.000000 -0.000000  0.000000 -0.000000  0.000000 )
(  0.000000  0.000000  0.000000  0.000000  0.000000  0.000000 )
(  0.000000  0.000000  0.632143  0.000000 -0.000000  0.000000 )
( -0.000000  0.000000 -0.632143  0.000000 -0.000000  0.000000 )
( -0.032939  0.000000 -0.000000  0.000000 -0.031179  0.000000 )
(  0.032939  0.000000  0.000000  0.000000 -0.031179  0.000000 )
( -0.000000  0.000000  0.000000  0.000000  0.080259  0.000000 )
(  0.027502  0.000000 -0.000000  0.000000  0.032609  0.000000 )
( -0.027502  0.000000  0.000000  0.000000  0.032609  0.000000 )
(  0.000000  0.000000 -0.000000  0.000000 -0.080259  0.000000 )
( -0.027502  0.000000  0.000000  0.000000 -0.032609  0.000000 )
( -0.032939  0.000000 -0.000000  0.000000  0.031179  0.000000 )
(  0.020446  0.000000 -0.000000  0.000000 -0.000000  0.000000 )
(  0.032939  0.000000  0.000000  0.000000  0.031179  0.000000 )
(  0.027502  0.000000 -0.000000  0.000000 -0.032609  0.000000 )
( -0.020446  0.000000  0.000000  0.000000  0.000000  0.000000 )
(  0.000000  0.000000 -0.000000  0.000000  0.000000  0.000000 )
( -0.120924  0.000000 -0.000000  0.000000 -0.000000  0.000000 )
(  0.120924  0.000000  0.000000  0.000000  0.000000  0.000000 )
(  0.100636  0.000000 -0.000000  0.000000  0.000000  0.000000 )
( -0.100636  0.000000  0.000000  0.000000  0.000000  0.000000 )
(  0.000000  0.000000 -0.000000  0.000000  0.000000  0.000000 )
(  0.100636  0.000000 -0.000000  0.000000 -0.000000  0.000000 )
( -0.100636  0.000000  0.000000  0.000000 -0.000000  0.000000 )
( -0.120924  0.000000 -0.000000  0.000000  0.000000  0.000000 )
(  0.120924  0.000000  0.000000  0.000000  0.000000  0.000000 )
(  0.000000  0.000000  0.000000  0.000000  0.000000  0.000000 )
(  0.011356  0.000000 -0.077846  0.000000  0.053679  0.000000 )
( -0.011356  0.000000 -0.077846  0.000000 -0.053679  0.000000 )
(  0.011356  0.000000 -0.077846  0.000000 -0.053679  0.000000 )
( -0.011356  0.000000 -0.077846  0.000000  0.053679  0.000000 )
(  0.000000  0.000000 -0.000000  0.000000  0.000000  0.000000 )
(  0.011356  0.000000  0.077846  0.000000 -0.053679  0.000000 )
( -0.011356  0.000000  0.077846  0.000000  0.053679  0.000000 )
(  0.011356  0.000000  0.077846  0.000000  0.053679  0.000000 )
( -0.011356  0.000000  0.077846  0.000000 -0.053679  0.000000 )
     freq (   7) =       1.570034 [THz] =      52.370683 [cm-1]
(  0.000000 -0.000000 -0.611545  0.000000  0.000000 -0.000000 )
(  0.000000 -0.000000  0.611545 -0.000000  0.000000 -0.000000 )
( -0.000000  0.000000 -0.000000  0.000000  0.000000 -0.000000 )
(  0.000000 -0.000000  0.000000 -0.000000  0.000000 -0.000000 )
( -0.133101  0.000000  0.000000 -0.000000 -0.059236  0.000000 )
( -0.133101  0.000000 -0.000000  0.000000  0.059236 -0.000000 )
(  0.039930 -0.000000 -0.000000  0.000000 -0.000000  0.000000 )
( -0.076521  0.000000  0.000000 -0.000000  0.026698 -0.000000 )
( -0.076521  0.000000 -0.000000  0.000000 -0.026698  0.000000 )
( -0.039930  0.000000 -0.000000  0.000000  0.000000 -0.000000 )
(  0.076521 -0.000000 -0.000000  0.000000 -0.026698  0.000000 )
(  0.133101 -0.000000  0.000000 -0.000000 -0.059236  0.000000 )
(  0.000000 -0.000000  0.000000 -0.000000  0.071780 -0.000000 )
(  0.133101 -0.000000 -0.000000  0.000000  0.059236 -0.000000 )
(  0.076521 -0.000000  0.000000 -0.000000  0.026698 -0.000000 )
(  0.000000 -0.000000 -0.000000  0.000000 -0.071780  0.000000 )
(  0.000000 -0.000000 -0.000000  0.000000 -0.000000  0.000000 )
( -0.000000  0.000000 -0.087652  0.000000 -0.083296  0.000000 )
( -0.000000  0.000000 -0.087652  0.000000  0.083296 -0.000000 )
( -0.000000  0.000000  0.032384 -0.000000  0.037932 -0.000000 )
(  0.000000 -0.000000  0.032384 -0.000000 -0.037932  0.000000 )
(  0.000000 -0.000000  0.000000 -0.000000  0.000000 -0.000000 )
( -0.000000  0.000000 -0.032384  0.000000  0.037932 -0.000000 )
(  0.000000 -0.000000 -0.032384  0.000000 -0.037932  0.000000 )
( -0.000000  0.000000  0.087652 -0.000000 -0.083296  0.000000 )
( -0.000000  0.000000  0.087652 -0.000000  0.083296 -0.000000 )
(  0.000000 -0.000000  0.000000 -0.000000 -0.000000  0.000000 )
(  0.065069 -0.000000  0.051329 -0.000000  0.022296 -0.000000 )
( -0.065069  0.000000  0.051329 -0.000000 -0.022296  0.000000 )
( -0.065069  0.000000 -0.051329  0.000000  0.022296 -0.000000 )
(  0.065069 -0.000000 -0.051329  0.000000 -0.022296  0.000000 )
(  0.000000 -0.000000  0.000000 -0.000000  0.000000 -0.000000 )
( -0.065069  0.000000  0.051329 -0.000000  0.022296 -0.000000 )
(  0.065069 -0.000000  0.051329 -0.000000 -0.022296  0.000000 )
(  0.065069 -0.000000 -0.051329  0.000000  0.022296 -0.000000 )
( -0.065069  0.000000 -0.051329  0.000000 -0.022296  0.000000 )
     freq (   8) =       1.586943 [THz] =      52.934712 [cm-1]
( -0.000000  0.000000  0.000000 -0.000000  0.006664 -0.000000 )
(  0.000000 -0.000000 -0.000000  0.000000 -0.006664  0.000000 )
( -0.129295  0.000000  0.000000 -0.000000 -0.000000  0.000000 )
(  0.129295 -0.000000 -0.000000  0.000000  0.000000 -0.000000 )
(  0.000000 -0.000000  0.180649 -0.000000  0.000000 -0.000000 )
(  0.000000 -0.000000 -0.180649  0.000000 -0.000000  0.000000 )
( -0.000000  0.000000  0.000000 -0.000000  0.000000 -0.000000 )
(  0.000000 -0.000000  0.125469 -0.000000 -0.000000  0.000000 )
(  0.000000 -0.000000 -0.125469  0.000000  0.000000 -0.000000 )
(  0.000000 -0.000000 -0.000000  0.000000 -0.000000  0.000000 )
( -0.000000  0.000000 -0.125469  0.000000  0.000000 -0.000000 )
( -0.000000  0.000000  0.180649 -0.000000  0.000000 -0.000000 )
(  0.000000 -0.000000  0.044697 -0.000000 -0.000000  0.000000 )
( -0.000000  0.000000 -0.180649  0.000000 -0.000000  0.000000 )
( -0.000000  0.000000  0.125469 -0.000000 -0.000000  0.000000 )
( -0.000000  0.000000 -0.044697  0.000000  0.000000 -0.000000 )
( -0.000000  0.000000 -0.000000  0.000000  0.000000 -0.000000 )
(  0.000000 -0.000000  0.202045 -0.000000  0.142771 -0.000000 )
( -0.000000  0.000000 -0.202045  0.000000  0.142771 -0.000000 )
(  0.000000 -0.000000  0.099406 -0.000000 -0.152961  0.000000 )
( -0.000000  0.000000 -0.099406  0.000000 -0.152961  0.000000 )
(  0.000000 -0.000000  0.000000 -0.000000  0.000000 -0.000000 )
( -0.000000  0.000000  0.099406 -0.000000  0.152961 -0.000000 )
( -0.000000  0.000000 -0.099406  0.000000  0.152961 -0.000000 )
( -0.000000  0.000000  0.202045 -0.000000 -0.142771  0.000000 )
(  0.000000 -0.000000 -0.202045  0.000000 -0.142771  0.000000 )
(  0.000000 -0.000000 -0.000000  0.000000 -0.000000  0.000000 )
(  0.030480 -0.000000 -0.153971  0.000000 -0.155704  0.000000 )
(  0.030480 -0.000000  0.153971 -0.000000 -0.155704  0.000000 )
(  0.030480 -0.000000 -0.153971  0.000000  0.155704 -0.000000 )
(  0.030480 -0.000000  0.153971 -0.000000  0.155704 -0.000000 )
( -0.000000  0.000000  0.000000 -0.000000 -0.000000  0.000000 )
( -0.030480  0.000000 -0.153971  0.000000 -0.155704  0.000000 )
( -0.030480  0.000000  0.153971 -0.000000 -0.155704  0.000000 )
( -0.030480  0.000000 -0.153971  0.000000  0.155704 -0.000000 )
( -0.030480  0.000000  0.153971 -0.000000  0.155704 -0.000000 )
     freq (   9) =       1.690884 [THz] =      56.401803 [cm-1]
(  0.274495  0.000000  0.000000  0.000000 -0.000000  0.000000 )
(  0.274495  0.000000 -0.000000  0.000000 -0.000000  0.000000 )
( -0.562045  0.000000 -0.000000  0.000000 -0.000000  0.000000 )
( -0.562045  0.000000 -0.000000  0.000000 -0.000000  0.000000 )
(  0.020566  0.000000 -0.000000  0.000000 -0.039147  0.000000 )
(  0.020566  0.000000  0.000000  0.000000  0.039147  0.000000 )
(  0.104669  0.000000 -0.000000  0.000000 -0.000000  0.000000 )
(  0.034456  0.000000  0.000000  0.000000 -0.040058  0.000000 )
(  0.034456  0.000000  0.000000  0.000000  0.040058  0.000000 )
(  0.104669  0.000000  0.000000  0.000000  0.000000  0.000000 )
(  0.034456  0.000000 -0.000000  0.000000 -0.040058  0.000000 )
(  0.020566  0.000000  0.000000  0.000000  0.039147  0.000000 )
(  0.084291  0.000000 -0.000000  0.000000 -0.000000  0.000000 )
(  0.020566  0.000000  0.000000  0.000000 -0.039147  0.000000 )
(  0.034456  0.000000 -0.000000  0.000000  0.040058  0.000000 )
(  0.084291  0.000000  0.000000  0.000000  0.000000  0.000000 )
(  0.161376  0.000000 -0.000000  0.000000  0.000000  0.000000 )
( -0.097723  0.000000  0.000000  0.000000  0.000000  0.000000 )
( -0.097723  0.000000  0.000000  0.000000 -0.000000  0.000000 )
( -0.081830  0.000000 -0.000000  0.000000  0.000000  0.000000 )
( -0.081830  0.000000  0.000000  0.000000 -0.000000  0.000000 )
(  0.176067  0.000000 -0.000000  0.000000  0.000000  0.000000 )
( -0.081830  0.000000  0.000000  0.000000 -0.000000  0.000000 )
( -0.081830  0.000000  0.000000  0.000000 -0.000000  0.000000 )
( -0.097723  0.000000 -0.000000  0.000000 -0.000000  0.000000 )
( -0.097723  0.000000  0.000000  0.000000 -0.000000  0.000000 )
(  0.103639  0.000000  0.000000  0.000000 -0.002314  0.000000 )
(  0.048442  0.000000  0.003253  0.000000  0.001917  0.000000 )
(  0.048442  0.000000 -0.003253  0.000000  0.001917  0.000000 )
(  0.048442  0.000000  0.003253  0.000000 -0.001917  0.000000 )
(  0.048442  0.000000 -0.003253  0.000000 -0.001917  0.000000 )
(  0.103639  0.000000  0.000000  0.000000  0.002314  0.000000 )
(  0.048442  0.000000 -0.003253  0.000000 -0.001917  0.000000 )
(  0.048442  0.000000  0.003253  0.000000 -0.001917  0.000000 )
(  0.048442  0.000000 -0.003253  0.000000  0.001917  0.000000 )
(  0.048442  0.000000  0.003253  0.000000  0.001917  0.000000 )
     freq (  10) =       1.737055 [THz] =      57.941934 [cm-1]
( -0.507457  0.000000  0.000000 -0.000000  0.000000 -0.000000 )
( -0.507457  0.000000 -0.000000  0.000000 -0.000000  0.000000 )
( -0.058506  0.000000 -0.000000  0.000000 -0.000000  0.000000 )
( -0.058506  0.000000  0.000000 -0.000000  0.000000 -0.000000 )
(  0.042882 -0.000000  0.000000 -0.000000 -0.068915  0.000000 )
(  0.042882 -0.000000  0.000000 -0.000000  0.068915 -0.000000 )
(  0.180128 -0.000000  0.000000 -0.000000 -0.000000  0.000000 )
(  0.063988 -0.000000  0.000000 -0.000000 -0.070529  0.000000 )
(  0.063988 -0.000000 -0.000000  0.000000  0.070529 -0.000000 )
(  0.180128 -0.000000 -0.000000  0.000000  0.000000 -0.000000 )
(  0.063988 -0.000000 -0.000000  0.000000 -0.070529  0.000000 )
(  0.042882 -0.000000 -0.000000  0.000000  0.068915 -0.000000 )
(  0.167787 -0.000000 -0.000000  0.000000  0.000000 -0.000000 )
(  0.042882 -0.000000 -0.000000  0.000000 -0.068915  0.000000 )
(  0.063988 -0.000000  0.000000 -0.000000  0.070529 -0.000000 )
(  0.167787 -0.000000  0.000000 -0.000000 -0.000000  0.000000 )
(  0.230955 -0.000000  0.000000 -0.000000  0.000000 -0.000000 )
( -0.012874  0.000000 -0.000000  0.000000 -0.000000  0.000000 )
( -0.012874  0.000000  0.000000 -0.000000 -0.000000  0.000000 )
(  0.010850 -0.000000  0.000000 -0.000000 -0.000000  0.000000 )
(  0.010850 -0.000000 -0.000000  0.000000 -0.000000  0.000000 )
(  0.263089 -0.000000 -0.000000  0.000000  0.000000 -0.000000 )
(  0.010850 -0.000000  0.000000 -0.000000  0.000000 -0.000000 )
(  0.010850 -0.000000 -0.000000  0.000000  0.000000 -0.000000 )
( -0.012874  0.000000 -0.000000  0.000000  0.000000 -0.000000 )
( -0.012874  0.000000  0.000000 -0.000000  0.000000 -0.000000 )
(  0.257208 -0.000000  0.000000 -0.000000 -0.011211  0.000000 )
( -0.068043  0.000000  0.011020 -0.000000  0.002251 -0.000000 )
( -0.068043  0.000000 -0.011020  0.000000  0.002251 -0.000000 )
( -0.068043  0.000000  0.011020 -0.000000 -0.002251  0.000000 )
( -0.068043  0.000000 -0.011020  0.000000 -0.002251  0.000000 )
(  0.257208 -0.000000  0.000000 -0.000000  0.011211 -0.000000 )
( -0.068043  0.000000 -0.011020  0.000000 -0.002251  0.000000 )
( -0.068043  0.000000  0.011020 -0.000000 -0.002251  0.000000 )
( -0.068043  0.000000 -0.011020  0.000000  0.002251 -0.000000 )
( -0.068043  0.000000  0.011020 -0.000000  0.002251 -0.000000 )
     freq (  11) =       1.740799 [THz] =      58.066807 [cm-1]
(  0.619575 -0.000000 -0.000000  0.000000  0.000000 -0.000000 )
( -0.619575  0.000000  0.000000 -0.000000 -0.000000  0.000000 )
(  0.000000 -0.000000  0.000000 -0.000000  0.099398 -0.000000 )
( -0.000000  0.000000 -0.000000  0.000000 -0.099398  0.000000 )
(  0.000000 -0.000000 -0.048309  0.000000 -0.000000  0.000000 )
(  0.000000 -0.000000 -0.048309  0.000000  0.000000 -0.000000 )
(  0.000000 -0.000000 -0.051995  0.000000  0.000000 -0.000000 )
(  0.000000 -0.000000  0.050939 -0.000000 -0.000000  0.000000 )
(  0.000000 -0.000000  0.050939 -0.000000  0.000000 -0.000000 )
(  0.000000 -0.000000  0.051995 -0.000000 -0.000000  0.000000 )
(  0.000000 -0.000000 -0.050939  0.000000 -0.000000  0.000000 )
(  0.000000 -0.000000  0.048309 -0.000000  0.000000 -0.000000 )
(  0.000000 -0.000000 -0.000000  0.000000 -0.000000  0.000000 )
(  0.000000 -0.000000  0.048309 -0.000000 -0.000000  0.000000 )
(  0.000000 -0.000000 -0.050939  0.000000  0.000000 -0.000000 )
(  0.000000 -0.000000  0.000000 -0.000000 -0.000000  0.000000 )
(  0.000000 -0.000000 -0.000000  0.000000 -0.000000  0.000000 )
( -0.060193  0.000000 -0.000000  0.000000 -0.000000  0.000000 )
( -0.060193  0.000000  0.000000 -0.000000  0.000000 -0.000000 )
( -0.064905  0.000000  0.000000 -0.000000 -0.000000  0.000000 )
( -0.064905  0.000000 -0.000000  0.000000 -0.000000  0.000000 )
(  0.000000 -0.000000  0.000000 -0.000000 -0.000000  0.000000 )
(  0.064905 -0.000000  0.000000 -0.000000  0.000000 -0.000000 )
(  0.064905 -0.000000 -0.000000  0.000000  0.000000 -0.000000 )
(  0.060193 -0.000000 -0.000000  0.000000 -0.000000  0.000000 )
(  0.060193 -0.000000  0.000000 -0.000000  0.000000 -0.000000 )
(  0.000000 -0.000000  0.000000 -0.000000 -0.000000  0.000000 )
( -0.000886  0.000000 -0.126777  0.000000 -0.058568  0.000000 )
( -0.000886  0.000000  0.126777 -0.000000 -0.058568  0.000000 )
(  0.000886 -0.000000  0.126777 -0.000000 -0.058568  0.000000 )
(  0.000886 -0.000000 -0.126777  0.000000 -0.058568  0.000000 )
(  0.000000 -0.000000  0.000000 -0.000000 -0.000000  0.000000 )
( -0.000886  0.000000  0.126777 -0.000000  0.058568 -0.000000 )
( -0.000886  0.000000 -0.126777  0.000000  0.058568 -0.000000 )
(  0.000886 -0.000000 -0.126777  0.000000  0.058568 -0.000000 )
(  0.000886 -0.000000  0.126777 -0.000000  0.058568 -0.000000 )
     freq (  12) =       1.744308 [THz] =      58.183859 [cm-1]
( -0.000000  0.000000  0.000000  0.000000 -0.104549  0.000000 )
( -0.000000  0.000000 -0.000000  0.000000  0.104549  0.000000 )
( -0.604220  0.000000 -0.000000  0.000000  0.000000  0.000000 )
(  0.604220  0.000000  0.000000  0.000000 -0.000000  0.000000 )
(  0.000000  0.000000  0.010573  0.000000 -0.000000  0.000000 )
(  0.000000  0.000000 -0.010573  0.000000  0.000000  0.000000 )
(  0.000000  0.000000 -0.000000  0.000000 -0.000000  0.000000 )
(  0.000000  0.000000 -0.083547  0.000000 -0.000000  0.000000 )
(  0.000000  0.000000  0.083547  0.000000  0.000000  0.000000 )
(  0.000000  0.000000  0.000000  0.000000  0.000000  0.000000 )
(  0.000000  0.000000  0.083547  0.000000 -0.000000  0.000000 )
(  0.000000  0.000000  0.010573  0.000000  0.000000  0.000000 )
(  0.000000  0.000000  0.046381  0.000000 -0.000000  0.000000 )
(  0.000000  0.000000 -0.010573  0.000000 -0.000000  0.000000 )
(  0.000000  0.000000 -0.083547  0.000000  0.000000  0.000000 )
(  0.000000  0.000000 -0.046381  0.000000  0.000000  0.000000 )
(  0.000000  0.000000  0.000000  0.000000 -0.000000  0.000000 )
( -0.000000  0.000000  0.079775  0.000000  0.033622  0.000000 )
( -0.000000  0.000000 -0.079775  0.000000  0.033622  0.000000 )
(  0.000000  0.000000 -0.154995  0.000000  0.085489  0.000000 )
( -0.000000  0.000000  0.154995  0.000000  0.085489  0.000000 )
(  0.000000  0.000000 -0.000000  0.000000 -0.000000  0.000000 )
(  0.000000  0.000000 -0.154995  0.000000 -0.085489  0.000000 )
(  0.000000  0.000000  0.154995  0.000000 -0.085489  0.000000 )
(  0.000000  0.000000  0.079775  0.000000 -0.033622  0.000000 )
(  0.000000  0.000000 -0.079775  0.000000 -0.033622  0.000000 )
(  0.000000  0.000000  0.000000  0.000000 -0.000000  0.000000 )
(  0.059846  0.000000  0.039029  0.000000  0.048942  0.000000 )
(  0.059846  0.000000 -0.039029  0.000000  0.048942  0.000000 )
(  0.059846  0.000000  0.039029  0.000000 -0.048942  0.000000 )
(  0.059846  0.000000 -0.039029  0.000000 -0.048942  0.000000 )
(  0.000000  0.000000 -0.000000  0.000000  0.000000  0.000000 )
( -0.059846  0.000000  0.039029  0.000000  0.048942  0.000000 )
( -0.059846  0.000000 -0.039029  0.000000  0.048942  0.000000 )
( -0.059846  0.000000  0.039029  0.000000 -0.048942  0.000000 )
( -0.059846  0.000000 -0.039029  0.000000 -0.048942  0.000000 )
     freq (  13) =       1.874602 [THz] =      62.529996 [cm-1]
( -0.000000  0.000000  0.000000 -0.000000 -0.000000  0.000000 )
(  0.000000 -0.000000 -0.000000  0.000000 -0.000000  0.000000 )
(  0.000000 -0.000000 -0.008687  0.000000 -0.000000  0.000000 )
( -0.000000  0.000000  0.008687 -0.000000 -0.000000  0.000000 )
( -0.020245  0.000000 -0.000000  0.000000 -0.044229  0.000000 )
(  0.020245 -0.000000 -0.000000  0.000000 -0.044229  0.000000 )
( -0.000000  0.000000 -0.000000  0.000000 -0.148655  0.000000 )
(  0.093121 -0.000000  0.000000 -0.000000  0.064134 -0.000000 )
( -0.093121  0.000000  0.000000 -0.000000  0.064134 -0.000000 )
(  0.000000 -0.000000  0.000000 -0.000000  0.148655 -0.000000 )
( -0.093121  0.000000 -0.000000  0.000000 -0.064134  0.000000 )
( -0.020245  0.000000  0.000000 -0.000000  0.044229 -0.000000 )
( -0.039248  0.000000  0.000000 -0.000000 -0.000000  0.000000 )
(  0.020245 -0.000000 -0.000000  0.000000  0.044229 -0.000000 )
(  0.093121 -0.000000 -0.000000  0.000000 -0.064134  0.000000 )
(  0.039248 -0.000000 -0.000000  0.000000  0.000000 -0.000000 )
( -0.000000  0.000000 -0.000000  0.000000  0.000000 -0.000000 )
( -0.080308  0.000000  0.000000 -0.000000 -0.000000  0.000000 )
(  0.080308 -0.000000 -0.000000  0.000000 -0.000000  0.000000 )
(  0.234357 -0.000000 -0.000000  0.000000 -0.000000  0.000000 )
( -0.234357  0.000000  0.000000 -0.000000 -0.000000  0.000000 )
( -0.000000  0.000000  0.000000 -0.000000  0.000000 -0.000000 )
(  0.234357 -0.000000  0.000000 -0.000000  0.000000 -0.000000 )
( -0.234357  0.000000 -0.000000  0.000000 -0.000000  0.000000 )
( -0.080308  0.000000  0.000000 -0.000000 -0.000000  0.000000 )
(  0.080308 -0.000000 -0.000000  0.000000 -0.000000  0.000000 )
( -0.000000  0.000000  0.000000 -0.000000  0.000000 -0.000000 )
( -0.079056  0.000000 -0.001465  0.000000 -0.273053  0.000000 )
(  0.079056 -0.000000 -0.001465  0.000000  0.273053 -0.000000 )
( -0.079056  0.000000 -0.001465  0.000000  0.273053 -0.000000 )
(  0.079056 -0.000000 -0.001465  0.000000 -0.273053  0.000000 )
(  0.000000 -0.000000 -0.000000  0.000000  0.000000 -0.000000 )
( -0.079056  0.000000  0.001465 -0.000000  0.273053 -0.000000 )
(  0.079056 -0.000000  0.001465 -0.000000 -0.273053  0.000000 )
( -0.079056  0.000000  0.001465 -0.000000 -0.273053  0.000000 )
(  0.079056 -0.000000  0.001465 -0.000000  0.273053 -0.000000 )
     freq (  14) =       1.894759 [THz] =      63.202370 [cm-1]
( -0.000000  0.000000  0.000000  0.000000  0.276337  0.000000 )
(  0.000000  0.000000 -0.000000  0.000000  0.276337  0.000000 )
( -0.000000  0.000000  0.000000  0.000000  0.190813  0.000000 )
( -0.000000  0.000000  0.000000  0.000000  0.190813  0.000000 )
(  0.100116  0.000000  0.000000  0.000000 -0.141874  0.000000 )
( -0.100116  0.000000 -0.000000  0.000000 -0.141874  0.000000 )
(  0.000000  0.000000 -0.000000  0.000000 -0.023341  0.000000 )
(  0.109148  0.000000 -0.000000  0.000000 -0.171174  0.000000 )
( -0.109148  0.000000  0.000000  0.000000 -0.171174  0.000000 )
(  0.000000  0.000000  0.000000  0.000000 -0.023341  0.000000 )
(  0.109148  0.000000 -0.000000  0.000000 -0.171174  0.000000 )
( -0.100116  0.000000  0.000000  0.000000 -0.141874  0.000000 )
( -0.000000  0.000000  0.000000  0.000000  0.020235  0.000000 )
(  0.100116  0.000000  0.000000  0.000000 -0.141874  0.000000 )
( -0.109148  0.000000 -0.000000  0.000000 -0.171174  0.000000 )
(  0.000000  0.000000 -0.000000  0.000000  0.020235  0.000000 )
(  0.000000  0.000000  0.000000  0.000000 -0.287832  0.000000 )
( -0.000000  0.000000  0.000463  0.000000  0.094968  0.000000 )
(  0.000000  0.000000 -0.000463  0.000000  0.094968  0.000000 )
(  0.000000  0.000000  0.010805  0.000000  0.075130  0.000000 )
( -0.000000  0.000000 -0.010805  0.000000  0.075130  0.000000 )
(  0.000000  0.000000 -0.000000  0.000000 -0.355438  0.000000 )
(  0.000000  0.000000 -0.010805  0.000000  0.075130  0.000000 )
( -0.000000  0.000000  0.010805  0.000000  0.075130  0.000000 )
( -0.000000  0.000000 -0.000463  0.000000  0.094968  0.000000 )
(  0.000000  0.000000  0.000463  0.000000  0.094968  0.000000 )
(  0.014687  0.000000 -0.000000  0.000000 -0.309843  0.000000 )
( -0.001642  0.000000  0.022997  0.000000  0.052550  0.000000 )
( -0.001642  0.000000 -0.022997  0.000000  0.052550  0.000000 )
(  0.001642  0.000000 -0.022997  0.000000  0.052550  0.000000 )
(  0.001642  0.000000  0.022997  0.000000  0.052550  0.000000 )
( -0.014687  0.000000  0.000000  0.000000 -0.309843  0.000000 )
(  0.001642  0.000000  0.022997  0.000000  0.052550  0.000000 )
(  0.001642  0.000000 -0.022997  0.000000  0.052550  0.000000 )
( -0.001642  0.000000 -0.022997  0.000000  0.052550  0.000000 )
( -0.001642  0.000000  0.022997  0.000000  0.052550  0.000000 )
     freq (  15) =       1.923059 [THz] =      64.146330 [cm-1]
(  0.000000 -0.000000 -0.029824  0.000000  0.000000 -0.000000 )
( -0.000000  0.000000  0.029824 -0.000000 -0.000000  0.000000 )
(  0.000000 -0.000000  0.000000 -0.000000  0.000000 -0.000000 )
( -0.000000  0.000000  0.000000 -0.000000 -0.000000  0.000000 )
(  0.039582 -0.000000  0.000000 -0.000000  0.058014 -0.000000 )
(  0.039582 -0.000000  0.000000 -0.000000 -0.058014  0.000000 )
(  0.041119 -0.000000  0.000000 -0.000000 -0.000000  0.000000 )
( -0.069332  0.000000 -0.000000  0.000000 -0.049819  0.000000 )
( -0.069332  0.000000  0.000000 -0.000000  0.049819 -0.000000 )
( -0.041119  0.000000 -0.000000  0.000000  0.000000 -0.000000 )
(  0.069332 -0.000000  0.000000 -0.000000  0.049819 -0.000000 )
( -0.039582  0.000000 -0.000000  0.000000  0.058014 -0.000000 )
( -0.000000  0.000000  0.000000 -0.000000  0.174278 -0.000000 )
( -0.039582  0.000000 -0.000000  0.000000 -0.058014  0.000000 )
(  0.069332 -0.000000  0.000000 -0.000000 -0.049819  0.000000 )
(  0.000000 -0.000000 -0.000000  0.000000 -0.174278  0.000000 )
( -0.000000  0.000000 -0.000000  0.000000 -0.000000  0.000000 )
(  0.000000 -0.000000 -0.013546  0.000000  0.286890 -0.000000 )
(  0.000000 -0.000000 -0.013546  0.000000 -0.286890  0.000000 )
(  0.000000 -0.000000 -0.006042  0.000000 -0.287550  0.000000 )
( -0.000000  0.000000 -0.006042  0.000000  0.287550 -0.000000 )
( -0.000000  0.000000  0.000000 -0.000000 -0.000000  0.000000 )
(  0.000000 -0.000000  0.006042 -0.000000 -0.287550  0.000000 )
( -0.000000  0.000000  0.006042 -0.000000  0.287550 -0.000000 )
( -0.000000  0.000000  0.013546 -0.000000  0.286890 -0.000000 )
( -0.000000  0.000000  0.013546 -0.000000 -0.286890  0.000000 )
( -0.000000  0.000000 -0.000000  0.000000 -0.000000  0.000000 )
(  0.167381 -0.000000  0.003873 -0.000000  0.003746 -0.000000 )
( -0.167381  0.000000  0.003873 -0.000000 -0.003746  0.000000 )
( -0.167381  0.000000 -0.003873  0.000000  0.003746 -0.000000 )
(  0.167381 -0.000000 -0.003873  0.000000 -0.003746  0.000000 )
( -0.000000  0.000000  0.000000 -0.000000 -0.000000  0.000000 )
( -0.167381  0.000000  0.003873 -0.000000  0.003746 -0.000000 )
(  0.167381 -0.000000  0.003873 -0.000000 -0.003746  0.000000 )
(  0.167381 -0.000000 -0.003873  0.000000  0.003746 -0.000000 )
( -0.167381  0.000000 -0.003873  0.000000 -0.003746  0.000000 )
     freq (  16) =       1.971237 [THz] =      65.753396 [cm-1]
( -0.000000  0.000000  0.000000 -0.000000 -0.000000  0.000000 )
(  0.000000 -0.000000 -0.000000  0.000000 -0.000000  0.000000 )
(  0.000000 -0.000000 -0.032316  0.000000 -0.000000  0.000000 )
(  0.000000 -0.000000  0.032316 -0.000000  0.000000 -0.000000 )
( -0.125640  0.000000 -0.000000  0.000000 -0.044131  0.000000 )
(  0.125640 -0.000000 -0.000000  0.000000 -0.044131  0.000000 )
(  0.000000 -0.000000 -0.000000  0.000000 -0.058231  0.000000 )
( -0.084543  0.000000  0.000000 -0.000000 -0.017314  0.000000 )
(  0.084543 -0.000000  0.000000 -0.000000 -0.017314  0.000000 )
( -0.000000  0.000000  0.000000 -0.000000  0.058231 -0.000000 )
(  0.084543 -0.000000 -0.000000  0.000000  0.017314 -0.000000 )
( -0.125640  0.000000  0.000000 -0.000000  0.044131 -0.000000 )
( -0.024082  0.000000 -0.000000  0.000000  0.000000 -0.000000 )
(  0.125640 -0.000000  0.000000 -0.000000  0.044131 -0.000000 )
( -0.084543  0.000000 -0.000000  0.000000  0.017314 -0.000000 )
(  0.024082 -0.000000  0.000000 -0.000000 -0.000000  0.000000 )
( -0.000000  0.000000  0.000000 -0.000000  0.000000 -0.000000 )
( -0.275200  0.000000  0.000000 -0.000000  0.000000 -0.000000 )
(  0.275200 -0.000000  0.000000 -0.000000 -0.000000  0.000000 )
( -0.174134  0.000000  0.000000 -0.000000 -0.000000  0.000000 )
(  0.174134 -0.000000 -0.000000  0.000000 -0.000000  0.000000 )
( -0.000000  0.000000 -0.000000  0.000000  0.000000 -0.000000 )
( -0.174134  0.000000  0.000000 -0.000000 -0.000000  0.000000 )
(  0.174134 -0.000000 -0.000000  0.000000  0.000000 -0.000000 )
( -0.275200  0.000000  0.000000 -0.000000 -0.000000  0.000000 )
(  0.275200 -0.000000  0.000000 -0.000000 -0.000000  0.000000 )
( -0.000000  0.000000  0.000000 -0.000000  0.000000 -0.000000 )
(  0.220589 -0.000000  0.000938 -0.000000 -0.097299  0.000000 )
( -0.220589  0.000000  0.000938 -0.000000  0.097299 -0.000000 )
(  0.220589 -0.000000  0.000938 -0.000000  0.097299 -0.000000 )
( -0.220589  0.000000  0.000938 -0.000000 -0.097299  0.000000 )
( -0.000000  0.000000 -0.000000  0.000000  0.000000 -0.000000 )
(  0.220589 -0.000000 -0.000938  0.000000  0.097299 -0.000000 )
( -0.220589  0.000000 -0.000938  0.000000 -0.097299  0.000000 )
(  0.220589 -0.000000 -0.000938  0.000000 -0.097299  0.000000 )
( -0.220589  0.000000 -0.000938  0.000000  0.097299 -0.000000 )
     freq (  17) =       1.990921 [THz] =      66.409982 [cm-1]
(  0.130427  0.000000  0.000000  0.000000 -0.000000  0.000000 )
( -0.130427  0.000000  0.000000  0.000000  0.000000  0.000000 )
( -0.000000  0.000000 -0.000000  0.000000  0.306433  0.000000 )
(  0.000000  0.000000  0.000000  0.000000 -0.306433  0.000000 )
( -0.000000  0.000000  0.078410  0.000000 -0.000000  0.000000 )
(  0.000000  0.000000  0.078410  0.000000 -0.000000  0.000000 )
( -0.000000  0.000000  0.200131  0.000000 -0.000000  0.000000 )
(  0.000000  0.000000 -0.076838  0.000000 -0.000000  0.000000 )
(  0.000000  0.000000 -0.076838  0.000000 -0.000000  0.000000 )
(  0.000000  0.000000 -0.200131  0.000000  0.000000  0.000000 )
(  0.000000  0.000000  0.076838  0.000000 -0.000000  0.000000 )
( -0.000000  0.000000 -0.078410  0.000000  0.000000  0.000000 )
( -0.000000  0.000000 -0.000000  0.000000 -0.000000  0.000000 )
(  0.000000  0.000000 -0.078410  0.000000  0.000000  0.000000 )
( -0.000000  0.000000  0.076838  0.000000 -0.000000  0.000000 )
(  0.000000  0.000000  0.000000  0.000000  0.000000  0.000000 )
(  0.000000  0.000000  0.000000  0.000000 -0.000000  0.000000 )
(  0.128163  0.000000 -0.000000  0.000000  0.000000  0.000000 )
(  0.128163  0.000000  0.000000  0.000000  0.000000  0.000000 )
(  0.156431  0.000000  0.000000  0.000000  0.000000  0.000000 )
(  0.156431  0.000000 -0.000000  0.000000 -0.000000  0.000000 )
(  0.000000  0.000000 -0.000000  0.000000 -0.000000  0.000000 )
( -0.156431  0.000000  0.000000  0.000000 -0.000000  0.000000 )
( -0.156431  0.000000 -0.000000  0.000000 -0.000000  0.000000 )
( -0.128163  0.000000 -0.000000  0.000000 -0.000000  0.000000 )
( -0.128163  0.000000  0.000000  0.000000  0.000000  0.000000 )
(  0.000000  0.000000  0.000000  0.000000 -0.000000  0.000000 )
( -0.013819  0.000000  0.177121  0.000000 -0.170944  0.000000 )
( -0.013819  0.000000 -0.177121  0.000000 -0.170944  0.000000 )
(  0.013819  0.000000 -0.177121  0.000000 -0.170944  0.000000 )
(  0.013819  0.000000  0.177121  0.000000 -0.170944  0.000000 )
(  0.000000  0.000000 -0.000000  0.000000 -0.000000  0.000000 )
( -0.013819  0.000000 -0.177121  0.000000  0.170944  0.000000 )
( -0.013819  0.000000  0.177121  0.000000  0.170944  0.000000 )
(  0.013819  0.000000  0.177121  0.000000  0.170944  0.000000 )
(  0.013819  0.000000 -0.177121  0.000000  0.170944  0.000000 )
     freq (  18) =       2.005600 [THz] =      66.899613 [cm-1]
( -0.000000  0.000000 -0.092351  0.000000 -0.000000  0.000000 )
(  0.000000 -0.000000 -0.092351  0.000000  0.000000 -0.000000 )
( -0.000000  0.000000 -0.060009  0.000000 -0.000000  0.000000 )
(  0.000000 -0.000000 -0.060009  0.000000  0.000000 -0.000000 )
(  0.000000 -0.000000  0.094469 -0.000000  0.000000 -0.000000 )
( -0.000000  0.000000  0.094469 -0.000000  0.000000 -0.000000 )
( -0.000000  0.000000  0.003508 -0.000000  0.000000 -0.000000 )
(  0.000000 -0.000000 -0.065339  0.000000  0.000000 -0.000000 )
( -0.000000  0.000000 -0.065339  0.000000  0.000000 -0.000000 )
( -0.000000  0.000000  0.003508 -0.000000  0.000000 -0.000000 )
( -0.000000  0.000000 -0.065339  0.000000 -0.000000  0.000000 )
(  0.000000 -0.000000  0.094469 -0.000000 -0.000000  0.000000 )
( -0.000000  0.000000  0.026774 -0.000000  0.000000 -0.000000 )
( -0.000000  0.000000  0.094469 -0.000000 -0.000000  0.000000 )
(  0.000000 -0.000000 -0.065339  0.000000 -0.000000  0.000000 )
( -0.000000  0.000000  0.026774 -0.000000 -0.000000  0.000000 )
( -0.000000  0.000000  0.536044 -0.000000  0.000000 -0.000000 )
(  0.000000 -0.000000  0.091491 -0.000000  0.092427 -0.000000 )
( -0.000000  0.000000  0.091491 -0.000000 -0.092427  0.000000 )
(  0.000000 -0.000000 -0.049911  0.000000  0.104825 -0.000000 )
( -0.000000  0.000000 -0.049911  0.000000 -0.104825  0.000000 )
( -0.000000  0.000000 -0.558401  0.000000  0.000000 -0.000000 )
(  0.000000 -0.000000 -0.049911  0.000000 -0.104825  0.000000 )
(  0.000000 -0.000000 -0.049911  0.000000  0.104825 -0.000000 )
(  0.000000 -0.000000  0.091491 -0.000000 -0.092427  0.000000 )
(  0.000000 -0.000000  0.091491 -0.000000  0.092427 -0.000000 )
( -0.000000  0.000000 -0.004021  0.000000  0.000000 -0.000000 )
( -0.158182  0.000000  0.008487 -0.000000 -0.000023  0.000000 )
(  0.158182 -0.000000  0.008487 -0.000000  0.000023 -0.000000 )
( -0.158182  0.000000  0.008487 -0.000000  0.000023 -0.000000 )
(  0.158182 -0.000000  0.008487 -0.000000 -0.000023  0.000000 )
( -0.000000  0.000000 -0.004021  0.000000  0.000000 -0.000000 )
(  0.158182 -0.000000  0.008487 -0.000000 -0.000023  0.000000 )
( -0.158182  0.000000  0.008487 -0.000000  0.000023 -0.000000 )
(  0.158182 -0.000000  0.008487 -0.000000  0.000023 -0.000000 )
( -0.158182  0.000000  0.008487 -0.000000 -0.000023  0.000000 )
     freq (  19) =       2.018982 [THz] =      67.345982 [cm-1]
( -0.000000  0.000000  0.000000 -0.000000 -0.346248  0.000000 )
(  0.000000 -0.000000 -0.000000  0.000000  0.346248 -0.000000 )
( -0.123367  0.000000 -0.000000  0.000000 -0.000000  0.000000 )
(  0.123367 -0.000000  0.000000 -0.000000  0.000000 -0.000000 )
(  0.000000 -0.000000 -0.061780  0.000000 -0.000000  0.000000 )
( -0.000000  0.000000  0.061780 -0.000000 -0.000000  0.000000 )
( -0.000000  0.000000 -0.000000  0.000000 -0.000000  0.000000 )
(  0.000000 -0.000000  0.089450 -0.000000 -0.000000  0.000000 )
( -0.000000  0.000000 -0.089450  0.000000 -0.000000  0.000000 )
( -0.000000  0.000000  0.000000 -0.000000  0.000000 -0.000000 )
(  0.000000 -0.000000 -0.089450  0.000000 -0.000000  0.000000 )
( -0.000000  0.000000 -0.061780  0.000000 -0.000000  0.000000 )
( -0.000000  0.000000 -0.196027  0.000000  0.000000 -0.000000 )
( -0.000000  0.000000  0.061780 -0.000000 -0.000000  0.000000 )
(  0.000000 -0.000000  0.089450 -0.000000 -0.000000  0.000000 )
(  0.000000 -0.000000  0.196027 -0.000000 -0.000000  0.000000 )
( -0.000000  0.000000 -0.000000  0.000000 -0.000000  0.000000 )
( -0.000000  0.000000 -0.152365  0.000000  0.184848 -0.000000 )
( -0.000000  0.000000  0.152365 -0.000000  0.184848 -0.000000 )
( -0.000000  0.000000  0.197188 -0.000000  0.146621 -0.000000 )
( -0.000000  0.000000 -0.197188  0.000000  0.146621 -0.000000 )
( -0.000000  0.000000  0.000000 -0.000000 -0.000000  0.000000 )
(  0.000000 -0.000000  0.197188 -0.000000 -0.146621  0.000000 )
( -0.000000  0.000000 -0.197188  0.000000 -0.146621  0.000000 )
(  0.000000 -0.000000 -0.152365  0.000000 -0.184848  0.000000 )
(  0.000000 -0.000000  0.152365 -0.000000 -0.184848  0.000000 )
( -0.000000  0.000000  0.000000 -0.000000 -0.000000  0.000000 )
( -0.126501  0.000000 -0.016961  0.000000 -0.023134  0.000000 )
( -0.126501  0.000000  0.016961 -0.000000 -0.023134  0.000000 )
( -0.126501  0.000000 -0.016961  0.000000  0.023134 -0.000000 )
( -0.126501  0.000000  0.016961 -0.000000  0.023134 -0.000000 )
( -0.000000  0.000000 -0.000000  0.000000 -0.000000  0.000000 )
(  0.126501 -0.000000 -0.016961  0.000000 -0.023134  0.000000 )
(  0.126501 -0.000000  0.016961 -0.000000 -0.023134  0.000000 )
(  0.126501 -0.000000 -0.016961  0.000000  0.023134 -0.000000 )
(  0.126501 -0.000000  0.016961 -0.000000  0.023134 -0.000000 )
     freq (  20) =       2.060628 [THz] =      68.735156 [cm-1]
( -0.000000  0.000000  0.000000  0.000000  0.000000  0.000000 )
(  0.000000  0.000000  0.000000  0.000000  0.000000  0.000000 )
(  0.000000  0.000000 -0.000000  0.000000 -0.000000  0.000000 )
( -0.000000  0.000000  0.000000  0.000000 -0.000000  0.000000 )
(  0.000000  0.000000 -0.075107  0.000000  0.000000  0.000000 )
( -0.000000  0.000000  0.075107  0.000000  0.000000  0.000000 )
(  0.000000  0.000000 -0.000000  0.000000 -0.000000  0.000000 )
( -0.000000  0.000000  0.076909  0.000000 -0.000000  0.000000 )
( -0.000000  0.000000 -0.076909  0.000000  0.000000  0.000000 )
(  0.000000  0.000000  0.000000  0.000000 -0.000000  0.000000 )
(  0.000000  0.000000  0.076909  0.000000  0.000000  0.000000 )
(  0.000000  0.000000  0.075107  0.000000  0.000000  0.000000 )
(  0.000000  0.000000  0.000000  0.000000  0.000000  0.000000 )
( -0.000000  0.000000 -0.075107  0.000000 -0.000000  0.000000 )
( -0.000000  0.000000 -0.076909  0.000000  0.000000  0.000000 )
( -0.000000  0.000000 -0.000000  0.000000  0.000000  0.000000 )
(  0.000000  0.000000  0.000000  0.000000  0.000000  0.000000 )
( -0.173587  0.000000  0.000000  0.000000  0.000000  0.000000 )
(  0.173587  0.000000 -0.000000  0.000000 -0.000000  0.000000 )
( -0.166148  0.000000 -0.000000  0.000000 -0.000000  0.000000 )
(  0.166148  0.000000 -0.000000  0.000000  0.000000  0.000000 )
(  0.000000  0.000000 -0.000000  0.000000  0.000000  0.000000 )
(  0.166148  0.000000 -0.000000  0.000000  0.000000  0.000000 )
( -0.166148  0.000000  0.000000  0.000000  0.000000  0.000000 )
(  0.173587  0.000000  0.000000  0.000000  0.000000  0.000000 )
( -0.173587  0.000000 -0.000000  0.000000  0.000000  0.000000 )
(  0.000000  0.000000  0.556480  0.000000  0.000000  0.000000 )
(  0.015088  0.000000  0.067611  0.000000  0.090204  0.000000 )
( -0.015088  0.000000  0.067611  0.000000 -0.090204  0.000000 )
( -0.015088  0.000000 -0.067611  0.000000  0.090204  0.000000 )
(  0.015088  0.000000 -0.067611  0.000000 -0.090204  0.000000 )
( -0.000000  0.000000 -0.556480  0.000000  0.000000  0.000000 )
(  0.015088  0.000000 -0.067611  0.000000 -0.090204  0.000000 )
( -0.015088  0.000000 -0.067611  0.000000  0.090204  0.000000 )
( -0.015088  0.000000  0.067611  0.000000 -0.090204  0.000000 )
(  0.015088  0.000000  0.067611  0.000000  0.090204  0.000000 )
     freq (  21) =       2.094117 [THz] =      69.852223 [cm-1]
(  0.000000  0.000000 -0.000000  0.000000  0.378497  0.000000 )
(  0.000000  0.000000 -0.000000  0.000000  0.378497  0.000000 )
( -0.000000  0.000000 -0.000000  0.000000 -0.454972  0.000000 )
(  0.000000  0.000000 -0.000000  0.000000 -0.454972  0.000000 )
(  0.000006  0.000000  0.000000  0.000000  0.030784  0.000000 )
( -0.000006  0.000000  0.000000  0.000000  0.030784  0.000000 )
( -0.000000  0.000000 -0.000000  0.000000 -0.111188  0.000000 )
(  0.007757  0.000000  0.000000  0.000000  0.026012  0.000000 )
( -0.007757  0.000000  0.000000  0.000000  0.026012  0.000000 )
( -0.000000  0.000000  0.000000  0.000000 -0.111188  0.000000 )
(  0.007757  0.000000 -0.000000  0.000000  0.026012  0.000000 )
( -0.000006  0.000000  0.000000  0.000000  0.030784  0.000000 )
( -0.000000  0.000000  0.000000  0.000000  0.074425  0.000000 )
(  0.000006  0.000000  0.000000  0.000000  0.030784  0.000000 )
( -0.007757  0.000000  0.000000  0.000000  0.026012  0.000000 )
(  0.000000  0.000000  0.000000  0.000000  0.074425  0.000000 )
( -0.000000  0.000000 -0.000000  0.000000  0.040697  0.000000 )
(  0.000000  0.000000 -0.062906  0.000000  0.086014  0.000000 )
( -0.000000  0.000000  0.062906  0.000000  0.086014  0.000000 )
(  0.000000  0.000000  0.065401  0.000000  0.085289  0.000000 )
( -0.000000  0.000000 -0.065401  0.000000  0.085289  0.000000 )
( -0.000000  0.000000 -0.000000  0.000000  0.031214  0.000000 )
( -0.000000  0.000000 -0.065401  0.000000  0.085289  0.000000 )
(  0.000000  0.000000  0.065401  0.000000  0.085289  0.000000 )
( -0.000000  0.000000  0.062906  0.000000  0.086014  0.000000 )
(  0.000000  0.000000 -0.062906  0.000000  0.086014  0.000000 )
(  0.008509  0.000000 -0.000000  0.000000  0.044579  0.000000 )
( -0.009280  0.000000  0.100420  0.000000 -0.098234  0.000000 )
( -0.009280  0.000000 -0.100420  0.000000 -0.098234  0.000000 )
(  0.009280  0.000000 -0.100420  0.000000 -0.098234  0.000000 )
(  0.009280  0.000000  0.100420  0.000000 -0.098234  0.000000 )
( -0.008509  0.000000  0.000000  0.000000  0.044579  0.000000 )
(  0.009280  0.000000  0.100420  0.000000 -0.098234  0.000000 )
(  0.009280  0.000000 -0.100420  0.000000 -0.098234  0.000000 )
( -0.009280  0.000000 -0.100420  0.000000 -0.098234  0.000000 )
( -0.009280  0.000000  0.100420  0.000000 -0.098234  0.000000 )
     freq (  22) =       2.102410 [THz] =      70.128845 [cm-1]
(  0.000000  0.000000 -0.452688  0.000000 -0.000000  0.000000 )
( -0.000000  0.000000 -0.452688  0.000000 -0.000000  0.000000 )
( -0.000000  0.000000 -0.453896  0.000000  0.000000  0.000000 )
(  0.000000  0.000000 -0.453896  0.000000  0.000000  0.000000 )
(  0.000000  0.000000  0.054058  0.000000 -0.000000  0.000000 )
(  0.000000  0.000000  0.054058  0.000000 -0.000000  0.000000 )
( -0.000000  0.000000  0.069024  0.000000  0.000000  0.000000 )
( -0.000000  0.000000  0.078175  0.000000 -0.000000  0.000000 )
(  0.000000  0.000000  0.078175  0.000000 -0.000000  0.000000 )
( -0.000000  0.000000  0.069024  0.000000  0.000000  0.000000 )
(  0.000000  0.000000  0.078175  0.000000 -0.000000  0.000000 )
( -0.000000  0.000000  0.054058  0.000000 -0.000000  0.000000 )
(  0.000000  0.000000  0.062103  0.000000 -0.000000  0.000000 )
(  0.000000  0.000000  0.054058  0.000000 -0.000000  0.000000 )
( -0.000000  0.000000  0.078175  0.000000 -0.000000  0.000000 )
( -0.000000  0.000000  0.062103  0.000000 -0.000000  0.000000 )
( -0.000000  0.000000 -0.035055  0.000000 -0.000000  0.000000 )
(  0.000000  0.000000  0.061616  0.000000 -0.012759  0.000000 )
(  0.000000  0.000000  0.061616  0.000000  0.012759  0.000000 )
(  0.000000  0.000000  0.082835  0.000000 -0.021843  0.000000 )
(  0.000000  0.000000  0.082835  0.000000  0.021843  0.000000 )
( -0.000000  0.000000  0.150590  0.000000 -0.000000  0.000000 )
( -0.000000  0.000000  0.082835  0.000000  0.021843  0.000000 )
( -0.000000  0.000000  0.082835  0.000000 -0.021843  0.000000 )
( -0.000000  0.000000  0.061616  0.000000  0.012759  0.000000 )
( -0.000000  0.000000  0.061616  0.000000 -0.012759  0.000000 )
( -0.000000  0.000000  0.043637  0.000000 -0.000000  0.000000 )
(  0.028375  0.000000  0.075247  0.000000 -0.003227  0.000000 )
( -0.028375  0.000000  0.075247  0.000000  0.003227  0.000000 )
(  0.028375  0.000000  0.075247  0.000000  0.003227  0.000000 )
( -0.028375  0.000000  0.075247  0.000000 -0.003227  0.000000 )
(  0.000000  0.000000  0.043637  0.000000 -0.000000  0.000000 )
( -0.028375  0.000000  0.075247  0.000000 -0.003227  0.000000 )
(  0.028375  0.000000  0.075247  0.000000  0.003227  0.000000 )
( -0.028375  0.000000  0.075247  0.000000  0.003227  0.000000 )
(  0.028375  0.000000  0.075247  0.000000 -0.003227  0.000000 )
     freq (  23) =       2.154035 [THz] =      71.850864 [cm-1]
( -0.198953  0.000000 -0.000000  0.000000  0.000000 -0.000000 )
(  0.198953 -0.000000 -0.000000  0.000000 -0.000000  0.000000 )
( -0.000000  0.000000  0.000000 -0.000000  0.551143 -0.000000 )
(  0.000000 -0.000000  0.000000 -0.000000 -0.551143  0.000000 )
(  0.000000 -0.000000 -0.051736  0.000000  0.000000 -0.000000 )
( -0.000000  0.000000 -0.051736  0.000000  0.000000 -0.000000 )
(  0.000000 -0.000000 -0.042815  0.000000 -0.000000  0.000000 )
(  0.000000 -0.000000  0.052200 -0.000000  0.000000 -0.000000 )
( -0.000000  0.000000  0.052200 -0.000000  0.000000 -0.000000 )
( -0.000000  0.000000  0.042815 -0.000000 -0.000000  0.000000 )
( -0.000000  0.000000 -0.052200  0.000000  0.000000 -0.000000 )
(  0.000000 -0.000000  0.051736 -0.000000  0.000000 -0.000000 )
( -0.000000  0.000000  0.000000 -0.000000  0.000000 -0.000000 )
( -0.000000  0.000000  0.051736 -0.000000 -0.000000  0.000000 )
(  0.000000 -0.000000 -0.052200  0.000000 -0.000000  0.000000 )
( -0.000000  0.000000  0.000000 -0.000000  0.000000 -0.000000 )
(  0.000000 -0.000000 -0.000000  0.000000  0.000000 -0.000000 )
( -0.192393  0.000000  0.000000 -0.000000 -0.000000  0.000000 )
( -0.192393  0.000000  0.000000 -0.000000  0.000000 -0.000000 )
( -0.185158  0.000000  0.000000 -0.000000  0.000000 -0.000000 )
( -0.185158  0.000000  0.000000 -0.000000 -0.000000  0.000000 )
( -0.000000  0.000000 -0.000000  0.000000  0.000000 -0.000000 )
(  0.185158 -0.000000  0.000000 -0.000000 -0.000000  0.000000 )
(  0.185158 -0.000000  0.000000 -0.000000  0.000000 -0.000000 )
(  0.192393 -0.000000  0.000000 -0.000000  0.000000 -0.000000 )
(  0.192393 -0.000000  0.000000 -0.000000 -0.000000  0.000000 )
( -0.000000  0.000000  0.000000 -0.000000  0.000000 -0.000000 )
( -0.008476  0.000000 -0.016858  0.000000 -0.000707  0.000000 )
( -0.008476  0.000000  0.016858 -0.000000 -0.000707  0.000000 )
(  0.008476 -0.000000  0.016858 -0.000000 -0.000707  0.000000 )
(  0.008476 -0.000000 -0.016858  0.000000 -0.000707  0.000000 )
( -0.000000  0.000000  0.000000 -0.000000  0.000000 -0.000000 )
( -0.008476  0.000000  0.016858 -0.000000  0.000707 -0.000000 )
( -0.008476  0.000000 -0.016858  0.000000  0.000707 -0.000000 )
(  0.008476 -0.000000 -0.016858  0.000000  0.000707 -0.000000 )
(  0.008476 -0.000000  0.016858 -0.000000  0.000707 -0.000000 )
     freq (  24) =       2.154384 [THz] =      71.862508 [cm-1]
(  0.000000  0.000000 -0.212057  0.000000 -0.000000  0.000000 )
( -0.000000  0.000000 -0.212057  0.000000 -0.000000  0.000000 )
(  0.000000  0.000000  0.202244  0.000000 -0.000000  0.000000 )
(  0.000000  0.000000  0.202244  0.000000  0.000000  0.000000 )
(  0.000000  0.000000  0.004452  0.000000 -0.000000  0.000000 )
(  0.000000  0.000000  0.004452  0.000000 -0.000000  0.000000 )
(  0.000000  0.000000 -0.076007  0.000000  0.000000  0.000000 )
( -0.000000  0.000000  0.005350  0.000000 -0.000000  0.000000 )
(  0.000000  0.000000  0.005350  0.000000 -0.000000  0.000000 )
( -0.000000  0.000000 -0.076007  0.000000  0.000000  0.000000 )
( -0.000000  0.000000  0.005350  0.000000 -0.000000  0.000000 )
( -0.000000  0.000000  0.004452  0.000000 -0.000000  0.000000 )
( -0.000000  0.000000  0.081158  0.000000 -0.000000  0.000000 )
( -0.000000  0.000000  0.004452  0.000000 -0.000000  0.000000 )
( -0.000000  0.000000  0.005350  0.000000 -0.000000  0.000000 )
( -0.000000  0.000000  0.081158  0.000000 -0.000000  0.000000 )
( -0.000000  0.000000 -0.447575  0.000000 -0.000000  0.000000 )
(  0.000000  0.000000  0.055189  0.000000 -0.075759  0.000000 )
(  0.000000  0.000000  0.055189  0.000000  0.075759  0.000000 )
(  0.000000  0.000000  0.057633  0.000000  0.071508  0.000000 )
(  0.000000  0.000000  0.057633  0.000000 -0.071508  0.000000 )
( -0.000000  0.000000 -0.402579  0.000000 -0.000000  0.000000 )
( -0.000000  0.000000  0.057633  0.000000 -0.071508  0.000000 )
( -0.000000  0.000000  0.057633  0.000000  0.071508  0.000000 )
( -0.000000  0.000000  0.055189  0.000000  0.075759  0.000000 )
( -0.000000  0.000000  0.055189  0.000000 -0.075759  0.000000 )
( -0.000000  0.000000  0.387923  0.000000 -0.000000  0.000000 )
(  0.006405  0.000000 -0.048562  0.000000  0.080545  0.000000 )
( -0.006405  0.000000 -0.048562  0.000000 -0.080545  0.000000 )
(  0.006405  0.000000 -0.048562  0.000000 -0.080545  0.000000 )
( -0.006405  0.000000 -0.048562  0.000000  0.080545  0.000000 )
( -0.000000  0.000000  0.387923  0.000000 -0.000000  0.000000 )
( -0.006405  0.000000 -0.048562  0.000000  0.080545  0.000000 )
(  0.006405  0.000000 -0.048562  0.000000 -0.080545  0.000000 )
( -0.006405  0.000000 -0.048562  0.000000 -0.080545  0.000000 )
(  0.006405  0.000000 -0.048562  0.000000  0.080545  0.000000 )
     freq (  25) =       2.187245 [THz] =      72.958636 [cm-1]
( -0.000000  0.000000 -0.000000  0.000000 -0.528041  0.000000 )
( -0.000000  0.000000 -0.000000  0.000000  0.528041  0.000000 )
(  0.216214  0.000000 -0.000000  0.000000  0.000000  0.000000 )
( -0.216214  0.000000 -0.000000  0.000000 -0.000000  0.000000 )
( -0.000000  0.000000  0.057739  0.000000 -0.000000  0.000000 )
( -0.000000  0.000000 -0.057739  0.000000  0.000000  0.000000 )
( -0.000000  0.000000 -0.000000  0.000000  0.000000  0.000000 )
( -0.000000  0.000000 -0.056771  0.000000 -0.000000  0.000000 )
(  0.000000  0.000000  0.056771  0.000000 -0.000000  0.000000 )
( -0.000000  0.000000  0.000000  0.000000  0.000000  0.000000 )
( -0.000000  0.000000  0.056771  0.000000 -0.000000  0.000000 )
(  0.000000  0.000000  0.057739  0.000000 -0.000000  0.000000 )
( -0.000000  0.000000  0.061164  0.000000 -0.000000  0.000000 )
( -0.000000  0.000000 -0.057739  0.000000  0.000000  0.000000 )
( -0.000000  0.000000 -0.056771  0.000000 -0.000000  0.000000 )
( -0.000000  0.000000 -0.061164  0.000000  0.000000  0.000000 )
(  0.000000  0.000000  0.000000  0.000000  0.000000  0.000000 )
( -0.000000  0.000000  0.028141  0.000000  0.000654  0.000000 )
( -0.000000  0.000000 -0.028141  0.000000  0.000654  0.000000 )
( -0.000000  0.000000 -0.032395  0.000000 -0.018887  0.000000 )
( -0.000000  0.000000  0.032395  0.000000 -0.018887  0.000000 )
( -0.000000  0.000000 -0.000000  0.000000  0.000000  0.000000 )
(  0.000000  0.000000 -0.032395  0.000000  0.018887  0.000000 )
(  0.000000  0.000000  0.032395  0.000000  0.018887  0.000000 )
(  0.000000  0.000000  0.028141  0.000000 -0.000654  0.000000 )
(  0.000000  0.000000 -0.028141  0.000000 -0.000654  0.000000 )
( -0.000000  0.000000  0.000000  0.000000 -0.000000  0.000000 )
(  0.194274  0.000000 -0.003280  0.000000  0.023244  0.000000 )
(  0.194274  0.000000  0.003280  0.000000  0.023244  0.000000 )
(  0.194274  0.000000 -0.003280  0.000000 -0.023244  0.000000 )
(  0.194274  0.000000  0.003280  0.000000 -0.023244  0.000000 )
( -0.000000  0.000000 -0.000000  0.000000  0.000000  0.000000 )
( -0.194274  0.000000 -0.003280  0.000000  0.023244  0.000000 )
( -0.194274  0.000000  0.003280  0.000000  0.023244  0.000000 )
( -0.194274  0.000000 -0.003280  0.000000 -0.023244  0.000000 )
( -0.194274  0.000000  0.003280  0.000000 -0.023244  0.000000 )
     freq (  26) =       2.526531 [THz] =      84.276012 [cm-1]
( -0.004658  0.000000  0.000000 -0.000000  0.000000 -0.000000 )
(  0.004658 -0.000000  0.000000 -0.000000 -0.000000  0.000000 )
(  0.000000 -0.000000  0.000000 -0.000000 -0.031722  0.000000 )
( -0.000000  0.000000 -0.000000  0.000000  0.031722 -0.000000 )
(  0.000000 -0.000000 -0.004347  0.000000  0.000000 -0.000000 )
( -0.000000  0.000000 -0.004347  0.000000  0.000000 -0.000000 )
(  0.000000 -0.000000 -0.014849  0.000000 -0.000000  0.000000 )
(  0.000000 -0.000000  0.004232 -0.000000  0.000000 -0.000000 )
( -0.000000  0.000000  0.004232 -0.000000  0.000000 -0.000000 )
(  0.000000 -0.000000  0.014849 -0.000000 -0.000000  0.000000 )
(  0.000000 -0.000000 -0.004232  0.000000  0.000000 -0.000000 )
( -0.000000  0.000000  0.004347 -0.000000 -0.000000  0.000000 )
( -0.000000  0.000000 -0.000000  0.000000 -0.000000  0.000000 )
( -0.000000  0.000000  0.004347 -0.000000 -0.000000  0.000000 )
( -0.000000  0.000000 -0.004232  0.000000  0.000000 -0.000000 )
( -0.000000  0.000000  0.000000 -0.000000 -0.000000  0.000000 )
(  0.000000 -0.000000  0.000000 -0.000000 -0.000000  0.000000 )
( -0.257508  0.000000 -0.000000  0.000000  0.000000 -0.000000 )
( -0.257508  0.000000  0.000000 -0.000000  0.000000 -0.000000 )
(  0.251550 -0.000000  0.000000 -0.000000 -0.000000  0.000000 )
(  0.251550 -0.000000 -0.000000  0.000000 -0.000000  0.000000 )
(  0.000000 -0.000000 -0.000000  0.000000  0.000000 -0.000000 )
( -0.251550  0.000000  0.000000 -0.000000  0.000000 -0.000000 )
( -0.251550  0.000000 -0.000000  0.000000  0.000000 -0.000000 )
(  0.257508 -0.000000 -0.000000  0.000000 -0.000000  0.000000 )
(  0.257508 -0.000000  0.000000 -0.000000 -0.000000  0.000000 )
( -0.000000  0.000000  0.000000 -0.000000 -0.000000  0.000000 )
( -0.244352  0.000000 -0.012226  0.000000  0.004252 -0.000000 )
( -0.244352  0.000000  0.012226 -0.000000  0.004252 -0.000000 )
(  0.244352 -0.000000  0.012226 -0.000000  0.004252 -0.000000 )
(  0.244352 -0.000000 -0.012226  0.000000  0.004252 -0.000000 )
( -0.000000  0.000000  0.000000 -0.000000  0.000000 -0.000000 )
( -0.244352  0.000000  0.012226 -0.000000 -0.004252  0.000000 )
( -0.244352  0.000000 -0.012226  0.000000 -0.004252  0.000000 )
(  0.244352 -0.000000 -0.012226  0.000000 -0.004252  0.000000 )
(  0.244352 -0.000000  0.012226 -0.000000 -0.004252  0.000000 )
     freq (  27) =       2.527434 [THz] =      84.306108 [cm-1]
(  0.000000 -0.000000  0.000000 -0.000000  0.042030 -0.000000 )
( -0.000000  0.000000 -0.000000  0.000000 -0.042030  0.000000 )
(  0.011493 -0.000000 -0.000000  0.000000  0.000000 -0.000000 )
( -0.011493  0.000000  0.000000 -0.000000 -0.000000  0.000000 )
( -0.000000  0.000000 -0.002913  0.000000 -0.000000  0.000000 )
( -0.000000  0.000000  0.002913 -0.000000  0.000000 -0.000000 )
(  0.000000 -0.000000  0.000000 -0.000000 -0.000000  0.000000 )
( -0.000000  0.000000  0.014138 -0.000000 -0.000000  0.000000 )
( -0.000000  0.000000 -0.014138  0.000000  0.000000 -0.000000 )
(  0.000000 -0.000000 -0.000000  0.000000  0.000000 -0.000000 )
(  0.000000 -0.000000 -0.014138  0.000000 -0.000000  0.000000 )
(  0.000000 -0.000000 -0.002913  0.000000  0.000000 -0.000000 )
(  0.000000 -0.000000 -0.006503  0.000000 -0.000000  0.000000 )
( -0.000000  0.000000  0.002913 -0.000000 -0.000000  0.000000 )
(  0.000000 -0.000000  0.014138 -0.000000  0.000000 -0.000000 )
(  0.000000 -0.000000  0.006503 -0.000000 -0.000000  0.000000 )
(  0.000000 -0.000000  0.000000 -0.000000 -0.000000  0.000000 )
(  0.000000 -0.000000 -0.002368  0.000000  0.254625 -0.000000 )
(  0.000000 -0.000000  0.002368 -0.000000  0.254625 -0.000000 )
( -0.000000  0.000000  0.015199 -0.000000 -0.248304  0.000000 )
( -0.000000  0.000000 -0.015199  0.000000 -0.248304  0.000000 )
(  0.000000 -0.000000  0.000000 -0.000000 -0.000000  0.000000 )
(  0.000000 -0.000000  0.015199 -0.000000  0.248304 -0.000000 )
(  0.000000 -0.000000 -0.015199  0.000000  0.248304 -0.000000 )
( -0.000000  0.000000 -0.002368  0.000000 -0.254625  0.000000 )
( -0.000000  0.000000  0.002368 -0.000000 -0.254625  0.000000 )
(  0.000000 -0.000000  0.000000 -0.000000  0.000000 -0.000000 )
( -0.012299  0.000000 -0.005558  0.000000  0.246710 -0.000000 )
( -0.012299  0.000000  0.005558 -0.000000  0.246710 -0.000000 )
( -0.012299  0.000000 -0.005558  0.000000 -0.246710  0.000000 )
( -0.012299  0.000000  0.005558 -0.000000 -0.246710  0.000000 )
(  0.000000 -0.000000  0.000000 -0.000000 -0.000000  0.000000 )
(  0.012299 -0.000000 -0.005558  0.000000  0.246710 -0.000000 )
(  0.012299 -0.000000  0.005558 -0.000000  0.246710 -0.000000 )
(  0.012299 -0.000000 -0.005558  0.000000 -0.246710  0.000000 )
(  0.012299 -0.000000  0.005558 -0.000000 -0.246710  0.000000 )
     freq (  28) =       2.572427 [THz] =      85.806921 [cm-1]
( -0.000000  0.000000  0.000000 -0.000000  0.000000 -0.000000 )
( -0.000000  0.000000 -0.000000  0.000000 -0.000000  0.000000 )
( -0.000000  0.000000 -0.000000  0.000000  0.000000 -0.000000 )
( -0.000000  0.000000  0.000000 -0.000000  0.000000 -0.000000 )
(  0.000000 -0.000000 -0.001462  0.000000  0.000000 -0.000000 )
(  0.000000 -0.000000  0.001462 -0.000000 -0.000000  0.000000 )
( -0.000000  0.000000  0.000000 -0.000000  0.000000 -0.000000 )
(  0.000000 -0.000000  0.003551 -0.000000  0.000000 -0.000000 )
( -0.000000  0.000000 -0.003551  0.000000  0.000000 -0.000000 )
( -0.000000  0.000000 -0.000000  0.000000 -0.000000  0.000000 )
( -0.000000  0.000000  0.003551 -0.000000  0.000000 -0.000000 )
(  0.000000 -0.000000  0.001462 -0.000000  0.000000 -0.000000 )
( -0.000000  0.000000 -0.000000  0.000000 -0.000000  0.000000 )
(  0.000000 -0.000000 -0.001462  0.000000  0.000000 -0.000000 )
(  0.000000 -0.000000 -0.003551  0.000000 -0.000000  0.000000 )
( -0.000000  0.000000  0.000000 -0.000000 -0.000000  0.000000 )
( -0.000000  0.000000 -0.000000  0.000000  0.000000 -0.000000 )
(  0.072432 -0.000000  0.000000 -0.000000  0.000000 -0.000000 )
( -0.072432  0.000000 -0.000000  0.000000  0.000000 -0.000000 )
( -0.306653  0.000000  0.000000 -0.000000 -0.000000  0.000000 )
(  0.306653 -0.000000  0.000000 -0.000000 -0.000000  0.000000 )
( -0.000000  0.000000  0.000000 -0.000000  0.000000 -0.000000 )
(  0.306653 -0.000000  0.000000 -0.000000  0.000000 -0.000000 )
( -0.306653  0.000000 -0.000000  0.000000  0.000000 -0.000000 )
( -0.072432  0.000000 -0.000000  0.000000 -0.000000  0.000000 )
(  0.072432 -0.000000 -0.000000  0.000000 -0.000000  0.000000 )
( -0.000000  0.000000  0.008613 -0.000000  0.000000 -0.000000 )
( -0.186906  0.000000  0.005414 -0.000000 -0.200922  0.000000 )
(  0.186906 -0.000000  0.005414 -0.000000  0.200922 -0.000000 )
(  0.186906 -0.000000 -0.005414  0.000000 -0.200922  0.000000 )
( -0.186906  0.000000 -0.005414  0.000000  0.200922 -0.000000 )
( -0.000000  0.000000 -0.008613  0.000000 -0.000000  0.000000 )
( -0.186906  0.000000 -0.005414  0.000000  0.200922 -0.000000 )
(  0.186906 -0.000000 -0.005414  0.000000 -0.200922  0.000000 )
(  0.186906 -0.000000  0.005414 -0.000000  0.200922 -0.000000 )
( -0.186906  0.000000  0.005414 -0.000000 -0.200922  0.000000 )
     freq (  29) =       2.645677 [THz] =      88.250273 [cm-1]
( -0.000000  0.000000 -0.000000  0.000000  0.082295 -0.000000 )
(  0.000000 -0.000000  0.000000 -0.000000  0.082295 -0.000000 )
( -0.000000  0.000000  0.000000 -0.000000 -0.040537  0.000000 )
(  0.000000 -0.000000 -0.000000  0.000000 -0.040537  0.000000 )
( -0.054489  0.000000 -0.000000  0.000000 -0.032391  0.000000 )
(  0.054489 -0.000000 -0.000000  0.000000 -0.032391  0.000000 )
(  0.000000 -0.000000  0.000000 -0.000000  0.177417 -0.000000 )
( -0.207679  0.000000  0.000000 -0.000000 -0.123283  0.000000 )
(  0.207679 -0.000000 -0.000000  0.000000 -0.123283  0.000000 )
( -0.000000  0.000000  0.000000 -0.000000  0.177417 -0.000000 )
( -0.207679  0.000000 -0.000000  0.000000 -0.123283  0.000000 )
(  0.054489 -0.000000 -0.000000  0.000000 -0.032391  0.000000 )
( -0.000000  0.000000 -0.000000  0.000000  0.112732 -0.000000 )
( -0.054489  0.000000  0.000000 -0.000000 -0.032391  0.000000 )
(  0.207679 -0.000000 -0.000000  0.000000 -0.123283  0.000000 )
(  0.000000 -0.000000  0.000000 -0.000000  0.112732 -0.000000 )
(  0.000000 -0.000000  0.000000 -0.000000  0.015713 -0.000000 )
(  0.000000 -0.000000 -0.083241  0.000000  0.050721 -0.000000 )
( -0.000000  0.000000  0.083241 -0.000000  0.050721 -0.000000 )
(  0.000000 -0.000000  0.251486 -0.000000 -0.066040  0.000000 )
(  0.000000 -0.000000 -0.251486  0.000000 -0.066040  0.000000 )
( -0.000000  0.000000  0.000000 -0.000000 -0.004315  0.000000 )
(  0.000000 -0.000000 -0.251486  0.000000 -0.066040  0.000000 )
( -0.000000  0.000000  0.251486 -0.000000 -0.066040  0.000000 )
( -0.000000  0.000000  0.083241 -0.000000  0.050721 -0.000000 )
(  0.000000 -0.000000 -0.083241  0.000000  0.050721 -0.000000 )
( -0.013678  0.000000  0.000000 -0.000000 -0.011106  0.000000 )
( -0.106134  0.000000 -0.175341  0.000000  0.001533 -0.000000 )
( -0.106134  0.000000  0.175341 -0.000000  0.001533 -0.000000 )
(  0.106134 -0.000000  0.175341 -0.000000  0.001533 -0.000000 )
(  0.106134 -0.000000 -0.175341  0.000000  0.001533 -0.000000 )
(  0.013678 -0.000000  0.000000 -0.000000 -0.011106  0.000000 )
(  0.106134 -0.000000 -0.175341  0.000000  0.001533 -0.000000 )
(  0.106134 -0.000000  0.175341 -0.000000  0.001533 -0.000000 )
( -0.106134  0.000000  0.175341 -0.000000  0.001533 -0.000000 )
( -0.106134  0.000000 -0.175341  0.000000  0.001533 -0.000000 )
     freq (  30) =       2.654407 [THz] =      88.541480 [cm-1]
(  0.000000 -0.000000 -0.000000  0.000000  0.000000 -0.000000 )
(  0.000000 -0.000000 -0.000000  0.000000  0.000000 -0.000000 )
(  0.000000 -0.000000 -0.000000  0.000000 -0.000000  0.000000 )
(  0.000000 -0.000000  0.000000 -0.000000 -0.000000  0.000000 )
( -0.000000  0.000000 -0.004090  0.000000 -0.000000  0.000000 )
(  0.000000 -0.000000  0.004090 -0.000000 -0.000000  0.000000 )
(  0.000000 -0.000000  0.000000 -0.000000  0.000000 -0.000000 )
( -0.000000  0.000000 -0.007401  0.000000 -0.000000  0.000000 )
(  0.000000 -0.000000  0.007401 -0.000000 -0.000000  0.000000 )
(  0.000000 -0.000000  0.000000 -0.000000  0.000000 -0.000000 )
( -0.000000  0.000000 -0.007401  0.000000 -0.000000  0.000000 )
(  0.000000 -0.000000  0.004090 -0.000000 -0.000000  0.000000 )
(  0.000000 -0.000000 -0.000000  0.000000  0.000000 -0.000000 )
( -0.000000  0.000000 -0.004090  0.000000 -0.000000  0.000000 )
(  0.000000 -0.000000  0.007401 -0.000000 -0.000000  0.000000 )
(  0.000000 -0.000000 -0.000000  0.000000  0.000000 -0.000000 )
(  0.000000 -0.000000  0.000000 -0.000000  0.000000 -0.000000 )
( -0.310520  0.000000 -0.000000  0.000000 -0.000000  0.000000 )
(  0.310520 -0.000000  0.000000 -0.000000  0.000000 -0.000000 )
(  0.043668 -0.000000  0.000000 -0.000000 -0.000000  0.000000 )
( -0.043668  0.000000 -0.000000  0.000000  0.000000 -0.000000 )
(  0.000000 -0.000000 -0.000000  0.000000 -0.000000  0.000000 )
( -0.043668  0.000000 -0.000000  0.000000  0.000000 -0.000000 )
(  0.043668 -0.000000  0.000000 -0.000000 -0.000000  0.000000 )
(  0.310520 -0.000000  0.000000 -0.000000  0.000000 -0.000000 )
( -0.310520  0.000000 -0.000000  0.000000 -0.000000  0.000000 )
( -0.000000  0.000000 -0.029444  0.000000 -0.000000  0.000000 )
(  0.150480 -0.000000 -0.009305  0.000000 -0.229895  0.000000 )
( -0.150480  0.000000 -0.009305  0.000000  0.229895 -0.000000 )
( -0.150480  0.000000  0.009305 -0.000000 -0.229895  0.000000 )
(  0.150480 -0.000000  0.009305 -0.000000  0.229895 -0.000000 )
(  0.000000 -0.000000  0.029444 -0.000000 -0.000000  0.000000 )
(  0.150480 -0.000000  0.009305 -0.000000  0.229895 -0.000000 )
( -0.150480  0.000000  0.009305 -0.000000 -0.229895  0.000000 )
( -0.150480  0.000000 -0.009305  0.000000  0.229895 -0.000000 )
(  0.150480 -0.000000 -0.009305  0.000000 -0.229895  0.000000 )
     freq (  31) =       2.661528 [THz] =      88.779005 [cm-1]
( -0.000000  0.000000 -0.000058  0.000000 -0.000000  0.000000 )
( -0.000000  0.000000 -0.000058  0.000000 -0.000000  0.000000 )
( -0.000000  0.000000 -0.002236  0.000000  0.000000  0.000000 )
( -0.000000  0.000000 -0.002236  0.000000  0.000000  0.000000 )
(  0.000000  0.000000 -0.005780  0.000000  0.000000  0.000000 )
(  0.000000  0.000000 -0.005780  0.000000 -0.000000  0.000000 )
( -0.000000  0.000000  0.017812  0.000000 -0.000000  0.000000 )
(  0.000000  0.000000 -0.002815  0.000000  0.000000  0.000000 )
( -0.000000  0.000000 -0.002815  0.000000 -0.000000  0.000000 )
( -0.000000  0.000000  0.017812  0.000000 -0.000000  0.000000 )
(  0.000000  0.000000 -0.002815  0.000000  0.000000  0.000000 )
(  0.000000  0.000000 -0.005780  0.000000 -0.000000  0.000000 )
( -0.000000  0.000000 -0.009003  0.000000 -0.000000  0.000000 )
(  0.000000  0.000000 -0.005780  0.000000  0.000000  0.000000 )
( -0.000000  0.000000 -0.002815  0.000000 -0.000000  0.000000 )
( -0.000000  0.000000 -0.009003  0.000000 -0.000000  0.000000 )
( -0.000000  0.000000  0.014679  0.000000 -0.000000  0.000000 )
(  0.000000  0.000000 -0.014034  0.000000 -0.313830  0.000000 )
(  0.000000  0.000000 -0.014034  0.000000  0.313830  0.000000 )
(  0.000000  0.000000 -0.020365  0.000000 -0.297283  0.000000 )
(  0.000000  0.000000 -0.020365  0.000000  0.297283  0.000000 )
( -0.000000  0.000000 -0.025535  0.000000  0.000000  0.000000 )
(  0.000000  0.000000 -0.020365  0.000000  0.297283  0.000000 )
(  0.000000  0.000000 -0.020365  0.000000 -0.297283  0.000000 )
(  0.000000  0.000000 -0.014034  0.000000  0.313830  0.000000 )
(  0.000000  0.000000 -0.014034  0.000000 -0.313830  0.000000 )
( -0.000000  0.000000  0.030531  0.000000  0.000000  0.000000 )
( -0.174256  0.000000  0.012878  0.000000 -0.016340  0.000000 )
(  0.174256  0.000000  0.012878  0.000000  0.016340  0.000000 )
( -0.174256  0.000000  0.012878  0.000000  0.016340  0.000000 )
(  0.174256  0.000000  0.012878  0.000000 -0.016340  0.000000 )
( -0.000000  0.000000  0.030531  0.000000 -0.000000  0.000000 )
(  0.174256  0.000000  0.012878  0.000000 -0.016340  0.000000 )
( -0.174256  0.000000  0.012878  0.000000  0.016340  0.000000 )
(  0.174256  0.000000  0.012878  0.000000  0.016340  0.000000 )
( -0.174256  0.000000  0.012878  0.000000 -0.016340  0.000000 )
     freq (  32) =       2.676255 [THz] =      89.270268 [cm-1]
( -0.318739  0.000000 -0.000000  0.000000  0.000000 -0.000000 )
( -0.318739  0.000000  0.000000 -0.000000 -0.000000  0.000000 )
( -0.342219  0.000000 -0.000000  0.000000  0.000000 -0.000000 )
( -0.342219  0.000000  0.000000 -0.000000 -0.000000  0.000000 )
(  0.072424 -0.000000  0.000000 -0.000000  0.093684 -0.000000 )
(  0.072424 -0.000000  0.000000 -0.000000 -0.093684  0.000000 )
( -0.132075  0.000000 -0.000000  0.000000  0.000000 -0.000000 )
(  0.014075 -0.000000  0.000000 -0.000000  0.087045 -0.000000 )
(  0.014075 -0.000000  0.000000 -0.000000 -0.087045  0.000000 )
( -0.132075  0.000000 -0.000000  0.000000 -0.000000  0.000000 )
(  0.014075 -0.000000  0.000000 -0.000000  0.087045 -0.000000 )
(  0.072424 -0.000000  0.000000 -0.000000 -0.093684  0.000000 )
( -0.093521  0.000000  0.000000 -0.000000  0.000000 -0.000000 )
(  0.072424 -0.000000  0.000000 -0.000000  0.093684 -0.000000 )
(  0.014075 -0.000000  0.000000 -0.000000 -0.087045  0.000000 )
( -0.093521  0.000000  0.000000 -0.000000 -0.000000  0.000000 )
( -0.170119  0.000000 -0.000000  0.000000  0.000000 -0.000000 )
(  0.175963 -0.000000  0.000000 -0.000000  0.000000 -0.000000 )
(  0.175963 -0.000000  0.000000 -0.000000 -0.000000  0.000000 )
(  0.093922 -0.000000  0.000000 -0.000000  0.000000 -0.000000 )
(  0.093922 -0.000000  0.000000 -0.000000 -0.000000  0.000000 )
( -0.216959  0.000000  0.000000 -0.000000  0.000000 -0.000000 )
(  0.093922 -0.000000  0.000000 -0.000000 -0.000000  0.000000 )
(  0.093922 -0.000000  0.000000 -0.000000  0.000000 -0.000000 )
(  0.175963 -0.000000  0.000000 -0.000000 -0.000000  0.000000 )
(  0.175963 -0.000000  0.000000 -0.000000  0.000000 -0.000000 )
( -0.144726  0.000000 -0.000000  0.000000  0.025323 -0.000000 )
(  0.130766 -0.000000 -0.026883  0.000000 -0.016257  0.000000 )
(  0.130766 -0.000000  0.026883 -0.000000 -0.016257  0.000000 )
(  0.130766 -0.000000 -0.026883  0.000000  0.016257 -0.000000 )
(  0.130766 -0.000000  0.026883 -0.000000  0.016257 -0.000000 )
( -0.144726  0.000000 -0.000000  0.000000 -0.025323  0.000000 )
(  0.130766 -0.000000  0.026883 -0.000000  0.016257 -0.000000 )
(  0.130766 -0.000000 -0.026883  0.000000  0.016257 -0.000000 )
(  0.130766 -0.000000  0.026883 -0.000000 -0.016257  0.000000 )
(  0.130766 -0.000000 -0.026883  0.000000 -0.016257  0.000000 )
     freq (  33) =       2.706609 [THz] =      90.282772 [cm-1]
( -0.000000  0.000000  0.000000  0.000000 -0.000000  0.000000 )
( -0.000000  0.000000  0.000000  0.000000 -0.000000  0.000000 )
( -0.000000  0.000000  0.262200  0.000000  0.000000  0.000000 )
( -0.000000  0.000000 -0.262200  0.000000 -0.000000  0.000000 )
(  0.098160  0.000000  0.000000  0.000000  0.091896  0.000000 )
( -0.098160  0.000000  0.000000  0.000000  0.091896  0.000000 )
( -0.000000  0.000000  0.000000  0.000000 -0.272986  0.000000 )
( -0.103457  0.000000  0.000000  0.000000 -0.091517  0.000000 )
(  0.103457  0.000000  0.000000  0.000000 -0.091517  0.000000 )
( -0.000000  0.000000 -0.000000  0.000000  0.272986  0.000000 )
(  0.103457  0.000000  0.000000  0.000000  0.091517  0.000000 )
(  0.098160  0.000000  0.000000  0.000000 -0.091896  0.000000 )
( -0.057806  0.000000  0.000000  0.000000 -0.000000  0.000000 )
( -0.098160  0.000000  0.000000  0.000000 -0.091896  0.000000 )
( -0.103457  0.000000  0.000000  0.000000  0.091517  0.000000 )
(  0.057806  0.000000  0.000000  0.000000 -0.000000  0.000000 )
( -0.000000  0.000000 -0.000000  0.000000 -0.000000  0.000000 )
(  0.068437  0.000000  0.000000  0.000000  0.000000  0.000000 )
( -0.068437  0.000000  0.000000  0.000000 -0.000000  0.000000 )
( -0.072542  0.000000  0.000000  0.000000  0.000000  0.000000 )
(  0.072542  0.000000  0.000000  0.000000 -0.000000  0.000000 )
( -0.000000  0.000000 -0.000000  0.000000 -0.000000  0.000000 )
( -0.072542  0.000000  0.000000  0.000000 -0.000000  0.000000 )
(  0.072542  0.000000 -0.000000  0.000000  0.000000  0.000000 )
(  0.068437  0.000000  0.000000  0.000000 -0.000000  0.000000 )
( -0.068437  0.000000  0.000000  0.000000  0.000000  0.000000 )
( -0.000000  0.000000 -0.000000  0.000000 -0.000000  0.000000 )
( -0.002712  0.000000  0.250688  0.000000 -0.044079  0.000000 )
(  0.002712  0.000000  0.250688  0.000000  0.044079  0.000000 )
( -0.002712  0.000000  0.250688  0.000000  0.044079  0.000000 )
(  0.002712  0.000000  0.250688  0.000000 -0.044079  0.000000 )
( -0.000000  0.000000 -0.000000  0.000000 -0.000000  0.000000 )
( -0.002712  0.000000 -0.250688  0.000000  0.044079  0.000000 )
(  0.002712  0.000000 -0.250688  0.000000 -0.044079  0.000000 )
( -0.002712  0.000000 -0.250688  0.000000 -0.044079  0.000000 )
(  0.002712  0.000000 -0.250688  0.000000  0.044079  0.000000 )
     freq (  34) =       2.765724 [THz] =      92.254631 [cm-1]
( -0.000000  0.000000  0.176285 -0.000000 -0.000000  0.000000 )
( -0.000000  0.000000 -0.176285  0.000000 -0.000000  0.000000 )
( -0.000000  0.000000  0.000000 -0.000000 -0.000000  0.000000 )
( -0.000000  0.000000 -0.000000  0.000000 -0.000000  0.000000 )
( -0.076161  0.000000 -0.000000  0.000000  0.010547 -0.000000 )
( -0.076161  0.000000  0.000000 -0.000000 -0.010547  0.000000 )
( -0.035959  0.000000 -0.000000  0.000000  0.000000 -0.000000 )
( -0.216827  0.000000 -0.000000  0.000000 -0.109647  0.000000 )
( -0.216827  0.000000 -0.000000  0.000000  0.109647 -0.000000 )
(  0.035959 -0.000000 -0.000000  0.000000  0.000000 -0.000000 )
(  0.216827 -0.000000 -0.000000  0.000000  0.109647 -0.000000 )
(  0.076161 -0.000000 -0.000000  0.000000  0.010547 -0.000000 )
( -0.000000  0.000000 -0.000000  0.000000 -0.168697  0.000000 )
(  0.076161 -0.000000 -0.000000  0.000000 -0.010547  0.000000 )
(  0.216827 -0.000000 -0.000000  0.000000 -0.109647  0.000000 )
( -0.000000  0.000000 -0.000000  0.000000  0.168697 -0.000000 )
( -0.000000  0.000000  0.000000 -0.000000 -0.000000  0.000000 )
(  0.000000 -0.000000  0.033388 -0.000000 -0.109434  0.000000 )
(  0.000000 -0.000000  0.033388 -0.000000  0.109434 -0.000000 )
(  0.000000 -0.000000  0.292480 -0.000000 -0.051368  0.000000 )
(  0.000000 -0.000000  0.292480 -0.000000  0.051368 -0.000000 )
( -0.000000  0.000000  0.000000 -0.000000 -0.000000  0.000000 )
(  0.000000 -0.000000 -0.292480  0.000000 -0.051368  0.000000 )
(  0.000000 -0.000000 -0.292480  0.000000  0.051368 -0.000000 )
(  0.000000 -0.000000 -0.033388  0.000000 -0.109434  0.000000 )
(  0.000000 -0.000000 -0.033388  0.000000  0.109434 -0.000000 )
( -0.000000  0.000000  0.000000 -0.000000 -0.000000  0.000000 )
(  0.051314 -0.000000  0.129789 -0.000000  0.084875 -0.000000 )
( -0.051314  0.000000  0.129789 -0.000000 -0.084875  0.000000 )
( -0.051314  0.000000 -0.129789  0.000000  0.084875 -0.000000 )
(  0.051314 -0.000000 -0.129789  0.000000 -0.084875  0.000000 )
( -0.000000  0.000000  0.000000 -0.000000 -0.000000  0.000000 )
( -0.051314  0.000000  0.129789 -0.000000  0.084875 -0.000000 )
(  0.051314 -0.000000  0.129789 -0.000000 -0.084875  0.000000 )
(  0.051314 -0.000000 -0.129789  0.000000  0.084875 -0.000000 )
( -0.051314  0.000000 -0.129789  0.000000 -0.084875  0.000000 )
     freq (  35) =       2.808949 [THz] =      93.696440 [cm-1]
(  0.000000 -0.000000  0.007577 -0.000000  0.000000 -0.000000 )
(  0.000000 -0.000000  0.007577 -0.000000 -0.000000  0.000000 )
(  0.000000 -0.000000  0.048179 -0.000000  0.000000 -0.000000 )
(  0.000000 -0.000000  0.048179 -0.000000  0.000000 -0.000000 )
( -0.000000  0.000000  0.086463 -0.000000 -0.000000  0.000000 )
(  0.000000 -0.000000  0.086463 -0.000000  0.000000 -0.000000 )
(  0.000000 -0.000000  0.033907 -0.000000  0.000000 -0.000000 )
( -0.000000  0.000000  0.020937 -0.000000 -0.000000  0.000000 )
( -0.000000  0.000000  0.020937 -0.000000  0.000000 -0.000000 )
(  0.000000 -0.000000  0.033907 -0.000000 -0.000000  0.000000 )
(  0.000000 -0.000000  0.020937 -0.000000 -0.000000  0.000000 )
( -0.000000  0.000000  0.086463 -0.000000  0.000000 -0.000000 )
(  0.000000 -0.000000  0.071919 -0.000000 -0.000000  0.000000 )
(  0.000000 -0.000000  0.086463 -0.000000  0.000000 -0.000000 )
(  0.000000 -0.000000  0.020937 -0.000000 -0.000000  0.000000 )
(  0.000000 -0.000000  0.071919 -0.000000  0.000000 -0.000000 )
(  0.000000 -0.000000 -0.520748  0.000000  0.000000 -0.000000 )
( -0.000000  0.000000  0.124038 -0.000000  0.004815 -0.000000 )
( -0.000000  0.000000  0.124038 -0.000000 -0.004815  0.000000 )
( -0.000000  0.000000  0.055467 -0.000000  0.015219 -0.000000 )
( -0.000000  0.000000  0.055467 -0.000000 -0.015219  0.000000 )
(  0.000000 -0.000000 -0.263139  0.000000 -0.000000  0.000000 )
( -0.000000  0.000000  0.055467 -0.000000 -0.015219  0.000000 )
( -0.000000  0.000000  0.055467 -0.000000  0.015219 -0.000000 )
( -0.000000  0.000000  0.124038 -0.000000 -0.004815  0.000000 )
(  0.000000 -0.000000  0.124038 -0.000000  0.004815 -0.000000 )
(  0.000000 -0.000000 -0.492617  0.000000 -0.000000  0.000000 )
( -0.045236  0.000000  0.064978 -0.000000  0.004508 -0.000000 )
(  0.045236 -0.000000  0.064978 -0.000000 -0.004508  0.000000 )
( -0.045236  0.000000  0.064978 -0.000000 -0.004508  0.000000 )
(  0.045236 -0.000000  0.064978 -0.000000  0.004508 -0.000000 )
(  0.000000 -0.000000 -0.492617  0.000000  0.000000 -0.000000 )
(  0.045236 -0.000000  0.064978 -0.000000  0.004508 -0.000000 )
( -0.045236  0.000000  0.064978 -0.000000 -0.004508  0.000000 )
(  0.045236 -0.000000  0.064978 -0.000000 -0.004508  0.000000 )
( -0.045236  0.000000  0.064978 -0.000000  0.004508 -0.000000 )
     freq (  36) =       2.871297 [THz] =      95.776153 [cm-1]
(  0.000000  0.000000 -0.000000  0.000000 -0.416154  0.000000 )
(  0.000000  0.000000  0.000000  0.000000 -0.416154  0.000000 )
(  0.000000  0.000000 -0.000000  0.000000 -0.368376  0.000000 )
(  0.000000  0.000000  0.000000  0.000000 -0.368376  0.000000 )
(  0.074068  0.000000  0.000000  0.000000 -0.004755  0.000000 )
( -0.074068  0.000000 -0.000000  0.000000 -0.004755  0.000000 )
(  0.000000  0.000000  0.000000  0.000000  0.082079  0.000000 )
(  0.066051  0.000000  0.000000  0.000000 -0.051711  0.000000 )
( -0.066051  0.000000  0.000000  0.000000 -0.051711  0.000000 )
( -0.000000  0.000000  0.000000  0.000000  0.082079  0.000000 )
(  0.066051  0.000000 -0.000000  0.000000 -0.051711  0.000000 )
( -0.074068  0.000000 -0.000000  0.000000 -0.004755  0.000000 )
(  0.000000  0.000000 -0.000000  0.000000  0.105259  0.000000 )
(  0.074068  0.000000 -0.000000  0.000000 -0.004755  0.000000 )
( -0.066051  0.000000  0.000000  0.000000 -0.051711  0.000000 )
(  0.000000  0.000000 -0.000000  0.000000  0.105259  0.000000 )
( -0.000000  0.000000 -0.000000  0.000000 -0.058137  0.000000 )
(  0.000000  0.000000  0.014796  0.000000  0.151042  0.000000 )
(  0.000000  0.000000 -0.014796  0.000000  0.151042  0.000000 )
( -0.000000  0.000000  0.017793  0.000000  0.107577  0.000000 )
( -0.000000  0.000000 -0.017793  0.000000  0.107577  0.000000 )
(  0.000000  0.000000 -0.000000  0.000000 -0.152700  0.000000 )
( -0.000000  0.000000 -0.017793  0.000000  0.107577  0.000000 )
( -0.000000  0.000000  0.017793  0.000000  0.107577  0.000000 )
(  0.000000  0.000000 -0.014796  0.000000  0.151042  0.000000 )
(  0.000000  0.000000  0.014796  0.000000  0.151042  0.000000 )
(  0.024115  0.000000  0.000000  0.000000 -0.100634  0.000000 )
( -0.018122  0.000000  0.001888  0.000000  0.115085  0.000000 )
( -0.018122  0.000000 -0.001888  0.000000  0.115085  0.000000 )
(  0.018122  0.000000 -0.001888  0.000000  0.115085  0.000000 )
(  0.018122  0.000000  0.001888  0.000000  0.115085  0.000000 )
( -0.024115  0.000000 -0.000000  0.000000 -0.100634  0.000000 )
(  0.018122  0.000000  0.001888  0.000000  0.115085  0.000000 )
(  0.018122  0.000000 -0.001888  0.000000  0.115085  0.000000 )
( -0.018122  0.000000 -0.001888  0.000000  0.115085  0.000000 )
( -0.018122  0.000000  0.001888  0.000000  0.115085  0.000000 )
     freq (  37) =       2.951401 [THz] =      98.448143 [cm-1]
(  0.038581  0.000000 -0.000000  0.000000  0.000000  0.000000 )
(  0.038581  0.000000 -0.000000  0.000000  0.000000  0.000000 )
(  0.036054  0.000000  0.000000  0.000000  0.000000  0.000000 )
(  0.036054  0.000000  0.000000  0.000000  0.000000  0.000000 )
(  0.099547  0.000000  0.000000  0.000000  0.033146  0.000000 )
(  0.099547  0.000000  0.000000  0.000000 -0.033146  0.000000 )
(  0.010497  0.000000 -0.000000  0.000000  0.000000  0.000000 )
( -0.107785  0.000000 -0.000000  0.000000 -0.070455  0.000000 )
( -0.107785  0.000000 -0.000000  0.000000  0.070455  0.000000 )
(  0.010497  0.000000 -0.000000  0.000000  0.000000  0.000000 )
( -0.107785  0.000000 -0.000000  0.000000 -0.070455  0.000000 )
(  0.099547  0.000000  0.000000  0.000000 -0.033146  0.000000 )
(  0.046560  0.000000  0.000000  0.000000 -0.000000  0.000000 )
(  0.099547  0.000000  0.000000  0.000000  0.033146  0.000000 )
( -0.107785  0.000000 -0.000000  0.000000  0.070455  0.000000 )
(  0.046560  0.000000  0.000000  0.000000 -0.000000  0.000000 )
(  0.002415  0.000000  0.000000  0.000000  0.000000  0.000000 )
(  0.233688  0.000000  0.000000  0.000000 -0.000000  0.000000 )
(  0.233688  0.000000  0.000000  0.000000 -0.000000  0.000000 )
( -0.285476  0.000000 -0.000000  0.000000  0.000000  0.000000 )
( -0.285476  0.000000  0.000000  0.000000 -0.000000  0.000000 )
(  0.039671  0.000000  0.000000  0.000000  0.000000  0.000000 )
( -0.285476  0.000000 -0.000000  0.000000 -0.000000  0.000000 )
( -0.285476  0.000000 -0.000000  0.000000  0.000000  0.000000 )
(  0.233688  0.000000  0.000000  0.000000 -0.000000  0.000000 )
(  0.233688  0.000000  0.000000  0.000000 -0.000000  0.000000 )
(  0.075528  0.000000 -0.000000  0.000000  0.034052  0.000000 )
( -0.024306  0.000000 -0.129835  0.000000 -0.150080  0.000000 )
( -0.024306  0.000000  0.129835  0.000000 -0.150080  0.000000 )
( -0.024306  0.000000 -0.129835  0.000000  0.150080  0.000000 )
( -0.024306  0.000000  0.129835  0.000000  0.150080  0.000000 )
(  0.075528  0.000000  0.000000  0.000000 -0.034052  0.000000 )
( -0.024306  0.000000  0.129835  0.000000  0.150080  0.000000 )
( -0.024306  0.000000 -0.129835  0.000000  0.150080  0.000000 )
( -0.024306  0.000000  0.129835  0.000000 -0.150080  0.000000 )
( -0.024306  0.000000 -0.129835  0.000000 -0.150080  0.000000 )
     freq (  38) =       2.978200 [THz] =      99.342055 [cm-1]
(  0.000000 -0.000000  0.114590 -0.000000  0.000000 -0.000000 )
(  0.000000 -0.000000  0.114590 -0.000000  0.000000 -0.000000 )
(  0.000000 -0.000000 -0.099871  0.000000  0.000000 -0.000000 )
(  0.000000 -0.000000 -0.099871  0.000000  0.000000 -0.000000 )
(  0.000000 -0.000000 -0.082312  0.000000  0.000000 -0.000000 )
(  0.000000 -0.000000 -0.082312  0.000000 -0.000000  0.000000 )
(  0.000000 -0.000000  0.120699 -0.000000  0.000000 -0.000000 )
( -0.000000  0.000000  0.109076 -0.000000 -0.000000  0.000000 )
( -0.000000  0.000000  0.109076 -0.000000  0.000000 -0.000000 )
(  0.000000 -0.000000  0.120699 -0.000000 -0.000000  0.000000 )
( -0.000000  0.000000  0.109076 -0.000000 -0.000000  0.000000 )
(  0.000000 -0.000000 -0.082312  0.000000 -0.000000  0.000000 )
(  0.000000 -0.000000 -0.093090  0.000000 -0.000000  0.000000 )
(  0.000000 -0.000000 -0.082312  0.000000  0.000000 -0.000000 )
( -0.000000  0.000000  0.109076 -0.000000  0.000000 -0.000000 )
(  0.000000 -0.000000 -0.093090  0.000000  0.000000 -0.000000 )
(  0.000000 -0.000000  0.048328 -0.000000  0.000000 -0.000000 )
(  0.000000 -0.000000 -0.156593  0.000000 -0.004455  0.000000 )
(  0.000000 -0.000000 -0.156593  0.000000  0.004455 -0.000000 )
( -0.000000  0.000000  0.046199 -0.000000 -0.124919  0.000000 )
( -0.000000  0.000000  0.046199 -0.000000  0.124919 -0.000000 )
(  0.000000 -0.000000 -0.617231  0.000000 -0.000000  0.000000 )
( -0.000000  0.000000  0.046199 -0.000000  0.124919 -0.000000 )
( -0.000000  0.000000  0.046199 -0.000000 -0.124919  0.000000 )
(  0.000000 -0.000000 -0.156593  0.000000  0.004455 -0.000000 )
(  0.000000 -0.000000 -0.156593  0.000000 -0.004455  0.000000 )
(  0.000000 -0.000000  0.028608 -0.000000  0.000000 -0.000000 )
(  0.145247 -0.000000  0.102193 -0.000000 -0.057274  0.000000 )
( -0.145247  0.000000  0.102193 -0.000000  0.057274 -0.000000 )
(  0.145247 -0.000000  0.102193 -0.000000  0.057274 -0.000000 )
( -0.145247  0.000000  0.102193 -0.000000 -0.057274  0.000000 )
(  0.000000 -0.000000  0.028608 -0.000000 -0.000000  0.000000 )
( -0.145247  0.000000  0.102193 -0.000000 -0.057274  0.000000 )
(  0.145247 -0.000000  0.102193 -0.000000  0.057274 -0.000000 )
( -0.145247  0.000000  0.102193 -0.000000  0.057274 -0.000000 )
(  0.145247 -0.000000  0.102193 -0.000000 -0.057274  0.000000 )
     freq (  39) =       3.090134 [THz] =     103.075777 [cm-1]
(  0.000000 -0.000000 -0.000000  0.000000 -0.092718  0.000000 )
(  0.000000 -0.000000 -0.000000  0.000000 -0.092718  0.000000 )
(  0.000000 -0.000000  0.000000 -0.000000  0.155486 -0.000000 )
(  0.000000 -0.000000  0.000000 -0.000000  0.155486 -0.000000 )
(  0.103429 -0.000000 -0.000000  0.000000  0.089930 -0.000000 )
( -0.103429  0.000000  0.000000 -0.000000  0.089930 -0.000000 )
(  0.000000 -0.000000 -0.000000  0.000000 -0.122132  0.000000 )
( -0.023152  0.000000  0.000000 -0.000000 -0.010520  0.000000 )
(  0.023152 -0.000000 -0.000000  0.000000 -0.010520  0.000000 )
( -0.000000  0.000000 -0.000000  0.000000 -0.122132  0.000000 )
( -0.023152  0.000000  0.000000 -0.000000 -0.010520  0.000000 )
( -0.103429  0.000000  0.000000 -0.000000  0.089930 -0.000000 )
(  0.000000 -0.000000  0.000000 -0.000000 -0.011343  0.000000 )
(  0.103429 -0.000000 -0.000000  0.000000  0.089930 -0.000000 )
(  0.023152 -0.000000 -0.000000  0.000000 -0.010520  0.000000 )
(  0.000000 -0.000000  0.000000 -0.000000 -0.011343  0.000000 )
( -0.000000  0.000000  0.000000 -0.000000  0.054473 -0.000000 )
( -0.000000  0.000000  0.163111 -0.000000  0.192417 -0.000000 )
(  0.000000 -0.000000 -0.163111  0.000000  0.192417 -0.000000 )
( -0.000000  0.000000  0.018095 -0.000000 -0.067662  0.000000 )
(  0.000000 -0.000000 -0.018095  0.000000 -0.067662  0.000000 )
(  0.000000 -0.000000 -0.000000  0.000000  0.028618 -0.000000 )
(  0.000000 -0.000000 -0.018095  0.000000 -0.067662  0.000000 )
( -0.000000  0.000000  0.018095 -0.000000 -0.067662  0.000000 )
(  0.000000 -0.000000 -0.163111  0.000000  0.192417 -0.000000 )
( -0.000000  0.000000  0.163111 -0.000000  0.192417 -0.000000 )
(  0.052838 -0.000000 -0.000000  0.000000  0.014615 -0.000000 )
( -0.224537  0.000000  0.089605 -0.000000 -0.096910  0.000000 )
( -0.224537  0.000000 -0.089605  0.000000 -0.096910  0.000000 )
(  0.224537 -0.000000 -0.089605  0.000000 -0.096910  0.000000 )
(  0.224537 -0.000000  0.089605 -0.000000 -0.096910  0.000000 )
( -0.052838  0.000000  0.000000 -0.000000  0.014615 -0.000000 )
(  0.224537 -0.000000  0.089605 -0.000000 -0.096910  0.000000 )
(  0.224537 -0.000000 -0.089605  0.000000 -0.096910  0.000000 )
( -0.224537  0.000000 -0.089605  0.000000 -0.096910  0.000000 )
( -0.224537  0.000000  0.089605 -0.000000 -0.096910  0.000000 )
     freq (  40) =       3.090955 [THz] =     103.103148 [cm-1]
(  0.000000 -0.000000 -0.000000  0.000000 -0.000000  0.000000 )
(  0.000000 -0.000000 -0.000000  0.000000 -0.000000  0.000000 )
(  0.000000 -0.000000  0.000000 -0.000000  0.000000 -0.000000 )
(  0.000000 -0.000000  0.000000 -0.000000  0.000000 -0.000000 )
(  0.000000 -0.000000  0.115476 -0.000000  0.000000 -0.000000 )
( -0.000000  0.000000 -0.115476  0.000000  0.000000 -0.000000 )
(  0.000000 -0.000000 -0.000000  0.000000 -0.000000  0.000000 )
( -0.000000  0.000000 -0.115873  0.000000 -0.000000  0.000000 )
(  0.000000 -0.000000  0.115873 -0.000000 -0.000000  0.000000 )
(  0.000000 -0.000000 -0.000000  0.000000 -0.000000  0.000000 )
( -0.000000  0.000000 -0.115873  0.000000 -0.000000  0.000000 )
( -0.000000  0.000000 -0.115476  0.000000  0.000000 -0.000000 )
(  0.000000 -0.000000  0.000000 -0.000000 -0.000000  0.000000 )
(  0.000000 -0.000000  0.115476 -0.000000  0.000000 -0.000000 )
(  0.000000 -0.000000  0.115873 -0.000000 -0.000000  0.000000 )
(  0.000000 -0.000000  0.000000 -0.000000 -0.000000  0.000000 )
(  0.000000 -0.000000  0.000000 -0.000000  0.000000 -0.000000 )
(  0.174555 -0.000000  0.000000 -0.000000  0.000000 -0.000000 )
( -0.174555  0.000000 -0.000000  0.000000  0.000000 -0.000000 )
(  0.195875 -0.000000  0.000000 -0.000000 -0.000000  0.000000 )
( -0.195875  0.000000 -0.000000  0.000000 -0.000000  0.000000 )
(  0.000000 -0.000000 -0.000000  0.000000  0.000000 -0.000000 )
( -0.195875  0.000000 -0.000000  0.000000 -0.000000  0.000000 )
(  0.195875 -0.000000  0.000000 -0.000000 -0.000000  0.000000 )
( -0.174555  0.000000 -0.000000  0.000000  0.000000 -0.000000 )
(  0.174555 -0.000000  0.000000 -0.000000  0.000000 -0.000000 )
(  0.000000 -0.000000  0.428747 -0.000000  0.000000 -0.000000 )
( -0.007520  0.000000 -0.136910  0.000000 -0.111554  0.000000 )
(  0.007520 -0.000000 -0.136910  0.000000  0.111554 -0.000000 )
(  0.007520 -0.000000  0.136910 -0.000000 -0.111554  0.000000 )
( -0.007520  0.000000  0.136910 -0.000000  0.111554 -0.000000 )
( -0.000000  0.000000 -0.428747  0.000000  0.000000 -0.000000 )
( -0.007520  0.000000  0.136910 -0.000000  0.111554 -0.000000 )
(  0.007520 -0.000000  0.136910 -0.000000 -0.111554  0.000000 )
(  0.007520 -0.000000 -0.136910  0.000000  0.111554 -0.000000 )
( -0.007520  0.000000 -0.136910  0.000000 -0.111554  0.000000 )
     freq (  41) =       3.116126 [THz] =     103.942779 [cm-1]
(  0.000000  0.000000  0.123463  0.000000 -0.000000  0.000000 )
(  0.000000  0.000000  0.123463  0.000000 -0.000000  0.000000 )
(  0.000000  0.000000 -0.127048  0.000000  0.000000  0.000000 )
(  0.000000  0.000000 -0.127048  0.000000  0.000000  0.000000 )
(  0.000000  0.000000  0.067312  0.000000  0.000000  0.000000 )
( -0.000000  0.000000  0.067312  0.000000  0.000000  0.000000 )
( -0.000000  0.000000  0.129572  0.000000 -0.000000  0.000000 )
( -0.000000  0.000000 -0.072498  0.000000 -0.000000  0.000000 )
(  0.000000  0.000000 -0.072498  0.000000  0.000000  0.000000 )
( -0.000000  0.000000  0.129572  0.000000 -0.000000  0.000000 )
( -0.000000  0.000000 -0.072498  0.000000 -0.000000  0.000000 )
( -0.000000  0.000000  0.067312  0.000000  0.000000  0.000000 )
(  0.000000  0.000000 -0.137939  0.000000 -0.000000  0.000000 )
(  0.000000  0.000000  0.067312  0.000000  0.000000  0.000000 )
(  0.000000  0.000000 -0.072498  0.000000  0.000000  0.000000 )
(  0.000000  0.000000 -0.137939  0.000000 -0.000000  0.000000 )
( -0.000000  0.000000 -0.426179  0.000000  0.000000  0.000000 )
(  0.000000  0.000000 -0.031171  0.000000  0.162858  0.000000 )
( -0.000000  0.000000 -0.031171  0.000000 -0.162858  0.000000 )
(  0.000000  0.000000 -0.205879  0.000000 -0.000972  0.000000 )
( -0.000000  0.000000 -0.205879  0.000000  0.000972  0.000000 )
( -0.000000  0.000000  0.056187  0.000000  0.000000  0.000000 )
( -0.000000  0.000000 -0.205879  0.000000  0.000972  0.000000 )
(  0.000000  0.000000 -0.205879  0.000000 -0.000972  0.000000 )
( -0.000000  0.000000 -0.031171  0.000000 -0.162858  0.000000 )
(  0.000000  0.000000 -0.031171  0.000000  0.162858  0.000000 )
(  0.000000  0.000000  0.240206  0.000000  0.000000  0.000000 )
( -0.106296  0.000000  0.108690  0.000000 -0.087923  0.000000 )
(  0.106296  0.000000  0.108690  0.000000  0.087923  0.000000 )
( -0.106296  0.000000  0.108690  0.000000  0.087923  0.000000 )
(  0.106296  0.000000  0.108690  0.000000 -0.087923  0.000000 )
( -0.000000  0.000000  0.240206  0.000000  0.000000  0.000000 )
(  0.106296  0.000000  0.108690  0.000000 -0.087923  0.000000 )
( -0.106296  0.000000  0.108690  0.000000  0.087923  0.000000 )
(  0.106296  0.000000  0.108690  0.000000  0.087923  0.000000 )
( -0.106296  0.000000  0.108690  0.000000 -0.087923  0.000000 )
     freq (  42) =       3.334359 [THz] =     111.222251 [cm-1]
(  0.000000 -0.000000 -0.000000  0.000000  0.179568 -0.000000 )
(  0.000000 -0.000000  0.000000 -0.000000  0.179568 -0.000000 )
( -0.000000  0.000000  0.000000 -0.000000 -0.191297  0.000000 )
( -0.000000  0.000000  0.000000 -0.000000 -0.191297  0.000000 )
(  0.068525 -0.000000  0.000000 -0.000000  0.011460 -0.000000 )
( -0.068525  0.000000 -0.000000  0.000000  0.011460 -0.000000 )
( -0.000000  0.000000  0.000000 -0.000000  0.059106 -0.000000 )
( -0.004394  0.000000  0.000000 -0.000000  0.015559 -0.000000 )
(  0.004394 -0.000000  0.000000 -0.000000  0.015559 -0.000000 )
( -0.000000  0.000000  0.000000 -0.000000  0.059106 -0.000000 )
( -0.004394  0.000000 -0.000000  0.000000  0.015559 -0.000000 )
( -0.068525  0.000000 -0.000000  0.000000  0.011460 -0.000000 )
(  0.000000 -0.000000  0.000000 -0.000000 -0.133120  0.000000 )
(  0.068525 -0.000000 -0.000000  0.000000  0.011460 -0.000000 )
(  0.004394 -0.000000  0.000000 -0.000000  0.015559 -0.000000 )
(  0.000000 -0.000000  0.000000 -0.000000 -0.133120  0.000000 )
( -0.000000  0.000000  0.000000 -0.000000 -0.124005  0.000000 )
( -0.000000  0.000000  0.099074 -0.000000 -0.146376  0.000000 )
( -0.000000  0.000000 -0.099074  0.000000 -0.146376  0.000000 )
(  0.000000 -0.000000 -0.038934  0.000000 -0.234470  0.000000 )
(  0.000000 -0.000000  0.038934 -0.000000 -0.234470  0.000000 )
(  0.000000 -0.000000 -0.000000  0.000000  0.019118 -0.000000 )
(  0.000000 -0.000000  0.038934 -0.000000 -0.234470  0.000000 )
(  0.000000 -0.000000 -0.038934  0.000000 -0.234470  0.000000 )
( -0.000000  0.000000 -0.099074  0.000000 -0.146376  0.000000 )
( -0.000000  0.000000  0.099074 -0.000000 -0.146376  0.000000 )
( -0.020391  0.000000  0.000000 -0.000000  0.034981 -0.000000 )
( -0.105335  0.000000  0.046567 -0.000000  0.201082 -0.000000 )
( -0.105335  0.000000 -0.046567  0.000000  0.201082 -0.000000 )
(  0.105335 -0.000000 -0.046567  0.000000  0.201082 -0.000000 )
(  0.105335 -0.000000  0.046567 -0.000000  0.201082 -0.000000 )
(  0.020391 -0.000000 -0.000000  0.000000  0.034981 -0.000000 )
(  0.105335 -0.000000  0.046567 -0.000000  0.201082 -0.000000 )
(  0.105335 -0.000000 -0.046567  0.000000  0.201082 -0.000000 )
( -0.105335  0.000000 -0.046567  0.000000  0.201082 -0.000000 )
( -0.105335  0.000000  0.046567 -0.000000  0.201082 -0.000000 )
     freq (  43) =       3.381278 [THz] =     112.787298 [cm-1]
(  0.032855  0.000000  0.000000  0.000000 -0.000000  0.000000 )
(  0.032855  0.000000 -0.000000  0.000000 -0.000000  0.000000 )
( -0.039773  0.000000 -0.000000  0.000000  0.000000  0.000000 )
( -0.039773  0.000000  0.000000  0.000000  0.000000  0.000000 )
( -0.067794  0.000000  0.000000  0.000000  0.119804  0.000000 )
( -0.067794  0.000000  0.000000  0.000000 -0.119804  0.000000 )
( -0.080120  0.000000 -0.000000  0.000000 -0.000000  0.000000 )
(  0.060443  0.000000  0.000000  0.000000 -0.101751  0.000000 )
(  0.060443  0.000000  0.000000  0.000000  0.101751  0.000000 )
( -0.080120  0.000000 -0.000000  0.000000 -0.000000  0.000000 )
(  0.060443  0.000000  0.000000  0.000000 -0.101751  0.000000 )
( -0.067794  0.000000 -0.000000  0.000000 -0.119804  0.000000 )
(  0.080987  0.000000 -0.000000  0.000000  0.000000  0.000000 )
( -0.067794  0.000000  0.000000  0.000000  0.119804  0.000000 )
(  0.060443  0.000000 -0.000000  0.000000  0.101751  0.000000 )
(  0.080987  0.000000 -0.000000  0.000000  0.000000  0.000000 )
( -0.423621  0.000000 -0.000000  0.000000  0.000000  0.000000 )
( -0.035327  0.000000 -0.000000  0.000000  0.000000  0.000000 )
( -0.035327  0.000000  0.000000  0.000000  0.000000  0.000000 )
(  0.116165  0.000000  0.000000  0.000000  0.000000  0.000000 )
(  0.116165  0.000000 -0.000000  0.000000  0.000000  0.000000 )
(  0.075261  0.000000 -0.000000  0.000000  0.000000  0.000000 )
(  0.116165  0.000000 -0.000000  0.000000  0.000000  0.000000 )
(  0.116165  0.000000  0.000000  0.000000  0.000000  0.000000 )
( -0.035327  0.000000  0.000000  0.000000  0.000000  0.000000 )
( -0.035327  0.000000 -0.000000  0.000000  0.000000  0.000000 )
(  0.151735  0.000000  0.000000  0.000000 -0.439231  0.000000 )
( -0.030764  0.000000 -0.001415  0.000000 -0.138441  0.000000 )
( -0.030764  0.000000  0.001415  0.000000 -0.138441  0.000000 )
( -0.030764  0.000000 -0.001415  0.000000  0.138441  0.000000 )
( -0.030764  0.000000  0.001415  0.000000  0.138441  0.000000 )
(  0.151735  0.000000 -0.000000  0.000000  0.439231  0.000000 )
( -0.030764  0.000000  0.001415  0.000000  0.138441  0.000000 )
( -0.030764  0.000000 -0.001415  0.000000  0.138441  0.000000 )
( -0.030764  0.000000  0.001415  0.000000 -0.138441  0.000000 )
( -0.030764  0.000000 -0.001415  0.000000 -0.138441  0.000000 )
     freq (  44) =       3.480379 [THz] =     116.092962 [cm-1]
( -0.000000  0.000000  0.000000 -0.000000 -0.040660  0.000000 )
(  0.000000 -0.000000  0.000000 -0.000000 -0.040660  0.000000 )
(  0.000000 -0.000000 -0.000000  0.000000  0.001531 -0.000000 )
( -0.000000  0.000000  0.000000 -0.000000  0.001531 -0.000000 )
(  0.071199 -0.000000  0.000000 -0.000000 -0.133175  0.000000 )
( -0.071199  0.000000  0.000000 -0.000000 -0.133175  0.000000 )
( -0.000000  0.000000  0.000000 -0.000000 -0.002619  0.000000 )
( -0.061120  0.000000  0.000000 -0.000000  0.109537 -0.000000 )
(  0.061120 -0.000000  0.000000 -0.000000  0.109537 -0.000000 )
( -0.000000  0.000000  0.000000 -0.000000 -0.002619  0.000000 )
( -0.061120  0.000000 -0.000000  0.000000  0.109537 -0.000000 )
( -0.071199  0.000000 -0.000000  0.000000 -0.133175  0.000000 )
(  0.000000 -0.000000  0.000000 -0.000000 -0.001418  0.000000 )
(  0.071199 -0.000000 -0.000000  0.000000 -0.133175  0.000000 )
(  0.061120 -0.000000 -0.000000  0.000000  0.109537 -0.000000 )
(  0.000000 -0.000000  0.000000 -0.000000 -0.001418  0.000000 )
(  0.000000 -0.000000 -0.000000  0.000000 -0.480551  0.000000 )
(  0.000000 -0.000000 -0.000035  0.000000 -0.102272  0.000000 )
(  0.000000 -0.000000  0.000035 -0.000000 -0.102272  0.000000 )
( -0.000000  0.000000 -0.001802  0.000000  0.207169 -0.000000 )
( -0.000000  0.000000  0.001802 -0.000000  0.207169 -0.000000 )
( -0.000000  0.000000 -0.000000  0.000000  0.428655 -0.000000 )
(  0.000000 -0.000000  0.001802 -0.000000  0.207169 -0.000000 )
(  0.000000 -0.000000 -0.001802  0.000000  0.207169 -0.000000 )
( -0.000000  0.000000  0.000035 -0.000000 -0.102272  0.000000 )
( -0.000000  0.000000 -0.000035  0.000000 -0.102272  0.000000 )
( -0.257347  0.000000 -0.000000  0.000000 -0.039590  0.000000 )
( -0.097550  0.000000 -0.004077  0.000000 -0.017546  0.000000 )
( -0.097550  0.000000  0.004077 -0.000000 -0.017546  0.000000 )
(  0.097550 -0.000000  0.004077 -0.000000 -0.017546  0.000000 )
(  0.097550 -0.000000 -0.004077  0.000000 -0.017546  0.000000 )
(  0.257347 -0.000000  0.000000 -0.000000 -0.039590  0.000000 )
(  0.097550 -0.000000 -0.004077  0.000000 -0.017546  0.000000 )
(  0.097550 -0.000000  0.004077 -0.000000 -0.017546  0.000000 )
( -0.097550  0.000000  0.004077 -0.000000 -0.017546  0.000000 )
( -0.097550  0.000000 -0.004077  0.000000 -0.017546  0.000000 )
     freq (  45) =       3.517344 [THz] =     117.325965 [cm-1]
( -0.020746  0.000000  0.000000 -0.000000  0.000000 -0.000000 )
(  0.020746 -0.000000  0.000000 -0.000000  0.000000 -0.000000 )
(  0.000000 -0.000000 -0.000000  0.000000 -0.048991  0.000000 )
(  0.000000 -0.000000  0.000000 -0.000000  0.048991 -0.000000 )
( -0.000000  0.000000  0.080936 -0.000000  0.000000 -0.000000 )
(  0.000000 -0.000000  0.080936 -0.000000  0.000000 -0.000000 )
(  0.000000 -0.000000  0.017499 -0.000000 -0.000000  0.000000 )
(  0.000000 -0.000000  0.098387 -0.000000 -0.000000  0.000000 )
( -0.000000  0.000000  0.098387 -0.000000 -0.000000  0.000000 )
(  0.000000 -0.000000 -0.017499  0.000000 -0.000000  0.000000 )
(  0.000000 -0.000000 -0.098387  0.000000 -0.000000  0.000000 )
(  0.000000 -0.000000 -0.080936  0.000000  0.000000 -0.000000 )
( -0.000000  0.000000 -0.000000  0.000000  0.000000 -0.000000 )
( -0.000000  0.000000 -0.080936  0.000000  0.000000 -0.000000 )
( -0.000000  0.000000 -0.098387  0.000000 -0.000000  0.000000 )
( -0.000000  0.000000 -0.000000  0.000000  0.000000 -0.000000 )
(  0.000000 -0.000000  0.000000 -0.000000  0.000000 -0.000000 )
(  0.211867 -0.000000  0.000000 -0.000000  0.000000 -0.000000 )
(  0.211867 -0.000000 -0.000000  0.000000 -0.000000  0.000000 )
( -0.256809  0.000000  0.000000 -0.000000 -0.000000  0.000000 )
( -0.256809  0.000000 -0.000000  0.000000 -0.000000  0.000000 )
(  0.000000 -0.000000 -0.000000  0.000000 -0.000000  0.000000 )
(  0.256809 -0.000000 -0.000000  0.000000 -0.000000  0.000000 )
(  0.256809 -0.000000 -0.000000  0.000000 -0.000000  0.000000 )
( -0.211867  0.000000  0.000000 -0.000000  0.000000 -0.000000 )
( -0.211867  0.000000 -0.000000  0.000000  0.000000 -0.000000 )
(  0.000000 -0.000000 -0.000000  0.000000  0.000000 -0.000000 )
( -0.243110  0.000000  0.003042 -0.000000 -0.039616  0.000000 )
( -0.243110  0.000000 -0.003042  0.000000 -0.039616  0.000000 )
(  0.243110 -0.000000 -0.003042  0.000000 -0.039616  0.000000 )
(  0.243110 -0.000000  0.003042 -0.000000 -0.039616  0.000000 )
( -0.000000  0.000000  0.000000 -0.000000 -0.000000  0.000000 )
( -0.243110  0.000000 -0.003042  0.000000  0.039616 -0.000000 )
( -0.243110  0.000000  0.003042 -0.000000  0.039616 -0.000000 )
(  0.243110 -0.000000  0.003042 -0.000000  0.039616 -0.000000 )
(  0.243110 -0.000000 -0.003042  0.000000  0.039616 -0.000000 )
     freq (  46) =       3.526643 [THz] =     117.636144 [cm-1]
(  0.000000  0.000000 -0.000000  0.000000  0.000000  0.000000 )
(  0.000000  0.000000 -0.000000  0.000000  0.000000  0.000000 )
( -0.000000  0.000000  0.000000  0.000000  0.000000  0.000000 )
( -0.000000  0.000000  0.000000  0.000000 -0.000000  0.000000 )
(  0.000000  0.000000  0.093231  0.000000 -0.000000  0.000000 )
(  0.000000  0.000000 -0.093231  0.000000  0.000000  0.000000 )
( -0.000000  0.000000 -0.000000  0.000000 -0.000000  0.000000 )
( -0.000000  0.000000  0.077386  0.000000  0.000000  0.000000 )
(  0.000000  0.000000 -0.077386  0.000000 -0.000000  0.000000 )
( -0.000000  0.000000 -0.000000  0.000000 -0.000000  0.000000 )
( -0.000000  0.000000  0.077386  0.000000  0.000000  0.000000 )
(  0.000000  0.000000 -0.093231  0.000000 -0.000000  0.000000 )
(  0.000000  0.000000 -0.000000  0.000000  0.000000  0.000000 )
(  0.000000  0.000000  0.093231  0.000000 -0.000000  0.000000 )
( -0.000000  0.000000 -0.077386  0.000000 -0.000000  0.000000 )
(  0.000000  0.000000 -0.000000  0.000000 -0.000000  0.000000 )
( -0.000000  0.000000  0.000000  0.000000 -0.000000  0.000000 )
(  0.228554  0.000000  0.000000  0.000000  0.000000  0.000000 )
( -0.228554  0.000000  0.000000  0.000000 -0.000000  0.000000 )
( -0.235409  0.000000 -0.000000  0.000000 -0.000000  0.000000 )
(  0.235409  0.000000 -0.000000  0.000000  0.000000  0.000000 )
( -0.000000  0.000000  0.000000  0.000000  0.000000  0.000000 )
(  0.235409  0.000000 -0.000000  0.000000  0.000000  0.000000 )
( -0.235409  0.000000 -0.000000  0.000000 -0.000000  0.000000 )
( -0.228554  0.000000  0.000000  0.000000 -0.000000  0.000000 )
(  0.228554  0.000000  0.000000  0.000000  0.000000  0.000000 )
(  0.000000  0.000000 -0.002586  0.000000  0.000000  0.000000 )
(  0.251411  0.000000 -0.021139  0.000000 -0.013285  0.000000 )
( -0.251411  0.000000 -0.021139  0.000000  0.013285  0.000000 )
( -0.251411  0.000000  0.021139  0.000000 -0.013285  0.000000 )
(  0.251411  0.000000  0.021139  0.000000  0.013285  0.000000 )
(  0.000000  0.000000  0.002586  0.000000 -0.000000  0.000000 )
(  0.251411  0.000000  0.021139  0.000000  0.013285  0.000000 )
( -0.251411  0.000000  0.021139  0.000000 -0.013285  0.000000 )
( -0.251411  0.000000 -0.021139  0.000000  0.013285  0.000000 )
(  0.251411  0.000000 -0.021139  0.000000 -0.013285  0.000000 )
     freq (  47) =       3.531269 [THz] =     117.790465 [cm-1]
(  0.000000 -0.000000  0.002590 -0.000000 -0.000000  0.000000 )
(  0.000000 -0.000000  0.002590 -0.000000  0.000000 -0.000000 )
( -0.000000  0.000000 -0.003432  0.000000 -0.000000  0.000000 )
( -0.000000  0.000000 -0.003432  0.000000  0.000000 -0.000000 )
(  0.000000 -0.000000 -0.053266  0.000000 -0.000000  0.000000 )
(  0.000000 -0.000000 -0.053266  0.000000  0.000000 -0.000000 )
( -0.000000  0.000000  0.095582 -0.000000 -0.000000  0.000000 )
( -0.000000  0.000000 -0.044709  0.000000  0.000000 -0.000000 )
( -0.000000  0.000000 -0.044709  0.000000 -0.000000  0.000000 )
( -0.000000  0.000000  0.095582 -0.000000 -0.000000  0.000000 )
( -0.000000  0.000000 -0.044709  0.000000  0.000000 -0.000000 )
(  0.000000 -0.000000 -0.053266  0.000000  0.000000 -0.000000 )
(  0.000000 -0.000000  0.100347 -0.000000  0.000000 -0.000000 )
(  0.000000 -0.000000 -0.053266  0.000000 -0.000000  0.000000 )
( -0.000000  0.000000 -0.044709  0.000000 -0.000000  0.000000 )
(  0.000000 -0.000000  0.100347 -0.000000  0.000000 -0.000000 )
( -0.000000  0.000000 -0.014488  0.000000  0.000000 -0.000000 )
(  0.000000 -0.000000 -0.005418  0.000000 -0.224397  0.000000 )
( -0.000000  0.000000 -0.005418  0.000000  0.224397 -0.000000 )
( -0.000000  0.000000  0.022205 -0.000000  0.256985 -0.000000 )
(  0.000000 -0.000000  0.022205 -0.000000 -0.256985  0.000000 )
( -0.000000  0.000000 -0.001092  0.000000 -0.000000  0.000000 )
(  0.000000 -0.000000  0.022205 -0.000000 -0.256985  0.000000 )
( -0.000000  0.000000  0.022205 -0.000000  0.256985 -0.000000 )
( -0.000000  0.000000 -0.005418  0.000000  0.224397 -0.000000 )
(  0.000000 -0.000000 -0.005418  0.000000 -0.224397  0.000000 )
(  0.000000 -0.000000  0.004915 -0.000000  0.000000 -0.000000 )
(  0.006523 -0.000000 -0.007452  0.000000 -0.243283  0.000000 )
( -0.006523  0.000000 -0.007452  0.000000  0.243283 -0.000000 )
(  0.006523 -0.000000 -0.007452  0.000000  0.243283 -0.000000 )
( -0.006523  0.000000 -0.007452  0.000000 -0.243283  0.000000 )
(  0.000000 -0.000000  0.004915 -0.000000 -0.000000  0.000000 )
( -0.006523  0.000000 -0.007452  0.000000 -0.243283  0.000000 )
(  0.006523 -0.000000 -0.007452  0.000000  0.243283 -0.000000 )
( -0.006523  0.000000 -0.007452  0.000000  0.243283 -0.000000 )
(  0.006523 -0.000000 -0.007452  0.000000 -0.243283  0.000000 )
     freq (  48) =       3.564696 [THz] =     118.905456 [cm-1]
(  0.095729 -0.000000  0.000000 -0.000000 -0.000000  0.000000 )
(  0.095729 -0.000000 -0.000000  0.000000  0.000000 -0.000000 )
( -0.070805  0.000000 -0.000000  0.000000  0.000000 -0.000000 )
( -0.070805  0.000000  0.000000 -0.000000  0.000000 -0.000000 )
(  0.040439 -0.000000  0.000000 -0.000000 -0.045813  0.000000 )
(  0.040439 -0.000000  0.000000 -0.000000  0.045813 -0.000000 )
( -0.180864  0.000000 -0.000000  0.000000  0.000000 -0.000000 )
( -0.026297  0.000000  0.000000 -0.000000  0.042753 -0.000000 )
( -0.026297  0.000000  0.000000 -0.000000 -0.042753  0.000000 )
( -0.180864  0.000000 -0.000000  0.000000 -0.000000  0.000000 )
( -0.026297  0.000000  0.000000 -0.000000  0.042753 -0.000000 )
(  0.040439 -0.000000  0.000000 -0.000000  0.045813 -0.000000 )
(  0.206197 -0.000000 -0.000000  0.000000  0.000000 -0.000000 )
(  0.040439 -0.000000  0.000000 -0.000000 -0.045813  0.000000 )
( -0.026297  0.000000  0.000000 -0.000000 -0.042753  0.000000 )
(  0.206197 -0.000000 -0.000000  0.000000 -0.000000  0.000000 )
( -0.222647  0.000000  0.000000 -0.000000  0.000000 -0.000000 )
(  0.081600 -0.000000  0.000000 -0.000000  0.000000 -0.000000 )
(  0.081600 -0.000000 -0.000000  0.000000 -0.000000  0.000000 )
(  0.070724 -0.000000  0.000000 -0.000000 -0.000000  0.000000 )
(  0.070724 -0.000000 -0.000000  0.000000  0.000000 -0.000000 )
( -0.442741  0.000000 -0.000000  0.000000 -0.000000  0.000000 )
(  0.070724 -0.000000  0.000000 -0.000000  0.000000 -0.000000 )
(  0.070724 -0.000000 -0.000000  0.000000 -0.000000  0.000000 )
(  0.081600 -0.000000  0.000000 -0.000000 -0.000000  0.000000 )
(  0.081600 -0.000000 -0.000000  0.000000  0.000000 -0.000000 )
(  0.386815 -0.000000 -0.000000  0.000000  0.168068 -0.000000 )
( -0.104872  0.000000 -0.008624  0.000000  0.086324 -0.000000 )
( -0.104872  0.000000  0.008624 -0.000000  0.086324 -0.000000 )
( -0.104872  0.000000 -0.008624  0.000000 -0.086324  0.000000 )
( -0.104872  0.000000  0.008624 -0.000000 -0.086324  0.000000 )
(  0.386815 -0.000000 -0.000000  0.000000 -0.168068  0.000000 )
( -0.104872  0.000000  0.008624 -0.000000 -0.086324  0.000000 )
( -0.104872  0.000000 -0.008624  0.000000 -0.086324  0.000000 )
( -0.104872  0.000000  0.008624 -0.000000  0.086324 -0.000000 )
( -0.104872  0.000000 -0.008624  0.000000  0.086324 -0.000000 )
     freq (  49) =       3.647962 [THz] =     121.682912 [cm-1]
(  0.000000 -0.000000  0.000000 -0.000000 -0.056566  0.000000 )
(  0.000000 -0.000000 -0.000000  0.000000  0.056566 -0.000000 )
(  0.018837 -0.000000 -0.000000  0.000000  0.000000 -0.000000 )
( -0.018837  0.000000  0.000000 -0.000000 -0.000000  0.000000 )
(  0.000000 -0.000000 -0.049149  0.000000 -0.000000  0.000000 )
(  0.000000 -0.000000  0.049149 -0.000000  0.000000 -0.000000 )
( -0.000000  0.000000 -0.000000  0.000000 -0.000000  0.000000 )
( -0.000000  0.000000 -0.052308  0.000000  0.000000 -0.000000 )
( -0.000000  0.000000  0.052308 -0.000000 -0.000000  0.000000 )
( -0.000000  0.000000 -0.000000  0.000000  0.000000 -0.000000 )
( -0.000000  0.000000  0.052308 -0.000000  0.000000 -0.000000 )
(  0.000000 -0.000000 -0.049149  0.000000  0.000000 -0.000000 )
(  0.000000 -0.000000  0.024201 -0.000000  0.000000 -0.000000 )
(  0.000000 -0.000000  0.049149 -0.000000 -0.000000  0.000000 )
( -0.000000  0.000000 -0.052308  0.000000 -0.000000  0.000000 )
(  0.000000 -0.000000 -0.024201  0.000000  0.000000 -0.000000 )
( -0.000000  0.000000  0.000000 -0.000000 -0.000000  0.000000 )
(  0.000000 -0.000000 -0.128021  0.000000  0.171225 -0.000000 )
(  0.000000 -0.000000  0.128021 -0.000000  0.171225 -0.000000 )
( -0.000000  0.000000 -0.196587  0.000000 -0.204382  0.000000 )
(  0.000000 -0.000000  0.196587 -0.000000 -0.204382  0.000000 )
( -0.000000  0.000000  0.000000 -0.000000 -0.000000  0.000000 )
(  0.000000 -0.000000 -0.196587  0.000000  0.204382 -0.000000 )
( -0.000000  0.000000  0.196587 -0.000000  0.204382 -0.000000 )
( -0.000000  0.000000 -0.128021  0.000000 -0.171225  0.000000 )
(  0.000000 -0.000000  0.128021 -0.000000 -0.171225  0.000000 )
(  0.000000 -0.000000 -0.000000  0.000000  0.000000 -0.000000 )
( -0.039025  0.000000  0.155457 -0.000000 -0.180655  0.000000 )
( -0.039025  0.000000 -0.155457  0.000000 -0.180655  0.000000 )
( -0.039025  0.000000  0.155457 -0.000000  0.180655 -0.000000 )
( -0.039025  0.000000 -0.155457  0.000000  0.180655 -0.000000 )
(  0.000000 -0.000000  0.000000 -0.000000 -0.000000  0.000000 )
(  0.039025 -0.000000  0.155457 -0.000000 -0.180655  0.000000 )
(  0.039025 -0.000000 -0.155457  0.000000 -0.180655  0.000000 )
(  0.039025 -0.000000  0.155457 -0.000000  0.180655 -0.000000 )
(  0.039025 -0.000000 -0.155457  0.000000  0.180655 -0.000000 )
     freq (  50) =       3.770275 [THz] =     125.762853 [cm-1]
(  0.148121  0.000000  0.000000  0.000000  0.000000  0.000000 )
( -0.148121  0.000000 -0.000000  0.000000 -0.000000  0.000000 )
(  0.000000  0.000000  0.000000  0.000000  0.252124  0.000000 )
( -0.000000  0.000000  0.000000  0.000000 -0.252124  0.000000 )
( -0.000000  0.000000  0.080363  0.000000 -0.000000  0.000000 )
(  0.000000  0.000000  0.080363  0.000000  0.000000  0.000000 )
(  0.000000  0.000000 -0.113302  0.000000 -0.000000  0.000000 )
( -0.000000  0.000000 -0.050958  0.000000  0.000000  0.000000 )
( -0.000000  0.000000 -0.050958  0.000000 -0.000000  0.000000 )
( -0.000000  0.000000  0.113302  0.000000 -0.000000  0.000000 )
(  0.000000  0.000000  0.050958  0.000000  0.000000  0.000000 )
(  0.000000  0.000000 -0.080363  0.000000  0.000000  0.000000 )
(  0.000000  0.000000 -0.000000  0.000000  0.000000  0.000000 )
(  0.000000  0.000000 -0.080363  0.000000 -0.000000  0.000000 )
(  0.000000  0.000000  0.050958  0.000000 -0.000000  0.000000 )
(  0.000000  0.000000  0.000000  0.000000  0.000000  0.000000 )
(  0.000000  0.000000  0.000000  0.000000  0.000000  0.000000 )
(  0.163590  0.000000 -0.000000  0.000000 -0.000000  0.000000 )
(  0.163590  0.000000 -0.000000  0.000000  0.000000  0.000000 )
(  0.098839  0.000000  0.000000  0.000000  0.000000  0.000000 )
(  0.098839  0.000000 -0.000000  0.000000  0.000000  0.000000 )
( -0.000000  0.000000  0.000000  0.000000 -0.000000  0.000000 )
( -0.098839  0.000000  0.000000  0.000000 -0.000000  0.000000 )
( -0.098839  0.000000  0.000000  0.000000 -0.000000  0.000000 )
( -0.163590  0.000000  0.000000  0.000000 -0.000000  0.000000 )
( -0.163590  0.000000 -0.000000  0.000000 -0.000000  0.000000 )
(  0.000000  0.000000 -0.000000  0.000000  0.000000  0.000000 )
( -0.040162  0.000000  0.025795  0.000000  0.274487  0.000000 )
( -0.040162  0.000000 -0.025795  0.000000  0.274487  0.000000 )
(  0.040162  0.000000 -0.025795  0.000000  0.274487  0.000000 )
(  0.040162  0.000000  0.025795  0.000000  0.274487  0.000000 )
( -0.000000  0.000000 -0.000000  0.000000 -0.000000  0.000000 )
( -0.040162  0.000000 -0.025795  0.000000 -0.274487  0.000000 )
( -0.040162  0.000000  0.025795  0.000000 -0.274487  0.000000 )
(  0.040162  0.000000  0.025795  0.000000 -0.274487  0.000000 )
(  0.040162  0.000000 -0.025795  0.000000 -0.274487  0.000000 )
     freq (  51) =       3.801457 [THz] =     126.802943 [cm-1]
(  0.000000  0.000000  0.000000  0.000000 -0.254809  0.000000 )
( -0.000000  0.000000 -0.000000  0.000000  0.254809  0.000000 )
( -0.142276  0.000000  0.000000  0.000000  0.000000  0.000000 )
(  0.142276  0.000000  0.000000  0.000000 -0.000000  0.000000 )
(  0.000000  0.000000 -0.059442  0.000000 -0.000000  0.000000 )
( -0.000000  0.000000  0.059442  0.000000  0.000000  0.000000 )
(  0.000000  0.000000 -0.000000  0.000000 -0.000000  0.000000 )
( -0.000000  0.000000  0.071800  0.000000  0.000000  0.000000 )
(  0.000000  0.000000 -0.071800  0.000000 -0.000000  0.000000 )
(  0.000000  0.000000 -0.000000  0.000000 -0.000000  0.000000 )
( -0.000000  0.000000 -0.071800  0.000000  0.000000  0.000000 )
( -0.000000  0.000000 -0.059442  0.000000  0.000000  0.000000 )
( -0.000000  0.000000  0.116538  0.000000  0.000000  0.000000 )
(  0.000000  0.000000  0.059442  0.000000  0.000000  0.000000 )
(  0.000000  0.000000  0.071800  0.000000  0.000000  0.000000 )
( -0.000000  0.000000 -0.116538  0.000000  0.000000  0.000000 )
( -0.000000  0.000000 -0.000000  0.000000 -0.000000  0.000000 )
(  0.000000  0.000000 -0.001651  0.000000 -0.292046  0.000000 )
(  0.000000  0.000000  0.001651  0.000000 -0.292046  0.000000 )
(  0.000000  0.000000  0.031589  0.000000 -0.258907  0.000000 )
(  0.000000  0.000000 -0.031589  0.000000 -0.258907  0.000000 )
(  0.000000  0.000000  0.000000  0.000000  0.000000  0.000000 )
( -0.000000  0.000000  0.031589  0.000000  0.258907  0.000000 )
( -0.000000  0.000000 -0.031589  0.000000  0.258907  0.000000 )
( -0.000000  0.000000 -0.001651  0.000000  0.292046  0.000000 )
(  0.000000  0.000000  0.001651  0.000000  0.292046  0.000000 )
( -0.000000  0.000000 -0.000000  0.000000  0.000000  0.000000 )
( -0.135818  0.000000 -0.018005  0.000000  0.023129  0.000000 )
( -0.135818  0.000000  0.018005  0.000000  0.023129  0.000000 )
( -0.135818  0.000000 -0.018005  0.000000 -0.023129  0.000000 )
( -0.135818  0.000000  0.018005  0.000000 -0.023129  0.000000 )
(  0.000000  0.000000 -0.000000  0.000000  0.000000  0.000000 )
(  0.135818  0.000000 -0.018005  0.000000  0.023129  0.000000 )
(  0.135818  0.000000  0.018005  0.000000  0.023129  0.000000 )
(  0.135818  0.000000 -0.018005  0.000000 -0.023129  0.000000 )
(  0.135818  0.000000  0.018005  0.000000 -0.023129  0.000000 )
     freq (  52) =       3.857254 [THz] =     128.664137 [cm-1]
( -0.016113  0.000000  0.000000 -0.000000 -0.000000  0.000000 )
( -0.016113  0.000000 -0.000000  0.000000  0.000000 -0.000000 )
(  0.020697 -0.000000  0.000000 -0.000000 -0.000000  0.000000 )
(  0.020697 -0.000000 -0.000000  0.000000  0.000000 -0.000000 )
(  0.081667 -0.000000 -0.000000  0.000000  0.043550 -0.000000 )
(  0.081667 -0.000000  0.000000 -0.000000 -0.043550  0.000000 )
(  0.001866 -0.000000  0.000000 -0.000000 -0.000000  0.000000 )
( -0.096026  0.000000  0.000000 -0.000000 -0.053387  0.000000 )
( -0.096026  0.000000 -0.000000  0.000000  0.053387 -0.000000 )
(  0.001866 -0.000000 -0.000000  0.000000 -0.000000  0.000000 )
( -0.096026  0.000000 -0.000000  0.000000 -0.053387  0.000000 )
(  0.081667 -0.000000 -0.000000  0.000000 -0.043550  0.000000 )
(  0.001719 -0.000000  0.000000 -0.000000  0.000000 -0.000000 )
(  0.081667 -0.000000  0.000000 -0.000000  0.043550 -0.000000 )
( -0.096026  0.000000  0.000000 -0.000000  0.053387 -0.000000 )
(  0.001719 -0.000000 -0.000000  0.000000  0.000000 -0.000000 )
(  0.113294 -0.000000 -0.000000  0.000000  0.000000 -0.000000 )
( -0.174238  0.000000 -0.000000  0.000000 -0.000000  0.000000 )
( -0.174238  0.000000  0.000000 -0.000000 -0.000000  0.000000 )
(  0.128329 -0.000000  0.000000 -0.000000  0.000000 -0.000000 )
(  0.128329 -0.000000  0.000000 -0.000000 -0.000000  0.000000 )
( -0.044635  0.000000  0.000000 -0.000000 -0.000000  0.000000 )
(  0.128329 -0.000000 -0.000000  0.000000  0.000000 -0.000000 )
(  0.128329 -0.000000 -0.000000  0.000000  0.000000 -0.000000 )
( -0.174238  0.000000  0.000000 -0.000000  0.000000 -0.000000 )
( -0.174238  0.000000  0.000000 -0.000000  0.000000 -0.000000 )
( -0.006222  0.000000  0.000000 -0.000000 -0.053485  0.000000 )
(  0.018794 -0.000000 -0.289887  0.000000  0.064251 -0.000000 )
(  0.018794 -0.000000  0.289887 -0.000000  0.064251 -0.000000 )
(  0.018794 -0.000000 -0.289887  0.000000 -0.064251  0.000000 )
(  0.018794 -0.000000  0.289887 -0.000000 -0.064251  0.000000 )
( -0.006222  0.000000 -0.000000  0.000000  0.053485 -0.000000 )
(  0.018794 -0.000000  0.289887 -0.000000 -0.064251  0.000000 )
(  0.018794 -0.000000 -0.289887  0.000000 -0.064251  0.000000 )
(  0.018794 -0.000000  0.289887 -0.000000  0.064251 -0.000000 )
(  0.018794 -0.000000 -0.289887  0.000000  0.064251 -0.000000 )
     freq (  53) =       3.916276 [THz] =     130.632921 [cm-1]
(  0.000000  0.000000 -0.000000  0.000000 -0.029493  0.000000 )
( -0.000000  0.000000  0.000000  0.000000 -0.029493  0.000000 )
(  0.000000  0.000000 -0.000000  0.000000  0.036757  0.000000 )
( -0.000000  0.000000  0.000000  0.000000  0.036757  0.000000 )
(  0.092006  0.000000  0.000000  0.000000  0.064294  0.000000 )
( -0.092006  0.000000 -0.000000  0.000000  0.064294  0.000000 )
( -0.000000  0.000000  0.000000  0.000000 -0.072591  0.000000 )
( -0.068982  0.000000 -0.000000  0.000000 -0.046842  0.000000 )
(  0.068982  0.000000  0.000000  0.000000 -0.046842  0.000000 )
(  0.000000  0.000000 -0.000000  0.000000 -0.072591  0.000000 )
( -0.068982  0.000000  0.000000  0.000000 -0.046842  0.000000 )
( -0.092006  0.000000  0.000000  0.000000  0.064294  0.000000 )
(  0.000000  0.000000 -0.000000  0.000000  0.021251  0.000000 )
(  0.092006  0.000000 -0.000000  0.000000  0.064294  0.000000 )
(  0.068982  0.000000 -0.000000  0.000000 -0.046842  0.000000 )
( -0.000000  0.000000  0.000000  0.000000  0.021251  0.000000 )
(  0.000000  0.000000  0.000000  0.000000  0.041088  0.000000 )
( -0.000000  0.000000  0.259875  0.000000 -0.124460  0.000000 )
( -0.000000  0.000000 -0.259875  0.000000 -0.124460  0.000000 )
(  0.000000  0.000000  0.306945  0.000000  0.077337  0.000000 )
( -0.000000  0.000000 -0.306945  0.000000  0.077337  0.000000 )
(  0.000000  0.000000  0.000000  0.000000 -0.054210  0.000000 )
(  0.000000  0.000000 -0.306945  0.000000  0.077337  0.000000 )
( -0.000000  0.000000  0.306945  0.000000  0.077337  0.000000 )
(  0.000000  0.000000 -0.259875  0.000000 -0.124460  0.000000 )
(  0.000000  0.000000  0.259875  0.000000 -0.124460  0.000000 )
( -0.073896  0.000000  0.000000  0.000000  0.030497  0.000000 )
(  0.117319  0.000000  0.073156  0.000000  0.018338  0.000000 )
(  0.117319  0.000000 -0.073156  0.000000  0.018338  0.000000 )
( -0.117319  0.000000 -0.073156  0.000000  0.018338  0.000000 )
( -0.117319  0.000000  0.073156  0.000000  0.018338  0.000000 )
(  0.073896  0.000000 -0.000000  0.000000  0.030497  0.000000 )
( -0.117319  0.000000  0.073156  0.000000  0.018338  0.000000 )
( -0.117319  0.000000 -0.073156  0.000000  0.018338  0.000000 )
(  0.117319  0.000000 -0.073156  0.000000  0.018338  0.000000 )
(  0.117319  0.000000  0.073156  0.000000  0.018338  0.000000 )
     freq (  54) =       3.976522 [THz] =     132.642496 [cm-1]
( -0.190967  0.000000 -0.000000  0.000000  0.000000 -0.000000 )
(  0.190967 -0.000000  0.000000 -0.000000  0.000000 -0.000000 )
( -0.000000  0.000000 -0.000000  0.000000  0.158260 -0.000000 )
(  0.000000 -0.000000 -0.000000  0.000000 -0.158260  0.000000 )
(  0.000000 -0.000000 -0.037971  0.000000  0.000000 -0.000000 )
(  0.000000 -0.000000 -0.037971  0.000000 -0.000000  0.000000 )
( -0.000000  0.000000 -0.109691  0.000000  0.000000 -0.000000 )
(  0.000000 -0.000000  0.045493 -0.000000 -0.000000  0.000000 )
(  0.000000 -0.000000  0.045493 -0.000000  0.000000 -0.000000 )
(  0.000000 -0.000000  0.109691 -0.000000 -0.000000  0.000000 )
( -0.000000  0.000000 -0.045493  0.000000 -0.000000  0.000000 )
( -0.000000  0.000000  0.037971 -0.000000  0.000000 -0.000000 )
( -0.000000  0.000000  0.000000 -0.000000 -0.000000  0.000000 )
(  0.000000 -0.000000  0.037971 -0.000000  0.000000 -0.000000 )
( -0.000000  0.000000 -0.045493  0.000000 -0.000000  0.000000 )
( -0.000000  0.000000 -0.000000  0.000000 -0.000000  0.000000 )
(  0.000000 -0.000000 -0.000000  0.000000  0.000000 -0.000000 )
(  0.212802 -0.000000  0.000000 -0.000000 -0.000000  0.000000 )
(  0.212802 -0.000000 -0.000000  0.000000  0.000000 -0.000000 )
(  0.196710 -0.000000 -0.000000  0.000000 -0.000000  0.000000 )
(  0.196710 -0.000000 -0.000000  0.000000  0.000000 -0.000000 )
(  0.000000 -0.000000  0.000000 -0.000000 -0.000000  0.000000 )
( -0.196710  0.000000  0.000000 -0.000000 -0.000000  0.000000 )
( -0.196710  0.000000  0.000000 -0.000000  0.000000 -0.000000 )
( -0.212802  0.000000 -0.000000  0.000000 -0.000000  0.000000 )
( -0.212802  0.000000  0.000000 -0.000000  0.000000 -0.000000 )
( -0.000000  0.000000  0.000000 -0.000000 -0.000000  0.000000 )
( -0.002538  0.000000 -0.234279  0.000000 -0.089301  0.000000 )
( -0.002538  0.000000  0.234279 -0.000000 -0.089301  0.000000 )
(  0.002538 -0.000000  0.234279 -0.000000 -0.089301  0.000000 )
(  0.002538 -0.000000 -0.234279  0.000000 -0.089301  0.000000 )
(  0.000000 -0.000000  0.000000 -0.000000  0.000000 -0.000000 )
( -0.002538  0.000000  0.234279 -0.000000  0.089301 -0.000000 )
( -0.002538  0.000000 -0.234279  0.000000  0.089301 -0.000000 )
(  0.002538 -0.000000 -0.234279  0.000000  0.089301 -0.000000 )
(  0.002538 -0.000000  0.234279 -0.000000  0.089301 -0.000000 )
     freq (  55) =       4.004209 [THz] =     133.566023 [cm-1]
(  0.000000  0.000000 -0.085738  0.000000  0.000000  0.000000 )
( -0.000000  0.000000  0.085738  0.000000 -0.000000  0.000000 )
( -0.000000  0.000000  0.000000  0.000000 -0.000000  0.000000 )
(  0.000000  0.000000 -0.000000  0.000000  0.000000  0.000000 )
(  0.057120  0.000000  0.000000  0.000000  0.029642  0.000000 )
(  0.057120  0.000000  0.000000  0.000000 -0.029642  0.000000 )
( -0.036436  0.000000  0.000000  0.000000  0.000000  0.000000 )
(  0.050406  0.000000 -0.000000  0.000000 -0.005442  0.000000 )
(  0.050406  0.000000 -0.000000  0.000000  0.005442  0.000000 )
(  0.036436  0.000000 -0.000000  0.000000  0.000000  0.000000 )
( -0.050406  0.000000  0.000000  0.000000  0.005442  0.000000 )
( -0.057120  0.000000 -0.000000  0.000000  0.029642  0.000000 )
(  0.000000  0.000000 -0.000000  0.000000 -0.001230  0.000000 )
( -0.057120  0.000000 -0.000000  0.000000 -0.029642  0.000000 )
( -0.050406  0.000000  0.000000  0.000000 -0.005442  0.000000 )
(  0.000000  0.000000  0.000000  0.000000  0.001230  0.000000 )
(  0.000000  0.000000  0.000000  0.000000 -0.000000  0.000000 )
( -0.000000  0.000000  0.051625  0.000000 -0.161971  0.000000 )
( -0.000000  0.000000  0.051625  0.000000  0.161971  0.000000 )
( -0.000000  0.000000 -0.104543  0.000000 -0.275042  0.000000 )
( -0.000000  0.000000 -0.104543  0.000000  0.275042  0.000000 )
( -0.000000  0.000000  0.000000  0.000000  0.000000  0.000000 )
(  0.000000  0.000000  0.104543  0.000000 -0.275042  0.000000 )
(  0.000000  0.000000  0.104543  0.000000  0.275042  0.000000 )
(  0.000000  0.000000 -0.051625  0.000000 -0.161971  0.000000 )
(  0.000000  0.000000 -0.051625  0.000000  0.161971  0.000000 )
(  0.000000  0.000000  0.000000  0.000000  0.000000  0.000000 )
( -0.104958  0.000000 -0.034090  0.000000  0.222614  0.000000 )
(  0.104958  0.000000 -0.034090  0.000000 -0.222614  0.000000 )
(  0.104958  0.000000  0.034090  0.000000  0.222614  0.000000 )
( -0.104958  0.000000  0.034090  0.000000 -0.222614  0.000000 )
(  0.000000  0.000000  0.000000  0.000000 -0.000000  0.000000 )
(  0.104958  0.000000 -0.034090  0.000000  0.222614  0.000000 )
( -0.104958  0.000000 -0.034090  0.000000 -0.222614  0.000000 )
( -0.104958  0.000000  0.034090  0.000000  0.222614  0.000000 )
(  0.104958  0.000000  0.034090  0.000000 -0.222614  0.000000 )
     freq (  56) =       4.044052 [THz] =     134.895062 [cm-1]
( -0.000000  0.000000 -0.000000  0.000000 -0.141056  0.000000 )
(  0.000000 -0.000000  0.000000 -0.000000  0.141056 -0.000000 )
(  0.186376 -0.000000  0.000000 -0.000000  0.000000 -0.000000 )
( -0.186376  0.000000  0.000000 -0.000000  0.000000 -0.000000 )
(  0.000000 -0.000000  0.056906 -0.000000  0.000000 -0.000000 )
(  0.000000 -0.000000 -0.056906  0.000000 -0.000000  0.000000 )
( -0.000000  0.000000 -0.000000  0.000000 -0.000000  0.000000 )
(  0.000000 -0.000000 -0.039135  0.000000 -0.000000  0.000000 )
(  0.000000 -0.000000  0.039135 -0.000000  0.000000 -0.000000 )
(  0.000000 -0.000000 -0.000000  0.000000 -0.000000  0.000000 )
( -0.000000  0.000000  0.039135 -0.000000  0.000000 -0.000000 )
( -0.000000  0.000000  0.056906 -0.000000  0.000000 -0.000000 )
( -0.000000  0.000000  0.103080 -0.000000  0.000000 -0.000000 )
( -0.000000  0.000000 -0.056906  0.000000 -0.000000  0.000000 )
( -0.000000  0.000000 -0.039135  0.000000  0.000000 -0.000000 )
( -0.000000  0.000000 -0.103080  0.000000  0.000000 -0.000000 )
(  0.000000 -0.000000  0.000000 -0.000000 -0.000000  0.000000 )
( -0.000000  0.000000  0.260080 -0.000000  0.073157 -0.000000 )
( -0.000000  0.000000 -0.260080  0.000000  0.073157 -0.000000 )
(  0.000000 -0.000000 -0.196884  0.000000  0.128748 -0.000000 )
(  0.000000 -0.000000  0.196884 -0.000000  0.128748 -0.000000 )
(  0.000000 -0.000000  0.000000 -0.000000 -0.000000  0.000000 )
(  0.000000 -0.000000 -0.196884  0.000000 -0.128748  0.000000 )
(  0.000000 -0.000000  0.196884 -0.000000 -0.128748  0.000000 )
( -0.000000  0.000000  0.260080 -0.000000 -0.073157  0.000000 )
(  0.000000 -0.000000 -0.260080  0.000000 -0.073157  0.000000 )
( -0.000000  0.000000  0.000000 -0.000000  0.000000 -0.000000 )
( -0.202854  0.000000 -0.009183  0.000000  0.030005 -0.000000 )
( -0.202854  0.000000  0.009183 -0.000000  0.030005 -0.000000 )
( -0.202854  0.000000 -0.009183  0.000000 -0.030005  0.000000 )
( -0.202854  0.000000  0.009183 -0.000000 -0.030005  0.000000 )
( -0.000000  0.000000  0.000000 -0.000000  0.000000 -0.000000 )
(  0.202854 -0.000000 -0.009183  0.000000  0.030005 -0.000000 )
(  0.202854 -0.000000  0.009183 -0.000000  0.030005 -0.000000 )
(  0.202854 -0.000000 -0.009183  0.000000 -0.030005  0.000000 )
(  0.202854 -0.000000  0.009183 -0.000000 -0.030005  0.000000 )
     freq (  57) =       4.132166 [THz] =     137.834227 [cm-1]
(  0.000000 -0.000000  0.166768 -0.000000  0.000000 -0.000000 )
( -0.000000  0.000000 -0.166768  0.000000  0.000000 -0.000000 )
( -0.000000  0.000000  0.000000 -0.000000 -0.000000  0.000000 )
(  0.000000 -0.000000 -0.000000  0.000000 -0.000000  0.000000 )
(  0.000817 -0.000000 -0.000000  0.000000  0.003788 -0.000000 )
(  0.000817 -0.000000  0.000000 -0.000000 -0.003788  0.000000 )
( -0.007647  0.000000  0.000000 -0.000000  0.000000 -0.000000 )
(  0.029092 -0.000000 -0.000000  0.000000  0.033775 -0.000000 )
(  0.029092 -0.000000  0.000000 -0.000000 -0.033775  0.000000 )
(  0.007647 -0.000000 -0.000000  0.000000  0.000000 -0.000000 )
( -0.029092  0.000000 -0.000000  0.000000 -0.033775  0.000000 )
( -0.000817  0.000000 -0.000000  0.000000  0.003788 -0.000000 )
( -0.000000  0.000000 -0.000000  0.000000  0.046015 -0.000000 )
( -0.000817  0.000000  0.000000 -0.000000 -0.003788  0.000000 )
( -0.029092  0.000000  0.000000 -0.000000  0.033775 -0.000000 )
( -0.000000  0.000000  0.000000 -0.000000 -0.046015  0.000000 )
(  0.000000 -0.000000 -0.000000  0.000000  0.000000 -0.000000 )
(  0.000000 -0.000000 -0.066956  0.000000 -0.170876  0.000000 )
( -0.000000  0.000000 -0.066956  0.000000  0.170876 -0.000000 )
( -0.000000  0.000000 -0.124745  0.000000  0.125502 -0.000000 )
(  0.000000 -0.000000 -0.124745  0.000000 -0.125502  0.000000 )
( -0.000000  0.000000 -0.000000  0.000000  0.000000 -0.000000 )
( -0.000000  0.000000  0.124745 -0.000000  0.125502 -0.000000 )
(  0.000000 -0.000000  0.124745 -0.000000 -0.125502  0.000000 )
(  0.000000 -0.000000  0.066956 -0.000000 -0.170876  0.000000 )
( -0.000000  0.000000  0.066956 -0.000000  0.170876 -0.000000 )
( -0.000000  0.000000  0.000000 -0.000000 -0.000000  0.000000 )
(  0.254722 -0.000000 -0.077282  0.000000  0.114670 -0.000000 )
( -0.254722  0.000000 -0.077282  0.000000 -0.114670  0.000000 )
( -0.254722  0.000000  0.077282 -0.000000  0.114670 -0.000000 )
(  0.254722 -0.000000  0.077282 -0.000000 -0.114670  0.000000 )
(  0.000000 -0.000000  0.000000 -0.000000 -0.000000  0.000000 )
( -0.254722  0.000000 -0.077282  0.000000  0.114670 -0.000000 )
(  0.254722 -0.000000 -0.077282  0.000000 -0.114670  0.000000 )
(  0.254722 -0.000000  0.077282 -0.000000  0.114670 -0.000000 )
( -0.254722  0.000000  0.077282 -0.000000 -0.114670  0.000000 )
     freq (  58) =       4.139676 [THz] =     138.084732 [cm-1]
(  0.000000 -0.000000 -0.000000  0.000000  0.124957 -0.000000 )
( -0.000000  0.000000  0.000000 -0.000000  0.124957 -0.000000 )
(  0.000000 -0.000000 -0.000000  0.000000 -0.130915  0.000000 )
( -0.000000  0.000000  0.000000 -0.000000 -0.130915  0.000000 )
(  0.050176 -0.000000  0.000000 -0.000000 -0.006104  0.000000 )
( -0.050176  0.000000  0.000000 -0.000000 -0.006104  0.000000 )
(  0.000000 -0.000000  0.000000 -0.000000  0.155173 -0.000000 )
( -0.021136  0.000000 -0.000000  0.000000  0.019322 -0.000000 )
(  0.021136 -0.000000 -0.000000  0.000000  0.019322 -0.000000 )
( -0.000000  0.000000  0.000000 -0.000000  0.155173 -0.000000 )
( -0.021136  0.000000  0.000000 -0.000000  0.019322 -0.000000 )
( -0.050176  0.000000 -0.000000  0.000000 -0.006104  0.000000 )
( -0.000000  0.000000 -0.000000  0.000000 -0.186991  0.000000 )
(  0.050176 -0.000000 -0.000000  0.000000 -0.006104  0.000000 )
(  0.021136 -0.000000  0.000000 -0.000000  0.019322 -0.000000 )
(  0.000000 -0.000000 -0.000000  0.000000 -0.186991  0.000000 )
(  0.000000 -0.000000  0.000000 -0.000000  0.010177 -0.000000 )
( -0.000000  0.000000  0.291970 -0.000000  0.130539 -0.000000 )
(  0.000000 -0.000000 -0.291970  0.000000  0.130539 -0.000000 )
(  0.000000 -0.000000 -0.140239  0.000000  0.012084 -0.000000 )
( -0.000000  0.000000  0.140239 -0.000000  0.012084 -0.000000 )
( -0.000000  0.000000  0.000000 -0.000000  0.093284 -0.000000 )
(  0.000000 -0.000000  0.140239 -0.000000  0.012084 -0.000000 )
( -0.000000  0.000000 -0.140239  0.000000  0.012084 -0.000000 )
( -0.000000  0.000000 -0.291970  0.000000  0.130539 -0.000000 )
(  0.000000 -0.000000  0.291970 -0.000000  0.130539 -0.000000 )
( -0.043974  0.000000 -0.000000  0.000000 -0.069013  0.000000 )
(  0.071190 -0.000000 -0.165232  0.000000 -0.064564  0.000000 )
(  0.071190 -0.000000  0.165232 -0.000000 -0.064564  0.000000 )
( -0.071190  0.000000  0.165232 -0.000000 -0.064564  0.000000 )
( -0.071190  0.000000 -0.165232  0.000000 -0.064564  0.000000 )
(  0.043974 -0.000000 -0.000000  0.000000 -0.069013  0.000000 )
( -0.071190  0.000000 -0.165232  0.000000 -0.064564  0.000000 )
( -0.071190  0.000000  0.165232 -0.000000 -0.064564  0.000000 )
(  0.071190 -0.000000  0.165232 -0.000000 -0.064564  0.000000 )
(  0.071190 -0.000000 -0.165232  0.000000 -0.064564  0.000000 )
     freq (  59) =       4.143455 [THz] =     138.210785 [cm-1]
(  0.000000 -0.000000 -0.000000  0.000000  0.000000 -0.000000 )
(  0.000000 -0.000000  0.000000 -0.000000  0.000000 -0.000000 )
(  0.000000 -0.000000  0.156749 -0.000000 -0.000000  0.000000 )
( -0.000000  0.000000 -0.156749  0.000000 -0.000000  0.000000 )
( -0.025650  0.000000 -0.000000  0.000000 -0.013545  0.000000 )
(  0.025650 -0.000000 -0.000000  0.000000 -0.013545  0.000000 )
( -0.000000  0.000000  0.000000 -0.000000  0.042253 -0.000000 )
(  0.016352 -0.000000  0.000000 -0.000000 -0.005306  0.000000 )
( -0.016352  0.000000  0.000000 -0.000000 -0.005306  0.000000 )
( -0.000000  0.000000 -0.000000  0.000000 -0.042253  0.000000 )
( -0.016352  0.000000  0.000000 -0.000000  0.005306 -0.000000 )
( -0.025650  0.000000 -0.000000  0.000000  0.013545 -0.000000 )
(  0.001291 -0.000000 -0.000000  0.000000 -0.000000  0.000000 )
(  0.025650 -0.000000  0.000000 -0.000000  0.013545 -0.000000 )
(  0.016352 -0.000000  0.000000 -0.000000  0.005306 -0.000000 )
( -0.001291  0.000000  0.000000 -0.000000 -0.000000  0.000000 )
( -0.000000  0.000000 -0.000000  0.000000  0.000000 -0.000000 )
(  0.147949 -0.000000  0.000000 -0.000000  0.000000 -0.000000 )
( -0.147949  0.000000 -0.000000  0.000000 -0.000000  0.000000 )
( -0.350386  0.000000  0.000000 -0.000000  0.000000 -0.000000 )
(  0.350386 -0.000000  0.000000 -0.000000 -0.000000  0.000000 )
( -0.000000  0.000000 -0.000000  0.000000  0.000000 -0.000000 )
( -0.350386  0.000000  0.000000 -0.000000  0.000000 -0.000000 )
(  0.350386 -0.000000 -0.000000  0.000000 -0.000000  0.000000 )
(  0.147949 -0.000000 -0.000000  0.000000  0.000000 -0.000000 )
( -0.147949  0.000000  0.000000 -0.000000 -0.000000  0.000000 )
( -0.000000  0.000000  0.000000 -0.000000 -0.000000  0.000000 )
( -0.106035  0.000000 -0.116792  0.000000 -0.143627  0.000000 )
(  0.106035 -0.000000 -0.116792  0.000000  0.143627 -0.000000 )
( -0.106035  0.000000 -0.116792  0.000000  0.143627 -0.000000 )
(  0.106035 -0.000000 -0.116792  0.000000 -0.143627  0.000000 )
(  0.000000 -0.000000  0.000000 -0.000000 -0.000000  0.000000 )
( -0.106035  0.000000  0.116792 -0.000000  0.143627 -0.000000 )
(  0.106035 -0.000000  0.116792 -0.000000 -0.143627  0.000000 )
( -0.106035  0.000000  0.116792 -0.000000 -0.143627  0.000000 )
(  0.106035 -0.000000  0.116792 -0.000000  0.143627 -0.000000 )
     freq (  60) =       4.165917 [THz] =     138.960032 [cm-1]
( -0.000000  0.000000 -0.124171  0.000000 -0.000000  0.000000 )
( -0.000000  0.000000 -0.124171  0.000000 -0.000000  0.000000 )
( -0.000000  0.000000  0.121429  0.000000  0.000000  0.000000 )
(  0.000000  0.000000  0.121429  0.000000  0.000000  0.000000 )
( -0.000000  0.000000  0.002928  0.000000 -0.000000  0.000000 )
(  0.000000  0.000000  0.002928  0.000000 -0.000000  0.000000 )
( -0.000000  0.000000  0.039107  0.000000 -0.000000  0.000000 )
(  0.000000  0.000000 -0.011577  0.000000  0.000000  0.000000 )
(  0.000000  0.000000 -0.011577  0.000000 -0.000000  0.000000 )
(  0.000000  0.000000  0.039107  0.000000 -0.000000  0.000000 )
(  0.000000  0.000000 -0.011577  0.000000 -0.000000  0.000000 )
(  0.000000  0.000000  0.002928  0.000000 -0.000000  0.000000 )
(  0.000000  0.000000 -0.032908  0.000000  0.000000  0.000000 )
( -0.000000  0.000000  0.002928  0.000000  0.000000  0.000000 )
( -0.000000  0.000000 -0.011577  0.000000  0.000000  0.000000 )
( -0.000000  0.000000 -0.032908  0.000000  0.000000  0.000000 )
( -0.000000  0.000000  0.096296  0.000000 -0.000000  0.000000 )
( -0.000000  0.000000 -0.132369  0.000000 -0.166676  0.000000 )
(  0.000000  0.000000 -0.132369  0.000000  0.166676  0.000000 )
( -0.000000  0.000000 -0.219771  0.000000  0.157058  0.000000 )
(  0.000000  0.000000 -0.219771  0.000000 -0.157058  0.000000 )
( -0.000000  0.000000  0.063718  0.000000 -0.000000  0.000000 )
( -0.000000  0.000000 -0.219771  0.000000 -0.157058  0.000000 )
(  0.000000  0.000000 -0.219771  0.000000  0.157058  0.000000 )
( -0.000000  0.000000 -0.132369  0.000000  0.166676  0.000000 )
(  0.000000  0.000000 -0.132369  0.000000 -0.166676  0.000000 )
(  0.000000  0.000000 -0.081433  0.000000  0.000000  0.000000 )
(  0.031205  0.000000  0.178937  0.000000  0.145889  0.000000 )
( -0.031205  0.000000  0.178937  0.000000 -0.145889  0.000000 )
(  0.031205  0.000000  0.178937  0.000000 -0.145889  0.000000 )
( -0.031205  0.000000  0.178937  0.000000  0.145889  0.000000 )
( -0.000000  0.000000 -0.081433  0.000000  0.000000  0.000000 )
( -0.031205  0.000000  0.178937  0.000000  0.145889  0.000000 )
(  0.031205  0.000000  0.178937  0.000000 -0.145889  0.000000 )
( -0.031205  0.000000  0.178937  0.000000 -0.145889  0.000000 )
(  0.031205  0.000000  0.178937  0.000000  0.145889  0.000000 )
     freq (  61) =       4.180698 [THz] =     139.453065 [cm-1]
( -0.000000  0.000000  0.030608  0.000000 -0.000000  0.000000 )
(  0.000000  0.000000 -0.030608  0.000000 -0.000000  0.000000 )
( -0.000000  0.000000  0.000000  0.000000  0.000000  0.000000 )
( -0.000000  0.000000 -0.000000  0.000000  0.000000  0.000000 )
(  0.000974  0.000000 -0.000000  0.000000  0.016774  0.000000 )
(  0.000974  0.000000 -0.000000  0.000000 -0.016774  0.000000 )
(  0.010720  0.000000  0.000000  0.000000 -0.000000  0.000000 )
( -0.005013  0.000000  0.000000  0.000000 -0.008223  0.000000 )
( -0.005013  0.000000 -0.000000  0.000000  0.008223  0.000000 )
( -0.010720  0.000000  0.000000  0.000000  0.000000  0.000000 )
(  0.005013  0.000000 -0.000000  0.000000  0.008223  0.000000 )
( -0.000974  0.000000  0.000000  0.000000  0.016774  0.000000 )
( -0.000000  0.000000 -0.000000  0.000000  0.018223  0.000000 )
( -0.000974  0.000000 -0.000000  0.000000 -0.016774  0.000000 )
(  0.005013  0.000000 -0.000000  0.000000 -0.008223  0.000000 )
(  0.000000  0.000000 -0.000000  0.000000 -0.018223  0.000000 )
( -0.000000  0.000000  0.000000  0.000000 -0.000000  0.000000 )
(  0.000000  0.000000 -0.012394  0.000000 -0.289586  0.000000 )
( -0.000000  0.000000 -0.012394  0.000000  0.289586  0.000000 )
(  0.000000  0.000000 -0.023786  0.000000 -0.230558  0.000000 )
( -0.000000  0.000000 -0.023786  0.000000  0.230558  0.000000 )
(  0.000000  0.000000  0.000000  0.000000 -0.000000  0.000000 )
(  0.000000  0.000000  0.023786  0.000000 -0.230558  0.000000 )
( -0.000000  0.000000  0.023786  0.000000  0.230558  0.000000 )
(  0.000000  0.000000  0.012394  0.000000 -0.289586  0.000000 )
( -0.000000  0.000000  0.012394  0.000000  0.289586  0.000000 )
( -0.000000  0.000000 -0.000000  0.000000  0.000000  0.000000 )
(  0.045463  0.000000 -0.018244  0.000000 -0.230648  0.000000 )
( -0.045463  0.000000 -0.018244  0.000000  0.230648  0.000000 )
( -0.045463  0.000000  0.018244  0.000000 -0.230648  0.000000 )
(  0.045463  0.000000  0.018244  0.000000  0.230648  0.000000 )
( -0.000000  0.000000 -0.000000  0.000000  0.000000  0.000000 )
( -0.045463  0.000000 -0.018244  0.000000 -0.230648  0.000000 )
(  0.045463  0.000000 -0.018244  0.000000  0.230648  0.000000 )
(  0.045463  0.000000  0.018244  0.000000 -0.230648  0.000000 )
( -0.045463  0.000000  0.018244  0.000000  0.230648  0.000000 )
     freq (  62) =       4.180786 [THz] =     139.456016 [cm-1]
(  0.000000 -0.000000 -0.000000  0.000000 -0.000000  0.000000 )
(  0.000000 -0.000000  0.000000 -0.000000  0.000000 -0.000000 )
( -0.000000  0.000000  0.071603 -0.000000  0.000000 -0.000000 )
( -0.000000  0.000000 -0.071603  0.000000 -0.000000  0.000000 )
( -0.016447  0.000000  0.000000 -0.000000 -0.005498  0.000000 )
(  0.016447 -0.000000  0.000000 -0.000000 -0.005498  0.000000 )
( -0.000000  0.000000  0.000000 -0.000000 -0.005432  0.000000 )
(  0.003636 -0.000000 -0.000000  0.000000  0.003899 -0.000000 )
( -0.003636  0.000000 -0.000000  0.000000  0.003899 -0.000000 )
(  0.000000 -0.000000  0.000000 -0.000000  0.005432 -0.000000 )
( -0.003636  0.000000 -0.000000  0.000000 -0.003899  0.000000 )
( -0.016447  0.000000  0.000000 -0.000000  0.005498 -0.000000 )
( -0.016060  0.000000 -0.000000  0.000000 -0.000000  0.000000 )
(  0.016447 -0.000000  0.000000 -0.000000  0.005498 -0.000000 )
(  0.003636 -0.000000 -0.000000  0.000000 -0.003899  0.000000 )
(  0.016060 -0.000000 -0.000000  0.000000  0.000000 -0.000000 )
(  0.000000 -0.000000  0.000000 -0.000000  0.000000 -0.000000 )
(  0.341729 -0.000000  0.000000 -0.000000  0.000000 -0.000000 )
( -0.341729  0.000000  0.000000 -0.000000 -0.000000  0.000000 )
(  0.113106 -0.000000  0.000000 -0.000000  0.000000 -0.000000 )
( -0.113106  0.000000  0.000000 -0.000000 -0.000000  0.000000 )
( -0.000000  0.000000  0.000000 -0.000000  0.000000 -0.000000 )
(  0.113106 -0.000000 -0.000000  0.000000  0.000000 -0.000000 )
( -0.113106  0.000000 -0.000000  0.000000 -0.000000  0.000000 )
(  0.341729 -0.000000 -0.000000  0.000000  0.000000 -0.000000 )
( -0.341729  0.000000 -0.000000  0.000000 -0.000000  0.000000 )
(  0.000000 -0.000000 -0.000000  0.000000  0.000000 -0.000000 )
(  0.227121 -0.000000 -0.054567  0.000000 -0.064299  0.000000 )
( -0.227121  0.000000 -0.054567  0.000000  0.064299 -0.000000 )
(  0.227121 -0.000000 -0.054567  0.000000  0.064299 -0.000000 )
( -0.227121  0.000000 -0.054567  0.000000 -0.064299  0.000000 )
( -0.000000  0.000000 -0.000000  0.000000 -0.000000  0.000000 )
(  0.227121 -0.000000  0.054567 -0.000000  0.064299 -0.000000 )
( -0.227121  0.000000  0.054567 -0.000000 -0.064299  0.000000 )
(  0.227121 -0.000000  0.054567 -0.000000 -0.064299  0.000000 )
( -0.227121  0.000000  0.054567 -0.000000  0.064299 -0.000000 )
     freq (  63) =       4.239023 [THz] =     141.398588 [cm-1]
(  0.000000  0.000000 -0.000000  0.000000  0.000000  0.000000 )
( -0.000000  0.000000  0.000000  0.000000  0.000000  0.000000 )
(  0.000000  0.000000  0.000000  0.000000 -0.000000  0.000000 )
( -0.000000  0.000000 -0.000000  0.000000 -0.000000  0.000000 )
( -0.000000  0.000000  0.047711  0.000000  0.000000  0.000000 )
( -0.000000  0.000000 -0.047711  0.000000 -0.000000  0.000000 )
(  0.000000  0.000000  0.000000  0.000000  0.000000  0.000000 )
( -0.000000  0.000000 -0.056671  0.000000 -0.000000  0.000000 )
( -0.000000  0.000000  0.056671  0.000000  0.000000  0.000000 )
(  0.000000  0.000000 -0.000000  0.000000  0.000000  0.000000 )
(  0.000000  0.000000 -0.056671  0.000000 -0.000000  0.000000 )
(  0.000000  0.000000 -0.047711  0.000000 -0.000000  0.000000 )
( -0.000000  0.000000  0.000000  0.000000 -0.000000  0.000000 )
( -0.000000  0.000000  0.047711  0.000000  0.000000  0.000000 )
( -0.000000  0.000000  0.056671  0.000000  0.000000  0.000000 )
( -0.000000  0.000000 -0.000000  0.000000 -0.000000  0.000000 )
( -0.000000  0.000000 -0.000000  0.000000  0.000000  0.000000 )
( -0.157105  0.000000 -0.000000  0.000000  0.000000  0.000000 )
(  0.157105  0.000000 -0.000000  0.000000 -0.000000  0.000000 )
( -0.149849  0.000000  0.000000  0.000000  0.000000  0.000000 )
(  0.149849  0.000000  0.000000  0.000000  0.000000  0.000000 )
(  0.000000  0.000000  0.000000  0.000000 -0.000000  0.000000 )
(  0.149849  0.000000  0.000000  0.000000 -0.000000  0.000000 )
( -0.149849  0.000000  0.000000  0.000000  0.000000  0.000000 )
(  0.157105  0.000000 -0.000000  0.000000 -0.000000  0.000000 )
( -0.157105  0.000000 -0.000000  0.000000  0.000000  0.000000 )
( -0.000000  0.000000 -0.073784  0.000000 -0.000000  0.000000 )
( -0.019031  0.000000 -0.296777  0.000000  0.094275  0.000000 )
(  0.019031  0.000000 -0.296777  0.000000 -0.094275  0.000000 )
(  0.019031  0.000000  0.296777  0.000000  0.094275  0.000000 )
( -0.019031  0.000000  0.296777  0.000000 -0.094275  0.000000 )
( -0.000000  0.000000  0.073784  0.000000  0.000000  0.000000 )
( -0.019031  0.000000  0.296777  0.000000 -0.094275  0.000000 )
(  0.019031  0.000000  0.296777  0.000000  0.094275  0.000000 )
(  0.019031  0.000000 -0.296777  0.000000 -0.094275  0.000000 )
( -0.019031  0.000000 -0.296777  0.000000  0.094275  0.000000 )
     freq (  64) =       4.270424 [THz] =     142.445997 [cm-1]
(  0.000000 -0.000000 -0.021219  0.000000  0.000000 -0.000000 )
(  0.000000 -0.000000 -0.021219  0.000000 -0.000000  0.000000 )
( -0.000000  0.000000  0.014254 -0.000000  0.000000 -0.000000 )
( -0.000000  0.000000  0.014254 -0.000000 -0.000000  0.000000 )
(  0.000000 -0.000000 -0.058549  0.000000 -0.000000  0.000000 )
(  0.000000 -0.000000 -0.058549  0.000000  0.000000 -0.000000 )
(  0.000000 -0.000000  0.001342 -0.000000 -0.000000  0.000000 )
( -0.000000  0.000000  0.051094 -0.000000  0.000000 -0.000000 )
( -0.000000  0.000000  0.051094 -0.000000 -0.000000  0.000000 )
(  0.000000 -0.000000  0.001342 -0.000000  0.000000 -0.000000 )
( -0.000000  0.000000  0.051094 -0.000000  0.000000 -0.000000 )
(  0.000000 -0.000000 -0.058549  0.000000  0.000000 -0.000000 )
( -0.000000  0.000000 -0.018766  0.000000 -0.000000  0.000000 )
(  0.000000 -0.000000 -0.058549  0.000000 -0.000000  0.000000 )
( -0.000000  0.000000  0.051094 -0.000000 -0.000000  0.000000 )
( -0.000000  0.000000 -0.018766  0.000000 -0.000000  0.000000 )
(  0.000000 -0.000000 -0.065160  0.000000  0.000000 -0.000000 )
(  0.000000 -0.000000 -0.311208  0.000000  0.073061 -0.000000 )
( -0.000000  0.000000 -0.311208  0.000000 -0.073061  0.000000 )
(  0.000000 -0.000000  0.266279 -0.000000  0.105922 -0.000000 )
(  0.000000 -0.000000  0.266279 -0.000000 -0.105922  0.000000 )
( -0.000000  0.000000  0.075614 -0.000000 -0.000000  0.000000 )
(  0.000000 -0.000000  0.266279 -0.000000 -0.105922  0.000000 )
(  0.000000 -0.000000  0.266279 -0.000000  0.105922 -0.000000 )
( -0.000000  0.000000 -0.311208  0.000000 -0.073061  0.000000 )
( -0.000000  0.000000 -0.311208  0.000000  0.073061 -0.000000 )
(  0.000000 -0.000000 -0.014854  0.000000  0.000000 -0.000000 )
( -0.161810  0.000000  0.031919 -0.000000  0.032723 -0.000000 )
(  0.161810 -0.000000  0.031919 -0.000000 -0.032723  0.000000 )
( -0.161810  0.000000  0.031919 -0.000000 -0.032723  0.000000 )
(  0.161810 -0.000000  0.031919 -0.000000  0.032723 -0.000000 )
( -0.000000  0.000000 -0.014854  0.000000 -0.000000  0.000000 )
(  0.161810 -0.000000  0.031919 -0.000000  0.032723 -0.000000 )
( -0.161810  0.000000  0.031919 -0.000000 -0.032723  0.000000 )
(  0.161810 -0.000000  0.031919 -0.000000 -0.032723  0.000000 )
( -0.161810  0.000000  0.031919 -0.000000  0.032723 -0.000000 )
     freq (  65) =       4.292295 [THz] =     143.175560 [cm-1]
( -0.024435  0.000000  0.000000  0.000000 -0.000000  0.000000 )
( -0.024435  0.000000 -0.000000  0.000000 -0.000000  0.000000 )
(  0.019239  0.000000 -0.000000  0.000000  0.000000  0.000000 )
(  0.019239  0.000000 -0.000000  0.000000 -0.000000  0.000000 )
( -0.052911  0.000000 -0.000000  0.000000  0.090562  0.000000 )
( -0.052911  0.000000 -0.000000  0.000000 -0.090562  0.000000 )
( -0.015990  0.000000  0.000000  0.000000 -0.000000  0.000000 )
(  0.038496  0.000000  0.000000  0.000000 -0.092270  0.000000 )
(  0.038496  0.000000  0.000000  0.000000  0.092270  0.000000 )
( -0.015990  0.000000  0.000000  0.000000 -0.000000  0.000000 )
(  0.038496  0.000000  0.000000  0.000000 -0.092270  0.000000 )
( -0.052911  0.000000 -0.000000  0.000000 -0.090562  0.000000 )
(  0.015042  0.000000 -0.000000  0.000000 -0.000000  0.000000 )
( -0.052911  0.000000 -0.000000  0.000000  0.090562  0.000000 )
(  0.038496  0.000000  0.000000  0.000000  0.092270  0.000000 )
(  0.015042  0.000000 -0.000000  0.000000 -0.000000  0.000000 )
( -0.147915  0.000000 -0.000000  0.000000 -0.000000  0.000000 )
(  0.117290  0.000000 -0.000000  0.000000  0.000000  0.000000 )
(  0.117290  0.000000 -0.000000  0.000000  0.000000  0.000000 )
( -0.184259  0.000000  0.000000  0.000000 -0.000000  0.000000 )
( -0.184259  0.000000  0.000000  0.000000 -0.000000  0.000000 )
(  0.116825  0.000000  0.000000  0.000000  0.000000  0.000000 )
( -0.184259  0.000000  0.000000  0.000000 -0.000000  0.000000 )
( -0.184259  0.000000  0.000000  0.000000 -0.000000  0.000000 )
(  0.117290  0.000000 -0.000000  0.000000  0.000000  0.000000 )
(  0.117290  0.000000 -0.000000  0.000000  0.000000  0.000000 )
(  0.012545  0.000000  0.000000  0.000000 -0.250315  0.000000 )
(  0.040407  0.000000 -0.011301  0.000000  0.261496  0.000000 )
(  0.040407  0.000000  0.011301  0.000000  0.261496  0.000000 )
(  0.040407  0.000000 -0.011301  0.000000 -0.261496  0.000000 )
(  0.040407  0.000000  0.011301  0.000000 -0.261496  0.000000 )
(  0.012545  0.000000 -0.000000  0.000000  0.250315  0.000000 )
(  0.040407  0.000000  0.011301  0.000000 -0.261496  0.000000 )
(  0.040407  0.000000 -0.011301  0.000000 -0.261496  0.000000 )
(  0.040407  0.000000  0.011301  0.000000  0.261496  0.000000 )
(  0.040407  0.000000 -0.011301  0.000000  0.261496  0.000000 )
     freq (  66) =       4.324655 [THz] =     144.254973 [cm-1]
( -0.000000  0.000000  0.000000 -0.000000 -0.045186  0.000000 )
(  0.000000 -0.000000 -0.000000  0.000000 -0.045186  0.000000 )
(  0.000000 -0.000000  0.000000 -0.000000  0.033542 -0.000000 )
( -0.000000  0.000000 -0.000000  0.000000  0.033542 -0.000000 )
(  0.046583 -0.000000  0.000000 -0.000000 -0.092583  0.000000 )
( -0.046583  0.000000 -0.000000  0.000000 -0.092583  0.000000 )
( -0.000000  0.000000 -0.000000  0.000000 -0.069136  0.000000 )
( -0.062586  0.000000  0.000000 -0.000000  0.076936 -0.000000 )
(  0.062586 -0.000000  0.000000 -0.000000  0.076936 -0.000000 )
( -0.000000  0.000000  0.000000 -0.000000 -0.069136  0.000000 )
( -0.062586  0.000000  0.000000 -0.000000  0.076936 -0.000000 )
( -0.046583  0.000000  0.000000 -0.000000 -0.092583  0.000000 )
(  0.000000 -0.000000  0.000000 -0.000000  0.043373 -0.000000 )
(  0.046583 -0.000000 -0.000000  0.000000 -0.092583  0.000000 )
(  0.062586 -0.000000  0.000000 -0.000000  0.076936 -0.000000 )
(  0.000000 -0.000000 -0.000000  0.000000  0.043373 -0.000000 )
(  0.000000 -0.000000 -0.000000  0.000000 -0.277002  0.000000 )
( -0.000000  0.000000 -0.060182  0.000000  0.247025 -0.000000 )
( -0.000000  0.000000  0.060182 -0.000000  0.247025 -0.000000 )
(  0.000000 -0.000000  0.069786 -0.000000 -0.254126  0.000000 )
(  0.000000 -0.000000 -0.069786  0.000000 -0.254126  0.000000 )
( -0.000000  0.000000 -0.000000  0.000000  0.236935 -0.000000 )
(  0.000000 -0.000000 -0.069786  0.000000 -0.254126  0.000000 )
(  0.000000 -0.000000  0.069786 -0.000000 -0.254126  0.000000 )
( -0.000000  0.000000  0.060182 -0.000000  0.247025 -0.000000 )
( -0.000000  0.000000 -0.060182  0.000000  0.247025 -0.000000 )
( -0.148908  0.000000  0.000000 -0.000000  0.017485 -0.000000 )
(  0.140034 -0.000000  0.055667 -0.000000  0.016456 -0.000000 )
(  0.140034 -0.000000 -0.055667  0.000000  0.016456 -0.000000 )
( -0.140034  0.000000 -0.055667  0.000000  0.016456 -0.000000 )
( -0.140034  0.000000  0.055667 -0.000000  0.016456 -0.000000 )
(  0.148908 -0.000000  0.000000 -0.000000  0.017485 -0.000000 )
( -0.140034  0.000000  0.055667 -0.000000  0.016456 -0.000000 )
( -0.140034  0.000000 -0.055667  0.000000  0.016456 -0.000000 )
(  0.140034 -0.000000 -0.055667  0.000000  0.016456 -0.000000 )
(  0.140034 -0.000000  0.055667 -0.000000  0.016456 -0.000000 )
     freq (  67) =       4.461697 [THz] =     148.826195 [cm-1]
( -0.120150  0.000000  0.000000  0.000000  0.000000  0.000000 )
( -0.120150  0.000000 -0.000000  0.000000  0.000000  0.000000 )
(  0.128454  0.000000  0.000000  0.000000 -0.000000  0.000000 )
(  0.128454  0.000000 -0.000000  0.000000  0.000000  0.000000 )
(  0.006741  0.000000  0.000000  0.000000 -0.014906  0.000000 )
(  0.006741  0.000000 -0.000000  0.000000  0.014906  0.000000 )
( -0.122557  0.000000  0.000000  0.000000  0.000000  0.000000 )
(  0.009828  0.000000  0.000000  0.000000  0.025168  0.000000 )
(  0.009828  0.000000  0.000000  0.000000 -0.025168  0.000000 )
( -0.122557  0.000000 -0.000000  0.000000  0.000000  0.000000 )
(  0.009828  0.000000 -0.000000  0.000000  0.025168  0.000000 )
(  0.006741  0.000000  0.000000  0.000000  0.014906  0.000000 )
(  0.127151  0.000000 -0.000000  0.000000 -0.000000  0.000000 )
(  0.006741  0.000000 -0.000000  0.000000 -0.014906  0.000000 )
(  0.009828  0.000000  0.000000  0.000000 -0.025168  0.000000 )
(  0.127151  0.000000 -0.000000  0.000000 -0.000000  0.000000 )
( -0.157481  0.000000 -0.000000  0.000000  0.000000  0.000000 )
( -0.237934  0.000000  0.000000  0.000000 -0.000000  0.000000 )
( -0.237934  0.000000 -0.000000  0.000000 -0.000000  0.000000 )
( -0.195144  0.000000  0.000000  0.000000  0.000000  0.000000 )
( -0.195144  0.000000 -0.000000  0.000000  0.000000  0.000000 )
( -0.193087  0.000000  0.000000  0.000000 -0.000000  0.000000 )
( -0.195144  0.000000  0.000000  0.000000  0.000000  0.000000 )
( -0.195144  0.000000  0.000000  0.000000  0.000000  0.000000 )
( -0.237934  0.000000 -0.000000  0.000000 -0.000000  0.000000 )
( -0.237934  0.000000 -0.000000  0.000000  0.000000  0.000000 )
(  0.175346  0.000000 -0.000000  0.000000  0.051018  0.000000 )
(  0.208253  0.000000  0.025827  0.000000 -0.038592  0.000000 )
(  0.208253  0.000000 -0.025827  0.000000 -0.038592  0.000000 )
(  0.208253  0.000000  0.025827  0.000000  0.038592  0.000000 )
(  0.208253  0.000000 -0.025827  0.000000  0.038592  0.000000 )
(  0.175346  0.000000  0.000000  0.000000 -0.051018  0.000000 )
(  0.208253  0.000000 -0.025827  0.000000  0.038592  0.000000 )
(  0.208253  0.000000  0.025827  0.000000  0.038592  0.000000 )
(  0.208253  0.000000 -0.025827  0.000000 -0.038592  0.000000 )
(  0.208253  0.000000  0.025827  0.000000 -0.038592  0.000000 )
     freq (  68) =       4.522773 [THz] =     150.863482 [cm-1]
( -0.000000  0.000000 -0.013263  0.000000 -0.000000  0.000000 )
( -0.000000  0.000000  0.013263  0.000000 -0.000000  0.000000 )
(  0.000000  0.000000 -0.000000  0.000000  0.000000  0.000000 )
(  0.000000  0.000000  0.000000  0.000000 -0.000000  0.000000 )
( -0.007505  0.000000  0.000000  0.000000 -0.003460  0.000000 )
( -0.007505  0.000000 -0.000000  0.000000  0.003460  0.000000 )
(  0.003970  0.000000 -0.000000  0.000000 -0.000000  0.000000 )
( -0.001567  0.000000  0.000000  0.000000  0.007521  0.000000 )
( -0.001567  0.000000  0.000000  0.000000 -0.007521  0.000000 )
( -0.003970  0.000000  0.000000  0.000000 -0.000000  0.000000 )
(  0.001567  0.000000 -0.000000  0.000000 -0.007521  0.000000 )
(  0.007505  0.000000  0.000000  0.000000 -0.003460  0.000000 )
(  0.000000  0.000000  0.000000  0.000000  0.012604  0.000000 )
(  0.007505  0.000000 -0.000000  0.000000  0.003460  0.000000 )
(  0.001567  0.000000 -0.000000  0.000000  0.007521  0.000000 )
(  0.000000  0.000000 -0.000000  0.000000 -0.012604  0.000000 )
( -0.000000  0.000000 -0.000000  0.000000 -0.000000  0.000000 )
( -0.000000  0.000000 -0.204537  0.000000  0.010180  0.000000 )
( -0.000000  0.000000 -0.204537  0.000000 -0.010180  0.000000 )
( -0.000000  0.000000  0.263573  0.000000 -0.031071  0.000000 )
( -0.000000  0.000000  0.263573  0.000000  0.031071  0.000000 )
( -0.000000  0.000000  0.000000  0.000000 -0.000000  0.000000 )
( -0.000000  0.000000 -0.263573  0.000000 -0.031071  0.000000 )
( -0.000000  0.000000 -0.263573  0.000000  0.031071  0.000000 )
( -0.000000  0.000000  0.204537  0.000000  0.010180  0.000000 )
( -0.000000  0.000000  0.204537  0.000000 -0.010180  0.000000 )
(  0.000000  0.000000 -0.000000  0.000000  0.000000  0.000000 )
( -0.035087  0.000000 -0.259283  0.000000  0.014232  0.000000 )
(  0.035087  0.000000 -0.259283  0.000000 -0.014232  0.000000 )
(  0.035087  0.000000  0.259283  0.000000  0.014232  0.000000 )
( -0.035087  0.000000  0.259283  0.000000 -0.014232  0.000000 )
(  0.000000  0.000000  0.000000  0.000000  0.000000  0.000000 )
(  0.035087  0.000000 -0.259283  0.000000  0.014232  0.000000 )
( -0.035087  0.000000 -0.259283  0.000000 -0.014232  0.000000 )
( -0.035087  0.000000  0.259283  0.000000  0.014232  0.000000 )
(  0.035087  0.000000  0.259283  0.000000 -0.014232  0.000000 )
     freq (  69) =       4.571701 [THz] =     152.495524 [cm-1]
( -0.000000  0.000000 -0.000000  0.000000 -0.002582  0.000000 )
( -0.000000  0.000000  0.000000  0.000000  0.002582  0.000000 )
(  0.004841  0.000000  0.000000  0.000000  0.000000  0.000000 )
( -0.004841  0.000000 -0.000000  0.000000  0.000000  0.000000 )
( -0.000000  0.000000 -0.005482  0.000000 -0.000000  0.000000 )
( -0.000000  0.000000  0.005482  0.000000  0.000000  0.000000 )
( -0.000000  0.000000  0.000000  0.000000 -0.000000  0.000000 )
(  0.000000  0.000000 -0.001036  0.000000  0.000000  0.000000 )
(  0.000000  0.000000  0.001036  0.000000 -0.000000  0.000000 )
( -0.000000  0.000000  0.000000  0.000000 -0.000000  0.000000 )
(  0.000000  0.000000  0.001036  0.000000 -0.000000  0.000000 )
( -0.000000  0.000000 -0.005482  0.000000 -0.000000  0.000000 )
(  0.000000  0.000000 -0.006493  0.000000  0.000000  0.000000 )
(  0.000000  0.000000  0.005482  0.000000  0.000000  0.000000 )
(  0.000000  0.000000 -0.001036  0.000000  0.000000  0.000000 )
(  0.000000  0.000000  0.006493  0.000000 -0.000000  0.000000 )
( -0.000000  0.000000  0.000000  0.000000  0.000000  0.000000 )
( -0.000000  0.000000 -0.236224  0.000000  0.004319  0.000000 )
( -0.000000  0.000000  0.236224  0.000000  0.004319  0.000000 )
( -0.000000  0.000000 -0.256361  0.000000  0.011659  0.000000 )
( -0.000000  0.000000  0.256361  0.000000  0.011659  0.000000 )
( -0.000000  0.000000  0.000000  0.000000  0.000000  0.000000 )
( -0.000000  0.000000 -0.256361  0.000000 -0.011659  0.000000 )
( -0.000000  0.000000  0.256361  0.000000 -0.011659  0.000000 )
( -0.000000  0.000000 -0.236224  0.000000 -0.004319  0.000000 )
( -0.000000  0.000000  0.236224  0.000000 -0.004319  0.000000 )
(  0.000000  0.000000 -0.000000  0.000000 -0.000000  0.000000 )
( -0.010405  0.000000 -0.252986  0.000000  0.004192  0.000000 )
( -0.010405  0.000000  0.252986  0.000000  0.004192  0.000000 )
( -0.010405  0.000000 -0.252986  0.000000 -0.004192  0.000000 )
( -0.010405  0.000000  0.252986  0.000000 -0.004192  0.000000 )
(  0.000000  0.000000 -0.000000  0.000000  0.000000  0.000000 )
(  0.010405  0.000000 -0.252986  0.000000  0.004192  0.000000 )
(  0.010405  0.000000  0.252986  0.000000  0.004192  0.000000 )
(  0.010405  0.000000 -0.252986  0.000000 -0.004192  0.000000 )
(  0.010405  0.000000  0.252986  0.000000 -0.004192  0.000000 )
     freq (  70) =       5.130814 [THz] =     171.145518 [cm-1]
(  0.000000 -0.000000  0.000000 -0.000000 -0.004385  0.000000 )
( -0.000000  0.000000  0.000000 -0.000000 -0.004385  0.000000 )
(  0.000000 -0.000000 -0.000000  0.000000  0.004310 -0.000000 )
(  0.000000 -0.000000 -0.000000  0.000000  0.004310 -0.000000 )
( -0.010919  0.000000  0.000000 -0.000000 -0.010575  0.000000 )
(  0.010919 -0.000000 -0.000000  0.000000 -0.010575  0.000000 )
( -0.000000  0.000000 -0.000000  0.000000  0.020287 -0.000000 )
(  0.020249 -0.000000  0.000000 -0.000000 -0.019562  0.000000 )
( -0.020249  0.000000 -0.000000  0.000000 -0.019562  0.000000 )
(  0.000000 -0.000000 -0.000000  0.000000  0.020287 -0.000000 )
(  0.020249 -0.000000 -0.000000  0.000000 -0.019562  0.000000 )
(  0.010919 -0.000000 -0.000000  0.000000 -0.010575  0.000000 )
( -0.000000  0.000000  0.000000 -0.000000 -0.028614  0.000000 )
( -0.010919  0.000000 -0.000000  0.000000 -0.010575  0.000000 )
( -0.020249  0.000000 -0.000000  0.000000 -0.019562  0.000000 )
(  0.000000 -0.000000  0.000000 -0.000000 -0.028614  0.000000 )
( -0.000000  0.000000 -0.000000  0.000000 -0.154488  0.000000 )
(  0.000000 -0.000000  0.002073 -0.000000  0.034200 -0.000000 )
( -0.000000  0.000000 -0.002073  0.000000  0.034200 -0.000000 )
(  0.000000 -0.000000 -0.040659  0.000000  0.011749 -0.000000 )
(  0.000000 -0.000000  0.040659 -0.000000  0.011749 -0.000000 )
(  0.000000 -0.000000 -0.000000  0.000000 -0.563792  0.000000 )
(  0.000000 -0.000000  0.040659 -0.000000  0.011749 -0.000000 )
(  0.000000 -0.000000 -0.040659  0.000000  0.011749 -0.000000 )
( -0.000000  0.000000 -0.002073  0.000000  0.034200 -0.000000 )
( -0.000000  0.000000  0.002073 -0.000000  0.034200 -0.000000 )
( -0.379552  0.000000  0.000000 -0.000000  0.412992 -0.000000 )
( -0.019583  0.000000 -0.017090  0.000000 -0.025325  0.000000 )
( -0.019583  0.000000  0.017090 -0.000000 -0.025325  0.000000 )
(  0.019583 -0.000000  0.017090 -0.000000 -0.025325  0.000000 )
(  0.019583 -0.000000 -0.017090  0.000000 -0.025325  0.000000 )
(  0.379552 -0.000000  0.000000 -0.000000  0.412992 -0.000000 )
(  0.019583 -0.000000 -0.017090  0.000000 -0.025325  0.000000 )
(  0.019583 -0.000000  0.017090 -0.000000 -0.025325  0.000000 )
( -0.019583  0.000000  0.017090 -0.000000 -0.025325  0.000000 )
( -0.019583  0.000000 -0.017090  0.000000 -0.025325  0.000000 )
     freq (  71) =       5.155602 [THz] =     171.972364 [cm-1]
(  0.000757 -0.000000 -0.000000  0.000000  0.000000 -0.000000 )
(  0.000757 -0.000000  0.000000 -0.000000 -0.000000  0.000000 )
(  0.000409 -0.000000  0.000000 -0.000000 -0.000000  0.000000 )
(  0.000409 -0.000000 -0.000000  0.000000 -0.000000  0.000000 )
(  0.020602 -0.000000 -0.000000  0.000000  0.008321 -0.000000 )
(  0.020602 -0.000000  0.000000 -0.000000 -0.008321  0.000000 )
(  0.033416 -0.000000  0.000000 -0.000000 -0.000000  0.000000 )
( -0.001217  0.000000  0.000000 -0.000000 -0.020031  0.000000 )
( -0.001217  0.000000  0.000000 -0.000000  0.020031 -0.000000 )
(  0.033416 -0.000000  0.000000 -0.000000  0.000000 -0.000000 )
( -0.001217  0.000000 -0.000000  0.000000 -0.020031  0.000000 )
(  0.020602 -0.000000  0.000000 -0.000000 -0.008321  0.000000 )
(  0.007948 -0.000000 -0.000000  0.000000  0.000000 -0.000000 )
(  0.020602 -0.000000  0.000000 -0.000000  0.008321 -0.000000 )
( -0.001217  0.000000 -0.000000  0.000000  0.020031 -0.000000 )
(  0.007948 -0.000000 -0.000000  0.000000 -0.000000  0.000000 )
( -0.643644  0.000000 -0.000000  0.000000  0.000000 -0.000000 )
( -0.028568  0.000000 -0.000000  0.000000 -0.000000  0.000000 )
( -0.028568  0.000000 -0.000000  0.000000 -0.000000  0.000000 )
(  0.033757 -0.000000  0.000000 -0.000000  0.000000 -0.000000 )
(  0.033757 -0.000000 -0.000000  0.000000 -0.000000  0.000000 )
(  0.562034 -0.000000  0.000000 -0.000000  0.000000 -0.000000 )
(  0.033757 -0.000000 -0.000000  0.000000  0.000000 -0.000000 )
(  0.033757 -0.000000  0.000000 -0.000000 -0.000000  0.000000 )
( -0.028568  0.000000  0.000000 -0.000000 -0.000000  0.000000 )
( -0.028568  0.000000  0.000000 -0.000000  0.000000 -0.000000 )
( -0.023766  0.000000 -0.000000  0.000000  0.348727 -0.000000 )
(  0.000285 -0.000000 -0.031780  0.000000  0.021331 -0.000000 )
(  0.000285 -0.000000  0.031780 -0.000000  0.021331 -0.000000 )
(  0.000285 -0.000000 -0.031780  0.000000 -0.021331  0.000000 )
(  0.000285 -0.000000  0.031780 -0.000000 -0.021331  0.000000 )
( -0.023766  0.000000 -0.000000  0.000000 -0.348727  0.000000 )
(  0.000285 -0.000000  0.031780 -0.000000 -0.021331  0.000000 )
(  0.000285 -0.000000 -0.031780  0.000000 -0.021331  0.000000 )
(  0.000285 -0.000000  0.031780 -0.000000  0.021331 -0.000000 )
(  0.000285 -0.000000 -0.031780  0.000000  0.021331 -0.000000 )
     freq (  72) =       5.254877 [THz] =     175.283841 [cm-1]
( -0.000000  0.000000 -0.000000  0.000000 -0.003480  0.000000 )
(  0.000000  0.000000  0.000000  0.000000 -0.003480  0.000000 )
(  0.000000  0.000000 -0.000000  0.000000  0.003810  0.000000 )
(  0.000000  0.000000  0.000000  0.000000  0.003810  0.000000 )
(  0.016873  0.000000 -0.000000  0.000000  0.016964  0.000000 )
( -0.016873  0.000000  0.000000  0.000000  0.016964  0.000000 )
( -0.000000  0.000000  0.000000  0.000000  0.019161  0.000000 )
( -0.008019  0.000000  0.000000  0.000000 -0.005895  0.000000 )
(  0.008019  0.000000 -0.000000  0.000000 -0.005895  0.000000 )
(  0.000000  0.000000  0.000000  0.000000  0.019161  0.000000 )
( -0.008019  0.000000  0.000000  0.000000 -0.005895  0.000000 )
( -0.016873  0.000000  0.000000  0.000000  0.016964  0.000000 )
(  0.000000  0.000000 -0.000000  0.000000 -0.028004  0.000000 )
(  0.016873  0.000000 -0.000000  0.000000  0.016964  0.000000 )
(  0.008019  0.000000 -0.000000  0.000000 -0.005895  0.000000 )
( -0.000000  0.000000  0.000000  0.000000 -0.028004  0.000000 )
( -0.000000  0.000000 -0.000000  0.000000 -0.581028  0.000000 )
(  0.000000  0.000000  0.022140  0.000000  0.003390  0.000000 )
( -0.000000  0.000000 -0.022140  0.000000  0.003390  0.000000 )
(  0.000000  0.000000  0.023090  0.000000  0.030979  0.000000 )
( -0.000000  0.000000 -0.023090  0.000000  0.030979  0.000000 )
(  0.000000  0.000000  0.000000  0.000000 -0.033926  0.000000 )
(  0.000000  0.000000 -0.023090  0.000000  0.030979  0.000000 )
( -0.000000  0.000000  0.023090  0.000000  0.030979  0.000000 )
(  0.000000  0.000000 -0.022140  0.000000  0.003390  0.000000 )
( -0.000000  0.000000  0.022140  0.000000  0.003390  0.000000 )
(  0.475724  0.000000 -0.000000  0.000000  0.302095  0.000000 )
(  0.024154  0.000000 -0.026934  0.000000 -0.018075  0.000000 )
(  0.024154  0.000000  0.026934  0.000000 -0.018075  0.000000 )
( -0.024154  0.000000  0.026934  0.000000 -0.018075  0.000000 )
( -0.024154  0.000000 -0.026934  0.000000 -0.018075  0.000000 )
( -0.475724  0.000000  0.000000  0.000000  0.302095  0.000000 )
( -0.024154  0.000000 -0.026934  0.000000 -0.018075  0.000000 )
( -0.024154  0.000000  0.026934  0.000000 -0.018075  0.000000 )
(  0.024154  0.000000  0.026934  0.000000 -0.018075  0.000000 )
(  0.024154  0.000000 -0.026934  0.000000 -0.018075  0.000000 )
     freq (  73) =       5.262383 [THz] =     175.534209 [cm-1]
( -0.000000  0.000000 -0.000000  0.000000 -0.000000  0.000000 )
(  0.000000 -0.000000  0.000000 -0.000000 -0.000000  0.000000 )
(  0.000000 -0.000000  0.000715 -0.000000  0.000000 -0.000000 )
( -0.000000  0.000000 -0.000715  0.000000  0.000000 -0.000000 )
(  0.271675 -0.000000 -0.000000  0.000000  0.025888 -0.000000 )
( -0.271675  0.000000 -0.000000  0.000000  0.025888 -0.000000 )
( -0.000000  0.000000 -0.000000  0.000000 -0.155609  0.000000 )
(  0.341394 -0.000000  0.000000 -0.000000  0.140734 -0.000000 )
( -0.341394  0.000000  0.000000 -0.000000  0.140734 -0.000000 )
(  0.000000 -0.000000  0.000000 -0.000000  0.155609 -0.000000 )
( -0.341394  0.000000 -0.000000  0.000000 -0.140734  0.000000 )
(  0.271675 -0.000000 -0.000000  0.000000 -0.025888  0.000000 )
( -0.018688  0.000000  0.000000 -0.000000 -0.000000  0.000000 )
( -0.271675  0.000000 -0.000000  0.000000 -0.025888  0.000000 )
(  0.341394 -0.000000  0.000000 -0.000000 -0.140734  0.000000 )
(  0.018688 -0.000000  0.000000 -0.000000  0.000000 -0.000000 )
(  0.000000 -0.000000  0.000000 -0.000000 -0.000000  0.000000 )
( -0.054613  0.000000  0.000000 -0.000000  0.000000 -0.000000 )
(  0.054613 -0.000000 -0.000000  0.000000 -0.000000  0.000000 )
( -0.102592  0.000000  0.000000 -0.000000  0.000000 -0.000000 )
(  0.102592 -0.000000 -0.000000  0.000000  0.000000 -0.000000 )
( -0.000000  0.000000  0.000000 -0.000000 -0.000000  0.000000 )
( -0.102592  0.000000 -0.000000  0.000000  0.000000 -0.000000 )
(  0.102592 -0.000000  0.000000 -0.000000  0.000000 -0.000000 )
( -0.054613  0.000000 -0.000000  0.000000  0.000000 -0.000000 )
(  0.054613 -0.000000  0.000000 -0.000000 -0.000000  0.000000 )
(  0.000000 -0.000000  0.000000 -0.000000  0.000000 -0.000000 )
(  0.077145 -0.000000 -0.007387  0.000000  0.026128 -0.000000 )
( -0.077145  0.000000 -0.007387  0.000000 -0.026128  0.000000 )
(  0.077145 -0.000000 -0.007387  0.000000 -0.026128  0.000000 )
( -0.077145  0.000000 -0.007387  0.000000  0.026128 -0.000000 )
( -0.000000  0.000000 -0.000000  0.000000  0.000000 -0.000000 )
(  0.077145 -0.000000  0.007387 -0.000000 -0.026128  0.000000 )
( -0.077145  0.000000  0.007387 -0.000000  0.026128 -0.000000 )
(  0.077145 -0.000000  0.007387 -0.000000  0.026128 -0.000000 )
( -0.077145  0.000000  0.007387 -0.000000 -0.026128  0.000000 )
     freq (  74) =       5.310902 [THz] =     177.152638 [cm-1]
(  0.000000 -0.000000  0.006790 -0.000000 -0.000000  0.000000 )
( -0.000000  0.000000 -0.006790  0.000000 -0.000000  0.000000 )
( -0.000000  0.000000 -0.000000  0.000000 -0.000000  0.000000 )
( -0.000000  0.000000 -0.000000  0.000000  0.000000 -0.000000 )
( -0.184860  0.000000  0.000000 -0.000000 -0.203962  0.000000 )
( -0.184860  0.000000  0.000000 -0.000000  0.203962 -0.000000 )
( -0.021081  0.000000  0.000000 -0.000000  0.000000 -0.000000 )
(  0.111703 -0.000000  0.000000 -0.000000  0.190426 -0.000000 )
(  0.111703 -0.000000 -0.000000  0.000000 -0.190426  0.000000 )
(  0.021081 -0.000000  0.000000 -0.000000 -0.000000  0.000000 )
( -0.111703  0.000000  0.000000 -0.000000 -0.190426  0.000000 )
(  0.184860 -0.000000  0.000000 -0.000000 -0.203962  0.000000 )
( -0.000000  0.000000 -0.000000  0.000000 -0.416735  0.000000 )
(  0.184860 -0.000000  0.000000 -0.000000  0.203962 -0.000000 )
( -0.111703  0.000000  0.000000 -0.000000  0.190426 -0.000000 )
(  0.000000 -0.000000  0.000000 -0.000000  0.416735 -0.000000 )
( -0.000000  0.000000 -0.000000  0.000000 -0.000000  0.000000 )
(  0.000000 -0.000000  0.099074 -0.000000  0.079923 -0.000000 )
( -0.000000  0.000000  0.099074 -0.000000 -0.079923  0.000000 )
(  0.000000 -0.000000  0.002284 -0.000000 -0.112358  0.000000 )
( -0.000000  0.000000  0.002284 -0.000000  0.112358 -0.000000 )
(  0.000000 -0.000000 -0.000000  0.000000  0.000000 -0.000000 )
(  0.000000 -0.000000 -0.002284  0.000000 -0.112358  0.000000 )
( -0.000000  0.000000 -0.002284  0.000000  0.112358 -0.000000 )
(  0.000000 -0.000000 -0.099074  0.000000  0.079923 -0.000000 )
( -0.000000  0.000000 -0.099074  0.000000 -0.079923  0.000000 )
(  0.000000 -0.000000 -0.000000  0.000000  0.000000 -0.000000 )
(  0.058707 -0.000000 -0.036496  0.000000 -0.003003  0.000000 )
( -0.058707  0.000000 -0.036496  0.000000  0.003003 -0.000000 )
( -0.058707  0.000000  0.036496 -0.000000 -0.003003  0.000000 )
(  0.058707 -0.000000  0.036496 -0.000000  0.003003 -0.000000 )
( -0.000000  0.000000  0.000000 -0.000000  0.000000 -0.000000 )
( -0.058707  0.000000 -0.036496  0.000000 -0.003003  0.000000 )
(  0.058707 -0.000000 -0.036496  0.000000  0.003003 -0.000000 )
(  0.058707 -0.000000  0.036496 -0.000000 -0.003003  0.000000 )
( -0.058707  0.000000  0.036496 -0.000000  0.003003 -0.000000 )
     freq (  75) =       5.334810 [THz] =     177.950118 [cm-1]
(  0.000000 -0.000000 -0.000000  0.000000  0.000000 -0.000000 )
(  0.000000 -0.000000  0.000000 -0.000000 -0.000000  0.000000 )
( -0.000000  0.000000  0.000600 -0.000000 -0.000000  0.000000 )
( -0.000000  0.000000 -0.000600  0.000000  0.000000 -0.000000 )
( -0.266814  0.000000 -0.000000  0.000000 -0.184760  0.000000 )
(  0.266814 -0.000000 -0.000000  0.000000 -0.184760  0.000000 )
( -0.000000  0.000000  0.000000 -0.000000 -0.409632  0.000000 )
(  0.078832 -0.000000 -0.000000  0.000000  0.123046 -0.000000 )
( -0.078832  0.000000  0.000000 -0.000000  0.123046 -0.000000 )
(  0.000000 -0.000000  0.000000 -0.000000  0.409632 -0.000000 )
( -0.078832  0.000000  0.000000 -0.000000 -0.123046  0.000000 )
( -0.266814  0.000000  0.000000 -0.000000  0.184760 -0.000000 )
( -0.153624  0.000000 -0.000000  0.000000 -0.000000  0.000000 )
(  0.266814 -0.000000 -0.000000  0.000000  0.184760 -0.000000 )
(  0.078832 -0.000000 -0.000000  0.000000 -0.123046  0.000000 )
(  0.153624 -0.000000 -0.000000  0.000000 -0.000000  0.000000 )
( -0.000000  0.000000 -0.000000  0.000000  0.000000 -0.000000 )
(  0.068751 -0.000000 -0.000000  0.000000  0.000000 -0.000000 )
( -0.068751  0.000000 -0.000000  0.000000  0.000000 -0.000000 )
( -0.033489  0.000000  0.000000 -0.000000  0.000000 -0.000000 )
(  0.033489 -0.000000 -0.000000  0.000000 -0.000000  0.000000 )
(  0.000000 -0.000000 -0.000000  0.000000  0.000000 -0.000000 )
( -0.033489  0.000000 -0.000000  0.000000  0.000000 -0.000000 )
(  0.033489 -0.000000  0.000000 -0.000000  0.000000 -0.000000 )
(  0.068751 -0.000000  0.000000 -0.000000 -0.000000  0.000000 )
( -0.068751  0.000000  0.000000 -0.000000  0.000000 -0.000000 )
( -0.000000  0.000000 -0.000000  0.000000 -0.000000  0.000000 )
( -0.032474  0.000000  0.007106 -0.000000  0.098898 -0.000000 )
(  0.032474 -0.000000  0.007106 -0.000000 -0.098898  0.000000 )
( -0.032474  0.000000  0.007106 -0.000000 -0.098898  0.000000 )
(  0.032474 -0.000000  0.007106 -0.000000  0.098898 -0.000000 )
(  0.000000 -0.000000 -0.000000  0.000000 -0.000000  0.000000 )
( -0.032474  0.000000 -0.007106  0.000000 -0.098898  0.000000 )
(  0.032474 -0.000000 -0.007106  0.000000  0.098898 -0.000000 )
( -0.032474  0.000000 -0.007106  0.000000  0.098898 -0.000000 )
(  0.032474 -0.000000 -0.007106  0.000000 -0.098898  0.000000 )
     freq (  76) =       5.359077 [THz] =     178.759575 [cm-1]
(  0.000000  0.000000 -0.023360  0.000000  0.000000  0.000000 )
( -0.000000  0.000000  0.023360  0.000000  0.000000  0.000000 )
( -0.000000  0.000000  0.000000  0.000000 -0.000000  0.000000 )
( -0.000000  0.000000 -0.000000  0.000000 -0.000000  0.000000 )
(  0.077193  0.000000  0.000000  0.000000 -0.026624  0.000000 )
(  0.077193  0.000000  0.000000  0.000000  0.026624  0.000000 )
( -0.242148  0.000000 -0.000000  0.000000  0.000000  0.000000 )
(  0.178440  0.000000 -0.000000  0.000000 -0.180985  0.000000 )
(  0.178440  0.000000 -0.000000  0.000000  0.180985  0.000000 )
(  0.242148  0.000000 -0.000000  0.000000 -0.000000  0.000000 )
( -0.178440  0.000000 -0.000000  0.000000  0.180985  0.000000 )
( -0.077193  0.000000 -0.000000  0.000000 -0.026624  0.000000 )
(  0.000000  0.000000  0.000000  0.000000 -0.245070  0.000000 )
( -0.077193  0.000000  0.000000  0.000000  0.026624  0.000000 )
( -0.178440  0.000000 -0.000000  0.000000 -0.180985  0.000000 )
( -0.000000  0.000000 -0.000000  0.000000  0.245070  0.000000 )
( -0.000000  0.000000 -0.000000  0.000000  0.000000  0.000000 )
(  0.000000  0.000000 -0.311271  0.000000  0.029842  0.000000 )
(  0.000000  0.000000 -0.311271  0.000000 -0.029842  0.000000 )
(  0.000000  0.000000 -0.039143  0.000000 -0.033097  0.000000 )
( -0.000000  0.000000 -0.039143  0.000000  0.033097  0.000000 )
( -0.000000  0.000000  0.000000  0.000000  0.000000  0.000000 )
(  0.000000  0.000000  0.039143  0.000000 -0.033097  0.000000 )
( -0.000000  0.000000  0.039143  0.000000  0.033097  0.000000 )
( -0.000000  0.000000  0.311271  0.000000  0.029842  0.000000 )
( -0.000000  0.000000  0.311271  0.000000 -0.029842  0.000000 )
(  0.000000  0.000000  0.000000  0.000000 -0.000000  0.000000 )
(  0.013718  0.000000  0.095627  0.000000 -0.004618  0.000000 )
( -0.013718  0.000000  0.095627  0.000000  0.004618  0.000000 )
( -0.013718  0.000000 -0.095627  0.000000 -0.004618  0.000000 )
(  0.013718  0.000000 -0.095627  0.000000  0.004618  0.000000 )
(  0.000000  0.000000 -0.000000  0.000000 -0.000000  0.000000 )
( -0.013718  0.000000  0.095627  0.000000 -0.004618  0.000000 )
(  0.013718  0.000000  0.095627  0.000000  0.004618  0.000000 )
(  0.013718  0.000000 -0.095627  0.000000 -0.004618  0.000000 )
( -0.013718  0.000000 -0.095627  0.000000  0.004618  0.000000 )
     freq (  77) =       5.672785 [THz] =     189.223749 [cm-1]
( -0.036970  0.000000  0.000000 -0.000000 -0.000000  0.000000 )
( -0.036970  0.000000 -0.000000  0.000000 -0.000000  0.000000 )
( -0.035007  0.000000 -0.000000  0.000000  0.000000 -0.000000 )
( -0.035007  0.000000 -0.000000  0.000000 -0.000000  0.000000 )
( -0.325979  0.000000  0.000000 -0.000000 -0.166356  0.000000 )
( -0.325979  0.000000  0.000000 -0.000000  0.166356 -0.000000 )
( -0.034074  0.000000  0.000000 -0.000000  0.000000 -0.000000 )
( -0.244928  0.000000 -0.000000  0.000000 -0.118377  0.000000 )
( -0.244928  0.000000 -0.000000  0.000000  0.118377 -0.000000 )
( -0.034074  0.000000 -0.000000  0.000000  0.000000 -0.000000 )
( -0.244928  0.000000 -0.000000  0.000000 -0.118377  0.000000 )
( -0.325979  0.000000 -0.000000  0.000000  0.166356 -0.000000 )
( -0.043075  0.000000 -0.000000  0.000000  0.000000 -0.000000 )
( -0.325979  0.000000  0.000000 -0.000000 -0.166356  0.000000 )
( -0.244928  0.000000  0.000000 -0.000000  0.118377 -0.000000 )
( -0.043075  0.000000 -0.000000  0.000000  0.000000 -0.000000 )
(  0.041553 -0.000000  0.000000 -0.000000 -0.000000  0.000000 )
(  0.092410 -0.000000  0.000000 -0.000000 -0.000000  0.000000 )
(  0.092410 -0.000000  0.000000 -0.000000 -0.000000  0.000000 )
(  0.079865 -0.000000  0.000000 -0.000000  0.000000 -0.000000 )
(  0.079865 -0.000000  0.000000 -0.000000  0.000000 -0.000000 )
(  0.059055 -0.000000  0.000000 -0.000000 -0.000000  0.000000 )
(  0.079865 -0.000000 -0.000000  0.000000  0.000000 -0.000000 )
(  0.079865 -0.000000 -0.000000  0.000000 -0.000000  0.000000 )
(  0.092410 -0.000000 -0.000000  0.000000 -0.000000  0.000000 )
(  0.092410 -0.000000 -0.000000  0.000000 -0.000000  0.000000 )
(  0.102241 -0.000000 -0.000000  0.000000  0.029598 -0.000000 )
(  0.091638 -0.000000 -0.014349  0.000000 -0.009021  0.000000 )
(  0.091638 -0.000000  0.014349 -0.000000 -0.009021  0.000000 )
(  0.091638 -0.000000 -0.014349  0.000000  0.009021 -0.000000 )
(  0.091638 -0.000000  0.014349 -0.000000  0.009021 -0.000000 )
(  0.102241 -0.000000 -0.000000  0.000000 -0.029598  0.000000 )
(  0.091638 -0.000000  0.014349 -0.000000  0.009021 -0.000000 )
(  0.091638 -0.000000 -0.014349  0.000000  0.009021 -0.000000 )
(  0.091638 -0.000000  0.014349 -0.000000 -0.009021  0.000000 )
(  0.091638 -0.000000 -0.014349  0.000000 -0.009021  0.000000 )
     freq (  78) =       5.719309 [THz] =     190.775615 [cm-1]
( -0.000000  0.000000 -0.000000  0.000000 -0.037538  0.000000 )
( -0.000000  0.000000  0.000000 -0.000000 -0.037538  0.000000 )
( -0.000000  0.000000  0.000000 -0.000000 -0.027753  0.000000 )
( -0.000000  0.000000 -0.000000  0.000000 -0.027753  0.000000 )
( -0.163729  0.000000 -0.000000  0.000000 -0.139826  0.000000 )
(  0.163729 -0.000000  0.000000 -0.000000 -0.139826  0.000000 )
( -0.000000  0.000000 -0.000000  0.000000 -0.324912  0.000000 )
( -0.117193  0.000000  0.000000 -0.000000 -0.107010  0.000000 )
(  0.117193 -0.000000 -0.000000  0.000000 -0.107010  0.000000 )
(  0.000000 -0.000000 -0.000000  0.000000 -0.324912  0.000000 )
( -0.117193  0.000000  0.000000 -0.000000 -0.107010  0.000000 )
(  0.163729 -0.000000  0.000000 -0.000000 -0.139826  0.000000 )
(  0.000000 -0.000000 -0.000000  0.000000 -0.413106  0.000000 )
( -0.163729  0.000000 -0.000000  0.000000 -0.139826  0.000000 )
(  0.117193 -0.000000 -0.000000  0.000000 -0.107010  0.000000 )
( -0.000000  0.000000 -0.000000  0.000000 -0.413106  0.000000 )
( -0.000000  0.000000  0.000000 -0.000000  0.121898 -0.000000 )
(  0.000000 -0.000000 -0.001238  0.000000  0.088615 -0.000000 )
( -0.000000  0.000000  0.001238 -0.000000  0.088615 -0.000000 )
(  0.000000 -0.000000  0.017402 -0.000000  0.096429 -0.000000 )
(  0.000000 -0.000000 -0.017402  0.000000  0.096429 -0.000000 )
(  0.000000 -0.000000  0.000000 -0.000000  0.063875 -0.000000 )
(  0.000000 -0.000000 -0.017402  0.000000  0.096429 -0.000000 )
(  0.000000 -0.000000  0.017402 -0.000000  0.096429 -0.000000 )
( -0.000000  0.000000  0.001238 -0.000000  0.088615 -0.000000 )
(  0.000000 -0.000000 -0.001238  0.000000  0.088615 -0.000000 )
(  0.034383 -0.000000 -0.000000  0.000000  0.073560 -0.000000 )
( -0.009592  0.000000  0.007276 -0.000000  0.082090 -0.000000 )
( -0.009592  0.000000 -0.007276  0.000000  0.082090 -0.000000 )
(  0.009592 -0.000000 -0.007276  0.000000  0.082090 -0.000000 )
(  0.009592 -0.000000  0.007276 -0.000000  0.082090 -0.000000 )
( -0.034383  0.000000 -0.000000  0.000000  0.073560 -0.000000 )
(  0.009592 -0.000000  0.007276 -0.000000  0.082090 -0.000000 )
(  0.009592 -0.000000 -0.007276  0.000000  0.082090 -0.000000 )
( -0.009592  0.000000 -0.007276  0.000000  0.082090 -0.000000 )
( -0.009592  0.000000  0.007276 -0.000000  0.082090 -0.000000 )
     freq (  79) =       6.058313 [THz] =     202.083554 [cm-1]
( -0.000000  0.000000 -0.000000  0.000000 -0.000000  0.000000 )
( -0.000000  0.000000  0.000000  0.000000 -0.000000  0.000000 )
(  0.000000  0.000000 -0.016700  0.000000 -0.000000  0.000000 )
(  0.000000  0.000000  0.016700  0.000000 -0.000000  0.000000 )
( -0.026370  0.000000  0.000000  0.000000  0.208363  0.000000 )
(  0.026370  0.000000 -0.000000  0.000000  0.208363  0.000000 )
( -0.000000  0.000000  0.000000  0.000000 -0.156655  0.000000 )
(  0.075689  0.000000  0.000000  0.000000 -0.287175  0.000000 )
( -0.075689  0.000000  0.000000  0.000000 -0.287175  0.000000 )
(  0.000000  0.000000  0.000000  0.000000  0.156655  0.000000 )
( -0.075689  0.000000 -0.000000  0.000000  0.287175  0.000000 )
( -0.026370  0.000000  0.000000  0.000000 -0.208363  0.000000 )
( -0.386118  0.000000  0.000000  0.000000 -0.000000  0.000000 )
(  0.026370  0.000000  0.000000  0.000000 -0.208363  0.000000 )
(  0.075689  0.000000  0.000000  0.000000  0.287175  0.000000 )
(  0.386118  0.000000  0.000000  0.000000  0.000000  0.000000 )
( -0.000000  0.000000  0.000000  0.000000  0.000000  0.000000 )
( -0.038101  0.000000 -0.000000  0.000000  0.000000  0.000000 )
(  0.038101  0.000000 -0.000000  0.000000 -0.000000  0.000000 )
(  0.034960  0.000000 -0.000000  0.000000  0.000000  0.000000 )
( -0.034960  0.000000 -0.000000  0.000000  0.000000  0.000000 )
(  0.000000  0.000000  0.000000  0.000000  0.000000  0.000000 )
(  0.034960  0.000000  0.000000  0.000000  0.000000  0.000000 )
( -0.034960  0.000000  0.000000  0.000000  0.000000  0.000000 )
( -0.038101  0.000000  0.000000  0.000000  0.000000  0.000000 )
(  0.038101  0.000000  0.000000  0.000000 -0.000000  0.000000 )
(  0.000000  0.000000 -0.000000  0.000000  0.000000  0.000000 )
( -0.005003  0.000000 -0.116419  0.000000  0.021291  0.000000 )
(  0.005003  0.000000 -0.116419  0.000000 -0.021291  0.000000 )
( -0.005003  0.000000 -0.116419  0.000000 -0.021291  0.000000 )
(  0.005003  0.000000 -0.116419  0.000000  0.021291  0.000000 )
(  0.000000  0.000000 -0.000000  0.000000  0.000000  0.000000 )
( -0.005003  0.000000  0.116419  0.000000 -0.021291  0.000000 )
(  0.005003  0.000000  0.116419  0.000000  0.021291  0.000000 )
( -0.005003  0.000000  0.116419  0.000000  0.021291  0.000000 )
(  0.005003  0.000000  0.116419  0.000000 -0.021291  0.000000 )
     freq (  80) =       6.081134 [THz] =     202.844804 [cm-1]
( -0.000000  0.000000 -0.010596  0.000000  0.000000  0.000000 )
( -0.000000  0.000000  0.010596  0.000000  0.000000  0.000000 )
( -0.000000  0.000000  0.000000  0.000000 -0.000000  0.000000 )
( -0.000000  0.000000 -0.000000  0.000000  0.000000  0.000000 )
( -0.204124  0.000000 -0.000000  0.000000  0.270213  0.000000 )
( -0.204124  0.000000  0.000000  0.000000 -0.270213  0.000000 )
( -0.358700  0.000000 -0.000000  0.000000  0.000000  0.000000 )
( -0.173042  0.000000 -0.000000  0.000000  0.025845  0.000000 )
( -0.173042  0.000000  0.000000  0.000000 -0.025845  0.000000 )
(  0.358700  0.000000 -0.000000  0.000000 -0.000000  0.000000 )
(  0.173042  0.000000  0.000000  0.000000 -0.025845  0.000000 )
(  0.204124  0.000000 -0.000000  0.000000  0.270213  0.000000 )
(  0.000000  0.000000 -0.000000  0.000000 -0.127358  0.000000 )
(  0.204124  0.000000 -0.000000  0.000000 -0.270213  0.000000 )
(  0.173042  0.000000 -0.000000  0.000000  0.025845  0.000000 )
( -0.000000  0.000000 -0.000000  0.000000  0.127358  0.000000 )
( -0.000000  0.000000  0.000000  0.000000 -0.000000  0.000000 )
(  0.000000  0.000000 -0.017986  0.000000  0.039884  0.000000 )
( -0.000000  0.000000 -0.017986  0.000000 -0.039884  0.000000 )
( -0.000000  0.000000 -0.141810  0.000000  0.011408  0.000000 )
(  0.000000  0.000000 -0.141810  0.000000 -0.011408  0.000000 )
(  0.000000  0.000000 -0.000000  0.000000  0.000000  0.000000 )
( -0.000000  0.000000  0.141810  0.000000  0.011408  0.000000 )
(  0.000000  0.000000  0.141810  0.000000 -0.011408  0.000000 )
(  0.000000  0.000000  0.017986  0.000000  0.039884  0.000000 )
( -0.000000  0.000000  0.017986  0.000000 -0.039884  0.000000 )
(  0.000000  0.000000  0.000000  0.000000  0.000000  0.000000 )
( -0.025751  0.000000 -0.063192  0.000000 -0.019242  0.000000 )
(  0.025751  0.000000 -0.063192  0.000000  0.019242  0.000000 )
(  0.025751  0.000000  0.063192  0.000000 -0.019242  0.000000 )
( -0.025751  0.000000  0.063192  0.000000  0.019242  0.000000 )
(  0.000000  0.000000  0.000000  0.000000 -0.000000  0.000000 )
(  0.025751  0.000000 -0.063192  0.000000 -0.019242  0.000000 )
( -0.025751  0.000000 -0.063192  0.000000  0.019242  0.000000 )
( -0.025751  0.000000  0.063192  0.000000 -0.019242  0.000000 )
(  0.025751  0.000000  0.063192  0.000000  0.019242  0.000000 )
     freq (  81) =       6.628775 [THz] =     221.112148 [cm-1]
( -0.002377  0.000000  0.000000 -0.000000 -0.000000  0.000000 )
( -0.002377  0.000000  0.000000 -0.000000 -0.000000  0.000000 )
( -0.002051  0.000000  0.000000 -0.000000  0.000000 -0.000000 )
( -0.002051  0.000000 -0.000000  0.000000  0.000000 -0.000000 )
(  0.229205 -0.000000  0.000000 -0.000000  0.136379 -0.000000 )
(  0.229205 -0.000000  0.000000 -0.000000 -0.136379  0.000000 )
( -0.043866  0.000000  0.000000 -0.000000  0.000000 -0.000000 )
( -0.317005  0.000000 -0.000000  0.000000 -0.162158  0.000000 )
( -0.317005  0.000000  0.000000 -0.000000  0.162158 -0.000000 )
( -0.043866  0.000000  0.000000 -0.000000  0.000000 -0.000000 )
( -0.317005  0.000000  0.000000 -0.000000 -0.162158  0.000000 )
(  0.229205 -0.000000  0.000000 -0.000000 -0.136379  0.000000 )
(  0.004878 -0.000000  0.000000 -0.000000 -0.000000  0.000000 )
(  0.229205 -0.000000 -0.000000  0.000000  0.136379 -0.000000 )
( -0.317005  0.000000  0.000000 -0.000000  0.162158 -0.000000 )
(  0.004878 -0.000000  0.000000 -0.000000 -0.000000  0.000000 )
(  0.055620 -0.000000  0.000000 -0.000000 -0.000000  0.000000 )
( -0.044336  0.000000  0.000000 -0.000000  0.000000 -0.000000 )
( -0.044336  0.000000 -0.000000  0.000000  0.000000 -0.000000 )
(  0.059831 -0.000000  0.000000 -0.000000 -0.000000  0.000000 )
(  0.059831 -0.000000 -0.000000  0.000000 -0.000000  0.000000 )
(  0.057351 -0.000000  0.000000 -0.000000 -0.000000  0.000000 )
(  0.059831 -0.000000 -0.000000  0.000000 -0.000000  0.000000 )
(  0.059831 -0.000000  0.000000 -0.000000 -0.000000  0.000000 )
( -0.044336  0.000000 -0.000000  0.000000  0.000000 -0.000000 )
( -0.044336  0.000000  0.000000 -0.000000  0.000000 -0.000000 )
(  0.009749 -0.000000 -0.000000  0.000000 -0.016774  0.000000 )
(  0.011551 -0.000000  0.145237 -0.000000  0.025652 -0.000000 )
(  0.011551 -0.000000 -0.145237  0.000000  0.025652 -0.000000 )
(  0.011551 -0.000000  0.145237 -0.000000 -0.025652  0.000000 )
(  0.011551 -0.000000 -0.145237  0.000000 -0.025652  0.000000 )
(  0.009749 -0.000000 -0.000000  0.000000  0.016774 -0.000000 )
(  0.011551 -0.000000 -0.145237  0.000000 -0.025652  0.000000 )
(  0.011551 -0.000000  0.145237 -0.000000 -0.025652  0.000000 )
(  0.011551 -0.000000 -0.145237  0.000000  0.025652 -0.000000 )
(  0.011551 -0.000000  0.145237 -0.000000  0.025652 -0.000000 )
     freq (  82) =       6.669591 [THz] =     222.473615 [cm-1]
( -0.000000  0.000000  0.000000 -0.000000  0.005957 -0.000000 )
( -0.000000  0.000000 -0.000000  0.000000  0.005957 -0.000000 )
( -0.000000  0.000000 -0.000000  0.000000 -0.008594  0.000000 )
( -0.000000  0.000000  0.000000 -0.000000 -0.008594  0.000000 )
(  0.184336 -0.000000  0.000000 -0.000000  0.109529 -0.000000 )
( -0.184336  0.000000 -0.000000  0.000000  0.109529 -0.000000 )
( -0.000000  0.000000 -0.000000  0.000000 -0.107203  0.000000 )
( -0.295872  0.000000 -0.000000  0.000000 -0.204316  0.000000 )
(  0.295872 -0.000000 -0.000000  0.000000 -0.204316  0.000000 )
( -0.000000  0.000000 -0.000000  0.000000 -0.107203  0.000000 )
( -0.295872  0.000000  0.000000 -0.000000 -0.204316  0.000000 )
( -0.184336  0.000000 -0.000000  0.000000  0.109529 -0.000000 )
( -0.000000  0.000000  0.000000 -0.000000  0.136153 -0.000000 )
(  0.184336 -0.000000 -0.000000  0.000000  0.109529 -0.000000 )
(  0.295872 -0.000000  0.000000 -0.000000 -0.204316  0.000000 )
(  0.000000 -0.000000 -0.000000  0.000000  0.136153 -0.000000 )
(  0.000000 -0.000000 -0.000000  0.000000  0.000730 -0.000000 )
( -0.000000  0.000000 -0.055182  0.000000 -0.032306  0.000000 )
( -0.000000  0.000000  0.055182 -0.000000 -0.032306  0.000000 )
(  0.000000 -0.000000 -0.218018  0.000000  0.031926 -0.000000 )
(  0.000000 -0.000000  0.218018 -0.000000  0.031926 -0.000000 )
(  0.000000 -0.000000 -0.000000  0.000000  0.037622 -0.000000 )
(  0.000000 -0.000000  0.218018 -0.000000  0.031926 -0.000000 )
(  0.000000 -0.000000 -0.218018  0.000000  0.031926 -0.000000 )
( -0.000000  0.000000  0.055182 -0.000000 -0.032306  0.000000 )
( -0.000000  0.000000 -0.055182  0.000000 -0.032306  0.000000 )
( -0.018696  0.000000  0.000000 -0.000000  0.026189 -0.000000 )
(  0.049155 -0.000000  0.020541 -0.000000  0.015511 -0.000000 )
(  0.049155 -0.000000 -0.020541  0.000000  0.015511 -0.000000 )
( -0.049155  0.000000 -0.020541  0.000000  0.015511 -0.000000 )
( -0.049155  0.000000  0.020541 -0.000000  0.015511 -0.000000 )
(  0.018696 -0.000000  0.000000 -0.000000  0.026189 -0.000000 )
( -0.049155  0.000000  0.020541 -0.000000  0.015511 -0.000000 )
( -0.049155  0.000000 -0.020541  0.000000  0.015511 -0.000000 )
(  0.049155 -0.000000 -0.020541  0.000000  0.015511 -0.000000 )
(  0.049155 -0.000000  0.020541 -0.000000  0.015511 -0.000000 )
     freq (  83) =       6.738872 [THz] =     224.784586 [cm-1]
( -0.000000  0.000000  0.000000  0.000000  0.027606  0.000000 )
(  0.000000  0.000000 -0.000000  0.000000  0.027606  0.000000 )
( -0.000000  0.000000  0.000000  0.000000 -0.028693  0.000000 )
(  0.000000  0.000000  0.000000  0.000000 -0.028693  0.000000 )
( -0.014562  0.000000  0.000000  0.000000  0.002016  0.000000 )
(  0.014562  0.000000  0.000000  0.000000  0.002016  0.000000 )
( -0.000000  0.000000  0.000000  0.000000 -0.491174  0.000000 )
(  0.109722  0.000000 -0.000000  0.000000  0.029892  0.000000 )
( -0.109722  0.000000  0.000000  0.000000  0.029892  0.000000 )
(  0.000000  0.000000 -0.000000  0.000000 -0.491174  0.000000 )
(  0.109722  0.000000  0.000000  0.000000  0.029892  0.000000 )
(  0.014562  0.000000  0.000000  0.000000  0.002016  0.000000 )
(  0.000000  0.000000  0.000000  0.000000  0.313463  0.000000 )
( -0.014562  0.000000  0.000000  0.000000  0.002016  0.000000 )
( -0.109722  0.000000  0.000000  0.000000  0.029892  0.000000 )
( -0.000000  0.000000 -0.000000  0.000000  0.313463  0.000000 )
( -0.000000  0.000000  0.000000  0.000000 -0.024449  0.000000 )
(  0.000000  0.000000  0.078970  0.000000 -0.028053  0.000000 )
(  0.000000  0.000000 -0.078970  0.000000 -0.028053  0.000000 )
( -0.000000  0.000000 -0.017665  0.000000 -0.043830  0.000000 )
( -0.000000  0.000000  0.017665  0.000000 -0.043830  0.000000 )
( -0.000000  0.000000  0.000000  0.000000  0.038075  0.000000 )
( -0.000000  0.000000  0.017665  0.000000 -0.043830  0.000000 )
( -0.000000  0.000000 -0.017665  0.000000 -0.043830  0.000000 )
(  0.000000  0.000000 -0.078970  0.000000 -0.028053  0.000000 )
(  0.000000  0.000000  0.078970  0.000000 -0.028053  0.000000 )
( -0.014573  0.000000  0.000000  0.000000  0.030346  0.000000 )
( -0.015758  0.000000 -0.160247  0.000000  0.045353  0.000000 )
( -0.015758  0.000000  0.160247  0.000000  0.045353  0.000000 )
(  0.015758  0.000000  0.160247  0.000000  0.045353  0.000000 )
(  0.015758  0.000000 -0.160247  0.000000  0.045353  0.000000 )
(  0.014573  0.000000 -0.000000  0.000000  0.030346  0.000000 )
(  0.015758  0.000000 -0.160247  0.000000  0.045353  0.000000 )
(  0.015758  0.000000  0.160247  0.000000  0.045353  0.000000 )
( -0.015758  0.000000  0.160247  0.000000  0.045353  0.000000 )
( -0.015758  0.000000 -0.160247  0.000000  0.045353  0.000000 )
     freq (  84) =       6.797556 [THz] =     226.742064 [cm-1]
( -0.000000  0.000000 -0.000000  0.000000  0.000000  0.000000 )
(  0.000000  0.000000 -0.000000  0.000000  0.000000  0.000000 )
( -0.000000  0.000000  0.012073  0.000000 -0.000000  0.000000 )
(  0.000000  0.000000 -0.012073  0.000000 -0.000000  0.000000 )
( -0.074006  0.000000 -0.000000  0.000000 -0.217222  0.000000 )
(  0.074006  0.000000  0.000000  0.000000 -0.217222  0.000000 )
( -0.000000  0.000000 -0.000000  0.000000  0.131846  0.000000 )
(  0.241849  0.000000  0.000000  0.000000 -0.315422  0.000000 )
( -0.241849  0.000000  0.000000  0.000000 -0.315422  0.000000 )
(  0.000000  0.000000 -0.000000  0.000000 -0.131846  0.000000 )
( -0.241849  0.000000  0.000000  0.000000  0.315422  0.000000 )
( -0.074006  0.000000  0.000000  0.000000  0.217222  0.000000 )
(  0.176578  0.000000  0.000000  0.000000  0.000000  0.000000 )
(  0.074006  0.000000  0.000000  0.000000  0.217222  0.000000 )
(  0.241849  0.000000 -0.000000  0.000000  0.315422  0.000000 )
( -0.176578  0.000000 -0.000000  0.000000  0.000000  0.000000 )
(  0.000000  0.000000  0.000000  0.000000  0.000000  0.000000 )
(  0.014748  0.000000 -0.000000  0.000000 -0.000000  0.000000 )
( -0.014748  0.000000 -0.000000  0.000000 -0.000000  0.000000 )
( -0.007668  0.000000 -0.000000  0.000000 -0.000000  0.000000 )
(  0.007668  0.000000  0.000000  0.000000  0.000000  0.000000 )
( -0.000000  0.000000  0.000000  0.000000  0.000000  0.000000 )
( -0.007668  0.000000  0.000000  0.000000 -0.000000  0.000000 )
(  0.007668  0.000000 -0.000000  0.000000  0.000000  0.000000 )
(  0.014748  0.000000  0.000000  0.000000 -0.000000  0.000000 )
( -0.014748  0.000000  0.000000  0.000000 -0.000000  0.000000 )
( -0.000000  0.000000  0.000000  0.000000  0.000000  0.000000 )
(  0.007441  0.000000  0.085113  0.000000 -0.007923  0.000000 )
( -0.007441  0.000000  0.085113  0.000000  0.007923  0.000000 )
(  0.007441  0.000000  0.085113  0.000000  0.007923  0.000000 )
( -0.007441  0.000000  0.085113  0.000000 -0.007923  0.000000 )
(  0.000000  0.000000  0.000000  0.000000  0.000000  0.000000 )
(  0.007441  0.000000 -0.085113  0.000000  0.007923  0.000000 )
( -0.007441  0.000000 -0.085113  0.000000 -0.007923  0.000000 )
(  0.007441  0.000000 -0.085113  0.000000 -0.007923  0.000000 )
( -0.007441  0.000000 -0.085113  0.000000  0.007923  0.000000 )
     freq (  85) =       6.826650 [THz] =     227.712548 [cm-1]
( -0.000000  0.000000 -0.003282  0.000000 -0.000000  0.000000 )
(  0.000000  0.000000  0.003282  0.000000  0.000000  0.000000 )
( -0.000000  0.000000 -0.000000  0.000000 -0.000000  0.000000 )
( -0.000000  0.000000  0.000000  0.000000 -0.000000  0.000000 )
(  0.249903  0.000000 -0.000000  0.000000 -0.047994  0.000000 )
(  0.249903  0.000000  0.000000  0.000000  0.047994  0.000000 )
( -0.269101  0.000000 -0.000000  0.000000 -0.000000  0.000000 )
( -0.126527  0.000000  0.000000  0.000000  0.341549  0.000000 )
( -0.126527  0.000000  0.000000  0.000000 -0.341549  0.000000 )
(  0.269101  0.000000  0.000000  0.000000  0.000000  0.000000 )
(  0.126527  0.000000  0.000000  0.000000 -0.341549  0.000000 )
( -0.249903  0.000000  0.000000  0.000000 -0.047994  0.000000 )
( -0.000000  0.000000 -0.000000  0.000000  0.030577  0.000000 )
( -0.249903  0.000000  0.000000  0.000000  0.047994  0.000000 )
(  0.126527  0.000000 -0.000000  0.000000  0.341549  0.000000 )
(  0.000000  0.000000 -0.000000  0.000000 -0.030577  0.000000 )
( -0.000000  0.000000  0.000000  0.000000  0.000000  0.000000 )
( -0.000000  0.000000 -0.081554  0.000000 -0.006746  0.000000 )
(  0.000000  0.000000 -0.081554  0.000000  0.006746  0.000000 )
(  0.000000  0.000000  0.047567  0.000000 -0.013590  0.000000 )
(  0.000000  0.000000  0.047567  0.000000  0.013590  0.000000 )
(  0.000000  0.000000  0.000000  0.000000  0.000000  0.000000 )
(  0.000000  0.000000 -0.047567  0.000000 -0.013590  0.000000 )
(  0.000000  0.000000 -0.047567  0.000000  0.013590  0.000000 )
( -0.000000  0.000000  0.081554  0.000000 -0.006746  0.000000 )
(  0.000000  0.000000  0.081554  0.000000  0.006746  0.000000 )
(  0.000000  0.000000 -0.000000  0.000000 -0.000000  0.000000 )
(  0.002181  0.000000  0.058046  0.000000 -0.001958  0.000000 )
( -0.002181  0.000000  0.058046  0.000000  0.001958  0.000000 )
( -0.002181  0.000000 -0.058046  0.000000 -0.001958  0.000000 )
(  0.002181  0.000000 -0.058046  0.000000  0.001958  0.000000 )
(  0.000000  0.000000 -0.000000  0.000000  0.000000  0.000000 )
( -0.002181  0.000000  0.058046  0.000000 -0.001958  0.000000 )
(  0.002181  0.000000  0.058046  0.000000  0.001958  0.000000 )
(  0.002181  0.000000 -0.058046  0.000000 -0.001958  0.000000 )
( -0.002181  0.000000 -0.058046  0.000000  0.001958  0.000000 )
     freq (  86) =       6.962819 [THz] =     232.254645 [cm-1]
( -0.000000  0.000000  0.011208  0.000000 -0.000000  0.000000 )
(  0.000000  0.000000 -0.011208  0.000000 -0.000000  0.000000 )
(  0.000000  0.000000  0.000000  0.000000  0.000000  0.000000 )
( -0.000000  0.000000  0.000000  0.000000  0.000000  0.000000 )
( -0.043646  0.000000  0.000000  0.000000 -0.269575  0.000000 )
( -0.043646  0.000000  0.000000  0.000000  0.269575  0.000000 )
( -0.441852  0.000000  0.000000  0.000000  0.000000  0.000000 )
( -0.013169  0.000000 -0.000000  0.000000 -0.149854  0.000000 )
( -0.013169  0.000000 -0.000000  0.000000  0.149854  0.000000 )
(  0.441852  0.000000 -0.000000  0.000000  0.000000  0.000000 )
(  0.013169  0.000000 -0.000000  0.000000  0.149854  0.000000 )
(  0.043646  0.000000  0.000000  0.000000 -0.269575  0.000000 )
( -0.000000  0.000000 -0.000000  0.000000  0.257129  0.000000 )
(  0.043646  0.000000  0.000000  0.000000  0.269575  0.000000 )
(  0.013169  0.000000  0.000000  0.000000 -0.149854  0.000000 )
(  0.000000  0.000000  0.000000  0.000000 -0.257129  0.000000 )
( -0.000000  0.000000  0.000000  0.000000  0.000000  0.000000 )
( -0.000000  0.000000  0.131378  0.000000 -0.001951  0.000000 )
( -0.000000  0.000000  0.131378  0.000000  0.001951  0.000000 )
(  0.000000  0.000000  0.008084  0.000000  0.007475  0.000000 )
(  0.000000  0.000000  0.008084  0.000000 -0.007475  0.000000 )
(  0.000000  0.000000 -0.000000  0.000000 -0.000000  0.000000 )
(  0.000000  0.000000 -0.008084  0.000000  0.007475  0.000000 )
(  0.000000  0.000000 -0.008084  0.000000 -0.007475  0.000000 )
( -0.000000  0.000000 -0.131378  0.000000 -0.001951  0.000000 )
(  0.000000  0.000000 -0.131378  0.000000  0.001951  0.000000 )
(  0.000000  0.000000 -0.000000  0.000000 -0.000000  0.000000 )
(  0.002408  0.000000 -0.047430  0.000000 -0.008994  0.000000 )
( -0.002408  0.000000 -0.047430  0.000000  0.008994  0.000000 )
( -0.002408  0.000000  0.047430  0.000000 -0.008994  0.000000 )
(  0.002408  0.000000  0.047430  0.000000  0.008994  0.000000 )
(  0.000000  0.000000  0.000000  0.000000  0.000000  0.000000 )
( -0.002408  0.000000 -0.047430  0.000000 -0.008994  0.000000 )
(  0.002408  0.000000 -0.047430  0.000000  0.008994  0.000000 )
(  0.002408  0.000000  0.047430  0.000000 -0.008994  0.000000 )
( -0.002408  0.000000  0.047430  0.000000  0.008994  0.000000 )
     freq (  87) =       7.041798 [THz] =     234.889098 [cm-1]
(  0.000000  0.000000 -0.017909  0.000000  0.000000  0.000000 )
( -0.000000  0.000000  0.017909  0.000000 -0.000000  0.000000 )
(  0.000000  0.000000 -0.000000  0.000000 -0.000000  0.000000 )
( -0.000000  0.000000  0.000000  0.000000 -0.000000  0.000000 )
(  0.129471  0.000000  0.000000  0.000000 -0.183483  0.000000 )
(  0.129471  0.000000  0.000000  0.000000  0.183483  0.000000 )
(  0.158722  0.000000  0.000000  0.000000 -0.000000  0.000000 )
( -0.307192  0.000000 -0.000000  0.000000 -0.121160  0.000000 )
( -0.307192  0.000000 -0.000000  0.000000  0.121160  0.000000 )
( -0.158722  0.000000  0.000000  0.000000  0.000000  0.000000 )
(  0.307192  0.000000 -0.000000  0.000000  0.121160  0.000000 )
( -0.129471  0.000000  0.000000  0.000000 -0.183483  0.000000 )
(  0.000000  0.000000 -0.000000  0.000000 -0.232204  0.000000 )
( -0.129471  0.000000  0.000000  0.000000  0.183483  0.000000 )
(  0.307192  0.000000 -0.000000  0.000000 -0.121160  0.000000 )
( -0.000000  0.000000 -0.000000  0.000000  0.232204  0.000000 )
(  0.000000  0.000000 -0.000000  0.000000 -0.000000  0.000000 )
( -0.000000  0.000000 -0.051691  0.000000  0.020665  0.000000 )
(  0.000000  0.000000 -0.051691  0.000000 -0.020665  0.000000 )
(  0.000000  0.000000 -0.186140  0.000000  0.013386  0.000000 )
( -0.000000  0.000000 -0.186140  0.000000 -0.013386  0.000000 )
( -0.000000  0.000000  0.000000  0.000000  0.000000  0.000000 )
(  0.000000  0.000000  0.186140  0.000000  0.013386  0.000000 )
( -0.000000  0.000000  0.186140  0.000000 -0.013386  0.000000 )
( -0.000000  0.000000  0.051691  0.000000  0.020665  0.000000 )
(  0.000000  0.000000  0.051691  0.000000 -0.020665  0.000000 )
( -0.000000  0.000000  0.000000  0.000000  0.000000  0.000000 )
( -0.024922  0.000000 -0.075360  0.000000 -0.011864  0.000000 )
(  0.024922  0.000000 -0.075360  0.000000  0.011864  0.000000 )
(  0.024922  0.000000  0.075360  0.000000 -0.011864  0.000000 )
( -0.024922  0.000000  0.075360  0.000000  0.011864  0.000000 )
(  0.000000  0.000000  0.000000  0.000000  0.000000  0.000000 )
(  0.024922  0.000000 -0.075360  0.000000 -0.011864  0.000000 )
( -0.024922  0.000000 -0.075360  0.000000  0.011864  0.000000 )
( -0.024922  0.000000  0.075360  0.000000 -0.011864  0.000000 )
(  0.024922  0.000000  0.075360  0.000000  0.011864  0.000000 )
     freq (  88) =       7.054994 [THz] =     235.329283 [cm-1]
(  0.000000 -0.000000  0.000000 -0.000000 -0.000000  0.000000 )
(  0.000000 -0.000000 -0.000000  0.000000  0.000000 -0.000000 )
( -0.000000  0.000000 -0.020079  0.000000 -0.000000  0.000000 )
( -0.000000  0.000000  0.020079 -0.000000  0.000000 -0.000000 )
(  0.186408 -0.000000 -0.000000  0.000000 -0.141729  0.000000 )
( -0.186408  0.000000 -0.000000  0.000000 -0.141729  0.000000 )
( -0.000000  0.000000 -0.000000  0.000000 -0.369752  0.000000 )
( -0.157388  0.000000  0.000000 -0.000000 -0.138355  0.000000 )
(  0.157388 -0.000000  0.000000 -0.000000 -0.138355  0.000000 )
(  0.000000 -0.000000  0.000000 -0.000000  0.369752 -0.000000 )
(  0.157388 -0.000000  0.000000 -0.000000  0.138355 -0.000000 )
(  0.186408 -0.000000 -0.000000  0.000000  0.141729 -0.000000 )
(  0.294901 -0.000000  0.000000 -0.000000  0.000000 -0.000000 )
( -0.186408  0.000000 -0.000000  0.000000  0.141729 -0.000000 )
( -0.157388  0.000000  0.000000 -0.000000  0.138355 -0.000000 )
( -0.294901  0.000000  0.000000 -0.000000 -0.000000  0.000000 )
(  0.000000 -0.000000 -0.000000  0.000000  0.000000 -0.000000 )
( -0.021486  0.000000  0.000000 -0.000000 -0.000000  0.000000 )
(  0.021486 -0.000000  0.000000 -0.000000  0.000000 -0.000000 )
(  0.029547 -0.000000  0.000000 -0.000000 -0.000000  0.000000 )
( -0.029547  0.000000  0.000000 -0.000000  0.000000 -0.000000 )
( -0.000000  0.000000  0.000000 -0.000000  0.000000 -0.000000 )
(  0.029547 -0.000000 -0.000000  0.000000 -0.000000  0.000000 )
( -0.029547  0.000000 -0.000000  0.000000  0.000000 -0.000000 )
( -0.021486  0.000000 -0.000000  0.000000 -0.000000  0.000000 )
(  0.021486 -0.000000 -0.000000  0.000000  0.000000 -0.000000 )
(  0.000000 -0.000000  0.000000 -0.000000  0.000000 -0.000000 )
( -0.006224  0.000000 -0.136046  0.000000  0.019741 -0.000000 )
(  0.006224 -0.000000 -0.136046  0.000000 -0.019741  0.000000 )
( -0.006224  0.000000 -0.136046  0.000000 -0.019741  0.000000 )
(  0.006224 -0.000000 -0.136046  0.000000  0.019741 -0.000000 )
( -0.000000  0.000000 -0.000000  0.000000  0.000000 -0.000000 )
( -0.006224  0.000000  0.136046 -0.000000 -0.019741  0.000000 )
(  0.006224 -0.000000  0.136046 -0.000000  0.019741 -0.000000 )
( -0.006224  0.000000  0.136046 -0.000000  0.019741 -0.000000 )
(  0.006224 -0.000000  0.136046 -0.000000 -0.019741  0.000000 )
     freq (  89) =       7.101144 [THz] =     236.868664 [cm-1]
( -0.000000  0.000000 -0.000000  0.000000 -0.000000  0.000000 )
( -0.000000  0.000000  0.000000  0.000000 -0.000000  0.000000 )
(  0.000000  0.000000 -0.001095  0.000000 -0.000000  0.000000 )
(  0.000000  0.000000  0.001095  0.000000  0.000000  0.000000 )
( -0.190365  0.000000 -0.000000  0.000000  0.301615  0.000000 )
(  0.190365  0.000000 -0.000000  0.000000  0.301615  0.000000 )
( -0.000000  0.000000 -0.000000  0.000000 -0.145192  0.000000 )
(  0.103372  0.000000  0.000000  0.000000  0.007462  0.000000 )
( -0.103372  0.000000  0.000000  0.000000  0.007462  0.000000 )
(  0.000000  0.000000  0.000000  0.000000  0.145192  0.000000 )
( -0.103372  0.000000 -0.000000  0.000000 -0.007462  0.000000 )
( -0.190365  0.000000 -0.000000  0.000000 -0.301615  0.000000 )
(  0.450197  0.000000 -0.000000  0.000000 -0.000000  0.000000 )
(  0.190365  0.000000  0.000000  0.000000 -0.301615  0.000000 )
(  0.103372  0.000000  0.000000  0.000000 -0.007462  0.000000 )
( -0.450197  0.000000  0.000000  0.000000 -0.000000  0.000000 )
( -0.000000  0.000000 -0.000000  0.000000 -0.000000  0.000000 )
(  0.001129  0.000000  0.000000  0.000000  0.000000  0.000000 )
( -0.001129  0.000000  0.000000  0.000000  0.000000  0.000000 )
(  0.000222  0.000000 -0.000000  0.000000  0.000000  0.000000 )
( -0.000222  0.000000 -0.000000  0.000000  0.000000  0.000000 )
( -0.000000  0.000000  0.000000  0.000000 -0.000000  0.000000 )
(  0.000222  0.000000  0.000000  0.000000  0.000000  0.000000 )
( -0.000222  0.000000  0.000000  0.000000  0.000000  0.000000 )
(  0.001129  0.000000 -0.000000  0.000000  0.000000  0.000000 )
( -0.001129  0.000000 -0.000000  0.000000  0.000000  0.000000 )
( -0.000000  0.000000  0.000000  0.000000  0.000000  0.000000 )
(  0.001438  0.000000 -0.007961  0.000000  0.004281  0.000000 )
( -0.001438  0.000000 -0.007961  0.000000 -0.004281  0.000000 )
(  0.001438  0.000000 -0.007961  0.000000 -0.004281  0.000000 )
( -0.001438  0.000000 -0.007961  0.000000  0.004281  0.000000 )
(  0.000000  0.000000  0.000000  0.000000 -0.000000  0.000000 )
(  0.001438  0.000000  0.007961  0.000000 -0.004281  0.000000 )
( -0.001438  0.000000  0.007961  0.000000  0.004281  0.000000 )
(  0.001438  0.000000  0.007961  0.000000  0.004281  0.000000 )
( -0.001438  0.000000  0.007961  0.000000 -0.004281  0.000000 )
     freq (  90) =       7.441099 [THz] =     248.208337 [cm-1]
(  0.000000  0.000000  0.000000  0.000000 -0.003474  0.000000 )
( -0.000000  0.000000 -0.000000  0.000000 -0.003474  0.000000 )
(  0.000000  0.000000 -0.000000  0.000000  0.003620  0.000000 )
(  0.000000  0.000000 -0.000000  0.000000  0.003620  0.000000 )
(  0.289548  0.000000 -0.000000  0.000000  0.159282  0.000000 )
( -0.289548  0.000000  0.000000  0.000000  0.159282  0.000000 )
(  0.000000  0.000000  0.000000  0.000000 -0.114639  0.000000 )
(  0.096718  0.000000 -0.000000  0.000000  0.052598  0.000000 )
( -0.096718  0.000000 -0.000000  0.000000  0.052598  0.000000 )
(  0.000000  0.000000 -0.000000  0.000000 -0.114639  0.000000 )
(  0.096718  0.000000  0.000000  0.000000  0.052598  0.000000 )
( -0.289548  0.000000 -0.000000  0.000000  0.159282  0.000000 )
(  0.000000  0.000000  0.000000  0.000000 -0.324754  0.000000 )
(  0.289548  0.000000 -0.000000  0.000000  0.159282  0.000000 )
( -0.096718  0.000000  0.000000  0.000000  0.052598  0.000000 )
(  0.000000  0.000000 -0.000000  0.000000 -0.324754  0.000000 )
(  0.000000  0.000000  0.000000  0.000000  0.043453  0.000000 )
( -0.000000  0.000000 -0.190472  0.000000 -0.000343  0.000000 )
( -0.000000  0.000000  0.190472  0.000000 -0.000343  0.000000 )
( -0.000000  0.000000  0.104863  0.000000  0.009200  0.000000 )
( -0.000000  0.000000 -0.104863  0.000000  0.009200  0.000000 )
( -0.000000  0.000000  0.000000  0.000000  0.003234  0.000000 )
(  0.000000  0.000000 -0.104863  0.000000  0.009200  0.000000 )
( -0.000000  0.000000  0.104863  0.000000  0.009200  0.000000 )
( -0.000000  0.000000  0.190472  0.000000 -0.000343  0.000000 )
(  0.000000  0.000000 -0.190472  0.000000 -0.000343  0.000000 )
( -0.028814  0.000000 -0.000000  0.000000 -0.008849  0.000000 )
(  0.007702  0.000000 -0.102187  0.000000 -0.005562  0.000000 )
(  0.007702  0.000000  0.102187  0.000000 -0.005562  0.000000 )
( -0.007702  0.000000  0.102187  0.000000 -0.005562  0.000000 )
( -0.007702  0.000000 -0.102187  0.000000 -0.005562  0.000000 )
(  0.028814  0.000000 -0.000000  0.000000 -0.008849  0.000000 )
( -0.007702  0.000000 -0.102187  0.000000 -0.005562  0.000000 )
( -0.007702  0.000000  0.102187  0.000000 -0.005562  0.000000 )
(  0.007702  0.000000  0.102187  0.000000 -0.005562  0.000000 )
(  0.007702  0.000000 -0.102187  0.000000 -0.005562  0.000000 )
     freq (  91) =       7.767678 [THz] =     259.101861 [cm-1]
(  0.000956 -0.000000  0.000000 -0.000000  0.000000 -0.000000 )
(  0.000956 -0.000000  0.000000 -0.000000  0.000000 -0.000000 )
( -0.000767  0.000000  0.000000 -0.000000 -0.000000  0.000000 )
( -0.000767  0.000000  0.000000 -0.000000  0.000000 -0.000000 )
(  0.134667 -0.000000  0.000000 -0.000000 -0.221460  0.000000 )
(  0.134667 -0.000000  0.000000 -0.000000  0.221460 -0.000000 )
(  0.212836 -0.000000  0.000000 -0.000000 -0.000000  0.000000 )
( -0.134238  0.000000  0.000000 -0.000000  0.234098 -0.000000 )
( -0.134238  0.000000  0.000000 -0.000000 -0.234098  0.000000 )
(  0.212836 -0.000000  0.000000 -0.000000 -0.000000  0.000000 )
( -0.134238  0.000000  0.000000 -0.000000  0.234098 -0.000000 )
(  0.134667 -0.000000  0.000000 -0.000000  0.221460 -0.000000 )
( -0.237252  0.000000  0.000000 -0.000000 -0.000000  0.000000 )
(  0.134667 -0.000000  0.000000 -0.000000 -0.221460  0.000000 )
( -0.134238  0.000000  0.000000 -0.000000 -0.234098  0.000000 )
( -0.237252  0.000000  0.000000 -0.000000 -0.000000  0.000000 )
( -0.256906  0.000000  0.000000 -0.000000 -0.000000  0.000000 )
( -0.000284  0.000000 -0.000000  0.000000  0.000000 -0.000000 )
( -0.000284  0.000000 -0.000000  0.000000  0.000000 -0.000000 )
( -0.020350  0.000000 -0.000000  0.000000 -0.000000  0.000000 )
( -0.020350  0.000000 -0.000000  0.000000  0.000000 -0.000000 )
(  0.038561 -0.000000 -0.000000  0.000000 -0.000000  0.000000 )
( -0.020350  0.000000 -0.000000  0.000000  0.000000 -0.000000 )
( -0.020350  0.000000 -0.000000  0.000000 -0.000000  0.000000 )
( -0.000284  0.000000 -0.000000  0.000000 -0.000000  0.000000 )
( -0.000284  0.000000 -0.000000  0.000000 -0.000000  0.000000 )
(  0.133028 -0.000000  0.000000 -0.000000 -0.253866  0.000000 )
(  0.008113 -0.000000  0.000968 -0.000000  0.018872 -0.000000 )
(  0.008113 -0.000000 -0.000968  0.000000  0.018872 -0.000000 )
(  0.008113 -0.000000  0.000968 -0.000000 -0.018872  0.000000 )
(  0.008113 -0.000000 -0.000968  0.000000 -0.018872  0.000000 )
(  0.133028 -0.000000  0.000000 -0.000000  0.253866 -0.000000 )
(  0.008113 -0.000000 -0.000968  0.000000 -0.018872  0.000000 )
(  0.008113 -0.000000  0.000968 -0.000000 -0.018872  0.000000 )
(  0.008113 -0.000000 -0.000968  0.000000  0.018872 -0.000000 )
(  0.008113 -0.000000  0.000968 -0.000000  0.018872 -0.000000 )
     freq (  92) =       7.829628 [THz] =     261.168269 [cm-1]
( -0.000000  0.000000 -0.023305  0.000000  0.000000 -0.000000 )
(  0.000000 -0.000000 -0.023305  0.000000 -0.000000  0.000000 )
( -0.000000  0.000000 -0.023012  0.000000 -0.000000  0.000000 )
(  0.000000 -0.000000 -0.023012  0.000000  0.000000 -0.000000 )
(  0.000000 -0.000000 -0.357374  0.000000 -0.000000  0.000000 )
(  0.000000 -0.000000 -0.357374  0.000000  0.000000 -0.000000 )
(  0.000000 -0.000000 -0.109023  0.000000  0.000000 -0.000000 )
( -0.000000  0.000000 -0.077110  0.000000  0.000000 -0.000000 )
( -0.000000  0.000000 -0.077110  0.000000 -0.000000  0.000000 )
(  0.000000 -0.000000 -0.109023  0.000000  0.000000 -0.000000 )
( -0.000000  0.000000 -0.077110  0.000000  0.000000 -0.000000 )
(  0.000000 -0.000000 -0.357374  0.000000  0.000000 -0.000000 )
( -0.000000  0.000000 -0.302385  0.000000  0.000000 -0.000000 )
(  0.000000 -0.000000 -0.357374  0.000000 -0.000000  0.000000 )
( -0.000000  0.000000 -0.077110  0.000000 -0.000000  0.000000 )
( -0.000000  0.000000 -0.302385  0.000000  0.000000 -0.000000 )
( -0.000000  0.000000 -0.006121  0.000000  0.000000 -0.000000 )
(  0.000000 -0.000000  0.198247 -0.000000  0.007304 -0.000000 )
( -0.000000  0.000000  0.198247 -0.000000 -0.007304  0.000000 )
( -0.000000  0.000000  0.068987 -0.000000  0.036502 -0.000000 )
( -0.000000  0.000000  0.068987 -0.000000 -0.036502  0.000000 )
( -0.000000  0.000000  0.004008 -0.000000  0.000000 -0.000000 )
( -0.000000  0.000000  0.068987 -0.000000 -0.036502  0.000000 )
( -0.000000  0.000000  0.068987 -0.000000  0.036502 -0.000000 )
( -0.000000  0.000000  0.198247 -0.000000 -0.007304  0.000000 )
( -0.000000  0.000000  0.198247 -0.000000  0.007304 -0.000000 )
(  0.000000 -0.000000 -0.005855  0.000000 -0.000000  0.000000 )
( -0.037572  0.000000  0.087252 -0.000000  0.017523 -0.000000 )
(  0.037572 -0.000000  0.087252 -0.000000 -0.017523  0.000000 )
( -0.037572  0.000000  0.087252 -0.000000 -0.017523  0.000000 )
(  0.037572 -0.000000  0.087252 -0.000000  0.017523 -0.000000 )
(  0.000000 -0.000000 -0.005855  0.000000  0.000000 -0.000000 )
(  0.037572 -0.000000  0.087252 -0.000000  0.017523 -0.000000 )
( -0.037572  0.000000  0.087252 -0.000000 -0.017523  0.000000 )
(  0.037572 -0.000000  0.087252 -0.000000 -0.017523  0.000000 )
( -0.037572  0.000000  0.087252 -0.000000  0.017523 -0.000000 )
     freq (  93) =       7.866894 [THz] =     262.411322 [cm-1]
( -0.000000  0.000000 -0.000000  0.000000 -0.001674  0.000000 )
(  0.000000 -0.000000 -0.000000  0.000000 -0.001674  0.000000 )
( -0.000000  0.000000 -0.000000  0.000000 -0.001229  0.000000 )
( -0.000000  0.000000 -0.000000  0.000000 -0.001229  0.000000 )
( -0.105918  0.000000 -0.000000  0.000000  0.152947 -0.000000 )
(  0.105918 -0.000000 -0.000000  0.000000  0.152947 -0.000000 )
(  0.000000 -0.000000 -0.000000  0.000000 -0.099146  0.000000 )
( -0.205165  0.000000 -0.000000  0.000000  0.267548 -0.000000 )
(  0.205165 -0.000000 -0.000000  0.000000  0.267548 -0.000000 )
( -0.000000  0.000000 -0.000000  0.000000 -0.099146  0.000000 )
( -0.205165  0.000000 -0.000000  0.000000  0.267548 -0.000000 )
(  0.105918 -0.000000 -0.000000  0.000000  0.152947 -0.000000 )
(  0.000000 -0.000000 -0.000000  0.000000 -0.045537  0.000000 )
( -0.105918  0.000000 -0.000000  0.000000  0.152947 -0.000000 )
(  0.205165 -0.000000 -0.000000  0.000000  0.267548 -0.000000 )
(  0.000000 -0.000000 -0.000000  0.000000 -0.045537  0.000000 )
(  0.000000 -0.000000 -0.000000  0.000000 -0.219218  0.000000 )
( -0.000000  0.000000 -0.002206  0.000000  0.013644 -0.000000 )
(  0.000000 -0.000000  0.002206 -0.000000  0.013644 -0.000000 )
(  0.000000 -0.000000 -0.007927  0.000000  0.020989 -0.000000 )
(  0.000000 -0.000000  0.007927 -0.000000  0.020989 -0.000000 )
( -0.000000  0.000000  0.000000 -0.000000 -0.428905  0.000000 )
(  0.000000 -0.000000  0.007927 -0.000000  0.020989 -0.000000 )
(  0.000000 -0.000000 -0.007927  0.000000  0.020989 -0.000000 )
(  0.000000 -0.000000  0.002206 -0.000000  0.013644 -0.000000 )
(  0.000000 -0.000000 -0.002206  0.000000  0.013644 -0.000000 )
(  0.018849 -0.000000 -0.000000  0.000000 -0.268628  0.000000 )
( -0.001298  0.000000 -0.006188  0.000000  0.019018 -0.000000 )
( -0.001298  0.000000  0.006188 -0.000000  0.019018 -0.000000 )
(  0.001298 -0.000000  0.006188 -0.000000  0.019018 -0.000000 )
(  0.001298 -0.000000 -0.006188  0.000000  0.019018 -0.000000 )
( -0.018849  0.000000 -0.000000  0.000000 -0.268628  0.000000 )
(  0.001298 -0.000000 -0.006188  0.000000  0.019018 -0.000000 )
(  0.001298 -0.000000  0.006188 -0.000000  0.019018 -0.000000 )
( -0.001298  0.000000  0.006188 -0.000000  0.019018 -0.000000 )
( -0.001298  0.000000 -0.006188  0.000000  0.019018 -0.000000 )
     freq (  94) =       7.878475 [THz] =     262.797631 [cm-1]
( -0.000074  0.000000  0.000000 -0.000000 -0.000000  0.000000 )
( -0.000074  0.000000  0.000000 -0.000000  0.000000 -0.000000 )
( -0.000334  0.000000  0.000000 -0.000000 -0.000000  0.000000 )
( -0.000334  0.000000  0.000000 -0.000000 -0.000000  0.000000 )
(  0.039230 -0.000000  0.000000 -0.000000 -0.132042  0.000000 )
(  0.039230 -0.000000  0.000000 -0.000000  0.132042 -0.000000 )
(  0.382482 -0.000000  0.000000 -0.000000  0.000000 -0.000000 )
(  0.018632 -0.000000  0.000000 -0.000000 -0.191203  0.000000 )
(  0.018632 -0.000000  0.000000 -0.000000  0.191203 -0.000000 )
(  0.382482 -0.000000  0.000000 -0.000000  0.000000 -0.000000 )
(  0.018632 -0.000000  0.000000 -0.000000 -0.191203  0.000000 )
(  0.039230 -0.000000  0.000000 -0.000000  0.132042 -0.000000 )
(  0.220410 -0.000000  0.000000 -0.000000  0.000000 -0.000000 )
(  0.039230 -0.000000  0.000000 -0.000000 -0.132042  0.000000 )
(  0.018632 -0.000000  0.000000 -0.000000  0.191203 -0.000000 )
(  0.220410 -0.000000  0.000000 -0.000000 -0.000000  0.000000 )
( -0.286649  0.000000 -0.000000  0.000000  0.000000 -0.000000 )
(  0.013612 -0.000000 -0.000000  0.000000 -0.000000  0.000000 )
(  0.013612 -0.000000 -0.000000  0.000000 -0.000000  0.000000 )
(  0.016361 -0.000000 -0.000000  0.000000  0.000000 -0.000000 )
(  0.016361 -0.000000 -0.000000  0.000000 -0.000000  0.000000 )
( -0.421428  0.000000 -0.000000  0.000000  0.000000 -0.000000 )
(  0.016361 -0.000000 -0.000000  0.000000  0.000000 -0.000000 )
(  0.016361 -0.000000 -0.000000  0.000000 -0.000000  0.000000 )
(  0.013612 -0.000000 -0.000000  0.000000  0.000000 -0.000000 )
(  0.013612 -0.000000 -0.000000  0.000000 -0.000000  0.000000 )
( -0.246761  0.000000 -0.000000  0.000000 -0.001950  0.000000 )
(  0.019116 -0.000000  0.007412 -0.000000  0.000248 -0.000000 )
(  0.019116 -0.000000 -0.007412  0.000000  0.000248 -0.000000 )
(  0.019116 -0.000000  0.007412 -0.000000 -0.000248  0.000000 )
(  0.019116 -0.000000 -0.007412  0.000000 -0.000248  0.000000 )
( -0.246761  0.000000  0.000000 -0.000000  0.001950 -0.000000 )
(  0.019116 -0.000000 -0.007412  0.000000 -0.000248  0.000000 )
(  0.019116 -0.000000  0.007412 -0.000000 -0.000248  0.000000 )
(  0.019116 -0.000000 -0.007412  0.000000  0.000248 -0.000000 )
(  0.019116 -0.000000  0.007412 -0.000000  0.000248 -0.000000 )
     freq (  95) =       7.949436 [THz] =     265.164657 [cm-1]
( -0.000000  0.000000 -0.000000  0.000000 -0.009280  0.000000 )
(  0.000000  0.000000 -0.000000  0.000000  0.009280  0.000000 )
(  0.019911  0.000000 -0.000000  0.000000 -0.000000  0.000000 )
( -0.019911  0.000000 -0.000000  0.000000  0.000000  0.000000 )
( -0.000000  0.000000 -0.389847  0.000000  0.000000  0.000000 )
(  0.000000  0.000000  0.389847  0.000000 -0.000000  0.000000 )
( -0.000000  0.000000 -0.000000  0.000000  0.000000  0.000000 )
(  0.000000  0.000000 -0.049038  0.000000 -0.000000  0.000000 )
( -0.000000  0.000000  0.049038  0.000000 -0.000000  0.000000 )
( -0.000000  0.000000  0.000000  0.000000  0.000000  0.000000 )
(  0.000000  0.000000  0.049038  0.000000 -0.000000  0.000000 )
( -0.000000  0.000000 -0.389847  0.000000 -0.000000  0.000000 )
(  0.000000  0.000000 -0.269432  0.000000  0.000000  0.000000 )
( -0.000000  0.000000  0.389847  0.000000  0.000000  0.000000 )
( -0.000000  0.000000 -0.049038  0.000000 -0.000000  0.000000 )
(  0.000000  0.000000  0.269432  0.000000  0.000000  0.000000 )
(  0.000000  0.000000  0.000000  0.000000 -0.000000  0.000000 )
(  0.000000  0.000000  0.194154  0.000000  0.017956  0.000000 )
( -0.000000  0.000000 -0.194154  0.000000  0.017956  0.000000 )
( -0.000000  0.000000 -0.027547  0.000000 -0.053070  0.000000 )
(  0.000000  0.000000  0.027547  0.000000 -0.053070  0.000000 )
(  0.000000  0.000000  0.000000  0.000000  0.000000  0.000000 )
( -0.000000  0.000000 -0.027547  0.000000  0.053070  0.000000 )
(  0.000000  0.000000  0.027547  0.000000  0.053070  0.000000 )
( -0.000000  0.000000  0.194154  0.000000 -0.017956  0.000000 )
( -0.000000  0.000000 -0.194154  0.000000 -0.017956  0.000000 )
( -0.000000  0.000000 -0.000000  0.000000  0.000000  0.000000 )
(  0.044237  0.000000 -0.074005  0.000000 -0.036163  0.000000 )
(  0.044237  0.000000  0.074005  0.000000 -0.036163  0.000000 )
(  0.044237  0.000000 -0.074005  0.000000  0.036163  0.000000 )
(  0.044237  0.000000  0.074005  0.000000  0.036163  0.000000 )
(  0.000000  0.000000 -0.000000  0.000000  0.000000  0.000000 )
( -0.044237  0.000000 -0.074005  0.000000 -0.036163  0.000000 )
( -0.044237  0.000000  0.074005  0.000000 -0.036163  0.000000 )
( -0.044237  0.000000 -0.074005  0.000000  0.036163  0.000000 )
( -0.044237  0.000000  0.074005  0.000000  0.036163  0.000000 )
     freq (  96) =       8.060453 [THz] =     268.867771 [cm-1]
( -0.000000  0.000000 -0.000000  0.000000 -0.001793  0.000000 )
(  0.000000 -0.000000 -0.000000  0.000000 -0.001793  0.000000 )
( -0.000000  0.000000 -0.000000  0.000000  0.000273 -0.000000 )
(  0.000000 -0.000000 -0.000000  0.000000  0.000273 -0.000000 )
( -0.203586  0.000000  0.000000 -0.000000  0.306926 -0.000000 )
(  0.203586 -0.000000  0.000000 -0.000000  0.306926 -0.000000 )
( -0.000000  0.000000  0.000000 -0.000000  0.005853 -0.000000 )
(  0.109020 -0.000000 -0.000000  0.000000 -0.195500  0.000000 )
( -0.109020  0.000000 -0.000000  0.000000 -0.195500  0.000000 )
( -0.000000  0.000000 -0.000000  0.000000  0.005853 -0.000000 )
(  0.109020 -0.000000 -0.000000  0.000000 -0.195500  0.000000 )
(  0.203586 -0.000000 -0.000000  0.000000  0.306926 -0.000000 )
(  0.000000 -0.000000  0.000000 -0.000000 -0.065433  0.000000 )
( -0.203586  0.000000 -0.000000  0.000000  0.306926 -0.000000 )
( -0.109020  0.000000  0.000000 -0.000000 -0.195500  0.000000 )
(  0.000000 -0.000000  0.000000 -0.000000 -0.065433  0.000000 )
(  0.000000 -0.000000  0.000000 -0.000000 -0.350974  0.000000 )
( -0.000000  0.000000 -0.002919  0.000000  0.025597 -0.000000 )
( -0.000000  0.000000  0.002919 -0.000000  0.025597 -0.000000 )
( -0.000000  0.000000  0.007282 -0.000000 -0.008704  0.000000 )
( -0.000000  0.000000 -0.007282  0.000000 -0.008704  0.000000 )
(  0.000000 -0.000000 -0.000000  0.000000  0.229540 -0.000000 )
(  0.000000 -0.000000 -0.007282  0.000000 -0.008704  0.000000 )
(  0.000000 -0.000000  0.007282 -0.000000 -0.008704  0.000000 )
(  0.000000 -0.000000  0.002919 -0.000000  0.025597 -0.000000 )
(  0.000000 -0.000000 -0.002919  0.000000  0.025597 -0.000000 )
( -0.163209  0.000000  0.000000 -0.000000 -0.087437  0.000000 )
(  0.007999 -0.000000  0.004554 -0.000000  0.002587 -0.000000 )
(  0.007999 -0.000000 -0.004554  0.000000  0.002587 -0.000000 )
( -0.007999  0.000000 -0.004554  0.000000  0.002587 -0.000000 )
( -0.007999  0.000000  0.004554 -0.000000  0.002587 -0.000000 )
(  0.163209 -0.000000  0.000000 -0.000000 -0.087437  0.000000 )
( -0.007999  0.000000  0.004554 -0.000000  0.002587 -0.000000 )
( -0.007999  0.000000 -0.004554  0.000000  0.002587 -0.000000 )
(  0.007999 -0.000000 -0.004554  0.000000  0.002587 -0.000000 )
(  0.007999 -0.000000  0.004554 -0.000000  0.002587 -0.000000 )
     freq (  97) =       8.077656 [THz] =     269.441587 [cm-1]
( -0.000000  0.000000 -0.011337  0.000000  0.000000  0.000000 )
(  0.000000  0.000000 -0.011337  0.000000 -0.000000  0.000000 )
( -0.000000  0.000000 -0.011922  0.000000  0.000000  0.000000 )
(  0.000000  0.000000 -0.011922  0.000000 -0.000000  0.000000 )
(  0.000000  0.000000  0.092984  0.000000 -0.000000  0.000000 )
( -0.000000  0.000000  0.092984  0.000000 -0.000000  0.000000 )
( -0.000000  0.000000 -0.367797  0.000000 -0.000000  0.000000 )
( -0.000000  0.000000 -0.336223  0.000000  0.000000  0.000000 )
(  0.000000  0.000000 -0.336223  0.000000  0.000000  0.000000 )
( -0.000000  0.000000 -0.367797  0.000000  0.000000  0.000000 )
( -0.000000  0.000000 -0.336223  0.000000  0.000000  0.000000 )
( -0.000000  0.000000  0.092984  0.000000 -0.000000  0.000000 )
(  0.000000  0.000000  0.110644  0.000000  0.000000  0.000000 )
(  0.000000  0.000000  0.092984  0.000000 -0.000000  0.000000 )
( -0.000000  0.000000 -0.336223  0.000000  0.000000  0.000000 )
(  0.000000  0.000000  0.110644  0.000000  0.000000  0.000000 )
(  0.000000  0.000000  0.007860  0.000000  0.000000  0.000000 )
( -0.000000  0.000000 -0.067325  0.000000  0.003675  0.000000 )
( -0.000000  0.000000 -0.067325  0.000000 -0.003675  0.000000 )
( -0.000000  0.000000  0.099044  0.000000 -0.074495  0.000000 )
( -0.000000  0.000000  0.099044  0.000000  0.074495  0.000000 )
(  0.000000  0.000000 -0.016603  0.000000 -0.000000  0.000000 )
(  0.000000  0.000000  0.099044  0.000000  0.074495  0.000000 )
(  0.000000  0.000000  0.099044  0.000000 -0.074495  0.000000 )
(  0.000000  0.000000 -0.067325  0.000000 -0.003675  0.000000 )
(  0.000000  0.000000 -0.067325  0.000000  0.003675  0.000000 )
( -0.000000  0.000000  0.011379  0.000000  0.000000  0.000000 )
(  0.060351  0.000000  0.108712  0.000000 -0.041463  0.000000 )
( -0.060351  0.000000  0.108712  0.000000  0.041463  0.000000 )
(  0.060351  0.000000  0.108712  0.000000  0.041463  0.000000 )
( -0.060351  0.000000  0.108712  0.000000 -0.041463  0.000000 )
( -0.000000  0.000000  0.011379  0.000000  0.000000  0.000000 )
( -0.060351  0.000000  0.108712  0.000000 -0.041463  0.000000 )
(  0.060351  0.000000  0.108712  0.000000  0.041463  0.000000 )
( -0.060351  0.000000  0.108712  0.000000  0.041463  0.000000 )
(  0.060351  0.000000  0.108712  0.000000 -0.041463  0.000000 )
     freq (  98) =       8.127375 [THz] =     271.100059 [cm-1]
(  0.001570  0.000000 -0.000000  0.000000  0.000000  0.000000 )
(  0.001570  0.000000 -0.000000  0.000000 -0.000000  0.000000 )
( -0.000348  0.000000 -0.000000  0.000000  0.000000  0.000000 )
( -0.000348  0.000000 -0.000000  0.000000 -0.000000  0.000000 )
( -0.056095  0.000000 -0.000000  0.000000  0.181761  0.000000 )
( -0.056095  0.000000  0.000000  0.000000 -0.181761  0.000000 )
(  0.291328  0.000000 -0.000000  0.000000  0.000000  0.000000 )
(  0.062257  0.000000 -0.000000  0.000000 -0.109074  0.000000 )
(  0.062257  0.000000 -0.000000  0.000000  0.109074  0.000000 )
(  0.291328  0.000000 -0.000000  0.000000 -0.000000  0.000000 )
(  0.062257  0.000000  0.000000  0.000000 -0.109074  0.000000 )
( -0.056095  0.000000 -0.000000  0.000000 -0.181761  0.000000 )
( -0.433442  0.000000  0.000000  0.000000 -0.000000  0.000000 )
( -0.056095  0.000000 -0.000000  0.000000  0.181761  0.000000 )
(  0.062257  0.000000 -0.000000  0.000000  0.109074  0.000000 )
( -0.433442  0.000000 -0.000000  0.000000 -0.000000  0.000000 )
( -0.041827  0.000000 -0.000000  0.000000 -0.000000  0.000000 )
( -0.023238  0.000000 -0.000000  0.000000  0.000000  0.000000 )
( -0.023238  0.000000 -0.000000  0.000000  0.000000  0.000000 )
( -0.007789  0.000000  0.000000  0.000000 -0.000000  0.000000 )
( -0.007789  0.000000 -0.000000  0.000000  0.000000  0.000000 )
( -0.246383  0.000000 -0.000000  0.000000  0.000000  0.000000 )
( -0.007789  0.000000  0.000000  0.000000  0.000000  0.000000 )
( -0.007789  0.000000 -0.000000  0.000000 -0.000000  0.000000 )
( -0.023238  0.000000 -0.000000  0.000000 -0.000000  0.000000 )
( -0.023238  0.000000 -0.000000  0.000000  0.000000  0.000000 )
(  0.262903  0.000000  0.000000  0.000000  0.146337  0.000000 )
(  0.006483  0.000000  0.004186  0.000000 -0.005931  0.000000 )
(  0.006483  0.000000 -0.004186  0.000000 -0.005931  0.000000 )
(  0.006483  0.000000  0.004186  0.000000  0.005931  0.000000 )
(  0.006483  0.000000 -0.004186  0.000000  0.005931  0.000000 )
(  0.262903  0.000000  0.000000  0.000000 -0.146337  0.000000 )
(  0.006483  0.000000 -0.004186  0.000000  0.005931  0.000000 )
(  0.006483  0.000000  0.004186  0.000000  0.005931  0.000000 )
(  0.006483  0.000000 -0.004186  0.000000 -0.005931  0.000000 )
(  0.006483  0.000000  0.004186  0.000000 -0.005931  0.000000 )
     freq (  99) =       8.164621 [THz] =     272.342435 [cm-1]
(  0.025128  0.000000 -0.000000  0.000000 -0.000000  0.000000 )
( -0.025128  0.000000 -0.000000  0.000000  0.000000  0.000000 )
(  0.000000  0.000000  0.000000  0.000000 -0.010843  0.000000 )
( -0.000000  0.000000 -0.000000  0.000000  0.010843  0.000000 )
( -0.000000  0.000000 -0.315270  0.000000  0.000000  0.000000 )
(  0.000000  0.000000 -0.315270  0.000000  0.000000  0.000000 )
(  0.000000  0.000000 -0.359455  0.000000 -0.000000  0.000000 )
(  0.000000  0.000000  0.189475  0.000000 -0.000000  0.000000 )
( -0.000000  0.000000  0.189475  0.000000 -0.000000  0.000000 )
(  0.000000  0.000000  0.359455  0.000000 -0.000000  0.000000 )
(  0.000000  0.000000 -0.189475  0.000000 -0.000000  0.000000 )
(  0.000000  0.000000  0.315270  0.000000  0.000000  0.000000 )
( -0.000000  0.000000 -0.000000  0.000000 -0.000000  0.000000 )
( -0.000000  0.000000  0.315270  0.000000  0.000000  0.000000 )
( -0.000000  0.000000 -0.189475  0.000000 -0.000000  0.000000 )
( -0.000000  0.000000  0.000000  0.000000 -0.000000  0.000000 )
(  0.000000  0.000000  0.000000  0.000000 -0.000000  0.000000 )
(  0.074402  0.000000  0.000000  0.000000 -0.000000  0.000000 )
(  0.074402  0.000000 -0.000000  0.000000 -0.000000  0.000000 )
(  0.051290  0.000000 -0.000000  0.000000 -0.000000  0.000000 )
(  0.051290  0.000000  0.000000  0.000000  0.000000  0.000000 )
( -0.000000  0.000000  0.000000  0.000000  0.000000  0.000000 )
( -0.051290  0.000000 -0.000000  0.000000  0.000000  0.000000 )
( -0.051290  0.000000  0.000000  0.000000 -0.000000  0.000000 )
( -0.074402  0.000000  0.000000  0.000000  0.000000  0.000000 )
( -0.074402  0.000000 -0.000000  0.000000  0.000000  0.000000 )
(  0.000000  0.000000  0.000000  0.000000 -0.000000  0.000000 )
( -0.010143  0.000000  0.142323  0.000000 -0.020519  0.000000 )
( -0.010143  0.000000 -0.142323  0.000000 -0.020519  0.000000 )
(  0.010143  0.000000 -0.142323  0.000000 -0.020519  0.000000 )
(  0.010143  0.000000  0.142323  0.000000 -0.020519  0.000000 )
(  0.000000  0.000000 -0.000000  0.000000 -0.000000  0.000000 )
( -0.010143  0.000000 -0.142323  0.000000  0.020519  0.000000 )
( -0.010143  0.000000  0.142323  0.000000  0.020519  0.000000 )
(  0.010143  0.000000  0.142323  0.000000  0.020519  0.000000 )
(  0.010143  0.000000 -0.142323  0.000000  0.020519  0.000000 )
     freq ( 100) =       8.168722 [THz] =     272.479230 [cm-1]
( -0.000000  0.000000  0.000000  0.000000  0.000000  0.000000 )
(  0.000000  0.000000 -0.000000  0.000000 -0.000000  0.000000 )
( -0.000000  0.000000  0.000000  0.000000  0.000000  0.000000 )
(  0.000000  0.000000  0.000000  0.000000 -0.000000  0.000000 )
( -0.000000  0.000000 -0.362666  0.000000  0.000000  0.000000 )
(  0.000000  0.000000  0.362666  0.000000  0.000000  0.000000 )
( -0.000000  0.000000  0.000000  0.000000 -0.000000  0.000000 )
( -0.000000  0.000000  0.273667  0.000000 -0.000000  0.000000 )
( -0.000000  0.000000 -0.273667  0.000000 -0.000000  0.000000 )
( -0.000000  0.000000 -0.000000  0.000000  0.000000  0.000000 )
( -0.000000  0.000000  0.273667  0.000000  0.000000  0.000000 )
(  0.000000  0.000000  0.362666  0.000000  0.000000  0.000000 )
(  0.000000  0.000000  0.000000  0.000000 -0.000000  0.000000 )
( -0.000000  0.000000 -0.362666  0.000000  0.000000  0.000000 )
( -0.000000  0.000000 -0.273667  0.000000 -0.000000  0.000000 )
(  0.000000  0.000000  0.000000  0.000000 -0.000000  0.000000 )
( -0.000000  0.000000 -0.000000  0.000000 -0.000000  0.000000 )
(  0.089706  0.000000 -0.000000  0.000000  0.000000  0.000000 )
( -0.089706  0.000000  0.000000  0.000000 -0.000000  0.000000 )
(  0.073867  0.000000 -0.000000  0.000000 -0.000000  0.000000 )
( -0.073867  0.000000 -0.000000  0.000000  0.000000  0.000000 )
(  0.000000  0.000000  0.000000  0.000000  0.000000  0.000000 )
( -0.073867  0.000000 -0.000000  0.000000  0.000000  0.000000 )
(  0.073867  0.000000 -0.000000  0.000000 -0.000000  0.000000 )
( -0.089706  0.000000 -0.000000  0.000000 -0.000000  0.000000 )
(  0.089706  0.000000  0.000000  0.000000  0.000000  0.000000 )
( -0.000000  0.000000  0.010640  0.000000 -0.000000  0.000000 )
(  0.007002  0.000000 -0.113369  0.000000 -0.045916  0.000000 )
( -0.007002  0.000000 -0.113369  0.000000  0.045916  0.000000 )
( -0.007002  0.000000  0.113369  0.000000 -0.045916  0.000000 )
(  0.007002  0.000000  0.113369  0.000000  0.045916  0.000000 )
(  0.000000  0.000000 -0.010640  0.000000  0.000000  0.000000 )
(  0.007002  0.000000  0.113369  0.000000  0.045916  0.000000 )
( -0.007002  0.000000  0.113369  0.000000 -0.045916  0.000000 )
( -0.007002  0.000000 -0.113369  0.000000  0.045916  0.000000 )
(  0.007002  0.000000 -0.113369  0.000000 -0.045916  0.000000 )
     freq ( 101) =       8.211901 [THz] =     273.919524 [cm-1]
( -0.000000  0.000000 -0.000000  0.000000 -0.013264  0.000000 )
(  0.000000  0.000000 -0.000000  0.000000  0.013264  0.000000 )
(  0.015443  0.000000 -0.000000  0.000000  0.000000  0.000000 )
( -0.015443  0.000000 -0.000000  0.000000 -0.000000  0.000000 )
( -0.000000  0.000000  0.092466  0.000000  0.000000  0.000000 )
( -0.000000  0.000000 -0.092466  0.000000 -0.000000  0.000000 )
(  0.000000  0.000000  0.000000  0.000000 -0.000000  0.000000 )
(  0.000000  0.000000  0.340480  0.000000  0.000000  0.000000 )
(  0.000000  0.000000 -0.340480  0.000000  0.000000  0.000000 )
(  0.000000  0.000000  0.000000  0.000000 -0.000000  0.000000 )
(  0.000000  0.000000 -0.340480  0.000000 -0.000000  0.000000 )
( -0.000000  0.000000  0.092466  0.000000 -0.000000  0.000000 )
( -0.000000  0.000000 -0.387026  0.000000  0.000000  0.000000 )
( -0.000000  0.000000 -0.092466  0.000000  0.000000  0.000000 )
(  0.000000  0.000000  0.340480  0.000000  0.000000  0.000000 )
( -0.000000  0.000000  0.387026  0.000000  0.000000  0.000000 )
( -0.000000  0.000000  0.000000  0.000000 -0.000000  0.000000 )
(  0.000000  0.000000  0.034731  0.000000 -0.065475  0.000000 )
( -0.000000  0.000000 -0.034731  0.000000 -0.065475  0.000000 )
(  0.000000  0.000000 -0.174303  0.000000  0.001131  0.000000 )
( -0.000000  0.000000  0.174303  0.000000  0.001131  0.000000 )
( -0.000000  0.000000  0.000000  0.000000 -0.000000  0.000000 )
( -0.000000  0.000000 -0.174303  0.000000 -0.001131  0.000000 )
(  0.000000  0.000000  0.174303  0.000000 -0.001131  0.000000 )
( -0.000000  0.000000  0.034731  0.000000  0.065475  0.000000 )
(  0.000000  0.000000 -0.034731  0.000000  0.065475  0.000000 )
(  0.000000  0.000000 -0.000000  0.000000  0.000000  0.000000 )
(  0.033680  0.000000  0.071600  0.000000  0.031809  0.000000 )
(  0.033680  0.000000 -0.071600  0.000000  0.031809  0.000000 )
(  0.033680  0.000000  0.071600  0.000000 -0.031809  0.000000 )
(  0.033680  0.000000 -0.071600  0.000000 -0.031809  0.000000 )
(  0.000000  0.000000 -0.000000  0.000000 -0.000000  0.000000 )
( -0.033680  0.000000  0.071600  0.000000  0.031809  0.000000 )
( -0.033680  0.000000 -0.071600  0.000000  0.031809  0.000000 )
( -0.033680  0.000000  0.071600  0.000000 -0.031809  0.000000 )
( -0.033680  0.000000 -0.071600  0.000000 -0.031809  0.000000 )
     freq ( 102) =       8.222278 [THz] =     274.265663 [cm-1]
( -0.000000  0.000000 -0.002049  0.000000  0.000000 -0.000000 )
(  0.000000 -0.000000 -0.002049  0.000000 -0.000000  0.000000 )
( -0.000000  0.000000 -0.001779  0.000000 -0.000000  0.000000 )
(  0.000000 -0.000000 -0.001779  0.000000  0.000000 -0.000000 )
(  0.000000 -0.000000  0.181662 -0.000000  0.000000 -0.000000 )
(  0.000000 -0.000000  0.181662 -0.000000  0.000000 -0.000000 )
(  0.000000 -0.000000  0.302869 -0.000000 -0.000000  0.000000 )
(  0.000000 -0.000000 -0.186466  0.000000 -0.000000  0.000000 )
(  0.000000 -0.000000 -0.186466  0.000000 -0.000000  0.000000 )
(  0.000000 -0.000000  0.302869 -0.000000  0.000000 -0.000000 )
( -0.000000  0.000000 -0.186466  0.000000 -0.000000  0.000000 )
(  0.000000 -0.000000  0.181662 -0.000000  0.000000 -0.000000 )
( -0.000000  0.000000 -0.431352  0.000000 -0.000000  0.000000 )
(  0.000000 -0.000000  0.181662 -0.000000  0.000000 -0.000000 )
( -0.000000  0.000000 -0.186466  0.000000  0.000000 -0.000000 )
( -0.000000  0.000000 -0.431352  0.000000 -0.000000  0.000000 )
( -0.000000  0.000000  0.010363 -0.000000 -0.000000  0.000000 )
(  0.000000 -0.000000  0.013279 -0.000000 -0.086106  0.000000 )
( -0.000000  0.000000  0.013279 -0.000000  0.086106 -0.000000 )
(  0.000000 -0.000000  0.141816 -0.000000  0.032069 -0.000000 )
( -0.000000  0.000000  0.141816 -0.000000 -0.032069  0.000000 )
( -0.000000  0.000000  0.001305 -0.000000 -0.000000  0.000000 )
( -0.000000  0.000000  0.141816 -0.000000 -0.032069  0.000000 )
(  0.000000 -0.000000  0.141816 -0.000000  0.032069 -0.000000 )
( -0.000000  0.000000  0.013279 -0.000000  0.086106 -0.000000 )
(  0.000000 -0.000000  0.013279 -0.000000 -0.086106  0.000000 )
(  0.000000 -0.000000 -0.004658  0.000000 -0.000000  0.000000 )
(  0.044498 -0.000000 -0.054512  0.000000  0.048250 -0.000000 )
( -0.044498  0.000000 -0.054512  0.000000 -0.048250  0.000000 )
(  0.044498 -0.000000 -0.054512  0.000000 -0.048250  0.000000 )
( -0.044498  0.000000 -0.054512  0.000000  0.048250 -0.000000 )
(  0.000000 -0.000000 -0.004658  0.000000  0.000000 -0.000000 )
( -0.044498  0.000000 -0.054512  0.000000  0.048250 -0.000000 )
(  0.044498 -0.000000 -0.054512  0.000000 -0.048250  0.000000 )
( -0.044498  0.000000 -0.054512  0.000000 -0.048250  0.000000 )
(  0.044498 -0.000000 -0.054512  0.000000  0.048250 -0.000000 )
     freq ( 103) =       8.602372 [THz] =     286.944242 [cm-1]
( -0.001497  0.000000 -0.000000  0.000000  0.000000 -0.000000 )
(  0.001497 -0.000000 -0.000000  0.000000 -0.000000  0.000000 )
(  0.000000 -0.000000  0.000000 -0.000000 -0.014772  0.000000 )
( -0.000000  0.000000 -0.000000  0.000000  0.014772 -0.000000 )
( -0.000000  0.000000  0.348735 -0.000000  0.000000 -0.000000 )
( -0.000000  0.000000  0.348735 -0.000000 -0.000000  0.000000 )
(  0.000000 -0.000000 -0.430153  0.000000  0.000000 -0.000000 )
( -0.000000  0.000000  0.128337 -0.000000  0.000000 -0.000000 )
( -0.000000  0.000000  0.128337 -0.000000 -0.000000  0.000000 )
(  0.000000 -0.000000  0.430153 -0.000000 -0.000000  0.000000 )
( -0.000000  0.000000 -0.128337  0.000000  0.000000 -0.000000 )
( -0.000000  0.000000 -0.348735  0.000000 -0.000000  0.000000 )
(  0.000000 -0.000000  0.000000 -0.000000  0.000000 -0.000000 )
( -0.000000  0.000000 -0.348735  0.000000  0.000000 -0.000000 )
( -0.000000  0.000000 -0.128337  0.000000 -0.000000  0.000000 )
(  0.000000 -0.000000 -0.000000  0.000000  0.000000 -0.000000 )
(  0.000000 -0.000000  0.000000 -0.000000  0.000000 -0.000000 )
( -0.063715  0.000000 -0.000000  0.000000  0.000000 -0.000000 )
( -0.063715  0.000000  0.000000 -0.000000  0.000000 -0.000000 )
(  0.023049 -0.000000 -0.000000  0.000000  0.000000 -0.000000 )
(  0.023049 -0.000000  0.000000 -0.000000  0.000000 -0.000000 )
( -0.000000  0.000000 -0.000000  0.000000  0.000000 -0.000000 )
( -0.023049  0.000000 -0.000000  0.000000 -0.000000  0.000000 )
( -0.023049  0.000000  0.000000 -0.000000 -0.000000  0.000000 )
(  0.063715 -0.000000 -0.000000  0.000000 -0.000000  0.000000 )
(  0.063715 -0.000000  0.000000 -0.000000 -0.000000  0.000000 )
( -0.000000  0.000000  0.000000 -0.000000  0.000000 -0.000000 )
(  0.047594 -0.000000  0.036034 -0.000000 -0.061519  0.000000 )
(  0.047594 -0.000000 -0.036034  0.000000 -0.061519  0.000000 )
( -0.047594  0.000000 -0.036034  0.000000 -0.061519  0.000000 )
( -0.047594  0.000000  0.036034 -0.000000 -0.061519  0.000000 )
( -0.000000  0.000000 -0.000000  0.000000 -0.000000  0.000000 )
(  0.047594 -0.000000 -0.036034  0.000000  0.061519 -0.000000 )
(  0.047594 -0.000000  0.036034 -0.000000  0.061519 -0.000000 )
( -0.047594  0.000000  0.036034 -0.000000  0.061519 -0.000000 )
( -0.047594  0.000000 -0.036034  0.000000  0.061519 -0.000000 )
     freq ( 104) =       8.700921 [THz] =     290.231468 [cm-1]
(  0.000000  0.000000 -0.000000  0.000000 -0.015849  0.000000 )
( -0.000000  0.000000 -0.000000  0.000000  0.015849  0.000000 )
( -0.010468  0.000000 -0.000000  0.000000 -0.000000  0.000000 )
(  0.010468  0.000000  0.000000  0.000000  0.000000  0.000000 )
(  0.000000  0.000000  0.200865  0.000000 -0.000000  0.000000 )
(  0.000000  0.000000 -0.200865  0.000000  0.000000  0.000000 )
( -0.000000  0.000000 -0.000000  0.000000 -0.000000  0.000000 )
(  0.000000  0.000000 -0.296812  0.000000 -0.000000  0.000000 )
(  0.000000  0.000000  0.296812  0.000000  0.000000  0.000000 )
( -0.000000  0.000000  0.000000  0.000000 -0.000000  0.000000 )
(  0.000000  0.000000  0.296812  0.000000 -0.000000  0.000000 )
(  0.000000  0.000000  0.200865  0.000000  0.000000  0.000000 )
( -0.000000  0.000000 -0.454340  0.000000 -0.000000  0.000000 )
(  0.000000  0.000000 -0.200865  0.000000 -0.000000  0.000000 )
(  0.000000  0.000000 -0.296812  0.000000  0.000000  0.000000 )
( -0.000000  0.000000  0.454340  0.000000 -0.000000  0.000000 )
( -0.000000  0.000000  0.000000  0.000000 -0.000000  0.000000 )
( -0.000000  0.000000  0.007998  0.000000 -0.069959  0.000000 )
( -0.000000  0.000000 -0.007998  0.000000 -0.069959  0.000000 )
(  0.000000  0.000000  0.025741  0.000000 -0.086314  0.000000 )
(  0.000000  0.000000 -0.025741  0.000000 -0.086314  0.000000 )
(  0.000000  0.000000 -0.000000  0.000000 -0.000000  0.000000 )
( -0.000000  0.000000  0.025741  0.000000  0.086314  0.000000 )
( -0.000000  0.000000 -0.025741  0.000000  0.086314  0.000000 )
(  0.000000  0.000000  0.007998  0.000000  0.069959  0.000000 )
(  0.000000  0.000000 -0.007998  0.000000  0.069959  0.000000 )
(  0.000000  0.000000 -0.000000  0.000000 -0.000000  0.000000 )
( -0.047697  0.000000 -0.016119  0.000000 -0.003337  0.000000 )
( -0.047697  0.000000  0.016119  0.000000 -0.003337  0.000000 )
( -0.047697  0.000000 -0.016119  0.000000  0.003337  0.000000 )
( -0.047697  0.000000  0.016119  0.000000  0.003337  0.000000 )
(  0.000000  0.000000  0.000000  0.000000  0.000000  0.000000 )
(  0.047697  0.000000 -0.016119  0.000000 -0.003337  0.000000 )
(  0.047697  0.000000  0.016119  0.000000 -0.003337  0.000000 )
(  0.047697  0.000000 -0.016119  0.000000  0.003337  0.000000 )
(  0.047697  0.000000  0.016119  0.000000  0.003337  0.000000 )
     freq ( 105) =       8.757660 [THz] =     292.124091 [cm-1]
( -0.000055  0.000000  0.000000  0.000000  0.000000  0.000000 )
( -0.000055  0.000000 -0.000000  0.000000 -0.000000  0.000000 )
(  0.000302  0.000000 -0.000000  0.000000 -0.000000  0.000000 )
(  0.000302  0.000000  0.000000  0.000000  0.000000  0.000000 )
(  0.143380  0.000000 -0.000000  0.000000 -0.247408  0.000000 )
(  0.143380  0.000000  0.000000  0.000000  0.247408  0.000000 )
( -0.299552  0.000000 -0.000000  0.000000 -0.000000  0.000000 )
(  0.144205  0.000000  0.000000  0.000000 -0.250469  0.000000 )
(  0.144205  0.000000 -0.000000  0.000000  0.250469  0.000000 )
( -0.299552  0.000000  0.000000  0.000000 -0.000000  0.000000 )
(  0.144205  0.000000 -0.000000  0.000000 -0.250469  0.000000 )
(  0.143380  0.000000 -0.000000  0.000000  0.247408  0.000000 )
( -0.281844  0.000000  0.000000  0.000000 -0.000000  0.000000 )
(  0.143380  0.000000  0.000000  0.000000 -0.247408  0.000000 )
(  0.144205  0.000000  0.000000  0.000000  0.250469  0.000000 )
( -0.281844  0.000000 -0.000000  0.000000 -0.000000  0.000000 )
( -0.009289  0.000000  0.000000  0.000000  0.000000  0.000000 )
( -0.000250  0.000000 -0.000000  0.000000  0.000000  0.000000 )
( -0.000250  0.000000  0.000000  0.000000  0.000000  0.000000 )
(  0.001474  0.000000 -0.000000  0.000000  0.000000  0.000000 )
(  0.001474  0.000000  0.000000  0.000000  0.000000  0.000000 )
(  0.007186  0.000000 -0.000000  0.000000  0.000000  0.000000 )
(  0.001474  0.000000 -0.000000  0.000000 -0.000000  0.000000 )
(  0.001474  0.000000  0.000000  0.000000 -0.000000  0.000000 )
( -0.000250  0.000000 -0.000000  0.000000 -0.000000  0.000000 )
( -0.000250  0.000000 -0.000000  0.000000 -0.000000  0.000000 )
(  0.003648  0.000000  0.000000  0.000000 -0.011917  0.000000 )
( -0.000319  0.000000 -0.000076  0.000000 -0.001322  0.000000 )
( -0.000319  0.000000  0.000076  0.000000 -0.001322  0.000000 )
( -0.000319  0.000000 -0.000076  0.000000  0.001322  0.000000 )
( -0.000319  0.000000  0.000076  0.000000  0.001322  0.000000 )
(  0.003648  0.000000  0.000000  0.000000  0.011917  0.000000 )
( -0.000319  0.000000  0.000076  0.000000  0.001322  0.000000 )
( -0.000319  0.000000 -0.000076  0.000000  0.001322  0.000000 )
( -0.000319  0.000000  0.000076  0.000000 -0.001322  0.000000 )
( -0.000319  0.000000 -0.000076  0.000000 -0.001322  0.000000 )
     freq ( 106) =       9.003966 [THz] =     300.339965 [cm-1]
(  0.006206  0.000000  0.000000  0.000000  0.000000  0.000000 )
( -0.006206  0.000000  0.000000  0.000000  0.000000  0.000000 )
( -0.000000  0.000000 -0.000000  0.000000  0.010284  0.000000 )
(  0.000000  0.000000 -0.000000  0.000000 -0.010284  0.000000 )
(  0.000000  0.000000  0.057969  0.000000 -0.000000  0.000000 )
(  0.000000  0.000000  0.057969  0.000000  0.000000  0.000000 )
( -0.000000  0.000000  0.340257  0.000000 -0.000000  0.000000 )
( -0.000000  0.000000  0.414778  0.000000  0.000000  0.000000 )
( -0.000000  0.000000  0.414778  0.000000  0.000000  0.000000 )
( -0.000000  0.000000 -0.340257  0.000000  0.000000  0.000000 )
( -0.000000  0.000000 -0.414778  0.000000  0.000000  0.000000 )
(  0.000000  0.000000 -0.057969  0.000000  0.000000  0.000000 )
( -0.000000  0.000000 -0.000000  0.000000  0.000000  0.000000 )
(  0.000000  0.000000 -0.057969  0.000000  0.000000  0.000000 )
(  0.000000  0.000000 -0.414778  0.000000  0.000000  0.000000 )
( -0.000000  0.000000 -0.000000  0.000000  0.000000  0.000000 )
(  0.000000  0.000000 -0.000000  0.000000 -0.000000  0.000000 )
( -0.009796  0.000000  0.000000  0.000000  0.000000  0.000000 )
( -0.009796  0.000000  0.000000  0.000000  0.000000  0.000000 )
(  0.078608  0.000000  0.000000  0.000000  0.000000  0.000000 )
(  0.078608  0.000000  0.000000  0.000000 -0.000000  0.000000 )
( -0.000000  0.000000 -0.000000  0.000000 -0.000000  0.000000 )
( -0.078608  0.000000  0.000000  0.000000  0.000000  0.000000 )
( -0.078608  0.000000 -0.000000  0.000000  0.000000  0.000000 )
(  0.009796  0.000000  0.000000  0.000000  0.000000  0.000000 )
(  0.009796  0.000000  0.000000  0.000000 -0.000000  0.000000 )
(  0.000000  0.000000  0.000000  0.000000 -0.000000  0.000000 )
(  0.044027  0.000000  0.002607  0.000000  0.056893  0.000000 )
(  0.044027  0.000000 -0.002607  0.000000  0.056893  0.000000 )
( -0.044027  0.000000 -0.002607  0.000000  0.056893  0.000000 )
( -0.044027  0.000000  0.002607  0.000000  0.056893  0.000000 )
(  0.000000  0.000000  0.000000  0.000000  0.000000  0.000000 )
(  0.044027  0.000000 -0.002607  0.000000 -0.056893  0.000000 )
(  0.044027  0.000000  0.002607  0.000000 -0.056893  0.000000 )
( -0.044027  0.000000  0.002607  0.000000 -0.056893  0.000000 )
( -0.044027  0.000000 -0.002607  0.000000 -0.056893  0.000000 )
     freq ( 107) =       9.388633 [THz] =     313.171077 [cm-1]
(  0.000000  0.000000 -0.000000  0.000000  0.000000  0.000000 )
( -0.000000  0.000000 -0.000000  0.000000  0.000000  0.000000 )
( -0.000000  0.000000  0.000000  0.000000  0.000000  0.000000 )
(  0.000000  0.000000 -0.000000  0.000000  0.000000  0.000000 )
( -0.000000  0.000000 -0.297507  0.000000 -0.000000  0.000000 )
(  0.000000  0.000000  0.297507  0.000000  0.000000  0.000000 )
(  0.000000  0.000000  0.000000  0.000000  0.000000  0.000000 )
(  0.000000  0.000000 -0.382750  0.000000  0.000000  0.000000 )
( -0.000000  0.000000  0.382750  0.000000  0.000000  0.000000 )
(  0.000000  0.000000  0.000000  0.000000  0.000000  0.000000 )
(  0.000000  0.000000 -0.382750  0.000000  0.000000  0.000000 )
( -0.000000  0.000000  0.297507  0.000000 -0.000000  0.000000 )
( -0.000000  0.000000  0.000000  0.000000  0.000000  0.000000 )
( -0.000000  0.000000 -0.297507  0.000000 -0.000000  0.000000 )
(  0.000000  0.000000  0.382750  0.000000 -0.000000  0.000000 )
(  0.000000  0.000000  0.000000  0.000000  0.000000  0.000000 )
( -0.000000  0.000000 -0.000000  0.000000  0.000000  0.000000 )
(  0.052563  0.000000 -0.000000  0.000000  0.000000  0.000000 )
( -0.052563  0.000000 -0.000000  0.000000 -0.000000  0.000000 )
( -0.068968  0.000000  0.000000  0.000000 -0.000000  0.000000 )
(  0.068968  0.000000  0.000000  0.000000  0.000000  0.000000 )
( -0.000000  0.000000 -0.000000  0.000000 -0.000000  0.000000 )
(  0.068968  0.000000  0.000000  0.000000  0.000000  0.000000 )
( -0.068968  0.000000  0.000000  0.000000 -0.000000  0.000000 )
( -0.052563  0.000000 -0.000000  0.000000 -0.000000  0.000000 )
(  0.052563  0.000000  0.000000  0.000000  0.000000  0.000000 )
(  0.000000  0.000000  0.000679  0.000000 -0.000000  0.000000 )
(  0.059320  0.000000  0.013872  0.000000  0.005004  0.000000 )
( -0.059320  0.000000  0.013872  0.000000 -0.005004  0.000000 )
( -0.059320  0.000000 -0.013872  0.000000  0.005004  0.000000 )
(  0.059320  0.000000 -0.013872  0.000000 -0.005004  0.000000 )
( -0.000000  0.000000 -0.000679  0.000000  0.000000  0.000000 )
(  0.059320  0.000000 -0.013872  0.000000 -0.005004  0.000000 )
( -0.059320  0.000000 -0.013872  0.000000  0.005004  0.000000 )
( -0.059320  0.000000  0.013872  0.000000 -0.005004  0.000000 )
(  0.059320  0.000000  0.013872  0.000000  0.005004  0.000000 )
     freq ( 108) =       9.411085 [THz] =     313.919999 [cm-1]
( -0.000000  0.000000 -0.000121  0.000000 -0.000000  0.000000 )
(  0.000000 -0.000000 -0.000121  0.000000 -0.000000  0.000000 )
( -0.000000  0.000000  0.000362 -0.000000  0.000000 -0.000000 )
(  0.000000 -0.000000  0.000362 -0.000000 -0.000000  0.000000 )
( -0.000000  0.000000  0.171303 -0.000000  0.000000 -0.000000 )
( -0.000000  0.000000  0.171303 -0.000000 -0.000000  0.000000 )
(  0.000000 -0.000000 -0.428046  0.000000  0.000000 -0.000000 )
(  0.000000 -0.000000  0.221839 -0.000000 -0.000000  0.000000 )
(  0.000000 -0.000000  0.221839 -0.000000 -0.000000  0.000000 )
( -0.000000  0.000000 -0.428046  0.000000  0.000000 -0.000000 )
(  0.000000 -0.000000  0.221839 -0.000000 -0.000000  0.000000 )
( -0.000000  0.000000  0.171303 -0.000000 -0.000000  0.000000 )
(  0.000000 -0.000000 -0.360732  0.000000 -0.000000  0.000000 )
( -0.000000  0.000000  0.171303 -0.000000 -0.000000  0.000000 )
( -0.000000  0.000000  0.221839 -0.000000  0.000000 -0.000000 )
(  0.000000 -0.000000 -0.360732  0.000000 -0.000000  0.000000 )
(  0.000000 -0.000000  0.001308 -0.000000  0.000000 -0.000000 )
(  0.000000 -0.000000  0.002286 -0.000000 -0.054010  0.000000 )
( -0.000000  0.000000  0.002286 -0.000000  0.054010 -0.000000 )
( -0.000000  0.000000 -0.014296  0.000000  0.058515 -0.000000 )
(  0.000000 -0.000000 -0.014296  0.000000 -0.058515  0.000000 )
( -0.000000  0.000000  0.000343 -0.000000  0.000000 -0.000000 )
(  0.000000 -0.000000 -0.014296  0.000000 -0.058515  0.000000 )
( -0.000000  0.000000 -0.014296  0.000000  0.058515 -0.000000 )
( -0.000000  0.000000  0.002286 -0.000000  0.054010 -0.000000 )
(  0.000000 -0.000000  0.002286 -0.000000 -0.054010  0.000000 )
( -0.000000  0.000000 -0.000559  0.000000  0.000000 -0.000000 )
( -0.005040  0.000000  0.006278 -0.000000 -0.063584  0.000000 )
(  0.005040 -0.000000  0.006278 -0.000000  0.063584 -0.000000 )
( -0.005040  0.000000  0.006278 -0.000000  0.063584 -0.000000 )
(  0.005040 -0.000000  0.006278 -0.000000 -0.063584  0.000000 )
( -0.000000  0.000000 -0.000559  0.000000 -0.000000  0.000000 )
(  0.005040 -0.000000  0.006278 -0.000000 -0.063584  0.000000 )
( -0.005040  0.000000  0.006278 -0.000000  0.063584 -0.000000 )
(  0.005040 -0.000000  0.006278 -0.000000  0.063584 -0.000000 )
( -0.005040  0.000000  0.006278 -0.000000 -0.063584  0.000000 )
 **************************************************************************
