Dynamical matrix file

  3   36   0    23.7692718     0.0000000     0.0000000     0.0000000     0.0000000     0.0000000
Basis vectors
      0.000000000    0.665746584    0.746177919
      0.430812850    0.000000000    0.746177919
      0.430812850    0.665746584    0.000000000
            1  'Cs  '    121135.913129338
            2  'V   '     46430.338453521
            3  'Sb  '    110977.454729458
    1    1     0.4308128500     0.3338992753     0.7461779187
    2    1     0.4308128500     0.9975938920     0.7461779187
    3    1     0.2154064250     0.3328732918     0.3730889594
    4    1     0.6462192750     0.9986198754     1.1192668781
    5    2     0.5359602711     0.6657465836     1.3040767120
    6    2     0.5359602711     0.6657465836     0.1882791254
    7    2     0.2169207145     0.6657465836     0.7461779187
    8    2     0.5382847316     0.6657465836     0.5609852964
    9    2     0.5382847316     0.6657465836     0.9313705411
   10    2     0.6447049855     0.6657465836     0.7461779187
   11    2     0.3233409684     0.6657465836     0.9313705411
   12    2     0.3256654289     0.6657465836     1.3040767120
   13    2     0.4308128500     0.6657465836     1.1226151661
   14    2     0.3256654289     0.6657465836     0.1882791254
   15    2     0.3233409684     0.6657465836     0.5609852964
   16    2     0.4308128500     0.6657465836     0.3697406714
   17    3     0.0000000000     0.0000000000     0.0000000000
   18    3     0.4308128500     0.4858729417     1.2437138154
   19    3     0.4308128500     0.4858729417     0.2486420221
   20    3     0.4308128500     0.8428540979     0.4970706946
   21    3     0.4308128500     0.8428540979     0.9952851429
   22    3     0.4308128500     0.6657465836     0.7461779187
   23    3     0.4308128500     0.4886390694     0.4970706946
   24    3     0.4308128500     0.4886390694     0.9952851429
   25    3     0.4308128500     0.8456202256     1.2437138154
   26    3     0.4308128500     0.8456202256     0.2486420221
   27    3     0.2154064250     0.0000000000     0.3730889594
   28    3     0.2147801082     0.4881004654     0.8706679737
   29    3     0.6468455918     0.4881004654     0.6216878638
   30    3     0.6468455918     0.8433927019     0.8706679737
   31    3     0.2147801082     0.8433927019     0.6216878638
   32    3     0.2154064250     0.6657465836     0.3730889594
   33    3     0.6468455918     0.4881004654     0.8706679737
   34    3     0.2147801082     0.4881004654     0.6216878638
   35    3     0.2147801082     0.8433927019     0.8706679737
   36    3     0.6468455918     0.8433927019     0.6216878638

     Dynamical  Matrix in cartesian axes

     q = (    0.580298382  -0.375518262   0.335040737 )

    1    1
  0.05021364  -0.00000000    -0.00009537  -0.00000000    -0.00004409  -0.00000000
 -0.00009537  -0.00000000     0.04267207  -0.00000000    -0.00001756  -0.00000000
 -0.00004409  -0.00000000    -0.00001756  -0.00000000     0.07240961   0.00000000
    1    2
  0.00001546   0.00000000    -0.00002634  -0.00000000     0.00000764   0.00000000
 -0.00002634  -0.00000000    -0.00001311   0.00000000    -0.00000182  -0.00000000
  0.00000764   0.00000000    -0.00000182  -0.00000000     0.00003249  -0.00000000
    1    3
  0.00001755  -0.00000000     0.00000385   0.00000000     0.00001971   0.00000000
 -0.00000686   0.00000000    -0.00001076  -0.00000000    -0.00002130  -0.00000000
  0.00001913   0.00000000    -0.00000195   0.00000000     0.00000005   0.00000000
    1    4
 -0.00019321  -0.00000000    -0.00008631  -0.00000000     0.00125571   0.00000000
 -0.00005101  -0.00000000     0.00045771   0.00000000    -0.00005863  -0.00000000
  0.00124907   0.00000000    -0.00005388  -0.00000000    -0.00167446  -0.00000000
    1    5
 -0.00056735  -0.00000000     0.00084545  -0.00000000    -0.00086231  -0.00000000
  0.00060910  -0.00000000     0.00034668   0.00000000     0.00067950   0.00000000
 -0.00097893  -0.00000000     0.00150299   0.00000000     0.00046279   0.00000000
    1    6
  0.00046335  -0.00000000    -0.00072290   0.00000000    -0.00071913  -0.00000000
 -0.00054280   0.00000000    -0.00057560  -0.00000000     0.00109577   0.00000000
 -0.00055250  -0.00000000     0.00185322   0.00000000    -0.00046786  -0.00000000
    1    7
 -0.00019458  -0.00000000     0.00011028   0.00000000     0.00003383   0.00000000
  0.00037170   0.00000000     0.00007775  -0.00000000    -0.00007928  -0.00000000
 -0.00026891  -0.00000000    -0.00001264   0.00000000     0.00012717  -0.00000000
    1    8
  0.00091488   0.00000000     0.00145540   0.00000000     0.00028232   0.00000000
  0.00062957   0.00000000     0.00224794   0.00000000     0.00031579   0.00000000
  0.00023457   0.00000000    -0.00011936   0.00000000     0.00062978   0.00000000
    1    9
  0.00084068   0.00000000     0.00180363   0.00000000    -0.00026369  -0.00000000
  0.00074892   0.00000000     0.00157142   0.00000000    -0.00000480  -0.00000000
 -0.00061753  -0.00000000     0.00023591  -0.00000000     0.00026914   0.00000000
    1   10
  0.00058474  -0.00000000     0.00235651   0.00000000    -0.00000723  -0.00000000
  0.00132041   0.00000000     0.00240258   0.00000000    -0.00002183  -0.00000000
  0.00017965   0.00000000     0.00022542   0.00000000     0.00041628   0.00000000
    1   11
 -0.00023119  -0.00000000     0.00060141   0.00000000    -0.00086739  -0.00000000
  0.00050838   0.00000000     0.00070606  -0.00000000     0.00062070   0.00000000
 -0.00070630  -0.00000000     0.00132510   0.00000000     0.00053781   0.00000000
    1   12
  0.00090789   0.00000000     0.00186791   0.00000000    -0.00030682  -0.00000000
  0.00131384   0.00000000     0.00173729   0.00000000    -0.00009399   0.00000000
 -0.00058034  -0.00000000     0.00014296   0.00000000     0.00030513   0.00000000
    1   13
 -0.00055693  -0.00000000    -0.00008937  -0.00000000    -0.00013318  -0.00000000
 -0.00008305  -0.00000000     0.00098845   0.00000000     0.00188406   0.00000000
  0.00031664   0.00000000     0.00285849   0.00000000     0.00161920   0.00000000
    1   14
 -0.00124935  -0.00000000    -0.00156172  -0.00000000    -0.00044616   0.00000000
 -0.00102902  -0.00000000    -0.00241010  -0.00000000    -0.00026264   0.00000000
 -0.00032774   0.00000000     0.00012368   0.00000000    -0.00062016  -0.00000000
    1   15
 -0.00004346  -0.00000000     0.00049746   0.00000000     0.00013847   0.00000000
  0.00030645   0.00000000     0.00085567  -0.00000000    -0.00085248  -0.00000000
  0.00059594   0.00000000    -0.00152632  -0.00000000     0.00013882  -0.00000000
    1   16
 -0.00004256   0.00000000     0.00010094   0.00000000     0.00034218   0.00000000
 -0.00003447  -0.00000000     0.00004034  -0.00000000    -0.00026638   0.00000000
 -0.00015000  -0.00000000    -0.00031557   0.00000000     0.00023052  -0.00000000
    1   17
 -0.00103259   0.00000000    -0.00008959  -0.00000000    -0.00017954  -0.00000000
  0.00026989   0.00000000     0.00479443  -0.00000000     0.00006669   0.00000000
 -0.00003991  -0.00000000    -0.00003678  -0.00000000    -0.00088626  -0.00000000
    1   18
  0.00002093  -0.00000000     0.00027833  -0.00000000     0.00004142   0.00000000
 -0.00006915  -0.00000000     0.00019149   0.00000000    -0.00007512   0.00000000
 -0.00005792   0.00000000     0.00030720   0.00000000     0.00003899   0.00000000
    1   19
  0.00012546  -0.00000000    -0.00053085  -0.00000000    -0.00007286  -0.00000000
  0.00009508   0.00000000    -0.00000854  -0.00000000     0.00003442  -0.00000000
 -0.00009710  -0.00000000    -0.00009697   0.00000000     0.00025238   0.00000000
    1   20
 -0.00008330  -0.00000000     0.00034932   0.00000000     0.00029747   0.00000000
 -0.00001739   0.00000000    -0.00012118  -0.00000000     0.00013029   0.00000000
  0.00015139   0.00000000     0.00009005   0.00000000    -0.00045906  -0.00000000
    1   21
  0.00004499  -0.00000000     0.00029424   0.00000000    -0.00021393  -0.00000000
  0.00012758   0.00000000     0.00031462   0.00000000     0.00002683   0.00000000
 -0.00011176  -0.00000000     0.00031010   0.00000000     0.00014358   0.00000000
    1   22
  0.00090053   0.00000000     0.00002127   0.00000000     0.00002486   0.00000000
 -0.00054501  -0.00000000    -0.00535999  -0.00000000    -0.00011792  -0.00000000
  0.00008788   0.00000000    -0.00000168  -0.00000000     0.00087616  -0.00000000
    1   23
  0.00213469  -0.00000000    -0.00001876  -0.00000000     0.00010336   0.00000000
 -0.00009194  -0.00000000    -0.00516184  -0.00000000     0.01071973  -0.00000000
  0.00003653  -0.00000000     0.01083842   0.00000000    -0.01442911   0.00000000
    1   24
  0.00226125   0.00000000    -0.00015832  -0.00000000     0.00006631   0.00000000
 -0.00014946  -0.00000000    -0.00514480  -0.00000000    -0.01083633  -0.00000000
  0.00022592   0.00000000    -0.01076959   0.00000000    -0.01440527   0.00000000
    1   25
  0.00224958   0.00000000    -0.00012506   0.00000000     0.00028329   0.00000000
 -0.00024352  -0.00000000    -0.00501520  -0.00000000    -0.01113597  -0.00000000
  0.00019602   0.00000000    -0.01139544  -0.00000000    -0.01493398  -0.00000000
    1   26
 -0.00206085  -0.00000000     0.00026157   0.00000000     0.00002695  -0.00000000
  0.00012550  -0.00000000     0.00519199   0.00000000    -0.01089037  -0.00000000
  0.00003956  -0.00000000    -0.01117715  -0.00000000     0.01484785   0.00000000
    1   27
  0.00012924  -0.00000000     0.00000973  -0.00000000     0.00056035   0.00000000
 -0.00018890   0.00000000     0.00006623  -0.00000000    -0.00039887   0.00000000
  0.00039716   0.00000000     0.00000780   0.00000000    -0.00026864  -0.00000000
    1   28
 -0.01008043   0.00000000     0.00941707   0.00000000     0.00723350   0.00000000
  0.00930908  -0.00000000    -0.00527848  -0.00000000    -0.00548927  -0.00000000
  0.00732459   0.00000000    -0.00533175   0.00000000    -0.00209200  -0.00000000
    1   29
 -0.01039589  -0.00000000    -0.00931405   0.00000000     0.00713317  -0.00000000
 -0.00947607  -0.00000000    -0.00516417   0.00000000     0.00523384  -0.00000000
  0.00720715  -0.00000000     0.00550943   0.00000000    -0.00210066  -0.00000000
    1   30
 -0.01020301  -0.00000000    -0.00929262  -0.00000000     0.00714170   0.00000000
 -0.00945810  -0.00000000    -0.00490722  -0.00000000     0.00532654   0.00000000
  0.00713222   0.00000000     0.00548278   0.00000000    -0.00213925  -0.00000000
    1   31
  0.01003720   0.00000000    -0.00955401  -0.00000000    -0.00707958  -0.00000000
 -0.00913447  -0.00000000     0.00511304   0.00000000     0.00545160   0.00000000
 -0.00723924  -0.00000000     0.00537619   0.00000000     0.00210352   0.00000000
    1   32
 -0.00022319  -0.00000000    -0.00006412  -0.00000000    -0.00034512  -0.00000000
  0.00027100   0.00000000     0.00006074  -0.00000000     0.00022717  -0.00000000
 -0.00034138  -0.00000000    -0.00005286   0.00000000     0.00041809   0.00000000
    1   33
 -0.01039862  -0.00000000    -0.00930590   0.00000000    -0.00710700   0.00000000
 -0.00940157  -0.00000000    -0.00518130   0.00000000    -0.00534524   0.00000000
 -0.00719273  -0.00000000    -0.00556577  -0.00000000    -0.00211863  -0.00000000
    1   34
 -0.01019314   0.00000000     0.00956334   0.00000000    -0.00711713   0.00000000
  0.00935378   0.00000000    -0.00521034  -0.00000000     0.00545580  -0.00000000
 -0.00720662  -0.00000000     0.00531806  -0.00000000    -0.00183648   0.00000000
    1   35
  0.01006775   0.00000000    -0.00930683  -0.00000000     0.00701728   0.00000000
 -0.00928963  -0.00000000     0.00517327   0.00000000    -0.00555294  -0.00000000
  0.00723825   0.00000000    -0.00531176  -0.00000000     0.00186793   0.00000000
    1   36
 -0.01028402  -0.00000000    -0.00927283  -0.00000000    -0.00711076  -0.00000000
 -0.00934239  -0.00000000    -0.00495472  -0.00000000    -0.00536605  -0.00000000
 -0.00700189  -0.00000000    -0.00552426  -0.00000000    -0.00206200  -0.00000000
    2    1
  0.00001546   0.00000000    -0.00002634  -0.00000000     0.00000764   0.00000000
 -0.00002634  -0.00000000    -0.00001311   0.00000000    -0.00000182  -0.00000000
  0.00000764   0.00000000    -0.00000182  -0.00000000     0.00003249  -0.00000000
    2    2
  0.05021364  -0.00000000    -0.00009537  -0.00000000    -0.00004409  -0.00000000
 -0.00009537  -0.00000000     0.04267207  -0.00000000    -0.00001756  -0.00000000
 -0.00004409  -0.00000000    -0.00001756  -0.00000000     0.07240961   0.00000000
    2    3
 -0.00019321  -0.00000000    -0.00008631  -0.00000000     0.00125571   0.00000000
 -0.00005101  -0.00000000     0.00045771   0.00000000    -0.00005863  -0.00000000
  0.00124907   0.00000000    -0.00005388  -0.00000000    -0.00167446  -0.00000000
    2    4
  0.00001755  -0.00000000     0.00000385   0.00000000     0.00001971   0.00000000
 -0.00000686   0.00000000    -0.00001076  -0.00000000    -0.00002130  -0.00000000
  0.00001913   0.00000000    -0.00000195   0.00000000     0.00000005   0.00000000
    2    5
 -0.00124935  -0.00000000    -0.00156172  -0.00000000    -0.00044616   0.00000000
 -0.00102902  -0.00000000    -0.00241010  -0.00000000    -0.00026264   0.00000000
 -0.00032774   0.00000000     0.00012368   0.00000000    -0.00062016  -0.00000000
    2    6
  0.00090789   0.00000000     0.00186791   0.00000000    -0.00030682  -0.00000000
  0.00131384   0.00000000     0.00173729   0.00000000    -0.00009399   0.00000000
 -0.00058034  -0.00000000     0.00014296   0.00000000     0.00030513   0.00000000
    2    7
  0.00058474  -0.00000000     0.00235651   0.00000000    -0.00000723  -0.00000000
  0.00132041   0.00000000     0.00240258   0.00000000    -0.00002183  -0.00000000
  0.00017965   0.00000000     0.00022542   0.00000000     0.00041628   0.00000000
    2    8
 -0.00023119  -0.00000000     0.00060141   0.00000000    -0.00086739  -0.00000000
  0.00050838   0.00000000     0.00070606  -0.00000000     0.00062070   0.00000000
 -0.00070630  -0.00000000     0.00132510   0.00000000     0.00053781   0.00000000
    2    9
 -0.00004346  -0.00000000     0.00049746   0.00000000     0.00013847   0.00000000
  0.00030645   0.00000000     0.00085567  -0.00000000    -0.00085248  -0.00000000
  0.00059594   0.00000000    -0.00152632  -0.00000000     0.00013882  -0.00000000
    2   10
 -0.00019458  -0.00000000     0.00011028   0.00000000     0.00003383   0.00000000
  0.00037170   0.00000000     0.00007775  -0.00000000    -0.00007928  -0.00000000
 -0.00026891  -0.00000000    -0.00001264   0.00000000     0.00012717  -0.00000000
    2   11
  0.00091488   0.00000000     0.00145540   0.00000000     0.00028232   0.00000000
  0.00062957   0.00000000     0.00224794   0.00000000     0.00031579   0.00000000
  0.00023457   0.00000000    -0.00011936   0.00000000     0.00062978   0.00000000
    2   12
  0.00046335  -0.00000000    -0.00072290   0.00000000    -0.00071913  -0.00000000
 -0.00054280   0.00000000    -0.00057560  -0.00000000     0.00109577   0.00000000
 -0.00055250  -0.00000000     0.00185322   0.00000000    -0.00046786  -0.00000000
    2   13
 -0.00004256   0.00000000     0.00010094   0.00000000     0.00034218   0.00000000
 -0.00003447  -0.00000000     0.00004034  -0.00000000    -0.00026638   0.00000000
 -0.00015000  -0.00000000    -0.00031557   0.00000000     0.00023052  -0.00000000
    2   14
 -0.00056735  -0.00000000     0.00084545  -0.00000000    -0.00086231  -0.00000000
  0.00060910  -0.00000000     0.00034668   0.00000000     0.00067950   0.00000000
 -0.00097893  -0.00000000     0.00150299   0.00000000     0.00046279   0.00000000
    2   15
  0.00084068   0.00000000     0.00180363   0.00000000    -0.00026369  -0.00000000
  0.00074892   0.00000000     0.00157142   0.00000000    -0.00000480  -0.00000000
 -0.00061753  -0.00000000     0.00023591  -0.00000000     0.00026914   0.00000000
    2   16
 -0.00055693  -0.00000000    -0.00008937  -0.00000000    -0.00013318  -0.00000000
 -0.00008305  -0.00000000     0.00098845   0.00000000     0.00188406   0.00000000
  0.00031664   0.00000000     0.00285849   0.00000000     0.00161920   0.00000000
    2   17
  0.00103259   0.00000000     0.00008959   0.00000000     0.00017954   0.00000000
 -0.00026989  -0.00000000    -0.00479443  -0.00000000    -0.00006669  -0.00000000
  0.00003991   0.00000000     0.00003678   0.00000000     0.00088626   0.00000000
    2   18
 -0.00206085  -0.00000000     0.00026157   0.00000000     0.00002695  -0.00000000
  0.00012550  -0.00000000     0.00519199   0.00000000    -0.01089037  -0.00000000
  0.00003956  -0.00000000    -0.01117715  -0.00000000     0.01484785   0.00000000
    2   19
  0.00224958   0.00000000    -0.00012506   0.00000000     0.00028329   0.00000000
 -0.00024352  -0.00000000    -0.00501520  -0.00000000    -0.01113597  -0.00000000
  0.00019602   0.00000000    -0.01139544  -0.00000000    -0.01493398  -0.00000000
    2   20
  0.00226125   0.00000000    -0.00015832  -0.00000000     0.00006631   0.00000000
 -0.00014946  -0.00000000    -0.00514480  -0.00000000    -0.01083633  -0.00000000
  0.00022592   0.00000000    -0.01076959   0.00000000    -0.01440527   0.00000000
    2   21
  0.00213469  -0.00000000    -0.00001876  -0.00000000     0.00010336   0.00000000
 -0.00009194  -0.00000000    -0.00516184  -0.00000000     0.01071973  -0.00000000
  0.00003653  -0.00000000     0.01083842   0.00000000    -0.01442911   0.00000000
    2   22
  0.00090053   0.00000000     0.00002127   0.00000000     0.00002486   0.00000000
 -0.00054501  -0.00000000    -0.00535999  -0.00000000    -0.00011792  -0.00000000
  0.00008788   0.00000000    -0.00000168  -0.00000000     0.00087616  -0.00000000
    2   23
  0.00004499  -0.00000000     0.00029424   0.00000000    -0.00021393  -0.00000000
  0.00012758   0.00000000     0.00031462   0.00000000     0.00002683   0.00000000
 -0.00011176  -0.00000000     0.00031010   0.00000000     0.00014358   0.00000000
    2   24
 -0.00008330  -0.00000000     0.00034932   0.00000000     0.00029747   0.00000000
 -0.00001739   0.00000000    -0.00012118  -0.00000000     0.00013029   0.00000000
  0.00015139   0.00000000     0.00009005   0.00000000    -0.00045906  -0.00000000
    2   25
  0.00012546  -0.00000000    -0.00053085  -0.00000000    -0.00007286  -0.00000000
  0.00009508   0.00000000    -0.00000854  -0.00000000     0.00003442  -0.00000000
 -0.00009710  -0.00000000    -0.00009697   0.00000000     0.00025238   0.00000000
    2   26
  0.00002093  -0.00000000     0.00027833  -0.00000000     0.00004142   0.00000000
 -0.00006915  -0.00000000     0.00019149   0.00000000    -0.00007512   0.00000000
 -0.00005792   0.00000000     0.00030720   0.00000000     0.00003899   0.00000000
    2   27
  0.00012924  -0.00000000     0.00000973   0.00000000     0.00056035   0.00000000
 -0.00018890  -0.00000000     0.00006623  -0.00000000    -0.00039887  -0.00000000
  0.00039716   0.00000000     0.00000780   0.00000000    -0.00026864   0.00000000
    2   28
 -0.01028402  -0.00000000    -0.00927283  -0.00000000    -0.00711076  -0.00000000
 -0.00934239  -0.00000000    -0.00495472  -0.00000000    -0.00536605  -0.00000000
 -0.00700189  -0.00000000    -0.00552426  -0.00000000    -0.00206200  -0.00000000
    2   29
  0.01006775   0.00000000    -0.00930683  -0.00000000     0.00701728   0.00000000
 -0.00928963  -0.00000000     0.00517327   0.00000000    -0.00555294  -0.00000000
  0.00723825   0.00000000    -0.00531176  -0.00000000     0.00186793   0.00000000
    2   30
 -0.01019314   0.00000000     0.00956334   0.00000000    -0.00711713   0.00000000
  0.00935378   0.00000000    -0.00521034  -0.00000000     0.00545580  -0.00000000
 -0.00720662  -0.00000000     0.00531806  -0.00000000    -0.00183648   0.00000000
    2   31
 -0.01039862  -0.00000000    -0.00930590   0.00000000    -0.00710700   0.00000000
 -0.00940157  -0.00000000    -0.00518130   0.00000000    -0.00534524   0.00000000
 -0.00719273  -0.00000000    -0.00556577  -0.00000000    -0.00211863  -0.00000000
    2   32
  0.00022319   0.00000000     0.00006412   0.00000000     0.00034512   0.00000000
 -0.00027100  -0.00000000    -0.00006074  -0.00000000    -0.00022717   0.00000000
  0.00034138   0.00000000     0.00005286  -0.00000000    -0.00041809  -0.00000000
    2   33
  0.01003720   0.00000000    -0.00955401  -0.00000000    -0.00707958  -0.00000000
 -0.00913447  -0.00000000     0.00511304   0.00000000     0.00545160   0.00000000
 -0.00723924  -0.00000000     0.00537619   0.00000000     0.00210352   0.00000000
    2   34
 -0.01020301  -0.00000000    -0.00929262  -0.00000000     0.00714170   0.00000000
 -0.00945810  -0.00000000    -0.00490722  -0.00000000     0.00532654   0.00000000
  0.00713222   0.00000000     0.00548278   0.00000000    -0.00213925  -0.00000000
    2   35
 -0.01039589  -0.00000000    -0.00931405   0.00000000     0.00713317  -0.00000000
 -0.00947607  -0.00000000    -0.00516417   0.00000000     0.00523384  -0.00000000
  0.00720715  -0.00000000     0.00550943   0.00000000    -0.00210066  -0.00000000
    2   36
 -0.01008043   0.00000000     0.00941707   0.00000000     0.00723350   0.00000000
  0.00930908  -0.00000000    -0.00527848  -0.00000000    -0.00548927  -0.00000000
  0.00732459   0.00000000    -0.00533175   0.00000000    -0.00209200  -0.00000000
    3    1
  0.00001755  -0.00000000    -0.00000686   0.00000000     0.00001913   0.00000000
  0.00000385   0.00000000    -0.00001076  -0.00000000    -0.00000195   0.00000000
  0.00001971   0.00000000    -0.00002130  -0.00000000     0.00000005   0.00000000
    3    2
 -0.00019321  -0.00000000    -0.00005101  -0.00000000     0.00124907   0.00000000
 -0.00008631  -0.00000000     0.00045771   0.00000000    -0.00005388  -0.00000000
  0.00125571   0.00000000    -0.00005863  -0.00000000    -0.00167446  -0.00000000
    3    3
  0.05029252  -0.00000000    -0.00008487  -0.00000000    -0.00004631  -0.00000000
 -0.00008487  -0.00000000     0.04155289  -0.00000000    -0.00001363  -0.00000000
 -0.00004631  -0.00000000    -0.00001363  -0.00000000     0.07174534   0.00000000
    3    4
  0.00001413   0.00000000    -0.00000418  -0.00000000     0.00000714   0.00000000
 -0.00000418  -0.00000000     0.00002129  -0.00000000    -0.00001191  -0.00000000
  0.00000714   0.00000000    -0.00001191  -0.00000000     0.00001288  -0.00000000
    3    5
  0.00051650   0.00000000    -0.00050000  -0.00000000     0.00097632   0.00000000
 -0.00046597  -0.00000000    -0.00063900   0.00000000    -0.00064168  -0.00000000
  0.00089669   0.00000000    -0.00133134  -0.00000000    -0.00053344  -0.00000000
    3    6
  0.00077214   0.00000000     0.00185644   0.00000000    -0.00017919   0.00000000
  0.00096031   0.00000000     0.00158937   0.00000000     0.00005339   0.00000000
 -0.00058197  -0.00000000     0.00025062   0.00000000     0.00014487  -0.00000000
    3    7
 -0.00053513  -0.00000000    -0.00008804  -0.00000000    -0.00014647  -0.00000000
 -0.00023825  -0.00000000     0.00079793   0.00000000     0.00157848   0.00000000
  0.00039728   0.00000000     0.00266454   0.00000000     0.00138848   0.00000000
    3    8
  0.00097193   0.00000000     0.00159736   0.00000000     0.00014727  -0.00000000
  0.00088993   0.00000000     0.00219693   0.00000000     0.00007724  -0.00000000
  0.00018091  -0.00000000    -0.00030487  -0.00000000     0.00069644   0.00000000
    3    9
  0.00025525   0.00000000    -0.00039836  -0.00000000    -0.00053808  -0.00000000
 -0.00022300  -0.00000000    -0.00077051   0.00000000     0.00117093   0.00000000
 -0.00041788  -0.00000000     0.00169881   0.00000000    -0.00046751  -0.00000000
    3   10
 -0.00016833  -0.00000000    -0.00000044   0.00000000     0.00028569   0.00000000
 -0.00003279   0.00000000     0.00011050   0.00000000    -0.00007582  -0.00000000
  0.00000904   0.00000000     0.00006115  -0.00000000     0.00013499   0.00000000
    3   11
 -0.00041535  -0.00000000     0.00054464  -0.00000000    -0.00075204  -0.00000000
  0.00051474  -0.00000000     0.00060276   0.00000000     0.00053324   0.00000000
 -0.00084536  -0.00000000     0.00152946   0.00000000     0.00052053   0.00000000
    3   12
 -0.00019376   0.00000000     0.00036929  -0.00000000     0.00018917  -0.00000000
  0.00042794  -0.00000000     0.00062314   0.00000000    -0.00102399  -0.00000000
  0.00058274  -0.00000000    -0.00159875  -0.00000000     0.00027953   0.00000000
    3   13
 -0.00023146  -0.00000000     0.00001248  -0.00000000     0.00013702   0.00000000
  0.00004436  -0.00000000    -0.00011316   0.00000000     0.00016746   0.00000000
  0.00000694   0.00000000    -0.00020190  -0.00000000    -0.00004159   0.00000000
    3   14
  0.00105102   0.00000000     0.00157955   0.00000000     0.00035690   0.00000000
  0.00082280   0.00000000     0.00222240   0.00000000     0.00015162   0.00000000
  0.00038941   0.00000000    -0.00010928   0.00000000     0.00065774   0.00000000
    3   15
  0.00100174   0.00000000     0.00184806   0.00000000    -0.00010059  -0.00000000
  0.00112361   0.00000000     0.00165148   0.00000000     0.00018186  -0.00000000
 -0.00046318  -0.00000000     0.00031284  -0.00000000     0.00021370  -0.00000000
    3   16
  0.00063082  -0.00000000     0.00232171   0.00000000    -0.00008745  -0.00000000
  0.00120574   0.00000000     0.00228983   0.00000000     0.00000632  -0.00000000
  0.00008907   0.00000000     0.00017190   0.00000000     0.00058148   0.00000000
    3   17
  0.00002883  -0.00000000     0.00002586   0.00000000     0.00041522   0.00000000
 -0.00034870  -0.00000000    -0.00005437  -0.00000000    -0.00035596  -0.00000000
  0.00046060   0.00000000    -0.00001051  -0.00000000    -0.00036577  -0.00000000
    3   18
  0.01065052  -0.00000000    -0.00977377  -0.00000000    -0.00756811  -0.00000000
 -0.00961437   0.00000000     0.00527488   0.00000000     0.00555007  -0.00000000
 -0.00759432  -0.00000000     0.00556230  -0.00000000     0.00222909   0.00000000
    3   19
 -0.01078546  -0.00000000    -0.00975932   0.00000000     0.00742172  -0.00000000
 -0.00974629  -0.00000000    -0.00505829   0.00000000     0.00548564  -0.00000000
  0.00747189   0.00000000     0.00562498   0.00000000    -0.00222345   0.00000000
    3   20
 -0.01023202  -0.00000000    -0.00916190  -0.00000000     0.00705934   0.00000000
 -0.00938561  -0.00000000    -0.00498165  -0.00000000     0.00530499   0.00000000
  0.00698584   0.00000000     0.00540388   0.00000000    -0.00213937  -0.00000000
    3   21
 -0.01004126  -0.00000000     0.00940419   0.00000000     0.00719478   0.00000000
  0.00914109   0.00000000    -0.00507381  -0.00000000    -0.00532324  -0.00000000
  0.00714923   0.00000000    -0.00530017  -0.00000000    -0.00203368  -0.00000000
    3   22
  0.00008793  -0.00000000     0.00001608   0.00000000     0.00036612   0.00000000
 -0.00029451  -0.00000000    -0.00004316  -0.00000000    -0.00040657  -0.00000000
  0.00036438   0.00000000     0.00002713   0.00000000    -0.00037039  -0.00000000
    3   23
 -0.01025684  -0.00000000    -0.00918957   0.00000000    -0.00705264  -0.00000000
 -0.00931677  -0.00000000    -0.00489643   0.00000000    -0.00524882   0.00000000
 -0.00699872  -0.00000000    -0.00542643  -0.00000000    -0.00209460  -0.00000000
    3   24
  0.01004307  -0.00000000    -0.00943439  -0.00000000     0.00708989   0.00000000
 -0.00923698   0.00000000     0.00513895   0.00000000    -0.00534549  -0.00000000
  0.00709981   0.00000000    -0.00524772   0.00000000     0.00184581  -0.00000000
    3   25
 -0.01067782  -0.00000000     0.00974464   0.00000000    -0.00752807  -0.00000000
  0.00967154   0.00000000    -0.00524890  -0.00000000     0.00560756   0.00000000
 -0.00753253  -0.00000000     0.00556341   0.00000000    -0.00195352  -0.00000000
    3   26
 -0.01080042  -0.00000000    -0.00968457  -0.00000000    -0.00746232  -0.00000000
 -0.00965862  -0.00000000    -0.00507798  -0.00000000    -0.00552218  -0.00000000
 -0.00741154  -0.00000000    -0.00562609  -0.00000000    -0.00214982  -0.00000000
    3   27
  0.00107540   0.00000000     0.00004345   0.00000000     0.00007004   0.00000000
 -0.00047799  -0.00000000    -0.00496203  -0.00000000     0.00009375   0.00000000
  0.00005710   0.00000000     0.00001225   0.00000000     0.00096860  -0.00000000
    3   28
  0.00002957  -0.00000000     0.00029290   0.00000000    -0.00007272  -0.00000000
  0.00007823   0.00000000     0.00030098   0.00000000    -0.00010287  -0.00000000
 -0.00022617  -0.00000000     0.00028719   0.00000000     0.00010145   0.00000000
    3   29
 -0.00015874  -0.00000000     0.00034836   0.00000000     0.00016921   0.00000000
  0.00000056   0.00000000    -0.00008056  -0.00000000     0.00004477   0.00000000
  0.00021924   0.00000000     0.00000456  -0.00000000    -0.00040906  -0.00000000
    3   30
  0.00021543  -0.00000000    -0.00046868  -0.00000000    -0.00015497  -0.00000000
 -0.00012665  -0.00000000     0.00013490  -0.00000000    -0.00012743  -0.00000000
 -0.00012487  -0.00000000    -0.00015281  -0.00000000     0.00033180   0.00000000
    3   31
 -0.00008193  -0.00000000     0.00044031   0.00000000    -0.00013251  -0.00000000
  0.00020828   0.00000000     0.00024909   0.00000000     0.00004624   0.00000000
 -0.00009301  -0.00000000     0.00039128   0.00000000     0.00007026   0.00000000
    3   32
  0.00100774   0.00000000     0.00000734   0.00000000     0.00004801   0.00000000
 -0.00046144  -0.00000000    -0.00499454  -0.00000000    -0.00015055  -0.00000000
  0.00005306  -0.00000000     0.00001600   0.00000000     0.00093195  -0.00000000
    3   33
 -0.00193648  -0.00000000     0.00005354   0.00000000    -0.00002909   0.00000000
  0.00010203   0.00000000     0.00510403  -0.00000000    -0.01070435   0.00000000
  0.00003045   0.00000000    -0.01082865  -0.00000000     0.01440050   0.00000000
    3   34
  0.00213823  -0.00000000    -0.00006079  -0.00000000     0.00023698   0.00000000
 -0.00009252  -0.00000000    -0.00503957  -0.00000000    -0.01081938  -0.00000000
  0.00017920   0.00000000    -0.01083345  -0.00000000    -0.01441047   0.00000000
    3   35
  0.00215655   0.00000000    -0.00000935   0.00000000     0.00015485   0.00000000
 -0.00015931  -0.00000000    -0.00504498  -0.00000000    -0.01084095  -0.00000000
  0.00009855   0.00000000    -0.01086657  -0.00000000    -0.01438698  -0.00000000
    3   36
  0.00200776   0.00000000    -0.00001520   0.00000000    -0.00006186   0.00000000
 -0.00010636  -0.00000000    -0.00511554  -0.00000000     0.01068224   0.00000000
  0.00005572   0.00000000     0.01077017   0.00000000    -0.01439907  -0.00000000
    4    1
 -0.00019321  -0.00000000    -0.00005101  -0.00000000     0.00124907   0.00000000
 -0.00008631  -0.00000000     0.00045771   0.00000000    -0.00005388  -0.00000000
  0.00125571   0.00000000    -0.00005863  -0.00000000    -0.00167446  -0.00000000
    4    2
  0.00001755  -0.00000000    -0.00000686   0.00000000     0.00001913   0.00000000
  0.00000385   0.00000000    -0.00001076  -0.00000000    -0.00000195   0.00000000
  0.00001971   0.00000000    -0.00002130  -0.00000000     0.00000005   0.00000000
    4    3
  0.00001413   0.00000000    -0.00000418  -0.00000000     0.00000714   0.00000000
 -0.00000418  -0.00000000     0.00002129  -0.00000000    -0.00001191  -0.00000000
  0.00000714   0.00000000    -0.00001191  -0.00000000     0.00001288  -0.00000000
    4    4
  0.05029252  -0.00000000    -0.00008487  -0.00000000    -0.00004631  -0.00000000
 -0.00008487  -0.00000000     0.04155289  -0.00000000    -0.00001363  -0.00000000
 -0.00004631  -0.00000000    -0.00001363  -0.00000000     0.07174534   0.00000000
    4    5
  0.00105102   0.00000000     0.00157955   0.00000000     0.00035690   0.00000000
  0.00082280   0.00000000     0.00222240   0.00000000     0.00015162   0.00000000
  0.00038941   0.00000000    -0.00010928   0.00000000     0.00065774   0.00000000
    4    6
 -0.00019376   0.00000000     0.00036929  -0.00000000     0.00018917  -0.00000000
  0.00042794  -0.00000000     0.00062314   0.00000000    -0.00102399  -0.00000000
  0.00058274  -0.00000000    -0.00159875  -0.00000000     0.00027953   0.00000000
    4    7
 -0.00016833  -0.00000000    -0.00000044   0.00000000     0.00028569   0.00000000
 -0.00003279   0.00000000     0.00011050   0.00000000    -0.00007582  -0.00000000
  0.00000904   0.00000000     0.00006115  -0.00000000     0.00013499   0.00000000
    4    8
 -0.00041535  -0.00000000     0.00054464  -0.00000000    -0.00075204  -0.00000000
  0.00051474  -0.00000000     0.00060276   0.00000000     0.00053324   0.00000000
 -0.00084536  -0.00000000     0.00152946   0.00000000     0.00052053   0.00000000
    4    9
  0.00100174   0.00000000     0.00184806   0.00000000    -0.00010059  -0.00000000
  0.00112361   0.00000000     0.00165148   0.00000000     0.00018186  -0.00000000
 -0.00046318  -0.00000000     0.00031284  -0.00000000     0.00021370  -0.00000000
    4   10
 -0.00053513  -0.00000000    -0.00008804  -0.00000000    -0.00014647  -0.00000000
 -0.00023825  -0.00000000     0.00079793   0.00000000     0.00157848   0.00000000
  0.00039728   0.00000000     0.00266454   0.00000000     0.00138848   0.00000000
    4   11
  0.00097193   0.00000000     0.00159736   0.00000000     0.00014727  -0.00000000
  0.00088993   0.00000000     0.00219693   0.00000000     0.00007724  -0.00000000
  0.00018091  -0.00000000    -0.00030487  -0.00000000     0.00069644   0.00000000
    4   12
  0.00077214   0.00000000     0.00185644   0.00000000    -0.00017919   0.00000000
  0.00096031   0.00000000     0.00158937   0.00000000     0.00005339   0.00000000
 -0.00058197  -0.00000000     0.00025062   0.00000000     0.00014487  -0.00000000
    4   13
  0.00063082  -0.00000000     0.00232171   0.00000000    -0.00008745  -0.00000000
  0.00120574   0.00000000     0.00228983   0.00000000     0.00000632  -0.00000000
  0.00008907   0.00000000     0.00017190   0.00000000     0.00058148   0.00000000
    4   14
  0.00051650   0.00000000    -0.00050000  -0.00000000     0.00097632   0.00000000
 -0.00046597  -0.00000000    -0.00063900   0.00000000    -0.00064168  -0.00000000
  0.00089669   0.00000000    -0.00133134  -0.00000000    -0.00053344  -0.00000000
    4   15
  0.00025525   0.00000000    -0.00039836  -0.00000000    -0.00053808  -0.00000000
 -0.00022300  -0.00000000    -0.00077051   0.00000000     0.00117093   0.00000000
 -0.00041788  -0.00000000     0.00169881   0.00000000    -0.00046751  -0.00000000
    4   16
 -0.00023146  -0.00000000     0.00001248  -0.00000000     0.00013702   0.00000000
  0.00004436  -0.00000000    -0.00011316   0.00000000     0.00016746   0.00000000
  0.00000694   0.00000000    -0.00020190  -0.00000000    -0.00004159   0.00000000
    4   17
 -0.00002883  -0.00000000    -0.00002586  -0.00000000    -0.00041522  -0.00000000
  0.00034870   0.00000000     0.00005437  -0.00000000     0.00035596   0.00000000
 -0.00046060  -0.00000000     0.00001051  -0.00000000     0.00036577   0.00000000
    4   18
 -0.01080042  -0.00000000    -0.00968457  -0.00000000    -0.00746232  -0.00000000
 -0.00965862  -0.00000000    -0.00507798  -0.00000000    -0.00552218  -0.00000000
 -0.00741154  -0.00000000    -0.00562609  -0.00000000    -0.00214982  -0.00000000
    4   19
 -0.01067782  -0.00000000     0.00974464   0.00000000    -0.00752807  -0.00000000
  0.00967154   0.00000000    -0.00524890  -0.00000000     0.00560756   0.00000000
 -0.00753253  -0.00000000     0.00556341   0.00000000    -0.00195352  -0.00000000
    4   20
  0.01004307  -0.00000000    -0.00943439  -0.00000000     0.00708989   0.00000000
 -0.00923698   0.00000000     0.00513895   0.00000000    -0.00534549  -0.00000000
  0.00709981   0.00000000    -0.00524772   0.00000000     0.00184581  -0.00000000
    4   21
 -0.01025684  -0.00000000    -0.00918957   0.00000000    -0.00705264  -0.00000000
 -0.00931677  -0.00000000    -0.00489643   0.00000000    -0.00524882   0.00000000
 -0.00699872  -0.00000000    -0.00542643  -0.00000000    -0.00209460  -0.00000000
    4   22
  0.00008793  -0.00000000     0.00001608   0.00000000     0.00036612   0.00000000
 -0.00029451  -0.00000000    -0.00004316  -0.00000000    -0.00040657  -0.00000000
  0.00036438   0.00000000     0.00002713   0.00000000    -0.00037039  -0.00000000
    4   23
 -0.01004126  -0.00000000     0.00940419   0.00000000     0.00719478   0.00000000
  0.00914109   0.00000000    -0.00507381  -0.00000000    -0.00532324  -0.00000000
  0.00714923   0.00000000    -0.00530017  -0.00000000    -0.00203368  -0.00000000
    4   24
 -0.01023202  -0.00000000    -0.00916190  -0.00000000     0.00705934   0.00000000
 -0.00938561  -0.00000000    -0.00498165  -0.00000000     0.00530499   0.00000000
  0.00698584   0.00000000     0.00540388   0.00000000    -0.00213937  -0.00000000
    4   25
 -0.01078546  -0.00000000    -0.00975932   0.00000000     0.00742172  -0.00000000
 -0.00974629  -0.00000000    -0.00505829   0.00000000     0.00548564  -0.00000000
  0.00747189   0.00000000     0.00562498   0.00000000    -0.00222345   0.00000000
    4   26
  0.01065052  -0.00000000    -0.00977377  -0.00000000    -0.00756811  -0.00000000
 -0.00961437   0.00000000     0.00527488   0.00000000     0.00555007  -0.00000000
 -0.00759432  -0.00000000     0.00556230  -0.00000000     0.00222909   0.00000000
    4   27
  0.00107540   0.00000000     0.00004345   0.00000000     0.00007004   0.00000000
 -0.00047799  -0.00000000    -0.00496203  -0.00000000     0.00009375   0.00000000
  0.00005710   0.00000000     0.00001225   0.00000000     0.00096860   0.00000000
    4   28
  0.00200776   0.00000000    -0.00001520   0.00000000    -0.00006186   0.00000000
 -0.00010636  -0.00000000    -0.00511554  -0.00000000     0.01068224   0.00000000
  0.00005572   0.00000000     0.01077017   0.00000000    -0.01439907  -0.00000000
    4   29
  0.00215655   0.00000000    -0.00000935   0.00000000     0.00015485   0.00000000
 -0.00015931  -0.00000000    -0.00504498  -0.00000000    -0.01084095  -0.00000000
  0.00009855   0.00000000    -0.01086657  -0.00000000    -0.01438698  -0.00000000
    4   30
  0.00213823  -0.00000000    -0.00006079  -0.00000000     0.00023698   0.00000000
 -0.00009252  -0.00000000    -0.00503957  -0.00000000    -0.01081938  -0.00000000
  0.00017920   0.00000000    -0.01083345  -0.00000000    -0.01441047   0.00000000
    4   31
 -0.00193648  -0.00000000     0.00005354   0.00000000    -0.00002909   0.00000000
  0.00010203   0.00000000     0.00510403  -0.00000000    -0.01070435   0.00000000
  0.00003045   0.00000000    -0.01082865  -0.00000000     0.01440050   0.00000000
    4   32
 -0.00100774   0.00000000    -0.00000734  -0.00000000    -0.00004801   0.00000000
  0.00046144   0.00000000     0.00499454  -0.00000000     0.00015055   0.00000000
 -0.00005306  -0.00000000    -0.00001600  -0.00000000    -0.00093195  -0.00000000
    4   33
 -0.00008193  -0.00000000     0.00044031   0.00000000    -0.00013251  -0.00000000
  0.00020828   0.00000000     0.00024909   0.00000000     0.00004624   0.00000000
 -0.00009301  -0.00000000     0.00039128   0.00000000     0.00007026   0.00000000
    4   34
  0.00021543  -0.00000000    -0.00046868  -0.00000000    -0.00015497  -0.00000000
 -0.00012665  -0.00000000     0.00013490  -0.00000000    -0.00012743  -0.00000000
 -0.00012487  -0.00000000    -0.00015281  -0.00000000     0.00033180   0.00000000
    4   35
 -0.00015874  -0.00000000     0.00034836   0.00000000     0.00016921   0.00000000
  0.00000056   0.00000000    -0.00008056  -0.00000000     0.00004477   0.00000000
  0.00021924   0.00000000     0.00000456  -0.00000000    -0.00040906  -0.00000000
    4   36
  0.00002957  -0.00000000     0.00029290   0.00000000    -0.00007272  -0.00000000
  0.00007823   0.00000000     0.00030098   0.00000000    -0.00010287  -0.00000000
 -0.00022617  -0.00000000     0.00028719   0.00000000     0.00010145   0.00000000
    5    1
 -0.00056735  -0.00000000     0.00060910  -0.00000000    -0.00097893  -0.00000000
  0.00084545  -0.00000000     0.00034668   0.00000000     0.00150299   0.00000000
 -0.00086231  -0.00000000     0.00067950   0.00000000     0.00046279   0.00000000
    5    2
 -0.00124935  -0.00000000    -0.00102902  -0.00000000    -0.00032774   0.00000000
 -0.00156172  -0.00000000    -0.00241010  -0.00000000     0.00012368   0.00000000
 -0.00044616   0.00000000    -0.00026264   0.00000000    -0.00062016  -0.00000000
    5    3
  0.00051650   0.00000000    -0.00046597  -0.00000000     0.00089669   0.00000000
 -0.00050000  -0.00000000    -0.00063900   0.00000000    -0.00133134  -0.00000000
  0.00097632   0.00000000    -0.00064168  -0.00000000    -0.00053344  -0.00000000
    5    4
  0.00105102   0.00000000     0.00082280   0.00000000     0.00038941   0.00000000
  0.00157955   0.00000000     0.00222240   0.00000000    -0.00010928   0.00000000
  0.00035690   0.00000000     0.00015162   0.00000000     0.00065774   0.00000000
    5    5
  0.15454438   0.00000000    -0.00049773  -0.00000000    -0.03056639  -0.00000000
 -0.00049773  -0.00000000     0.25797117   0.00000000     0.00022487   0.00000000
 -0.03056639  -0.00000000     0.00022487   0.00000000     0.18834866  -0.00000000
    5    6
 -0.00037621   0.00000000     0.00010032   0.00000000    -0.00003328  -0.00000000
  0.00025936   0.00000000    -0.00059076  -0.00000000    -0.00051174  -0.00000000
  0.00057794   0.00000000     0.00002812  -0.00000000     0.00771738   0.00000000
    5    7
  0.00134016  -0.00000000    -0.00023924  -0.00000000    -0.00174537   0.00000000
 -0.00050610  -0.00000000     0.02057724   0.00000000     0.00038131   0.00000000
 -0.00520398  -0.00000000    -0.00013807  -0.00000000     0.00747080  -0.00000000
    5    8
 -0.00138450  -0.00000000     0.00030149   0.00000000     0.00379908   0.00000000
 -0.00039147  -0.00000000     0.00088998   0.00000000    -0.00018630  -0.00000000
  0.00435286   0.00000000     0.00021327   0.00000000     0.00121508  -0.00000000
    5    9
  0.00192388   0.00000000     0.00050244   0.00000000    -0.00285553  -0.00000000
 -0.00047450  -0.00000000    -0.00069128  -0.00000000     0.00079667   0.00000000
 -0.00255123   0.00000000     0.00032356   0.00000000    -0.00888042   0.00000000
    5   10
 -0.00871921  -0.00000000     0.00009519   0.00000000     0.00257194   0.00000000
  0.00036395   0.00000000    -0.00077706   0.00000000    -0.00023626  -0.00000000
  0.00339609   0.00000000    -0.00021242  -0.00000000    -0.00070405   0.00000000
    5   11
  0.00374334  -0.00000000     0.00019599   0.00000000     0.00066185   0.00000000
  0.00008176   0.00000000     0.00025519  -0.00000000     0.00015702   0.00000000
  0.00098190  -0.00000000     0.00013891   0.00000000    -0.00312591  -0.00000000
    5   12
 -0.01214674  -0.00000000     0.00030631   0.00000000     0.00196499  -0.00000000
  0.00018453   0.00000000    -0.02302178   0.00000000     0.00037656   0.00000000
 -0.00248072   0.00000000     0.00047479   0.00000000    -0.01075745   0.00000000
    5   13
 -0.01208342  -0.00000000     0.00018461   0.00000000    -0.00165685  -0.00000000
  0.00028626   0.00000000    -0.02336529   0.00000000    -0.00080759  -0.00000000
  0.00121150   0.00000000     0.00019015   0.00000000    -0.01361713   0.00000000
    5   14
 -0.01353172  -0.00000000     0.00006180   0.00000000    -0.00068303  -0.00000000
  0.00006180   0.00000000     0.00244679   0.00000000     0.00027332   0.00000000
 -0.00068303  -0.00000000     0.00027332   0.00000000    -0.01350326  -0.00000000
    5   15
  0.00496758   0.00000000     0.00035801   0.00000000    -0.00711925   0.00000000
  0.00005190   0.00000000     0.02107463   0.00000000    -0.00020850  -0.00000000
 -0.00319179  -0.00000000    -0.00000734   0.00000000     0.00692429  -0.00000000
    5   16
  0.00518589   0.00000000    -0.00025316  -0.00000000    -0.00297068   0.00000000
 -0.00008738  -0.00000000    -0.00039738   0.00000000     0.00012462   0.00000000
 -0.00361342   0.00000000     0.00012754   0.00000000     0.00048397   0.00000000
    5   17
  0.01482384   0.00000000     0.00021553   0.00000000    -0.03335820  -0.00000000
 -0.00025634  -0.00000000     0.00029129   0.00000000    -0.00018829  -0.00000000
 -0.03291399  -0.00000000     0.00011240   0.00000000     0.05119394   0.00000000
    5   18
 -0.01597149   0.00000000    -0.03263173   0.00000000    -0.00901094   0.00000000
 -0.04118428  -0.00000000    -0.05392946  -0.00000000    -0.02367759  -0.00000000
 -0.00862685  -0.00000000    -0.01880702  -0.00000000    -0.00537718  -0.00000000
    5   19
  0.00235639   0.00000000    -0.00046568  -0.00000000     0.00268322   0.00000000
 -0.00154020  -0.00000000     0.00142633   0.00000000    -0.00125433  -0.00000000
  0.00266937   0.00000000    -0.00055098  -0.00000000    -0.00046897   0.00000000
    5   20
  0.00203008   0.00000000     0.00100164   0.00000000    -0.00183269  -0.00000000
 -0.00036170  -0.00000000    -0.00111565   0.00000000    -0.00220099  -0.00000000
  0.00116490   0.00000000    -0.00041133   0.00000000     0.00089860   0.00000000
    5   21
 -0.00020789   0.00000000     0.00099921   0.00000000     0.00002635   0.00000000
 -0.00097616   0.00000000     0.00269454  -0.00000000     0.00140528   0.00000000
  0.00202505   0.00000000     0.00174931  -0.00000000    -0.00164403  -0.00000000
    5   22
  0.00171186  -0.00000000     0.00001687   0.00000000     0.00108007  -0.00000000
 -0.00021980  -0.00000000    -0.00070540  -0.00000000     0.00025784   0.00000000
  0.00130452   0.00000000    -0.00001904  -0.00000000     0.00006096  -0.00000000
    5   23
  0.00203198   0.00000000    -0.00098939  -0.00000000    -0.00180963  -0.00000000
 -0.00016825   0.00000000    -0.00322252  -0.00000000     0.00214763  -0.00000000
  0.00119933   0.00000000     0.00046741  -0.00000000     0.00092030   0.00000000
    5   24
  0.00023853   0.00000000    -0.00122818  -0.00000000     0.00020516   0.00000000
  0.00093297  -0.00000000     0.00263080  -0.00000000    -0.00139582  -0.00000000
  0.00220137   0.00000000    -0.00189798  -0.00000000    -0.00146732  -0.00000000
    5   25
 -0.01619720  -0.00000000     0.03280671  -0.00000000    -0.00898744   0.00000000
  0.04124459   0.00000000    -0.05423664  -0.00000000     0.02341446   0.00000000
 -0.00887553  -0.00000000     0.01849121   0.00000000    -0.00537039  -0.00000000
    5   26
  0.00244452   0.00000000     0.00012215   0.00000000     0.00240610   0.00000000
  0.00172145   0.00000000     0.00097901   0.00000000     0.00095307  -0.00000000
  0.00279215   0.00000000     0.00001762  -0.00000000    -0.00055827   0.00000000
    5   27
 -0.00112246  -0.00000000    -0.00005448  -0.00000000    -0.00168743  -0.00000000
  0.00017452   0.00000000    -0.00029839  -0.00000000    -0.00039472  -0.00000000
 -0.00164503  -0.00000000    -0.00001551  -0.00000000     0.00074557   0.00000000
    5   28
  0.00105652   0.00000000     0.00023394   0.00000000     0.00204942   0.00000000
  0.00199660  -0.00000000    -0.00220117  -0.00000000    -0.00113073  -0.00000000
 -0.00082807   0.00000000    -0.00106948   0.00000000     0.00230108   0.00000000
    5   29
 -0.00033843  -0.00000000    -0.00173146   0.00000000     0.00213537   0.00000000
 -0.00052311  -0.00000000     0.00129644  -0.00000000     0.00198966   0.00000000
  0.00052190   0.00000000     0.00035973   0.00000000    -0.00134623  -0.00000000
    5   30
 -0.00229648  -0.00000000     0.00034530   0.00000000    -0.00208658  -0.00000000
  0.00159224   0.00000000    -0.00140092  -0.00000000     0.00092475   0.00000000
 -0.00215763   0.00000000     0.00019478   0.00000000     0.00060755   0.00000000
    5   31
  0.01464100  -0.00000000     0.02838838  -0.00000000     0.00822528  -0.00000000
  0.04025564   0.00000000     0.04970378  -0.00000000     0.02339523   0.00000000
  0.00790507   0.00000000     0.01682650   0.00000000     0.00612258   0.00000000
    5   32
  0.01400025  -0.00000000     0.00019248   0.00000000    -0.03303545   0.00000000
 -0.00036249  -0.00000000    -0.00001298  -0.00000000    -0.00017755  -0.00000000
 -0.03319551   0.00000000     0.00012192   0.00000000     0.05360760  -0.00000000
    5   33
 -0.00209924  -0.00000000    -0.00062776  -0.00000000    -0.00189221  -0.00000000
 -0.00180059  -0.00000000    -0.00114070  -0.00000000    -0.00090026  -0.00000000
 -0.00214493   0.00000000     0.00000797  -0.00000000     0.00065973   0.00000000
    5   34
  0.01454908  -0.00000000    -0.02889980   0.00000000     0.00814532  -0.00000000
 -0.04025355  -0.00000000     0.05019174   0.00000000    -0.02316766  -0.00000000
  0.00800836   0.00000000    -0.01682235  -0.00000000     0.00613244   0.00000000
    5   35
  0.00105064   0.00000000     0.00008520   0.00000000     0.00185276   0.00000000
 -0.00201424   0.00000000    -0.00218525  -0.00000000     0.00112360   0.00000000
 -0.00092263   0.00000000     0.00127480  -0.00000000     0.00236517   0.00000000
    5   36
 -0.00050414  -0.00000000     0.00190268   0.00000000     0.00198922   0.00000000
  0.00091587   0.00000000     0.00385241   0.00000000    -0.00160768  -0.00000000
  0.00037360   0.00000000    -0.00020623   0.00000000    -0.00122535  -0.00000000
    6    1
  0.00046335  -0.00000000    -0.00054280   0.00000000    -0.00055250  -0.00000000
 -0.00072290   0.00000000    -0.00057560  -0.00000000     0.00185322   0.00000000
 -0.00071913  -0.00000000     0.00109577   0.00000000    -0.00046786  -0.00000000
    6    2
  0.00090789   0.00000000     0.00131384   0.00000000    -0.00058034  -0.00000000
  0.00186791   0.00000000     0.00173729   0.00000000     0.00014296   0.00000000
 -0.00030682  -0.00000000    -0.00009399   0.00000000     0.00030513   0.00000000
    6    3
  0.00077214   0.00000000     0.00096031   0.00000000    -0.00058197  -0.00000000
  0.00185644   0.00000000     0.00158937   0.00000000     0.00025062   0.00000000
 -0.00017919   0.00000000     0.00005339   0.00000000     0.00014487  -0.00000000
    6    4
 -0.00019376   0.00000000     0.00042794  -0.00000000     0.00058274  -0.00000000
  0.00036929  -0.00000000     0.00062314   0.00000000    -0.00159875  -0.00000000
  0.00018917  -0.00000000    -0.00102399  -0.00000000     0.00027953   0.00000000
    6    5
 -0.00037621   0.00000000     0.00025936   0.00000000     0.00057794   0.00000000
  0.00010032   0.00000000    -0.00059076  -0.00000000     0.00002812  -0.00000000
 -0.00003328  -0.00000000    -0.00051174  -0.00000000     0.00771738   0.00000000
    6    6
  0.15620352   0.00000000     0.00011030   0.00000000     0.03478862   0.00000000
  0.00011030   0.00000000     0.25607511   0.00000000     0.00032011   0.00000000
  0.03478862   0.00000000     0.00032011   0.00000000     0.18951782  -0.00000000
    6    7
 -0.00600814  -0.00000000     0.00001951   0.00000000    -0.00093796  -0.00000000
  0.00043165   0.00000000    -0.01946400  -0.00000000     0.00003818   0.00000000
 -0.01707863  -0.00000000     0.00007017   0.00000000    -0.00323682  -0.00000000
    6    8
  0.00217291   0.00000000    -0.00054369  -0.00000000     0.00132542   0.00000000
  0.00024592   0.00000000     0.00001003  -0.00000000     0.00005055   0.00000000
 -0.00063422  -0.00000000     0.00050179   0.00000000    -0.00994422   0.00000000
    6    9
  0.00046783  -0.00000000    -0.00022260  -0.00000000     0.00495213   0.00000000
  0.00031426   0.00000000    -0.00100563   0.00000000     0.00025026   0.00000000
  0.00521038   0.00000000     0.00004763   0.00000000    -0.00270864  -0.00000000
    6   10
  0.00753327   0.00000000     0.00022644   0.00000000     0.00006102  -0.00000000
 -0.00000583  -0.00000000    -0.00070837   0.00000000    -0.00011587  -0.00000000
  0.00492940   0.00000000     0.00020967   0.00000000     0.00338412   0.00000000
    6   11
 -0.00700822  -0.00000000    -0.00016084  -0.00000000    -0.00780002  -0.00000000
 -0.00013159  -0.00000000    -0.01992679  -0.00000000     0.00025172   0.00000000
 -0.00307861   0.00000000     0.00022424   0.00000000    -0.00794380  -0.00000000
    6   12
 -0.00039614  -0.00000000    -0.00019178  -0.00000000     0.00280940   0.00000000
 -0.00019178  -0.00000000    -0.00159989  -0.00000000     0.00033542   0.00000000
  0.00280940   0.00000000     0.00033542   0.00000000    -0.00347833  -0.00000000
    6   13
 -0.00308222  -0.00000000    -0.00023463  -0.00000000    -0.00432032  -0.00000000
  0.00034061   0.00000000     0.00459289   0.00000000    -0.00030403  -0.00000000
 -0.00634794  -0.00000000    -0.00024261  -0.00000000     0.00299155   0.00000000
    6   14
 -0.01214674  -0.00000000     0.00018453   0.00000000    -0.00248072   0.00000000
  0.00030631   0.00000000    -0.02302178   0.00000000     0.00047479   0.00000000
  0.00196499  -0.00000000     0.00037656   0.00000000    -0.01075745   0.00000000
    6   15
 -0.00019611  -0.00000000     0.00028551   0.00000000     0.01172349   0.00000000
  0.00038405   0.00000000     0.01662130   0.00000000    -0.00008263  -0.00000000
  0.01164832   0.00000000    -0.00024322  -0.00000000    -0.01811216  -0.00000000
    6   16
 -0.01333588  -0.00000000     0.00025885   0.00000000     0.00218265   0.00000000
 -0.00001599  -0.00000000    -0.02445554   0.00000000     0.00011052   0.00000000
 -0.01060915  -0.00000000     0.00014417   0.00000000    -0.00979050   0.00000000
    6   17
 -0.01540929  -0.00000000    -0.00023975  -0.00000000    -0.03386975  -0.00000000
  0.00002780   0.00000000    -0.00169726  -0.00000000    -0.00016644  -0.00000000
 -0.03092659  -0.00000000     0.00022725   0.00000000    -0.05398774  -0.00000000
    6   18
 -0.00126302  -0.00000000     0.00029382  -0.00000000     0.00078313  -0.00000000
 -0.00056617  -0.00000000    -0.00066442   0.00000000    -0.00129844  -0.00000000
 -0.00250687  -0.00000000     0.00018975   0.00000000     0.00083326   0.00000000
    6   19
 -0.01615100  -0.00000000    -0.03328021   0.00000000     0.00842411  -0.00000000
 -0.04048806  -0.00000000    -0.05347041  -0.00000000     0.02308351   0.00000000
  0.01038621   0.00000000     0.02029579   0.00000000    -0.00480707  -0.00000000
    6   20
 -0.00070055   0.00000000    -0.00017356  -0.00000000     0.00020479  -0.00000000
 -0.00132452   0.00000000     0.00102573  -0.00000000    -0.00301497  -0.00000000
  0.00233455   0.00000000    -0.00043896   0.00000000    -0.00261257  -0.00000000
    6   21
 -0.00135901  -0.00000000    -0.00163731   0.00000000    -0.00184310   0.00000000
  0.00088052  -0.00000000     0.00079125  -0.00000000    -0.00225254  -0.00000000
  0.00023575  -0.00000000    -0.00035769  -0.00000000    -0.00145637  -0.00000000
    6   22
 -0.00047515  -0.00000000    -0.00000294  -0.00000000    -0.00119941   0.00000000
  0.00005989   0.00000000     0.00003321  -0.00000000     0.00012820   0.00000000
  0.00196968   0.00000000    -0.00001687  -0.00000000    -0.00208655  -0.00000000
    6   23
 -0.00017081   0.00000000     0.00000887  -0.00000000    -0.00011457  -0.00000000
  0.00089919  -0.00000000     0.00113265  -0.00000000     0.00281152   0.00000000
  0.00185462   0.00000000     0.00040276  -0.00000000    -0.00272644  -0.00000000
    6   24
 -0.00151042  -0.00000000     0.00167808  -0.00000000    -0.00181823   0.00000000
 -0.00061429   0.00000000     0.00241561   0.00000000     0.00215129   0.00000000
  0.00064570  -0.00000000     0.00080488   0.00000000    -0.00120687  -0.00000000
    6   25
 -0.00150098  -0.00000000     0.00049434   0.00000000     0.00106320  -0.00000000
  0.00044748   0.00000000    -0.00027056   0.00000000     0.00070997   0.00000000
 -0.00277688  -0.00000000    -0.00043211  -0.00000000     0.00087582   0.00000000
    6   26
 -0.01614654  -0.00000000     0.03373273  -0.00000000     0.00823435  -0.00000000
  0.04060603   0.00000000    -0.05377048  -0.00000000    -0.02298022  -0.00000000
  0.01006629   0.00000000    -0.02045941  -0.00000000    -0.00473526  -0.00000000
    6   27
 -0.01531732  -0.00000000    -0.00020637  -0.00000000    -0.03360649  -0.00000000
  0.00002320   0.00000000    -0.00148941  -0.00000000    -0.00011594  -0.00000000
 -0.03229129  -0.00000000     0.00019591   0.00000000    -0.05624919  -0.00000000
    6   28
 -0.01474487  -0.00000000     0.02967570   0.00000000     0.00737952   0.00000000
  0.03973737   0.00000000    -0.05001899  -0.00000000    -0.02294690  -0.00000000
  0.00949401   0.00000000    -0.01870723  -0.00000000    -0.00542951  -0.00000000
    6   29
  0.00120958   0.00000000    -0.00019245  -0.00000000    -0.00126131  -0.00000000
 -0.00035794  -0.00000000     0.00029372  -0.00000000    -0.00063222   0.00000000
  0.00227736   0.00000000     0.00025860   0.00000000    -0.00144751  -0.00000000
    6   30
  0.00060154  -0.00000000    -0.00196263  -0.00000000     0.00162518   0.00000000
  0.00004941   0.00000000    -0.00347993  -0.00000000    -0.00186489   0.00000000
 -0.00052872  -0.00000000    -0.00122158  -0.00000000     0.00144529   0.00000000
    6   31
  0.00039970  -0.00000000     0.00174152   0.00000000     0.00033703  -0.00000000
  0.00064600   0.00000000     0.00079084   0.00000000     0.00311070   0.00000000
  0.00203381  -0.00000000    -0.00080216   0.00000000    -0.00151523  -0.00000000
    6   32
 -0.00025013   0.00000000    -0.00002480  -0.00000000    -0.00051344  -0.00000000
  0.00018460   0.00000000    -0.00015285   0.00000000     0.00030446   0.00000000
  0.00310657   0.00000000    -0.00014380  -0.00000000    -0.00148781  -0.00000000
    6   33
  0.00028415  -0.00000000     0.00185148   0.00000000     0.00167692   0.00000000
 -0.00021643  -0.00000000    -0.00135491   0.00000000     0.00214983   0.00000000
 -0.00028520  -0.00000000     0.00123614   0.00000000     0.00169331   0.00000000
    6   34
  0.00030250  -0.00000000    -0.00167162  -0.00000000     0.00047442  -0.00000000
 -0.00101235  -0.00000000     0.00046562  -0.00000000    -0.00325071  -0.00000000
  0.00227690   0.00000000     0.00019924  -0.00000000    -0.00158704  -0.00000000
    6   35
 -0.01496233  -0.00000000    -0.02955411  -0.00000000     0.00740391   0.00000000
 -0.03963088  -0.00000000    -0.04948332  -0.00000000     0.02292871   0.00000000
  0.00996064   0.00000000     0.01883834   0.00000000    -0.00540402  -0.00000000
    6   36
  0.00091068  -0.00000000    -0.00029843  -0.00000000    -0.00102260  -0.00000000
  0.00034219   0.00000000     0.00050361   0.00000000     0.00100906   0.00000000
  0.00205223  -0.00000000    -0.00000180  -0.00000000    -0.00129546   0.00000000
    7    1
 -0.00019458  -0.00000000     0.00037170   0.00000000    -0.00026891  -0.00000000
  0.00011028   0.00000000     0.00007775  -0.00000000    -0.00001264   0.00000000
  0.00003383   0.00000000    -0.00007928  -0.00000000     0.00012717  -0.00000000
    7    2
  0.00058474  -0.00000000     0.00132041   0.00000000     0.00017965   0.00000000
  0.00235651   0.00000000     0.00240258   0.00000000     0.00022542   0.00000000
 -0.00000723  -0.00000000    -0.00002183  -0.00000000     0.00041628   0.00000000
    7    3
 -0.00053513  -0.00000000    -0.00023825  -0.00000000     0.00039728   0.00000000
 -0.00008804  -0.00000000     0.00079793   0.00000000     0.00266454   0.00000000
 -0.00014647  -0.00000000     0.00157848   0.00000000     0.00138848   0.00000000
    7    4
 -0.00016833  -0.00000000    -0.00003279   0.00000000     0.00000904   0.00000000
 -0.00000044   0.00000000     0.00011050   0.00000000     0.00006115  -0.00000000
  0.00028569   0.00000000    -0.00007582  -0.00000000     0.00013499   0.00000000
    7    5
  0.00134016  -0.00000000    -0.00050610  -0.00000000    -0.00520398  -0.00000000
 -0.00023924  -0.00000000     0.02057724   0.00000000    -0.00013807  -0.00000000
 -0.00174537   0.00000000     0.00038131   0.00000000     0.00747080  -0.00000000
    7    6
 -0.00600814  -0.00000000     0.00043165   0.00000000    -0.01707863  -0.00000000
  0.00001951   0.00000000    -0.01946400  -0.00000000     0.00007017   0.00000000
 -0.00093796  -0.00000000     0.00003818   0.00000000    -0.00323682  -0.00000000
    7    7
  0.20383232   0.00000000    -0.00003015  -0.00000000     0.00280432   0.00000000
 -0.00003015  -0.00000000     0.27915763   0.00000000     0.00022241   0.00000000
  0.00280432   0.00000000     0.00022241   0.00000000     0.14156646  -0.00000000
    7    8
 -0.00519661   0.00000000     0.00031247   0.00000000     0.00668480   0.00000000
  0.00016301   0.00000000    -0.00114494   0.00000000    -0.00020702  -0.00000000
  0.01274534   0.00000000    -0.00002067   0.00000000     0.00367578   0.00000000
    7    9
 -0.00498726   0.00000000     0.00043986   0.00000000    -0.00866823  -0.00000000
 -0.00018533  -0.00000000     0.00112130   0.00000000    -0.00027159  -0.00000000
 -0.01418582  -0.00000000     0.00019125   0.00000000     0.00724510   0.00000000
    7   10
 -0.00293250  -0.00000000     0.00012632   0.00000000     0.00186812   0.00000000
  0.00012632   0.00000000    -0.00108179   0.00000000     0.00007317   0.00000000
  0.00186812   0.00000000     0.00007317   0.00000000    -0.01080545  -0.00000000
    7   11
 -0.01287330  -0.00000000     0.00025417   0.00000000     0.00238003  -0.00000000
  0.00032951   0.00000000    -0.02491276   0.00000000     0.00027082   0.00000000
  0.00024462   0.00000000    -0.00065063  -0.00000000    -0.00922191   0.00000000
    7   12
  0.00753327   0.00000000    -0.00000583  -0.00000000     0.00492940   0.00000000
  0.00022644   0.00000000    -0.00070837   0.00000000     0.00020967   0.00000000
  0.00006102  -0.00000000    -0.00011587  -0.00000000     0.00338412   0.00000000
    7   13
  0.00233904  -0.00000000     0.00023848   0.00000000     0.00410691   0.00000000
 -0.00005691  -0.00000000    -0.00087075  -0.00000000     0.00003151   0.00000000
  0.00356646   0.00000000     0.00007344   0.00000000    -0.00468664  -0.00000000
    7   14
 -0.00871921  -0.00000000     0.00036395   0.00000000     0.00339609   0.00000000
  0.00009519   0.00000000    -0.00077706   0.00000000    -0.00021242  -0.00000000
  0.00257194   0.00000000    -0.00023626  -0.00000000    -0.00070405   0.00000000
    7   15
 -0.01479595  -0.00000000     0.00031257   0.00000000    -0.01479690  -0.00000000
  0.00017352   0.00000000    -0.02472339   0.00000000     0.00023953   0.00000000
 -0.00377387  -0.00000000     0.00012158   0.00000000    -0.00509119   0.00000000
    7   16
 -0.00422909  -0.00000000     0.00016501   0.00000000     0.01394662   0.00000000
  0.00041361   0.00000000     0.01684816   0.00000000     0.00001701   0.00000000
  0.01434132   0.00000000     0.00001471   0.00000000    -0.01334873  -0.00000000
    7   17
 -0.06503562  -0.00000000    -0.00007129  -0.00000000     0.00267747   0.00000000
  0.00040170   0.00000000    -0.00383660  -0.00000000     0.00004803   0.00000000
 -0.00029359  -0.00000000     0.00008120   0.00000000     0.00062172   0.00000000
    7   18
  0.00162808  -0.00000000     0.00208888   0.00000000    -0.00112817  -0.00000000
  0.00102565  -0.00000000    -0.00203474  -0.00000000    -0.00081102   0.00000000
  0.00116458   0.00000000     0.00116055   0.00000000     0.00146924   0.00000000
    7   19
 -0.00024700  -0.00000000    -0.00035571  -0.00000000     0.00265608   0.00000000
 -0.00245046  -0.00000000     0.00035340   0.00000000     0.00000188  -0.00000000
 -0.00063274  -0.00000000    -0.00110126  -0.00000000    -0.00072181   0.00000000
    7   20
 -0.00009064   0.00000000    -0.00053823   0.00000000     0.00244187   0.00000000
 -0.00155946  -0.00000000     0.00127138  -0.00000000     0.00110346   0.00000000
 -0.00068636  -0.00000000    -0.00021904  -0.00000000    -0.00169613  -0.00000000
    7   21
 -0.00138150   0.00000000    -0.00183644  -0.00000000     0.00078983  -0.00000000
 -0.00037026   0.00000000     0.00266047  -0.00000000     0.00050187   0.00000000
  0.00107222   0.00000000    -0.00255069  -0.00000000     0.00015560  -0.00000000
    7   22
 -0.07823946   0.00000000    -0.00000044  -0.00000000     0.00236404   0.00000000
  0.00027328   0.00000000    -0.00129162  -0.00000000     0.00004021   0.00000000
  0.00058856   0.00000000     0.00004225   0.00000000     0.00275136  -0.00000000
    7   23
 -0.00036519   0.00000000     0.00094872   0.00000000     0.00212993   0.00000000
  0.00167681   0.00000000     0.00078754  -0.00000000    -0.00103507  -0.00000000
 -0.00054329  -0.00000000     0.00031499   0.00000000    -0.00141298  -0.00000000
    7   24
 -0.00118278   0.00000000     0.00193039   0.00000000     0.00121703   0.00000000
  0.00081818   0.00000000     0.00262566  -0.00000000    -0.00063470  -0.00000000
  0.00114351   0.00000000     0.00193832  -0.00000000     0.00029673  -0.00000000
    7   25
  0.00158013  -0.00000000    -0.00202514  -0.00000000    -0.00156590  -0.00000000
 -0.00140599   0.00000000    -0.00164659   0.00000000     0.00103714   0.00000000
  0.00121880   0.00000000    -0.00077274  -0.00000000     0.00128642   0.00000000
    7   26
 -0.00030438  -0.00000000     0.00024689   0.00000000     0.00247021   0.00000000
  0.00280888   0.00000000    -0.00003024   0.00000000     0.00011182   0.00000000
 -0.00055985  -0.00000000     0.00156094   0.00000000    -0.00045073   0.00000000
    7   27
 -0.00143679  -0.00000000     0.00020803   0.00000000     0.00212491   0.00000000
  0.00001725   0.00000000    -0.00077573  -0.00000000     0.00017637   0.00000000
 -0.00043928  -0.00000000    -0.00031749  -0.00000000    -0.00027596  -0.00000000
    7   28
 -0.00002158   0.00000000    -0.00228388  -0.00000000     0.00277121   0.00000000
 -0.00072325  -0.00000000    -0.05435245  -0.00000000     0.04901037  -0.00000000
  0.00037871  -0.00000000     0.04003346   0.00000000    -0.02256139   0.00000000
    7   29
 -0.00042182  -0.00000000     0.00030838   0.00000000     0.00306739   0.00000000
 -0.00130593  -0.00000000     0.00124299   0.00000000     0.00029300   0.00000000
 -0.00063221  -0.00000000     0.00005781  -0.00000000    -0.00010126   0.00000000
    7   30
 -0.00089522  -0.00000000    -0.00071626  -0.00000000    -0.00367688  -0.00000000
  0.00156535   0.00000000    -0.00125196  -0.00000000    -0.00005128   0.00000000
  0.00143169   0.00000000     0.00027704  -0.00000000     0.00033048   0.00000000
    7   31
 -0.00021838   0.00000000    -0.00061343  -0.00000000    -0.00052566   0.00000000
  0.00035229  -0.00000000    -0.05417456  -0.00000000     0.04904570  -0.00000000
 -0.00298444  -0.00000000     0.03960188   0.00000000    -0.02306819   0.00000000
    7   32
 -0.00085923  -0.00000000     0.00012918   0.00000000     0.00404898   0.00000000
 -0.00023217  -0.00000000    -0.00050823   0.00000000     0.00008738   0.00000000
 -0.00081340  -0.00000000    -0.00024060  -0.00000000     0.00021995   0.00000000
    7   33
 -0.00051120  -0.00000000     0.00077635   0.00000000    -0.00361136  -0.00000000
 -0.00146314  -0.00000000     0.00071269   0.00000000    -0.00028757  -0.00000000
  0.00128557   0.00000000    -0.00048220  -0.00000000    -0.00000994   0.00000000
    7   34
 -0.00035439   0.00000000     0.00022628   0.00000000    -0.00045466   0.00000000
 -0.00068488  -0.00000000    -0.05460155  -0.00000000    -0.04940123   0.00000000
 -0.00297657  -0.00000000    -0.03957523  -0.00000000    -0.02368688  -0.00000000
    7   35
  0.00030315   0.00000000     0.00217832   0.00000000     0.00287244   0.00000000
  0.00040455  -0.00000000    -0.05430234  -0.00000000    -0.04912589   0.00000000
  0.00032782  -0.00000000    -0.04004943  -0.00000000    -0.02315407  -0.00000000
    7   36
 -0.00089194  -0.00000000     0.00007693  -0.00000000     0.00303414   0.00000000
  0.00144316   0.00000000    -0.00048654   0.00000000     0.00012196  -0.00000000
 -0.00058081  -0.00000000    -0.00010312  -0.00000000     0.00023428   0.00000000
    8    1
  0.00091488   0.00000000     0.00062957   0.00000000     0.00023457   0.00000000
  0.00145540   0.00000000     0.00224794   0.00000000    -0.00011936   0.00000000
  0.00028232   0.00000000     0.00031579   0.00000000     0.00062978   0.00000000
    8    2
 -0.00023119  -0.00000000     0.00050838   0.00000000    -0.00070630  -0.00000000
  0.00060141   0.00000000     0.00070606  -0.00000000     0.00132510   0.00000000
 -0.00086739  -0.00000000     0.00062070   0.00000000     0.00053781   0.00000000
    8    3
  0.00097193   0.00000000     0.00088993   0.00000000     0.00018091  -0.00000000
  0.00159736   0.00000000     0.00219693   0.00000000    -0.00030487  -0.00000000
  0.00014727  -0.00000000     0.00007724  -0.00000000     0.00069644   0.00000000
    8    4
 -0.00041535  -0.00000000     0.00051474  -0.00000000    -0.00084536  -0.00000000
  0.00054464  -0.00000000     0.00060276   0.00000000     0.00152946   0.00000000
 -0.00075204  -0.00000000     0.00053324   0.00000000     0.00052053   0.00000000
    8    5
 -0.00138450  -0.00000000    -0.00039147  -0.00000000     0.00435286   0.00000000
  0.00030149   0.00000000     0.00088998   0.00000000     0.00021327   0.00000000
  0.00379908   0.00000000    -0.00018630  -0.00000000     0.00121508  -0.00000000
    8    6
  0.00217291   0.00000000     0.00024592   0.00000000    -0.00063422  -0.00000000
 -0.00054369  -0.00000000     0.00001003  -0.00000000     0.00050179   0.00000000
  0.00132542   0.00000000     0.00005055   0.00000000    -0.00994422   0.00000000
    8    7
 -0.00519661   0.00000000     0.00016301   0.00000000     0.01274534   0.00000000
  0.00031247   0.00000000    -0.00114494   0.00000000    -0.00002067   0.00000000
  0.00668480   0.00000000    -0.00020702  -0.00000000     0.00367578   0.00000000
    8    8
  0.16015839   0.00000000    -0.00036494  -0.00000000    -0.01878972   0.00000000
 -0.00036494  -0.00000000     0.28199111   0.00000000     0.00025705   0.00000000
 -0.01878972   0.00000000     0.00025705   0.00000000     0.18354630  -0.00000000
    8    9
  0.01003108   0.00000000     0.00000943   0.00000000    -0.00344441  -0.00000000
 -0.00038704  -0.00000000    -0.00127298  -0.00000000     0.00064614   0.00000000
  0.00380559   0.00000000     0.00030623   0.00000000    -0.01165750   0.00000000
    8   10
 -0.01287330  -0.00000000     0.00032951   0.00000000     0.00024462   0.00000000
  0.00025417   0.00000000    -0.02491276   0.00000000    -0.00065063  -0.00000000
  0.00238003  -0.00000000     0.00027082   0.00000000    -0.00922191   0.00000000
    8   11
  0.00418531   0.00000000    -0.00003375  -0.00000000    -0.00707008  -0.00000000
 -0.00003375  -0.00000000    -0.00194141  -0.00000000    -0.00022826  -0.00000000
 -0.00707008  -0.00000000    -0.00022826  -0.00000000     0.01240406   0.00000000
    8   12
 -0.00700822  -0.00000000    -0.00013159  -0.00000000    -0.00307861   0.00000000
 -0.00016084  -0.00000000    -0.01992679  -0.00000000     0.00022424   0.00000000
 -0.00780002  -0.00000000     0.00025172   0.00000000    -0.00794380  -0.00000000
    8   13
 -0.00663228  -0.00000000     0.00028706   0.00000000     0.00643333   0.00000000
  0.00013298   0.00000000    -0.00051750   0.00000000    -0.00030568  -0.00000000
  0.00431319   0.00000000     0.00014672   0.00000000    -0.00094601   0.00000000
    8   14
  0.00374334  -0.00000000     0.00008176   0.00000000     0.00098190  -0.00000000
  0.00019599   0.00000000     0.00025519  -0.00000000     0.00013891   0.00000000
  0.00066185   0.00000000     0.00015702   0.00000000    -0.00312591  -0.00000000
    8   15
 -0.00897463  -0.00000000     0.00009209   0.00000000     0.00080627  -0.00000000
  0.00015378   0.00000000    -0.02384467   0.00000000     0.00032383   0.00000000
 -0.00332964   0.00000000     0.00008553   0.00000000    -0.01176677   0.00000000
    8   16
 -0.01102383  -0.00000000     0.00026889   0.00000000    -0.00486625   0.00000000
  0.00031032   0.00000000    -0.01967907   0.00000000    -0.00074282  -0.00000000
  0.00050869  -0.00000000    -0.00002807  -0.00000000    -0.00182369  -0.00000000
    8   17
 -0.00039631  -0.00000000     0.00004700   0.00000000     0.00074585  -0.00000000
 -0.00028707  -0.00000000     0.00092914   0.00000000     0.00043061   0.00000000
  0.00039785  -0.00000000    -0.00003073  -0.00000000     0.00080110   0.00000000
    8   18
 -0.00044889  -0.00000000     0.00089707  -0.00000000     0.00041030  -0.00000000
  0.00077770   0.00000000     0.00305425   0.00000000    -0.00165521  -0.00000000
  0.00012679   0.00000000    -0.00010748   0.00000000    -0.00186701  -0.00000000
    8   19
 -0.00094071   0.00000000    -0.00022097  -0.00000000     0.00066056   0.00000000
  0.00149878   0.00000000     0.00213925  -0.00000000    -0.00129202  -0.00000000
  0.00088731  -0.00000000    -0.00124428   0.00000000    -0.00111640   0.00000000
    8   20
 -0.01698986  -0.00000000     0.03365247  -0.00000000    -0.01059793   0.00000000
  0.04367166   0.00000000    -0.05462101  -0.00000000     0.02536620  -0.00000000
 -0.01060718  -0.00000000     0.01991059   0.00000000    -0.00792557  -0.00000000
    8   21
 -0.00167923  -0.00000000     0.00026406   0.00000000    -0.00176797  -0.00000000
 -0.00143783  -0.00000000    -0.00086128  -0.00000000    -0.00063993  -0.00000000
 -0.00149312   0.00000000     0.00021117   0.00000000     0.00150293   0.00000000
    8   22
 -0.01515618   0.00000000    -0.00020776  -0.00000000     0.03524399  -0.00000000
  0.00036679   0.00000000    -0.00015832   0.00000000     0.00012967   0.00000000
  0.03457039  -0.00000000    -0.00010294  -0.00000000    -0.05579277   0.00000000
    8   23
 -0.01660541   0.00000000    -0.03329019   0.00000000    -0.01072481   0.00000000
 -0.04377180  -0.00000000    -0.05434290  -0.00000000    -0.02561550  -0.00000000
 -0.01029003  -0.00000000    -0.02012271  -0.00000000    -0.00796847  -0.00000000
    8   24
 -0.00158598  -0.00000000    -0.00014725  -0.00000000    -0.00213029  -0.00000000
  0.00125223   0.00000000    -0.00106252  -0.00000000     0.00068713   0.00000000
 -0.00137969   0.00000000     0.00026690   0.00000000     0.00148689   0.00000000
    8   25
 -0.00028484  -0.00000000    -0.00074354   0.00000000     0.00056707  -0.00000000
 -0.00018575  -0.00000000     0.00088144  -0.00000000     0.00194328   0.00000000
  0.00047485   0.00000000     0.00032561   0.00000000    -0.00178164  -0.00000000
    8   26
 -0.00120607   0.00000000    -0.00007294  -0.00000000     0.00050103   0.00000000
 -0.00156521  -0.00000000     0.00216733   0.00000000     0.00130585   0.00000000
  0.00096793  -0.00000000     0.00113149  -0.00000000    -0.00123287  -0.00000000
    8   27
 -0.01422951  -0.00000000    -0.00042184  -0.00000000     0.02870345   0.00000000
  0.00030305   0.00000000    -0.00243144  -0.00000000     0.00024258   0.00000000
  0.02910798   0.00000000    -0.00026924  -0.00000000    -0.04727598  -0.00000000
    8   28
 -0.00088630   0.00000000     0.00010113   0.00000000    -0.00167402  -0.00000000
 -0.00128340  -0.00000000    -0.00094143  -0.00000000    -0.00076695  -0.00000000
 -0.00247775  -0.00000000     0.00043317   0.00000000     0.00068888   0.00000000
    8   29
 -0.01891089  -0.00000000     0.03400736  -0.00000000    -0.00922731   0.00000000
  0.04336075   0.00000000    -0.05450497  -0.00000000     0.02442411   0.00000000
 -0.00914070  -0.00000000     0.01868872   0.00000000    -0.00530724  -0.00000000
    8   30
 -0.00039471   0.00000000    -0.00142260  -0.00000000     0.00081610  -0.00000000
  0.00059014  -0.00000000     0.00253448  -0.00000000    -0.00068883  -0.00000000
  0.00181386   0.00000000    -0.00229671  -0.00000000    -0.00027203  -0.00000000
    8   31
  0.00059264   0.00000000     0.00257166   0.00000000     0.00065524   0.00000000
  0.00027807  -0.00000000     0.00364051   0.00000000    -0.00110831  -0.00000000
  0.00017393  -0.00000000    -0.00058376   0.00000000    -0.00154751  -0.00000000
    8   32
 -0.00118663  -0.00000000    -0.00000046   0.00000000     0.00056770   0.00000000
  0.00021508   0.00000000    -0.00084194   0.00000000    -0.00043938  -0.00000000
  0.00014364  -0.00000000     0.00000580   0.00000000     0.00048573   0.00000000
    8   33
 -0.00062770   0.00000000     0.00091700  -0.00000000     0.00096627   0.00000000
 -0.00055247   0.00000000     0.00252720  -0.00000000     0.00063932   0.00000000
  0.00152366   0.00000000     0.00204370  -0.00000000    -0.00039886  -0.00000000
    8   34
  0.00094260   0.00000000    -0.00255790  -0.00000000     0.00073967   0.00000000
  0.00010191   0.00000000     0.00141279   0.00000000     0.00132165   0.00000000
  0.00025872  -0.00000000     0.00036729  -0.00000000    -0.00169236  -0.00000000
    8   35
 -0.00105198  -0.00000000    -0.00019104  -0.00000000    -0.00197179  -0.00000000
  0.00100292   0.00000000    -0.00122749  -0.00000000     0.00088561   0.00000000
 -0.00254807  -0.00000000    -0.00024727  -0.00000000     0.00057744   0.00000000
    8   36
 -0.01895262  -0.00000000    -0.03376745   0.00000000    -0.00920320   0.00000000
 -0.04337233  -0.00000000    -0.05424043  -0.00000000    -0.02458159  -0.00000000
 -0.00898226  -0.00000000    -0.01876870  -0.00000000    -0.00532103  -0.00000000
    9    1
  0.00084068   0.00000000     0.00074892   0.00000000    -0.00061753  -0.00000000
  0.00180363   0.00000000     0.00157142   0.00000000     0.00023591  -0.00000000
 -0.00026369  -0.00000000    -0.00000480  -0.00000000     0.00026914   0.00000000
    9    2
 -0.00004346  -0.00000000     0.00030645   0.00000000     0.00059594   0.00000000
  0.00049746   0.00000000     0.00085567  -0.00000000    -0.00152632  -0.00000000
  0.00013847   0.00000000    -0.00085248  -0.00000000     0.00013882  -0.00000000
    9    3
  0.00025525   0.00000000    -0.00022300  -0.00000000    -0.00041788  -0.00000000
 -0.00039836  -0.00000000    -0.00077051   0.00000000     0.00169881   0.00000000
 -0.00053808  -0.00000000     0.00117093   0.00000000    -0.00046751  -0.00000000
    9    4
  0.00100174   0.00000000     0.00112361   0.00000000    -0.00046318  -0.00000000
  0.00184806   0.00000000     0.00165148   0.00000000     0.00031284  -0.00000000
 -0.00010059  -0.00000000     0.00018186  -0.00000000     0.00021370  -0.00000000
    9    5
  0.00192388   0.00000000    -0.00047450  -0.00000000    -0.00255123   0.00000000
  0.00050244   0.00000000    -0.00069128  -0.00000000     0.00032356   0.00000000
 -0.00285553  -0.00000000     0.00079667   0.00000000    -0.00888042   0.00000000
    9    6
  0.00046783  -0.00000000     0.00031426   0.00000000     0.00521038   0.00000000
 -0.00022260  -0.00000000    -0.00100563   0.00000000     0.00004763   0.00000000
  0.00495213   0.00000000     0.00025026   0.00000000    -0.00270864  -0.00000000
    9    7
 -0.00498726   0.00000000    -0.00018533  -0.00000000    -0.01418582  -0.00000000
  0.00043986   0.00000000     0.00112130   0.00000000     0.00019125   0.00000000
 -0.00866823  -0.00000000    -0.00027159  -0.00000000     0.00724510   0.00000000
    9    8
  0.01003108   0.00000000    -0.00038704  -0.00000000     0.00380559   0.00000000
  0.00000943   0.00000000    -0.00127298  -0.00000000     0.00030623   0.00000000
 -0.00344441  -0.00000000     0.00064614   0.00000000    -0.01165750   0.00000000
    9    9
  0.15815321   0.00000000     0.00023165   0.00000000     0.02643167   0.00000000
  0.00023165   0.00000000     0.28158507   0.00000000     0.00050427   0.00000000
  0.02643167   0.00000000     0.00050427   0.00000000     0.18464324  -0.00000000
    9   10
 -0.01479595  -0.00000000     0.00017352   0.00000000    -0.00377387  -0.00000000
  0.00031257   0.00000000    -0.02472339   0.00000000     0.00012158   0.00000000
 -0.01479690  -0.00000000     0.00023953   0.00000000    -0.00509119   0.00000000
    9   11
 -0.00897463  -0.00000000     0.00015378   0.00000000    -0.00332964   0.00000000
  0.00009209   0.00000000    -0.02384467   0.00000000     0.00008553   0.00000000
  0.00080627  -0.00000000     0.00032383   0.00000000    -0.01176677   0.00000000
    9   12
 -0.00019611  -0.00000000     0.00038405   0.00000000     0.01164832   0.00000000
  0.00028551   0.00000000     0.01662130   0.00000000    -0.00024322  -0.00000000
  0.01172349   0.00000000    -0.00008263  -0.00000000    -0.01811216  -0.00000000
    9   13
 -0.01225019  -0.00000000     0.00020898   0.00000000     0.00284942  -0.00000000
  0.00017060   0.00000000    -0.01952615   0.00000000     0.00011832   0.00000000
 -0.01433105  -0.00000000     0.00003720   0.00000000     0.00059311  -0.00000000
    9   14
  0.00496758   0.00000000     0.00005190   0.00000000    -0.00319179  -0.00000000
  0.00035801   0.00000000     0.02107463   0.00000000    -0.00000734   0.00000000
 -0.00711925   0.00000000    -0.00020850  -0.00000000     0.00692429  -0.00000000
    9   15
 -0.00589740  -0.00000000     0.00021332   0.00000000     0.00355180   0.00000000
  0.00021332   0.00000000    -0.00101838  -0.00000000    -0.00004548  -0.00000000
  0.00355180   0.00000000    -0.00004548  -0.00000000    -0.00461544  -0.00000000
    9   16
  0.00604427   0.00000000     0.00007515   0.00000000     0.00180546  -0.00000000
 -0.00051802  -0.00000000    -0.00030588   0.00000000    -0.00021411  -0.00000000
  0.00673973   0.00000000     0.00045278   0.00000000     0.00323719   0.00000000
    9   17
 -0.00130753  -0.00000000    -0.00003596  -0.00000000     0.00211926   0.00000000
 -0.00023491  -0.00000000     0.00051008   0.00000000    -0.00025037   0.00000000
 -0.00243621  -0.00000000     0.00003693   0.00000000     0.00191157   0.00000000
    9   18
  0.00058051   0.00000000     0.00096749   0.00000000    -0.00136067  -0.00000000
  0.00076970  -0.00000000     0.00040047  -0.00000000     0.00191766   0.00000000
  0.00208028   0.00000000    -0.00090907  -0.00000000    -0.00073545   0.00000000
    9   19
  0.00092006   0.00000000    -0.00193602  -0.00000000     0.00123425   0.00000000
 -0.00024029   0.00000000    -0.00254990  -0.00000000    -0.00113348   0.00000000
 -0.00120988  -0.00000000    -0.00099763  -0.00000000     0.00159991   0.00000000
    9   20
  0.00079694  -0.00000000    -0.00030959  -0.00000000    -0.00157499   0.00000000
 -0.00060973  -0.00000000     0.00023089  -0.00000000    -0.00105049   0.00000000
  0.00230456  -0.00000000    -0.00007222   0.00000000    -0.00142688   0.00000000
    9   21
 -0.01639303   0.00000000     0.03451407  -0.00000000     0.01001598  -0.00000000
  0.04308271   0.00000000    -0.05465142  -0.00000000    -0.02531640   0.00000000
  0.01176894   0.00000000    -0.02164541  -0.00000000    -0.00686943  -0.00000000
    9   22
 -0.01642332   0.00000000    -0.00010629  -0.00000000    -0.03562957   0.00000000
 -0.00008920  -0.00000000    -0.00146240   0.00000000    -0.00016988  -0.00000000
 -0.03351538   0.00000000     0.00018036   0.00000000    -0.05885535  -0.00000000
    9   23
  0.00044684  -0.00000000    -0.00016501  -0.00000000    -0.00141232   0.00000000
  0.00069398   0.00000000     0.00053738   0.00000000     0.00148380   0.00000000
  0.00212792  -0.00000000     0.00049711   0.00000000    -0.00136324   0.00000000
    9   24
 -0.01635447   0.00000000    -0.03417834   0.00000000     0.01008351  -0.00000000
 -0.04319413  -0.00000000    -0.05428729  -0.00000000     0.02545644   0.00000000
  0.01225057   0.00000000     0.02187618   0.00000000    -0.00696445  -0.00000000
    9   25
  0.00016478   0.00000000    -0.00085221  -0.00000000    -0.00120717  -0.00000000
 -0.00133360  -0.00000000     0.00012734  -0.00000000    -0.00209574  -0.00000000
  0.00247529   0.00000000     0.00026601   0.00000000    -0.00085892   0.00000000
    9   26
  0.00082314  -0.00000000     0.00169542   0.00000000     0.00137303   0.00000000
 -0.00030407  -0.00000000    -0.00087935   0.00000000     0.00132933  -0.00000000
 -0.00071706  -0.00000000     0.00085077   0.00000000     0.00175802   0.00000000
    9   27
  0.00007824  -0.00000000    -0.00001368  -0.00000000    -0.00164037  -0.00000000
  0.00011379  -0.00000000    -0.00105875  -0.00000000     0.00021409  -0.00000000
  0.00099084   0.00000000     0.00005938   0.00000000    -0.00225861  -0.00000000
    9   28
  0.00081159   0.00000000    -0.00265377  -0.00000000    -0.00018897  -0.00000000
  0.00034840   0.00000000     0.00159189   0.00000000    -0.00102500  -0.00000000
 -0.00014527   0.00000000    -0.00041437   0.00000000    -0.00188237  -0.00000000
    9   29
 -0.00058116   0.00000000    -0.00075295  -0.00000000    -0.00058567   0.00000000
 -0.00013588  -0.00000000     0.00087938  -0.00000000    -0.00187204  -0.00000000
  0.00260816   0.00000000    -0.00060962   0.00000000    -0.00105168  -0.00000000
    9   30
 -0.01869023  -0.00000000    -0.03368981   0.00000000     0.00855718  -0.00000000
 -0.04284194  -0.00000000    -0.05395485  -0.00000000     0.02429406   0.00000000
  0.01086573   0.00000000     0.02076999   0.00000000    -0.00429952  -0.00000000
    9   31
 -0.00055070   0.00000000    -0.00009436   0.00000000     0.00152620   0.00000000
 -0.00085592   0.00000000    -0.00063273  -0.00000000    -0.00133552  -0.00000000
 -0.00316922  -0.00000000     0.00033680   0.00000000     0.00057888   0.00000000
    9   32
  0.01468589  -0.00000000     0.00013673   0.00000000     0.02973687   0.00000000
  0.00013634   0.00000000     0.00374799   0.00000000     0.00019914   0.00000000
  0.02666672  -0.00000000    -0.00029169  -0.00000000     0.05028095   0.00000000
    9   33
 -0.01865401  -0.00000000     0.03378707  -0.00000000     0.00830174  -0.00000000
  0.04286491   0.00000000    -0.05467407  -0.00000000    -0.02429740  -0.00000000
  0.01069197   0.00000000    -0.02092482  -0.00000000    -0.00434113  -0.00000000
    9   34
 -0.00090130  -0.00000000     0.00054809   0.00000000     0.00186938   0.00000000
  0.00099640   0.00000000    -0.00001803  -0.00000000     0.00100474  -0.00000000
 -0.00340098  -0.00000000    -0.00020954  -0.00000000     0.00072837   0.00000000
    9   35
  0.00067638   0.00000000     0.00264255   0.00000000    -0.00008025  -0.00000000
 -0.00001416  -0.00000000     0.00321939   0.00000000     0.00069430   0.00000000
  0.00014315   0.00000000     0.00076892   0.00000000    -0.00176176  -0.00000000
    9   36
 -0.00034852   0.00000000     0.00064814   0.00000000    -0.00087026  -0.00000000
 -0.00022754  -0.00000000     0.00104200  -0.00000000     0.00160802   0.00000000
  0.00225770   0.00000000     0.00045080  -0.00000000    -0.00117707  -0.00000000
   10    1
  0.00058474  -0.00000000     0.00132041   0.00000000     0.00017965   0.00000000
  0.00235651   0.00000000     0.00240258   0.00000000     0.00022542   0.00000000
 -0.00000723  -0.00000000    -0.00002183  -0.00000000     0.00041628   0.00000000
   10    2
 -0.00019458  -0.00000000     0.00037170   0.00000000    -0.00026891  -0.00000000
  0.00011028   0.00000000     0.00007775  -0.00000000    -0.00001264   0.00000000
  0.00003383   0.00000000    -0.00007928  -0.00000000     0.00012717  -0.00000000
   10    3
 -0.00016833  -0.00000000    -0.00003279   0.00000000     0.00000904   0.00000000
 -0.00000044   0.00000000     0.00011050   0.00000000     0.00006115  -0.00000000
  0.00028569   0.00000000    -0.00007582  -0.00000000     0.00013499   0.00000000
   10    4
 -0.00053513  -0.00000000    -0.00023825  -0.00000000     0.00039728   0.00000000
 -0.00008804  -0.00000000     0.00079793   0.00000000     0.00266454   0.00000000
 -0.00014647  -0.00000000     0.00157848   0.00000000     0.00138848   0.00000000
   10    5
 -0.00871921  -0.00000000     0.00036395   0.00000000     0.00339609   0.00000000
  0.00009519   0.00000000    -0.00077706   0.00000000    -0.00021242  -0.00000000
  0.00257194   0.00000000    -0.00023626  -0.00000000    -0.00070405   0.00000000
   10    6
  0.00753327   0.00000000    -0.00000583  -0.00000000     0.00492940   0.00000000
  0.00022644   0.00000000    -0.00070837   0.00000000     0.00020967   0.00000000
  0.00006102  -0.00000000    -0.00011587  -0.00000000     0.00338412   0.00000000
   10    7
 -0.00293250  -0.00000000     0.00012632   0.00000000     0.00186812   0.00000000
  0.00012632   0.00000000    -0.00108179   0.00000000     0.00007317   0.00000000
  0.00186812   0.00000000     0.00007317   0.00000000    -0.01080545  -0.00000000
   10    8
 -0.01287330  -0.00000000     0.00025417   0.00000000     0.00238003  -0.00000000
  0.00032951   0.00000000    -0.02491276   0.00000000     0.00027082   0.00000000
  0.00024462   0.00000000    -0.00065063  -0.00000000    -0.00922191   0.00000000
   10    9
 -0.01479595  -0.00000000     0.00031257   0.00000000    -0.01479690  -0.00000000
  0.00017352   0.00000000    -0.02472339   0.00000000     0.00023953   0.00000000
 -0.00377387  -0.00000000     0.00012158   0.00000000    -0.00509119   0.00000000
   10   10
  0.20383232   0.00000000    -0.00003015  -0.00000000     0.00280432   0.00000000
 -0.00003015  -0.00000000     0.27915763   0.00000000     0.00022241   0.00000000
  0.00280432   0.00000000     0.00022241   0.00000000     0.14156646  -0.00000000
   10   11
 -0.00519661   0.00000000     0.00031247   0.00000000     0.00668480   0.00000000
  0.00016301   0.00000000    -0.00114494   0.00000000    -0.00020702  -0.00000000
  0.01274534   0.00000000    -0.00002067   0.00000000     0.00367578   0.00000000
   10   12
 -0.00600814  -0.00000000     0.00043165   0.00000000    -0.01707863  -0.00000000
  0.00001951   0.00000000    -0.01946400  -0.00000000     0.00007017   0.00000000
 -0.00093796  -0.00000000     0.00003818   0.00000000    -0.00323682  -0.00000000
   10   13
 -0.00422909  -0.00000000     0.00016501   0.00000000     0.01394662   0.00000000
  0.00041361   0.00000000     0.01684816   0.00000000     0.00001701   0.00000000
  0.01434132   0.00000000     0.00001471   0.00000000    -0.01334873  -0.00000000
   10   14
  0.00134016  -0.00000000    -0.00050610  -0.00000000    -0.00520398  -0.00000000
 -0.00023924  -0.00000000     0.02057724   0.00000000    -0.00013807  -0.00000000
 -0.00174537   0.00000000     0.00038131   0.00000000     0.00747080  -0.00000000
   10   15
 -0.00498726   0.00000000     0.00043986   0.00000000    -0.00866823  -0.00000000
 -0.00018533  -0.00000000     0.00112130   0.00000000    -0.00027159  -0.00000000
 -0.01418582  -0.00000000     0.00019125   0.00000000     0.00724510   0.00000000
   10   16
  0.00233904  -0.00000000     0.00023848   0.00000000     0.00410691   0.00000000
 -0.00005691  -0.00000000    -0.00087075  -0.00000000     0.00003151   0.00000000
  0.00356646   0.00000000     0.00007344   0.00000000    -0.00468664  -0.00000000
   10   17
  0.06503562   0.00000000     0.00007129   0.00000000    -0.00267747  -0.00000000
 -0.00040170  -0.00000000     0.00383660   0.00000000    -0.00004803  -0.00000000
  0.00029359   0.00000000    -0.00008120  -0.00000000    -0.00062172  -0.00000000
   10   18
 -0.00030438  -0.00000000     0.00024689   0.00000000     0.00247021   0.00000000
  0.00280888   0.00000000    -0.00003024   0.00000000     0.00011182   0.00000000
 -0.00055985  -0.00000000     0.00156094   0.00000000    -0.00045073   0.00000000
   10   19
  0.00158013  -0.00000000    -0.00202514  -0.00000000    -0.00156590  -0.00000000
 -0.00140599   0.00000000    -0.00164659   0.00000000     0.00103714   0.00000000
  0.00121880   0.00000000    -0.00077274  -0.00000000     0.00128642   0.00000000
   10   20
 -0.00118278   0.00000000     0.00193039   0.00000000     0.00121703   0.00000000
  0.00081818   0.00000000     0.00262566  -0.00000000    -0.00063470  -0.00000000
  0.00114351   0.00000000     0.00193832  -0.00000000     0.00029673  -0.00000000
   10   21
 -0.00036519   0.00000000     0.00094872   0.00000000     0.00212993   0.00000000
  0.00167681   0.00000000     0.00078754  -0.00000000    -0.00103507  -0.00000000
 -0.00054329  -0.00000000     0.00031499   0.00000000    -0.00141298  -0.00000000
   10   22
 -0.07823946   0.00000000    -0.00000044  -0.00000000     0.00236404   0.00000000
  0.00027328   0.00000000    -0.00129162  -0.00000000     0.00004021   0.00000000
  0.00058856   0.00000000     0.00004225   0.00000000     0.00275136  -0.00000000
   10   23
 -0.00138150   0.00000000    -0.00183644  -0.00000000     0.00078983  -0.00000000
 -0.00037026   0.00000000     0.00266047  -0.00000000     0.00050187   0.00000000
  0.00107222   0.00000000    -0.00255069  -0.00000000     0.00015560  -0.00000000
   10   24
 -0.00009064   0.00000000    -0.00053823   0.00000000     0.00244187   0.00000000
 -0.00155946  -0.00000000     0.00127138  -0.00000000     0.00110346   0.00000000
 -0.00068636  -0.00000000    -0.00021904  -0.00000000    -0.00169613  -0.00000000
   10   25
 -0.00024700  -0.00000000    -0.00035571  -0.00000000     0.00265608   0.00000000
 -0.00245046  -0.00000000     0.00035340   0.00000000     0.00000188  -0.00000000
 -0.00063274  -0.00000000    -0.00110126  -0.00000000    -0.00072181   0.00000000
   10   26
  0.00162808  -0.00000000     0.00208888   0.00000000    -0.00112817  -0.00000000
  0.00102565  -0.00000000    -0.00203474  -0.00000000    -0.00081102   0.00000000
  0.00116458   0.00000000     0.00116055   0.00000000     0.00146924   0.00000000
   10   27
 -0.00143679  -0.00000000     0.00020803   0.00000000     0.00212491   0.00000000
  0.00001725  -0.00000000    -0.00077573  -0.00000000     0.00017637   0.00000000
 -0.00043928  -0.00000000    -0.00031749  -0.00000000    -0.00027596  -0.00000000
   10   28
 -0.00089194  -0.00000000     0.00007693  -0.00000000     0.00303414   0.00000000
  0.00144316   0.00000000    -0.00048654   0.00000000     0.00012196  -0.00000000
 -0.00058081  -0.00000000    -0.00010312  -0.00000000     0.00023428   0.00000000
   10   29
  0.00030315   0.00000000     0.00217832   0.00000000     0.00287244   0.00000000
  0.00040455  -0.00000000    -0.05430234  -0.00000000    -0.04912589   0.00000000
  0.00032782  -0.00000000    -0.04004943  -0.00000000    -0.02315407  -0.00000000
   10   30
 -0.00035439   0.00000000     0.00022628   0.00000000    -0.00045466   0.00000000
 -0.00068488  -0.00000000    -0.05460155  -0.00000000    -0.04940123   0.00000000
 -0.00297657  -0.00000000    -0.03957523  -0.00000000    -0.02368688  -0.00000000
   10   31
 -0.00051120  -0.00000000     0.00077635   0.00000000    -0.00361136  -0.00000000
 -0.00146314  -0.00000000     0.00071269   0.00000000    -0.00028757  -0.00000000
  0.00128557   0.00000000    -0.00048220  -0.00000000    -0.00000994   0.00000000
   10   32
  0.00085923   0.00000000    -0.00012918  -0.00000000    -0.00404898  -0.00000000
  0.00023217   0.00000000     0.00050823   0.00000000    -0.00008738  -0.00000000
  0.00081340   0.00000000     0.00024060   0.00000000    -0.00021995  -0.00000000
   10   33
 -0.00021838   0.00000000    -0.00061343  -0.00000000    -0.00052566   0.00000000
  0.00035229  -0.00000000    -0.05417456  -0.00000000     0.04904570  -0.00000000
 -0.00298444  -0.00000000     0.03960188   0.00000000    -0.02306819   0.00000000
   10   34
 -0.00089522  -0.00000000    -0.00071626  -0.00000000    -0.00367688  -0.00000000
  0.00156535   0.00000000    -0.00125196  -0.00000000    -0.00005128   0.00000000
  0.00143169   0.00000000     0.00027704  -0.00000000     0.00033048   0.00000000
   10   35
 -0.00042182  -0.00000000     0.00030838   0.00000000     0.00306739   0.00000000
 -0.00130593  -0.00000000     0.00124299   0.00000000     0.00029300   0.00000000
 -0.00063221  -0.00000000     0.00005781  -0.00000000    -0.00010126   0.00000000
   10   36
 -0.00002158   0.00000000    -0.00228388  -0.00000000     0.00277121   0.00000000
 -0.00072325  -0.00000000    -0.05435245  -0.00000000     0.04901037  -0.00000000
  0.00037871  -0.00000000     0.04003346   0.00000000    -0.02256139   0.00000000
   11    1
 -0.00023119  -0.00000000     0.00050838   0.00000000    -0.00070630  -0.00000000
  0.00060141   0.00000000     0.00070606  -0.00000000     0.00132510   0.00000000
 -0.00086739  -0.00000000     0.00062070   0.00000000     0.00053781   0.00000000
   11    2
  0.00091488   0.00000000     0.00062957   0.00000000     0.00023457   0.00000000
  0.00145540   0.00000000     0.00224794   0.00000000    -0.00011936   0.00000000
  0.00028232   0.00000000     0.00031579   0.00000000     0.00062978   0.00000000
   11    3
 -0.00041535  -0.00000000     0.00051474  -0.00000000    -0.00084536  -0.00000000
  0.00054464  -0.00000000     0.00060276   0.00000000     0.00152946   0.00000000
 -0.00075204  -0.00000000     0.00053324   0.00000000     0.00052053   0.00000000
   11    4
  0.00097193   0.00000000     0.00088993   0.00000000     0.00018091  -0.00000000
  0.00159736   0.00000000     0.00219693   0.00000000    -0.00030487  -0.00000000
  0.00014727  -0.00000000     0.00007724  -0.00000000     0.00069644   0.00000000
   11    5
  0.00374334  -0.00000000     0.00008176   0.00000000     0.00098190  -0.00000000
  0.00019599   0.00000000     0.00025519  -0.00000000     0.00013891   0.00000000
  0.00066185   0.00000000     0.00015702   0.00000000    -0.00312591  -0.00000000
   11    6
 -0.00700822  -0.00000000    -0.00013159  -0.00000000    -0.00307861   0.00000000
 -0.00016084  -0.00000000    -0.01992679  -0.00000000     0.00022424   0.00000000
 -0.00780002  -0.00000000     0.00025172   0.00000000    -0.00794380  -0.00000000
   11    7
 -0.01287330  -0.00000000     0.00032951   0.00000000     0.00024462   0.00000000
  0.00025417   0.00000000    -0.02491276   0.00000000    -0.00065063  -0.00000000
  0.00238003  -0.00000000     0.00027082   0.00000000    -0.00922191   0.00000000
   11    8
  0.00418531   0.00000000    -0.00003375  -0.00000000    -0.00707008  -0.00000000
 -0.00003375  -0.00000000    -0.00194141  -0.00000000    -0.00022826  -0.00000000
 -0.00707008  -0.00000000    -0.00022826  -0.00000000     0.01240406   0.00000000
   11    9
 -0.00897463  -0.00000000     0.00009209   0.00000000     0.00080627  -0.00000000
  0.00015378   0.00000000    -0.02384467   0.00000000     0.00032383   0.00000000
 -0.00332964   0.00000000     0.00008553   0.00000000    -0.01176677   0.00000000
   11   10
 -0.00519661   0.00000000     0.00016301   0.00000000     0.01274534   0.00000000
  0.00031247   0.00000000    -0.00114494   0.00000000    -0.00002067   0.00000000
  0.00668480   0.00000000    -0.00020702  -0.00000000     0.00367578   0.00000000
   11   11
  0.16015839   0.00000000    -0.00036494  -0.00000000    -0.01878972   0.00000000
 -0.00036494  -0.00000000     0.28199111   0.00000000     0.00025705   0.00000000
 -0.01878972   0.00000000     0.00025705   0.00000000     0.18354630  -0.00000000
   11   12
  0.00217291   0.00000000     0.00024592   0.00000000    -0.00063422  -0.00000000
 -0.00054369  -0.00000000     0.00001003  -0.00000000     0.00050179   0.00000000
  0.00132542   0.00000000     0.00005055   0.00000000    -0.00994422   0.00000000
   11   13
 -0.01102383  -0.00000000     0.00026889   0.00000000    -0.00486625   0.00000000
  0.00031032   0.00000000    -0.01967907   0.00000000    -0.00074282  -0.00000000
  0.00050869  -0.00000000    -0.00002807  -0.00000000    -0.00182369  -0.00000000
   11   14
 -0.00138450  -0.00000000    -0.00039147  -0.00000000     0.00435286   0.00000000
  0.00030149   0.00000000     0.00088998   0.00000000     0.00021327   0.00000000
  0.00379908   0.00000000    -0.00018630  -0.00000000     0.00121508  -0.00000000
   11   15
  0.01003108   0.00000000     0.00000943   0.00000000    -0.00344441  -0.00000000
 -0.00038704  -0.00000000    -0.00127298  -0.00000000     0.00064614   0.00000000
  0.00380559   0.00000000     0.00030623   0.00000000    -0.01165750   0.00000000
   11   16
 -0.00663228  -0.00000000     0.00028706   0.00000000     0.00643333   0.00000000
  0.00013298   0.00000000    -0.00051750   0.00000000    -0.00030568  -0.00000000
  0.00431319   0.00000000     0.00014672   0.00000000    -0.00094601   0.00000000
   11   17
  0.00039631   0.00000000    -0.00004700  -0.00000000    -0.00074585  -0.00000000
  0.00028707   0.00000000    -0.00092914  -0.00000000    -0.00043061  -0.00000000
 -0.00039785  -0.00000000     0.00003073   0.00000000    -0.00080110  -0.00000000
   11   18
 -0.00120607   0.00000000    -0.00007294  -0.00000000     0.00050103   0.00000000
 -0.00156521  -0.00000000     0.00216733   0.00000000     0.00130585   0.00000000
  0.00096793  -0.00000000     0.00113149  -0.00000000    -0.00123287  -0.00000000
   11   19
 -0.00028484  -0.00000000    -0.00074354   0.00000000     0.00056707  -0.00000000
 -0.00018575  -0.00000000     0.00088144  -0.00000000     0.00194328   0.00000000
  0.00047485   0.00000000     0.00032561   0.00000000    -0.00178164  -0.00000000
   11   20
 -0.00158598  -0.00000000    -0.00014725  -0.00000000    -0.00213029  -0.00000000
  0.00125223   0.00000000    -0.00106252  -0.00000000     0.00068713   0.00000000
 -0.00137969   0.00000000     0.00026690   0.00000000     0.00148689   0.00000000
   11   21
 -0.01660541   0.00000000    -0.03329019   0.00000000    -0.01072481   0.00000000
 -0.04377180  -0.00000000    -0.05434290  -0.00000000    -0.02561550  -0.00000000
 -0.01029003  -0.00000000    -0.02012271  -0.00000000    -0.00796847  -0.00000000
   11   22
 -0.01515618   0.00000000    -0.00020776  -0.00000000     0.03524399  -0.00000000
  0.00036679   0.00000000    -0.00015832   0.00000000     0.00012967   0.00000000
  0.03457039  -0.00000000    -0.00010294  -0.00000000    -0.05579277   0.00000000
   11   23
 -0.00167923  -0.00000000     0.00026406   0.00000000    -0.00176797  -0.00000000
 -0.00143783  -0.00000000    -0.00086128  -0.00000000    -0.00063993  -0.00000000
 -0.00149312   0.00000000     0.00021117   0.00000000     0.00150293   0.00000000
   11   24
 -0.01698986  -0.00000000     0.03365247  -0.00000000    -0.01059793   0.00000000
  0.04367166   0.00000000    -0.05462101  -0.00000000     0.02536620  -0.00000000
 -0.01060718  -0.00000000     0.01991059   0.00000000    -0.00792557  -0.00000000
   11   25
 -0.00094071   0.00000000    -0.00022097  -0.00000000     0.00066056   0.00000000
  0.00149878   0.00000000     0.00213925  -0.00000000    -0.00129202  -0.00000000
  0.00088731  -0.00000000    -0.00124428   0.00000000    -0.00111640   0.00000000
   11   26
 -0.00044889  -0.00000000     0.00089707  -0.00000000     0.00041030  -0.00000000
  0.00077770   0.00000000     0.00305425   0.00000000    -0.00165521  -0.00000000
  0.00012679   0.00000000    -0.00010748   0.00000000    -0.00186701  -0.00000000
   11   27
 -0.01422951  -0.00000000    -0.00042184  -0.00000000     0.02870345   0.00000000
  0.00030305   0.00000000    -0.00243144  -0.00000000     0.00024258   0.00000000
  0.02910798   0.00000000    -0.00026924  -0.00000000    -0.04727598  -0.00000000
   11   28
 -0.01895262  -0.00000000    -0.03376745   0.00000000    -0.00920320   0.00000000
 -0.04337233  -0.00000000    -0.05424043  -0.00000000    -0.02458159  -0.00000000
 -0.00898226  -0.00000000    -0.01876870  -0.00000000    -0.00532103  -0.00000000
   11   29
 -0.00105198  -0.00000000    -0.00019104  -0.00000000    -0.00197179  -0.00000000
  0.00100292   0.00000000    -0.00122749  -0.00000000     0.00088561   0.00000000
 -0.00254807  -0.00000000    -0.00024727  -0.00000000     0.00057744   0.00000000
   11   30
  0.00094260   0.00000000    -0.00255790  -0.00000000     0.00073967   0.00000000
  0.00010191   0.00000000     0.00141279   0.00000000     0.00132165   0.00000000
  0.00025872  -0.00000000     0.00036729  -0.00000000    -0.00169236  -0.00000000
   11   31
 -0.00062770   0.00000000     0.00091700  -0.00000000     0.00096627   0.00000000
 -0.00055247   0.00000000     0.00252720  -0.00000000     0.00063932   0.00000000
  0.00152366   0.00000000     0.00204370  -0.00000000    -0.00039886  -0.00000000
   11   32
  0.00118663  -0.00000000     0.00000046   0.00000000    -0.00056770  -0.00000000
 -0.00021508  -0.00000000     0.00084194   0.00000000     0.00043938   0.00000000
 -0.00014364   0.00000000    -0.00000580   0.00000000    -0.00048573   0.00000000
   11   33
  0.00059264   0.00000000     0.00257166   0.00000000     0.00065524   0.00000000
  0.00027807  -0.00000000     0.00364051   0.00000000    -0.00110831  -0.00000000
  0.00017393  -0.00000000    -0.00058376   0.00000000    -0.00154751  -0.00000000
   11   34
 -0.00039471   0.00000000    -0.00142260  -0.00000000     0.00081610  -0.00000000
  0.00059014  -0.00000000     0.00253448  -0.00000000    -0.00068883  -0.00000000
  0.00181386   0.00000000    -0.00229671  -0.00000000    -0.00027203  -0.00000000
   11   35
 -0.01891089  -0.00000000     0.03400736  -0.00000000    -0.00922731   0.00000000
  0.04336075   0.00000000    -0.05450497  -0.00000000     0.02442411   0.00000000
 -0.00914070  -0.00000000     0.01868872   0.00000000    -0.00530724  -0.00000000
   11   36
 -0.00088630   0.00000000     0.00010113   0.00000000    -0.00167402  -0.00000000
 -0.00128340  -0.00000000    -0.00094143  -0.00000000    -0.00076695  -0.00000000
 -0.00247775  -0.00000000     0.00043317   0.00000000     0.00068888   0.00000000
   12    1
  0.00090789   0.00000000     0.00131384   0.00000000    -0.00058034  -0.00000000
  0.00186791   0.00000000     0.00173729   0.00000000     0.00014296   0.00000000
 -0.00030682  -0.00000000    -0.00009399   0.00000000     0.00030513   0.00000000
   12    2
  0.00046335  -0.00000000    -0.00054280   0.00000000    -0.00055250  -0.00000000
 -0.00072290   0.00000000    -0.00057560  -0.00000000     0.00185322   0.00000000
 -0.00071913  -0.00000000     0.00109577   0.00000000    -0.00046786  -0.00000000
   12    3
 -0.00019376   0.00000000     0.00042794  -0.00000000     0.00058274  -0.00000000
  0.00036929  -0.00000000     0.00062314   0.00000000    -0.00159875  -0.00000000
  0.00018917  -0.00000000    -0.00102399  -0.00000000     0.00027953   0.00000000
   12    4
  0.00077214   0.00000000     0.00096031   0.00000000    -0.00058197  -0.00000000
  0.00185644   0.00000000     0.00158937   0.00000000     0.00025062   0.00000000
 -0.00017919   0.00000000     0.00005339   0.00000000     0.00014487  -0.00000000
   12    5
 -0.01214674  -0.00000000     0.00018453   0.00000000    -0.00248072   0.00000000
  0.00030631   0.00000000    -0.02302178   0.00000000     0.00047479   0.00000000
  0.00196499  -0.00000000     0.00037656   0.00000000    -0.01075745   0.00000000
   12    6
 -0.00039614  -0.00000000    -0.00019178  -0.00000000     0.00280940   0.00000000
 -0.00019178  -0.00000000    -0.00159989  -0.00000000     0.00033542   0.00000000
  0.00280940   0.00000000     0.00033542   0.00000000    -0.00347833  -0.00000000
   12    7
  0.00753327   0.00000000     0.00022644   0.00000000     0.00006102  -0.00000000
 -0.00000583  -0.00000000    -0.00070837   0.00000000    -0.00011587  -0.00000000
  0.00492940   0.00000000     0.00020967   0.00000000     0.00338412   0.00000000
   12    8
 -0.00700822  -0.00000000    -0.00016084  -0.00000000    -0.00780002  -0.00000000
 -0.00013159  -0.00000000    -0.01992679  -0.00000000     0.00025172   0.00000000
 -0.00307861   0.00000000     0.00022424   0.00000000    -0.00794380  -0.00000000
   12    9
 -0.00019611  -0.00000000     0.00028551   0.00000000     0.01172349   0.00000000
  0.00038405   0.00000000     0.01662130   0.00000000    -0.00008263  -0.00000000
  0.01164832   0.00000000    -0.00024322  -0.00000000    -0.01811216  -0.00000000
   12   10
 -0.00600814  -0.00000000     0.00001951   0.00000000    -0.00093796  -0.00000000
  0.00043165   0.00000000    -0.01946400  -0.00000000     0.00003818   0.00000000
 -0.01707863  -0.00000000     0.00007017   0.00000000    -0.00323682  -0.00000000
   12   11
  0.00217291   0.00000000    -0.00054369  -0.00000000     0.00132542   0.00000000
  0.00024592   0.00000000     0.00001003  -0.00000000     0.00005055   0.00000000
 -0.00063422  -0.00000000     0.00050179   0.00000000    -0.00994422   0.00000000
   12   12
  0.15620352   0.00000000     0.00011030   0.00000000     0.03478862   0.00000000
  0.00011030   0.00000000     0.25607511   0.00000000     0.00032011   0.00000000
  0.03478862   0.00000000     0.00032011   0.00000000     0.18951782  -0.00000000
   12   13
 -0.01333588  -0.00000000     0.00025885   0.00000000     0.00218265   0.00000000
 -0.00001599  -0.00000000    -0.02445554   0.00000000     0.00011052   0.00000000
 -0.01060915  -0.00000000     0.00014417   0.00000000    -0.00979050   0.00000000
   12   14
 -0.00037621   0.00000000     0.00025936   0.00000000     0.00057794   0.00000000
  0.00010032   0.00000000    -0.00059076  -0.00000000     0.00002812  -0.00000000
 -0.00003328  -0.00000000    -0.00051174  -0.00000000     0.00771738   0.00000000
   12   15
  0.00046783  -0.00000000    -0.00022260  -0.00000000     0.00495213   0.00000000
  0.00031426   0.00000000    -0.00100563   0.00000000     0.00025026   0.00000000
  0.00521038   0.00000000     0.00004763   0.00000000    -0.00270864  -0.00000000
   12   16
 -0.00308222  -0.00000000    -0.00023463  -0.00000000    -0.00432032  -0.00000000
  0.00034061   0.00000000     0.00459289   0.00000000    -0.00030403  -0.00000000
 -0.00634794  -0.00000000    -0.00024261  -0.00000000     0.00299155   0.00000000
   12   17
  0.01540929   0.00000000     0.00023975   0.00000000     0.03386975   0.00000000
 -0.00002780  -0.00000000     0.00169726   0.00000000     0.00016644   0.00000000
  0.03092659   0.00000000    -0.00022725  -0.00000000     0.05398774   0.00000000
   12   18
 -0.01614654  -0.00000000     0.03373273  -0.00000000     0.00823435  -0.00000000
  0.04060603   0.00000000    -0.05377048  -0.00000000    -0.02298022  -0.00000000
  0.01006629   0.00000000    -0.02045941  -0.00000000    -0.00473526  -0.00000000
   12   19
 -0.00150098  -0.00000000     0.00049434   0.00000000     0.00106320  -0.00000000
  0.00044748   0.00000000    -0.00027056   0.00000000     0.00070997   0.00000000
 -0.00277688  -0.00000000    -0.00043211  -0.00000000     0.00087582   0.00000000
   12   20
 -0.00151042  -0.00000000     0.00167808  -0.00000000    -0.00181823   0.00000000
 -0.00061429   0.00000000     0.00241561   0.00000000     0.00215129   0.00000000
  0.00064570  -0.00000000     0.00080488   0.00000000    -0.00120687  -0.00000000
   12   21
 -0.00017081   0.00000000     0.00000887  -0.00000000    -0.00011457  -0.00000000
  0.00089919  -0.00000000     0.00113265  -0.00000000     0.00281152   0.00000000
  0.00185462   0.00000000     0.00040276  -0.00000000    -0.00272644  -0.00000000
   12   22
 -0.00047515  -0.00000000    -0.00000294  -0.00000000    -0.00119941   0.00000000
  0.00005989   0.00000000     0.00003321  -0.00000000     0.00012820   0.00000000
  0.00196968   0.00000000    -0.00001687  -0.00000000    -0.00208655  -0.00000000
   12   23
 -0.00135901  -0.00000000    -0.00163731   0.00000000    -0.00184310   0.00000000
  0.00088052  -0.00000000     0.00079125  -0.00000000    -0.00225254  -0.00000000
  0.00023575  -0.00000000    -0.00035769  -0.00000000    -0.00145637  -0.00000000
   12   24
 -0.00070055   0.00000000    -0.00017356  -0.00000000     0.00020479  -0.00000000
 -0.00132452   0.00000000     0.00102573  -0.00000000    -0.00301497  -0.00000000
  0.00233455   0.00000000    -0.00043896   0.00000000    -0.00261257  -0.00000000
   12   25
 -0.01615100  -0.00000000    -0.03328021   0.00000000     0.00842411  -0.00000000
 -0.04048806  -0.00000000    -0.05347041  -0.00000000     0.02308351   0.00000000
  0.01038621   0.00000000     0.02029579   0.00000000    -0.00480707  -0.00000000
   12   26
 -0.00126302  -0.00000000     0.00029382  -0.00000000     0.00078313  -0.00000000
 -0.00056617  -0.00000000    -0.00066442   0.00000000    -0.00129844  -0.00000000
 -0.00250687  -0.00000000     0.00018975   0.00000000     0.00083326   0.00000000
   12   27
 -0.01531732  -0.00000000    -0.00020637  -0.00000000    -0.03360649  -0.00000000
  0.00002320  -0.00000000    -0.00148941  -0.00000000    -0.00011594  -0.00000000
 -0.03229129  -0.00000000     0.00019591   0.00000000    -0.05624919  -0.00000000
   12   28
  0.00091068  -0.00000000    -0.00029843  -0.00000000    -0.00102260  -0.00000000
  0.00034219   0.00000000     0.00050361   0.00000000     0.00100906   0.00000000
  0.00205223  -0.00000000    -0.00000180  -0.00000000    -0.00129546   0.00000000
   12   29
 -0.01496233  -0.00000000    -0.02955411  -0.00000000     0.00740391   0.00000000
 -0.03963088  -0.00000000    -0.04948332  -0.00000000     0.02292871   0.00000000
  0.00996064   0.00000000     0.01883834   0.00000000    -0.00540402  -0.00000000
   12   30
  0.00030250  -0.00000000    -0.00167162  -0.00000000     0.00047442  -0.00000000
 -0.00101235  -0.00000000     0.00046562  -0.00000000    -0.00325071  -0.00000000
  0.00227690   0.00000000     0.00019924  -0.00000000    -0.00158704  -0.00000000
   12   31
  0.00028415  -0.00000000     0.00185148   0.00000000     0.00167692   0.00000000
 -0.00021643  -0.00000000    -0.00135491   0.00000000     0.00214983   0.00000000
 -0.00028520  -0.00000000     0.00123614   0.00000000     0.00169331   0.00000000
   12   32
  0.00025013  -0.00000000     0.00002480   0.00000000     0.00051344   0.00000000
 -0.00018460  -0.00000000     0.00015285   0.00000000    -0.00030446  -0.00000000
 -0.00310657  -0.00000000     0.00014380   0.00000000     0.00148781   0.00000000
   12   33
  0.00039970  -0.00000000     0.00174152   0.00000000     0.00033703  -0.00000000
  0.00064600   0.00000000     0.00079084   0.00000000     0.00311070   0.00000000
  0.00203381  -0.00000000    -0.00080216   0.00000000    -0.00151523  -0.00000000
   12   34
  0.00060154  -0.00000000    -0.00196263  -0.00000000     0.00162518   0.00000000
  0.00004941   0.00000000    -0.00347993  -0.00000000    -0.00186489   0.00000000
 -0.00052872  -0.00000000    -0.00122158  -0.00000000     0.00144529   0.00000000
   12   35
  0.00120958   0.00000000    -0.00019245  -0.00000000    -0.00126131  -0.00000000
 -0.00035794  -0.00000000     0.00029372  -0.00000000    -0.00063222   0.00000000
  0.00227736   0.00000000     0.00025860   0.00000000    -0.00144751  -0.00000000
   12   36
 -0.01474487  -0.00000000     0.02967570   0.00000000     0.00737952   0.00000000
  0.03973737   0.00000000    -0.05001899  -0.00000000    -0.02294690  -0.00000000
  0.00949401   0.00000000    -0.01870723  -0.00000000    -0.00542951  -0.00000000
   13    1
 -0.00055693  -0.00000000    -0.00008305  -0.00000000     0.00031664   0.00000000
 -0.00008937  -0.00000000     0.00098845   0.00000000     0.00285849   0.00000000
 -0.00013318  -0.00000000     0.00188406   0.00000000     0.00161920   0.00000000
   13    2
 -0.00004256   0.00000000    -0.00003447  -0.00000000    -0.00015000  -0.00000000
  0.00010094   0.00000000     0.00004034  -0.00000000    -0.00031557   0.00000000
  0.00034218   0.00000000    -0.00026638   0.00000000     0.00023052  -0.00000000
   13    3
 -0.00023146  -0.00000000     0.00004436  -0.00000000     0.00000694   0.00000000
  0.00001248  -0.00000000    -0.00011316   0.00000000    -0.00020190  -0.00000000
  0.00013702   0.00000000     0.00016746   0.00000000    -0.00004159   0.00000000
   13    4
  0.00063082  -0.00000000     0.00120574   0.00000000     0.00008907   0.00000000
  0.00232171   0.00000000     0.00228983   0.00000000     0.00017190   0.00000000
 -0.00008745  -0.00000000     0.00000632  -0.00000000     0.00058148   0.00000000
   13    5
 -0.01208342  -0.00000000     0.00028626   0.00000000     0.00121150   0.00000000
  0.00018461   0.00000000    -0.02336529   0.00000000     0.00019015   0.00000000
 -0.00165685  -0.00000000    -0.00080759  -0.00000000    -0.01361713   0.00000000
   13    6
 -0.00308222  -0.00000000     0.00034061   0.00000000    -0.00634794  -0.00000000
 -0.00023463  -0.00000000     0.00459289   0.00000000    -0.00024261  -0.00000000
 -0.00432032  -0.00000000    -0.00030403  -0.00000000     0.00299155   0.00000000
   13    7
  0.00233904  -0.00000000    -0.00005691  -0.00000000     0.00356646   0.00000000
  0.00023848   0.00000000    -0.00087075  -0.00000000     0.00007344   0.00000000
  0.00410691   0.00000000     0.00003151   0.00000000    -0.00468664  -0.00000000
   13    8
 -0.00663228  -0.00000000     0.00013298   0.00000000     0.00431319   0.00000000
  0.00028706   0.00000000    -0.00051750   0.00000000     0.00014672   0.00000000
  0.00643333   0.00000000    -0.00030568  -0.00000000    -0.00094601   0.00000000
   13    9
 -0.01225019  -0.00000000     0.00017060   0.00000000    -0.01433105  -0.00000000
  0.00020898   0.00000000    -0.01952615   0.00000000     0.00003720   0.00000000
  0.00284942  -0.00000000     0.00011832   0.00000000     0.00059311  -0.00000000
   13   10
 -0.00422909  -0.00000000     0.00041361   0.00000000     0.01434132   0.00000000
  0.00016501   0.00000000     0.01684816   0.00000000     0.00001471   0.00000000
  0.01394662   0.00000000     0.00001701   0.00000000    -0.01334873  -0.00000000
   13   11
 -0.01102383  -0.00000000     0.00031032   0.00000000     0.00050869  -0.00000000
  0.00026889   0.00000000    -0.01967907   0.00000000    -0.00002807  -0.00000000
 -0.00486625   0.00000000    -0.00074282  -0.00000000    -0.00182369  -0.00000000
   13   12
 -0.01333588  -0.00000000    -0.00001599  -0.00000000    -0.01060915  -0.00000000
  0.00025885   0.00000000    -0.02445554   0.00000000     0.00014417   0.00000000
  0.00218265   0.00000000     0.00011052   0.00000000    -0.00979050   0.00000000
   13   13
  0.21175470   0.00000000     0.00019908   0.00000000     0.00227718   0.00000000
  0.00019908   0.00000000     0.26453929  -0.00000000     0.00061870   0.00000000
  0.00227718   0.00000000     0.00061870   0.00000000     0.13825453  -0.00000000
   13   14
  0.00518589   0.00000000    -0.00008738  -0.00000000    -0.00361342   0.00000000
 -0.00025316  -0.00000000    -0.00039738   0.00000000     0.00012754   0.00000000
 -0.00297068   0.00000000     0.00012462   0.00000000     0.00048397   0.00000000
   13   15
  0.00604427   0.00000000    -0.00051802  -0.00000000     0.00673973   0.00000000
  0.00007515   0.00000000    -0.00030588   0.00000000     0.00045278   0.00000000
  0.00180546  -0.00000000    -0.00021411  -0.00000000     0.00323719   0.00000000
   13   16
  0.00058170   0.00000000     0.00011209   0.00000000     0.00209722   0.00000000
  0.00011209   0.00000000    -0.00140023  -0.00000000    -0.00006824  -0.00000000
  0.00209722   0.00000000    -0.00006824  -0.00000000    -0.00205784  -0.00000000
   13   17
  0.00003296   0.00000000    -0.00012347  -0.00000000    -0.00294481  -0.00000000
  0.00011972   0.00000000     0.00016900   0.00000000    -0.00009223  -0.00000000
  0.00071523   0.00000000     0.00033716   0.00000000     0.00151646   0.00000000
   13   18
  0.00059882  -0.00000000    -0.00138645  -0.00000000     0.00077333   0.00000000
 -0.00013855  -0.00000000    -0.05382900   0.00000000     0.04654331  -0.00000000
 -0.00131719  -0.00000000     0.03962202   0.00000000    -0.02121406   0.00000000
   13   19
 -0.00052489   0.00000000    -0.00018739  -0.00000000    -0.00317908  -0.00000000
  0.00119099   0.00000000    -0.00155395  -0.00000000    -0.00023238  -0.00000000
  0.00055304   0.00000000     0.00033504   0.00000000     0.00000399  -0.00000000
   13   20
 -0.00003349   0.00000000     0.00015528   0.00000000     0.00310827   0.00000000
 -0.00105757  -0.00000000     0.00116922   0.00000000     0.00037797  -0.00000000
 -0.00051045  -0.00000000     0.00004039  -0.00000000    -0.00015781  -0.00000000
   13   21
 -0.00051030   0.00000000    -0.00135437  -0.00000000     0.00113194   0.00000000
 -0.00014006  -0.00000000    -0.05010895   0.00000000     0.04666856  -0.00000000
 -0.00118276  -0.00000000     0.03528971   0.00000000    -0.02010306  -0.00000000
   13   22
 -0.00137086  -0.00000000     0.00010199   0.00000000     0.00262801   0.00000000
 -0.00014953  -0.00000000    -0.00026491  -0.00000000     0.00007065   0.00000000
 -0.00045151  -0.00000000    -0.00019826  -0.00000000    -0.00086127   0.00000000
   13   23
 -0.00012865   0.00000000     0.00012408   0.00000000     0.00296976   0.00000000
  0.00091853   0.00000000    -0.00061596  -0.00000000    -0.00006375   0.00000000
 -0.00027617   0.00000000    -0.00035432  -0.00000000     0.00017988  -0.00000000
   13   24
 -0.00023050   0.00000000     0.00116791   0.00000000     0.00111398   0.00000000
 -0.00013139  -0.00000000    -0.05021043  -0.00000000    -0.04693522   0.00000000
 -0.00139301  -0.00000000    -0.03541306  -0.00000000    -0.02056591  -0.00000000
   13   25
  0.00068922   0.00000000     0.00087803   0.00000000     0.00093521   0.00000000
 -0.00022950  -0.00000000    -0.05406585   0.00000000    -0.04683300   0.00000000
 -0.00134760  -0.00000000    -0.03933397  -0.00000000    -0.02161990  -0.00000000
   13   26
 -0.00010580   0.00000000    -0.00004461  -0.00000000    -0.00312422  -0.00000000
 -0.00122776  -0.00000000     0.00055271   0.00000000    -0.00025082  -0.00000000
  0.00022068  -0.00000000    -0.00007171  -0.00000000    -0.00027171  -0.00000000
   13   27
 -0.07354934  -0.00000000    -0.00007383  -0.00000000     0.00220132   0.00000000
  0.00028293   0.00000000    -0.00174545  -0.00000000     0.00002738   0.00000000
  0.00094839   0.00000000    -0.00001376   0.00000000     0.00239401   0.00000000
   13   28
 -0.00189737  -0.00000000    -0.00157020  -0.00000000     0.00070938  -0.00000000
 -0.00126315   0.00000000     0.00169490  -0.00000000     0.00161367   0.00000000
 -0.00160145   0.00000000    -0.00113336  -0.00000000    -0.00122707   0.00000000
   13   29
 -0.00114507  -0.00000000    -0.00013787  -0.00000000     0.00251740   0.00000000
 -0.00287948  -0.00000000     0.00117417   0.00000000     0.00029975   0.00000000
  0.00017450   0.00000000     0.00002106   0.00000000    -0.00216388  -0.00000000
   13   30
  0.00024896   0.00000000    -0.00043125  -0.00000000     0.00223265   0.00000000
 -0.00286847  -0.00000000     0.00083875  -0.00000000     0.00102846   0.00000000
  0.00040516  -0.00000000    -0.00150616  -0.00000000    -0.00124585   0.00000000
   13   31
  0.00176751  -0.00000000     0.00201877   0.00000000    -0.00131729  -0.00000000
  0.00103925  -0.00000000    -0.00266586  -0.00000000    -0.00072709  -0.00000000
  0.00064490   0.00000000     0.00159734   0.00000000     0.00003023   0.00000000
   13   32
  0.07295685   0.00000000     0.00007090   0.00000000    -0.00215144  -0.00000000
 -0.00037052  -0.00000000     0.00157760   0.00000000     0.00000914   0.00000000
  0.00054495   0.00000000    -0.00004806  -0.00000000    -0.00289732   0.00000000
   13   33
 -0.00007595  -0.00000000     0.00048932   0.00000000     0.00209691   0.00000000
  0.00267849   0.00000000     0.00047530  -0.00000000    -0.00104894  -0.00000000
  0.00011951  -0.00000000     0.00212621   0.00000000    -0.00107416   0.00000000
   13   34
  0.00184783  -0.00000000    -0.00165426  -0.00000000    -0.00166243  -0.00000000
 -0.00151368  -0.00000000    -0.00224314   0.00000000     0.00093937   0.00000000
  0.00065033   0.00000000    -0.00115697   0.00000000    -0.00015825   0.00000000
   13   35
 -0.00202463  -0.00000000     0.00164059   0.00000000     0.00109011   0.00000000
  0.00164873   0.00000000     0.00140722  -0.00000000    -0.00178415  -0.00000000
 -0.00159427   0.00000000     0.00056574  -0.00000000    -0.00101162   0.00000000
   13   36
 -0.00127006  -0.00000000     0.00030696   0.00000000     0.00219518   0.00000000
  0.00298876   0.00000000     0.00069174   0.00000000    -0.00032655  -0.00000000
  0.00019777   0.00000000     0.00004668  -0.00000000    -0.00187740   0.00000000
   14    1
 -0.00124935  -0.00000000    -0.00102902  -0.00000000    -0.00032774   0.00000000
 -0.00156172  -0.00000000    -0.00241010  -0.00000000     0.00012368   0.00000000
 -0.00044616   0.00000000    -0.00026264   0.00000000    -0.00062016  -0.00000000
   14    2
 -0.00056735  -0.00000000     0.00060910  -0.00000000    -0.00097893  -0.00000000
  0.00084545  -0.00000000     0.00034668   0.00000000     0.00150299   0.00000000
 -0.00086231  -0.00000000     0.00067950   0.00000000     0.00046279   0.00000000
   14    3
  0.00105102   0.00000000     0.00082280   0.00000000     0.00038941   0.00000000
  0.00157955   0.00000000     0.00222240   0.00000000    -0.00010928   0.00000000
  0.00035690   0.00000000     0.00015162   0.00000000     0.00065774   0.00000000
   14    4
  0.00051650   0.00000000    -0.00046597  -0.00000000     0.00089669   0.00000000
 -0.00050000  -0.00000000    -0.00063900   0.00000000    -0.00133134  -0.00000000
  0.00097632   0.00000000    -0.00064168  -0.00000000    -0.00053344  -0.00000000
   14    5
 -0.01353172  -0.00000000     0.00006180   0.00000000    -0.00068303  -0.00000000
  0.00006180   0.00000000     0.00244679   0.00000000     0.00027332   0.00000000
 -0.00068303  -0.00000000     0.00027332   0.00000000    -0.01350326  -0.00000000
   14    6
 -0.01214674  -0.00000000     0.00030631   0.00000000     0.00196499  -0.00000000
  0.00018453   0.00000000    -0.02302178   0.00000000     0.00037656   0.00000000
 -0.00248072   0.00000000     0.00047479   0.00000000    -0.01075745   0.00000000
   14    7
 -0.00871921  -0.00000000     0.00009519   0.00000000     0.00257194   0.00000000
  0.00036395   0.00000000    -0.00077706   0.00000000    -0.00023626  -0.00000000
  0.00339609   0.00000000    -0.00021242  -0.00000000    -0.00070405   0.00000000
   14    8
  0.00374334  -0.00000000     0.00019599   0.00000000     0.00066185   0.00000000
  0.00008176   0.00000000     0.00025519  -0.00000000     0.00015702   0.00000000
  0.00098190  -0.00000000     0.00013891   0.00000000    -0.00312591  -0.00000000
   14    9
  0.00496758   0.00000000     0.00035801   0.00000000    -0.00711925   0.00000000
  0.00005190   0.00000000     0.02107463   0.00000000    -0.00020850  -0.00000000
 -0.00319179  -0.00000000    -0.00000734   0.00000000     0.00692429  -0.00000000
   14   10
  0.00134016  -0.00000000    -0.00023924  -0.00000000    -0.00174537   0.00000000
 -0.00050610  -0.00000000     0.02057724   0.00000000     0.00038131   0.00000000
 -0.00520398  -0.00000000    -0.00013807  -0.00000000     0.00747080  -0.00000000
   14   11
 -0.00138450  -0.00000000     0.00030149   0.00000000     0.00379908   0.00000000
 -0.00039147  -0.00000000     0.00088998   0.00000000    -0.00018630  -0.00000000
  0.00435286   0.00000000     0.00021327   0.00000000     0.00121508  -0.00000000
   14   12
 -0.00037621   0.00000000     0.00010032   0.00000000    -0.00003328  -0.00000000
  0.00025936   0.00000000    -0.00059076  -0.00000000    -0.00051174  -0.00000000
  0.00057794   0.00000000     0.00002812  -0.00000000     0.00771738   0.00000000
   14   13
  0.00518589   0.00000000    -0.00025316  -0.00000000    -0.00297068   0.00000000
 -0.00008738  -0.00000000    -0.00039738   0.00000000     0.00012462   0.00000000
 -0.00361342   0.00000000     0.00012754   0.00000000     0.00048397   0.00000000
   14   14
  0.15454438   0.00000000    -0.00049773  -0.00000000    -0.03056639  -0.00000000
 -0.00049773  -0.00000000     0.25797117   0.00000000     0.00022487   0.00000000
 -0.03056639  -0.00000000     0.00022487   0.00000000     0.18834866  -0.00000000
   14   15
  0.00192388   0.00000000     0.00050244   0.00000000    -0.00285553  -0.00000000
 -0.00047450  -0.00000000    -0.00069128  -0.00000000     0.00079667   0.00000000
 -0.00255123   0.00000000     0.00032356   0.00000000    -0.00888042   0.00000000
   14   16
 -0.01208342  -0.00000000     0.00018461   0.00000000    -0.00165685  -0.00000000
  0.00028626   0.00000000    -0.02336529   0.00000000    -0.00080759  -0.00000000
  0.00121150   0.00000000     0.00019015   0.00000000    -0.01361713   0.00000000
   14   17
 -0.01482384  -0.00000000    -0.00021553  -0.00000000     0.03335820   0.00000000
  0.00025634   0.00000000    -0.00029129  -0.00000000     0.00018829   0.00000000
  0.03291399   0.00000000    -0.00011240  -0.00000000    -0.05119394  -0.00000000
   14   18
  0.00244452   0.00000000     0.00012215   0.00000000     0.00240610   0.00000000
  0.00172145   0.00000000     0.00097901   0.00000000     0.00095307  -0.00000000
  0.00279215   0.00000000     0.00001762  -0.00000000    -0.00055827   0.00000000
   14   19
 -0.01619720  -0.00000000     0.03280671  -0.00000000    -0.00898744   0.00000000
  0.04124459   0.00000000    -0.05423664  -0.00000000     0.02341446   0.00000000
 -0.00887553  -0.00000000     0.01849121   0.00000000    -0.00537039  -0.00000000
   14   20
  0.00023853   0.00000000    -0.00122818  -0.00000000     0.00020516   0.00000000
  0.00093297  -0.00000000     0.00263080  -0.00000000    -0.00139582  -0.00000000
  0.00220137   0.00000000    -0.00189798  -0.00000000    -0.00146732  -0.00000000
   14   21
  0.00203198   0.00000000    -0.00098939  -0.00000000    -0.00180963  -0.00000000
 -0.00016825   0.00000000    -0.00322252  -0.00000000     0.00214763  -0.00000000
  0.00119933   0.00000000     0.00046741  -0.00000000     0.00092030   0.00000000
   14   22
  0.00171186  -0.00000000     0.00001687   0.00000000     0.00108007  -0.00000000
 -0.00021980  -0.00000000    -0.00070540  -0.00000000     0.00025784   0.00000000
  0.00130452   0.00000000    -0.00001904  -0.00000000     0.00006096  -0.00000000
   14   23
 -0.00020789   0.00000000     0.00099921   0.00000000     0.00002635   0.00000000
 -0.00097616   0.00000000     0.00269454  -0.00000000     0.00140528   0.00000000
  0.00202505   0.00000000     0.00174931  -0.00000000    -0.00164403  -0.00000000
   14   24
  0.00203008   0.00000000     0.00100164   0.00000000    -0.00183269  -0.00000000
 -0.00036170  -0.00000000    -0.00111565   0.00000000    -0.00220099  -0.00000000
  0.00116490   0.00000000    -0.00041133   0.00000000     0.00089860   0.00000000
   14   25
  0.00235639   0.00000000    -0.00046568  -0.00000000     0.00268322   0.00000000
 -0.00154020  -0.00000000     0.00142633   0.00000000    -0.00125433  -0.00000000
  0.00266937   0.00000000    -0.00055098  -0.00000000    -0.00046897   0.00000000
   14   26
 -0.01597149   0.00000000    -0.03263173   0.00000000    -0.00901094   0.00000000
 -0.04118428  -0.00000000    -0.05392946  -0.00000000    -0.02367759  -0.00000000
 -0.00862685  -0.00000000    -0.01880702  -0.00000000    -0.00537718  -0.00000000
   14   27
 -0.00112246  -0.00000000    -0.00005448  -0.00000000    -0.00168743  -0.00000000
  0.00017452   0.00000000    -0.00029839  -0.00000000    -0.00039472  -0.00000000
 -0.00164503  -0.00000000    -0.00001551   0.00000000     0.00074557   0.00000000
   14   28
 -0.00050414  -0.00000000     0.00190268   0.00000000     0.00198922   0.00000000
  0.00091587   0.00000000     0.00385241   0.00000000    -0.00160768  -0.00000000
  0.00037360   0.00000000    -0.00020623   0.00000000    -0.00122535  -0.00000000
   14   29
  0.00105064   0.00000000     0.00008520   0.00000000     0.00185276   0.00000000
 -0.00201424   0.00000000    -0.00218525  -0.00000000     0.00112360   0.00000000
 -0.00092263   0.00000000     0.00127480  -0.00000000     0.00236517   0.00000000
   14   30
  0.01454908  -0.00000000    -0.02889980   0.00000000     0.00814532  -0.00000000
 -0.04025355  -0.00000000     0.05019174   0.00000000    -0.02316766  -0.00000000
  0.00800836   0.00000000    -0.01682235  -0.00000000     0.00613244   0.00000000
   14   31
 -0.00209924  -0.00000000    -0.00062776  -0.00000000    -0.00189221  -0.00000000
 -0.00180059  -0.00000000    -0.00114070  -0.00000000    -0.00090026  -0.00000000
 -0.00214493   0.00000000     0.00000797  -0.00000000     0.00065973   0.00000000
   14   32
 -0.01400025   0.00000000    -0.00019248  -0.00000000     0.03303545   0.00000000
  0.00036249   0.00000000     0.00001298   0.00000000     0.00017755   0.00000000
  0.03319551  -0.00000000    -0.00012192  -0.00000000    -0.05360760  -0.00000000
   14   33
  0.01464100  -0.00000000     0.02838838  -0.00000000     0.00822528  -0.00000000
  0.04025564   0.00000000     0.04970378  -0.00000000     0.02339523   0.00000000
  0.00790507   0.00000000     0.01682650   0.00000000     0.00612258   0.00000000
   14   34
 -0.00229648  -0.00000000     0.00034530   0.00000000    -0.00208658  -0.00000000
  0.00159224   0.00000000    -0.00140092  -0.00000000     0.00092475   0.00000000
 -0.00215763   0.00000000     0.00019478   0.00000000     0.00060755   0.00000000
   14   35
 -0.00033843  -0.00000000    -0.00173146   0.00000000     0.00213537   0.00000000
 -0.00052311  -0.00000000     0.00129644  -0.00000000     0.00198966   0.00000000
  0.00052190   0.00000000     0.00035973   0.00000000    -0.00134623  -0.00000000
   14   36
  0.00105652   0.00000000     0.00023394   0.00000000     0.00204942   0.00000000
  0.00199660  -0.00000000    -0.00220117  -0.00000000    -0.00113073  -0.00000000
 -0.00082807   0.00000000    -0.00106948   0.00000000     0.00230108   0.00000000
   15    1
 -0.00004346  -0.00000000     0.00030645   0.00000000     0.00059594   0.00000000
  0.00049746   0.00000000     0.00085567  -0.00000000    -0.00152632  -0.00000000
  0.00013847   0.00000000    -0.00085248  -0.00000000     0.00013882  -0.00000000
   15    2
  0.00084068   0.00000000     0.00074892   0.00000000    -0.00061753  -0.00000000
  0.00180363   0.00000000     0.00157142   0.00000000     0.00023591  -0.00000000
 -0.00026369  -0.00000000    -0.00000480  -0.00000000     0.00026914   0.00000000
   15    3
  0.00100174   0.00000000     0.00112361   0.00000000    -0.00046318  -0.00000000
  0.00184806   0.00000000     0.00165148   0.00000000     0.00031284  -0.00000000
 -0.00010059  -0.00000000     0.00018186  -0.00000000     0.00021370  -0.00000000
   15    4
  0.00025525   0.00000000    -0.00022300  -0.00000000    -0.00041788  -0.00000000
 -0.00039836  -0.00000000    -0.00077051   0.00000000     0.00169881   0.00000000
 -0.00053808  -0.00000000     0.00117093   0.00000000    -0.00046751  -0.00000000
   15    5
  0.00496758   0.00000000     0.00005190   0.00000000    -0.00319179  -0.00000000
  0.00035801   0.00000000     0.02107463   0.00000000    -0.00000734   0.00000000
 -0.00711925   0.00000000    -0.00020850  -0.00000000     0.00692429  -0.00000000
   15    6
 -0.00019611  -0.00000000     0.00038405   0.00000000     0.01164832   0.00000000
  0.00028551   0.00000000     0.01662130   0.00000000    -0.00024322  -0.00000000
  0.01172349   0.00000000    -0.00008263  -0.00000000    -0.01811216  -0.00000000
   15    7
 -0.01479595  -0.00000000     0.00017352   0.00000000    -0.00377387  -0.00000000
  0.00031257   0.00000000    -0.02472339   0.00000000     0.00012158   0.00000000
 -0.01479690  -0.00000000     0.00023953   0.00000000    -0.00509119   0.00000000
   15    8
 -0.00897463  -0.00000000     0.00015378   0.00000000    -0.00332964   0.00000000
  0.00009209   0.00000000    -0.02384467   0.00000000     0.00008553   0.00000000
  0.00080627  -0.00000000     0.00032383   0.00000000    -0.01176677   0.00000000
   15    9
 -0.00589740  -0.00000000     0.00021332   0.00000000     0.00355180   0.00000000
  0.00021332   0.00000000    -0.00101838  -0.00000000    -0.00004548  -0.00000000
  0.00355180   0.00000000    -0.00004548  -0.00000000    -0.00461544  -0.00000000
   15   10
 -0.00498726   0.00000000    -0.00018533  -0.00000000    -0.01418582  -0.00000000
  0.00043986   0.00000000     0.00112130   0.00000000     0.00019125   0.00000000
 -0.00866823  -0.00000000    -0.00027159  -0.00000000     0.00724510   0.00000000
   15   11
  0.01003108   0.00000000    -0.00038704  -0.00000000     0.00380559   0.00000000
  0.00000943   0.00000000    -0.00127298  -0.00000000     0.00030623   0.00000000
 -0.00344441  -0.00000000     0.00064614   0.00000000    -0.01165750   0.00000000
   15   12
  0.00046783  -0.00000000     0.00031426   0.00000000     0.00521038   0.00000000
 -0.00022260  -0.00000000    -0.00100563   0.00000000     0.00004763   0.00000000
  0.00495213   0.00000000     0.00025026   0.00000000    -0.00270864  -0.00000000
   15   13
  0.00604427   0.00000000     0.00007515   0.00000000     0.00180546  -0.00000000
 -0.00051802  -0.00000000    -0.00030588   0.00000000    -0.00021411  -0.00000000
  0.00673973   0.00000000     0.00045278   0.00000000     0.00323719   0.00000000
   15   14
  0.00192388   0.00000000    -0.00047450  -0.00000000    -0.00255123   0.00000000
  0.00050244   0.00000000    -0.00069128  -0.00000000     0.00032356   0.00000000
 -0.00285553  -0.00000000     0.00079667   0.00000000    -0.00888042   0.00000000
   15   15
  0.15815321   0.00000000     0.00023165   0.00000000     0.02643167   0.00000000
  0.00023165   0.00000000     0.28158507   0.00000000     0.00050427   0.00000000
  0.02643167   0.00000000     0.00050427   0.00000000     0.18464324  -0.00000000
   15   16
 -0.01225019  -0.00000000     0.00020898   0.00000000     0.00284942  -0.00000000
  0.00017060   0.00000000    -0.01952615   0.00000000     0.00011832   0.00000000
 -0.01433105  -0.00000000     0.00003720   0.00000000     0.00059311  -0.00000000
   15   17
  0.00130753   0.00000000     0.00003596   0.00000000    -0.00211926  -0.00000000
  0.00023491   0.00000000    -0.00051008   0.00000000     0.00025037  -0.00000000
  0.00243621   0.00000000    -0.00003693  -0.00000000    -0.00191157  -0.00000000
   15   18
  0.00082314  -0.00000000     0.00169542   0.00000000     0.00137303   0.00000000
 -0.00030407  -0.00000000    -0.00087935   0.00000000     0.00132933  -0.00000000
 -0.00071706  -0.00000000     0.00085077   0.00000000     0.00175802   0.00000000
   15   19
  0.00016478   0.00000000    -0.00085221  -0.00000000    -0.00120717  -0.00000000
 -0.00133360  -0.00000000     0.00012734  -0.00000000    -0.00209574  -0.00000000
  0.00247529   0.00000000     0.00026601   0.00000000    -0.00085892   0.00000000
   15   20
 -0.01635447   0.00000000    -0.03417834   0.00000000     0.01008351  -0.00000000
 -0.04319413  -0.00000000    -0.05428729  -0.00000000     0.02545644   0.00000000
  0.01225057   0.00000000     0.02187618   0.00000000    -0.00696445  -0.00000000
   15   21
  0.00044684  -0.00000000    -0.00016501  -0.00000000    -0.00141232   0.00000000
  0.00069398   0.00000000     0.00053738   0.00000000     0.00148380   0.00000000
  0.00212792  -0.00000000     0.00049711   0.00000000    -0.00136324   0.00000000
   15   22
 -0.01642332   0.00000000    -0.00010629  -0.00000000    -0.03562957   0.00000000
 -0.00008920  -0.00000000    -0.00146240   0.00000000    -0.00016988  -0.00000000
 -0.03351538   0.00000000     0.00018036   0.00000000    -0.05885535  -0.00000000
   15   23
 -0.01639303   0.00000000     0.03451407  -0.00000000     0.01001598  -0.00000000
  0.04308271   0.00000000    -0.05465142  -0.00000000    -0.02531640   0.00000000
  0.01176894   0.00000000    -0.02164541  -0.00000000    -0.00686943  -0.00000000
   15   24
  0.00079694  -0.00000000    -0.00030959  -0.00000000    -0.00157499   0.00000000
 -0.00060973  -0.00000000     0.00023089  -0.00000000    -0.00105049   0.00000000
  0.00230456  -0.00000000    -0.00007222   0.00000000    -0.00142688   0.00000000
   15   25
  0.00092006   0.00000000    -0.00193602  -0.00000000     0.00123425   0.00000000
 -0.00024029   0.00000000    -0.00254990  -0.00000000    -0.00113348   0.00000000
 -0.00120988  -0.00000000    -0.00099763  -0.00000000     0.00159991   0.00000000
   15   26
  0.00058051   0.00000000     0.00096749   0.00000000    -0.00136067  -0.00000000
  0.00076970  -0.00000000     0.00040047  -0.00000000     0.00191766   0.00000000
  0.00208028   0.00000000    -0.00090907  -0.00000000    -0.00073545   0.00000000
   15   27
  0.00007824  -0.00000000    -0.00001368  -0.00000000    -0.00164037  -0.00000000
  0.00011379   0.00000000    -0.00105875  -0.00000000     0.00021409   0.00000000
  0.00099084   0.00000000     0.00005938   0.00000000    -0.00225861  -0.00000000
   15   28
 -0.00034852   0.00000000     0.00064814   0.00000000    -0.00087026  -0.00000000
 -0.00022754  -0.00000000     0.00104200  -0.00000000     0.00160802   0.00000000
  0.00225770   0.00000000     0.00045080  -0.00000000    -0.00117707  -0.00000000
   15   29
  0.00067638   0.00000000     0.00264255   0.00000000    -0.00008025  -0.00000000
 -0.00001416  -0.00000000     0.00321939   0.00000000     0.00069430   0.00000000
  0.00014315   0.00000000     0.00076892   0.00000000    -0.00176176  -0.00000000
   15   30
 -0.00090130  -0.00000000     0.00054809   0.00000000     0.00186938   0.00000000
  0.00099640   0.00000000    -0.00001803  -0.00000000     0.00100474  -0.00000000
 -0.00340098  -0.00000000    -0.00020954  -0.00000000     0.00072837   0.00000000
   15   31
 -0.01865401  -0.00000000     0.03378707  -0.00000000     0.00830174  -0.00000000
  0.04286491   0.00000000    -0.05467407  -0.00000000    -0.02429740  -0.00000000
  0.01069197   0.00000000    -0.02092482  -0.00000000    -0.00434113  -0.00000000
   15   32
 -0.01468589   0.00000000    -0.00013673  -0.00000000    -0.02973687  -0.00000000
 -0.00013634  -0.00000000    -0.00374799   0.00000000    -0.00019914  -0.00000000
 -0.02666672   0.00000000     0.00029169   0.00000000    -0.05028095  -0.00000000
   15   33
 -0.00055070   0.00000000    -0.00009436   0.00000000     0.00152620   0.00000000
 -0.00085592   0.00000000    -0.00063273  -0.00000000    -0.00133552  -0.00000000
 -0.00316922  -0.00000000     0.00033680   0.00000000     0.00057888   0.00000000
   15   34
 -0.01869023  -0.00000000    -0.03368981   0.00000000     0.00855718  -0.00000000
 -0.04284194  -0.00000000    -0.05395485  -0.00000000     0.02429406   0.00000000
  0.01086573   0.00000000     0.02076999   0.00000000    -0.00429952  -0.00000000
   15   35
 -0.00058116   0.00000000    -0.00075295  -0.00000000    -0.00058567   0.00000000
 -0.00013588  -0.00000000     0.00087938  -0.00000000    -0.00187204  -0.00000000
  0.00260816   0.00000000    -0.00060962   0.00000000    -0.00105168  -0.00000000
   15   36
  0.00081159   0.00000000    -0.00265377  -0.00000000    -0.00018897  -0.00000000
  0.00034840   0.00000000     0.00159189   0.00000000    -0.00102500  -0.00000000
 -0.00014527   0.00000000    -0.00041437   0.00000000    -0.00188237  -0.00000000
   16    1
 -0.00004256   0.00000000    -0.00003447  -0.00000000    -0.00015000  -0.00000000
  0.00010094   0.00000000     0.00004034  -0.00000000    -0.00031557   0.00000000
  0.00034218   0.00000000    -0.00026638   0.00000000     0.00023052  -0.00000000
   16    2
 -0.00055693  -0.00000000    -0.00008305  -0.00000000     0.00031664   0.00000000
 -0.00008937  -0.00000000     0.00098845   0.00000000     0.00285849   0.00000000
 -0.00013318  -0.00000000     0.00188406   0.00000000     0.00161920   0.00000000
   16    3
  0.00063082  -0.00000000     0.00120574   0.00000000     0.00008907   0.00000000
  0.00232171   0.00000000     0.00228983   0.00000000     0.00017190   0.00000000
 -0.00008745  -0.00000000     0.00000632  -0.00000000     0.00058148   0.00000000
   16    4
 -0.00023146  -0.00000000     0.00004436  -0.00000000     0.00000694   0.00000000
  0.00001248  -0.00000000    -0.00011316   0.00000000    -0.00020190  -0.00000000
  0.00013702   0.00000000     0.00016746   0.00000000    -0.00004159   0.00000000
   16    5
  0.00518589   0.00000000    -0.00008738  -0.00000000    -0.00361342   0.00000000
 -0.00025316  -0.00000000    -0.00039738   0.00000000     0.00012754   0.00000000
 -0.00297068   0.00000000     0.00012462   0.00000000     0.00048397   0.00000000
   16    6
 -0.01333588  -0.00000000    -0.00001599  -0.00000000    -0.01060915  -0.00000000
  0.00025885   0.00000000    -0.02445554   0.00000000     0.00014417   0.00000000
  0.00218265   0.00000000     0.00011052   0.00000000    -0.00979050   0.00000000
   16    7
 -0.00422909  -0.00000000     0.00041361   0.00000000     0.01434132   0.00000000
  0.00016501   0.00000000     0.01684816   0.00000000     0.00001471   0.00000000
  0.01394662   0.00000000     0.00001701   0.00000000    -0.01334873  -0.00000000
   16    8
 -0.01102383  -0.00000000     0.00031032   0.00000000     0.00050869  -0.00000000
  0.00026889   0.00000000    -0.01967907   0.00000000    -0.00002807  -0.00000000
 -0.00486625   0.00000000    -0.00074282  -0.00000000    -0.00182369  -0.00000000
   16    9
  0.00604427   0.00000000    -0.00051802  -0.00000000     0.00673973   0.00000000
  0.00007515   0.00000000    -0.00030588   0.00000000     0.00045278   0.00000000
  0.00180546  -0.00000000    -0.00021411  -0.00000000     0.00323719   0.00000000
   16   10
  0.00233904  -0.00000000    -0.00005691  -0.00000000     0.00356646   0.00000000
  0.00023848   0.00000000    -0.00087075  -0.00000000     0.00007344   0.00000000
  0.00410691   0.00000000     0.00003151   0.00000000    -0.00468664  -0.00000000
   16   11
 -0.00663228  -0.00000000     0.00013298   0.00000000     0.00431319   0.00000000
  0.00028706   0.00000000    -0.00051750   0.00000000     0.00014672   0.00000000
  0.00643333   0.00000000    -0.00030568  -0.00000000    -0.00094601   0.00000000
   16   12
 -0.00308222  -0.00000000     0.00034061   0.00000000    -0.00634794  -0.00000000
 -0.00023463  -0.00000000     0.00459289   0.00000000    -0.00024261  -0.00000000
 -0.00432032  -0.00000000    -0.00030403  -0.00000000     0.00299155   0.00000000
   16   13
  0.00058170   0.00000000     0.00011209   0.00000000     0.00209722   0.00000000
  0.00011209   0.00000000    -0.00140023  -0.00000000    -0.00006824  -0.00000000
  0.00209722   0.00000000    -0.00006824  -0.00000000    -0.00205784  -0.00000000
   16   14
 -0.01208342  -0.00000000     0.00028626   0.00000000     0.00121150   0.00000000
  0.00018461   0.00000000    -0.02336529   0.00000000     0.00019015   0.00000000
 -0.00165685  -0.00000000    -0.00080759  -0.00000000    -0.01361713   0.00000000
   16   15
 -0.01225019  -0.00000000     0.00017060   0.00000000    -0.01433105  -0.00000000
  0.00020898   0.00000000    -0.01952615   0.00000000     0.00003720   0.00000000
  0.00284942  -0.00000000     0.00011832   0.00000000     0.00059311  -0.00000000
   16   16
  0.21175470   0.00000000     0.00019908   0.00000000     0.00227718   0.00000000
  0.00019908   0.00000000     0.26453929  -0.00000000     0.00061870   0.00000000
  0.00227718   0.00000000     0.00061870   0.00000000     0.13825453  -0.00000000
   16   17
 -0.00003296   0.00000000     0.00012347   0.00000000     0.00294481   0.00000000
 -0.00011972  -0.00000000    -0.00016900   0.00000000     0.00009223   0.00000000
 -0.00071523  -0.00000000    -0.00033716  -0.00000000    -0.00151646  -0.00000000
   16   18
 -0.00010580   0.00000000    -0.00004461  -0.00000000    -0.00312422  -0.00000000
 -0.00122776  -0.00000000     0.00055271   0.00000000    -0.00025082  -0.00000000
  0.00022068  -0.00000000    -0.00007171  -0.00000000    -0.00027171  -0.00000000
   16   19
  0.00068922   0.00000000     0.00087803   0.00000000     0.00093521   0.00000000
 -0.00022950  -0.00000000    -0.05406585   0.00000000    -0.04683300   0.00000000
 -0.00134760  -0.00000000    -0.03933397  -0.00000000    -0.02161990  -0.00000000
   16   20
 -0.00023050   0.00000000     0.00116791   0.00000000     0.00111398   0.00000000
 -0.00013139  -0.00000000    -0.05021043  -0.00000000    -0.04693522   0.00000000
 -0.00139301  -0.00000000    -0.03541306  -0.00000000    -0.02056591  -0.00000000
   16   21
 -0.00012865   0.00000000     0.00012408   0.00000000     0.00296976   0.00000000
  0.00091853   0.00000000    -0.00061596  -0.00000000    -0.00006375   0.00000000
 -0.00027617   0.00000000    -0.00035432  -0.00000000     0.00017988  -0.00000000
   16   22
 -0.00137086  -0.00000000     0.00010199   0.00000000     0.00262801   0.00000000
 -0.00014953  -0.00000000    -0.00026491  -0.00000000     0.00007065   0.00000000
 -0.00045151  -0.00000000    -0.00019826  -0.00000000    -0.00086127   0.00000000
   16   23
 -0.00051030   0.00000000    -0.00135437  -0.00000000     0.00113194   0.00000000
 -0.00014006  -0.00000000    -0.05010895   0.00000000     0.04666856  -0.00000000
 -0.00118276  -0.00000000     0.03528971   0.00000000    -0.02010306  -0.00000000
   16   24
 -0.00003349   0.00000000     0.00015528   0.00000000     0.00310827   0.00000000
 -0.00105757  -0.00000000     0.00116922   0.00000000     0.00037797  -0.00000000
 -0.00051045  -0.00000000     0.00004039  -0.00000000    -0.00015781  -0.00000000
   16   25
 -0.00052489   0.00000000    -0.00018739  -0.00000000    -0.00317908  -0.00000000
  0.00119099   0.00000000    -0.00155395  -0.00000000    -0.00023238  -0.00000000
  0.00055304   0.00000000     0.00033504   0.00000000     0.00000399  -0.00000000
   16   26
  0.00059882  -0.00000000    -0.00138645  -0.00000000     0.00077333   0.00000000
 -0.00013855  -0.00000000    -0.05382900   0.00000000     0.04654331  -0.00000000
 -0.00131719  -0.00000000     0.03962202   0.00000000    -0.02121406   0.00000000
   16   27
 -0.07354934  -0.00000000    -0.00007383  -0.00000000     0.00220132   0.00000000
  0.00028293   0.00000000    -0.00174545  -0.00000000     0.00002738   0.00000000
  0.00094839   0.00000000    -0.00001376  -0.00000000     0.00239401   0.00000000
   16   28
 -0.00127006  -0.00000000     0.00030696   0.00000000     0.00219518   0.00000000
  0.00298876   0.00000000     0.00069174   0.00000000    -0.00032655  -0.00000000
  0.00019777   0.00000000     0.00004668  -0.00000000    -0.00187740   0.00000000
   16   29
 -0.00202463  -0.00000000     0.00164059   0.00000000     0.00109011   0.00000000
  0.00164873   0.00000000     0.00140722  -0.00000000    -0.00178415  -0.00000000
 -0.00159427   0.00000000     0.00056574  -0.00000000    -0.00101162   0.00000000
   16   30
  0.00184783  -0.00000000    -0.00165426  -0.00000000    -0.00166243  -0.00000000
 -0.00151368  -0.00000000    -0.00224314   0.00000000     0.00093937   0.00000000
  0.00065033   0.00000000    -0.00115697   0.00000000    -0.00015825   0.00000000
   16   31
 -0.00007595  -0.00000000     0.00048932   0.00000000     0.00209691   0.00000000
  0.00267849   0.00000000     0.00047530  -0.00000000    -0.00104894  -0.00000000
  0.00011951  -0.00000000     0.00212621   0.00000000    -0.00107416   0.00000000
   16   32
 -0.07295685  -0.00000000    -0.00007090  -0.00000000     0.00215144   0.00000000
  0.00037052   0.00000000    -0.00157760  -0.00000000    -0.00000914  -0.00000000
 -0.00054495   0.00000000     0.00004806   0.00000000     0.00289732  -0.00000000
   16   33
  0.00176751  -0.00000000     0.00201877   0.00000000    -0.00131729  -0.00000000
  0.00103925  -0.00000000    -0.00266586  -0.00000000    -0.00072709  -0.00000000
  0.00064490   0.00000000     0.00159734   0.00000000     0.00003023   0.00000000
   16   34
  0.00024896   0.00000000    -0.00043125  -0.00000000     0.00223265   0.00000000
 -0.00286847  -0.00000000     0.00083875  -0.00000000     0.00102846   0.00000000
  0.00040516  -0.00000000    -0.00150616  -0.00000000    -0.00124585   0.00000000
   16   35
 -0.00114507  -0.00000000    -0.00013787  -0.00000000     0.00251740   0.00000000
 -0.00287948  -0.00000000     0.00117417   0.00000000     0.00029975   0.00000000
  0.00017450   0.00000000     0.00002106   0.00000000    -0.00216388  -0.00000000
   16   36
 -0.00189737  -0.00000000    -0.00157020  -0.00000000     0.00070938  -0.00000000
 -0.00126315   0.00000000     0.00169490  -0.00000000     0.00161367   0.00000000
 -0.00160145   0.00000000    -0.00113336  -0.00000000    -0.00122707   0.00000000
   17    1
 -0.00103259   0.00000000     0.00026989   0.00000000    -0.00003991  -0.00000000
 -0.00008959  -0.00000000     0.00479443  -0.00000000    -0.00003678  -0.00000000
 -0.00017954  -0.00000000     0.00006669   0.00000000    -0.00088626  -0.00000000
   17    2
  0.00103259   0.00000000    -0.00026989  -0.00000000     0.00003991   0.00000000
  0.00008959   0.00000000    -0.00479443  -0.00000000     0.00003678   0.00000000
  0.00017954   0.00000000    -0.00006669  -0.00000000     0.00088626   0.00000000
   17    3
  0.00002883  -0.00000000    -0.00034870  -0.00000000     0.00046060   0.00000000
  0.00002586   0.00000000    -0.00005437  -0.00000000    -0.00001051  -0.00000000
  0.00041522   0.00000000    -0.00035596  -0.00000000    -0.00036577  -0.00000000
   17    4
 -0.00002883  -0.00000000     0.00034870   0.00000000    -0.00046060  -0.00000000
 -0.00002586  -0.00000000     0.00005437  -0.00000000     0.00001051  -0.00000000
 -0.00041522  -0.00000000     0.00035596   0.00000000     0.00036577   0.00000000
   17    5
  0.01482384   0.00000000    -0.00025634  -0.00000000    -0.03291399  -0.00000000
  0.00021553   0.00000000     0.00029129   0.00000000     0.00011240   0.00000000
 -0.03335820  -0.00000000    -0.00018829  -0.00000000     0.05119394   0.00000000
   17    6
 -0.01540929  -0.00000000     0.00002780   0.00000000    -0.03092659  -0.00000000
 -0.00023975  -0.00000000    -0.00169726  -0.00000000     0.00022725   0.00000000
 -0.03386975  -0.00000000    -0.00016644  -0.00000000    -0.05398774  -0.00000000
   17    7
 -0.06503562  -0.00000000     0.00040170   0.00000000    -0.00029359  -0.00000000
 -0.00007129  -0.00000000    -0.00383660  -0.00000000     0.00008120   0.00000000
  0.00267747   0.00000000     0.00004803   0.00000000     0.00062172   0.00000000
   17    8
 -0.00039631  -0.00000000    -0.00028707  -0.00000000     0.00039785  -0.00000000
  0.00004700   0.00000000     0.00092914   0.00000000    -0.00003073  -0.00000000
  0.00074585  -0.00000000     0.00043061   0.00000000     0.00080110   0.00000000
   17    9
 -0.00130753  -0.00000000    -0.00023491  -0.00000000    -0.00243621  -0.00000000
 -0.00003596  -0.00000000     0.00051008   0.00000000     0.00003693   0.00000000
  0.00211926   0.00000000    -0.00025037   0.00000000     0.00191157   0.00000000
   17   10
  0.06503562   0.00000000    -0.00040170  -0.00000000     0.00029359   0.00000000
  0.00007129   0.00000000     0.00383660   0.00000000    -0.00008120  -0.00000000
 -0.00267747  -0.00000000    -0.00004803  -0.00000000    -0.00062172  -0.00000000
   17   11
  0.00039631   0.00000000     0.00028707   0.00000000    -0.00039785  -0.00000000
 -0.00004700  -0.00000000    -0.00092914  -0.00000000     0.00003073   0.00000000
 -0.00074585  -0.00000000    -0.00043061  -0.00000000    -0.00080110  -0.00000000
   17   12
  0.01540929   0.00000000    -0.00002780  -0.00000000     0.03092659   0.00000000
  0.00023975   0.00000000     0.00169726   0.00000000    -0.00022725  -0.00000000
  0.03386975   0.00000000     0.00016644   0.00000000     0.05398774   0.00000000
   17   13
  0.00003296   0.00000000     0.00011972   0.00000000     0.00071523   0.00000000
 -0.00012347  -0.00000000     0.00016900   0.00000000     0.00033716   0.00000000
 -0.00294481  -0.00000000    -0.00009223  -0.00000000     0.00151646   0.00000000
   17   14
 -0.01482384  -0.00000000     0.00025634   0.00000000     0.03291399   0.00000000
 -0.00021553  -0.00000000    -0.00029129  -0.00000000    -0.00011240  -0.00000000
  0.03335820   0.00000000     0.00018829   0.00000000    -0.05119394  -0.00000000
   17   15
  0.00130753   0.00000000     0.00023491   0.00000000     0.00243621   0.00000000
  0.00003596   0.00000000    -0.00051008   0.00000000    -0.00003693  -0.00000000
 -0.00211926  -0.00000000     0.00025037  -0.00000000    -0.00191157  -0.00000000
   17   16
 -0.00003296   0.00000000    -0.00011972  -0.00000000    -0.00071523  -0.00000000
  0.00012347   0.00000000    -0.00016900   0.00000000    -0.00033716  -0.00000000
  0.00294481   0.00000000     0.00009223   0.00000000    -0.00151646  -0.00000000
   17   17
  0.25313118   0.00000000    -0.00012205  -0.00000000    -0.00000380  -0.00000000
 -0.00012205  -0.00000000     0.06448634  -0.00000000    -0.00003576  -0.00000000
 -0.00000380  -0.00000000    -0.00003576  -0.00000000     0.26947563   0.00000000
   17   18
 -0.00118236  -0.00000000    -0.00009344  -0.00000000    -0.00035876  -0.00000000
 -0.00040466  -0.00000000     0.00392696   0.00000000     0.00786409   0.00000000
  0.00045297   0.00000000     0.00368507   0.00000000     0.01155850   0.00000000
   17   19
  0.00100643   0.00000000    -0.00042161  -0.00000000     0.00020976   0.00000000
 -0.00051167  -0.00000000    -0.00380522  -0.00000000     0.00784636   0.00000000
 -0.00050247  -0.00000000     0.00361883   0.00000000    -0.01167466  -0.00000000
   17   20
  0.00001530  -0.00000000    -0.00149419  -0.00000000    -0.00118381  -0.00000000
  0.00062627   0.00000000    -0.00051518   0.00000000     0.00057678   0.00000000
 -0.00079000  -0.00000000    -0.00076533  -0.00000000     0.00108019   0.00000000
   17   21
  0.00027004  -0.00000000    -0.00138744  -0.00000000     0.00129535   0.00000000
  0.00065687   0.00000000     0.00067290   0.00000000     0.00036433   0.00000000
  0.00073621   0.00000000    -0.00090889  -0.00000000    -0.00129686  -0.00000000
   17   22
  0.00000000   0.00000000     0.00000000   0.00000000     0.00000000   0.00000000
  0.00000000   0.00000000    -0.00000000  -0.00000000     0.00000000   0.00000000
  0.00000000   0.00000000     0.00000000   0.00000000    -0.00000000  -0.00000000
   17   23
 -0.00027004  -0.00000000     0.00138744   0.00000000    -0.00129535  -0.00000000
 -0.00065687  -0.00000000    -0.00067290   0.00000000    -0.00036433  -0.00000000
 -0.00073621  -0.00000000     0.00090889   0.00000000     0.00129686   0.00000000
   17   24
 -0.00001530  -0.00000000     0.00149419   0.00000000     0.00118381   0.00000000
 -0.00062627  -0.00000000     0.00051518   0.00000000    -0.00057678  -0.00000000
  0.00079000   0.00000000     0.00076533   0.00000000    -0.00108019  -0.00000000
   17   25
 -0.00100643  -0.00000000     0.00042161   0.00000000    -0.00020976  -0.00000000
  0.00051167   0.00000000     0.00380522   0.00000000    -0.00784636  -0.00000000
  0.00050247   0.00000000    -0.00361883  -0.00000000     0.01167466   0.00000000
   17   26
  0.00118236   0.00000000     0.00009344   0.00000000     0.00035876   0.00000000
  0.00040466   0.00000000    -0.00392696  -0.00000000    -0.00786409  -0.00000000
 -0.00045297  -0.00000000    -0.00368507  -0.00000000    -0.01155850  -0.00000000
   17   27
  0.00000000  -0.00000000     0.00000000   0.00000000     0.00000000   0.00000000
  0.00000000   0.00000000     0.00000000   0.00000000    -0.00000000  -0.00000000
 -0.00000000   0.00000000    -0.00000000  -0.00000000    -0.00000000  -0.00000000
   17   28
 -0.00760912  -0.00000000     0.00271059   0.00000000    -0.00588334  -0.00000000
  0.00700154   0.00000000    -0.00352462  -0.00000000     0.00417801   0.00000000
 -0.00526920  -0.00000000     0.00132344   0.00000000    -0.00123342  -0.00000000
   17   29
  0.00767433   0.00000000     0.00269601   0.00000000     0.00580814   0.00000000
  0.00676812   0.00000000     0.00330880   0.00000000     0.00435641   0.00000000
  0.00494553   0.00000000     0.00142328   0.00000000     0.00100273   0.00000000
   17   30
  0.00814661   0.00000000    -0.00269972  -0.00000000    -0.00538933  -0.00000000
 -0.00652194  -0.00000000     0.00375350   0.00000000     0.00429626   0.00000000
 -0.00522936  -0.00000000     0.00143113   0.00000000     0.00157852   0.00000000
   17   31
 -0.00813189  -0.00000000    -0.00285950  -0.00000000     0.00536493   0.00000000
 -0.00614451  -0.00000000    -0.00356951  -0.00000000     0.00454857   0.00000000
  0.00514988   0.00000000     0.00135554   0.00000000    -0.00150671  -0.00000000
   17   32
 -0.00257576  -0.00000000    -0.00005382  -0.00000000     0.00058875  -0.00000000
 -0.00015066  -0.00000000     0.00137440   0.00000000    -0.00017285  -0.00000000
  0.00157094   0.00000000    -0.00012987  -0.00000000    -0.00369997  -0.00000000
   17   33
  0.00813189   0.00000000     0.00285950   0.00000000    -0.00536493  -0.00000000
  0.00614451   0.00000000     0.00356951   0.00000000    -0.00454857  -0.00000000
 -0.00514988  -0.00000000    -0.00135554  -0.00000000     0.00150671   0.00000000
   17   34
 -0.00814661  -0.00000000     0.00269972   0.00000000     0.00538933   0.00000000
  0.00652194   0.00000000    -0.00375350  -0.00000000    -0.00429626  -0.00000000
  0.00522936   0.00000000    -0.00143113  -0.00000000    -0.00157852  -0.00000000
   17   35
 -0.00767433  -0.00000000    -0.00269601  -0.00000000    -0.00580814  -0.00000000
 -0.00676812  -0.00000000    -0.00330880  -0.00000000    -0.00435641  -0.00000000
 -0.00494553  -0.00000000    -0.00142328  -0.00000000    -0.00100273  -0.00000000
   17   36
  0.00760912   0.00000000    -0.00271059  -0.00000000     0.00588334   0.00000000
 -0.00700154  -0.00000000     0.00352462   0.00000000    -0.00417801  -0.00000000
  0.00526920   0.00000000    -0.00132344  -0.00000000     0.00123342   0.00000000
   18    1
  0.00002093  -0.00000000    -0.00006915  -0.00000000    -0.00005792   0.00000000
  0.00027833  -0.00000000     0.00019149   0.00000000     0.00030720   0.00000000
  0.00004142   0.00000000    -0.00007512   0.00000000     0.00003899   0.00000000
   18    2
 -0.00206085  -0.00000000     0.00012550  -0.00000000     0.00003956  -0.00000000
  0.00026157   0.00000000     0.00519199   0.00000000    -0.01117715  -0.00000000
  0.00002695  -0.00000000    -0.01089037  -0.00000000     0.01484785   0.00000000
   18    3
  0.01065052  -0.00000000    -0.00961437   0.00000000    -0.00759432  -0.00000000
 -0.00977377  -0.00000000     0.00527488   0.00000000     0.00556230  -0.00000000
 -0.00756811  -0.00000000     0.00555007  -0.00000000     0.00222909   0.00000000
   18    4
 -0.01080042  -0.00000000    -0.00965862  -0.00000000    -0.00741154  -0.00000000
 -0.00968457  -0.00000000    -0.00507798  -0.00000000    -0.00562609  -0.00000000
 -0.00746232  -0.00000000    -0.00552218  -0.00000000    -0.00214982  -0.00000000
   18    5
 -0.01597149   0.00000000    -0.04118428  -0.00000000    -0.00862685  -0.00000000
 -0.03263173   0.00000000    -0.05392946  -0.00000000    -0.01880702  -0.00000000
 -0.00901094   0.00000000    -0.02367759  -0.00000000    -0.00537718  -0.00000000
   18    6
 -0.00126302  -0.00000000    -0.00056617  -0.00000000    -0.00250687  -0.00000000
  0.00029382  -0.00000000    -0.00066442   0.00000000     0.00018975   0.00000000
  0.00078313  -0.00000000    -0.00129844  -0.00000000     0.00083326   0.00000000
   18    7
  0.00162808  -0.00000000     0.00102565  -0.00000000     0.00116458   0.00000000
  0.00208888   0.00000000    -0.00203474  -0.00000000     0.00116055   0.00000000
 -0.00112817  -0.00000000    -0.00081102   0.00000000     0.00146924   0.00000000
   18    8
 -0.00044889  -0.00000000     0.00077770   0.00000000     0.00012679   0.00000000
  0.00089707  -0.00000000     0.00305425   0.00000000    -0.00010748   0.00000000
  0.00041030  -0.00000000    -0.00165521  -0.00000000    -0.00186701  -0.00000000
   18    9
  0.00058051   0.00000000     0.00076970  -0.00000000     0.00208028   0.00000000
  0.00096749   0.00000000     0.00040047  -0.00000000    -0.00090907  -0.00000000
 -0.00136067  -0.00000000     0.00191766   0.00000000    -0.00073545   0.00000000
   18   10
 -0.00030438  -0.00000000     0.00280888   0.00000000    -0.00055985  -0.00000000
  0.00024689   0.00000000    -0.00003024   0.00000000     0.00156094   0.00000000
  0.00247021   0.00000000     0.00011182   0.00000000    -0.00045073   0.00000000
   18   11
 -0.00120607   0.00000000    -0.00156521  -0.00000000     0.00096793  -0.00000000
 -0.00007294  -0.00000000     0.00216733   0.00000000     0.00113149  -0.00000000
  0.00050103   0.00000000     0.00130585   0.00000000    -0.00123287  -0.00000000
   18   12
 -0.01614654  -0.00000000     0.04060603   0.00000000     0.01006629   0.00000000
  0.03373273  -0.00000000    -0.05377048  -0.00000000    -0.02045941  -0.00000000
  0.00823435  -0.00000000    -0.02298022  -0.00000000    -0.00473526  -0.00000000
   18   13
  0.00059882  -0.00000000    -0.00013855  -0.00000000    -0.00131719  -0.00000000
 -0.00138645  -0.00000000    -0.05382900   0.00000000     0.03962202   0.00000000
  0.00077333   0.00000000     0.04654331  -0.00000000    -0.02121406   0.00000000
   18   14
  0.00244452   0.00000000     0.00172145   0.00000000     0.00279215   0.00000000
  0.00012215   0.00000000     0.00097901   0.00000000     0.00001762  -0.00000000
  0.00240610   0.00000000     0.00095307  -0.00000000    -0.00055827   0.00000000
   18   15
  0.00082314  -0.00000000    -0.00030407  -0.00000000    -0.00071706  -0.00000000
  0.00169542   0.00000000    -0.00087935   0.00000000     0.00085077   0.00000000
  0.00137303   0.00000000     0.00132933  -0.00000000     0.00175802   0.00000000
   18   16
 -0.00010580   0.00000000    -0.00122776  -0.00000000     0.00022068  -0.00000000
 -0.00004461  -0.00000000     0.00055271   0.00000000    -0.00007171  -0.00000000
 -0.00312422  -0.00000000    -0.00025082  -0.00000000    -0.00027171  -0.00000000
   18   17
 -0.00118236  -0.00000000    -0.00040466  -0.00000000     0.00045297   0.00000000
 -0.00009344  -0.00000000     0.00392696   0.00000000     0.00368507   0.00000000
 -0.00035876  -0.00000000     0.00786409   0.00000000     0.01155850   0.00000000
   18   18
  0.12582281   0.00000000     0.00045435   0.00000000     0.00019303   0.00000000
  0.00045435   0.00000000     0.21814396   0.00000000    -0.00090103   0.00000000
  0.00019303   0.00000000    -0.00090103   0.00000000     0.12559578   0.00000000
   18   19
 -0.00035554  -0.00000000    -0.00011403  -0.00000000    -0.00056431  -0.00000000
  0.00014794   0.00000000     0.00020369   0.00000000    -0.00007712  -0.00000000
 -0.00054250  -0.00000000    -0.00019055  -0.00000000     0.00028398   0.00000000
   18   20
 -0.00070048  -0.00000000     0.00081178   0.00000000     0.00047592   0.00000000
  0.00075279   0.00000000     0.00992203   0.00000000     0.00002583   0.00000000
 -0.00025517  -0.00000000     0.00000922  -0.00000000    -0.00054275  -0.00000000
   18   21
  0.00056360  -0.00000000     0.00038024   0.00000000    -0.00053704   0.00000000
  0.00048968   0.00000000    -0.00056901   0.00000000     0.00040751  -0.00000000
 -0.00062309   0.00000000     0.00032061  -0.00000000    -0.00302914  -0.00000000
   18   22
  0.00018328   0.00000000    -0.00072104  -0.00000000    -0.00088682  -0.00000000
  0.00093273   0.00000000    -0.00045870  -0.00000000     0.00040895   0.00000000
 -0.00114599  -0.00000000    -0.00031735   0.00000000     0.00146609   0.00000000
   18   23
 -0.00011629  -0.00000000    -0.00052164  -0.00000000    -0.00425505  -0.00000000
  0.00021996   0.00000000     0.00024368  -0.00000000    -0.00001161  -0.00000000
  0.00385119   0.00000000     0.00004943  -0.00000000     0.00016097   0.00000000
   18   24
 -0.00054445  -0.00000000     0.00006050   0.00000000    -0.00059757  -0.00000000
  0.00021694   0.00000000    -0.00610002   0.00000000     0.00188764   0.00000000
 -0.00047087  -0.00000000    -0.00116320   0.00000000    -0.03599833   0.00000000
   18   25
  0.00253627   0.00000000    -0.00003928   0.00000000    -0.00020596  -0.00000000
  0.00012883   0.00000000    -0.00425846   0.00000000    -0.00001749   0.00000000
  0.00049171   0.00000000     0.00007768  -0.00000000     0.00256016   0.00000000
   18   26
  0.00027552   0.00000000    -0.00050774  -0.00000000     0.00034591   0.00000000
 -0.00050774  -0.00000000    -0.00037639  -0.00000000    -0.00002055  -0.00000000
  0.00034591   0.00000000    -0.00002055  -0.00000000    -0.00045940  -0.00000000
   18   27
 -0.00801053  -0.00000000     0.00728313   0.00000000    -0.00568012  -0.00000000
  0.00313009   0.00000000    -0.00388949  -0.00000000     0.00156123   0.00000000
 -0.00557743  -0.00000000     0.00411811   0.00000000    -0.00182494  -0.00000000
   18   28
 -0.00010063   0.00000000    -0.00012367   0.00000000     0.00391547  -0.00000000
 -0.00004410  -0.00000000    -0.00002592   0.00000000     0.00012417  -0.00000000
 -0.00421019  -0.00000000    -0.00038597  -0.00000000     0.00004464  -0.00000000
   18   29
 -0.02783452  -0.00000000    -0.00119406  -0.00000000     0.01521254   0.00000000
  0.00168560   0.00000000    -0.00612247  -0.00000000    -0.00082679  -0.00000000
  0.01524459   0.00000000     0.00064066   0.00000000    -0.00898518  -0.00000000
   18   30
  0.00014282   0.00000000     0.00043884   0.00000000     0.00120779   0.00000000
 -0.00000746   0.00000000    -0.00021887  -0.00000000     0.00005187  -0.00000000
  0.00062942  -0.00000000     0.00038978   0.00000000    -0.00090155  -0.00000000
   18   31
  0.00274966   0.00000000     0.00075036   0.00000000     0.00201689   0.00000000
  0.00080643   0.00000000     0.00026550  -0.00000000     0.00012486  -0.00000000
  0.00210587   0.00000000     0.00004557  -0.00000000     0.00066259   0.00000000
   18   32
  0.00851882   0.00000000     0.00640720  -0.00000000    -0.00576279  -0.00000000
  0.00303538  -0.00000000     0.00382605  -0.00000000    -0.00200802  -0.00000000
 -0.00499044   0.00000000    -0.00439042  -0.00000000     0.00197569  -0.00000000
   18   33
  0.00014363   0.00000000     0.00199303   0.00000000     0.00315426   0.00000000
  0.00198664   0.00000000     0.00007269   0.00000000     0.00116989   0.00000000
  0.00309717  -0.00000000     0.00104592   0.00000000    -0.00346636  -0.00000000
   18   34
  0.02810534   0.00000000    -0.00122555  -0.00000000     0.01585890   0.00000000
  0.00101230  -0.00000000     0.00647583  -0.00000000     0.00065683  -0.00000000
  0.01597799   0.00000000    -0.00060430   0.00000000     0.00973341  -0.00000000
   18   35
  0.00023628   0.00000000     0.00052818   0.00000000    -0.00006335   0.00000000
  0.00007891  -0.00000000    -0.00045772  -0.00000000     0.00056513  -0.00000000
  0.00053007   0.00000000     0.00075469   0.00000000    -0.00029134  -0.00000000
   18   36
 -0.00259998  -0.00000000     0.00002668  -0.00000000     0.00097872   0.00000000
 -0.00001918  -0.00000000    -0.00116191  -0.00000000    -0.00023283  -0.00000000
  0.00113434   0.00000000     0.00003074  -0.00000000     0.00063294   0.00000000
   19    1
  0.00012546  -0.00000000     0.00009508   0.00000000    -0.00009710  -0.00000000
 -0.00053085  -0.00000000    -0.00000854  -0.00000000    -0.00009697   0.00000000
 -0.00007286  -0.00000000     0.00003442  -0.00000000     0.00025238   0.00000000
   19    2
  0.00224958   0.00000000    -0.00024352  -0.00000000     0.00019602   0.00000000
 -0.00012506   0.00000000    -0.00501520  -0.00000000    -0.01139544  -0.00000000
  0.00028329   0.00000000    -0.01113597  -0.00000000    -0.01493398  -0.00000000
   19    3
 -0.01078546  -0.00000000    -0.00974629  -0.00000000     0.00747189   0.00000000
 -0.00975932   0.00000000    -0.00505829   0.00000000     0.00562498   0.00000000
  0.00742172  -0.00000000     0.00548564  -0.00000000    -0.00222345   0.00000000
   19    4
 -0.01067782  -0.00000000     0.00967154   0.00000000    -0.00753253  -0.00000000
  0.00974464   0.00000000    -0.00524890  -0.00000000     0.00556341   0.00000000
 -0.00752807  -0.00000000     0.00560756   0.00000000    -0.00195352  -0.00000000
   19    5
  0.00235639   0.00000000    -0.00154020  -0.00000000     0.00266937   0.00000000
 -0.00046568  -0.00000000     0.00142633   0.00000000    -0.00055098  -0.00000000
  0.00268322   0.00000000    -0.00125433  -0.00000000    -0.00046897   0.00000000
   19    6
 -0.01615100  -0.00000000    -0.04048806  -0.00000000     0.01038621   0.00000000
 -0.03328021   0.00000000    -0.05347041  -0.00000000     0.02029579   0.00000000
  0.00842411  -0.00000000     0.02308351   0.00000000    -0.00480707  -0.00000000
   19    7
 -0.00024700  -0.00000000    -0.00245046  -0.00000000    -0.00063274  -0.00000000
 -0.00035571  -0.00000000     0.00035340   0.00000000    -0.00110126  -0.00000000
  0.00265608   0.00000000     0.00000188  -0.00000000    -0.00072181   0.00000000
   19    8
 -0.00094071   0.00000000     0.00149878   0.00000000     0.00088731  -0.00000000
 -0.00022097  -0.00000000     0.00213925  -0.00000000    -0.00124428   0.00000000
  0.00066056   0.00000000    -0.00129202  -0.00000000    -0.00111640   0.00000000
   19    9
  0.00092006   0.00000000    -0.00024029   0.00000000    -0.00120988  -0.00000000
 -0.00193602  -0.00000000    -0.00254990  -0.00000000    -0.00099763  -0.00000000
  0.00123425   0.00000000    -0.00113348   0.00000000     0.00159991   0.00000000
   19   10
  0.00158013  -0.00000000    -0.00140599   0.00000000     0.00121880   0.00000000
 -0.00202514  -0.00000000    -0.00164659   0.00000000    -0.00077274  -0.00000000
 -0.00156590  -0.00000000     0.00103714   0.00000000     0.00128642   0.00000000
   19   11
 -0.00028484  -0.00000000    -0.00018575  -0.00000000     0.00047485   0.00000000
 -0.00074354   0.00000000     0.00088144  -0.00000000     0.00032561   0.00000000
  0.00056707  -0.00000000     0.00194328   0.00000000    -0.00178164  -0.00000000
   19   12
 -0.00150098  -0.00000000     0.00044748   0.00000000    -0.00277688  -0.00000000
  0.00049434   0.00000000    -0.00027056   0.00000000    -0.00043211  -0.00000000
  0.00106320  -0.00000000     0.00070997   0.00000000     0.00087582   0.00000000
   19   13
 -0.00052489   0.00000000     0.00119099   0.00000000     0.00055304   0.00000000
 -0.00018739  -0.00000000    -0.00155395  -0.00000000     0.00033504   0.00000000
 -0.00317908  -0.00000000    -0.00023238  -0.00000000     0.00000399  -0.00000000
   19   14
 -0.01619720  -0.00000000     0.04124459   0.00000000    -0.00887553  -0.00000000
  0.03280671  -0.00000000    -0.05423664  -0.00000000     0.01849121   0.00000000
 -0.00898744   0.00000000     0.02341446   0.00000000    -0.00537039  -0.00000000
   19   15
  0.00016478   0.00000000    -0.00133360  -0.00000000     0.00247529   0.00000000
 -0.00085221  -0.00000000     0.00012734  -0.00000000     0.00026601   0.00000000
 -0.00120717  -0.00000000    -0.00209574  -0.00000000    -0.00085892   0.00000000
   19   16
  0.00068922   0.00000000    -0.00022950  -0.00000000    -0.00134760  -0.00000000
  0.00087803   0.00000000    -0.05406585   0.00000000    -0.03933397  -0.00000000
  0.00093521   0.00000000    -0.04683300   0.00000000    -0.02161990  -0.00000000
   19   17
  0.00100643   0.00000000    -0.00051167  -0.00000000    -0.00050247  -0.00000000
 -0.00042161  -0.00000000    -0.00380522  -0.00000000     0.00361883   0.00000000
  0.00020976   0.00000000     0.00784636   0.00000000    -0.01167466  -0.00000000
   19   18
 -0.00035554  -0.00000000     0.00014794   0.00000000    -0.00054250  -0.00000000
 -0.00011403  -0.00000000     0.00020369   0.00000000    -0.00019055  -0.00000000
 -0.00056431  -0.00000000    -0.00007712  -0.00000000     0.00028398   0.00000000
   19   19
  0.12586500   0.00000000    -0.00030803  -0.00000000     0.00028903   0.00000000
 -0.00030803  -0.00000000     0.21831856   0.00000000     0.00090901  -0.00000000
  0.00028903   0.00000000     0.00090901  -0.00000000     0.12553130   0.00000000
   19   20
  0.00046572  -0.00000000     0.00008788   0.00000000    -0.00095877  -0.00000000
  0.00016428   0.00000000    -0.00051027   0.00000000    -0.00008021   0.00000000
 -0.00112982  -0.00000000    -0.00001177   0.00000000    -0.00250137   0.00000000
   19   21
  0.00070991  -0.00000000    -0.00079091  -0.00000000     0.00067050   0.00000000
 -0.00072771  -0.00000000    -0.01031082  -0.00000000    -0.00000641  -0.00000000
 -0.00009328   0.00000000     0.00009818   0.00000000     0.00079145   0.00000000
   19   22
  0.00042842   0.00000000     0.00072984   0.00000000    -0.00111497  -0.00000000
 -0.00084235  -0.00000000    -0.00026898   0.00000000    -0.00032559   0.00000000
 -0.00094329  -0.00000000     0.00047878  -0.00000000     0.00131303   0.00000000
   19   23
 -0.00054186  -0.00000000     0.00013725   0.00000000    -0.00059444  -0.00000000
  0.00006976   0.00000000    -0.00615855  -0.00000000    -0.00179764   0.00000000
 -0.00040452  -0.00000000     0.00117664  -0.00000000    -0.03595917   0.00000000
   19   24
 -0.00020026  -0.00000000     0.00047740   0.00000000    -0.00417208  -0.00000000
 -0.00007605   0.00000000     0.00015938  -0.00000000    -0.00005564   0.00000000
  0.00394905   0.00000000    -0.00008615   0.00000000     0.00006310   0.00000000
   19   25
 -0.00016109   0.00000000     0.00034597   0.00000000     0.00036539   0.00000000
  0.00034597   0.00000000     0.00011191   0.00000000     0.00062032   0.00000000
  0.00036539   0.00000000     0.00062032   0.00000000    -0.00022215  -0.00000000
   19   26
  0.00253627   0.00000000     0.00012883   0.00000000     0.00049171   0.00000000
 -0.00003928   0.00000000    -0.00425846   0.00000000     0.00007768  -0.00000000
 -0.00020596  -0.00000000    -0.00001749   0.00000000     0.00256016   0.00000000
   19   27
 -0.00793140  -0.00000000    -0.00709453  -0.00000000    -0.00536908  -0.00000000
 -0.00304169  -0.00000000    -0.00354521  -0.00000000    -0.00157052  -0.00000000
 -0.00552430  -0.00000000    -0.00419153  -0.00000000    -0.00164559  -0.00000000
   19   28
 -0.02781225  -0.00000000     0.00133800   0.00000000     0.01529671   0.00000000
 -0.00153373  -0.00000000    -0.00613285  -0.00000000     0.00093005   0.00000000
  0.01520604   0.00000000    -0.00061296  -0.00000000    -0.00899163  -0.00000000
   19   29
 -0.00009341   0.00000000     0.00013803  -0.00000000     0.00390120  -0.00000000
 -0.00004205   0.00000000     0.00005197   0.00000000    -0.00009452   0.00000000
 -0.00422016  -0.00000000     0.00037335   0.00000000     0.00008776  -0.00000000
   19   30
  0.00290394   0.00000000    -0.00034946  -0.00000000     0.00170206  -0.00000000
 -0.00051846  -0.00000000     0.00116461   0.00000000    -0.00062395  -0.00000000
  0.00188610  -0.00000000    -0.00033006  -0.00000000     0.00034910  -0.00000000
   19   31
  0.00018637   0.00000000    -0.00035315  -0.00000000     0.00048024  -0.00000000
  0.00014142  -0.00000000    -0.00015410  -0.00000000     0.00019713   0.00000000
  0.00125985   0.00000000    -0.00018313   0.00000000    -0.00082737  -0.00000000
   19   32
 -0.00852682   0.00000000     0.00672972   0.00000000     0.00578033   0.00000000
  0.00305868  -0.00000000    -0.00403849  -0.00000000    -0.00221177  -0.00000000
  0.00498447  -0.00000000    -0.00422885  -0.00000000    -0.00211884   0.00000000
   19   33
  0.02813159   0.00000000     0.00084771  -0.00000000     0.01577305   0.00000000
 -0.00129468   0.00000000     0.00646935  -0.00000000    -0.00059376   0.00000000
  0.01599995   0.00000000     0.00061845  -0.00000000     0.00980206   0.00000000
   19   34
  0.00024150   0.00000000    -0.00182340  -0.00000000     0.00311547   0.00000000
 -0.00189960  -0.00000000    -0.00005256   0.00000000    -0.00113659  -0.00000000
  0.00320596  -0.00000000    -0.00097362  -0.00000000    -0.00355443  -0.00000000
   19   35
 -0.00255810  -0.00000000    -0.00051601  -0.00000000     0.00122823   0.00000000
 -0.00052968  -0.00000000     0.00002422   0.00000000    -0.00000421  -0.00000000
  0.00124417   0.00000000    -0.00026637  -0.00000000     0.00044557  -0.00000000
   19   36
  0.00024286   0.00000000    -0.00037122   0.00000000    -0.00037525  -0.00000000
 -0.00038609   0.00000000     0.00023450   0.00000000    -0.00074920   0.00000000
  0.00023108  -0.00000000    -0.00059884   0.00000000    -0.00005399   0.00000000
   20    1
 -0.00008330  -0.00000000    -0.00001739   0.00000000     0.00015139   0.00000000
  0.00034932   0.00000000    -0.00012118  -0.00000000     0.00009005   0.00000000
  0.00029747   0.00000000     0.00013029   0.00000000    -0.00045906  -0.00000000
   20    2
  0.00226125   0.00000000    -0.00014946  -0.00000000     0.00022592   0.00000000
 -0.00015832  -0.00000000    -0.00514480  -0.00000000    -0.01076959   0.00000000
  0.00006631   0.00000000    -0.01083633  -0.00000000    -0.01440527   0.00000000
   20    3
 -0.01023202  -0.00000000    -0.00938561  -0.00000000     0.00698584   0.00000000
 -0.00916190  -0.00000000    -0.00498165  -0.00000000     0.00540388   0.00000000
  0.00705934   0.00000000     0.00530499   0.00000000    -0.00213937  -0.00000000
   20    4
  0.01004307  -0.00000000    -0.00923698   0.00000000     0.00709981   0.00000000
 -0.00943439  -0.00000000     0.00513895   0.00000000    -0.00524772   0.00000000
  0.00708989   0.00000000    -0.00534549  -0.00000000     0.00184581  -0.00000000
   20    5
  0.00203008   0.00000000    -0.00036170  -0.00000000     0.00116490   0.00000000
  0.00100164   0.00000000    -0.00111565   0.00000000    -0.00041133   0.00000000
 -0.00183269  -0.00000000    -0.00220099  -0.00000000     0.00089860   0.00000000
   20    6
 -0.00070055   0.00000000    -0.00132452   0.00000000     0.00233455   0.00000000
 -0.00017356  -0.00000000     0.00102573  -0.00000000    -0.00043896   0.00000000
  0.00020479  -0.00000000    -0.00301497  -0.00000000    -0.00261257  -0.00000000
   20    7
 -0.00009064   0.00000000    -0.00155946  -0.00000000    -0.00068636  -0.00000000
 -0.00053823   0.00000000     0.00127138  -0.00000000    -0.00021904  -0.00000000
  0.00244187   0.00000000     0.00110346   0.00000000    -0.00169613  -0.00000000
   20    8
 -0.01698986  -0.00000000     0.04367166   0.00000000    -0.01060718  -0.00000000
  0.03365247  -0.00000000    -0.05462101  -0.00000000     0.01991059   0.00000000
 -0.01059793   0.00000000     0.02536620  -0.00000000    -0.00792557  -0.00000000
   20    9
  0.00079694  -0.00000000    -0.00060973  -0.00000000     0.00230456  -0.00000000
 -0.00030959  -0.00000000     0.00023089  -0.00000000    -0.00007222   0.00000000
 -0.00157499   0.00000000    -0.00105049   0.00000000    -0.00142688   0.00000000
   20   10
 -0.00118278   0.00000000     0.00081818   0.00000000     0.00114351   0.00000000
  0.00193039   0.00000000     0.00262566  -0.00000000     0.00193832  -0.00000000
  0.00121703   0.00000000    -0.00063470  -0.00000000     0.00029673  -0.00000000
   20   11
 -0.00158598  -0.00000000     0.00125223   0.00000000    -0.00137969   0.00000000
 -0.00014725  -0.00000000    -0.00106252  -0.00000000     0.00026690   0.00000000
 -0.00213029  -0.00000000     0.00068713   0.00000000     0.00148689   0.00000000
   20   12
 -0.00151042  -0.00000000    -0.00061429   0.00000000     0.00064570  -0.00000000
  0.00167808  -0.00000000     0.00241561   0.00000000     0.00080488   0.00000000
 -0.00181823   0.00000000     0.00215129   0.00000000    -0.00120687  -0.00000000
   20   13
 -0.00003349   0.00000000    -0.00105757  -0.00000000    -0.00051045  -0.00000000
  0.00015528   0.00000000     0.00116922   0.00000000     0.00004039  -0.00000000
  0.00310827   0.00000000     0.00037797  -0.00000000    -0.00015781  -0.00000000
   20   14
  0.00023853   0.00000000     0.00093297  -0.00000000     0.00220137   0.00000000
 -0.00122818  -0.00000000     0.00263080  -0.00000000    -0.00189798  -0.00000000
  0.00020516   0.00000000    -0.00139582  -0.00000000    -0.00146732  -0.00000000
   20   15
 -0.01635447   0.00000000    -0.04319413  -0.00000000     0.01225057   0.00000000
 -0.03417834   0.00000000    -0.05428729  -0.00000000     0.02187618   0.00000000
  0.01008351  -0.00000000     0.02545644   0.00000000    -0.00696445  -0.00000000
   20   16
 -0.00023050   0.00000000    -0.00013139  -0.00000000    -0.00139301  -0.00000000
  0.00116791   0.00000000    -0.05021043  -0.00000000    -0.03541306  -0.00000000
  0.00111398   0.00000000    -0.04693522   0.00000000    -0.02056591  -0.00000000
   20   17
  0.00001530  -0.00000000     0.00062627   0.00000000    -0.00079000  -0.00000000
 -0.00149419  -0.00000000    -0.00051518   0.00000000    -0.00076533  -0.00000000
 -0.00118381  -0.00000000     0.00057678   0.00000000     0.00108019   0.00000000
   20   18
 -0.00070048  -0.00000000     0.00075279   0.00000000    -0.00025517  -0.00000000
  0.00081178   0.00000000     0.00992203   0.00000000     0.00000922  -0.00000000
  0.00047592   0.00000000     0.00002583   0.00000000    -0.00054275  -0.00000000
   20   19
  0.00046572  -0.00000000     0.00016428   0.00000000    -0.00112982  -0.00000000
  0.00008788   0.00000000    -0.00051027   0.00000000    -0.00001177   0.00000000
 -0.00095877  -0.00000000    -0.00008021   0.00000000    -0.00250137   0.00000000
   20   20
  0.12536934   0.00000000    -0.00019393  -0.00000000     0.00042076   0.00000000
 -0.00019393  -0.00000000     0.20802586   0.00000000    -0.00605713  -0.00000000
  0.00042076   0.00000000    -0.00605713  -0.00000000     0.12980311   0.00000000
   20   21
 -0.00007146  -0.00000000    -0.00020044  -0.00000000     0.00034712   0.00000000
  0.00027185   0.00000000     0.00052439   0.00000000     0.00024690   0.00000000
  0.00035594   0.00000000     0.00004310   0.00000000    -0.00031000   0.00000000
   20   22
  0.00064497  -0.00000000    -0.00037672  -0.00000000    -0.00053302  -0.00000000
 -0.00022663  -0.00000000    -0.00419773  -0.00000000     0.00378113   0.00000000
  0.00017713  -0.00000000     0.00751202  -0.00000000    -0.01088479  -0.00000000
   20   23
  0.00307306   0.00000000     0.00024947   0.00000000     0.00046532   0.00000000
 -0.00016499  -0.00000000    -0.00408581   0.00000000    -0.00120471  -0.00000000
 -0.00017383  -0.00000000     0.00110328   0.00000000     0.00210152   0.00000000
   20   24
  0.00023156   0.00000000     0.00001390   0.00000000    -0.00034123  -0.00000000
  0.00001390   0.00000000    -0.00053602  -0.00000000    -0.00020020  -0.00000000
 -0.00034123  -0.00000000    -0.00020020  -0.00000000     0.00036194   0.00000000
   20   25
 -0.00020026  -0.00000000    -0.00007605   0.00000000     0.00394905   0.00000000
  0.00047740   0.00000000     0.00015938  -0.00000000    -0.00008615   0.00000000
 -0.00417208  -0.00000000    -0.00005564   0.00000000     0.00006310   0.00000000
   20   26
 -0.00054445  -0.00000000     0.00021694   0.00000000    -0.00047087  -0.00000000
  0.00006050   0.00000000    -0.00610002   0.00000000    -0.00116320   0.00000000
 -0.00059757  -0.00000000     0.00188764   0.00000000    -0.03599833   0.00000000
   20   27
 -0.00779349  -0.00000000     0.00664145   0.00000000     0.00598514   0.00000000
  0.00262471   0.00000000    -0.00387209  -0.00000000    -0.00201992  -0.00000000
  0.00473619   0.00000000    -0.00371564  -0.00000000    -0.00167819  -0.00000000
   20   28
  0.00000219  -0.00000000    -0.00024545   0.00000000     0.00061391  -0.00000000
  0.00020007   0.00000000     0.00057241  -0.00000000     0.00035375   0.00000000
  0.00138106   0.00000000     0.00001361  -0.00000000    -0.00110010  -0.00000000
   20   29
 -0.00243173  -0.00000000    -0.00008083   0.00000000    -0.00168057   0.00000000
  0.00005687  -0.00000000    -0.00069491  -0.00000000     0.00008381   0.00000000
 -0.00087369   0.00000000     0.00041353   0.00000000    -0.00067935   0.00000000
   20   30
  0.00039136   0.00000000    -0.00032166  -0.00000000    -0.00427089   0.00000000
  0.00012931  -0.00000000    -0.00025828  -0.00000000     0.00014812  -0.00000000
  0.00424026  -0.00000000    -0.00017430   0.00000000     0.00021654  -0.00000000
   20   31
 -0.02616974  -0.00000000     0.00180726  -0.00000000     0.01588122  -0.00000000
 -0.00105321   0.00000000    -0.00617193  -0.00000000     0.00095965  -0.00000000
  0.01338760  -0.00000000    -0.00085723   0.00000000    -0.00836433   0.00000000
   20   32
 -0.00742341   0.00000000    -0.00702749  -0.00000000    -0.00564254   0.00000000
 -0.00246425   0.00000000    -0.00338784   0.00000000    -0.00174050  -0.00000000
 -0.00495710   0.00000000    -0.00380584  -0.00000000    -0.00115534   0.00000000
   20   33
  0.00000803  -0.00000000    -0.00000193  -0.00000000     0.00053420   0.00000000
  0.00058633  -0.00000000    -0.00020477  -0.00000000     0.00055043   0.00000000
 -0.00009927   0.00000000     0.00063283  -0.00000000    -0.00007279  -0.00000000
   20   34
 -0.00216149  -0.00000000    -0.00010926  -0.00000000     0.00092328  -0.00000000
 -0.00011878  -0.00000000     0.00032264   0.00000000    -0.00056020  -0.00000000
  0.00020109  -0.00000000    -0.00001203  -0.00000000     0.00033278   0.00000000
   20   35
  0.00012305   0.00000000    -0.00166899  -0.00000000     0.00223236  -0.00000000
 -0.00176565  -0.00000000     0.00031003   0.00000000    -0.00092402  -0.00000000
  0.00343280   0.00000000    -0.00101831  -0.00000000    -0.00320517  -0.00000000
   20   36
 -0.02627224  -0.00000000    -0.00108462   0.00000000    -0.01643594  -0.00000000
  0.00110600  -0.00000000    -0.00663710  -0.00000000     0.00079972  -0.00000000
 -0.01381170   0.00000000    -0.00059503   0.00000000    -0.00886744   0.00000000
   21    1
  0.00004499  -0.00000000     0.00012758   0.00000000    -0.00011176  -0.00000000
  0.00029424   0.00000000     0.00031462   0.00000000     0.00031010   0.00000000
 -0.00021393  -0.00000000     0.00002683   0.00000000     0.00014358   0.00000000
   21    2
  0.00213469  -0.00000000    -0.00009194  -0.00000000     0.00003653  -0.00000000
 -0.00001876  -0.00000000    -0.00516184  -0.00000000     0.01083842   0.00000000
  0.00010336   0.00000000     0.01071973  -0.00000000    -0.01442911   0.00000000
   21    3
 -0.01004126  -0.00000000     0.00914109   0.00000000     0.00714923   0.00000000
  0.00940419   0.00000000    -0.00507381  -0.00000000    -0.00530017  -0.00000000
  0.00719478   0.00000000    -0.00532324  -0.00000000    -0.00203368  -0.00000000
   21    4
 -0.01025684  -0.00000000    -0.00931677  -0.00000000    -0.00699872  -0.00000000
 -0.00918957   0.00000000    -0.00489643   0.00000000    -0.00542643  -0.00000000
 -0.00705264  -0.00000000    -0.00524882   0.00000000    -0.00209460  -0.00000000
   21    5
 -0.00020789   0.00000000    -0.00097616   0.00000000     0.00202505   0.00000000
  0.00099921   0.00000000     0.00269454  -0.00000000     0.00174931  -0.00000000
  0.00002635   0.00000000     0.00140528   0.00000000    -0.00164403  -0.00000000
   21    6
 -0.00135901  -0.00000000     0.00088052  -0.00000000     0.00023575  -0.00000000
 -0.00163731   0.00000000     0.00079125  -0.00000000    -0.00035769  -0.00000000
 -0.00184310   0.00000000    -0.00225254  -0.00000000    -0.00145637  -0.00000000
   21    7
 -0.00138150   0.00000000    -0.00037026   0.00000000     0.00107222   0.00000000
 -0.00183644  -0.00000000     0.00266047  -0.00000000    -0.00255069  -0.00000000
  0.00078983  -0.00000000     0.00050187   0.00000000     0.00015560  -0.00000000
   21    8
 -0.00167923  -0.00000000    -0.00143783  -0.00000000    -0.00149312   0.00000000
  0.00026406   0.00000000    -0.00086128  -0.00000000     0.00021117   0.00000000
 -0.00176797  -0.00000000    -0.00063993  -0.00000000     0.00150293   0.00000000
   21    9
 -0.01639303   0.00000000     0.04308271   0.00000000     0.01176894   0.00000000
  0.03451407  -0.00000000    -0.05465142  -0.00000000    -0.02164541  -0.00000000
  0.01001598  -0.00000000    -0.02531640   0.00000000    -0.00686943  -0.00000000
   21   10
 -0.00036519   0.00000000     0.00167681   0.00000000    -0.00054329  -0.00000000
  0.00094872   0.00000000     0.00078754  -0.00000000     0.00031499   0.00000000
  0.00212993   0.00000000    -0.00103507  -0.00000000    -0.00141298  -0.00000000
   21   11
 -0.01660541   0.00000000    -0.04377180  -0.00000000    -0.01029003  -0.00000000
 -0.03329019   0.00000000    -0.05434290  -0.00000000    -0.02012271  -0.00000000
 -0.01072481   0.00000000    -0.02561550  -0.00000000    -0.00796847  -0.00000000
   21   12
 -0.00017081   0.00000000     0.00089919  -0.00000000     0.00185462   0.00000000
  0.00000887  -0.00000000     0.00113265  -0.00000000     0.00040276  -0.00000000
 -0.00011457  -0.00000000     0.00281152   0.00000000    -0.00272644  -0.00000000
   21   13
 -0.00051030   0.00000000    -0.00014006  -0.00000000    -0.00118276  -0.00000000
 -0.00135437  -0.00000000    -0.05010895   0.00000000     0.03528971   0.00000000
  0.00113194   0.00000000     0.04666856  -0.00000000    -0.02010306  -0.00000000
   21   14
  0.00203198   0.00000000    -0.00016825   0.00000000     0.00119933   0.00000000
 -0.00098939  -0.00000000    -0.00322252  -0.00000000     0.00046741  -0.00000000
 -0.00180963  -0.00000000     0.00214763  -0.00000000     0.00092030   0.00000000
   21   15
  0.00044684  -0.00000000     0.00069398   0.00000000     0.00212792  -0.00000000
 -0.00016501  -0.00000000     0.00053738   0.00000000     0.00049711   0.00000000
 -0.00141232   0.00000000     0.00148380   0.00000000    -0.00136324   0.00000000
   21   16
 -0.00012865   0.00000000     0.00091853   0.00000000    -0.00027617   0.00000000
  0.00012408   0.00000000    -0.00061596  -0.00000000    -0.00035432  -0.00000000
  0.00296976   0.00000000    -0.00006375   0.00000000     0.00017988  -0.00000000
   21   17
  0.00027004  -0.00000000     0.00065687   0.00000000     0.00073621   0.00000000
 -0.00138744  -0.00000000     0.00067290   0.00000000    -0.00090889  -0.00000000
  0.00129535   0.00000000     0.00036433   0.00000000    -0.00129686  -0.00000000
   21   18
  0.00056360  -0.00000000     0.00048968   0.00000000    -0.00062309   0.00000000
  0.00038024   0.00000000    -0.00056901   0.00000000     0.00032061  -0.00000000
 -0.00053704   0.00000000     0.00040751  -0.00000000    -0.00302914  -0.00000000
   21   19
  0.00070991  -0.00000000    -0.00072771  -0.00000000    -0.00009328   0.00000000
 -0.00079091  -0.00000000    -0.01031082  -0.00000000     0.00009818   0.00000000
  0.00067050   0.00000000    -0.00000641  -0.00000000     0.00079145   0.00000000
   21   20
 -0.00007146  -0.00000000     0.00027185   0.00000000     0.00035594   0.00000000
 -0.00020044  -0.00000000     0.00052439   0.00000000     0.00004310   0.00000000
  0.00034712   0.00000000     0.00024690   0.00000000    -0.00031000   0.00000000
   21   21
  0.12532875   0.00000000     0.00027322   0.00000000     0.00032112   0.00000000
  0.00027322   0.00000000     0.20778422   0.00000000     0.00610111   0.00000000
  0.00032112   0.00000000     0.00610111   0.00000000     0.12981502   0.00000000
   21   22
  0.00086582  -0.00000000     0.00032142   0.00000000    -0.00042732  -0.00000000
  0.00015368   0.00000000    -0.00419027  -0.00000000    -0.00378705  -0.00000000
  0.00031548   0.00000000    -0.00756238   0.00000000    -0.01080520  -0.00000000
   21   23
 -0.00015837   0.00000000     0.00013104   0.00000000    -0.00034312  -0.00000000
  0.00013104   0.00000000     0.00029496   0.00000000    -0.00036417  -0.00000000
 -0.00034312  -0.00000000    -0.00036417  -0.00000000     0.00051901   0.00000000
   21   24
  0.00307306   0.00000000    -0.00016499  -0.00000000    -0.00017383  -0.00000000
  0.00024947   0.00000000    -0.00408581   0.00000000     0.00110328   0.00000000
  0.00046532   0.00000000    -0.00120471  -0.00000000     0.00210152   0.00000000
   21   25
 -0.00054186  -0.00000000     0.00006976   0.00000000    -0.00040452  -0.00000000
  0.00013725   0.00000000    -0.00615855  -0.00000000     0.00117664  -0.00000000
 -0.00059444  -0.00000000    -0.00179764   0.00000000    -0.03595917   0.00000000
   21   26
 -0.00011629  -0.00000000     0.00021996   0.00000000     0.00385119   0.00000000
 -0.00052164  -0.00000000     0.00024368  -0.00000000     0.00004943  -0.00000000
 -0.00425505  -0.00000000    -0.00001161  -0.00000000     0.00016097   0.00000000
   21   27
 -0.00772184  -0.00000000    -0.00648908  -0.00000000     0.00594389   0.00000000
 -0.00260946  -0.00000000    -0.00342240  -0.00000000     0.00199473   0.00000000
  0.00468559   0.00000000     0.00389070   0.00000000    -0.00149262  -0.00000000
   21   28
 -0.00243984  -0.00000000    -0.00018394  -0.00000000    -0.00194468  -0.00000000
 -0.00050158  -0.00000000     0.00022422   0.00000000     0.00032043   0.00000000
 -0.00109595  -0.00000000    -0.00004484   0.00000000    -0.00092638   0.00000000
   21   29
  0.00009838  -0.00000000     0.00023075  -0.00000000     0.00124493   0.00000000
 -0.00016708  -0.00000000     0.00066878   0.00000000    -0.00007335   0.00000000
  0.00070512  -0.00000000     0.00021441   0.00000000    -0.00105679  -0.00000000
   21   30
 -0.02611473  -0.00000000    -0.00154584   0.00000000     0.01582834  -0.00000000
  0.00116980  -0.00000000    -0.00627340  -0.00000000    -0.00085776   0.00000000
  0.01332381  -0.00000000     0.00096689   0.00000000    -0.00835392   0.00000000
   21   31
  0.00032493   0.00000000     0.00026292   0.00000000    -0.00421943   0.00000000
 -0.00004657   0.00000000     0.00017174   0.00000000    -0.00028077  -0.00000000
  0.00426249  -0.00000000     0.00014261  -0.00000000     0.00014242  -0.00000000
   21   32
  0.00728131  -0.00000000    -0.00721752  -0.00000000     0.00591787   0.00000000
 -0.00252788   0.00000000     0.00350693  -0.00000000    -0.00160824   0.00000000
  0.00513572   0.00000000    -0.00376627  -0.00000000     0.00132799  -0.00000000
   21   33
 -0.00215580  -0.00000000    -0.00046663  -0.00000000     0.00079668  -0.00000000
 -0.00044595  -0.00000000    -0.00064864  -0.00000000     0.00020374  -0.00000000
  0.00014617  -0.00000000    -0.00031045  -0.00000000     0.00045202   0.00000000
   21   34
 -0.00006734  -0.00000000    -0.00022924  -0.00000000     0.00026520  -0.00000000
 -0.00055129   0.00000000     0.00060876   0.00000000    -0.00039507   0.00000000
 -0.00034408  -0.00000000    -0.00077651  -0.00000000     0.00014871  -0.00000000
   21   35
 -0.02631670  -0.00000000     0.00146165  -0.00000000    -0.01646155  -0.00000000
 -0.00080472   0.00000000    -0.00661237  -0.00000000    -0.00079754   0.00000000
 -0.01370604   0.00000000     0.00046838  -0.00000000    -0.00882983   0.00000000
   21   36
  0.00006992   0.00000000     0.00184172   0.00000000     0.00223577  -0.00000000
  0.00180529   0.00000000     0.00021428   0.00000000     0.00090032   0.00000000
  0.00342630   0.00000000     0.00109878   0.00000000    -0.00314878  -0.00000000
   22    1
  0.00090053   0.00000000    -0.00054501  -0.00000000     0.00008788   0.00000000
  0.00002127   0.00000000    -0.00535999  -0.00000000    -0.00000168  -0.00000000
  0.00002486   0.00000000    -0.00011792  -0.00000000     0.00087616  -0.00000000
   22    2
  0.00090053   0.00000000    -0.00054501  -0.00000000     0.00008788   0.00000000
  0.00002127   0.00000000    -0.00535999  -0.00000000    -0.00000168  -0.00000000
  0.00002486   0.00000000    -0.00011792  -0.00000000     0.00087616  -0.00000000
   22    3
  0.00008793  -0.00000000    -0.00029451  -0.00000000     0.00036438   0.00000000
  0.00001608   0.00000000    -0.00004316  -0.00000000     0.00002713   0.00000000
  0.00036612   0.00000000    -0.00040657  -0.00000000    -0.00037039  -0.00000000
   22    4
  0.00008793  -0.00000000    -0.00029451  -0.00000000     0.00036438   0.00000000
  0.00001608   0.00000000    -0.00004316  -0.00000000     0.00002713   0.00000000
  0.00036612   0.00000000    -0.00040657  -0.00000000    -0.00037039  -0.00000000
   22    5
  0.00171186  -0.00000000    -0.00021980  -0.00000000     0.00130452   0.00000000
  0.00001687   0.00000000    -0.00070540  -0.00000000    -0.00001904  -0.00000000
  0.00108007  -0.00000000     0.00025784   0.00000000     0.00006096  -0.00000000
   22    6
 -0.00047515  -0.00000000     0.00005989   0.00000000     0.00196968   0.00000000
 -0.00000294  -0.00000000     0.00003321  -0.00000000    -0.00001687  -0.00000000
 -0.00119941   0.00000000     0.00012820   0.00000000    -0.00208655  -0.00000000
   22    7
 -0.07823946   0.00000000     0.00027328   0.00000000     0.00058856   0.00000000
 -0.00000044  -0.00000000    -0.00129162  -0.00000000     0.00004225   0.00000000
  0.00236404   0.00000000     0.00004021   0.00000000     0.00275136  -0.00000000
   22    8
 -0.01515618   0.00000000     0.00036679   0.00000000     0.03457039  -0.00000000
 -0.00020776  -0.00000000    -0.00015832   0.00000000    -0.00010294  -0.00000000
  0.03524399  -0.00000000     0.00012967   0.00000000    -0.05579277   0.00000000
   22    9
 -0.01642332   0.00000000    -0.00008920  -0.00000000    -0.03351538   0.00000000
 -0.00010629  -0.00000000    -0.00146240   0.00000000     0.00018036   0.00000000
 -0.03562957   0.00000000    -0.00016988  -0.00000000    -0.05885535  -0.00000000
   22   10
 -0.07823946   0.00000000     0.00027328   0.00000000     0.00058856   0.00000000
 -0.00000044  -0.00000000    -0.00129162  -0.00000000     0.00004225   0.00000000
  0.00236404   0.00000000     0.00004021   0.00000000     0.00275136  -0.00000000
   22   11
 -0.01515618   0.00000000     0.00036679   0.00000000     0.03457039  -0.00000000
 -0.00020776  -0.00000000    -0.00015832   0.00000000    -0.00010294  -0.00000000
  0.03524399  -0.00000000     0.00012967   0.00000000    -0.05579277   0.00000000
   22   12
 -0.00047515  -0.00000000     0.00005989   0.00000000     0.00196968   0.00000000
 -0.00000294  -0.00000000     0.00003321  -0.00000000    -0.00001687  -0.00000000
 -0.00119941   0.00000000     0.00012820   0.00000000    -0.00208655  -0.00000000
   22   13
 -0.00137086  -0.00000000    -0.00014953  -0.00000000    -0.00045151  -0.00000000
  0.00010199   0.00000000    -0.00026491  -0.00000000    -0.00019826  -0.00000000
  0.00262801   0.00000000     0.00007065   0.00000000    -0.00086127   0.00000000
   22   14
  0.00171186  -0.00000000    -0.00021980  -0.00000000     0.00130452   0.00000000
  0.00001687   0.00000000    -0.00070540  -0.00000000    -0.00001904  -0.00000000
  0.00108007  -0.00000000     0.00025784   0.00000000     0.00006096  -0.00000000
   22   15
 -0.01642332   0.00000000    -0.00008920  -0.00000000    -0.03351538   0.00000000
 -0.00010629  -0.00000000    -0.00146240   0.00000000     0.00018036   0.00000000
 -0.03562957   0.00000000    -0.00016988  -0.00000000    -0.05885535  -0.00000000
   22   16
 -0.00137086  -0.00000000    -0.00014953  -0.00000000    -0.00045151  -0.00000000
  0.00010199   0.00000000    -0.00026491  -0.00000000    -0.00019826  -0.00000000
  0.00262801   0.00000000     0.00007065   0.00000000    -0.00086127   0.00000000
   22   17
  0.00000000   0.00000000     0.00000000   0.00000000     0.00000000   0.00000000
  0.00000000   0.00000000    -0.00000000  -0.00000000     0.00000000   0.00000000
  0.00000000   0.00000000     0.00000000   0.00000000    -0.00000000  -0.00000000
   22   18
  0.00018328   0.00000000     0.00093273   0.00000000    -0.00114599  -0.00000000
 -0.00072104  -0.00000000    -0.00045870  -0.00000000    -0.00031735   0.00000000
 -0.00088682  -0.00000000     0.00040895   0.00000000     0.00146609   0.00000000
   22   19
  0.00042842   0.00000000    -0.00084235  -0.00000000    -0.00094329  -0.00000000
  0.00072984   0.00000000    -0.00026898   0.00000000     0.00047878  -0.00000000
 -0.00111497  -0.00000000    -0.00032559   0.00000000     0.00131303   0.00000000
   22   20
  0.00064497  -0.00000000    -0.00022663  -0.00000000     0.00017713  -0.00000000
 -0.00037672  -0.00000000    -0.00419773  -0.00000000     0.00751202  -0.00000000
 -0.00053302  -0.00000000     0.00378113   0.00000000    -0.01088479  -0.00000000
   22   21
  0.00086582  -0.00000000     0.00015368   0.00000000     0.00031548   0.00000000
  0.00032142   0.00000000    -0.00419027  -0.00000000    -0.00756238   0.00000000
 -0.00042732  -0.00000000    -0.00378705  -0.00000000    -0.01080520  -0.00000000
   22   22
  0.28583389  -0.00000000    -0.00017293  -0.00000000    -0.00032733  -0.00000000
 -0.00017293  -0.00000000     0.06371624  -0.00000000    -0.00009075  -0.00000000
 -0.00032733  -0.00000000    -0.00009075  -0.00000000     0.28225728   0.00000000
   22   23
  0.00086582  -0.00000000     0.00015368   0.00000000     0.00031548   0.00000000
  0.00032142   0.00000000    -0.00419027  -0.00000000    -0.00756238   0.00000000
 -0.00042732  -0.00000000    -0.00378705  -0.00000000    -0.01080520  -0.00000000
   22   24
  0.00064497  -0.00000000    -0.00022663  -0.00000000     0.00017713  -0.00000000
 -0.00037672  -0.00000000    -0.00419773  -0.00000000     0.00751202  -0.00000000
 -0.00053302  -0.00000000     0.00378113   0.00000000    -0.01088479  -0.00000000
   22   25
  0.00042842   0.00000000    -0.00084235  -0.00000000    -0.00094329  -0.00000000
  0.00072984   0.00000000    -0.00026898   0.00000000     0.00047878  -0.00000000
 -0.00111497  -0.00000000    -0.00032559   0.00000000     0.00131303   0.00000000
   22   26
  0.00018328   0.00000000     0.00093273   0.00000000    -0.00114599  -0.00000000
 -0.00072104  -0.00000000    -0.00045870  -0.00000000    -0.00031735   0.00000000
 -0.00088682  -0.00000000     0.00040895   0.00000000     0.00146609   0.00000000
   22   27
 -0.00279490  -0.00000000    -0.00050507  -0.00000000     0.00082730  -0.00000000
 -0.00021312  -0.00000000     0.00230336   0.00000000    -0.00011094  -0.00000000
  0.00071673  -0.00000000    -0.00031267  -0.00000000    -0.00372225  -0.00000000
   22   28
 -0.00807020   0.00000000    -0.00315997  -0.00000000     0.00454600  -0.00000000
 -0.00626487   0.00000000    -0.00417682  -0.00000000     0.00412953   0.00000000
  0.00533666   0.00000000     0.00210138   0.00000000    -0.00196264   0.00000000
   22   29
 -0.00822376   0.00000000     0.00310808  -0.00000000     0.00455761  -0.00000000
  0.00650113   0.00000000    -0.00432122  -0.00000000    -0.00402951  -0.00000000
  0.00539773   0.00000000    -0.00217094  -0.00000000    -0.00217253  -0.00000000
   22   30
 -0.00715547   0.00000000    -0.00328482  -0.00000000    -0.00502042   0.00000000
 -0.00706265  -0.00000000    -0.00404444   0.00000000    -0.00406817  -0.00000000
 -0.00466758   0.00000000    -0.00193770  -0.00000000    -0.00159713   0.00000000
   22   31
 -0.00740004   0.00000000     0.00307690  -0.00000000    -0.00500303   0.00000000
  0.00721828   0.00000000    -0.00419462  -0.00000000     0.00402325   0.00000000
 -0.00514064  -0.00000000     0.00174709   0.00000000    -0.00165081   0.00000000
   22   32
  0.00000000  -0.00000000     0.00000000   0.00000000     0.00000000   0.00000000
  0.00000000   0.00000000     0.00000000   0.00000000     0.00000000  -0.00000000
  0.00000000   0.00000000     0.00000000  -0.00000000     0.00000000  -0.00000000
   22   33
 -0.00740004   0.00000000     0.00307690  -0.00000000    -0.00500303   0.00000000
  0.00721828   0.00000000    -0.00419462  -0.00000000     0.00402325   0.00000000
 -0.00514064  -0.00000000     0.00174709   0.00000000    -0.00165081   0.00000000
   22   34
 -0.00715547   0.00000000    -0.00328482  -0.00000000    -0.00502042   0.00000000
 -0.00706265  -0.00000000    -0.00404444   0.00000000    -0.00406817  -0.00000000
 -0.00466758   0.00000000    -0.00193770  -0.00000000    -0.00159713   0.00000000
   22   35
 -0.00822376   0.00000000     0.00310808  -0.00000000     0.00455761  -0.00000000
  0.00650113   0.00000000    -0.00432122  -0.00000000    -0.00402951  -0.00000000
  0.00539773   0.00000000    -0.00217094  -0.00000000    -0.00217253  -0.00000000
   22   36
 -0.00807020   0.00000000    -0.00315997  -0.00000000     0.00454600  -0.00000000
 -0.00626487   0.00000000    -0.00417682  -0.00000000     0.00412953   0.00000000
  0.00533666   0.00000000     0.00210138   0.00000000    -0.00196264   0.00000000
   23    1
  0.00213469  -0.00000000    -0.00009194  -0.00000000     0.00003653  -0.00000000
 -0.00001876  -0.00000000    -0.00516184  -0.00000000     0.01083842   0.00000000
  0.00010336   0.00000000     0.01071973  -0.00000000    -0.01442911   0.00000000
   23    2
  0.00004499  -0.00000000     0.00012758   0.00000000    -0.00011176  -0.00000000
  0.00029424   0.00000000     0.00031462   0.00000000     0.00031010   0.00000000
 -0.00021393  -0.00000000     0.00002683   0.00000000     0.00014358   0.00000000
   23    3
 -0.01025684  -0.00000000    -0.00931677  -0.00000000    -0.00699872  -0.00000000
 -0.00918957   0.00000000    -0.00489643   0.00000000    -0.00542643  -0.00000000
 -0.00705264  -0.00000000    -0.00524882   0.00000000    -0.00209460  -0.00000000
   23    4
 -0.01004126  -0.00000000     0.00914109   0.00000000     0.00714923   0.00000000
  0.00940419   0.00000000    -0.00507381  -0.00000000    -0.00530017  -0.00000000
  0.00719478   0.00000000    -0.00532324  -0.00000000    -0.00203368  -0.00000000
   23    5
  0.00203198   0.00000000    -0.00016825   0.00000000     0.00119933   0.00000000
 -0.00098939  -0.00000000    -0.00322252  -0.00000000     0.00046741  -0.00000000
 -0.00180963  -0.00000000     0.00214763  -0.00000000     0.00092030   0.00000000
   23    6
 -0.00017081   0.00000000     0.00089919  -0.00000000     0.00185462   0.00000000
  0.00000887  -0.00000000     0.00113265  -0.00000000     0.00040276  -0.00000000
 -0.00011457  -0.00000000     0.00281152   0.00000000    -0.00272644  -0.00000000
   23    7
 -0.00036519   0.00000000     0.00167681   0.00000000    -0.00054329  -0.00000000
  0.00094872   0.00000000     0.00078754  -0.00000000     0.00031499   0.00000000
  0.00212993   0.00000000    -0.00103507  -0.00000000    -0.00141298  -0.00000000
   23    8
 -0.01660541   0.00000000    -0.04377180  -0.00000000    -0.01029003  -0.00000000
 -0.03329019   0.00000000    -0.05434290  -0.00000000    -0.02012271  -0.00000000
 -0.01072481   0.00000000    -0.02561550  -0.00000000    -0.00796847  -0.00000000
   23    9
  0.00044684  -0.00000000     0.00069398   0.00000000     0.00212792  -0.00000000
 -0.00016501  -0.00000000     0.00053738   0.00000000     0.00049711   0.00000000
 -0.00141232   0.00000000     0.00148380   0.00000000    -0.00136324   0.00000000
   23   10
 -0.00138150   0.00000000    -0.00037026   0.00000000     0.00107222   0.00000000
 -0.00183644  -0.00000000     0.00266047  -0.00000000    -0.00255069  -0.00000000
  0.00078983  -0.00000000     0.00050187   0.00000000     0.00015560  -0.00000000
   23   11
 -0.00167923  -0.00000000    -0.00143783  -0.00000000    -0.00149312   0.00000000
  0.00026406   0.00000000    -0.00086128  -0.00000000     0.00021117   0.00000000
 -0.00176797  -0.00000000    -0.00063993  -0.00000000     0.00150293   0.00000000
   23   12
 -0.00135901  -0.00000000     0.00088052  -0.00000000     0.00023575  -0.00000000
 -0.00163731   0.00000000     0.00079125  -0.00000000    -0.00035769  -0.00000000
 -0.00184310   0.00000000    -0.00225254  -0.00000000    -0.00145637  -0.00000000
   23   13
 -0.00012865   0.00000000     0.00091853   0.00000000    -0.00027617   0.00000000
  0.00012408   0.00000000    -0.00061596  -0.00000000    -0.00035432  -0.00000000
  0.00296976   0.00000000    -0.00006375   0.00000000     0.00017988  -0.00000000
   23   14
 -0.00020789   0.00000000    -0.00097616   0.00000000     0.00202505   0.00000000
  0.00099921   0.00000000     0.00269454  -0.00000000     0.00174931  -0.00000000
  0.00002635   0.00000000     0.00140528   0.00000000    -0.00164403  -0.00000000
   23   15
 -0.01639303   0.00000000     0.04308271   0.00000000     0.01176894   0.00000000
  0.03451407  -0.00000000    -0.05465142  -0.00000000    -0.02164541  -0.00000000
  0.01001598  -0.00000000    -0.02531640   0.00000000    -0.00686943  -0.00000000
   23   16
 -0.00051030   0.00000000    -0.00014006  -0.00000000    -0.00118276  -0.00000000
 -0.00135437  -0.00000000    -0.05010895   0.00000000     0.03528971   0.00000000
  0.00113194   0.00000000     0.04666856  -0.00000000    -0.02010306  -0.00000000
   23   17
 -0.00027004  -0.00000000    -0.00065687  -0.00000000    -0.00073621  -0.00000000
  0.00138744   0.00000000    -0.00067290   0.00000000     0.00090889   0.00000000
 -0.00129535  -0.00000000    -0.00036433  -0.00000000     0.00129686   0.00000000
   23   18
 -0.00011629  -0.00000000     0.00021996   0.00000000     0.00385119   0.00000000
 -0.00052164  -0.00000000     0.00024368  -0.00000000     0.00004943  -0.00000000
 -0.00425505  -0.00000000    -0.00001161  -0.00000000     0.00016097   0.00000000
   23   19
 -0.00054186  -0.00000000     0.00006976   0.00000000    -0.00040452  -0.00000000
  0.00013725   0.00000000    -0.00615855  -0.00000000     0.00117664  -0.00000000
 -0.00059444  -0.00000000    -0.00179764   0.00000000    -0.03595917   0.00000000
   23   20
  0.00307306   0.00000000    -0.00016499  -0.00000000    -0.00017383  -0.00000000
  0.00024947   0.00000000    -0.00408581   0.00000000     0.00110328   0.00000000
  0.00046532   0.00000000    -0.00120471  -0.00000000     0.00210152   0.00000000
   23   21
 -0.00015837   0.00000000     0.00013104   0.00000000    -0.00034312  -0.00000000
  0.00013104   0.00000000     0.00029496   0.00000000    -0.00036417  -0.00000000
 -0.00034312  -0.00000000    -0.00036417  -0.00000000     0.00051901   0.00000000
   23   22
  0.00086582  -0.00000000     0.00032142   0.00000000    -0.00042732  -0.00000000
  0.00015368   0.00000000    -0.00419027  -0.00000000    -0.00378705  -0.00000000
  0.00031548   0.00000000    -0.00756238   0.00000000    -0.01080520  -0.00000000
   23   23
  0.12532875   0.00000000     0.00027322   0.00000000     0.00032112   0.00000000
  0.00027322   0.00000000     0.20778422   0.00000000     0.00610111   0.00000000
  0.00032112   0.00000000     0.00610111   0.00000000     0.12981502   0.00000000
   23   24
 -0.00007146  -0.00000000     0.00027185   0.00000000     0.00035594   0.00000000
 -0.00020044  -0.00000000     0.00052439   0.00000000     0.00004310   0.00000000
  0.00034712   0.00000000     0.00024690   0.00000000    -0.00031000   0.00000000
   23   25
  0.00070991  -0.00000000    -0.00072771  -0.00000000    -0.00009328   0.00000000
 -0.00079091  -0.00000000    -0.01031082  -0.00000000     0.00009818   0.00000000
  0.00067050   0.00000000    -0.00000641  -0.00000000     0.00079145   0.00000000
   23   26
  0.00056360  -0.00000000     0.00048968   0.00000000    -0.00062309   0.00000000
  0.00038024   0.00000000    -0.00056901   0.00000000     0.00032061  -0.00000000
 -0.00053704   0.00000000     0.00040751  -0.00000000    -0.00302914  -0.00000000
   23   27
 -0.00772184  -0.00000000    -0.00648908  -0.00000000     0.00594389   0.00000000
 -0.00260946  -0.00000000    -0.00342240  -0.00000000     0.00199473   0.00000000
  0.00468559   0.00000000     0.00389070   0.00000000    -0.00149262  -0.00000000
   23   28
  0.00006992   0.00000000     0.00184172   0.00000000     0.00223577  -0.00000000
  0.00180529   0.00000000     0.00021428   0.00000000     0.00090032   0.00000000
  0.00342630   0.00000000     0.00109878   0.00000000    -0.00314878  -0.00000000
   23   29
 -0.02631670  -0.00000000     0.00146165  -0.00000000    -0.01646155  -0.00000000
 -0.00080472   0.00000000    -0.00661237  -0.00000000    -0.00079754   0.00000000
 -0.01370604   0.00000000     0.00046838  -0.00000000    -0.00882983   0.00000000
   23   30
 -0.00006734  -0.00000000    -0.00022924  -0.00000000     0.00026520  -0.00000000
 -0.00055129   0.00000000     0.00060876   0.00000000    -0.00039507   0.00000000
 -0.00034408  -0.00000000    -0.00077651  -0.00000000     0.00014871  -0.00000000
   23   31
 -0.00215580  -0.00000000    -0.00046663  -0.00000000     0.00079668  -0.00000000
 -0.00044595  -0.00000000    -0.00064864  -0.00000000     0.00020374  -0.00000000
  0.00014617  -0.00000000    -0.00031045  -0.00000000     0.00045202   0.00000000
   23   32
 -0.00728131   0.00000000     0.00721752   0.00000000    -0.00591787  -0.00000000
  0.00252788  -0.00000000    -0.00350693  -0.00000000     0.00160824   0.00000000
 -0.00513572   0.00000000     0.00376627   0.00000000    -0.00132799   0.00000000
   23   33
  0.00032493   0.00000000     0.00026292   0.00000000    -0.00421943   0.00000000
 -0.00004657   0.00000000     0.00017174   0.00000000    -0.00028077  -0.00000000
  0.00426249  -0.00000000     0.00014261  -0.00000000     0.00014242  -0.00000000
   23   34
 -0.02611473  -0.00000000    -0.00154584   0.00000000     0.01582834  -0.00000000
  0.00116980  -0.00000000    -0.00627340  -0.00000000    -0.00085776   0.00000000
  0.01332381  -0.00000000     0.00096689   0.00000000    -0.00835392   0.00000000
   23   35
  0.00009838  -0.00000000     0.00023075  -0.00000000     0.00124493   0.00000000
 -0.00016708  -0.00000000     0.00066878   0.00000000    -0.00007335   0.00000000
  0.00070512  -0.00000000     0.00021441   0.00000000    -0.00105679  -0.00000000
   23   36
 -0.00243984  -0.00000000    -0.00018394  -0.00000000    -0.00194468  -0.00000000
 -0.00050158  -0.00000000     0.00022422   0.00000000     0.00032043   0.00000000
 -0.00109595  -0.00000000    -0.00004484   0.00000000    -0.00092638   0.00000000
   24    1
  0.00226125   0.00000000    -0.00014946  -0.00000000     0.00022592   0.00000000
 -0.00015832  -0.00000000    -0.00514480  -0.00000000    -0.01076959   0.00000000
  0.00006631   0.00000000    -0.01083633  -0.00000000    -0.01440527   0.00000000
   24    2
 -0.00008330  -0.00000000    -0.00001739   0.00000000     0.00015139   0.00000000
  0.00034932   0.00000000    -0.00012118  -0.00000000     0.00009005   0.00000000
  0.00029747   0.00000000     0.00013029   0.00000000    -0.00045906  -0.00000000
   24    3
  0.01004307  -0.00000000    -0.00923698   0.00000000     0.00709981   0.00000000
 -0.00943439  -0.00000000     0.00513895   0.00000000    -0.00524772   0.00000000
  0.00708989   0.00000000    -0.00534549  -0.00000000     0.00184581  -0.00000000
   24    4
 -0.01023202  -0.00000000    -0.00938561  -0.00000000     0.00698584   0.00000000
 -0.00916190  -0.00000000    -0.00498165  -0.00000000     0.00540388   0.00000000
  0.00705934   0.00000000     0.00530499   0.00000000    -0.00213937  -0.00000000
   24    5
  0.00023853   0.00000000     0.00093297  -0.00000000     0.00220137   0.00000000
 -0.00122818  -0.00000000     0.00263080  -0.00000000    -0.00189798  -0.00000000
  0.00020516   0.00000000    -0.00139582  -0.00000000    -0.00146732  -0.00000000
   24    6
 -0.00151042  -0.00000000    -0.00061429   0.00000000     0.00064570  -0.00000000
  0.00167808  -0.00000000     0.00241561   0.00000000     0.00080488   0.00000000
 -0.00181823   0.00000000     0.00215129   0.00000000    -0.00120687  -0.00000000
   24    7
 -0.00118278   0.00000000     0.00081818   0.00000000     0.00114351   0.00000000
  0.00193039   0.00000000     0.00262566  -0.00000000     0.00193832  -0.00000000
  0.00121703   0.00000000    -0.00063470  -0.00000000     0.00029673  -0.00000000
   24    8
 -0.00158598  -0.00000000     0.00125223   0.00000000    -0.00137969   0.00000000
 -0.00014725  -0.00000000    -0.00106252  -0.00000000     0.00026690   0.00000000
 -0.00213029  -0.00000000     0.00068713   0.00000000     0.00148689   0.00000000
   24    9
 -0.01635447   0.00000000    -0.04319413  -0.00000000     0.01225057   0.00000000
 -0.03417834   0.00000000    -0.05428729  -0.00000000     0.02187618   0.00000000
  0.01008351  -0.00000000     0.02545644   0.00000000    -0.00696445  -0.00000000
   24   10
 -0.00009064   0.00000000    -0.00155946  -0.00000000    -0.00068636  -0.00000000
 -0.00053823   0.00000000     0.00127138  -0.00000000    -0.00021904  -0.00000000
  0.00244187   0.00000000     0.00110346   0.00000000    -0.00169613  -0.00000000
   24   11
 -0.01698986  -0.00000000     0.04367166   0.00000000    -0.01060718  -0.00000000
  0.03365247  -0.00000000    -0.05462101  -0.00000000     0.01991059   0.00000000
 -0.01059793   0.00000000     0.02536620  -0.00000000    -0.00792557  -0.00000000
   24   12
 -0.00070055   0.00000000    -0.00132452   0.00000000     0.00233455   0.00000000
 -0.00017356  -0.00000000     0.00102573  -0.00000000    -0.00043896   0.00000000
  0.00020479  -0.00000000    -0.00301497  -0.00000000    -0.00261257  -0.00000000
   24   13
 -0.00023050   0.00000000    -0.00013139  -0.00000000    -0.00139301  -0.00000000
  0.00116791   0.00000000    -0.05021043  -0.00000000    -0.03541306  -0.00000000
  0.00111398   0.00000000    -0.04693522   0.00000000    -0.02056591  -0.00000000
   24   14
  0.00203008   0.00000000    -0.00036170  -0.00000000     0.00116490   0.00000000
  0.00100164   0.00000000    -0.00111565   0.00000000    -0.00041133   0.00000000
 -0.00183269  -0.00000000    -0.00220099  -0.00000000     0.00089860   0.00000000
   24   15
  0.00079694  -0.00000000    -0.00060973  -0.00000000     0.00230456  -0.00000000
 -0.00030959  -0.00000000     0.00023089  -0.00000000    -0.00007222   0.00000000
 -0.00157499   0.00000000    -0.00105049   0.00000000    -0.00142688   0.00000000
   24   16
 -0.00003349   0.00000000    -0.00105757  -0.00000000    -0.00051045  -0.00000000
  0.00015528   0.00000000     0.00116922   0.00000000     0.00004039  -0.00000000
  0.00310827   0.00000000     0.00037797  -0.00000000    -0.00015781  -0.00000000
   24   17
 -0.00001530  -0.00000000    -0.00062627  -0.00000000     0.00079000   0.00000000
  0.00149419   0.00000000     0.00051518   0.00000000     0.00076533   0.00000000
  0.00118381   0.00000000    -0.00057678  -0.00000000    -0.00108019  -0.00000000
   24   18
 -0.00054445  -0.00000000     0.00021694   0.00000000    -0.00047087  -0.00000000
  0.00006050   0.00000000    -0.00610002   0.00000000    -0.00116320   0.00000000
 -0.00059757  -0.00000000     0.00188764   0.00000000    -0.03599833   0.00000000
   24   19
 -0.00020026  -0.00000000    -0.00007605   0.00000000     0.00394905   0.00000000
  0.00047740   0.00000000     0.00015938  -0.00000000    -0.00008615   0.00000000
 -0.00417208  -0.00000000    -0.00005564   0.00000000     0.00006310   0.00000000
   24   20
  0.00023156   0.00000000     0.00001390   0.00000000    -0.00034123  -0.00000000
  0.00001390   0.00000000    -0.00053602  -0.00000000    -0.00020020  -0.00000000
 -0.00034123  -0.00000000    -0.00020020  -0.00000000     0.00036194   0.00000000
   24   21
  0.00307306   0.00000000     0.00024947   0.00000000     0.00046532   0.00000000
 -0.00016499  -0.00000000    -0.00408581   0.00000000    -0.00120471  -0.00000000
 -0.00017383  -0.00000000     0.00110328   0.00000000     0.00210152   0.00000000
   24   22
  0.00064497  -0.00000000    -0.00037672  -0.00000000    -0.00053302  -0.00000000
 -0.00022663  -0.00000000    -0.00419773  -0.00000000     0.00378113   0.00000000
  0.00017713  -0.00000000     0.00751202  -0.00000000    -0.01088479  -0.00000000
   24   23
 -0.00007146  -0.00000000    -0.00020044  -0.00000000     0.00034712   0.00000000
  0.00027185   0.00000000     0.00052439   0.00000000     0.00024690   0.00000000
  0.00035594   0.00000000     0.00004310   0.00000000    -0.00031000   0.00000000
   24   24
  0.12536934   0.00000000    -0.00019393  -0.00000000     0.00042076   0.00000000
 -0.00019393  -0.00000000     0.20802586   0.00000000    -0.00605713  -0.00000000
  0.00042076   0.00000000    -0.00605713  -0.00000000     0.12980311   0.00000000
   24   25
  0.00046572  -0.00000000     0.00016428   0.00000000    -0.00112982  -0.00000000
  0.00008788   0.00000000    -0.00051027   0.00000000    -0.00001177   0.00000000
 -0.00095877  -0.00000000    -0.00008021   0.00000000    -0.00250137   0.00000000
   24   26
 -0.00070048  -0.00000000     0.00075279   0.00000000    -0.00025517  -0.00000000
  0.00081178   0.00000000     0.00992203   0.00000000     0.00000922  -0.00000000
  0.00047592   0.00000000     0.00002583   0.00000000    -0.00054275  -0.00000000
   24   27
 -0.00779349  -0.00000000     0.00664145   0.00000000     0.00598514   0.00000000
  0.00262471   0.00000000    -0.00387209  -0.00000000    -0.00201992  -0.00000000
  0.00473619   0.00000000    -0.00371564  -0.00000000    -0.00167819  -0.00000000
   24   28
 -0.02627224  -0.00000000    -0.00108462   0.00000000    -0.01643594  -0.00000000
  0.00110600  -0.00000000    -0.00663710  -0.00000000     0.00079972  -0.00000000
 -0.01381170   0.00000000    -0.00059503   0.00000000    -0.00886744   0.00000000
   24   29
  0.00012305   0.00000000    -0.00166899  -0.00000000     0.00223236  -0.00000000
 -0.00176565  -0.00000000     0.00031003   0.00000000    -0.00092402  -0.00000000
  0.00343280   0.00000000    -0.00101831  -0.00000000    -0.00320517  -0.00000000
   24   30
 -0.00216149  -0.00000000    -0.00010926  -0.00000000     0.00092328  -0.00000000
 -0.00011878  -0.00000000     0.00032264   0.00000000    -0.00056020  -0.00000000
  0.00020109  -0.00000000    -0.00001203  -0.00000000     0.00033278   0.00000000
   24   31
  0.00000803  -0.00000000    -0.00000193  -0.00000000     0.00053420   0.00000000
  0.00058633  -0.00000000    -0.00020477  -0.00000000     0.00055043   0.00000000
 -0.00009927   0.00000000     0.00063283  -0.00000000    -0.00007279  -0.00000000
   24   32
  0.00742341  -0.00000000     0.00702749   0.00000000     0.00564254   0.00000000
  0.00246425  -0.00000000     0.00338784  -0.00000000     0.00174050  -0.00000000
  0.00495710  -0.00000000     0.00380584   0.00000000     0.00115534  -0.00000000
   24   33
 -0.02616974  -0.00000000     0.00180726  -0.00000000     0.01588122  -0.00000000
 -0.00105321   0.00000000    -0.00617193  -0.00000000     0.00095965  -0.00000000
  0.01338760  -0.00000000    -0.00085723   0.00000000    -0.00836433   0.00000000
   24   34
  0.00039136   0.00000000    -0.00032166  -0.00000000    -0.00427089   0.00000000
  0.00012931  -0.00000000    -0.00025828  -0.00000000     0.00014812  -0.00000000
  0.00424026  -0.00000000    -0.00017430   0.00000000     0.00021654  -0.00000000
   24   35
 -0.00243173  -0.00000000    -0.00008083   0.00000000    -0.00168057   0.00000000
  0.00005687  -0.00000000    -0.00069491  -0.00000000     0.00008381   0.00000000
 -0.00087369   0.00000000     0.00041353   0.00000000    -0.00067935   0.00000000
   24   36
  0.00000219  -0.00000000    -0.00024545   0.00000000     0.00061391  -0.00000000
  0.00020007   0.00000000     0.00057241  -0.00000000     0.00035375   0.00000000
  0.00138106   0.00000000     0.00001361  -0.00000000    -0.00110010  -0.00000000
   25    1
  0.00224958   0.00000000    -0.00024352  -0.00000000     0.00019602   0.00000000
 -0.00012506   0.00000000    -0.00501520  -0.00000000    -0.01139544  -0.00000000
  0.00028329   0.00000000    -0.01113597  -0.00000000    -0.01493398  -0.00000000
   25    2
  0.00012546  -0.00000000     0.00009508   0.00000000    -0.00009710  -0.00000000
 -0.00053085  -0.00000000    -0.00000854  -0.00000000    -0.00009697   0.00000000
 -0.00007286  -0.00000000     0.00003442  -0.00000000     0.00025238   0.00000000
   25    3
 -0.01067782  -0.00000000     0.00967154   0.00000000    -0.00753253  -0.00000000
  0.00974464   0.00000000    -0.00524890  -0.00000000     0.00556341   0.00000000
 -0.00752807  -0.00000000     0.00560756   0.00000000    -0.00195352  -0.00000000
   25    4
 -0.01078546  -0.00000000    -0.00974629  -0.00000000     0.00747189   0.00000000
 -0.00975932   0.00000000    -0.00505829   0.00000000     0.00562498   0.00000000
  0.00742172  -0.00000000     0.00548564  -0.00000000    -0.00222345   0.00000000
   25    5
 -0.01619720  -0.00000000     0.04124459   0.00000000    -0.00887553  -0.00000000
  0.03280671  -0.00000000    -0.05423664  -0.00000000     0.01849121   0.00000000
 -0.00898744   0.00000000     0.02341446   0.00000000    -0.00537039  -0.00000000
   25    6
 -0.00150098  -0.00000000     0.00044748   0.00000000    -0.00277688  -0.00000000
  0.00049434   0.00000000    -0.00027056   0.00000000    -0.00043211  -0.00000000
  0.00106320  -0.00000000     0.00070997   0.00000000     0.00087582   0.00000000
   25    7
  0.00158013  -0.00000000    -0.00140599   0.00000000     0.00121880   0.00000000
 -0.00202514  -0.00000000    -0.00164659   0.00000000    -0.00077274  -0.00000000
 -0.00156590  -0.00000000     0.00103714   0.00000000     0.00128642   0.00000000
   25    8
 -0.00028484  -0.00000000    -0.00018575  -0.00000000     0.00047485   0.00000000
 -0.00074354   0.00000000     0.00088144  -0.00000000     0.00032561   0.00000000
  0.00056707  -0.00000000     0.00194328   0.00000000    -0.00178164  -0.00000000
   25    9
  0.00016478   0.00000000    -0.00133360  -0.00000000     0.00247529   0.00000000
 -0.00085221  -0.00000000     0.00012734  -0.00000000     0.00026601   0.00000000
 -0.00120717  -0.00000000    -0.00209574  -0.00000000    -0.00085892   0.00000000
   25   10
 -0.00024700  -0.00000000    -0.00245046  -0.00000000    -0.00063274  -0.00000000
 -0.00035571  -0.00000000     0.00035340   0.00000000    -0.00110126  -0.00000000
  0.00265608   0.00000000     0.00000188  -0.00000000    -0.00072181   0.00000000
   25   11
 -0.00094071   0.00000000     0.00149878   0.00000000     0.00088731  -0.00000000
 -0.00022097  -0.00000000     0.00213925  -0.00000000    -0.00124428   0.00000000
  0.00066056   0.00000000    -0.00129202  -0.00000000    -0.00111640   0.00000000
   25   12
 -0.01615100  -0.00000000    -0.04048806  -0.00000000     0.01038621   0.00000000
 -0.03328021   0.00000000    -0.05347041  -0.00000000     0.02029579   0.00000000
  0.00842411  -0.00000000     0.02308351   0.00000000    -0.00480707  -0.00000000
   25   13
  0.00068922   0.00000000    -0.00022950  -0.00000000    -0.00134760  -0.00000000
  0.00087803   0.00000000    -0.05406585   0.00000000    -0.03933397  -0.00000000
  0.00093521   0.00000000    -0.04683300   0.00000000    -0.02161990  -0.00000000
   25   14
  0.00235639   0.00000000    -0.00154020  -0.00000000     0.00266937   0.00000000
 -0.00046568  -0.00000000     0.00142633   0.00000000    -0.00055098  -0.00000000
  0.00268322   0.00000000    -0.00125433  -0.00000000    -0.00046897   0.00000000
   25   15
  0.00092006   0.00000000    -0.00024029   0.00000000    -0.00120988  -0.00000000
 -0.00193602  -0.00000000    -0.00254990  -0.00000000    -0.00099763  -0.00000000
  0.00123425   0.00000000    -0.00113348   0.00000000     0.00159991   0.00000000
   25   16
 -0.00052489   0.00000000     0.00119099   0.00000000     0.00055304   0.00000000
 -0.00018739  -0.00000000    -0.00155395  -0.00000000     0.00033504   0.00000000
 -0.00317908  -0.00000000    -0.00023238  -0.00000000     0.00000399  -0.00000000
   25   17
 -0.00100643  -0.00000000     0.00051167   0.00000000     0.00050247   0.00000000
  0.00042161   0.00000000     0.00380522   0.00000000    -0.00361883  -0.00000000
 -0.00020976  -0.00000000    -0.00784636  -0.00000000     0.01167466   0.00000000
   25   18
  0.00253627   0.00000000     0.00012883   0.00000000     0.00049171   0.00000000
 -0.00003928   0.00000000    -0.00425846   0.00000000     0.00007768  -0.00000000
 -0.00020596  -0.00000000    -0.00001749   0.00000000     0.00256016   0.00000000
   25   19
 -0.00016109   0.00000000     0.00034597   0.00000000     0.00036539   0.00000000
  0.00034597   0.00000000     0.00011191   0.00000000     0.00062032   0.00000000
  0.00036539   0.00000000     0.00062032   0.00000000    -0.00022215  -0.00000000
   25   20
 -0.00020026  -0.00000000     0.00047740   0.00000000    -0.00417208  -0.00000000
 -0.00007605   0.00000000     0.00015938  -0.00000000    -0.00005564   0.00000000
  0.00394905   0.00000000    -0.00008615   0.00000000     0.00006310   0.00000000
   25   21
 -0.00054186  -0.00000000     0.00013725   0.00000000    -0.00059444  -0.00000000
  0.00006976   0.00000000    -0.00615855  -0.00000000    -0.00179764   0.00000000
 -0.00040452  -0.00000000     0.00117664  -0.00000000    -0.03595917   0.00000000
   25   22
  0.00042842   0.00000000     0.00072984   0.00000000    -0.00111497  -0.00000000
 -0.00084235  -0.00000000    -0.00026898   0.00000000    -0.00032559   0.00000000
 -0.00094329  -0.00000000     0.00047878  -0.00000000     0.00131303   0.00000000
   25   23
  0.00070991  -0.00000000    -0.00079091  -0.00000000     0.00067050   0.00000000
 -0.00072771  -0.00000000    -0.01031082  -0.00000000    -0.00000641  -0.00000000
 -0.00009328   0.00000000     0.00009818   0.00000000     0.00079145   0.00000000
   25   24
  0.00046572  -0.00000000     0.00008788   0.00000000    -0.00095877  -0.00000000
  0.00016428   0.00000000    -0.00051027   0.00000000    -0.00008021   0.00000000
 -0.00112982  -0.00000000    -0.00001177   0.00000000    -0.00250137   0.00000000
   25   25
  0.12586500   0.00000000    -0.00030803  -0.00000000     0.00028903   0.00000000
 -0.00030803  -0.00000000     0.21831856   0.00000000     0.00090901  -0.00000000
  0.00028903   0.00000000     0.00090901  -0.00000000     0.12553130   0.00000000
   25   26
 -0.00035554  -0.00000000     0.00014794   0.00000000    -0.00054250  -0.00000000
 -0.00011403  -0.00000000     0.00020369   0.00000000    -0.00019055  -0.00000000
 -0.00056431  -0.00000000    -0.00007712  -0.00000000     0.00028398   0.00000000
   25   27
 -0.00793140  -0.00000000    -0.00709453  -0.00000000    -0.00536908  -0.00000000
 -0.00304169  -0.00000000    -0.00354521  -0.00000000    -0.00157052  -0.00000000
 -0.00552430  -0.00000000    -0.00419153  -0.00000000    -0.00164559  -0.00000000
   25   28
  0.00024286   0.00000000    -0.00037122   0.00000000    -0.00037525  -0.00000000
 -0.00038609   0.00000000     0.00023450   0.00000000    -0.00074920   0.00000000
  0.00023108  -0.00000000    -0.00059884   0.00000000    -0.00005399   0.00000000
   25   29
 -0.00255810  -0.00000000    -0.00051601  -0.00000000     0.00122823   0.00000000
 -0.00052968  -0.00000000     0.00002422   0.00000000    -0.00000421  -0.00000000
  0.00124417   0.00000000    -0.00026637  -0.00000000     0.00044557  -0.00000000
   25   30
  0.00024150   0.00000000    -0.00182340  -0.00000000     0.00311547   0.00000000
 -0.00189960  -0.00000000    -0.00005256   0.00000000    -0.00113659  -0.00000000
  0.00320596  -0.00000000    -0.00097362  -0.00000000    -0.00355443  -0.00000000
   25   31
  0.02813159   0.00000000     0.00084771  -0.00000000     0.01577305   0.00000000
 -0.00129468   0.00000000     0.00646935  -0.00000000    -0.00059376   0.00000000
  0.01599995   0.00000000     0.00061845  -0.00000000     0.00980206   0.00000000
   25   32
  0.00852682   0.00000000    -0.00672972   0.00000000    -0.00578033  -0.00000000
 -0.00305868   0.00000000     0.00403849   0.00000000     0.00221177   0.00000000
 -0.00498447   0.00000000     0.00422885   0.00000000     0.00211884  -0.00000000
   25   33
  0.00018637   0.00000000    -0.00035315  -0.00000000     0.00048024  -0.00000000
  0.00014142  -0.00000000    -0.00015410  -0.00000000     0.00019713   0.00000000
  0.00125985   0.00000000    -0.00018313   0.00000000    -0.00082737  -0.00000000
   25   34
  0.00290394   0.00000000    -0.00034946  -0.00000000     0.00170206  -0.00000000
 -0.00051846  -0.00000000     0.00116461   0.00000000    -0.00062395  -0.00000000
  0.00188610  -0.00000000    -0.00033006  -0.00000000     0.00034910  -0.00000000
   25   35
 -0.00009341   0.00000000     0.00013803  -0.00000000     0.00390120  -0.00000000
 -0.00004205   0.00000000     0.00005197   0.00000000    -0.00009452   0.00000000
 -0.00422016  -0.00000000     0.00037335   0.00000000     0.00008776  -0.00000000
   25   36
 -0.02781225  -0.00000000     0.00133800   0.00000000     0.01529671   0.00000000
 -0.00153373  -0.00000000    -0.00613285  -0.00000000     0.00093005   0.00000000
  0.01520604   0.00000000    -0.00061296  -0.00000000    -0.00899163  -0.00000000
   26    1
 -0.00206085  -0.00000000     0.00012550  -0.00000000     0.00003956  -0.00000000
  0.00026157   0.00000000     0.00519199   0.00000000    -0.01117715  -0.00000000
  0.00002695  -0.00000000    -0.01089037  -0.00000000     0.01484785   0.00000000
   26    2
  0.00002093  -0.00000000    -0.00006915  -0.00000000    -0.00005792   0.00000000
  0.00027833  -0.00000000     0.00019149   0.00000000     0.00030720   0.00000000
  0.00004142   0.00000000    -0.00007512   0.00000000     0.00003899   0.00000000
   26    3
 -0.01080042  -0.00000000    -0.00965862  -0.00000000    -0.00741154  -0.00000000
 -0.00968457  -0.00000000    -0.00507798  -0.00000000    -0.00562609  -0.00000000
 -0.00746232  -0.00000000    -0.00552218  -0.00000000    -0.00214982  -0.00000000
   26    4
  0.01065052  -0.00000000    -0.00961437   0.00000000    -0.00759432  -0.00000000
 -0.00977377  -0.00000000     0.00527488   0.00000000     0.00556230  -0.00000000
 -0.00756811  -0.00000000     0.00555007  -0.00000000     0.00222909   0.00000000
   26    5
  0.00244452   0.00000000     0.00172145   0.00000000     0.00279215   0.00000000
  0.00012215   0.00000000     0.00097901   0.00000000     0.00001762  -0.00000000
  0.00240610   0.00000000     0.00095307  -0.00000000    -0.00055827   0.00000000
   26    6
 -0.01614654  -0.00000000     0.04060603   0.00000000     0.01006629   0.00000000
  0.03373273  -0.00000000    -0.05377048  -0.00000000    -0.02045941  -0.00000000
  0.00823435  -0.00000000    -0.02298022  -0.00000000    -0.00473526  -0.00000000
   26    7
 -0.00030438  -0.00000000     0.00280888   0.00000000    -0.00055985  -0.00000000
  0.00024689   0.00000000    -0.00003024   0.00000000     0.00156094   0.00000000
  0.00247021   0.00000000     0.00011182   0.00000000    -0.00045073   0.00000000
   26    8
 -0.00120607   0.00000000    -0.00156521  -0.00000000     0.00096793  -0.00000000
 -0.00007294  -0.00000000     0.00216733   0.00000000     0.00113149  -0.00000000
  0.00050103   0.00000000     0.00130585   0.00000000    -0.00123287  -0.00000000
   26    9
  0.00082314  -0.00000000    -0.00030407  -0.00000000    -0.00071706  -0.00000000
  0.00169542   0.00000000    -0.00087935   0.00000000     0.00085077   0.00000000
  0.00137303   0.00000000     0.00132933  -0.00000000     0.00175802   0.00000000
   26   10
  0.00162808  -0.00000000     0.00102565  -0.00000000     0.00116458   0.00000000
  0.00208888   0.00000000    -0.00203474  -0.00000000     0.00116055   0.00000000
 -0.00112817  -0.00000000    -0.00081102   0.00000000     0.00146924   0.00000000
   26   11
 -0.00044889  -0.00000000     0.00077770   0.00000000     0.00012679   0.00000000
  0.00089707  -0.00000000     0.00305425   0.00000000    -0.00010748   0.00000000
  0.00041030  -0.00000000    -0.00165521  -0.00000000    -0.00186701  -0.00000000
   26   12
 -0.00126302  -0.00000000    -0.00056617  -0.00000000    -0.00250687  -0.00000000
  0.00029382  -0.00000000    -0.00066442   0.00000000     0.00018975   0.00000000
  0.00078313  -0.00000000    -0.00129844  -0.00000000     0.00083326   0.00000000
   26   13
 -0.00010580   0.00000000    -0.00122776  -0.00000000     0.00022068  -0.00000000
 -0.00004461  -0.00000000     0.00055271   0.00000000    -0.00007171  -0.00000000
 -0.00312422  -0.00000000    -0.00025082  -0.00000000    -0.00027171  -0.00000000
   26   14
 -0.01597149   0.00000000    -0.04118428  -0.00000000    -0.00862685  -0.00000000
 -0.03263173   0.00000000    -0.05392946  -0.00000000    -0.01880702  -0.00000000
 -0.00901094   0.00000000    -0.02367759  -0.00000000    -0.00537718  -0.00000000
   26   15
  0.00058051   0.00000000     0.00076970  -0.00000000     0.00208028   0.00000000
  0.00096749   0.00000000     0.00040047  -0.00000000    -0.00090907  -0.00000000
 -0.00136067  -0.00000000     0.00191766   0.00000000    -0.00073545   0.00000000
   26   16
  0.00059882  -0.00000000    -0.00013855  -0.00000000    -0.00131719  -0.00000000
 -0.00138645  -0.00000000    -0.05382900   0.00000000     0.03962202   0.00000000
  0.00077333   0.00000000     0.04654331  -0.00000000    -0.02121406   0.00000000
   26   17
  0.00118236   0.00000000     0.00040466   0.00000000    -0.00045297  -0.00000000
  0.00009344   0.00000000    -0.00392696  -0.00000000    -0.00368507  -0.00000000
  0.00035876   0.00000000    -0.00786409  -0.00000000    -0.01155850  -0.00000000
   26   18
  0.00027552   0.00000000    -0.00050774  -0.00000000     0.00034591   0.00000000
 -0.00050774  -0.00000000    -0.00037639  -0.00000000    -0.00002055  -0.00000000
  0.00034591   0.00000000    -0.00002055  -0.00000000    -0.00045940  -0.00000000
   26   19
  0.00253627   0.00000000    -0.00003928   0.00000000    -0.00020596  -0.00000000
  0.00012883   0.00000000    -0.00425846   0.00000000    -0.00001749   0.00000000
  0.00049171   0.00000000     0.00007768  -0.00000000     0.00256016   0.00000000
   26   20
 -0.00054445  -0.00000000     0.00006050   0.00000000    -0.00059757  -0.00000000
  0.00021694   0.00000000    -0.00610002   0.00000000     0.00188764   0.00000000
 -0.00047087  -0.00000000    -0.00116320   0.00000000    -0.03599833   0.00000000
   26   21
 -0.00011629  -0.00000000    -0.00052164  -0.00000000    -0.00425505  -0.00000000
  0.00021996   0.00000000     0.00024368  -0.00000000    -0.00001161  -0.00000000
  0.00385119   0.00000000     0.00004943  -0.00000000     0.00016097   0.00000000
   26   22
  0.00018328   0.00000000    -0.00072104  -0.00000000    -0.00088682  -0.00000000
  0.00093273   0.00000000    -0.00045870  -0.00000000     0.00040895   0.00000000
 -0.00114599  -0.00000000    -0.00031735   0.00000000     0.00146609   0.00000000
   26   23
  0.00056360  -0.00000000     0.00038024   0.00000000    -0.00053704   0.00000000
  0.00048968   0.00000000    -0.00056901   0.00000000     0.00040751  -0.00000000
 -0.00062309   0.00000000     0.00032061  -0.00000000    -0.00302914  -0.00000000
   26   24
 -0.00070048  -0.00000000     0.00081178   0.00000000     0.00047592   0.00000000
  0.00075279   0.00000000     0.00992203   0.00000000     0.00002583   0.00000000
 -0.00025517  -0.00000000     0.00000922  -0.00000000    -0.00054275  -0.00000000
   26   25
 -0.00035554  -0.00000000    -0.00011403  -0.00000000    -0.00056431  -0.00000000
  0.00014794   0.00000000     0.00020369   0.00000000    -0.00007712  -0.00000000
 -0.00054250  -0.00000000    -0.00019055  -0.00000000     0.00028398   0.00000000
   26   26
  0.12582281   0.00000000     0.00045435   0.00000000     0.00019303   0.00000000
  0.00045435   0.00000000     0.21814396   0.00000000    -0.00090103   0.00000000
  0.00019303   0.00000000    -0.00090103   0.00000000     0.12559578   0.00000000
   26   27
 -0.00801053  -0.00000000     0.00728313   0.00000000    -0.00568012  -0.00000000
  0.00313009   0.00000000    -0.00388949  -0.00000000     0.00156123   0.00000000
 -0.00557743  -0.00000000     0.00411811   0.00000000    -0.00182494  -0.00000000
   26   28
 -0.00259998  -0.00000000     0.00002668  -0.00000000     0.00097872   0.00000000
 -0.00001918  -0.00000000    -0.00116191  -0.00000000    -0.00023283  -0.00000000
  0.00113434   0.00000000     0.00003074  -0.00000000     0.00063294   0.00000000
   26   29
  0.00023628   0.00000000     0.00052818   0.00000000    -0.00006335   0.00000000
  0.00007891  -0.00000000    -0.00045772  -0.00000000     0.00056513  -0.00000000
  0.00053007   0.00000000     0.00075469   0.00000000    -0.00029134  -0.00000000
   26   30
  0.02810534   0.00000000    -0.00122555  -0.00000000     0.01585890   0.00000000
  0.00101230  -0.00000000     0.00647583  -0.00000000     0.00065683  -0.00000000
  0.01597799   0.00000000    -0.00060430   0.00000000     0.00973341  -0.00000000
   26   31
  0.00014363   0.00000000     0.00199303   0.00000000     0.00315426   0.00000000
  0.00198664   0.00000000     0.00007269   0.00000000     0.00116989   0.00000000
  0.00309717  -0.00000000     0.00104592   0.00000000    -0.00346636  -0.00000000
   26   32
 -0.00851882   0.00000000    -0.00640720   0.00000000     0.00576279   0.00000000
 -0.00303538   0.00000000    -0.00382605   0.00000000     0.00200802   0.00000000
  0.00499044  -0.00000000     0.00439042   0.00000000    -0.00197569   0.00000000
   26   33
  0.00274966   0.00000000     0.00075036   0.00000000     0.00201689   0.00000000
  0.00080643   0.00000000     0.00026550  -0.00000000     0.00012486  -0.00000000
  0.00210587   0.00000000     0.00004557  -0.00000000     0.00066259   0.00000000
   26   34
  0.00014282   0.00000000     0.00043884   0.00000000     0.00120779   0.00000000
 -0.00000746   0.00000000    -0.00021887  -0.00000000     0.00005187  -0.00000000
  0.00062942  -0.00000000     0.00038978   0.00000000    -0.00090155  -0.00000000
   26   35
 -0.02783452  -0.00000000    -0.00119406  -0.00000000     0.01521254   0.00000000
  0.00168560   0.00000000    -0.00612247  -0.00000000    -0.00082679  -0.00000000
  0.01524459   0.00000000     0.00064066   0.00000000    -0.00898518  -0.00000000
   26   36
 -0.00010063   0.00000000    -0.00012367   0.00000000     0.00391547  -0.00000000
 -0.00004410  -0.00000000    -0.00002592   0.00000000     0.00012417  -0.00000000
 -0.00421019  -0.00000000    -0.00038597  -0.00000000     0.00004464  -0.00000000
   27    1
  0.00012924  -0.00000000    -0.00018890   0.00000000     0.00039716   0.00000000
  0.00000973  -0.00000000     0.00006623  -0.00000000     0.00000780   0.00000000
  0.00056035   0.00000000    -0.00039887   0.00000000    -0.00026864  -0.00000000
   27    2
  0.00012924  -0.00000000    -0.00018890  -0.00000000     0.00039716   0.00000000
  0.00000973   0.00000000     0.00006623  -0.00000000     0.00000780   0.00000000
  0.00056035   0.00000000    -0.00039887  -0.00000000    -0.00026864   0.00000000
   27    3
  0.00107540   0.00000000    -0.00047799  -0.00000000     0.00005710   0.00000000
  0.00004345   0.00000000    -0.00496203  -0.00000000     0.00001225   0.00000000
  0.00007004   0.00000000     0.00009375   0.00000000     0.00096860  -0.00000000
   27    4
  0.00107540   0.00000000    -0.00047799  -0.00000000     0.00005710   0.00000000
  0.00004345   0.00000000    -0.00496203  -0.00000000     0.00001225   0.00000000
  0.00007004   0.00000000     0.00009375   0.00000000     0.00096860   0.00000000
   27    5
 -0.00112246  -0.00000000     0.00017452   0.00000000    -0.00164503  -0.00000000
 -0.00005448  -0.00000000    -0.00029839  -0.00000000    -0.00001551  -0.00000000
 -0.00168743  -0.00000000    -0.00039472  -0.00000000     0.00074557   0.00000000
   27    6
 -0.01531732  -0.00000000     0.00002320   0.00000000    -0.03229129  -0.00000000
 -0.00020637  -0.00000000    -0.00148941  -0.00000000     0.00019591   0.00000000
 -0.03360649  -0.00000000    -0.00011594  -0.00000000    -0.05624919  -0.00000000
   27    7
 -0.00143679  -0.00000000     0.00001725   0.00000000    -0.00043928  -0.00000000
  0.00020803   0.00000000    -0.00077573  -0.00000000    -0.00031749  -0.00000000
  0.00212491   0.00000000     0.00017637   0.00000000    -0.00027596  -0.00000000
   27    8
 -0.01422951  -0.00000000     0.00030305   0.00000000     0.02910798   0.00000000
 -0.00042184  -0.00000000    -0.00243144  -0.00000000    -0.00026924  -0.00000000
  0.02870345   0.00000000     0.00024258   0.00000000    -0.04727598  -0.00000000
   27    9
  0.00007824  -0.00000000     0.00011379  -0.00000000     0.00099084   0.00000000
 -0.00001368  -0.00000000    -0.00105875  -0.00000000     0.00005938   0.00000000
 -0.00164037  -0.00000000     0.00021409  -0.00000000    -0.00225861  -0.00000000
   27   10
 -0.00143679  -0.00000000     0.00001725  -0.00000000    -0.00043928  -0.00000000
  0.00020803   0.00000000    -0.00077573  -0.00000000    -0.00031749  -0.00000000
  0.00212491   0.00000000     0.00017637   0.00000000    -0.00027596  -0.00000000
   27   11
 -0.01422951  -0.00000000     0.00030305   0.00000000     0.02910798   0.00000000
 -0.00042184  -0.00000000    -0.00243144  -0.00000000    -0.00026924  -0.00000000
  0.02870345   0.00000000     0.00024258   0.00000000    -0.04727598  -0.00000000
   27   12
 -0.01531732  -0.00000000     0.00002320  -0.00000000    -0.03229129  -0.00000000
 -0.00020637  -0.00000000    -0.00148941  -0.00000000     0.00019591   0.00000000
 -0.03360649  -0.00000000    -0.00011594  -0.00000000    -0.05624919  -0.00000000
   27   13
 -0.07354934  -0.00000000     0.00028293   0.00000000     0.00094839   0.00000000
 -0.00007383  -0.00000000    -0.00174545  -0.00000000    -0.00001376   0.00000000
  0.00220132   0.00000000     0.00002738   0.00000000     0.00239401   0.00000000
   27   14
 -0.00112246  -0.00000000     0.00017452   0.00000000    -0.00164503  -0.00000000
 -0.00005448  -0.00000000    -0.00029839  -0.00000000    -0.00001551   0.00000000
 -0.00168743  -0.00000000    -0.00039472  -0.00000000     0.00074557   0.00000000
   27   15
  0.00007824  -0.00000000     0.00011379   0.00000000     0.00099084   0.00000000
 -0.00001368  -0.00000000    -0.00105875  -0.00000000     0.00005938   0.00000000
 -0.00164037  -0.00000000     0.00021409   0.00000000    -0.00225861  -0.00000000
   27   16
 -0.07354934  -0.00000000     0.00028293   0.00000000     0.00094839   0.00000000
 -0.00007383  -0.00000000    -0.00174545  -0.00000000    -0.00001376  -0.00000000
  0.00220132   0.00000000     0.00002738   0.00000000     0.00239401   0.00000000
   27   17
  0.00000000  -0.00000000     0.00000000   0.00000000    -0.00000000   0.00000000
  0.00000000   0.00000000     0.00000000   0.00000000    -0.00000000  -0.00000000
  0.00000000   0.00000000    -0.00000000  -0.00000000    -0.00000000  -0.00000000
   27   18
 -0.00801053  -0.00000000     0.00313009   0.00000000    -0.00557743  -0.00000000
  0.00728313   0.00000000    -0.00388949  -0.00000000     0.00411811   0.00000000
 -0.00568012  -0.00000000     0.00156123   0.00000000    -0.00182494  -0.00000000
   27   19
 -0.00793140  -0.00000000    -0.00304169  -0.00000000    -0.00552430  -0.00000000
 -0.00709453  -0.00000000    -0.00354521  -0.00000000    -0.00419153  -0.00000000
 -0.00536908  -0.00000000    -0.00157052  -0.00000000    -0.00164559  -0.00000000
   27   20
 -0.00779349  -0.00000000     0.00262471   0.00000000     0.00473619   0.00000000
  0.00664145   0.00000000    -0.00387209  -0.00000000    -0.00371564  -0.00000000
  0.00598514   0.00000000    -0.00201992  -0.00000000    -0.00167819  -0.00000000
   27   21
 -0.00772184  -0.00000000    -0.00260946  -0.00000000     0.00468559   0.00000000
 -0.00648908  -0.00000000    -0.00342240  -0.00000000     0.00389070   0.00000000
  0.00594389   0.00000000     0.00199473   0.00000000    -0.00149262  -0.00000000
   27   22
 -0.00279490  -0.00000000    -0.00021312  -0.00000000     0.00071673  -0.00000000
 -0.00050507  -0.00000000     0.00230336   0.00000000    -0.00031267  -0.00000000
  0.00082730  -0.00000000    -0.00011094  -0.00000000    -0.00372225  -0.00000000
   27   23
 -0.00772184  -0.00000000    -0.00260946  -0.00000000     0.00468559   0.00000000
 -0.00648908  -0.00000000    -0.00342240  -0.00000000     0.00389070   0.00000000
  0.00594389   0.00000000     0.00199473   0.00000000    -0.00149262  -0.00000000
   27   24
 -0.00779349  -0.00000000     0.00262471   0.00000000     0.00473619   0.00000000
  0.00664145   0.00000000    -0.00387209  -0.00000000    -0.00371564  -0.00000000
  0.00598514   0.00000000    -0.00201992  -0.00000000    -0.00167819  -0.00000000
   27   25
 -0.00793140  -0.00000000    -0.00304169  -0.00000000    -0.00552430  -0.00000000
 -0.00709453  -0.00000000    -0.00354521  -0.00000000    -0.00419153  -0.00000000
 -0.00536908  -0.00000000    -0.00157052  -0.00000000    -0.00164559  -0.00000000
   27   26
 -0.00801053  -0.00000000     0.00313009   0.00000000    -0.00557743  -0.00000000
  0.00728313   0.00000000    -0.00388949  -0.00000000     0.00411811   0.00000000
 -0.00568012  -0.00000000     0.00156123   0.00000000    -0.00182494  -0.00000000
   27   27
  0.26860305  -0.00000000    -0.00030662  -0.00000000     0.01080527  -0.00000000
 -0.00030662  -0.00000000     0.06728650   0.00000000    -0.00012753  -0.00000000
  0.01080527  -0.00000000    -0.00012753  -0.00000000     0.25813189   0.00000000
   27   28
  0.00151269   0.00000000     0.00036996   0.00000000     0.00069843   0.00000000
 -0.00005789   0.00000000    -0.00357145  -0.00000000    -0.00775936  -0.00000000
 -0.00079282  -0.00000000    -0.00320807  -0.00000000    -0.01099597  -0.00000000
   27   29
  0.00125466   0.00000000    -0.00073655  -0.00000000     0.00049424   0.00000000
 -0.00014421  -0.00000000    -0.00384181  -0.00000000     0.00758490   0.00000000
 -0.00088678  -0.00000000     0.00305857   0.00000000    -0.01107592  -0.00000000
   27   30
  0.00029044  -0.00000000    -0.00117086  -0.00000000    -0.00096248  -0.00000000
  0.00082445   0.00000000    -0.00000532   0.00000000     0.00058462   0.00000000
 -0.00101772  -0.00000000    -0.00062304  -0.00000000     0.00124040   0.00000000
   27   31
 -0.00006184  -0.00000000     0.00108098   0.00000000    -0.00116605  -0.00000000
 -0.00071342  -0.00000000    -0.00062871  -0.00000000    -0.00033128  -0.00000000
 -0.00094457  -0.00000000     0.00070472   0.00000000     0.00140388   0.00000000
   27   32
 -0.00000000   0.00000000     0.00000000   0.00000000     0.00000000  -0.00000000
  0.00000000   0.00000000    -0.00000000  -0.00000000     0.00000000   0.00000000
 -0.00000000   0.00000000     0.00000000   0.00000000     0.00000000  -0.00000000
   27   33
 -0.00006184  -0.00000000     0.00108098   0.00000000    -0.00116605  -0.00000000
 -0.00071342  -0.00000000    -0.00062871   0.00000000    -0.00033128  -0.00000000
 -0.00094457  -0.00000000     0.00070472   0.00000000     0.00140388   0.00000000
   27   34
  0.00029044  -0.00000000    -0.00117086  -0.00000000    -0.00096248  -0.00000000
  0.00082445   0.00000000    -0.00000532   0.00000000     0.00058462   0.00000000
 -0.00101772  -0.00000000    -0.00062304  -0.00000000     0.00124040   0.00000000
   27   35
  0.00125466   0.00000000    -0.00073655  -0.00000000     0.00049424   0.00000000
 -0.00014421  -0.00000000    -0.00384181  -0.00000000     0.00758490   0.00000000
 -0.00088678  -0.00000000     0.00305857   0.00000000    -0.01107592  -0.00000000
   27   36
  0.00151269   0.00000000     0.00036996   0.00000000     0.00069843   0.00000000
 -0.00005789   0.00000000    -0.00357145  -0.00000000    -0.00775936  -0.00000000
 -0.00079282  -0.00000000    -0.00320807  -0.00000000    -0.01099597  -0.00000000
   28    1
 -0.01008043   0.00000000     0.00930908  -0.00000000     0.00732459   0.00000000
  0.00941707   0.00000000    -0.00527848  -0.00000000    -0.00533175   0.00000000
  0.00723350   0.00000000    -0.00548927  -0.00000000    -0.00209200  -0.00000000
   28    2
 -0.01028402  -0.00000000    -0.00934239  -0.00000000    -0.00700189  -0.00000000
 -0.00927283  -0.00000000    -0.00495472  -0.00000000    -0.00552426  -0.00000000
 -0.00711076  -0.00000000    -0.00536605  -0.00000000    -0.00206200  -0.00000000
   28    3
  0.00002957  -0.00000000     0.00007823   0.00000000    -0.00022617  -0.00000000
  0.00029290   0.00000000     0.00030098   0.00000000     0.00028719   0.00000000
 -0.00007272  -0.00000000    -0.00010287  -0.00000000     0.00010145   0.00000000
   28    4
  0.00200776   0.00000000    -0.00010636  -0.00000000     0.00005572   0.00000000
 -0.00001520   0.00000000    -0.00511554  -0.00000000     0.01077017   0.00000000
 -0.00006186   0.00000000     0.01068224   0.00000000    -0.01439907  -0.00000000
   28    5
  0.00105652   0.00000000     0.00199660  -0.00000000    -0.00082807   0.00000000
  0.00023394   0.00000000    -0.00220117  -0.00000000    -0.00106948   0.00000000
  0.00204942   0.00000000    -0.00113073  -0.00000000     0.00230108   0.00000000
   28    6
 -0.01474487  -0.00000000     0.03973737   0.00000000     0.00949401   0.00000000
  0.02967570   0.00000000    -0.05001899  -0.00000000    -0.01870723  -0.00000000
  0.00737952   0.00000000    -0.02294690  -0.00000000    -0.00542951  -0.00000000
   28    7
 -0.00002158   0.00000000    -0.00072325  -0.00000000     0.00037871  -0.00000000
 -0.00228388  -0.00000000    -0.05435245  -0.00000000     0.04003346   0.00000000
  0.00277121   0.00000000     0.04901037  -0.00000000    -0.02256139   0.00000000
   28    8
 -0.00088630   0.00000000    -0.00128340  -0.00000000    -0.00247775  -0.00000000
  0.00010113   0.00000000    -0.00094143  -0.00000000     0.00043317   0.00000000
 -0.00167402  -0.00000000    -0.00076695  -0.00000000     0.00068888   0.00000000
   28    9
  0.00081159   0.00000000     0.00034840   0.00000000    -0.00014527   0.00000000
 -0.00265377  -0.00000000     0.00159189   0.00000000    -0.00041437   0.00000000
 -0.00018897  -0.00000000    -0.00102500  -0.00000000    -0.00188237  -0.00000000
   28   10
 -0.00089194  -0.00000000     0.00144316   0.00000000    -0.00058081  -0.00000000
  0.00007693  -0.00000000    -0.00048654   0.00000000    -0.00010312  -0.00000000
  0.00303414   0.00000000     0.00012196  -0.00000000     0.00023428   0.00000000
   28   11
 -0.01895262  -0.00000000    -0.04337233  -0.00000000    -0.00898226  -0.00000000
 -0.03376745   0.00000000    -0.05424043  -0.00000000    -0.01876870  -0.00000000
 -0.00920320   0.00000000    -0.02458159  -0.00000000    -0.00532103  -0.00000000
   28   12
  0.00091068  -0.00000000     0.00034219   0.00000000     0.00205223  -0.00000000
 -0.00029843  -0.00000000     0.00050361   0.00000000    -0.00000180  -0.00000000
 -0.00102260  -0.00000000     0.00100906   0.00000000    -0.00129546   0.00000000
   28   13
 -0.00189737  -0.00000000    -0.00126315   0.00000000    -0.00160145   0.00000000
 -0.00157020  -0.00000000     0.00169490  -0.00000000    -0.00113336  -0.00000000
  0.00070938  -0.00000000     0.00161367   0.00000000    -0.00122707   0.00000000
   28   14
 -0.00050414  -0.00000000     0.00091587   0.00000000     0.00037360   0.00000000
  0.00190268   0.00000000     0.00385241   0.00000000    -0.00020623   0.00000000
  0.00198922   0.00000000    -0.00160768  -0.00000000    -0.00122535  -0.00000000
   28   15
 -0.00034852   0.00000000    -0.00022754  -0.00000000     0.00225770   0.00000000
  0.00064814   0.00000000     0.00104200  -0.00000000     0.00045080  -0.00000000
 -0.00087026  -0.00000000     0.00160802   0.00000000    -0.00117707  -0.00000000
   28   16
 -0.00127006  -0.00000000     0.00298876   0.00000000     0.00019777   0.00000000
  0.00030696   0.00000000     0.00069174   0.00000000     0.00004668  -0.00000000
  0.00219518   0.00000000    -0.00032655  -0.00000000    -0.00187740   0.00000000
   28   17
 -0.00760912  -0.00000000     0.00700154   0.00000000    -0.00526920  -0.00000000
  0.00271059   0.00000000    -0.00352462  -0.00000000     0.00132344   0.00000000
 -0.00588334  -0.00000000     0.00417801   0.00000000    -0.00123342  -0.00000000
   28   18
 -0.00010063   0.00000000    -0.00004410  -0.00000000    -0.00421019  -0.00000000
 -0.00012367   0.00000000    -0.00002592   0.00000000    -0.00038597  -0.00000000
  0.00391547  -0.00000000     0.00012417  -0.00000000     0.00004464  -0.00000000
   28   19
 -0.02781225  -0.00000000    -0.00153373  -0.00000000     0.01520604   0.00000000
  0.00133800   0.00000000    -0.00613285  -0.00000000    -0.00061296  -0.00000000
  0.01529671   0.00000000     0.00093005   0.00000000    -0.00899163  -0.00000000
   28   20
  0.00000219  -0.00000000     0.00020007   0.00000000     0.00138106   0.00000000
 -0.00024545   0.00000000     0.00057241  -0.00000000     0.00001361  -0.00000000
  0.00061391  -0.00000000     0.00035375   0.00000000    -0.00110010  -0.00000000
   28   21
 -0.00243984  -0.00000000    -0.00050158  -0.00000000    -0.00109595  -0.00000000
 -0.00018394  -0.00000000     0.00022422   0.00000000    -0.00004484   0.00000000
 -0.00194468  -0.00000000     0.00032043   0.00000000    -0.00092638   0.00000000
   28   22
 -0.00807020   0.00000000    -0.00626487   0.00000000     0.00533666   0.00000000
 -0.00315997  -0.00000000    -0.00417682  -0.00000000     0.00210138   0.00000000
  0.00454600  -0.00000000     0.00412953   0.00000000    -0.00196264   0.00000000
   28   23
  0.00006992   0.00000000     0.00180529   0.00000000     0.00342630   0.00000000
  0.00184172   0.00000000     0.00021428   0.00000000     0.00109878   0.00000000
  0.00223577  -0.00000000     0.00090032   0.00000000    -0.00314878  -0.00000000
   28   24
 -0.02627224  -0.00000000     0.00110600  -0.00000000    -0.01381170   0.00000000
 -0.00108462   0.00000000    -0.00663710  -0.00000000    -0.00059503   0.00000000
 -0.01643594  -0.00000000     0.00079972  -0.00000000    -0.00886744   0.00000000
   28   25
  0.00024286   0.00000000    -0.00038609   0.00000000     0.00023108  -0.00000000
 -0.00037122   0.00000000     0.00023450   0.00000000    -0.00059884   0.00000000
 -0.00037525  -0.00000000    -0.00074920   0.00000000    -0.00005399   0.00000000
   28   26
 -0.00259998  -0.00000000    -0.00001918  -0.00000000     0.00113434   0.00000000
  0.00002668  -0.00000000    -0.00116191  -0.00000000     0.00003074  -0.00000000
  0.00097872   0.00000000    -0.00023283  -0.00000000     0.00063294   0.00000000
   28   27
  0.00151269   0.00000000    -0.00005789   0.00000000    -0.00079282  -0.00000000
  0.00036996   0.00000000    -0.00357145  -0.00000000    -0.00320807  -0.00000000
  0.00069843   0.00000000    -0.00775936  -0.00000000    -0.01099597  -0.00000000
   28   28
  0.12842687   0.00000000     0.00510073   0.00000000    -0.00268004   0.00000000
  0.00510073   0.00000000     0.20736742   0.00000000    -0.00212155   0.00000000
 -0.00268004   0.00000000    -0.00212155   0.00000000     0.12609550   0.00000000
   28   29
  0.00010160   0.00000000     0.00018966   0.00000000     0.00039565   0.00000000
 -0.00010418  -0.00000000     0.00055670  -0.00000000    -0.00000322  -0.00000000
  0.00028151   0.00000000     0.00029845   0.00000000    -0.00043307   0.00000000
   28   30
  0.00072779   0.00000000    -0.00069753  -0.00000000    -0.00020498  -0.00000000
 -0.00076416  -0.00000000    -0.00904067  -0.00000000    -0.00018457  -0.00000000
  0.00035349   0.00000000     0.00036382   0.00000000     0.00043064  -0.00000000
   28   31
  0.00040865   0.00000000    -0.00006190   0.00000000    -0.00093697   0.00000000
  0.00060774   0.00000000    -0.00016377   0.00000000    -0.00003224  -0.00000000
 -0.00018078  -0.00000000     0.00015531  -0.00000000    -0.00233348  -0.00000000
   28   32
 -0.00013807   0.00000000    -0.00068344  -0.00000000    -0.00107962  -0.00000000
  0.00117292   0.00000000    -0.00070178  -0.00000000     0.00062269  -0.00000000
 -0.00085939  -0.00000000    -0.00020241   0.00000000     0.00105650   0.00000000
   28   33
  0.00017581   0.00000000     0.00030649   0.00000000     0.00430585   0.00000000
 -0.00030269  -0.00000000    -0.00025582  -0.00000000     0.00000513   0.00000000
 -0.00414662  -0.00000000     0.00018673   0.00000000     0.00024017  -0.00000000
   28   34
 -0.00018234  -0.00000000    -0.00004759   0.00000000    -0.00179643  -0.00000000
 -0.00019944   0.00000000    -0.00625880   0.00000000     0.00179098   0.00000000
  0.00102486  -0.00000000    -0.00193042  -0.00000000    -0.03495021   0.00000000
   28   35
  0.00243808   0.00000000    -0.00111160   0.00000000     0.00033553  -0.00000000
  0.00129221   0.00000000    -0.00378836   0.00000000    -0.00031012   0.00000000
  0.00099555   0.00000000     0.00022406  -0.00000000     0.00261462   0.00000000
   28   36
 -0.00018398  -0.00000000     0.00017197   0.00000000    -0.00032130  -0.00000000
  0.00017197   0.00000000     0.00041595   0.00000000    -0.00005904  -0.00000000
 -0.00032130  -0.00000000    -0.00005904  -0.00000000     0.00047956   0.00000000
   29    1
 -0.01039589  -0.00000000    -0.00947607  -0.00000000     0.00720715  -0.00000000
 -0.00931405   0.00000000    -0.00516417   0.00000000     0.00550943   0.00000000
  0.00713317  -0.00000000     0.00523384  -0.00000000    -0.00210066  -0.00000000
   29    2
  0.01006775   0.00000000    -0.00928963  -0.00000000     0.00723825   0.00000000
 -0.00930683  -0.00000000     0.00517327   0.00000000    -0.00531176  -0.00000000
  0.00701728   0.00000000    -0.00555294  -0.00000000     0.00186793   0.00000000
   29    3
 -0.00015874  -0.00000000     0.00000056   0.00000000     0.00021924   0.00000000
  0.00034836   0.00000000    -0.00008056  -0.00000000     0.00000456  -0.00000000
  0.00016921   0.00000000     0.00004477   0.00000000    -0.00040906  -0.00000000
   29    4
  0.00215655   0.00000000    -0.00015931  -0.00000000     0.00009855   0.00000000
 -0.00000935   0.00000000    -0.00504498  -0.00000000    -0.01086657  -0.00000000
  0.00015485   0.00000000    -0.01084095  -0.00000000    -0.01438698  -0.00000000
   29    5
 -0.00033843  -0.00000000    -0.00052311  -0.00000000     0.00052190   0.00000000
 -0.00173146   0.00000000     0.00129644  -0.00000000     0.00035973   0.00000000
  0.00213537   0.00000000     0.00198966   0.00000000    -0.00134623  -0.00000000
   29    6
  0.00120958   0.00000000    -0.00035794  -0.00000000     0.00227736   0.00000000
 -0.00019245  -0.00000000     0.00029372  -0.00000000     0.00025860   0.00000000
 -0.00126131  -0.00000000    -0.00063222   0.00000000    -0.00144751  -0.00000000
   29    7
 -0.00042182  -0.00000000    -0.00130593  -0.00000000    -0.00063221  -0.00000000
  0.00030838   0.00000000     0.00124299   0.00000000     0.00005781  -0.00000000
  0.00306739   0.00000000     0.00029300   0.00000000    -0.00010126   0.00000000
   29    8
 -0.01891089  -0.00000000     0.04336075   0.00000000    -0.00914070  -0.00000000
  0.03400736  -0.00000000    -0.05450497  -0.00000000     0.01868872   0.00000000
 -0.00922731   0.00000000     0.02442411   0.00000000    -0.00530724  -0.00000000
   29    9
 -0.00058116   0.00000000    -0.00013588  -0.00000000     0.00260816   0.00000000
 -0.00075295  -0.00000000     0.00087938  -0.00000000    -0.00060962   0.00000000
 -0.00058567   0.00000000    -0.00187204  -0.00000000    -0.00105168  -0.00000000
   29   10
  0.00030315   0.00000000     0.00040455  -0.00000000     0.00032782  -0.00000000
  0.00217832   0.00000000    -0.05430234  -0.00000000    -0.04004943  -0.00000000
  0.00287244   0.00000000    -0.04912589   0.00000000    -0.02315407  -0.00000000
   29   11
 -0.00105198  -0.00000000     0.00100292   0.00000000    -0.00254807  -0.00000000
 -0.00019104  -0.00000000    -0.00122749  -0.00000000    -0.00024727  -0.00000000
 -0.00197179  -0.00000000     0.00088561   0.00000000     0.00057744   0.00000000
   29   12
 -0.01496233  -0.00000000    -0.03963088  -0.00000000     0.00996064   0.00000000
 -0.02955411  -0.00000000    -0.04948332  -0.00000000     0.01883834   0.00000000
  0.00740391   0.00000000     0.02292871   0.00000000    -0.00540402  -0.00000000
   29   13
 -0.00114507  -0.00000000    -0.00287948  -0.00000000     0.00017450   0.00000000
 -0.00013787  -0.00000000     0.00117417   0.00000000     0.00002106   0.00000000
  0.00251740   0.00000000     0.00029975   0.00000000    -0.00216388  -0.00000000
   29   14
  0.00105064   0.00000000    -0.00201424   0.00000000    -0.00092263   0.00000000
  0.00008520   0.00000000    -0.00218525  -0.00000000     0.00127480  -0.00000000
  0.00185276   0.00000000     0.00112360   0.00000000     0.00236517   0.00000000
   29   15
  0.00067638   0.00000000    -0.00001416  -0.00000000     0.00014315   0.00000000
  0.00264255   0.00000000     0.00321939   0.00000000     0.00076892   0.00000000
 -0.00008025  -0.00000000     0.00069430   0.00000000    -0.00176176  -0.00000000
   29   16
 -0.00202463  -0.00000000     0.00164873   0.00000000    -0.00159427   0.00000000
  0.00164059   0.00000000     0.00140722  -0.00000000     0.00056574  -0.00000000
  0.00109011   0.00000000    -0.00178415  -0.00000000    -0.00101162   0.00000000
   29   17
  0.00767433   0.00000000     0.00676812   0.00000000     0.00494553   0.00000000
  0.00269601   0.00000000     0.00330880   0.00000000     0.00142328   0.00000000
  0.00580814   0.00000000     0.00435641   0.00000000     0.00100273   0.00000000
   29   18
 -0.02783452  -0.00000000     0.00168560   0.00000000     0.01524459   0.00000000
 -0.00119406  -0.00000000    -0.00612247  -0.00000000     0.00064066   0.00000000
  0.01521254   0.00000000    -0.00082679  -0.00000000    -0.00898518  -0.00000000
   29   19
 -0.00009341   0.00000000    -0.00004205   0.00000000    -0.00422016  -0.00000000
  0.00013803  -0.00000000     0.00005197   0.00000000     0.00037335   0.00000000
  0.00390120  -0.00000000    -0.00009452   0.00000000     0.00008776  -0.00000000
   29   20
 -0.00243173  -0.00000000     0.00005687  -0.00000000    -0.00087369   0.00000000
 -0.00008083   0.00000000    -0.00069491  -0.00000000     0.00041353   0.00000000
 -0.00168057   0.00000000     0.00008381   0.00000000    -0.00067935   0.00000000
   29   21
  0.00009838  -0.00000000    -0.00016708  -0.00000000     0.00070512  -0.00000000
  0.00023075  -0.00000000     0.00066878   0.00000000     0.00021441   0.00000000
  0.00124493   0.00000000    -0.00007335   0.00000000    -0.00105679  -0.00000000
   29   22
 -0.00822376   0.00000000     0.00650113   0.00000000     0.00539773   0.00000000
  0.00310808  -0.00000000    -0.00432122  -0.00000000    -0.00217094  -0.00000000
  0.00455761  -0.00000000    -0.00402951  -0.00000000    -0.00217253  -0.00000000
   29   23
 -0.02631670  -0.00000000    -0.00080472   0.00000000    -0.01370604   0.00000000
  0.00146165  -0.00000000    -0.00661237  -0.00000000     0.00046838  -0.00000000
 -0.01646155  -0.00000000    -0.00079754   0.00000000    -0.00882983   0.00000000
   29   24
  0.00012305   0.00000000    -0.00176565  -0.00000000     0.00343280   0.00000000
 -0.00166899  -0.00000000     0.00031003   0.00000000    -0.00101831  -0.00000000
  0.00223236  -0.00000000    -0.00092402  -0.00000000    -0.00320517  -0.00000000
   29   25
 -0.00255810  -0.00000000    -0.00052968  -0.00000000     0.00124417   0.00000000
 -0.00051601  -0.00000000     0.00002422   0.00000000    -0.00026637  -0.00000000
  0.00122823   0.00000000    -0.00000421  -0.00000000     0.00044557  -0.00000000
   29   26
  0.00023628   0.00000000     0.00007891  -0.00000000     0.00053007   0.00000000
  0.00052818   0.00000000    -0.00045772  -0.00000000     0.00075469   0.00000000
 -0.00006335   0.00000000     0.00056513  -0.00000000    -0.00029134  -0.00000000
   29   27
  0.00125466   0.00000000    -0.00014421  -0.00000000    -0.00088678  -0.00000000
 -0.00073655  -0.00000000    -0.00384181  -0.00000000     0.00305857   0.00000000
  0.00049424   0.00000000     0.00758490   0.00000000    -0.01107592  -0.00000000
   29   28
  0.00010160   0.00000000    -0.00010418  -0.00000000     0.00028151   0.00000000
  0.00018966   0.00000000     0.00055670  -0.00000000     0.00029845   0.00000000
  0.00039565   0.00000000    -0.00000322  -0.00000000    -0.00043307   0.00000000
   29   29
  0.12830875   0.00000000    -0.00500497   0.00000000    -0.00268251   0.00000000
 -0.00500497   0.00000000     0.20744631   0.00000000     0.00212040  -0.00000000
 -0.00268251   0.00000000     0.00212040  -0.00000000     0.12607271  -0.00000000
   29   30
  0.00030898   0.00000000     0.00054685   0.00000000    -0.00139982  -0.00000000
  0.00001887   0.00000000    -0.00014074   0.00000000     0.00044439   0.00000000
 -0.00061955  -0.00000000     0.00017569   0.00000000    -0.00190705   0.00000000
   29   31
 -0.00063075   0.00000000     0.00074834   0.00000000    -0.00026907  -0.00000000
  0.00087882   0.00000000     0.00983202   0.00000000     0.00032171   0.00000000
  0.00022885   0.00000000    -0.00044047  -0.00000000    -0.00076689  -0.00000000
   29   32
 -0.00021492  -0.00000000    -0.00073854  -0.00000000     0.00124245   0.00000000
  0.00122063   0.00000000     0.00051902   0.00000000     0.00055019  -0.00000000
  0.00080024   0.00000000    -0.00041576   0.00000000    -0.00092062  -0.00000000
   29   33
 -0.00025381  -0.00000000     0.00021015   0.00000000    -0.00177538  -0.00000000
  0.00028039  -0.00000000    -0.00624013   0.00000000    -0.00171293   0.00000000
  0.00088591  -0.00000000     0.00196388   0.00000000    -0.03498849   0.00000000
   29   34
  0.00020198   0.00000000    -0.00027706  -0.00000000     0.00434492   0.00000000
  0.00015961  -0.00000000    -0.00043806  -0.00000000    -0.00021324  -0.00000000
 -0.00403427  -0.00000000    -0.00006460  -0.00000000     0.00019549  -0.00000000
   29   35
  0.00024837  -0.00000000    -0.00002722  -0.00000000    -0.00037822  -0.00000000
 -0.00002722  -0.00000000    -0.00052869  -0.00000000    -0.00044218  -0.00000000
 -0.00037822  -0.00000000    -0.00044218  -0.00000000     0.00033375   0.00000000
   29   36
  0.00243808   0.00000000     0.00129221   0.00000000     0.00099555   0.00000000
 -0.00111160   0.00000000    -0.00378836   0.00000000     0.00022406  -0.00000000
  0.00033553  -0.00000000    -0.00031012   0.00000000     0.00261462   0.00000000
   30    1
 -0.01020301  -0.00000000    -0.00945810  -0.00000000     0.00713222   0.00000000
 -0.00929262  -0.00000000    -0.00490722  -0.00000000     0.00548278   0.00000000
  0.00714170   0.00000000     0.00532654   0.00000000    -0.00213925  -0.00000000
   30    2
 -0.01019314   0.00000000     0.00935378   0.00000000    -0.00720662  -0.00000000
  0.00956334   0.00000000    -0.00521034  -0.00000000     0.00531806  -0.00000000
 -0.00711713   0.00000000     0.00545580  -0.00000000    -0.00183648   0.00000000
   30    3
  0.00021543  -0.00000000    -0.00012665  -0.00000000    -0.00012487  -0.00000000
 -0.00046868  -0.00000000     0.00013490  -0.00000000    -0.00015281  -0.00000000
 -0.00015497  -0.00000000    -0.00012743  -0.00000000     0.00033180   0.00000000
   30    4
  0.00213823  -0.00000000    -0.00009252  -0.00000000     0.00017920   0.00000000
 -0.00006079  -0.00000000    -0.00503957  -0.00000000    -0.01083345  -0.00000000
  0.00023698   0.00000000    -0.01081938  -0.00000000    -0.01441047   0.00000000
   30    5
 -0.00229648  -0.00000000     0.00159224   0.00000000    -0.00215763   0.00000000
  0.00034530   0.00000000    -0.00140092  -0.00000000     0.00019478   0.00000000
 -0.00208658  -0.00000000     0.00092475   0.00000000     0.00060755   0.00000000
   30    6
  0.00060154  -0.00000000     0.00004941   0.00000000    -0.00052872  -0.00000000
 -0.00196263  -0.00000000    -0.00347993  -0.00000000    -0.00122158  -0.00000000
  0.00162518   0.00000000    -0.00186489   0.00000000     0.00144529   0.00000000
   30    7
 -0.00089522  -0.00000000     0.00156535   0.00000000     0.00143169   0.00000000
 -0.00071626  -0.00000000    -0.00125196  -0.00000000     0.00027704  -0.00000000
 -0.00367688  -0.00000000    -0.00005128   0.00000000     0.00033048   0.00000000
   30    8
 -0.00039471   0.00000000     0.00059014  -0.00000000     0.00181386   0.00000000
 -0.00142260  -0.00000000     0.00253448  -0.00000000    -0.00229671  -0.00000000
  0.00081610  -0.00000000    -0.00068883  -0.00000000    -0.00027203  -0.00000000
   30    9
 -0.01869023  -0.00000000    -0.04284194  -0.00000000     0.01086573   0.00000000
 -0.03368981   0.00000000    -0.05395485  -0.00000000     0.02076999   0.00000000
  0.00855718  -0.00000000     0.02429406   0.00000000    -0.00429952  -0.00000000
   30   10
 -0.00035439   0.00000000    -0.00068488  -0.00000000    -0.00297657  -0.00000000
  0.00022628   0.00000000    -0.05460155  -0.00000000    -0.03957523  -0.00000000
 -0.00045466   0.00000000    -0.04940123   0.00000000    -0.02368688  -0.00000000
   30   11
  0.00094260   0.00000000     0.00010191   0.00000000     0.00025872  -0.00000000
 -0.00255790  -0.00000000     0.00141279   0.00000000     0.00036729  -0.00000000
  0.00073967   0.00000000     0.00132165   0.00000000    -0.00169236  -0.00000000
   30   12
  0.00030250  -0.00000000    -0.00101235  -0.00000000     0.00227690   0.00000000
 -0.00167162  -0.00000000     0.00046562  -0.00000000     0.00019924  -0.00000000
  0.00047442  -0.00000000    -0.00325071  -0.00000000    -0.00158704  -0.00000000
   30   13
  0.00024896   0.00000000    -0.00286847  -0.00000000     0.00040516  -0.00000000
 -0.00043125  -0.00000000     0.00083875  -0.00000000    -0.00150616  -0.00000000
  0.00223265   0.00000000     0.00102846   0.00000000    -0.00124585   0.00000000
   30   14
  0.01454908  -0.00000000    -0.04025355  -0.00000000     0.00800836   0.00000000
 -0.02889980   0.00000000     0.05019174   0.00000000    -0.01682235  -0.00000000
  0.00814532  -0.00000000    -0.02316766  -0.00000000     0.00613244   0.00000000
   30   15
 -0.00090130  -0.00000000     0.00099640   0.00000000    -0.00340098  -0.00000000
  0.00054809   0.00000000    -0.00001803  -0.00000000    -0.00020954  -0.00000000
  0.00186938   0.00000000     0.00100474  -0.00000000     0.00072837   0.00000000
   30   16
  0.00184783  -0.00000000    -0.00151368  -0.00000000     0.00065033   0.00000000
 -0.00165426  -0.00000000    -0.00224314   0.00000000    -0.00115697   0.00000000
 -0.00166243  -0.00000000     0.00093937   0.00000000    -0.00015825   0.00000000
   30   17
  0.00814661   0.00000000    -0.00652194  -0.00000000    -0.00522936  -0.00000000
 -0.00269972  -0.00000000     0.00375350   0.00000000     0.00143113   0.00000000
 -0.00538933  -0.00000000     0.00429626   0.00000000     0.00157852   0.00000000
   30   18
  0.00014282   0.00000000    -0.00000746   0.00000000     0.00062942  -0.00000000
  0.00043884   0.00000000    -0.00021887  -0.00000000     0.00038978   0.00000000
  0.00120779   0.00000000     0.00005187  -0.00000000    -0.00090155  -0.00000000
   30   19
  0.00290394   0.00000000    -0.00051846  -0.00000000     0.00188610  -0.00000000
 -0.00034946  -0.00000000     0.00116461   0.00000000    -0.00033006  -0.00000000
  0.00170206  -0.00000000    -0.00062395  -0.00000000     0.00034910  -0.00000000
   30   20
  0.00039136   0.00000000     0.00012931  -0.00000000     0.00424026  -0.00000000
 -0.00032166  -0.00000000    -0.00025828  -0.00000000    -0.00017430   0.00000000
 -0.00427089   0.00000000     0.00014812  -0.00000000     0.00021654  -0.00000000
   30   21
 -0.02611473  -0.00000000     0.00116980  -0.00000000     0.01332381  -0.00000000
 -0.00154584   0.00000000    -0.00627340  -0.00000000     0.00096689   0.00000000
  0.01582834  -0.00000000    -0.00085776   0.00000000    -0.00835392   0.00000000
   30   22
 -0.00715547   0.00000000    -0.00706265  -0.00000000    -0.00466758   0.00000000
 -0.00328482  -0.00000000    -0.00404444   0.00000000    -0.00193770  -0.00000000
 -0.00502042   0.00000000    -0.00406817  -0.00000000    -0.00159713   0.00000000
   30   23
 -0.00006734  -0.00000000    -0.00055129   0.00000000    -0.00034408  -0.00000000
 -0.00022924  -0.00000000     0.00060876   0.00000000    -0.00077651  -0.00000000
  0.00026520  -0.00000000    -0.00039507   0.00000000     0.00014871  -0.00000000
   30   24
 -0.00216149  -0.00000000    -0.00011878  -0.00000000     0.00020109  -0.00000000
 -0.00010926  -0.00000000     0.00032264   0.00000000    -0.00001203  -0.00000000
  0.00092328  -0.00000000    -0.00056020  -0.00000000     0.00033278   0.00000000
   30   25
  0.00024150   0.00000000    -0.00189960  -0.00000000     0.00320596  -0.00000000
 -0.00182340  -0.00000000    -0.00005256   0.00000000    -0.00097362  -0.00000000
  0.00311547   0.00000000    -0.00113659  -0.00000000    -0.00355443  -0.00000000
   30   26
  0.02810534   0.00000000     0.00101230  -0.00000000     0.01597799   0.00000000
 -0.00122555  -0.00000000     0.00647583  -0.00000000    -0.00060430   0.00000000
  0.01585890   0.00000000     0.00065683  -0.00000000     0.00973341  -0.00000000
   30   27
  0.00029044  -0.00000000     0.00082445   0.00000000    -0.00101772  -0.00000000
 -0.00117086  -0.00000000    -0.00000532   0.00000000    -0.00062304  -0.00000000
 -0.00096248  -0.00000000     0.00058462   0.00000000     0.00124040   0.00000000
   30   28
  0.00072779   0.00000000    -0.00076416  -0.00000000     0.00035349   0.00000000
 -0.00069753  -0.00000000    -0.00904067  -0.00000000     0.00036382   0.00000000
 -0.00020498  -0.00000000    -0.00018457  -0.00000000     0.00043064  -0.00000000
   30   29
  0.00030898   0.00000000     0.00001887   0.00000000    -0.00061955  -0.00000000
  0.00054685   0.00000000    -0.00014074   0.00000000     0.00017569   0.00000000
 -0.00139982  -0.00000000     0.00044439   0.00000000    -0.00190705   0.00000000
   30   30
  0.12805387   0.00000000     0.00439894  -0.00000000     0.00316159   0.00000000
  0.00439894  -0.00000000     0.20775058   0.00000000     0.00218555  -0.00000000
  0.00316159   0.00000000     0.00218555  -0.00000000     0.12611970  -0.00000000
   30   31
 -0.00013990   0.00000000     0.00018381   0.00000000    -0.00037648  -0.00000000
 -0.00017264  -0.00000000    -0.00035806  -0.00000000    -0.00025906   0.00000000
 -0.00035980  -0.00000000    -0.00007750  -0.00000000     0.00044079   0.00000000
   30   32
 -0.00116414   0.00000000     0.00074373   0.00000000     0.00020969   0.00000000
 -0.00002427   0.00000000     0.00366125  -0.00000000    -0.00320515  -0.00000000
  0.00039728   0.00000000    -0.00764858   0.00000000     0.01104304   0.00000000
   30   33
  0.00247541   0.00000000    -0.00050739   0.00000000    -0.00011531   0.00000000
  0.00094497   0.00000000    -0.00388654   0.00000000     0.00034801  -0.00000000
 -0.00067631  -0.00000000    -0.00035786   0.00000000     0.00286172   0.00000000
   30   34
 -0.00021778  -0.00000000     0.00005937   0.00000000     0.00055624   0.00000000
  0.00005937   0.00000000     0.00100218   0.00000000     0.00038021   0.00000000
  0.00055624   0.00000000     0.00038021   0.00000000    -0.00031160   0.00000000
   30   35
  0.00020198   0.00000000     0.00015961  -0.00000000    -0.00403427  -0.00000000
 -0.00027706  -0.00000000    -0.00043806  -0.00000000    -0.00006460  -0.00000000
  0.00434492   0.00000000    -0.00021324  -0.00000000     0.00019549  -0.00000000
   30   36
 -0.00018234  -0.00000000    -0.00019944   0.00000000     0.00102486  -0.00000000
 -0.00004759   0.00000000    -0.00625880   0.00000000    -0.00193042  -0.00000000
 -0.00179643  -0.00000000     0.00179098   0.00000000    -0.03495021   0.00000000
   31    1
  0.01003720   0.00000000    -0.00913447  -0.00000000    -0.00723924  -0.00000000
 -0.00955401  -0.00000000     0.00511304   0.00000000     0.00537619   0.00000000
 -0.00707958  -0.00000000     0.00545160   0.00000000     0.00210352   0.00000000
   31    2
 -0.01039862  -0.00000000    -0.00940157  -0.00000000    -0.00719273  -0.00000000
 -0.00930590   0.00000000    -0.00518130   0.00000000    -0.00556577  -0.00000000
 -0.00710700   0.00000000    -0.00534524   0.00000000    -0.00211863  -0.00000000
   31    3
 -0.00008193  -0.00000000     0.00020828   0.00000000    -0.00009301  -0.00000000
  0.00044031   0.00000000     0.00024909   0.00000000     0.00039128   0.00000000
 -0.00013251  -0.00000000     0.00004624   0.00000000     0.00007026   0.00000000
   31    4
 -0.00193648  -0.00000000     0.00010203   0.00000000     0.00003045   0.00000000
  0.00005354   0.00000000     0.00510403  -0.00000000    -0.01082865  -0.00000000
 -0.00002909   0.00000000    -0.01070435   0.00000000     0.01440050   0.00000000
   31    5
  0.01464100  -0.00000000     0.04025564   0.00000000     0.00790507   0.00000000
  0.02838838  -0.00000000     0.04970378  -0.00000000     0.01682650   0.00000000
  0.00822528  -0.00000000     0.02339523   0.00000000     0.00612258   0.00000000
   31    6
  0.00039970  -0.00000000     0.00064600   0.00000000     0.00203381  -0.00000000
  0.00174152   0.00000000     0.00079084   0.00000000    -0.00080216   0.00000000
  0.00033703  -0.00000000     0.00311070   0.00000000    -0.00151523  -0.00000000
   31    7
 -0.00021838   0.00000000     0.00035229  -0.00000000    -0.00298444  -0.00000000
 -0.00061343  -0.00000000    -0.05417456  -0.00000000     0.03960188   0.00000000
 -0.00052566   0.00000000     0.04904570  -0.00000000    -0.02306819   0.00000000
   31    8
  0.00059264   0.00000000     0.00027807  -0.00000000     0.00017393  -0.00000000
  0.00257166   0.00000000     0.00364051   0.00000000    -0.00058376   0.00000000
  0.00065524   0.00000000    -0.00110831  -0.00000000    -0.00154751  -0.00000000
   31    9
 -0.00055070   0.00000000    -0.00085592   0.00000000    -0.00316922  -0.00000000
 -0.00009436   0.00000000    -0.00063273  -0.00000000     0.00033680   0.00000000
  0.00152620   0.00000000    -0.00133552  -0.00000000     0.00057888   0.00000000
   31   10
 -0.00051120  -0.00000000    -0.00146314  -0.00000000     0.00128557   0.00000000
  0.00077635   0.00000000     0.00071269   0.00000000    -0.00048220  -0.00000000
 -0.00361136  -0.00000000    -0.00028757  -0.00000000    -0.00000994   0.00000000
   31   11
 -0.00062770   0.00000000    -0.00055247   0.00000000     0.00152366   0.00000000
  0.00091700  -0.00000000     0.00252720  -0.00000000     0.00204370  -0.00000000
  0.00096627   0.00000000     0.00063932   0.00000000    -0.00039886  -0.00000000
   31   12
  0.00028415  -0.00000000    -0.00021643  -0.00000000    -0.00028520  -0.00000000
  0.00185148   0.00000000    -0.00135491   0.00000000     0.00123614   0.00000000
  0.00167692   0.00000000     0.00214983   0.00000000     0.00169331   0.00000000
   31   13
  0.00176751  -0.00000000     0.00103925  -0.00000000     0.00064490   0.00000000
  0.00201877   0.00000000    -0.00266586  -0.00000000     0.00159734   0.00000000
 -0.00131729  -0.00000000    -0.00072709  -0.00000000     0.00003023   0.00000000
   31   14
 -0.00209924  -0.00000000    -0.00180059  -0.00000000    -0.00214493   0.00000000
 -0.00062776  -0.00000000    -0.00114070  -0.00000000     0.00000797  -0.00000000
 -0.00189221  -0.00000000    -0.00090026  -0.00000000     0.00065973   0.00000000
   31   15
 -0.01865401  -0.00000000     0.04286491   0.00000000     0.01069197   0.00000000
  0.03378707  -0.00000000    -0.05467407  -0.00000000    -0.02092482  -0.00000000
  0.00830174  -0.00000000    -0.02429740  -0.00000000    -0.00434113  -0.00000000
   31   16
 -0.00007595  -0.00000000     0.00267849   0.00000000     0.00011951  -0.00000000
  0.00048932   0.00000000     0.00047530  -0.00000000     0.00212621   0.00000000
  0.00209691   0.00000000    -0.00104894  -0.00000000    -0.00107416   0.00000000
   31   17
 -0.00813189  -0.00000000    -0.00614451  -0.00000000     0.00514988   0.00000000
 -0.00285950  -0.00000000    -0.00356951  -0.00000000     0.00135554   0.00000000
  0.00536493   0.00000000     0.00454857   0.00000000    -0.00150671  -0.00000000
   31   18
  0.00274966   0.00000000     0.00080643   0.00000000     0.00210587   0.00000000
  0.00075036   0.00000000     0.00026550  -0.00000000     0.00004557  -0.00000000
  0.00201689   0.00000000     0.00012486  -0.00000000     0.00066259   0.00000000
   31   19
  0.00018637   0.00000000     0.00014142  -0.00000000     0.00125985   0.00000000
 -0.00035315  -0.00000000    -0.00015410  -0.00000000    -0.00018313   0.00000000
  0.00048024  -0.00000000     0.00019713   0.00000000    -0.00082737  -0.00000000
   31   20
 -0.02616974  -0.00000000    -0.00105321   0.00000000     0.01338760  -0.00000000
  0.00180726  -0.00000000    -0.00617193  -0.00000000    -0.00085723   0.00000000
  0.01588122  -0.00000000     0.00095965  -0.00000000    -0.00836433   0.00000000
   31   21
  0.00032493   0.00000000    -0.00004657   0.00000000     0.00426249  -0.00000000
  0.00026292   0.00000000     0.00017174   0.00000000     0.00014261  -0.00000000
 -0.00421943   0.00000000    -0.00028077  -0.00000000     0.00014242  -0.00000000
   31   22
 -0.00740004   0.00000000     0.00721828   0.00000000    -0.00514064  -0.00000000
  0.00307690  -0.00000000    -0.00419462  -0.00000000     0.00174709   0.00000000
 -0.00500303   0.00000000     0.00402325   0.00000000    -0.00165081   0.00000000
   31   23
 -0.00215580  -0.00000000    -0.00044595  -0.00000000     0.00014617  -0.00000000
 -0.00046663  -0.00000000    -0.00064864  -0.00000000    -0.00031045  -0.00000000
  0.00079668  -0.00000000     0.00020374  -0.00000000     0.00045202   0.00000000
   31   24
  0.00000803  -0.00000000     0.00058633  -0.00000000    -0.00009927   0.00000000
 -0.00000193  -0.00000000    -0.00020477  -0.00000000     0.00063283  -0.00000000
  0.00053420   0.00000000     0.00055043   0.00000000    -0.00007279  -0.00000000
   31   25
  0.02813159   0.00000000    -0.00129468   0.00000000     0.01599995   0.00000000
  0.00084771  -0.00000000     0.00646935  -0.00000000     0.00061845  -0.00000000
  0.01577305   0.00000000    -0.00059376   0.00000000     0.00980206   0.00000000
   31   26
  0.00014363   0.00000000     0.00198664   0.00000000     0.00309717  -0.00000000
  0.00199303   0.00000000     0.00007269   0.00000000     0.00104592   0.00000000
  0.00315426   0.00000000     0.00116989   0.00000000    -0.00346636  -0.00000000
   31   27
 -0.00006184  -0.00000000    -0.00071342  -0.00000000    -0.00094457  -0.00000000
  0.00108098   0.00000000    -0.00062871  -0.00000000     0.00070472   0.00000000
 -0.00116605  -0.00000000    -0.00033128  -0.00000000     0.00140388   0.00000000
   31   28
  0.00040865   0.00000000     0.00060774   0.00000000    -0.00018078  -0.00000000
 -0.00006190   0.00000000    -0.00016377   0.00000000     0.00015531  -0.00000000
 -0.00093697   0.00000000    -0.00003224  -0.00000000    -0.00233348  -0.00000000
   31   29
 -0.00063075   0.00000000     0.00087882   0.00000000     0.00022885   0.00000000
  0.00074834   0.00000000     0.00983202   0.00000000    -0.00044047  -0.00000000
 -0.00026907  -0.00000000     0.00032171   0.00000000    -0.00076689  -0.00000000
   31   30
 -0.00013990   0.00000000    -0.00017264  -0.00000000    -0.00035980  -0.00000000
  0.00018381   0.00000000    -0.00035806  -0.00000000    -0.00007750  -0.00000000
 -0.00037648  -0.00000000    -0.00025906   0.00000000     0.00044079   0.00000000
   31   31
  0.12818069   0.00000000    -0.00441147   0.00000000     0.00315189   0.00000000
 -0.00441147   0.00000000     0.20751767   0.00000000    -0.00207475   0.00000000
  0.00315189   0.00000000    -0.00207475   0.00000000     0.12616869   0.00000000
   31   32
  0.00141348  -0.00000000     0.00059930   0.00000000    -0.00008510  -0.00000000
 -0.00033341  -0.00000000    -0.00376683  -0.00000000    -0.00334398  -0.00000000
 -0.00027414   0.00000000    -0.00774023   0.00000000    -0.01095644   0.00000000
   31   33
  0.00030967  -0.00000000    -0.00032952  -0.00000000     0.00048030   0.00000000
 -0.00032952  -0.00000000    -0.00018919  -0.00000000     0.00014816   0.00000000
  0.00048030   0.00000000     0.00014816   0.00000000    -0.00059144  -0.00000000
   31   34
  0.00247541   0.00000000     0.00094497   0.00000000    -0.00067631  -0.00000000
 -0.00050739   0.00000000    -0.00388654   0.00000000    -0.00035786   0.00000000
 -0.00011531   0.00000000     0.00034801  -0.00000000     0.00286172   0.00000000
   31   35
 -0.00025381  -0.00000000     0.00028039  -0.00000000     0.00088591  -0.00000000
  0.00021015   0.00000000    -0.00624013   0.00000000     0.00196388   0.00000000
 -0.00177538  -0.00000000    -0.00171293   0.00000000    -0.03498849   0.00000000
   31   36
  0.00017581   0.00000000    -0.00030269  -0.00000000    -0.00414662  -0.00000000
  0.00030649   0.00000000    -0.00025582  -0.00000000     0.00018673   0.00000000
  0.00430585   0.00000000     0.00000513   0.00000000     0.00024017  -0.00000000
   32    1
 -0.00022319  -0.00000000     0.00027100   0.00000000    -0.00034138  -0.00000000
 -0.00006412  -0.00000000     0.00006074  -0.00000000    -0.00005286   0.00000000
 -0.00034512  -0.00000000     0.00022717  -0.00000000     0.00041809   0.00000000
   32    2
  0.00022319   0.00000000    -0.00027100  -0.00000000     0.00034138   0.00000000
  0.00006412   0.00000000    -0.00006074  -0.00000000     0.00005286  -0.00000000
  0.00034512   0.00000000    -0.00022717   0.00000000    -0.00041809  -0.00000000
   32    3
  0.00100774   0.00000000    -0.00046144  -0.00000000     0.00005306  -0.00000000
  0.00000734   0.00000000    -0.00499454  -0.00000000     0.00001600   0.00000000
  0.00004801   0.00000000    -0.00015055  -0.00000000     0.00093195  -0.00000000
   32    4
 -0.00100774   0.00000000     0.00046144   0.00000000    -0.00005306  -0.00000000
 -0.00000734  -0.00000000     0.00499454  -0.00000000    -0.00001600  -0.00000000
 -0.00004801   0.00000000     0.00015055   0.00000000    -0.00093195  -0.00000000
   32    5
  0.01400025  -0.00000000    -0.00036249  -0.00000000    -0.03319551   0.00000000
  0.00019248   0.00000000    -0.00001298  -0.00000000     0.00012192   0.00000000
 -0.03303545   0.00000000    -0.00017755  -0.00000000     0.05360760  -0.00000000
   32    6
 -0.00025013   0.00000000     0.00018460   0.00000000     0.00310657   0.00000000
 -0.00002480  -0.00000000    -0.00015285   0.00000000    -0.00014380  -0.00000000
 -0.00051344  -0.00000000     0.00030446   0.00000000    -0.00148781  -0.00000000
   32    7
 -0.00085923  -0.00000000    -0.00023217  -0.00000000    -0.00081340  -0.00000000
  0.00012918   0.00000000    -0.00050823   0.00000000    -0.00024060  -0.00000000
  0.00404898   0.00000000     0.00008738   0.00000000     0.00021995   0.00000000
   32    8
 -0.00118663  -0.00000000     0.00021508   0.00000000     0.00014364  -0.00000000
 -0.00000046   0.00000000    -0.00084194   0.00000000     0.00000580   0.00000000
  0.00056770   0.00000000    -0.00043938  -0.00000000     0.00048573   0.00000000
   32    9
  0.01468589  -0.00000000     0.00013634   0.00000000     0.02666672  -0.00000000
  0.00013673   0.00000000     0.00374799   0.00000000    -0.00029169  -0.00000000
  0.02973687   0.00000000     0.00019914   0.00000000     0.05028095   0.00000000
   32   10
  0.00085923   0.00000000     0.00023217   0.00000000     0.00081340   0.00000000
 -0.00012918  -0.00000000     0.00050823   0.00000000     0.00024060   0.00000000
 -0.00404898  -0.00000000    -0.00008738  -0.00000000    -0.00021995  -0.00000000
   32   11
  0.00118663  -0.00000000    -0.00021508  -0.00000000    -0.00014364   0.00000000
  0.00000046   0.00000000     0.00084194   0.00000000    -0.00000580   0.00000000
 -0.00056770  -0.00000000     0.00043938   0.00000000    -0.00048573   0.00000000
   32   12
  0.00025013  -0.00000000    -0.00018460  -0.00000000    -0.00310657  -0.00000000
  0.00002480   0.00000000     0.00015285   0.00000000     0.00014380   0.00000000
  0.00051344   0.00000000    -0.00030446  -0.00000000     0.00148781   0.00000000
   32   13
  0.07295685   0.00000000    -0.00037052  -0.00000000     0.00054495   0.00000000
  0.00007090   0.00000000     0.00157760   0.00000000    -0.00004806  -0.00000000
 -0.00215144  -0.00000000     0.00000914   0.00000000    -0.00289732   0.00000000
   32   14
 -0.01400025   0.00000000     0.00036249   0.00000000     0.03319551  -0.00000000
 -0.00019248  -0.00000000     0.00001298   0.00000000    -0.00012192  -0.00000000
  0.03303545   0.00000000     0.00017755   0.00000000    -0.05360760  -0.00000000
   32   15
 -0.01468589   0.00000000    -0.00013634  -0.00000000    -0.02666672   0.00000000
 -0.00013673  -0.00000000    -0.00374799   0.00000000     0.00029169   0.00000000
 -0.02973687  -0.00000000    -0.00019914  -0.00000000    -0.05028095  -0.00000000
   32   16
 -0.07295685  -0.00000000     0.00037052   0.00000000    -0.00054495   0.00000000
 -0.00007090  -0.00000000    -0.00157760  -0.00000000     0.00004806   0.00000000
  0.00215144   0.00000000    -0.00000914  -0.00000000     0.00289732  -0.00000000
   32   17
 -0.00257576  -0.00000000    -0.00015066  -0.00000000     0.00157094   0.00000000
 -0.00005382  -0.00000000     0.00137440   0.00000000    -0.00012987  -0.00000000
  0.00058875  -0.00000000    -0.00017285  -0.00000000    -0.00369997  -0.00000000
   32   18
  0.00851882   0.00000000     0.00303538  -0.00000000    -0.00499044   0.00000000
  0.00640720  -0.00000000     0.00382605  -0.00000000    -0.00439042  -0.00000000
 -0.00576279  -0.00000000    -0.00200802  -0.00000000     0.00197569  -0.00000000
   32   19
 -0.00852682   0.00000000     0.00305868  -0.00000000     0.00498447  -0.00000000
  0.00672972   0.00000000    -0.00403849  -0.00000000    -0.00422885  -0.00000000
  0.00578033   0.00000000    -0.00221177  -0.00000000    -0.00211884   0.00000000
   32   20
 -0.00742341   0.00000000    -0.00246425   0.00000000    -0.00495710   0.00000000
 -0.00702749  -0.00000000    -0.00338784   0.00000000    -0.00380584  -0.00000000
 -0.00564254   0.00000000    -0.00174050  -0.00000000    -0.00115534   0.00000000
   32   21
  0.00728131  -0.00000000    -0.00252788   0.00000000     0.00513572   0.00000000
 -0.00721752  -0.00000000     0.00350693  -0.00000000    -0.00376627  -0.00000000
  0.00591787   0.00000000    -0.00160824   0.00000000     0.00132799  -0.00000000
   32   22
  0.00000000  -0.00000000     0.00000000   0.00000000     0.00000000   0.00000000
  0.00000000   0.00000000     0.00000000   0.00000000     0.00000000  -0.00000000
  0.00000000   0.00000000     0.00000000  -0.00000000     0.00000000  -0.00000000
   32   23
 -0.00728131   0.00000000     0.00252788  -0.00000000    -0.00513572   0.00000000
  0.00721752   0.00000000    -0.00350693  -0.00000000     0.00376627   0.00000000
 -0.00591787  -0.00000000     0.00160824   0.00000000    -0.00132799   0.00000000
   32   24
  0.00742341  -0.00000000     0.00246425  -0.00000000     0.00495710  -0.00000000
  0.00702749   0.00000000     0.00338784  -0.00000000     0.00380584   0.00000000
  0.00564254   0.00000000     0.00174050  -0.00000000     0.00115534  -0.00000000
   32   25
  0.00852682   0.00000000    -0.00305868   0.00000000    -0.00498447   0.00000000
 -0.00672972   0.00000000     0.00403849   0.00000000     0.00422885   0.00000000
 -0.00578033  -0.00000000     0.00221177   0.00000000     0.00211884  -0.00000000
   32   26
 -0.00851882   0.00000000    -0.00303538   0.00000000     0.00499044  -0.00000000
 -0.00640720   0.00000000    -0.00382605   0.00000000     0.00439042   0.00000000
  0.00576279   0.00000000     0.00200802   0.00000000    -0.00197569   0.00000000
   32   27
 -0.00000000   0.00000000     0.00000000   0.00000000    -0.00000000   0.00000000
  0.00000000   0.00000000    -0.00000000  -0.00000000     0.00000000   0.00000000
  0.00000000  -0.00000000     0.00000000   0.00000000     0.00000000  -0.00000000
   32   28
 -0.00013807   0.00000000     0.00117292   0.00000000    -0.00085939  -0.00000000
 -0.00068344  -0.00000000    -0.00070178  -0.00000000    -0.00020241   0.00000000
 -0.00107962  -0.00000000     0.00062269  -0.00000000     0.00105650   0.00000000
   32   29
 -0.00021492  -0.00000000     0.00122063   0.00000000     0.00080024   0.00000000
 -0.00073854  -0.00000000     0.00051902   0.00000000    -0.00041576   0.00000000
  0.00124245   0.00000000     0.00055019  -0.00000000    -0.00092062  -0.00000000
   32   30
 -0.00116414   0.00000000    -0.00002427   0.00000000     0.00039728   0.00000000
  0.00074373   0.00000000     0.00366125  -0.00000000    -0.00764858   0.00000000
  0.00020969   0.00000000    -0.00320515  -0.00000000     0.01104304   0.00000000
   32   31
  0.00141348  -0.00000000    -0.00033341  -0.00000000    -0.00027414   0.00000000
  0.00059930   0.00000000    -0.00376683  -0.00000000    -0.00774023   0.00000000
 -0.00008510  -0.00000000    -0.00334398  -0.00000000    -0.01095644   0.00000000
   32   32
  0.26837578  -0.00000000    -0.00021673  -0.00000000    -0.01109153   0.00000000
 -0.00021673  -0.00000000     0.06721361   0.00000000    -0.00002824  -0.00000000
 -0.01109153   0.00000000    -0.00002824  -0.00000000     0.25891420   0.00000000
   32   33
 -0.00141348   0.00000000     0.00033341   0.00000000     0.00027414  -0.00000000
 -0.00059930  -0.00000000     0.00376683   0.00000000     0.00774023  -0.00000000
  0.00008510   0.00000000     0.00334398   0.00000000     0.01095644   0.00000000
   32   34
  0.00116414  -0.00000000     0.00002427   0.00000000    -0.00039728   0.00000000
 -0.00074373  -0.00000000    -0.00366125  -0.00000000     0.00764858  -0.00000000
 -0.00020969  -0.00000000     0.00320515  -0.00000000    -0.01104304  -0.00000000
   32   35
  0.00021492   0.00000000    -0.00122063  -0.00000000    -0.00080024  -0.00000000
  0.00073854   0.00000000    -0.00051902  -0.00000000     0.00041576   0.00000000
 -0.00124245  -0.00000000    -0.00055019   0.00000000     0.00092062   0.00000000
   32   36
  0.00013807  -0.00000000    -0.00117292  -0.00000000     0.00085939   0.00000000
  0.00068344   0.00000000     0.00070178   0.00000000     0.00020241  -0.00000000
  0.00107962   0.00000000    -0.00062269   0.00000000    -0.00105650  -0.00000000
   33    1
 -0.01039862  -0.00000000    -0.00940157  -0.00000000    -0.00719273  -0.00000000
 -0.00930590   0.00000000    -0.00518130   0.00000000    -0.00556577  -0.00000000
 -0.00710700   0.00000000    -0.00534524   0.00000000    -0.00211863  -0.00000000
   33    2
  0.01003720   0.00000000    -0.00913447  -0.00000000    -0.00723924  -0.00000000
 -0.00955401  -0.00000000     0.00511304   0.00000000     0.00537619   0.00000000
 -0.00707958  -0.00000000     0.00545160   0.00000000     0.00210352   0.00000000
   33    3
 -0.00193648  -0.00000000     0.00010203   0.00000000     0.00003045   0.00000000
  0.00005354   0.00000000     0.00510403  -0.00000000    -0.01082865  -0.00000000
 -0.00002909   0.00000000    -0.01070435   0.00000000     0.01440050   0.00000000
   33    4
 -0.00008193  -0.00000000     0.00020828   0.00000000    -0.00009301  -0.00000000
  0.00044031   0.00000000     0.00024909   0.00000000     0.00039128   0.00000000
 -0.00013251  -0.00000000     0.00004624   0.00000000     0.00007026   0.00000000
   33    5
 -0.00209924  -0.00000000    -0.00180059  -0.00000000    -0.00214493   0.00000000
 -0.00062776  -0.00000000    -0.00114070  -0.00000000     0.00000797  -0.00000000
 -0.00189221  -0.00000000    -0.00090026  -0.00000000     0.00065973   0.00000000
   33    6
  0.00028415  -0.00000000    -0.00021643  -0.00000000    -0.00028520  -0.00000000
  0.00185148   0.00000000    -0.00135491   0.00000000     0.00123614   0.00000000
  0.00167692   0.00000000     0.00214983   0.00000000     0.00169331   0.00000000
   33    7
 -0.00051120  -0.00000000    -0.00146314  -0.00000000     0.00128557   0.00000000
  0.00077635   0.00000000     0.00071269   0.00000000    -0.00048220  -0.00000000
 -0.00361136  -0.00000000    -0.00028757  -0.00000000    -0.00000994   0.00000000
   33    8
 -0.00062770   0.00000000    -0.00055247   0.00000000     0.00152366   0.00000000
  0.00091700  -0.00000000     0.00252720  -0.00000000     0.00204370  -0.00000000
  0.00096627   0.00000000     0.00063932   0.00000000    -0.00039886  -0.00000000
   33    9
 -0.01865401  -0.00000000     0.04286491   0.00000000     0.01069197   0.00000000
  0.03378707  -0.00000000    -0.05467407  -0.00000000    -0.02092482  -0.00000000
  0.00830174  -0.00000000    -0.02429740  -0.00000000    -0.00434113  -0.00000000
   33   10
 -0.00021838   0.00000000     0.00035229  -0.00000000    -0.00298444  -0.00000000
 -0.00061343  -0.00000000    -0.05417456  -0.00000000     0.03960188   0.00000000
 -0.00052566   0.00000000     0.04904570  -0.00000000    -0.02306819   0.00000000
   33   11
  0.00059264   0.00000000     0.00027807  -0.00000000     0.00017393  -0.00000000
  0.00257166   0.00000000     0.00364051   0.00000000    -0.00058376   0.00000000
  0.00065524   0.00000000    -0.00110831  -0.00000000    -0.00154751  -0.00000000
   33   12
  0.00039970  -0.00000000     0.00064600   0.00000000     0.00203381  -0.00000000
  0.00174152   0.00000000     0.00079084   0.00000000    -0.00080216   0.00000000
  0.00033703  -0.00000000     0.00311070   0.00000000    -0.00151523  -0.00000000
   33   13
 -0.00007595  -0.00000000     0.00267849   0.00000000     0.00011951  -0.00000000
  0.00048932   0.00000000     0.00047530  -0.00000000     0.00212621   0.00000000
  0.00209691   0.00000000    -0.00104894  -0.00000000    -0.00107416   0.00000000
   33   14
  0.01464100  -0.00000000     0.04025564   0.00000000     0.00790507   0.00000000
  0.02838838  -0.00000000     0.04970378  -0.00000000     0.01682650   0.00000000
  0.00822528  -0.00000000     0.02339523   0.00000000     0.00612258   0.00000000
   33   15
 -0.00055070   0.00000000    -0.00085592   0.00000000    -0.00316922  -0.00000000
 -0.00009436   0.00000000    -0.00063273  -0.00000000     0.00033680   0.00000000
  0.00152620   0.00000000    -0.00133552  -0.00000000     0.00057888   0.00000000
   33   16
  0.00176751  -0.00000000     0.00103925  -0.00000000     0.00064490   0.00000000
  0.00201877   0.00000000    -0.00266586  -0.00000000     0.00159734   0.00000000
 -0.00131729  -0.00000000    -0.00072709  -0.00000000     0.00003023   0.00000000
   33   17
  0.00813189   0.00000000     0.00614451   0.00000000    -0.00514988  -0.00000000
  0.00285950   0.00000000     0.00356951   0.00000000    -0.00135554  -0.00000000
 -0.00536493  -0.00000000    -0.00454857  -0.00000000     0.00150671   0.00000000
   33   18
  0.00014363   0.00000000     0.00198664   0.00000000     0.00309717  -0.00000000
  0.00199303   0.00000000     0.00007269   0.00000000     0.00104592   0.00000000
  0.00315426   0.00000000     0.00116989   0.00000000    -0.00346636  -0.00000000
   33   19
  0.02813159   0.00000000    -0.00129468   0.00000000     0.01599995   0.00000000
  0.00084771  -0.00000000     0.00646935  -0.00000000     0.00061845  -0.00000000
  0.01577305   0.00000000    -0.00059376   0.00000000     0.00980206   0.00000000
   33   20
  0.00000803  -0.00000000     0.00058633  -0.00000000    -0.00009927   0.00000000
 -0.00000193  -0.00000000    -0.00020477  -0.00000000     0.00063283  -0.00000000
  0.00053420   0.00000000     0.00055043   0.00000000    -0.00007279  -0.00000000
   33   21
 -0.00215580  -0.00000000    -0.00044595  -0.00000000     0.00014617  -0.00000000
 -0.00046663  -0.00000000    -0.00064864  -0.00000000    -0.00031045  -0.00000000
  0.00079668  -0.00000000     0.00020374  -0.00000000     0.00045202   0.00000000
   33   22
 -0.00740004   0.00000000     0.00721828   0.00000000    -0.00514064  -0.00000000
  0.00307690  -0.00000000    -0.00419462  -0.00000000     0.00174709   0.00000000
 -0.00500303   0.00000000     0.00402325   0.00000000    -0.00165081   0.00000000
   33   23
  0.00032493   0.00000000    -0.00004657   0.00000000     0.00426249  -0.00000000
  0.00026292   0.00000000     0.00017174   0.00000000     0.00014261  -0.00000000
 -0.00421943   0.00000000    -0.00028077  -0.00000000     0.00014242  -0.00000000
   33   24
 -0.02616974  -0.00000000    -0.00105321   0.00000000     0.01338760  -0.00000000
  0.00180726  -0.00000000    -0.00617193  -0.00000000    -0.00085723   0.00000000
  0.01588122  -0.00000000     0.00095965  -0.00000000    -0.00836433   0.00000000
   33   25
  0.00018637   0.00000000     0.00014142  -0.00000000     0.00125985   0.00000000
 -0.00035315  -0.00000000    -0.00015410  -0.00000000    -0.00018313   0.00000000
  0.00048024  -0.00000000     0.00019713   0.00000000    -0.00082737  -0.00000000
   33   26
  0.00274966   0.00000000     0.00080643   0.00000000     0.00210587   0.00000000
  0.00075036   0.00000000     0.00026550  -0.00000000     0.00004557  -0.00000000
  0.00201689   0.00000000     0.00012486  -0.00000000     0.00066259   0.00000000
   33   27
 -0.00006184  -0.00000000    -0.00071342  -0.00000000    -0.00094457  -0.00000000
  0.00108098   0.00000000    -0.00062871   0.00000000     0.00070472   0.00000000
 -0.00116605  -0.00000000    -0.00033128  -0.00000000     0.00140388   0.00000000
   33   28
  0.00017581   0.00000000    -0.00030269  -0.00000000    -0.00414662  -0.00000000
  0.00030649   0.00000000    -0.00025582  -0.00000000     0.00018673   0.00000000
  0.00430585   0.00000000     0.00000513   0.00000000     0.00024017  -0.00000000
   33   29
 -0.00025381  -0.00000000     0.00028039  -0.00000000     0.00088591  -0.00000000
  0.00021015   0.00000000    -0.00624013   0.00000000     0.00196388   0.00000000
 -0.00177538  -0.00000000    -0.00171293   0.00000000    -0.03498849   0.00000000
   33   30
  0.00247541   0.00000000     0.00094497   0.00000000    -0.00067631  -0.00000000
 -0.00050739   0.00000000    -0.00388654   0.00000000    -0.00035786   0.00000000
 -0.00011531   0.00000000     0.00034801  -0.00000000     0.00286172   0.00000000
   33   31
  0.00030967  -0.00000000    -0.00032952  -0.00000000     0.00048030   0.00000000
 -0.00032952  -0.00000000    -0.00018919  -0.00000000     0.00014816   0.00000000
  0.00048030   0.00000000     0.00014816   0.00000000    -0.00059144  -0.00000000
   33   32
 -0.00141348   0.00000000    -0.00059930  -0.00000000     0.00008510   0.00000000
  0.00033341   0.00000000     0.00376683   0.00000000     0.00334398   0.00000000
  0.00027414  -0.00000000     0.00774023  -0.00000000     0.01095644   0.00000000
   33   33
  0.12818069   0.00000000    -0.00441147   0.00000000     0.00315189   0.00000000
 -0.00441147   0.00000000     0.20751767   0.00000000    -0.00207475   0.00000000
  0.00315189   0.00000000    -0.00207475   0.00000000     0.12616869   0.00000000
   33   34
 -0.00013990   0.00000000    -0.00017264  -0.00000000    -0.00035980  -0.00000000
  0.00018381   0.00000000    -0.00035806  -0.00000000    -0.00007750  -0.00000000
 -0.00037648  -0.00000000    -0.00025906   0.00000000     0.00044079   0.00000000
   33   35
 -0.00063075   0.00000000     0.00087882   0.00000000     0.00022885   0.00000000
  0.00074834   0.00000000     0.00983202   0.00000000    -0.00044047  -0.00000000
 -0.00026907  -0.00000000     0.00032171   0.00000000    -0.00076689  -0.00000000
   33   36
  0.00040865   0.00000000     0.00060774   0.00000000    -0.00018078  -0.00000000
 -0.00006190   0.00000000    -0.00016377   0.00000000     0.00015531  -0.00000000
 -0.00093697   0.00000000    -0.00003224  -0.00000000    -0.00233348  -0.00000000
   34    1
 -0.01019314   0.00000000     0.00935378   0.00000000    -0.00720662  -0.00000000
  0.00956334   0.00000000    -0.00521034  -0.00000000     0.00531806  -0.00000000
 -0.00711713   0.00000000     0.00545580  -0.00000000    -0.00183648   0.00000000
   34    2
 -0.01020301  -0.00000000    -0.00945810  -0.00000000     0.00713222   0.00000000
 -0.00929262  -0.00000000    -0.00490722  -0.00000000     0.00548278   0.00000000
  0.00714170   0.00000000     0.00532654   0.00000000    -0.00213925  -0.00000000
   34    3
  0.00213823  -0.00000000    -0.00009252  -0.00000000     0.00017920   0.00000000
 -0.00006079  -0.00000000    -0.00503957  -0.00000000    -0.01083345  -0.00000000
  0.00023698   0.00000000    -0.01081938  -0.00000000    -0.01441047   0.00000000
   34    4
  0.00021543  -0.00000000    -0.00012665  -0.00000000    -0.00012487  -0.00000000
 -0.00046868  -0.00000000     0.00013490  -0.00000000    -0.00015281  -0.00000000
 -0.00015497  -0.00000000    -0.00012743  -0.00000000     0.00033180   0.00000000
   34    5
  0.01454908  -0.00000000    -0.04025355  -0.00000000     0.00800836   0.00000000
 -0.02889980   0.00000000     0.05019174   0.00000000    -0.01682235  -0.00000000
  0.00814532  -0.00000000    -0.02316766  -0.00000000     0.00613244   0.00000000
   34    6
  0.00030250  -0.00000000    -0.00101235  -0.00000000     0.00227690   0.00000000
 -0.00167162  -0.00000000     0.00046562  -0.00000000     0.00019924  -0.00000000
  0.00047442  -0.00000000    -0.00325071  -0.00000000    -0.00158704  -0.00000000
   34    7
 -0.00035439   0.00000000    -0.00068488  -0.00000000    -0.00297657  -0.00000000
  0.00022628   0.00000000    -0.05460155  -0.00000000    -0.03957523  -0.00000000
 -0.00045466   0.00000000    -0.04940123   0.00000000    -0.02368688  -0.00000000
   34    8
  0.00094260   0.00000000     0.00010191   0.00000000     0.00025872  -0.00000000
 -0.00255790  -0.00000000     0.00141279   0.00000000     0.00036729  -0.00000000
  0.00073967   0.00000000     0.00132165   0.00000000    -0.00169236  -0.00000000
   34    9
 -0.00090130  -0.00000000     0.00099640   0.00000000    -0.00340098  -0.00000000
  0.00054809   0.00000000    -0.00001803  -0.00000000    -0.00020954  -0.00000000
  0.00186938   0.00000000     0.00100474  -0.00000000     0.00072837   0.00000000
   34   10
 -0.00089522  -0.00000000     0.00156535   0.00000000     0.00143169   0.00000000
 -0.00071626  -0.00000000    -0.00125196  -0.00000000     0.00027704  -0.00000000
 -0.00367688  -0.00000000    -0.00005128   0.00000000     0.00033048   0.00000000
   34   11
 -0.00039471   0.00000000     0.00059014  -0.00000000     0.00181386   0.00000000
 -0.00142260  -0.00000000     0.00253448  -0.00000000    -0.00229671  -0.00000000
  0.00081610  -0.00000000    -0.00068883  -0.00000000    -0.00027203  -0.00000000
   34   12
  0.00060154  -0.00000000     0.00004941   0.00000000    -0.00052872  -0.00000000
 -0.00196263  -0.00000000    -0.00347993  -0.00000000    -0.00122158  -0.00000000
  0.00162518   0.00000000    -0.00186489   0.00000000     0.00144529   0.00000000
   34   13
  0.00184783  -0.00000000    -0.00151368  -0.00000000     0.00065033   0.00000000
 -0.00165426  -0.00000000    -0.00224314   0.00000000    -0.00115697   0.00000000
 -0.00166243  -0.00000000     0.00093937   0.00000000    -0.00015825   0.00000000
   34   14
 -0.00229648  -0.00000000     0.00159224   0.00000000    -0.00215763   0.00000000
  0.00034530   0.00000000    -0.00140092  -0.00000000     0.00019478   0.00000000
 -0.00208658  -0.00000000     0.00092475   0.00000000     0.00060755   0.00000000
   34   15
 -0.01869023  -0.00000000    -0.04284194  -0.00000000     0.01086573   0.00000000
 -0.03368981   0.00000000    -0.05395485  -0.00000000     0.02076999   0.00000000
  0.00855718  -0.00000000     0.02429406   0.00000000    -0.00429952  -0.00000000
   34   16
  0.00024896   0.00000000    -0.00286847  -0.00000000     0.00040516  -0.00000000
 -0.00043125  -0.00000000     0.00083875  -0.00000000    -0.00150616  -0.00000000
  0.00223265   0.00000000     0.00102846   0.00000000    -0.00124585   0.00000000
   34   17
 -0.00814661  -0.00000000     0.00652194   0.00000000     0.00522936   0.00000000
  0.00269972   0.00000000    -0.00375350  -0.00000000    -0.00143113  -0.00000000
  0.00538933   0.00000000    -0.00429626  -0.00000000    -0.00157852  -0.00000000
   34   18
  0.02810534   0.00000000     0.00101230  -0.00000000     0.01597799   0.00000000
 -0.00122555  -0.00000000     0.00647583  -0.00000000    -0.00060430   0.00000000
  0.01585890   0.00000000     0.00065683  -0.00000000     0.00973341  -0.00000000
   34   19
  0.00024150   0.00000000    -0.00189960  -0.00000000     0.00320596  -0.00000000
 -0.00182340  -0.00000000    -0.00005256   0.00000000    -0.00097362  -0.00000000
  0.00311547   0.00000000    -0.00113659  -0.00000000    -0.00355443  -0.00000000
   34   20
 -0.00216149  -0.00000000    -0.00011878  -0.00000000     0.00020109  -0.00000000
 -0.00010926  -0.00000000     0.00032264   0.00000000    -0.00001203  -0.00000000
  0.00092328  -0.00000000    -0.00056020  -0.00000000     0.00033278   0.00000000
   34   21
 -0.00006734  -0.00000000    -0.00055129   0.00000000    -0.00034408  -0.00000000
 -0.00022924  -0.00000000     0.00060876   0.00000000    -0.00077651  -0.00000000
  0.00026520  -0.00000000    -0.00039507   0.00000000     0.00014871  -0.00000000
   34   22
 -0.00715547   0.00000000    -0.00706265  -0.00000000    -0.00466758   0.00000000
 -0.00328482  -0.00000000    -0.00404444   0.00000000    -0.00193770  -0.00000000
 -0.00502042   0.00000000    -0.00406817  -0.00000000    -0.00159713   0.00000000
   34   23
 -0.02611473  -0.00000000     0.00116980  -0.00000000     0.01332381  -0.00000000
 -0.00154584   0.00000000    -0.00627340  -0.00000000     0.00096689   0.00000000
  0.01582834  -0.00000000    -0.00085776   0.00000000    -0.00835392   0.00000000
   34   24
  0.00039136   0.00000000     0.00012931  -0.00000000     0.00424026  -0.00000000
 -0.00032166  -0.00000000    -0.00025828  -0.00000000    -0.00017430   0.00000000
 -0.00427089   0.00000000     0.00014812  -0.00000000     0.00021654  -0.00000000
   34   25
  0.00290394   0.00000000    -0.00051846  -0.00000000     0.00188610  -0.00000000
 -0.00034946  -0.00000000     0.00116461   0.00000000    -0.00033006  -0.00000000
  0.00170206  -0.00000000    -0.00062395  -0.00000000     0.00034910  -0.00000000
   34   26
  0.00014282   0.00000000    -0.00000746   0.00000000     0.00062942  -0.00000000
  0.00043884   0.00000000    -0.00021887  -0.00000000     0.00038978   0.00000000
  0.00120779   0.00000000     0.00005187  -0.00000000    -0.00090155  -0.00000000
   34   27
  0.00029044  -0.00000000     0.00082445   0.00000000    -0.00101772  -0.00000000
 -0.00117086  -0.00000000    -0.00000532   0.00000000    -0.00062304  -0.00000000
 -0.00096248  -0.00000000     0.00058462   0.00000000     0.00124040   0.00000000
   34   28
 -0.00018234  -0.00000000    -0.00019944   0.00000000     0.00102486  -0.00000000
 -0.00004759   0.00000000    -0.00625880   0.00000000    -0.00193042  -0.00000000
 -0.00179643  -0.00000000     0.00179098   0.00000000    -0.03495021   0.00000000
   34   29
  0.00020198   0.00000000     0.00015961  -0.00000000    -0.00403427  -0.00000000
 -0.00027706  -0.00000000    -0.00043806  -0.00000000    -0.00006460  -0.00000000
  0.00434492   0.00000000    -0.00021324  -0.00000000     0.00019549  -0.00000000
   34   30
 -0.00021778  -0.00000000     0.00005937   0.00000000     0.00055624   0.00000000
  0.00005937   0.00000000     0.00100218   0.00000000     0.00038021   0.00000000
  0.00055624   0.00000000     0.00038021   0.00000000    -0.00031160   0.00000000
   34   31
  0.00247541   0.00000000    -0.00050739   0.00000000    -0.00011531   0.00000000
  0.00094497   0.00000000    -0.00388654   0.00000000     0.00034801  -0.00000000
 -0.00067631  -0.00000000    -0.00035786   0.00000000     0.00286172   0.00000000
   34   32
  0.00116414  -0.00000000    -0.00074373  -0.00000000    -0.00020969  -0.00000000
  0.00002427   0.00000000    -0.00366125  -0.00000000     0.00320515  -0.00000000
 -0.00039728   0.00000000     0.00764858  -0.00000000    -0.01104304  -0.00000000
   34   33
 -0.00013990   0.00000000     0.00018381   0.00000000    -0.00037648  -0.00000000
 -0.00017264  -0.00000000    -0.00035806  -0.00000000    -0.00025906   0.00000000
 -0.00035980  -0.00000000    -0.00007750  -0.00000000     0.00044079   0.00000000
   34   34
  0.12805387   0.00000000     0.00439894  -0.00000000     0.00316159   0.00000000
  0.00439894  -0.00000000     0.20775058   0.00000000     0.00218555  -0.00000000
  0.00316159   0.00000000     0.00218555  -0.00000000     0.12611970  -0.00000000
   34   35
  0.00030898   0.00000000     0.00001887   0.00000000    -0.00061955  -0.00000000
  0.00054685   0.00000000    -0.00014074   0.00000000     0.00017569   0.00000000
 -0.00139982  -0.00000000     0.00044439   0.00000000    -0.00190705   0.00000000
   34   36
  0.00072779   0.00000000    -0.00076416  -0.00000000     0.00035349   0.00000000
 -0.00069753  -0.00000000    -0.00904067  -0.00000000     0.00036382   0.00000000
 -0.00020498  -0.00000000    -0.00018457  -0.00000000     0.00043064  -0.00000000
   35    1
  0.01006775   0.00000000    -0.00928963  -0.00000000     0.00723825   0.00000000
 -0.00930683  -0.00000000     0.00517327   0.00000000    -0.00531176  -0.00000000
  0.00701728   0.00000000    -0.00555294  -0.00000000     0.00186793   0.00000000
   35    2
 -0.01039589  -0.00000000    -0.00947607  -0.00000000     0.00720715  -0.00000000
 -0.00931405   0.00000000    -0.00516417   0.00000000     0.00550943   0.00000000
  0.00713317  -0.00000000     0.00523384  -0.00000000    -0.00210066  -0.00000000
   35    3
  0.00215655   0.00000000    -0.00015931  -0.00000000     0.00009855   0.00000000
 -0.00000935   0.00000000    -0.00504498  -0.00000000    -0.01086657  -0.00000000
  0.00015485   0.00000000    -0.01084095  -0.00000000    -0.01438698  -0.00000000
   35    4
 -0.00015874  -0.00000000     0.00000056   0.00000000     0.00021924   0.00000000
  0.00034836   0.00000000    -0.00008056  -0.00000000     0.00000456  -0.00000000
  0.00016921   0.00000000     0.00004477   0.00000000    -0.00040906  -0.00000000
   35    5
  0.00105064   0.00000000    -0.00201424   0.00000000    -0.00092263   0.00000000
  0.00008520   0.00000000    -0.00218525  -0.00000000     0.00127480  -0.00000000
  0.00185276   0.00000000     0.00112360   0.00000000     0.00236517   0.00000000
   35    6
 -0.01496233  -0.00000000    -0.03963088  -0.00000000     0.00996064   0.00000000
 -0.02955411  -0.00000000    -0.04948332  -0.00000000     0.01883834   0.00000000
  0.00740391   0.00000000     0.02292871   0.00000000    -0.00540402  -0.00000000
   35    7
  0.00030315   0.00000000     0.00040455  -0.00000000     0.00032782  -0.00000000
  0.00217832   0.00000000    -0.05430234  -0.00000000    -0.04004943  -0.00000000
  0.00287244   0.00000000    -0.04912589   0.00000000    -0.02315407  -0.00000000
   35    8
 -0.00105198  -0.00000000     0.00100292   0.00000000    -0.00254807  -0.00000000
 -0.00019104  -0.00000000    -0.00122749  -0.00000000    -0.00024727  -0.00000000
 -0.00197179  -0.00000000     0.00088561   0.00000000     0.00057744   0.00000000
   35    9
  0.00067638   0.00000000    -0.00001416  -0.00000000     0.00014315   0.00000000
  0.00264255   0.00000000     0.00321939   0.00000000     0.00076892   0.00000000
 -0.00008025  -0.00000000     0.00069430   0.00000000    -0.00176176  -0.00000000
   35   10
 -0.00042182  -0.00000000    -0.00130593  -0.00000000    -0.00063221  -0.00000000
  0.00030838   0.00000000     0.00124299   0.00000000     0.00005781  -0.00000000
  0.00306739   0.00000000     0.00029300   0.00000000    -0.00010126   0.00000000
   35   11
 -0.01891089  -0.00000000     0.04336075   0.00000000    -0.00914070  -0.00000000
  0.03400736  -0.00000000    -0.05450497  -0.00000000     0.01868872   0.00000000
 -0.00922731   0.00000000     0.02442411   0.00000000    -0.00530724  -0.00000000
   35   12
  0.00120958   0.00000000    -0.00035794  -0.00000000     0.00227736   0.00000000
 -0.00019245  -0.00000000     0.00029372  -0.00000000     0.00025860   0.00000000
 -0.00126131  -0.00000000    -0.00063222   0.00000000    -0.00144751  -0.00000000
   35   13
 -0.00202463  -0.00000000     0.00164873   0.00000000    -0.00159427   0.00000000
  0.00164059   0.00000000     0.00140722  -0.00000000     0.00056574  -0.00000000
  0.00109011   0.00000000    -0.00178415  -0.00000000    -0.00101162   0.00000000
   35   14
 -0.00033843  -0.00000000    -0.00052311  -0.00000000     0.00052190   0.00000000
 -0.00173146   0.00000000     0.00129644  -0.00000000     0.00035973   0.00000000
  0.00213537   0.00000000     0.00198966   0.00000000    -0.00134623  -0.00000000
   35   15
 -0.00058116   0.00000000    -0.00013588  -0.00000000     0.00260816   0.00000000
 -0.00075295  -0.00000000     0.00087938  -0.00000000    -0.00060962   0.00000000
 -0.00058567   0.00000000    -0.00187204  -0.00000000    -0.00105168  -0.00000000
   35   16
 -0.00114507  -0.00000000    -0.00287948  -0.00000000     0.00017450   0.00000000
 -0.00013787  -0.00000000     0.00117417   0.00000000     0.00002106   0.00000000
  0.00251740   0.00000000     0.00029975   0.00000000    -0.00216388  -0.00000000
   35   17
 -0.00767433  -0.00000000    -0.00676812  -0.00000000    -0.00494553  -0.00000000
 -0.00269601  -0.00000000    -0.00330880  -0.00000000    -0.00142328  -0.00000000
 -0.00580814  -0.00000000    -0.00435641  -0.00000000    -0.00100273  -0.00000000
   35   18
  0.00023628   0.00000000     0.00007891  -0.00000000     0.00053007   0.00000000
  0.00052818   0.00000000    -0.00045772  -0.00000000     0.00075469   0.00000000
 -0.00006335   0.00000000     0.00056513  -0.00000000    -0.00029134  -0.00000000
   35   19
 -0.00255810  -0.00000000    -0.00052968  -0.00000000     0.00124417   0.00000000
 -0.00051601  -0.00000000     0.00002422   0.00000000    -0.00026637  -0.00000000
  0.00122823   0.00000000    -0.00000421  -0.00000000     0.00044557  -0.00000000
   35   20
  0.00012305   0.00000000    -0.00176565  -0.00000000     0.00343280   0.00000000
 -0.00166899  -0.00000000     0.00031003   0.00000000    -0.00101831  -0.00000000
  0.00223236  -0.00000000    -0.00092402  -0.00000000    -0.00320517  -0.00000000
   35   21
 -0.02631670  -0.00000000    -0.00080472   0.00000000    -0.01370604   0.00000000
  0.00146165  -0.00000000    -0.00661237  -0.00000000     0.00046838  -0.00000000
 -0.01646155  -0.00000000    -0.00079754   0.00000000    -0.00882983   0.00000000
   35   22
 -0.00822376   0.00000000     0.00650113   0.00000000     0.00539773   0.00000000
  0.00310808  -0.00000000    -0.00432122  -0.00000000    -0.00217094  -0.00000000
  0.00455761  -0.00000000    -0.00402951  -0.00000000    -0.00217253  -0.00000000
   35   23
  0.00009838  -0.00000000    -0.00016708  -0.00000000     0.00070512  -0.00000000
  0.00023075  -0.00000000     0.00066878   0.00000000     0.00021441   0.00000000
  0.00124493   0.00000000    -0.00007335   0.00000000    -0.00105679  -0.00000000
   35   24
 -0.00243173  -0.00000000     0.00005687  -0.00000000    -0.00087369   0.00000000
 -0.00008083   0.00000000    -0.00069491  -0.00000000     0.00041353   0.00000000
 -0.00168057   0.00000000     0.00008381   0.00000000    -0.00067935   0.00000000
   35   25
 -0.00009341   0.00000000    -0.00004205   0.00000000    -0.00422016  -0.00000000
  0.00013803  -0.00000000     0.00005197   0.00000000     0.00037335   0.00000000
  0.00390120  -0.00000000    -0.00009452   0.00000000     0.00008776  -0.00000000
   35   26
 -0.02783452  -0.00000000     0.00168560   0.00000000     0.01524459   0.00000000
 -0.00119406  -0.00000000    -0.00612247  -0.00000000     0.00064066   0.00000000
  0.01521254   0.00000000    -0.00082679  -0.00000000    -0.00898518  -0.00000000
   35   27
  0.00125466   0.00000000    -0.00014421  -0.00000000    -0.00088678  -0.00000000
 -0.00073655  -0.00000000    -0.00384181  -0.00000000     0.00305857   0.00000000
  0.00049424   0.00000000     0.00758490   0.00000000    -0.01107592  -0.00000000
   35   28
  0.00243808   0.00000000     0.00129221   0.00000000     0.00099555   0.00000000
 -0.00111160   0.00000000    -0.00378836   0.00000000     0.00022406  -0.00000000
  0.00033553  -0.00000000    -0.00031012   0.00000000     0.00261462   0.00000000
   35   29
  0.00024837  -0.00000000    -0.00002722  -0.00000000    -0.00037822  -0.00000000
 -0.00002722  -0.00000000    -0.00052869  -0.00000000    -0.00044218  -0.00000000
 -0.00037822  -0.00000000    -0.00044218  -0.00000000     0.00033375   0.00000000
   35   30
  0.00020198   0.00000000    -0.00027706  -0.00000000     0.00434492   0.00000000
  0.00015961  -0.00000000    -0.00043806  -0.00000000    -0.00021324  -0.00000000
 -0.00403427  -0.00000000    -0.00006460  -0.00000000     0.00019549  -0.00000000
   35   31
 -0.00025381  -0.00000000     0.00021015   0.00000000    -0.00177538  -0.00000000
  0.00028039  -0.00000000    -0.00624013   0.00000000    -0.00171293   0.00000000
  0.00088591  -0.00000000     0.00196388   0.00000000    -0.03498849   0.00000000
   35   32
  0.00021492   0.00000000     0.00073854   0.00000000    -0.00124245  -0.00000000
 -0.00122063  -0.00000000    -0.00051902  -0.00000000    -0.00055019   0.00000000
 -0.00080024  -0.00000000     0.00041576   0.00000000     0.00092062   0.00000000
   35   33
 -0.00063075   0.00000000     0.00074834   0.00000000    -0.00026907  -0.00000000
  0.00087882   0.00000000     0.00983202   0.00000000     0.00032171   0.00000000
  0.00022885   0.00000000    -0.00044047  -0.00000000    -0.00076689  -0.00000000
   35   34
  0.00030898   0.00000000     0.00054685   0.00000000    -0.00139982  -0.00000000
  0.00001887   0.00000000    -0.00014074   0.00000000     0.00044439   0.00000000
 -0.00061955  -0.00000000     0.00017569   0.00000000    -0.00190705   0.00000000
   35   35
  0.12830875   0.00000000    -0.00500497   0.00000000    -0.00268251   0.00000000
 -0.00500497   0.00000000     0.20744631   0.00000000     0.00212040  -0.00000000
 -0.00268251   0.00000000     0.00212040  -0.00000000     0.12607271  -0.00000000
   35   36
  0.00010160   0.00000000    -0.00010418  -0.00000000     0.00028151   0.00000000
  0.00018966   0.00000000     0.00055670  -0.00000000     0.00029845   0.00000000
  0.00039565   0.00000000    -0.00000322  -0.00000000    -0.00043307   0.00000000
   36    1
 -0.01028402  -0.00000000    -0.00934239  -0.00000000    -0.00700189  -0.00000000
 -0.00927283  -0.00000000    -0.00495472  -0.00000000    -0.00552426  -0.00000000
 -0.00711076  -0.00000000    -0.00536605  -0.00000000    -0.00206200  -0.00000000
   36    2
 -0.01008043   0.00000000     0.00930908  -0.00000000     0.00732459   0.00000000
  0.00941707   0.00000000    -0.00527848  -0.00000000    -0.00533175   0.00000000
  0.00723350   0.00000000    -0.00548927  -0.00000000    -0.00209200  -0.00000000
   36    3
  0.00200776   0.00000000    -0.00010636  -0.00000000     0.00005572   0.00000000
 -0.00001520   0.00000000    -0.00511554  -0.00000000     0.01077017   0.00000000
 -0.00006186   0.00000000     0.01068224   0.00000000    -0.01439907  -0.00000000
   36    4
  0.00002957  -0.00000000     0.00007823   0.00000000    -0.00022617  -0.00000000
  0.00029290   0.00000000     0.00030098   0.00000000     0.00028719   0.00000000
 -0.00007272  -0.00000000    -0.00010287  -0.00000000     0.00010145   0.00000000
   36    5
 -0.00050414  -0.00000000     0.00091587   0.00000000     0.00037360   0.00000000
  0.00190268   0.00000000     0.00385241   0.00000000    -0.00020623   0.00000000
  0.00198922   0.00000000    -0.00160768  -0.00000000    -0.00122535  -0.00000000
   36    6
  0.00091068  -0.00000000     0.00034219   0.00000000     0.00205223  -0.00000000
 -0.00029843  -0.00000000     0.00050361   0.00000000    -0.00000180  -0.00000000
 -0.00102260  -0.00000000     0.00100906   0.00000000    -0.00129546   0.00000000
   36    7
 -0.00089194  -0.00000000     0.00144316   0.00000000    -0.00058081  -0.00000000
  0.00007693  -0.00000000    -0.00048654   0.00000000    -0.00010312  -0.00000000
  0.00303414   0.00000000     0.00012196  -0.00000000     0.00023428   0.00000000
   36    8
 -0.01895262  -0.00000000    -0.04337233  -0.00000000    -0.00898226  -0.00000000
 -0.03376745   0.00000000    -0.05424043  -0.00000000    -0.01876870  -0.00000000
 -0.00920320   0.00000000    -0.02458159  -0.00000000    -0.00532103  -0.00000000
   36    9
 -0.00034852   0.00000000    -0.00022754  -0.00000000     0.00225770   0.00000000
  0.00064814   0.00000000     0.00104200  -0.00000000     0.00045080  -0.00000000
 -0.00087026  -0.00000000     0.00160802   0.00000000    -0.00117707  -0.00000000
   36   10
 -0.00002158   0.00000000    -0.00072325  -0.00000000     0.00037871  -0.00000000
 -0.00228388  -0.00000000    -0.05435245  -0.00000000     0.04003346   0.00000000
  0.00277121   0.00000000     0.04901037  -0.00000000    -0.02256139   0.00000000
   36   11
 -0.00088630   0.00000000    -0.00128340  -0.00000000    -0.00247775  -0.00000000
  0.00010113   0.00000000    -0.00094143  -0.00000000     0.00043317   0.00000000
 -0.00167402  -0.00000000    -0.00076695  -0.00000000     0.00068888   0.00000000
   36   12
 -0.01474487  -0.00000000     0.03973737   0.00000000     0.00949401   0.00000000
  0.02967570   0.00000000    -0.05001899  -0.00000000    -0.01870723  -0.00000000
  0.00737952   0.00000000    -0.02294690  -0.00000000    -0.00542951  -0.00000000
   36   13
 -0.00127006  -0.00000000     0.00298876   0.00000000     0.00019777   0.00000000
  0.00030696   0.00000000     0.00069174   0.00000000     0.00004668  -0.00000000
  0.00219518   0.00000000    -0.00032655  -0.00000000    -0.00187740   0.00000000
   36   14
  0.00105652   0.00000000     0.00199660  -0.00000000    -0.00082807   0.00000000
  0.00023394   0.00000000    -0.00220117  -0.00000000    -0.00106948   0.00000000
  0.00204942   0.00000000    -0.00113073  -0.00000000     0.00230108   0.00000000
   36   15
  0.00081159   0.00000000     0.00034840   0.00000000    -0.00014527   0.00000000
 -0.00265377  -0.00000000     0.00159189   0.00000000    -0.00041437   0.00000000
 -0.00018897  -0.00000000    -0.00102500  -0.00000000    -0.00188237  -0.00000000
   36   16
 -0.00189737  -0.00000000    -0.00126315   0.00000000    -0.00160145   0.00000000
 -0.00157020  -0.00000000     0.00169490  -0.00000000    -0.00113336  -0.00000000
  0.00070938  -0.00000000     0.00161367   0.00000000    -0.00122707   0.00000000
   36   17
  0.00760912   0.00000000    -0.00700154  -0.00000000     0.00526920   0.00000000
 -0.00271059  -0.00000000     0.00352462   0.00000000    -0.00132344  -0.00000000
  0.00588334   0.00000000    -0.00417801  -0.00000000     0.00123342   0.00000000
   36   18
 -0.00259998  -0.00000000    -0.00001918  -0.00000000     0.00113434   0.00000000
  0.00002668  -0.00000000    -0.00116191  -0.00000000     0.00003074  -0.00000000
  0.00097872   0.00000000    -0.00023283  -0.00000000     0.00063294   0.00000000
   36   19
  0.00024286   0.00000000    -0.00038609   0.00000000     0.00023108  -0.00000000
 -0.00037122   0.00000000     0.00023450   0.00000000    -0.00059884   0.00000000
 -0.00037525  -0.00000000    -0.00074920   0.00000000    -0.00005399   0.00000000
   36   20
 -0.02627224  -0.00000000     0.00110600  -0.00000000    -0.01381170   0.00000000
 -0.00108462   0.00000000    -0.00663710  -0.00000000    -0.00059503   0.00000000
 -0.01643594  -0.00000000     0.00079972  -0.00000000    -0.00886744   0.00000000
   36   21
  0.00006992   0.00000000     0.00180529   0.00000000     0.00342630   0.00000000
  0.00184172   0.00000000     0.00021428   0.00000000     0.00109878   0.00000000
  0.00223577  -0.00000000     0.00090032   0.00000000    -0.00314878  -0.00000000
   36   22
 -0.00807020   0.00000000    -0.00626487   0.00000000     0.00533666   0.00000000
 -0.00315997  -0.00000000    -0.00417682  -0.00000000     0.00210138   0.00000000
  0.00454600  -0.00000000     0.00412953   0.00000000    -0.00196264   0.00000000
   36   23
 -0.00243984  -0.00000000    -0.00050158  -0.00000000    -0.00109595  -0.00000000
 -0.00018394  -0.00000000     0.00022422   0.00000000    -0.00004484   0.00000000
 -0.00194468  -0.00000000     0.00032043   0.00000000    -0.00092638   0.00000000
   36   24
  0.00000219  -0.00000000     0.00020007   0.00000000     0.00138106   0.00000000
 -0.00024545   0.00000000     0.00057241  -0.00000000     0.00001361  -0.00000000
  0.00061391  -0.00000000     0.00035375   0.00000000    -0.00110010  -0.00000000
   36   25
 -0.02781225  -0.00000000    -0.00153373  -0.00000000     0.01520604   0.00000000
  0.00133800   0.00000000    -0.00613285  -0.00000000    -0.00061296  -0.00000000
  0.01529671   0.00000000     0.00093005   0.00000000    -0.00899163  -0.00000000
   36   26
 -0.00010063   0.00000000    -0.00004410  -0.00000000    -0.00421019  -0.00000000
 -0.00012367   0.00000000    -0.00002592   0.00000000    -0.00038597  -0.00000000
  0.00391547  -0.00000000     0.00012417  -0.00000000     0.00004464  -0.00000000
   36   27
  0.00151269   0.00000000    -0.00005789   0.00000000    -0.00079282  -0.00000000
  0.00036996   0.00000000    -0.00357145  -0.00000000    -0.00320807  -0.00000000
  0.00069843   0.00000000    -0.00775936  -0.00000000    -0.01099597  -0.00000000
   36   28
 -0.00018398  -0.00000000     0.00017197   0.00000000    -0.00032130  -0.00000000
  0.00017197   0.00000000     0.00041595   0.00000000    -0.00005904  -0.00000000
 -0.00032130  -0.00000000    -0.00005904  -0.00000000     0.00047956   0.00000000
   36   29
  0.00243808   0.00000000    -0.00111160   0.00000000     0.00033553  -0.00000000
  0.00129221   0.00000000    -0.00378836   0.00000000    -0.00031012   0.00000000
  0.00099555   0.00000000     0.00022406  -0.00000000     0.00261462   0.00000000
   36   30
 -0.00018234  -0.00000000    -0.00004759   0.00000000    -0.00179643  -0.00000000
 -0.00019944   0.00000000    -0.00625880   0.00000000     0.00179098   0.00000000
  0.00102486  -0.00000000    -0.00193042  -0.00000000    -0.03495021   0.00000000
   36   31
  0.00017581   0.00000000     0.00030649   0.00000000     0.00430585   0.00000000
 -0.00030269  -0.00000000    -0.00025582  -0.00000000     0.00000513   0.00000000
 -0.00414662  -0.00000000     0.00018673   0.00000000     0.00024017  -0.00000000
   36   32
  0.00013807  -0.00000000     0.00068344   0.00000000     0.00107962   0.00000000
 -0.00117292  -0.00000000     0.00070178   0.00000000    -0.00062269   0.00000000
  0.00085939   0.00000000     0.00020241  -0.00000000    -0.00105650  -0.00000000
   36   33
  0.00040865   0.00000000    -0.00006190   0.00000000    -0.00093697   0.00000000
  0.00060774   0.00000000    -0.00016377   0.00000000    -0.00003224  -0.00000000
 -0.00018078  -0.00000000     0.00015531  -0.00000000    -0.00233348  -0.00000000
   36   34
  0.00072779   0.00000000    -0.00069753  -0.00000000    -0.00020498  -0.00000000
 -0.00076416  -0.00000000    -0.00904067  -0.00000000    -0.00018457  -0.00000000
  0.00035349   0.00000000     0.00036382   0.00000000     0.00043064  -0.00000000
   36   35
  0.00010160   0.00000000     0.00018966   0.00000000     0.00039565   0.00000000
 -0.00010418  -0.00000000     0.00055670  -0.00000000    -0.00000322  -0.00000000
  0.00028151   0.00000000     0.00029845   0.00000000    -0.00043307   0.00000000
   36   36
  0.12842687   0.00000000     0.00510073   0.00000000    -0.00268004   0.00000000
  0.00510073   0.00000000     0.20736742   0.00000000    -0.00212155   0.00000000
 -0.00268004   0.00000000    -0.00212155   0.00000000     0.12609550   0.00000000

     Diagonalizing the dynamical matrix

     q = (    0.580298382  -0.375518262   0.335040737 )

 **************************************************************************
     freq (   1) =       0.882870 [THz] =      29.449379 [cm-1]
(  0.194153  0.000000  0.044797  0.000000  0.035338  0.000000 )
( -0.194153  0.000000 -0.044797  0.000000 -0.035338  0.000000 )
( -0.206543  0.000000 -0.057261  0.000000 -0.043085  0.000000 )
(  0.206543  0.000000  0.057261  0.000000  0.043085  0.000000 )
(  0.015020 -0.000000  0.156276  0.000000 -0.009327 -0.000000 )
( -0.019847  0.000000 -0.112562  0.000000  0.019736 -0.000000 )
( -0.004507 -0.000000 -0.103053  0.000000 -0.000683  0.000000 )
( -0.000733  0.000000  0.004546  0.000000 -0.001590 -0.000000 )
(  0.020410  0.000000  0.100330  0.000000 -0.020309 -0.000000 )
(  0.004507 -0.000000  0.103053  0.000000  0.000683  0.000000 )
(  0.000733  0.000000 -0.004546  0.000000  0.001590 -0.000000 )
(  0.019847  0.000000  0.112562  0.000000 -0.019736 -0.000000 )
(  0.005970 -0.000000  0.102103  0.000000 -0.001496  0.000000 )
( -0.015020 -0.000000 -0.156276  0.000000  0.009327 -0.000000 )
( -0.020410  0.000000 -0.100330  0.000000  0.020309 -0.000000 )
( -0.005970 -0.000000 -0.102103  0.000000  0.001496  0.000000 )
( -0.015290  0.000000 -0.268276  0.000000  0.021187 -0.000000 )
(  0.100801 -0.000000  0.174891  0.000000  0.021767 -0.000000 )
(  0.007997  0.000000 -0.190171  0.000000  0.050077  0.000000 )
( -0.153629  0.000000 -0.115475  0.000000 -0.048842 -0.000000 )
( -0.081071  0.000000  0.093461  0.000000 -0.059639  0.000000 )
( -0.000000  0.000000 -0.000000  0.000000  0.000000 -0.000000 )
(  0.081071  0.000000 -0.093461  0.000000  0.059639  0.000000 )
(  0.153629 -0.000000  0.115475  0.000000  0.048842 -0.000000 )
( -0.007997  0.000000  0.190171  0.000000 -0.050077  0.000000 )
( -0.100801 -0.000000 -0.174891  0.000000 -0.021767 -0.000000 )
(  0.000000  0.000000 -0.000000  0.000000  0.000000 -0.000000 )
(  0.084406  0.000000 -0.101458  0.000000  0.056321  0.000000 )
(  0.151158 -0.000000  0.126652  0.000000  0.045236 -0.000000 )
( -0.007759  0.000000  0.187585  0.000000 -0.034565  0.000000 )
( -0.097885 -0.000000 -0.170971  0.000000 -0.008433 -0.000000 )
( -0.016499  0.000000 -0.242326  0.000000  0.021075 -0.000000 )
(  0.097885 -0.000000  0.170971  0.000000  0.008433 -0.000000 )
(  0.007759  0.000000 -0.187585  0.000000  0.034565  0.000000 )
( -0.151158 -0.000000 -0.126652  0.000000 -0.045236 -0.000000 )
( -0.084406  0.000000  0.101458  0.000000 -0.056321  0.000000 )
     freq (   2) =       0.887708 [THz] =      29.610767 [cm-1]
( -0.196055 -0.000000 -0.057591 -0.000000 -0.034625 -0.000000 )
( -0.196055  0.000000 -0.057591  0.000000 -0.034625  0.000000 )
( -0.208617  0.000000 -0.067239  0.000000 -0.037881  0.000000 )
( -0.208617 -0.000000 -0.067239 -0.000000 -0.037881 -0.000000 )
(  0.002095 -0.000000 -0.001895 -0.000000  0.001409  0.000000 )
( -0.034298  0.000000 -0.105257  0.000000  0.036572 -0.000000 )
(  0.004168  0.000000 -0.102436  0.000000 -0.027930  0.000000 )
( -0.001252  0.000000 -0.148014 -0.000000  0.016464  0.000000 )
( -0.037848 -0.000000 -0.101966 -0.000000  0.042222  0.000000 )
(  0.004168 -0.000000 -0.102436 -0.000000 -0.027930 -0.000000 )
( -0.001252 -0.000000 -0.148014  0.000000  0.016464 -0.000000 )
( -0.034298 -0.000000 -0.105257 -0.000000  0.036572  0.000000 )
(  0.000760 -0.000000 -0.095307 -0.000000 -0.016947  0.000000 )
(  0.002095  0.000000 -0.001895  0.000000  0.001409 -0.000000 )
( -0.037848  0.000000 -0.101966  0.000000  0.042222 -0.000000 )
(  0.000760  0.000000 -0.095307  0.000000 -0.016947 -0.000000 )
(  0.000000  0.000000  0.000000  0.000000 -0.000000 -0.000000 )
(  0.080557 -0.000000 -0.081774 -0.000000  0.049345 -0.000000 )
( -0.157847 -0.000000 -0.127705  0.000000 -0.038390 -0.000000 )
( -0.001516  0.000000 -0.199188  0.000000  0.043422  0.000000 )
( -0.106260  0.000000 -0.152397 -0.000000 -0.014511  0.000000 )
( -0.003421  0.000000 -0.258962  0.000000  0.027514 -0.000000 )
( -0.106260 -0.000000 -0.152397  0.000000 -0.014511 -0.000000 )
( -0.001516 -0.000000 -0.199188 -0.000000  0.043422 -0.000000 )
( -0.157847  0.000000 -0.127705 -0.000000 -0.038390  0.000000 )
(  0.080557  0.000000 -0.081774  0.000000  0.049345  0.000000 )
( -0.008098  0.000000 -0.253394  0.000000  0.026168 -0.000000 )
( -0.103587 -0.000000 -0.153635  0.000000 -0.016940 -0.000000 )
(  0.005213 -0.000000 -0.205285 -0.000000  0.029275 -0.000000 )
( -0.154664  0.000000 -0.133756 -0.000000 -0.048560  0.000000 )
(  0.075296  0.000000 -0.080029  0.000000  0.051254  0.000000 )
(  0.000000  0.000000  0.000000  0.000000 -0.000000 -0.000000 )
(  0.075296 -0.000000 -0.080029 -0.000000  0.051254 -0.000000 )
( -0.154664 -0.000000 -0.133756  0.000000 -0.048560 -0.000000 )
(  0.005213  0.000000 -0.205285  0.000000  0.029275  0.000000 )
( -0.103587  0.000000 -0.153635 -0.000000 -0.016940  0.000000 )
     freq (   3) =       1.254633 [THz] =      41.850036 [cm-1]
( -0.092869 -0.000000 -0.009472  0.000000  0.174248  0.000000 )
(  0.092869 -0.000000  0.009472  0.000000 -0.174248  0.000000 )
(  0.155449 -0.000000 -0.084455  0.000000 -0.176785  0.000000 )
( -0.155449 -0.000000  0.084455  0.000000  0.176785  0.000000 )
( -0.049054 -0.000000  0.031699  0.000000  0.100553  0.000000 )
(  0.060024 -0.000000 -0.032110  0.000000 -0.089929  0.000000 )
(  0.037869 -0.000000 -0.037354  0.000000 -0.097903  0.000000 )
(  0.008779 -0.000000  0.007550  0.000000  0.006066  0.000000 )
( -0.055703 -0.000000  0.008082  0.000000  0.080364  0.000000 )
( -0.037869 -0.000000  0.037354  0.000000  0.097903  0.000000 )
( -0.008779 -0.000000 -0.007550  0.000000 -0.006066  0.000000 )
( -0.060024 -0.000000  0.032110  0.000000  0.089929  0.000000 )
( -0.044231 -0.000000  0.024410  0.000000  0.096221  0.000000 )
(  0.049054  0.000000 -0.031699 -0.000000 -0.100553 -0.000000 )
(  0.055703 -0.000000 -0.008082  0.000000 -0.080364  0.000000 )
(  0.044231 -0.000000 -0.024410  0.000000 -0.096221  0.000000 )
(  0.082676  0.000000 -0.094147 -0.000000 -0.165348 -0.000000 )
( -0.114388 -0.000000  0.051028  0.000000  0.214136  0.000000 )
(  0.080463 -0.000000 -0.033394  0.000000 -0.161304  0.000000 )
(  0.089036 -0.000000 -0.028673  0.000000 -0.181615  0.000000 )
( -0.071165 -0.000000 -0.000170  0.000000  0.066187  0.000000 )
(  0.000000 -0.000000 -0.000000  0.000000 -0.000000  0.000000 )
(  0.071165 -0.000000  0.000170  0.000000 -0.066187  0.000000 )
( -0.089036 -0.000000  0.028673  0.000000  0.181615  0.000000 )
( -0.080463 -0.000000  0.033394  0.000000  0.161304  0.000000 )
(  0.114388 -0.000000 -0.051028 -0.000000 -0.214136  0.000000 )
(  0.000000 -0.000000 -0.000000  0.000000 -0.000000  0.000000 )
(  0.072010 -0.000000 -0.035246  0.000000 -0.093931  0.000000 )
( -0.064944 -0.000000  0.036926  0.000000  0.203053  0.000000 )
( -0.108498 -0.000000  0.039809  0.000000  0.190692  0.000000 )
(  0.083645 -0.000000 -0.040999 -0.000000 -0.179936 -0.000000 )
(  0.090572  0.000000 -0.037662 -0.000000 -0.158812 -0.000000 )
( -0.083645 -0.000000  0.040999  0.000000  0.179936  0.000000 )
(  0.108498 -0.000000 -0.039809  0.000000 -0.190692  0.000000 )
(  0.064944 -0.000000 -0.036926  0.000000 -0.203053  0.000000 )
( -0.072010 -0.000000  0.035246  0.000000  0.093931  0.000000 )
     freq (   4) =       1.264990 [THz] =      42.195514 [cm-1]
(  0.124053  0.000000 -0.077716  0.000000 -0.177591 -0.000000 )
(  0.124053 -0.000000 -0.077716  0.000000 -0.177591  0.000000 )
(  0.121324 -0.000000 -0.045309  0.000000 -0.180901  0.000000 )
(  0.121324  0.000000 -0.045309 -0.000000 -0.180901 -0.000000 )
(  0.003933  0.000000 -0.002802 -0.000000 -0.004554 -0.000000 )
(  0.046078 -0.000000 -0.020185  0.000000 -0.081220  0.000000 )
(  0.050562 -0.000000 -0.029220  0.000000 -0.113948  0.000000 )
(  0.052324 -0.000000 -0.028598 -0.000000 -0.099592  0.000000 )
(  0.041405  0.000000 -0.014484 -0.000000 -0.076107 -0.000000 )
(  0.050562  0.000000 -0.029220 -0.000000 -0.113948 -0.000000 )
(  0.052324 -0.000000 -0.028598  0.000000 -0.099592  0.000000 )
(  0.046078  0.000000 -0.020185 -0.000000 -0.081220 -0.000000 )
(  0.048481  0.000000 -0.030520 -0.000000 -0.108471 -0.000000 )
(  0.003933 -0.000000 -0.002802  0.000000 -0.004554  0.000000 )
(  0.041405 -0.000000 -0.014484  0.000000 -0.076107  0.000000 )
(  0.048481 -0.000000 -0.030520  0.000000 -0.108471  0.000000 )
( -0.000000 -0.000000  0.000000  0.000000  0.000000  0.000000 )
(  0.062245  0.000000 -0.009802 -0.000000 -0.079418 -0.000000 )
(  0.081417 -0.000000 -0.040107  0.000000 -0.194639  0.000000 )
(  0.080973 -0.000000 -0.045327  0.000000 -0.179904  0.000000 )
(  0.089045  0.000000 -0.033541  0.000000 -0.193491  0.000000 )
(  0.092781 -0.000000 -0.064057  0.000000 -0.162839  0.000000 )
(  0.089045 -0.000000 -0.033541  0.000000 -0.193491  0.000000 )
(  0.080973  0.000000 -0.045327 -0.000000 -0.179904 -0.000000 )
(  0.081417  0.000000 -0.040107 -0.000000 -0.194639 -0.000000 )
(  0.062245 -0.000000 -0.009802  0.000000 -0.079418  0.000000 )
(  0.093416 -0.000000 -0.066022  0.000000 -0.167832  0.000000 )
(  0.089778 -0.000000 -0.037938  0.000000 -0.212479  0.000000 )
(  0.076699  0.000000 -0.046382 -0.000000 -0.181558 -0.000000 )
(  0.077542  0.000000 -0.040993 -0.000000 -0.198425 -0.000000 )
(  0.054389 -0.000000 -0.003139  0.000000 -0.077096  0.000000 )
( -0.000000 -0.000000  0.000000  0.000000  0.000000  0.000000 )
(  0.054389  0.000000 -0.003139 -0.000000 -0.077096 -0.000000 )
(  0.077542 -0.000000 -0.040993  0.000000 -0.198425  0.000000 )
(  0.076699 -0.000000 -0.046382  0.000000 -0.181558  0.000000 )
(  0.089778  0.000000 -0.037938 -0.000000 -0.212479  0.000000 )
     freq (   5) =       1.313196 [THz] =      43.803499 [cm-1]
(  0.001090  0.000000 -0.235821 -0.000000  0.052181  0.000000 )
(  0.001090  0.000000 -0.235821 -0.000000  0.052181  0.000000 )
(  0.027287 -0.000000 -0.475491  0.000000  0.002673  0.000000 )
(  0.027287 -0.000000 -0.475491  0.000000  0.002673  0.000000 )
(  0.010567 -0.000000  0.010532 -0.000000  0.005826 -0.000000 )
( -0.076755 -0.000000  0.037189 -0.000000  0.058500  0.000000 )
(  0.007423 -0.000000  0.005775  0.000000 -0.095111  0.000000 )
( -0.026917 -0.000000  0.044135  0.000000 -0.003608  0.000000 )
( -0.079324 -0.000000  0.002948  0.000000  0.066859  0.000000 )
(  0.007423 -0.000000  0.005775  0.000000 -0.095111  0.000000 )
( -0.026917 -0.000000  0.044135  0.000000 -0.003608  0.000000 )
( -0.076755 -0.000000  0.037189 -0.000000  0.058500  0.000000 )
(  0.004306 -0.000000  0.035804 -0.000000 -0.056385  0.000000 )
(  0.010567 -0.000000  0.010532 -0.000000  0.005826 -0.000000 )
( -0.079324 -0.000000  0.002948  0.000000  0.066859  0.000000 )
(  0.004306 -0.000000  0.035804 -0.000000 -0.056385  0.000000 )
( -0.000000  0.000000  0.000000 -0.000000  0.000000  0.000000 )
( -0.145857 -0.000000  0.106460 -0.000000 -0.036738 -0.000000 )
(  0.022860 -0.000000 -0.040879 -0.000000  0.066676  0.000000 )
( -0.201112 -0.000000 -0.003808  0.000000 -0.023962 -0.000000 )
( -0.066371 -0.000000  0.036142  0.000000 -0.035260  0.000000 )
( -0.010772 -0.000000 -0.009926  0.000000  0.014238  0.000000 )
( -0.066371 -0.000000  0.036142  0.000000 -0.035260  0.000000 )
( -0.201112 -0.000000 -0.003808  0.000000 -0.023962 -0.000000 )
(  0.022860 -0.000000 -0.040879 -0.000000  0.066676  0.000000 )
( -0.145857 -0.000000  0.106460 -0.000000 -0.036738 -0.000000 )
( -0.017629 -0.000000  0.080419 -0.000000  0.011939  0.000000 )
( -0.088583  0.000000  0.059953  0.000000  0.002795 -0.000000 )
( -0.148465 -0.000000 -0.023988  0.000000 -0.124656  0.000000 )
(  0.000083  0.000000 -0.086363  0.000000  0.000384  0.000000 )
( -0.120990 -0.000000  0.077700  0.000000 -0.082478  0.000000 )
( -0.000000 -0.000000 -0.000000  0.000000  0.000000  0.000000 )
( -0.120990 -0.000000  0.077700  0.000000 -0.082478  0.000000 )
(  0.000083  0.000000 -0.086363  0.000000  0.000384  0.000000 )
( -0.148465 -0.000000 -0.023988  0.000000 -0.124656  0.000000 )
( -0.088583  0.000000  0.059953  0.000000  0.002795 -0.000000 )
     freq (   6) =       1.341157 [THz] =      44.736177 [cm-1]
( -0.064759 -0.000000  0.039693  0.000000  0.051792  0.000000 )
(  0.064759  0.000000 -0.039693 -0.000000 -0.051792 -0.000000 )
( -0.063691 -0.000000  0.555772 -0.000000 -0.006003  0.000000 )
(  0.063691  0.000000 -0.555772  0.000000  0.006003 -0.000000 )
( -0.047105  0.000000  0.030840 -0.000000 -0.006360  0.000000 )
(  0.026605 -0.000000  0.034964  0.000000 -0.017757 -0.000000 )
(  0.012924  0.000000  0.030517  0.000000  0.023406 -0.000000 )
( -0.005456  0.000000 -0.035236 -0.000000 -0.004192 -0.000000 )
( -0.044226  0.000000  0.057392  0.000000  0.027834 -0.000000 )
( -0.012924 -0.000000 -0.030517 -0.000000 -0.023406  0.000000 )
(  0.005456  0.000000  0.035236  0.000000  0.004192  0.000000 )
( -0.026605  0.000000 -0.034964 -0.000000  0.017757 -0.000000 )
( -0.009717  0.000000  0.052399  0.000000 -0.000150  0.000000 )
(  0.047105 -0.000000 -0.030840  0.000000  0.006360 -0.000000 )
(  0.044226 -0.000000 -0.057392 -0.000000 -0.027834 -0.000000 )
(  0.009717 -0.000000 -0.052399 -0.000000  0.000150 -0.000000 )
(  0.036075 -0.000000  0.107161  0.000000 -0.008591 -0.000000 )
(  0.002184  0.000000 -0.012974  0.000000 -0.091864 -0.000000 )
(  0.198319 -0.000000 -0.032227  0.000000 -0.050359 -0.000000 )
( -0.009787  0.000000 -0.018512 -0.000000 -0.085519 -0.000000 )
( -0.129057  0.000000  0.096551  0.000000  0.012744  0.000000 )
(  0.000000  0.000000 -0.000000 -0.000000 -0.000000 -0.000000 )
(  0.129057 -0.000000 -0.096551 -0.000000 -0.012744 -0.000000 )
(  0.009787 -0.000000  0.018512  0.000000  0.085519  0.000000 )
( -0.198319  0.000000  0.032227  0.000000  0.050359  0.000000 )
( -0.002184 -0.000000  0.012974  0.000000  0.091864  0.000000 )
(  0.000000  0.000000  0.000000  0.000000 -0.000000  0.000000 )
(  0.060614 -0.000000  0.014988  0.000000  0.074092 -0.000000 )
( -0.004278  0.000000 -0.078135  0.000000 -0.021424 -0.000000 )
( -0.051650  0.000000 -0.003308 -0.000000 -0.125693 -0.000000 )
(  0.121309  0.000000 -0.020645 -0.000000 -0.099721 -0.000000 )
(  0.033622 -0.000000 -0.135749 -0.000000 -0.018209 -0.000000 )
( -0.121309  0.000000  0.020645  0.000000  0.099721  0.000000 )
(  0.051650 -0.000000  0.003308  0.000000  0.125693 -0.000000 )
(  0.004278  0.000000  0.078135 -0.000000  0.021424  0.000000 )
( -0.060614  0.000000 -0.014988 -0.000000 -0.074092  0.000000 )
     freq (   7) =       1.356102 [THz] =      45.234681 [cm-1]
(  0.097983  0.000000 -0.466105  0.000000 -0.028947  0.000000 )
(  0.097983  0.000000 -0.466105 -0.000000 -0.028947 -0.000000 )
( -0.112447 -0.000000  0.255036  0.000000  0.053973  0.000000 )
( -0.112447 -0.000000  0.255036  0.000000  0.053973  0.000000 )
( -0.006382  0.000000 -0.061001 -0.000000 -0.008891  0.000000 )
( -0.010995 -0.000000 -0.060765 -0.000000  0.014113  0.000000 )
(  0.005325  0.000000  0.063774  0.000000 -0.006734 -0.000000 )
( -0.011636 -0.000000  0.015002 -0.000000  0.004671  0.000000 )
( -0.046103 -0.000000  0.071452  0.000000  0.033120  0.000000 )
(  0.005325  0.000000  0.063774  0.000000 -0.006734  0.000000 )
( -0.011636 -0.000000  0.015002  0.000000  0.004671  0.000000 )
( -0.010995  0.000000 -0.060765 -0.000000  0.014113  0.000000 )
( -0.006313  0.000000 -0.051058 -0.000000 -0.035037 -0.000000 )
( -0.006382 -0.000000 -0.061001 -0.000000 -0.008891 -0.000000 )
( -0.046103 -0.000000  0.071452  0.000000  0.033120  0.000000 )
( -0.006313 -0.000000 -0.051058 -0.000000 -0.035037 -0.000000 )
(  0.000000 -0.000000 -0.000000  0.000000  0.000000 -0.000000 )
( -0.000567  0.000000 -0.059162 -0.000000 -0.084568 -0.000000 )
( -0.005940 -0.000000 -0.089562 -0.000000 -0.053697 -0.000000 )
(  0.021290 -0.000000 -0.031860 -0.000000 -0.131269 -0.000000 )
( -0.115047 -0.000000  0.041841  0.000000  0.121356  0.000000 )
( -0.004637 -0.000000  0.154712  0.000000  0.016436  0.000000 )
( -0.115047 -0.000000  0.041841  0.000000  0.121356  0.000000 )
(  0.021290 -0.000000 -0.031860  0.000000 -0.131269 -0.000000 )
( -0.005940  0.000000 -0.089562 -0.000000 -0.053697  0.000000 )
( -0.000567 -0.000000 -0.059162 -0.000000 -0.084568 -0.000000 )
( -0.014520 -0.000000 -0.121207 -0.000000  0.005099  0.000000 )
(  0.053155 -0.000000 -0.009425  0.000000 -0.120988 -0.000000 )
( -0.133774 -0.000000  0.019942  0.000000  0.091762  0.000000 )
(  0.002088  0.000000  0.050204  0.000000  0.084091  0.000000 )
( -0.085704 -0.000000  0.117843  0.000000  0.049504 -0.000000 )
(  0.000000 -0.000000  0.000000 -0.000000  0.000000 -0.000000 )
( -0.085704 -0.000000  0.117843  0.000000  0.049504  0.000000 )
(  0.002088 -0.000000  0.050204  0.000000  0.084091  0.000000 )
( -0.133774 -0.000000  0.019942  0.000000  0.091762  0.000000 )
(  0.053155  0.000000 -0.009425 -0.000000 -0.120988 -0.000000 )
     freq (   8) =       1.359513 [THz] =      45.348488 [cm-1]
( -0.058532  0.000000  0.558327 -0.000000  0.034348 -0.000000 )
(  0.058532  0.000000 -0.558327 -0.000000 -0.034348 -0.000000 )
( -0.034248 -0.000000 -0.067978  0.000000  0.031595  0.000000 )
(  0.034248 -0.000000  0.067978 -0.000000 -0.031595  0.000000 )
(  0.046504 -0.000000 -0.023401 -0.000000  0.034094 -0.000000 )
( -0.035488  0.000000  0.045335 -0.000000  0.006897 -0.000000 )
( -0.000130  0.000000  0.040502  0.000000 -0.026322  0.000000 )
( -0.002630 -0.000000 -0.030970  0.000000 -0.004720  0.000000 )
(  0.018965 -0.000000  0.036469  0.000000 -0.004439  0.000000 )
(  0.000130 -0.000000 -0.040502  0.000000  0.026322 -0.000000 )
(  0.002630 -0.000000  0.030970  0.000000  0.004720  0.000000 )
(  0.035488 -0.000000 -0.045335 -0.000000 -0.006897  0.000000 )
(  0.008036 -0.000000  0.029773 -0.000000  0.043555 -0.000000 )
( -0.046504  0.000000  0.023401 -0.000000 -0.034094  0.000000 )
( -0.018965  0.000000 -0.036469  0.000000  0.004439  0.000000 )
( -0.008036  0.000000 -0.029773 -0.000000 -0.043555  0.000000 )
( -0.019370  0.000000  0.111872 -0.000000 -0.023676  0.000000 )
(  0.107710 -0.000000 -0.003808 -0.000000 -0.038180 -0.000000 )
( -0.080663  0.000000 -0.007802 -0.000000 -0.167491  0.000000 )
(  0.008887  0.000000 -0.092098  0.000000 -0.048975 -0.000000 )
(  0.052645 -0.000000  0.006313  0.000000  0.096387  0.000000 )
( -0.000000 -0.000000  0.000000  0.000000  0.000000  0.000000 )
( -0.052645  0.000000 -0.006313 -0.000000 -0.096387  0.000000 )
( -0.008887  0.000000  0.092098 -0.000000  0.048975 -0.000000 )
(  0.080663 -0.000000  0.007802 -0.000000  0.167491 -0.000000 )
( -0.107710  0.000000  0.003808 -0.000000  0.038180 -0.000000 )
( -0.000000 -0.000000 -0.000000 -0.000000  0.000000  0.000000 )
( -0.122337  0.000000  0.091496 -0.000000 -0.022990 -0.000000 )
( -0.011271 -0.000000  0.004001 -0.000000 -0.047452  0.000000 )
(  0.181792 -0.000000 -0.021865  0.000000  0.001829 -0.000000 )
( -0.009392  0.000000 -0.032154  0.000000 -0.128354  0.000000 )
( -0.023542  0.000000 -0.112576 -0.000000 -0.023527  0.000000 )
(  0.009392 -0.000000  0.032154  0.000000  0.128354  0.000000 )
( -0.181792  0.000000  0.021865  0.000000 -0.001829  0.000000 )
(  0.011271 -0.000000 -0.004001  0.000000  0.047452  0.000000 )
(  0.122337 -0.000000 -0.091496  0.000000  0.022990 -0.000000 )
     freq (   9) =       1.557947 [THz] =      51.967524 [cm-1]
( -0.369935 -0.000000 -0.112096  0.000000 -0.066968 -0.000000 )
( -0.369935  0.000000 -0.112096  0.000000 -0.066968 -0.000000 )
(  0.369053  0.000000  0.119604  0.000000  0.066658 -0.000000 )
(  0.369053  0.000000  0.119604  0.000000  0.066658  0.000000 )
(  0.088016  0.000000  0.003491 -0.000000  0.050907  0.000000 )
(  0.014491  0.000000  0.024465 -0.000000  0.026398  0.000000 )
( -0.006252  0.000000  0.024745 -0.000000 -0.043995 -0.000000 )
(  0.017575 -0.000000 -0.001253 -0.000000  0.010163 -0.000000 )
( -0.036978 -0.000000 -0.021511 -0.000000  0.011717  0.000000 )
( -0.006252 -0.000000  0.024745 -0.000000 -0.043995 -0.000000 )
(  0.017575  0.000000 -0.001253 -0.000000  0.010163  0.000000 )
(  0.014491 -0.000000  0.024465 -0.000000  0.026398  0.000000 )
(  0.026773  0.000000 -0.022260 -0.000000  0.013588  0.000000 )
(  0.088016  0.000000  0.003491 -0.000000  0.050907 -0.000000 )
( -0.036978 -0.000000 -0.021511 -0.000000  0.011717 -0.000000 )
(  0.026773  0.000000 -0.022260 -0.000000  0.013588 -0.000000 )
( -0.000000  0.000000  0.000000 -0.000000  0.000000 -0.000000 )
(  0.119010  0.000000  0.068762 -0.000000  0.132298  0.000000 )
(  0.189921  0.000000 -0.029212 -0.000000  0.035608 -0.000000 )
( -0.045769 -0.000000 -0.006797 -0.000000 -0.005449 -0.000000 )
(  0.042587  0.000000 -0.000105  0.000000  0.085889  0.000000 )
( -0.028528  0.000000 -0.011871 -0.000000 -0.014688 -0.000000 )
(  0.042587 -0.000000 -0.000105 -0.000000  0.085889 -0.000000 )
( -0.045769  0.000000 -0.006797 -0.000000 -0.005449  0.000000 )
(  0.189921  0.000000 -0.029212 -0.000000  0.035608 -0.000000 )
(  0.119010  0.000000  0.068762 -0.000000  0.132298  0.000000 )
(  0.057895  0.000000  0.009668 -0.000000  0.034433 -0.000000 )
( -0.049637  0.000000  0.029909  0.000000 -0.089152 -0.000000 )
(  0.037923 -0.000000 -0.025613 -0.000000  0.018985 -0.000000 )
( -0.189350 -0.000000  0.017314 -0.000000 -0.030276 -0.000000 )
( -0.128193  0.000000 -0.047088 -0.000000 -0.120828  0.000000 )
( -0.000000 -0.000000  0.000000  0.000000  0.000000 -0.000000 )
( -0.128193 -0.000000 -0.047088 -0.000000 -0.120828 -0.000000 )
( -0.189350 -0.000000  0.017314  0.000000 -0.030276 -0.000000 )
(  0.037923  0.000000 -0.025613 -0.000000  0.018985  0.000000 )
( -0.049637 -0.000000  0.029909 -0.000000 -0.089152 -0.000000 )
     freq (  10) =       1.574842 [THz] =      52.531079 [cm-1]
( -0.402369  0.000000 -0.088251 -0.000000 -0.052738  0.000000 )
(  0.402369 -0.000000  0.088251 -0.000000  0.052738 -0.000000 )
( -0.374610  0.000000 -0.103028  0.000000 -0.078152  0.000000 )
(  0.374610  0.000000  0.103028 -0.000000  0.078152  0.000000 )
( -0.004137  0.000000 -0.001796  0.000000  0.012334  0.000000 )
(  0.018127  0.000000  0.031136 -0.000000  0.004672  0.000000 )
(  0.018612 -0.000000 -0.022500  0.000000  0.013593 -0.000000 )
( -0.084555  0.000000 -0.004314 -0.000000 -0.047604  0.000000 )
(  0.015347 -0.000000  0.024711  0.000000  0.012533  0.000000 )
( -0.018612 -0.000000  0.022500  0.000000 -0.013593 -0.000000 )
(  0.084555 -0.000000  0.004314  0.000000  0.047604 -0.000000 )
( -0.018127  0.000000 -0.031136  0.000000 -0.004672  0.000000 )
(  0.011821 -0.000000 -0.027402  0.000000  0.029269 -0.000000 )
(  0.004137  0.000000  0.001796 -0.000000 -0.012334  0.000000 )
( -0.015347 -0.000000 -0.024711 -0.000000 -0.012533  0.000000 )
( -0.011821  0.000000  0.027402 -0.000000 -0.029269  0.000000 )
(  0.048305 -0.000000  0.002110 -0.000000  0.006471  0.000000 )
(  0.062427 -0.000000 -0.019673  0.000000  0.094755  0.000000 )
(  0.047561  0.000000 -0.007759 -0.000000  0.014136  0.000000 )
( -0.175502  0.000000  0.022790 -0.000000 -0.036799 -0.000000 )
(  0.104987 -0.000000  0.056663  0.000000  0.120550 -0.000000 )
(  0.000000 -0.000000  0.000000  0.000000  0.000000  0.000000 )
( -0.104987  0.000000 -0.056663 -0.000000 -0.120550  0.000000 )
(  0.175502 -0.000000 -0.022790  0.000000  0.036799  0.000000 )
( -0.047561  0.000000  0.007759  0.000000 -0.014136  0.000000 )
( -0.062427  0.000000  0.019673 -0.000000 -0.094755  0.000000 )
(  0.000000  0.000000  0.000000  0.000000  0.000000  0.000000 )
(  0.104285 -0.000000  0.066819 -0.000000  0.123955 -0.000000 )
( -0.180309  0.000000  0.020005 -0.000000 -0.019693  0.000000 )
(  0.047705 -0.000000 -0.014283  0.000000  0.033400 -0.000000 )
(  0.062142 -0.000000 -0.012226 -0.000000  0.065847 -0.000000 )
( -0.032235  0.000000 -0.018890 -0.000000 -0.037427  0.000000 )
( -0.062142 -0.000000  0.012226  0.000000 -0.065847 -0.000000 )
( -0.047705 -0.000000  0.014283 -0.000000 -0.033400  0.000000 )
(  0.180309 -0.000000 -0.020005  0.000000  0.019693 -0.000000 )
( -0.104285  0.000000 -0.066819  0.000000 -0.123955 -0.000000 )
     freq (  11) =       1.767876 [THz] =      58.969983 [cm-1]
( -0.023031  0.000000 -0.316457  0.000000  0.073544 -0.000000 )
( -0.023031 -0.000000 -0.316457 -0.000000  0.073544  0.000000 )
(  0.122817  0.000000  0.083024 -0.000000 -0.044202 -0.000000 )
(  0.122817  0.000000  0.083024 -0.000000 -0.044202  0.000000 )
( -0.036915 -0.000000  0.105828 -0.000000 -0.019585 -0.000000 )
(  0.030527  0.000000  0.052861 -0.000000 -0.063219 -0.000000 )
( -0.029928 -0.000000 -0.071522 -0.000000  0.153631  0.000000 )
( -0.087498 -0.000000 -0.003252  0.000000 -0.034106 -0.000000 )
(  0.096946  0.000000 -0.077233 -0.000000 -0.081659 -0.000000 )
( -0.029928 -0.000000 -0.071522  0.000000  0.153631  0.000000 )
( -0.087498 -0.000000 -0.003252 -0.000000 -0.034106 -0.000000 )
(  0.030527  0.000000  0.052861  0.000000 -0.063219 -0.000000 )
( -0.048888 -0.000000  0.044529 -0.000000  0.050775  0.000000 )
( -0.036915 -0.000000  0.105828 -0.000000 -0.019585 -0.000000 )
(  0.096946  0.000000 -0.077233  0.000000 -0.081659 -0.000000 )
( -0.048888 -0.000000  0.044529 -0.000000  0.050775  0.000000 )
(  0.000000 -0.000000  0.000000 -0.000000 -0.000000  0.000000 )
( -0.036556 -0.000000  0.069954 -0.000000 -0.036596  0.000000 )
( -0.078168 -0.000000  0.141834 -0.000000 -0.085713 -0.000000 )
( -0.025428 -0.000000  0.060497  0.000000  0.024626 -0.000000 )
(  0.112492  0.000000 -0.102828 -0.000000 -0.100284  0.000000 )
( -0.041473 -0.000000 -0.310953 -0.000000  0.001864 -0.000000 )
(  0.112492  0.000000 -0.102828 -0.000000 -0.100284 -0.000000 )
( -0.025428  0.000000  0.060497 -0.000000  0.024626 -0.000000 )
( -0.078168 -0.000000  0.141834  0.000000 -0.085713 -0.000000 )
( -0.036556 -0.000000  0.069954 -0.000000 -0.036596 -0.000000 )
( -0.075169 -0.000000  0.182536 -0.000000 -0.022120 -0.000000 )
( -0.081478  0.000000 -0.125539 -0.000000  0.133830  0.000000 )
( -0.012816 -0.000000  0.087884  0.000000 -0.017346  0.000000 )
(  0.106020  0.000000 -0.090828  0.000000  0.109987  0.000000 )
(  0.043079  0.000000 -0.215032 -0.000000  0.073709  0.000000 )
(  0.000000 -0.000000 -0.000000  0.000000 -0.000000 -0.000000 )
(  0.043079  0.000000 -0.215032 -0.000000  0.073709 -0.000000 )
(  0.106020  0.000000 -0.090828  0.000000  0.109987  0.000000 )
( -0.012816  0.000000  0.087884 -0.000000 -0.017346  0.000000 )
( -0.081478  0.000000 -0.125539 -0.000000  0.133830  0.000000 )
     freq (  12) =       1.792857 [THz] =      59.803267 [cm-1]
( -0.017069 -0.000000  0.006739 -0.000000 -0.058493  0.000000 )
( -0.017069 -0.000000  0.006739  0.000000 -0.058493 -0.000000 )
(  0.181068  0.000000 -0.275782 -0.000000  0.089722  0.000000 )
(  0.181068  0.000000 -0.275782  0.000000  0.089722  0.000000 )
( -0.008312 -0.000000 -0.103659 -0.000000  0.004626 -0.000000 )
(  0.045052  0.000000 -0.075930  0.000000 -0.072178 -0.000000 )
( -0.048012 -0.000000  0.037442  0.000000  0.167466  0.000000 )
( -0.105355 -0.000000 -0.008201 -0.000000 -0.041667 -0.000000 )
(  0.125441  0.000000  0.021064  0.000000 -0.109354 -0.000000 )
( -0.048012 -0.000000  0.037442 -0.000000  0.167466  0.000000 )
( -0.105355 -0.000000 -0.008201  0.000000 -0.041667 -0.000000 )
(  0.045052  0.000000 -0.075930 -0.000000 -0.072178 -0.000000 )
( -0.047535 -0.000000 -0.094201  0.000000  0.096177  0.000000 )
( -0.008312 -0.000000 -0.103659 -0.000000  0.004626 -0.000000 )
(  0.125441  0.000000  0.021064 -0.000000 -0.109354 -0.000000 )
( -0.047535 -0.000000 -0.094201 -0.000000  0.096177  0.000000 )
(  0.000000 -0.000000 -0.000000  0.000000  0.000000 -0.000000 )
( -0.077929 -0.000000 -0.182495 -0.000000  0.033030 -0.000000 )
(  0.014119 -0.000000 -0.114128 -0.000000  0.016533 -0.000000 )
(  0.019692  0.000000  0.099153 -0.000000 -0.130811 -0.000000 )
(  0.035046  0.000000 -0.170290 -0.000000  0.064046 -0.000000 )
( -0.066758 -0.000000  0.139422 -0.000000 -0.008770 -0.000000 )
(  0.035046  0.000000 -0.170290 -0.000000  0.064046  0.000000 )
(  0.019692 -0.000000  0.099153  0.000000 -0.130811 -0.000000 )
(  0.014119 -0.000000 -0.114128 -0.000000  0.016533  0.000000 )
( -0.077929 -0.000000 -0.182495 -0.000000  0.033030  0.000000 )
( -0.070217 -0.000000 -0.268581 -0.000000 -0.010990 -0.000000 )
(  0.027352 -0.000000 -0.140515 -0.000000 -0.011812  0.000000 )
( -0.060785 -0.000000  0.077243 -0.000000  0.149812  0.000000 )
(  0.019956  0.000000  0.172545  0.000000  0.005279  0.000000 )
(  0.107049  0.000000 -0.014575 -0.000000  0.039018 -0.000000 )
( -0.000000  0.000000  0.000000 -0.000000 -0.000000  0.000000 )
(  0.107049  0.000000 -0.014575 -0.000000  0.039018  0.000000 )
(  0.019956  0.000000  0.172545  0.000000  0.005279  0.000000 )
( -0.060785 -0.000000  0.077243  0.000000  0.149812  0.000000 )
(  0.027352 -0.000000 -0.140515 -0.000000 -0.011812  0.000000 )
     freq (  13) =       1.809008 [THz] =      60.342002 [cm-1]
( -0.016483 -0.000000  0.251034 -0.000000 -0.097819  0.000000 )
(  0.016483 -0.000000 -0.251034 -0.000000  0.097819  0.000000 )
(  0.052554 -0.000000  0.231345  0.000000 -0.092304 -0.000000 )
( -0.052554 -0.000000 -0.231345  0.000000  0.092304 -0.000000 )
(  0.000703  0.000000 -0.002175  0.000000 -0.002881 -0.000000 )
(  0.009503 -0.000000 -0.074179  0.000000  0.002037  0.000000 )
(  0.005861  0.000000 -0.081954 -0.000000  0.026646 -0.000000 )
( -0.032599  0.000000  0.129421 -0.000000 -0.021711  0.000000 )
(  0.012150 -0.000000 -0.073300 -0.000000 -0.001711  0.000000 )
( -0.005861  0.000000  0.081954 -0.000000 -0.026646 -0.000000 )
(  0.032599  0.000000 -0.129421  0.000000  0.021711  0.000000 )
( -0.009503 -0.000000  0.074179  0.000000 -0.002037  0.000000 )
(  0.010946  0.000000 -0.073660  0.000000  0.015583 -0.000000 )
( -0.000703 -0.000000  0.002175  0.000000  0.002881 -0.000000 )
( -0.012150 -0.000000  0.073300 -0.000000  0.001711  0.000000 )
( -0.010946  0.000000  0.073660  0.000000 -0.015583 -0.000000 )
(  0.011087 -0.000000 -0.356609  0.000000  0.013931  0.000000 )
( -0.094022  0.000000 -0.008374  0.000000  0.110012 -0.000000 )
( -0.028198 -0.000000 -0.009719  0.000000  0.089355 -0.000000 )
( -0.078426 -0.000000  0.164081 -0.000000 -0.078821  0.000000 )
(  0.005781  0.000000 -0.158504  0.000000  0.038068 -0.000000 )
(  0.000000  0.000000 -0.000000 -0.000000  0.000000  0.000000 )
( -0.005781  0.000000  0.158504  0.000000 -0.038068 -0.000000 )
(  0.078426 -0.000000 -0.164081 -0.000000  0.078821  0.000000 )
(  0.028198 -0.000000  0.009719  0.000000 -0.089355 -0.000000 )
(  0.094022  0.000000  0.008374  0.000000 -0.110012 -0.000000 )
(  0.000000  0.000000  0.000000  0.000000 -0.000000  0.000000 )
( -0.005453 -0.000000 -0.155310  0.000000  0.066536  0.000000 )
( -0.085555  0.000000  0.170465 -0.000000 -0.086736 -0.000000 )
( -0.016292  0.000000 -0.016557 -0.000000  0.083739  0.000000 )
( -0.085271 -0.000000 -0.018163 -0.000000  0.133282 -0.000000 )
( -0.017733 -0.000000  0.330407 -0.000000 -0.004861  0.000000 )
(  0.085271 -0.000000  0.018163 -0.000000 -0.133282  0.000000 )
(  0.016292  0.000000  0.016557 -0.000000 -0.083739  0.000000 )
(  0.085555  0.000000 -0.170465 -0.000000  0.086736 -0.000000 )
(  0.005453 -0.000000  0.155310  0.000000 -0.066536  0.000000 )
     freq (  14) =       1.926919 [THz] =      64.275089 [cm-1]
(  0.207850 -0.000000 -0.026570  0.000000 -0.036394 -0.000000 )
( -0.207850  0.000000  0.026570 -0.000000  0.036394  0.000000 )
(  0.207443  0.000000 -0.030727 -0.000000 -0.029437  0.000000 )
( -0.207443 -0.000000  0.030727  0.000000  0.029437 -0.000000 )
( -0.009044 -0.000000  0.002375 -0.000000  0.005381 -0.000000 )
(  0.085882 -0.000000  0.000423 -0.000000 -0.023795  0.000000 )
(  0.021942 -0.000000  0.031851 -0.000000  0.056504  0.000000 )
( -0.104004  0.000000 -0.038845 -0.000000 -0.058043  0.000000 )
(  0.085972 -0.000000  0.007989  0.000000 -0.022581  0.000000 )
( -0.021942  0.000000 -0.031851  0.000000 -0.056504 -0.000000 )
(  0.104004 -0.000000  0.038845  0.000000  0.058043  0.000000 )
( -0.085882 -0.000000 -0.000423  0.000000  0.023795  0.000000 )
(  0.020254 -0.000000  0.037230  0.000000  0.059940 -0.000000 )
(  0.009044 -0.000000 -0.002375 -0.000000 -0.005381  0.000000 )
( -0.085972  0.000000 -0.007989 -0.000000  0.022581  0.000000 )
( -0.020254 -0.000000 -0.037230 -0.000000 -0.059940  0.000000 )
(  0.045469 -0.000000  0.099349 -0.000000  0.015968  0.000000 )
( -0.123584 -0.000000  0.034377  0.000000  0.060403 -0.000000 )
(  0.078339 -0.000000  0.017730 -0.000000 -0.195367  0.000000 )
( -0.171175  0.000000 -0.048735 -0.000000 -0.100547 -0.000000 )
(  0.250409 -0.000000  0.015383  0.000000  0.089684 -0.000000 )
(  0.000000  0.000000  0.000000  0.000000 -0.000000  0.000000 )
( -0.250409  0.000000 -0.015383 -0.000000 -0.089684  0.000000 )
(  0.171175 -0.000000  0.048735  0.000000  0.100547 -0.000000 )
( -0.078339 -0.000000 -0.017730 -0.000000  0.195367 -0.000000 )
(  0.123584 -0.000000 -0.034377 -0.000000 -0.060403  0.000000 )
(  0.000000 -0.000000  0.000000 -0.000000 -0.000000  0.000000 )
(  0.252238 -0.000000  0.009643  0.000000  0.093414  0.000000 )
( -0.166756  0.000000 -0.039997 -0.000000 -0.109957  0.000000 )
(  0.075859  0.000000  0.029442 -0.000000 -0.200933  0.000000 )
( -0.113032  0.000000  0.027378 -0.000000  0.068482  0.000000 )
( -0.033205 -0.000000 -0.092198 -0.000000 -0.034215  0.000000 )
(  0.113032 -0.000000 -0.027378  0.000000 -0.068482  0.000000 )
( -0.075859  0.000000 -0.029442  0.000000  0.200933  0.000000 )
(  0.166756 -0.000000  0.039997 -0.000000  0.109957  0.000000 )
( -0.252238  0.000000 -0.009643  0.000000 -0.093414 -0.000000 )
     freq (  15) =       1.957388 [THz] =      65.291442 [cm-1]
( -0.442720  0.000000  0.024594  0.000000  0.092226  0.000000 )
( -0.442720 -0.000000  0.024594  0.000000  0.092226  0.000000 )
( -0.135719 -0.000000  0.023355  0.000000 -0.026604 -0.000000 )
( -0.135719  0.000000  0.023355  0.000000 -0.026604 -0.000000 )
( -0.067331 -0.000000 -0.020426 -0.000000 -0.038254  0.000000 )
( -0.044794 -0.000000  0.030026  0.000000 -0.020530  0.000000 )
(  0.040208  0.000000  0.064806  0.000000 -0.026343 -0.000000 )
(  0.030386  0.000000  0.025022 -0.000000 -0.051862 -0.000000 )
(  0.069269  0.000000  0.030784  0.000000 -0.043425 -0.000000 )
(  0.040208  0.000000  0.064806 -0.000000 -0.026343  0.000000 )
(  0.030386  0.000000  0.025022  0.000000 -0.051862  0.000000 )
( -0.044794 -0.000000  0.030026 -0.000000 -0.020530  0.000000 )
(  0.003451 -0.000000  0.021613 -0.000000 -0.078307  0.000000 )
( -0.067331 -0.000000 -0.020426 -0.000000 -0.038254 -0.000000 )
(  0.069269  0.000000  0.030784  0.000000 -0.043425 -0.000000 )
(  0.003451  0.000000  0.021613  0.000000 -0.078307 -0.000000 )
( -0.000000  0.000000 -0.000000  0.000000  0.000000 -0.000000 )
( -0.152828 -0.000000  0.014914 -0.000000 -0.203269  0.000000 )
( -0.097827 -0.000000  0.022326 -0.000000 -0.046599 -0.000000 )
(  0.098523  0.000000  0.038428  0.000000 -0.182054 -0.000000 )
(  0.033652  0.000000  0.040456 -0.000000 -0.073480  0.000000 )
(  0.075773  0.000000  0.169082  0.000000 -0.060972  0.000000 )
(  0.033652  0.000000  0.040456 -0.000000 -0.073480 -0.000000 )
(  0.098523  0.000000  0.038428  0.000000 -0.182054 -0.000000 )
( -0.097827 -0.000000  0.022326 -0.000000 -0.046599  0.000000 )
( -0.152828 -0.000000  0.014914  0.000000 -0.203269 -0.000000 )
(  0.010298 -0.000000  0.055338 -0.000000 -0.104629  0.000000 )
( -0.111326  0.000000  0.104638  0.000000 -0.021083 -0.000000 )
( -0.023251 -0.000000 -0.006254 -0.000000  0.034531  0.000000 )
(  0.100839  0.000000  0.053715  0.000000  0.071209 -0.000000 )
(  0.164404  0.000000  0.026316  0.000000 -0.115586  0.000000 )
( -0.000000  0.000000 -0.000000  0.000000  0.000000 -0.000000 )
(  0.164404  0.000000  0.026316 -0.000000 -0.115586  0.000000 )
(  0.100839  0.000000  0.053715  0.000000  0.071209 -0.000000 )
( -0.023251 -0.000000 -0.006254 -0.000000  0.034531  0.000000 )
( -0.111326 -0.000000  0.104638  0.000000 -0.021083  0.000000 )
     freq (  16) =       1.970078 [THz] =      65.714738 [cm-1]
(  0.382085 -0.000000 -0.040162  0.000000 -0.021253  0.000000 )
( -0.382085  0.000000  0.040162 -0.000000  0.021253 -0.000000 )
( -0.377002 -0.000000  0.065093  0.000000  0.001669  0.000000 )
(  0.377002  0.000000 -0.065093 -0.000000 -0.001669 -0.000000 )
( -0.031701 -0.000000 -0.032221 -0.000000  0.059722 -0.000000 )
(  0.009858 -0.000000  0.041675 -0.000000 -0.031381  0.000000 )
(  0.024713  0.000000  0.047425  0.000000 -0.069424 -0.000000 )
( -0.003385  0.000000  0.011995  0.000000  0.000151  0.000000 )
( -0.006536 -0.000000 -0.049709  0.000000  0.025677  0.000000 )
( -0.024713  0.000000 -0.047425  0.000000  0.069424 -0.000000 )
(  0.003385 -0.000000 -0.011995 -0.000000 -0.000151 -0.000000 )
( -0.009858  0.000000 -0.041675  0.000000  0.031381 -0.000000 )
( -0.023883  0.000000 -0.065650  0.000000  0.077130 -0.000000 )
(  0.031701 -0.000000  0.032221 -0.000000 -0.059722 -0.000000 )
(  0.006536  0.000000  0.049709  0.000000 -0.025677 -0.000000 )
(  0.023883  0.000000  0.065650  0.000000 -0.077130 -0.000000 )
(  0.048035 -0.000000  0.131375 -0.000000 -0.092501  0.000000 )
(  0.068600 -0.000000 -0.101348 -0.000000  0.090199 -0.000000 )
(  0.036024 -0.000000  0.022408 -0.000000 -0.083758  0.000000 )
( -0.005093  0.000000  0.062358  0.000000 -0.009079 -0.000000 )
(  0.005278 -0.000000 -0.053694  0.000000  0.188121 -0.000000 )
(  0.000000  0.000000  0.000000  0.000000 -0.000000 -0.000000 )
( -0.005278  0.000000  0.053694  0.000000 -0.188121  0.000000 )
(  0.005093 -0.000000 -0.062358 -0.000000  0.009079 -0.000000 )
( -0.036024  0.000000 -0.022408  0.000000  0.083758 -0.000000 )
( -0.068600 -0.000000  0.101348  0.000000 -0.090199 -0.000000 )
( -0.000000  0.000000 -0.000000  0.000000 -0.000000 -0.000000 )
( -0.002990 -0.000000  0.017027  0.000000 -0.181747 -0.000000 )
( -0.013918  0.000000 -0.032578  0.000000 -0.006874  0.000000 )
( -0.034777  0.000000 -0.020330 -0.000000  0.103125  0.000000 )
( -0.075996  0.000000  0.097365 -0.000000 -0.056148 -0.000000 )
(  0.046642 -0.000000  0.182171  0.000000 -0.089921  0.000000 )
(  0.075996  0.000000 -0.097365  0.000000  0.056148 -0.000000 )
(  0.034777  0.000000  0.020330  0.000000 -0.103125 -0.000000 )
(  0.013918 -0.000000  0.032578 -0.000000  0.006874  0.000000 )
(  0.002990  0.000000 -0.017027  0.000000  0.181747 -0.000000 )
     freq (  17) =       2.030945 [THz] =      67.745042 [cm-1]
( -0.052893  0.000000 -0.060926  0.000000  0.007332  0.000000 )
( -0.052893  0.000000 -0.060926 -0.000000  0.007332  0.000000 )
( -0.322363  0.000000 -0.085974 -0.000000  0.233794  0.000000 )
( -0.322363  0.000000 -0.085974 -0.000000  0.233794  0.000000 )
(  0.074792  0.000000  0.026053 -0.000000  0.041210  0.000000 )
(  0.140225  0.000000  0.011577 -0.000000 -0.113051 -0.000000 )
( -0.033715 -0.000000  0.004936 -0.000000  0.049059 -0.000000 )
( -0.033580  0.000000  0.018113 -0.000000 -0.079358  0.000000 )
(  0.038491 -0.000000 -0.005200 -0.000000 -0.103088  0.000000 )
( -0.033715  0.000000  0.004936 -0.000000  0.049059 -0.000000 )
( -0.033580 -0.000000  0.018113 -0.000000 -0.079358 -0.000000 )
(  0.140225  0.000000  0.011577 -0.000000 -0.113051  0.000000 )
(  0.011376  0.000000  0.031451 -0.000000  0.057411  0.000000 )
(  0.074792  0.000000  0.026053 -0.000000  0.041210  0.000000 )
(  0.038491 -0.000000 -0.005200 -0.000000 -0.103088 -0.000000 )
(  0.011376  0.000000  0.031451 -0.000000  0.057411  0.000000 )
(  0.000000 -0.000000  0.000000 -0.000000 -0.000000 -0.000000 )
(  0.226739  0.000000 -0.048385 -0.000000 -0.093055  0.000000 )
(  0.118296  0.000000  0.058129 -0.000000  0.078823  0.000000 )
( -0.007412  0.000000  0.057127 -0.000000  0.009433  0.000000 )
( -0.062802 -0.000000 -0.031870 -0.000000  0.007266  0.000000 )
( -0.040700 -0.000000 -0.012946 -0.000000 -0.118067 -0.000000 )
( -0.062802  0.000000 -0.031870 -0.000000  0.007266  0.000000 )
( -0.007412 -0.000000  0.057127 -0.000000  0.009433  0.000000 )
(  0.118296  0.000000  0.058129 -0.000000  0.078823  0.000000 )
(  0.226739  0.000000 -0.048385 -0.000000 -0.093055  0.000000 )
(  0.041949  0.000000  0.073383 -0.000000 -0.068673  0.000000 )
(  0.077514  0.000000 -0.095379 -0.000000 -0.007208 -0.000000 )
(  0.103703  0.000000  0.132793 -0.000000 -0.179427  0.000000 )
( -0.089203 -0.000000  0.066540 -0.000000  0.008389  0.000000 )
( -0.086004  0.000000 -0.088085 -0.000000 -0.217870  0.000000 )
(  0.000000  0.000000  0.000000 -0.000000 -0.000000  0.000000 )
( -0.086004 -0.000000 -0.088085  0.000000 -0.217870  0.000000 )
( -0.089203 -0.000000  0.066540 -0.000000  0.008389 -0.000000 )
(  0.103703 -0.000000  0.132793 -0.000000 -0.179427 -0.000000 )
(  0.077514  0.000000 -0.095379 -0.000000 -0.007208  0.000000 )
     freq (  18) =       2.165373 [THz] =      72.229067 [cm-1]
( -0.058431  0.000000 -0.036377 -0.000000  0.388608  0.000000 )
(  0.058431 -0.000000  0.036377  0.000000 -0.388608 -0.000000 )
( -0.047962 -0.000000 -0.004716  0.000000  0.442475  0.000000 )
(  0.047962  0.000000  0.004716 -0.000000 -0.442475  0.000000 )
(  0.002368  0.000000  0.003675  0.000000  0.008132  0.000000 )
( -0.009687 -0.000000 -0.041853  0.000000  0.004029  0.000000 )
(  0.004874  0.000000  0.008729  0.000000  0.059915  0.000000 )
( -0.005165 -0.000000  0.042065  0.000000 -0.006190  0.000000 )
( -0.015119  0.000000 -0.030314 -0.000000  0.010676 -0.000000 )
( -0.004874 -0.000000 -0.008729 -0.000000 -0.059915  0.000000 )
(  0.005165  0.000000 -0.042065 -0.000000  0.006190  0.000000 )
(  0.009687  0.000000  0.041853  0.000000 -0.004029 -0.000000 )
(  0.002411  0.000000  0.016394 -0.000000  0.065055  0.000000 )
( -0.002368 -0.000000 -0.003675  0.000000 -0.008132 -0.000000 )
(  0.015119 -0.000000  0.030314  0.000000 -0.010676  0.000000 )
( -0.002411 -0.000000 -0.016394  0.000000 -0.065055 -0.000000 )
(  0.005199 -0.000000 -0.055811  0.000000 -0.012406 -0.000000 )
( -0.052890  0.000000 -0.048239 -0.000000  0.104075  0.000000 )
( -0.115348 -0.000000 -0.086292 -0.000000 -0.064048 -0.000000 )
( -0.048038 -0.000000 -0.034621 -0.000000 -0.128366 -0.000000 )
( -0.050924  0.000000 -0.014914 -0.000000 -0.008083 -0.000000 )
(  0.000000 -0.000000 -0.000000 -0.000000 -0.000000  0.000000 )
(  0.050924 -0.000000  0.014914  0.000000  0.008083 -0.000000 )
(  0.048038 -0.000000  0.034621 -0.000000  0.128366  0.000000 )
(  0.115348  0.000000  0.086292  0.000000  0.064048 -0.000000 )
(  0.052890 -0.000000  0.048239  0.000000 -0.104075 -0.000000 )
(  0.000000 -0.000000 -0.000000  0.000000 -0.000000  0.000000 )
( -0.027441 -0.000000 -0.021668 -0.000000 -0.022071  0.000000 )
( -0.050540 -0.000000 -0.027785  0.000000 -0.136987  0.000000 )
( -0.109320  0.000000 -0.085010 -0.000000 -0.049431 -0.000000 )
( -0.058283 -0.000000 -0.067883  0.000000  0.109753  0.000000 )
(  0.002682 -0.000000  0.064799  0.000000 -0.001684 -0.000000 )
(  0.058283  0.000000  0.067883 -0.000000 -0.109753  0.000000 )
(  0.109320  0.000000  0.085010  0.000000  0.049431  0.000000 )
(  0.050540  0.000000  0.027785  0.000000  0.136987  0.000000 )
(  0.027441  0.000000  0.021668 -0.000000  0.022071 -0.000000 )
     freq (  19) =       2.168721 [THz] =      72.340740 [cm-1]
( -0.041521  0.000000  0.052020  0.000000 -0.506836  0.000000 )
( -0.041521  0.000000  0.052020  0.000000 -0.506836  0.000000 )
( -0.074927  0.000000 -0.020605 -0.000000  0.227116  0.000000 )
( -0.074927  0.000000 -0.020605  0.000000  0.227116  0.000000 )
( -0.014338 -0.000000  0.046896 -0.000000 -0.017298 -0.000000 )
( -0.016345 -0.000000  0.056922 -0.000000  0.013229  0.000000 )
(  0.002711  0.000000  0.018941 -0.000000  0.060752  0.000000 )
( -0.014003  0.000000  0.006701 -0.000000  0.025502  0.000000 )
( -0.027968 -0.000000 -0.012647 -0.000000  0.041222  0.000000 )
(  0.002711  0.000000  0.018941 -0.000000  0.060752 -0.000000 )
( -0.014003  0.000000  0.006701 -0.000000  0.025502  0.000000 )
( -0.016345 -0.000000  0.056922 -0.000000  0.013229  0.000000 )
( -0.014864  0.000000  0.009262 -0.000000 -0.069231 -0.000000 )
( -0.014338  0.000000  0.046896 -0.000000 -0.017298 -0.000000 )
( -0.027968 -0.000000 -0.012647 -0.000000  0.041222  0.000000 )
( -0.014864  0.000000  0.009262 -0.000000 -0.069231 -0.000000 )
(  0.000000  0.000000 -0.000000 -0.000000 -0.000000 -0.000000 )
( -0.050890  0.000000  0.045836  0.000000  0.044480 -0.000000 )
( -0.050838 -0.000000 -0.003756 -0.000000 -0.168597  0.000000 )
( -0.136950  0.000000 -0.082750 -0.000000 -0.040651 -0.000000 )
(  0.024821  0.000000  0.103792 -0.000000 -0.149469  0.000000 )
( -0.004464  0.000000  0.032451 -0.000000  0.041525  0.000000 )
(  0.024821  0.000000  0.103792 -0.000000 -0.149469  0.000000 )
( -0.136950  0.000000 -0.082750 -0.000000 -0.040651 -0.000000 )
( -0.050838 -0.000000 -0.003756 -0.000000 -0.168597  0.000000 )
( -0.050890  0.000000  0.045836  0.000000  0.044480 -0.000000 )
( -0.034220  0.000000  0.065547 -0.000000  0.034492  0.000000 )
( -0.088544  0.000000 -0.018045 -0.000000  0.054864  0.000000 )
(  0.077376 -0.000000  0.076799 -0.000000  0.103526  0.000000 )
(  0.068194 -0.000000  0.025798 -0.000000  0.088905  0.000000 )
( -0.090541  0.000000 -0.008320  0.000000  0.057626  0.000000 )
(  0.000000  0.000000  0.000000 -0.000000 -0.000000 -0.000000 )
( -0.090541  0.000000 -0.008320  0.000000  0.057626  0.000000 )
(  0.068194  0.000000  0.025798 -0.000000  0.088905  0.000000 )
(  0.077376  0.000000  0.076799 -0.000000  0.103526  0.000000 )
( -0.088544  0.000000 -0.018045 -0.000000  0.054864  0.000000 )
     freq (  20) =       2.207199 [THz] =      73.624248 [cm-1]
( -0.048853  0.000000  0.070931 -0.000000 -0.373162  0.000000 )
(  0.048853 -0.000000 -0.070931  0.000000  0.373162 -0.000000 )
(  0.038699  0.000000 -0.082825  0.000000  0.323917 -0.000000 )
( -0.038699 -0.000000  0.082825 -0.000000 -0.323917  0.000000 )
( -0.051390  0.000000  0.003110  0.000000  0.044376 -0.000000 )
(  0.060414 -0.000000 -0.033363  0.000000 -0.057910  0.000000 )
(  0.017279 -0.000000 -0.022303  0.000000 -0.007752 -0.000000 )
(  0.003471  0.000000  0.004390 -0.000000  0.000345  0.000000 )
( -0.058596  0.000000  0.041517 -0.000000  0.057558 -0.000000 )
( -0.017279  0.000000  0.022303 -0.000000  0.007752  0.000000 )
( -0.003471  0.000000 -0.004390  0.000000 -0.000345  0.000000 )
( -0.060414  0.000000  0.033363 -0.000000  0.057910 -0.000000 )
( -0.023615  0.000000  0.014004 -0.000000  0.002656 -0.000000 )
(  0.051390 -0.000000 -0.003110  0.000000 -0.044376  0.000000 )
(  0.058596 -0.000000 -0.041517  0.000000 -0.057558  0.000000 )
(  0.023615 -0.000000 -0.014004  0.000000 -0.002656  0.000000 )
(  0.054688 -0.000000 -0.085213  0.000000 -0.075016  0.000000 )
( -0.096431  0.000000  0.062699 -0.000000 -0.107399  0.000000 )
(  0.096420  0.000000  0.012492  0.000000 -0.076421  0.000000 )
( -0.017585  0.000000 -0.005572 -0.000000  0.090682 -0.000000 )
( -0.173984  0.000000  0.029193  0.000000  0.163551 -0.000000 )
( -0.000000  0.000000  0.000000 -0.000000  0.000000 -0.000000 )
(  0.173984 -0.000000 -0.029193  0.000000 -0.163551  0.000000 )
(  0.017585 -0.000000  0.005572 -0.000000 -0.090682  0.000000 )
( -0.096420 -0.000000 -0.012492 -0.000000  0.076421 -0.000000 )
(  0.096431 -0.000000 -0.062699  0.000000  0.107399 -0.000000 )
( -0.000000  0.000000  0.000000  0.000000  0.000000  0.000000 )
(  0.151333 -0.000000 -0.042239  0.000000 -0.156401  0.000000 )
(  0.000938  0.000000  0.018930 -0.000000 -0.062825  0.000000 )
( -0.094804  0.000000  0.001401  0.000000  0.084493 -0.000000 )
(  0.093335 -0.000000 -0.063544  0.000000  0.086974 -0.000000 )
(  0.059659 -0.000000 -0.126084  0.000000 -0.079259  0.000000 )
( -0.093335  0.000000  0.063544 -0.000000 -0.086974  0.000000 )
(  0.094804 -0.000000 -0.001401 -0.000000 -0.084493  0.000000 )
( -0.000938 -0.000000 -0.018930  0.000000  0.062825 -0.000000 )
( -0.151333  0.000000  0.042239 -0.000000  0.156401 -0.000000 )
     freq (  21) =       2.230860 [THz] =      74.413488 [cm-1]
( -0.142485  0.000000 -0.015285  0.000000 -0.153817  0.000000 )
( -0.142485  0.000000 -0.015285  0.000000 -0.153817  0.000000 )
( -0.194100  0.000000 -0.002535  0.000000 -0.435065  0.000000 )
( -0.194100  0.000000 -0.002535  0.000000 -0.435065  0.000000 )
(  0.030939 -0.000000 -0.001033 -0.000000  0.026544 -0.000000 )
(  0.036972 -0.000000  0.024636 -0.000000 -0.024555  0.000000 )
( -0.053347  0.000000  0.008957 -0.000000  0.067873 -0.000000 )
( -0.084149  0.000000  0.014006 -0.000000 -0.001034 -0.000000 )
(  0.023654  0.000000  0.053425 -0.000000 -0.041544  0.000000 )
( -0.053347  0.000000  0.008957 -0.000000  0.067873 -0.000000 )
( -0.084149  0.000000  0.014006 -0.000000 -0.001034 -0.000000 )
(  0.036972 -0.000000  0.024636 -0.000000 -0.024555  0.000000 )
( -0.029492  0.000000  0.036312 -0.000000  0.108733 -0.000000 )
(  0.030939 -0.000000 -0.001033 -0.000000  0.026544 -0.000000 )
(  0.023654 -0.000000  0.053425 -0.000000 -0.041544  0.000000 )
( -0.029492  0.000000  0.036312 -0.000000  0.108733 -0.000000 )
( -0.000000 -0.000000  0.000000  0.000000  0.000000  0.000000 )
( -0.085865  0.000000 -0.038639  0.000000  0.113319 -0.000000 )
(  0.090012 -0.000000  0.084622 -0.000000  0.019041  0.000000 )
( -0.030348  0.000000  0.112370 -0.000000  0.116748 -0.000000 )
( -0.084377  0.000000 -0.025953 -0.000000 -0.022164  0.000000 )
( -0.093203  0.000000  0.143314 -0.000000  0.020148 -0.000000 )
( -0.084377  0.000000 -0.025953 -0.000000 -0.022164  0.000000 )
( -0.030348  0.000000  0.112370 -0.000000  0.116748 -0.000000 )
(  0.090012 -0.000000  0.084622 -0.000000  0.019041  0.000000 )
( -0.085865  0.000000 -0.038639  0.000000  0.113319 -0.000000 )
( -0.053534  0.000000  0.071267 -0.000000  0.040765 -0.000000 )
( -0.024508  0.000000 -0.007600  0.000000 -0.129416  0.000000 )
( -0.067146 -0.000000  0.054497 -0.000000  0.026745 -0.000000 )
(  0.014457 -0.000000  0.070067 -0.000000 -0.135904  0.000000 )
( -0.187325  0.000000 -0.062079  0.000000  0.100463 -0.000000 )
( -0.000000  0.000000  0.000000 -0.000000  0.000000  0.000000 )
( -0.187325  0.000000 -0.062079  0.000000  0.100463 -0.000000 )
(  0.014457 -0.000000  0.070067 -0.000000 -0.135904  0.000000 )
( -0.067146 -0.000000  0.054497 -0.000000  0.026745 -0.000000 )
( -0.024508  0.000000 -0.007600  0.000000 -0.129416  0.000000 )
     freq (  22) =       2.407393 [THz] =      80.301997 [cm-1]
( -0.025540 -0.000000 -0.021971 -0.000000 -0.069311  0.000000 )
( -0.025540  0.000000 -0.021971 -0.000000 -0.069311  0.000000 )
( -0.048220 -0.000000 -0.008765  0.000000  0.001612  0.000000 )
( -0.048220 -0.000000 -0.008765 -0.000000  0.001612 -0.000000 )
( -0.004327  0.000000 -0.162421  0.000000 -0.002848  0.000000 )
(  0.009830  0.000000 -0.040257  0.000000  0.006034  0.000000 )
(  0.006832  0.000000  0.046432  0.000000  0.004843 -0.000000 )
(  0.031923  0.000000  0.014895 -0.000000  0.021739  0.000000 )
(  0.002450  0.000000  0.046102  0.000000  0.008900  0.000000 )
(  0.006832  0.000000  0.046432 -0.000000  0.004843 -0.000000 )
(  0.031923  0.000000  0.014895  0.000000  0.021739  0.000000 )
(  0.009830  0.000000 -0.040257 -0.000000  0.006034  0.000000 )
(  0.007958  0.000000 -0.041519  0.000000  0.001386  0.000000 )
( -0.004327 -0.000000 -0.162421  0.000000 -0.002848 -0.000000 )
(  0.002450 -0.000000  0.046102 -0.000000  0.008900  0.000000 )
(  0.007958  0.000000 -0.041519  0.000000  0.001386 -0.000000 )
(  0.000000  0.000000  0.000000 -0.000000  0.000000 -0.000000 )
( -0.133566  0.000000 -0.142390  0.000000 -0.074756 -0.000000 )
(  0.144673 -0.000000 -0.123219  0.000000  0.059735  0.000000 )
(  0.023376  0.000000 -0.005858 -0.000000 -0.007920  0.000000 )
(  0.035316  0.000000  0.018458  0.000000  0.032658  0.000000 )
(  0.014048  0.000000 -0.553071  0.000000  0.013143  0.000000 )
(  0.035316  0.000000  0.018458 -0.000000  0.032658 -0.000000 )
(  0.023376 -0.000000 -0.005858  0.000000 -0.007920 -0.000000 )
(  0.144673 -0.000000 -0.123219  0.000000  0.059735  0.000000 )
( -0.133566  0.000000 -0.142390  0.000000 -0.074756 -0.000000 )
(  0.015572  0.000000  0.524250 -0.000000  0.014032  0.000000 )
(  0.060879  0.000000  0.024499  0.000000  0.005325  0.000000 )
(  0.023070  0.000000 -0.013302 -0.000000  0.053249  0.000000 )
( -0.108721  0.000000  0.142540 -0.000000 -0.060694 -0.000000 )
(  0.101437 -0.000000  0.129999 -0.000000  0.084944  0.000000 )
(  0.000000 -0.000000 -0.000000  0.000000  0.000000 -0.000000 )
(  0.101437 -0.000000  0.129999 -0.000000  0.084944  0.000000 )
( -0.108721  0.000000  0.142540 -0.000000 -0.060694 -0.000000 )
(  0.023070  0.000000 -0.013302  0.000000  0.053249  0.000000 )
(  0.060879 -0.000000  0.024499 -0.000000  0.005325 -0.000000 )
     freq (  23) =       2.449101 [THz] =      81.693230 [cm-1]
(  0.118347 -0.000000  0.207636 -0.000000  0.132828 -0.000000 )
( -0.118347 -0.000000 -0.207636 -0.000000 -0.132828 -0.000000 )
( -0.144131 -0.000000 -0.203479 -0.000000 -0.112087 -0.000000 )
(  0.144131 -0.000000  0.203479 -0.000000  0.112087 -0.000000 )
( -0.112145 -0.000000 -0.009577  0.000000 -0.077062  0.000000 )
(  0.080021  0.000000 -0.012407 -0.000000 -0.011614  0.000000 )
(  0.013169  0.000000  0.002695 -0.000000  0.080208  0.000000 )
(  0.001307  0.000000  0.034063  0.000000 -0.001002  0.000000 )
( -0.072467  0.000000 -0.021437 -0.000000  0.020021  0.000000 )
( -0.013169  0.000000 -0.002695 -0.000000 -0.080208  0.000000 )
( -0.001307  0.000000 -0.034063 -0.000000  0.001002  0.000000 )
( -0.080021  0.000000  0.012407  0.000000  0.011614 -0.000000 )
( -0.021876  0.000000 -0.002397  0.000000 -0.082215  0.000000 )
(  0.112145 -0.000000  0.009577  0.000000  0.077062 -0.000000 )
(  0.072467  0.000000  0.021437 -0.000000 -0.020021 -0.000000 )
(  0.021876  0.000000  0.002397  0.000000  0.082215  0.000000 )
(  0.047390  0.000000  0.135981  0.000000  0.055559 -0.000000 )
( -0.226439 -0.000000  0.017538  0.000000 -0.088422  0.000000 )
(  0.178310 -0.000000 -0.026347  0.000000  0.152199 -0.000000 )
(  0.092628  0.000000  0.088669 -0.000000 -0.009158  0.000000 )
(  0.037449  0.000000  0.065250  0.000000 -0.073011  0.000000 )
(  0.000000  0.000000  0.000000  0.000000  0.000000  0.000000 )
( -0.037449  0.000000 -0.065250  0.000000  0.073011  0.000000 )
( -0.092628  0.000000 -0.088669 -0.000000  0.009158  0.000000 )
( -0.178310  0.000000  0.026347  0.000000 -0.152199 -0.000000 )
(  0.226439  0.000000 -0.017538  0.000000  0.088422  0.000000 )
(  0.000000  0.000000 -0.000000 -0.000000  0.000000  0.000000 )
( -0.058663  0.000000 -0.117439  0.000000 -0.018737  0.000000 )
( -0.135822  0.000000 -0.036710 -0.000000 -0.066120  0.000000 )
( -0.161362  0.000000  0.005398 -0.000000 -0.119048  0.000000 )
(  0.230022 -0.000000 -0.002388 -0.000000  0.107374 -0.000000 )
(  0.053049 -0.000000 -0.044162 -0.000000  0.039123 -0.000000 )
( -0.230022  0.000000  0.002388 -0.000000 -0.107374  0.000000 )
(  0.161362  0.000000 -0.005398 -0.000000  0.119048  0.000000 )
(  0.135822  0.000000  0.036710 -0.000000  0.066120  0.000000 )
(  0.058663  0.000000  0.117439  0.000000  0.018737  0.000000 )
     freq (  24) =       2.467247 [THz] =      82.298516 [cm-1]
(  0.018625 -0.000000  0.062377 -0.000000  0.037944 -0.000000 )
( -0.018625 -0.000000 -0.062377 -0.000000 -0.037944 -0.000000 )
( -0.042512 -0.000000 -0.025302 -0.000000  0.029946 -0.000000 )
(  0.042512 -0.000000  0.025302 -0.000000 -0.029946 -0.000000 )
( -0.021992 -0.000000 -0.005154 -0.000000 -0.010438 -0.000000 )
(  0.017145  0.000000  0.051838 -0.000000 -0.004619  0.000000 )
(  0.003449  0.000000  0.052508 -0.000000  0.018990 -0.000000 )
(  0.000878  0.000000 -0.168703  0.000000  0.000273  0.000000 )
( -0.018489  0.000000  0.032114  0.000000  0.007670  0.000000 )
( -0.003449  0.000000 -0.052508 -0.000000 -0.018990  0.000000 )
( -0.000878  0.000000  0.168703 -0.000000 -0.000273  0.000000 )
( -0.017145  0.000000 -0.051838 -0.000000  0.004619  0.000000 )
( -0.005847  0.000000  0.038925 -0.000000 -0.011613  0.000000 )
(  0.021992 -0.000000  0.005154 -0.000000  0.010438 -0.000000 )
(  0.018489  0.000000 -0.032114  0.000000 -0.007670  0.000000 )
(  0.005847  0.000000 -0.038925  0.000000  0.011613  0.000000 )
(  0.010883 -0.000000 -0.542366  0.000000  0.006698 -0.000000 )
( -0.012792  0.000000  0.000988 -0.000000 -0.040052 -0.000000 )
(  0.054606  0.000000  0.011469  0.000000 -0.007518  0.000000 )
(  0.170512  0.000000 -0.129636 -0.000000  0.064755  0.000000 )
(  0.142962  0.000000  0.158681  0.000000  0.078286  0.000000 )
( -0.000000  0.000000 -0.000000 -0.000000 -0.000000  0.000000 )
( -0.142962  0.000000 -0.158681  0.000000 -0.078286  0.000000 )
( -0.170512  0.000000  0.129636 -0.000000 -0.064755  0.000000 )
( -0.054606  0.000000 -0.011469  0.000000  0.007518  0.000000 )
(  0.012792 -0.000000 -0.000988 -0.000000  0.040052 -0.000000 )
( -0.000000  0.000000  0.000000  0.000000 -0.000000  0.000000 )
(  0.125180  0.000000  0.135892  0.000000  0.079529  0.000000 )
(  0.114535  0.000000 -0.171914 -0.000000  0.055991  0.000000 )
( -0.027686  0.000000 -0.004759  0.000000 -0.060587  0.000000 )
(  0.062004 -0.000000  0.011834 -0.000000 -0.004668  0.000000 )
(  0.014790 -0.000000  0.455812 -0.000000  0.001846 -0.000000 )
( -0.062004 -0.000000 -0.011834 -0.000000  0.004668  0.000000 )
(  0.027686  0.000000  0.004759  0.000000  0.060587 -0.000000 )
( -0.114535  0.000000  0.171914 -0.000000 -0.055991  0.000000 )
( -0.125180  0.000000 -0.135892  0.000000 -0.079529  0.000000 )
     freq (  25) =       2.478018 [THz] =      82.657771 [cm-1]
(  0.077176  0.000000  0.193907  0.000000  0.044410 -0.000000 )
(  0.077176  0.000000  0.193907  0.000000  0.044410  0.000000 )
(  0.073274  0.000000  0.195240  0.000000  0.051079  0.000000 )
(  0.073274 -0.000000  0.195240  0.000000  0.051079  0.000000 )
(  0.023799  0.000000 -0.027211  0.000000  0.016652  0.000000 )
( -0.048544 -0.000000  0.003085 -0.000000 -0.029120 -0.000000 )
( -0.042770 -0.000000  0.018856 -0.000000 -0.003490 -0.000000 )
( -0.189903 -0.000000 -0.006533  0.000000 -0.107013 -0.000000 )
( -0.024655  0.000000 -0.001091 -0.000000 -0.033194 -0.000000 )
( -0.042770 -0.000000  0.018856  0.000000 -0.003490  0.000000 )
( -0.189903 -0.000000 -0.006533 -0.000000 -0.107013 -0.000000 )
( -0.048544  0.000000  0.003085  0.000000 -0.029120 -0.000000 )
( -0.047392 -0.000000 -0.015725 -0.000000 -0.028452  0.000000 )
(  0.023799 -0.000000 -0.027211 -0.000000  0.016652 -0.000000 )
( -0.024655 -0.000000 -0.001091  0.000000 -0.033194 -0.000000 )
( -0.047392 -0.000000 -0.015725  0.000000 -0.028452 -0.000000 )
(  0.000000 -0.000000  0.000000  0.000000  0.000000 -0.000000 )
( -0.007582  0.000000  0.031351  0.000000  0.011990  0.000000 )
( -0.047161 -0.000000 -0.057416 -0.000000 -0.044291 -0.000000 )
( -0.171341 -0.000000  0.081214  0.000000 -0.114239 -0.000000 )
( -0.283390 -0.000000 -0.068101 -0.000000 -0.128714 -0.000000 )
( -0.085866 -0.000000 -0.098559  0.000000 -0.044470 -0.000000 )
( -0.283390  0.000000 -0.068101  0.000000 -0.128714 -0.000000 )
( -0.171341  0.000000  0.081214 -0.000000 -0.114239 -0.000000 )
( -0.047161  0.000000 -0.057416 -0.000000 -0.044291  0.000000 )
( -0.007582 -0.000000  0.031351  0.000000  0.011990 -0.000000 )
( -0.095915 -0.000000  0.082894 -0.000000 -0.055939 -0.000000 )
( -0.228032 -0.000000 -0.040499 -0.000000 -0.123106 -0.000000 )
( -0.211970 -0.000000  0.101998  0.000000 -0.149349 -0.000000 )
( -0.124782  0.000000  0.021668  0.000000 -0.008520  0.000000 )
(  0.067829 -0.000000  0.048321  0.000000 -0.031759  0.000000 )
(  0.000000 -0.000000 -0.000000 -0.000000  0.000000 -0.000000 )
(  0.067829  0.000000  0.048321  0.000000 -0.031759  0.000000 )
( -0.124782 -0.000000  0.021668 -0.000000 -0.008520 -0.000000 )
( -0.211970 -0.000000  0.101998 -0.000000 -0.149349 -0.000000 )
( -0.228032 -0.000000 -0.040499  0.000000 -0.123106 -0.000000 )
     freq (  26) =       2.496304 [THz] =      83.267754 [cm-1]
( -0.006450  0.000000  0.024677  0.000000  0.069639 -0.000000 )
( -0.006450  0.000000  0.024677  0.000000  0.069639 -0.000000 )
( -0.000257 -0.000000  0.026869  0.000000  0.075469  0.000000 )
( -0.000257 -0.000000  0.026869  0.000000  0.075469  0.000000 )
(  0.000641  0.000000 -0.001908 -0.000000  0.000158  0.000000 )
(  0.000174 -0.000000 -0.067993  0.000000 -0.012386 -0.000000 )
( -0.003830 -0.000000 -0.052810  0.000000 -0.013547 -0.000000 )
( -0.019798 -0.000000  0.002902 -0.000000 -0.026994 -0.000000 )
( -0.005077 -0.000000  0.043305  0.000000 -0.011209 -0.000000 )
( -0.003830 -0.000000 -0.052810  0.000000 -0.013547  0.000000 )
( -0.019798 -0.000000  0.002902  0.000000 -0.026994 -0.000000 )
(  0.000174 -0.000000 -0.067993  0.000000 -0.012386 -0.000000 )
( -0.002192 -0.000000  0.055581 -0.000000 -0.006242 -0.000000 )
(  0.000641  0.000000 -0.001908 -0.000000  0.000158  0.000000 )
( -0.005077 -0.000000  0.043305 -0.000000 -0.011209 -0.000000 )
( -0.002192 -0.000000  0.055581  0.000000 -0.006242 -0.000000 )
( -0.000000 -0.000000 -0.000000 -0.000000  0.000000 -0.000000 )
(  0.142063 -0.000000 -0.007191 -0.000000 -0.211181  0.000000 )
( -0.117947 -0.000000 -0.006047 -0.000000  0.198800 -0.000000 )
( -0.242657 -0.000000  0.074647  0.000000 -0.094308  0.000000 )
(  0.182691 -0.000000  0.048798  0.000000  0.068003 -0.000000 )
( -0.006134 -0.000000  0.006437 -0.000000 -0.026550 -0.000000 )
(  0.182691 -0.000000  0.048798 -0.000000  0.068003 -0.000000 )
( -0.242657 -0.000000  0.074647  0.000000 -0.094308 -0.000000 )
( -0.117947  0.000000 -0.006047 -0.000000  0.198800 -0.000000 )
(  0.142063 -0.000000 -0.007191  0.000000 -0.211181  0.000000 )
( -0.001643 -0.000000  0.032683  0.000000 -0.025146 -0.000000 )
( -0.192767 -0.000000 -0.070671  0.000000 -0.159488  0.000000 )
(  0.142550 -0.000000 -0.048863  0.000000  0.109378  0.000000 )
(  0.119181 -0.000000 -0.016087  0.000000 -0.249247  0.000000 )
( -0.123810  0.000000  0.011135  0.000000  0.215522 -0.000000 )
(  0.000000 -0.000000  0.000000  0.000000  0.000000 -0.000000 )
( -0.123810  0.000000  0.011135  0.000000  0.215522 -0.000000 )
(  0.119181 -0.000000 -0.016087  0.000000 -0.249247  0.000000 )
(  0.142550 -0.000000 -0.048863  0.000000  0.109378 -0.000000 )
( -0.192767 -0.000000 -0.070671  0.000000 -0.159488 -0.000000 )
     freq (  27) =       2.533503 [THz] =      84.508563 [cm-1]
( -0.037000 -0.000000 -0.015425 -0.000000 -0.056539 -0.000000 )
(  0.037000  0.000000  0.015425 -0.000000  0.056539  0.000000 )
(  0.007796  0.000000  0.015784 -0.000000  0.014465 -0.000000 )
( -0.007796 -0.000000 -0.015784 -0.000000 -0.014465 -0.000000 )
(  0.015004  0.000000  0.017488  0.000000  0.011910  0.000000 )
(  0.000601  0.000000 -0.089002  0.000000 -0.005878  0.000000 )
( -0.002663 -0.000000  0.064823  0.000000 -0.003380 -0.000000 )
(  0.004535  0.000000 -0.000638 -0.000000  0.001920  0.000000 )
(  0.006612 -0.000000 -0.063643 -0.000000  0.001709  0.000000 )
(  0.002663  0.000000 -0.064823  0.000000  0.003380  0.000000 )
( -0.004535 -0.000000  0.000638  0.000000 -0.001920  0.000000 )
( -0.000601 -0.000000  0.089002  0.000000  0.005878  0.000000 )
(  0.003775  0.000000  0.085215 -0.000000  0.007259  0.000000 )
( -0.015004  0.000000 -0.017488 -0.000000 -0.011910  0.000000 )
( -0.006612 -0.000000  0.063643  0.000000 -0.001709  0.000000 )
( -0.003775 -0.000000 -0.085215 -0.000000 -0.007259  0.000000 )
( -0.005252 -0.000000  0.062175 -0.000000 -0.008140  0.000000 )
(  0.185187  0.000000  0.110393  0.000000  0.108962  0.000000 )
(  0.149613  0.000000 -0.088799 -0.000000  0.088371 -0.000000 )
(  0.132793  0.000000 -0.028791 -0.000000 -0.233408  0.000000 )
(  0.143678 -0.000000 -0.006199 -0.000000 -0.218194  0.000000 )
( -0.000000 -0.000000 -0.000000 -0.000000 -0.000000  0.000000 )
( -0.143678 -0.000000  0.006199 -0.000000  0.218194 -0.000000 )
( -0.132793  0.000000  0.028791 -0.000000  0.233408  0.000000 )
( -0.149613  0.000000  0.088799  0.000000 -0.088371 -0.000000 )
( -0.185187 -0.000000 -0.110393 -0.000000 -0.108962  0.000000 )
(  0.000000 -0.000000 -0.000000 -0.000000  0.000000  0.000000 )
(  0.141925  0.000000 -0.015640  0.000000 -0.236556  0.000000 )
(  0.123808 -0.000000  0.010926  0.000000 -0.235214 -0.000000 )
(  0.181632 -0.000000 -0.084445  0.000000  0.103059  0.000000 )
(  0.141148  0.000000  0.070859  0.000000  0.077723 -0.000000 )
( -0.006651 -0.000000  0.060431  0.000000 -0.008802  0.000000 )
( -0.141148  0.000000 -0.070859 -0.000000 -0.077723 -0.000000 )
( -0.181632 -0.000000  0.084445  0.000000 -0.103059  0.000000 )
( -0.123808 -0.000000 -0.010926  0.000000  0.235214 -0.000000 )
( -0.141925  0.000000  0.015640  0.000000  0.236556  0.000000 )
     freq (  28) =       2.703718 [THz] =      90.186335 [cm-1]
(  0.006510  0.000000 -0.011016  0.000000  0.019127  0.000000 )
(  0.006510 -0.000000 -0.011016 -0.000000  0.019127 -0.000000 )
( -0.020235  0.000000 -0.024241 -0.000000  0.000524  0.000000 )
( -0.020235 -0.000000 -0.024241  0.000000  0.000524 -0.000000 )
( -0.003523 -0.000000  0.004765 -0.000000 -0.001652 -0.000000 )
(  0.003579 -0.000000  0.096004  0.000000 -0.005623  0.000000 )
( -0.003805 -0.000000  0.096209  0.000000 -0.002299  0.000000 )
(  0.005481  0.000000  0.023425  0.000000 -0.001308  0.000000 )
( -0.000936  0.000000  0.077478 -0.000000 -0.006349 -0.000000 )
( -0.003805  0.000000  0.096209 -0.000000 -0.002299 -0.000000 )
(  0.005481 -0.000000  0.023425 -0.000000 -0.001308 -0.000000 )
(  0.003579  0.000000  0.096004 -0.000000 -0.005623 -0.000000 )
( -0.000771 -0.000000  0.077686 -0.000000  0.006555  0.000000 )
( -0.003523  0.000000  0.004765  0.000000 -0.001652  0.000000 )
( -0.000936 -0.000000  0.077478  0.000000 -0.006349  0.000000 )
( -0.000771  0.000000  0.077686  0.000000  0.006555 -0.000000 )
(  0.000000 -0.000000  0.000000 -0.000000 -0.000000  0.000000 )
( -0.042810  0.000000  0.080636 -0.000000 -0.011770  0.000000 )
(  0.043925  0.000000  0.109991  0.000000  0.018721  0.000000 )
(  0.068767  0.000000  0.082641  0.000000  0.047513  0.000000 )
( -0.070202  0.000000  0.094139 -0.000000 -0.033490  0.000000 )
( -0.005483 -0.000000 -0.552165 -0.000000 -0.009706  0.000000 )
( -0.070202 -0.000000  0.094139  0.000000 -0.033490 -0.000000 )
(  0.068767 -0.000000  0.082641 -0.000000  0.047513 -0.000000 )
(  0.043925 -0.000000  0.109991 -0.000000  0.018721 -0.000000 )
( -0.042810 -0.000000  0.080636  0.000000 -0.011770 -0.000000 )
( -0.001578 -0.000000 -0.593882  0.000000 -0.007835  0.000000 )
( -0.104712 -0.000000  0.121693  0.000000 -0.089674 -0.000000 )
(  0.110301 -0.000000  0.103379 -0.000000  0.080727 -0.000000 )
(  0.049032  0.000000  0.102966 -0.000000  0.016761 -0.000000 )
( -0.044346  0.000000  0.087499  0.000000 -0.025197  0.000000 )
( -0.000000  0.000000  0.000000 -0.000000 -0.000000  0.000000 )
( -0.044346 -0.000000  0.087499 -0.000000 -0.025197 -0.000000 )
(  0.049032 -0.000000  0.102966  0.000000  0.016761 -0.000000 )
(  0.110301  0.000000  0.103379  0.000000  0.080727  0.000000 )
( -0.104712  0.000000  0.121693 -0.000000 -0.089674  0.000000 )
     freq (  29) =       2.706868 [THz] =      90.291413 [cm-1]
(  0.061820  0.000000  0.010890 -0.000000  0.063636  0.000000 )
( -0.061820  0.000000 -0.010890 -0.000000 -0.063636  0.000000 )
(  0.043012 -0.000000 -0.016325 -0.000000  0.022367  0.000000 )
( -0.043012 -0.000000  0.016325 -0.000000 -0.022367  0.000000 )
( -0.010784 -0.000000 -0.043259  0.000000 -0.010585 -0.000000 )
( -0.000591  0.000000  0.113596  0.000000  0.001428 -0.000000 )
( -0.000569 -0.000000  0.038054  0.000000  0.007095 -0.000000 )
(  0.003906  0.000000  0.014141  0.000000  0.004491 -0.000000 )
(  0.007230 -0.000000 -0.044364  0.000000 -0.010870 -0.000000 )
(  0.000569 -0.000000 -0.038054  0.000000 -0.007095 -0.000000 )
( -0.003906  0.000000 -0.014141  0.000000 -0.004491 -0.000000 )
(  0.000591  0.000000 -0.113596  0.000000 -0.001428 -0.000000 )
( -0.003035 -0.000000 -0.114349  0.000000  0.013988  0.000000 )
(  0.010784 -0.000000  0.043259  0.000000  0.010585 -0.000000 )
( -0.007230 -0.000000  0.044364  0.000000  0.010870 -0.000000 )
(  0.003035 -0.000000  0.114349  0.000000 -0.013988  0.000000 )
( -0.006191 -0.000000 -0.504676 -0.000000  0.001291 -0.000000 )
(  0.152154 -0.000000 -0.164231  0.000000  0.109280 -0.000000 )
(  0.178772  0.000000  0.120841  0.000000  0.071039  0.000000 )
(  0.011416  0.000000  0.089395  0.000000  0.016413  0.000000 )
(  0.011704 -0.000000 -0.096745  0.000000  0.015724 -0.000000 )
( -0.000000 -0.000000 -0.000000 -0.000000 -0.000000 -0.000000 )
( -0.011704 -0.000000  0.096745  0.000000 -0.015724 -0.000000 )
( -0.011416  0.000000 -0.089395  0.000000 -0.016413  0.000000 )
( -0.178772  0.000000 -0.120841  0.000000 -0.071039  0.000000 )
( -0.152154 -0.000000  0.164231  0.000000 -0.109280 -0.000000 )
( -0.000000 -0.000000 -0.000000 -0.000000 -0.000000 -0.000000 )
( -0.052572 -0.000000  0.056806  0.000000 -0.021651 -0.000000 )
( -0.042633  0.000000 -0.089430  0.000000 -0.024641  0.000000 )
(  0.027819  0.000000 -0.042258  0.000000 -0.000805  0.000000 )
(  0.018791 -0.000000  0.068620  0.000000  0.051463 -0.000000 )
(  0.007704 -0.000000 -0.584450  0.000000  0.012930  0.000000 )
( -0.018791 -0.000000 -0.068620  0.000000 -0.051463 -0.000000 )
( -0.027819  0.000000  0.042258  0.000000  0.000805  0.000000 )
(  0.042633  0.000000  0.089430  0.000000  0.024641  0.000000 )
(  0.052572 -0.000000 -0.056806  0.000000  0.021651 -0.000000 )
     freq (  30) =       2.793758 [THz] =      93.189732 [cm-1]
( -0.068201 -0.000000  0.011654 -0.000000  0.226166  0.000000 )
(  0.068201  0.000000 -0.011654  0.000000 -0.226166 -0.000000 )
(  0.089407 -0.000000 -0.012502  0.000000 -0.194894 -0.000000 )
( -0.089407 -0.000000  0.012502 -0.000000  0.194894  0.000000 )
(  0.010280  0.000000  0.015035  0.000000 -0.052389 -0.000000 )
( -0.011672 -0.000000  0.029341 -0.000000  0.027681  0.000000 )
( -0.010317  0.000000 -0.029737  0.000000  0.017664 -0.000000 )
( -0.001824  0.000000 -0.006571  0.000000  0.000510 -0.000000 )
(  0.013666  0.000000 -0.002539 -0.000000 -0.027593 -0.000000 )
(  0.010317  0.000000  0.029737 -0.000000 -0.017664 -0.000000 )
(  0.001824  0.000000  0.006571  0.000000 -0.000510 -0.000000 )
(  0.011672  0.000000 -0.029341  0.000000 -0.027681 -0.000000 )
(  0.009977  0.000000  0.012326  0.000000 -0.019376 -0.000000 )
( -0.010280 -0.000000 -0.015035 -0.000000  0.052389  0.000000 )
( -0.013666 -0.000000  0.002539  0.000000  0.027593  0.000000 )
( -0.009977  0.000000 -0.012326 -0.000000  0.019376  0.000000 )
( -0.032399  0.000000  0.054693 -0.000000  0.068366  0.000000 )
(  0.149258  0.000000 -0.013953  0.000000 -0.203335 -0.000000 )
(  0.180241  0.000000 -0.009898 -0.000000 -0.205384 -0.000000 )
( -0.094238 -0.000000 -0.008202  0.000000  0.171257  0.000000 )
( -0.048354  0.000000  0.011456 -0.000000  0.108485 -0.000000 )
( -0.000000  0.000000 -0.000000  0.000000  0.000000 -0.000000 )
(  0.048354  0.000000 -0.011456  0.000000 -0.108485 -0.000000 )
(  0.094238 -0.000000  0.008202 -0.000000 -0.171257  0.000000 )
( -0.180241  0.000000  0.009898  0.000000  0.205384  0.000000 )
( -0.149258 -0.000000  0.013953 -0.000000  0.203335  0.000000 )
( -0.000000  0.000000 -0.000000  0.000000  0.000000 -0.000000 )
(  0.049140  0.000000  0.001609  0.000000 -0.107929 -0.000000 )
(  0.089805 -0.000000 -0.000537 -0.000000 -0.163707 -0.000000 )
( -0.124054 -0.000000  0.042989 -0.000000  0.225525  0.000000 )
( -0.105137 -0.000000 -0.016807  0.000000  0.246298  0.000000 )
( -0.028756 -0.000000  0.075272 -0.000000  0.069627  0.000000 )
(  0.105137  0.000000  0.016807 -0.000000 -0.246298  0.000000 )
(  0.124054  0.000000 -0.042989  0.000000 -0.225525 -0.000000 )
( -0.089805 -0.000000  0.000537  0.000000  0.163707  0.000000 )
( -0.049140  0.000000 -0.001609 -0.000000  0.107929  0.000000 )
     freq (  31) =       2.806106 [THz] =      93.601617 [cm-1]
(  0.075703 -0.000000 -0.002185  0.000000 -0.218636 -0.000000 )
(  0.075703 -0.000000 -0.002185  0.000000 -0.218636  0.000000 )
(  0.082879 -0.000000 -0.012180 -0.000000 -0.240778  0.000000 )
(  0.082879  0.000000 -0.012180 -0.000000 -0.240778  0.000000 )
( -0.000017  0.000000  0.000293 -0.000000  0.001299  0.000000 )
(  0.001799  0.000000  0.020884 -0.000000  0.024710 -0.000000 )
( -0.020763  0.000000 -0.008240  0.000000  0.028427 -0.000000 )
( -0.030004  0.000000 -0.006819  0.000000  0.064373 -0.000000 )
( -0.006394 -0.000000  0.022578 -0.000000  0.028890  0.000000 )
( -0.020763  0.000000 -0.008240 -0.000000  0.028427  0.000000 )
( -0.030004  0.000000 -0.006819 -0.000000  0.064373  0.000000 )
(  0.001799  0.000000  0.020884  0.000000  0.024710 -0.000000 )
( -0.018733  0.000000 -0.005621  0.000000  0.017288 -0.000000 )
( -0.000017  0.000000  0.000293  0.000000  0.001299 -0.000000 )
( -0.006394 -0.000000  0.022578  0.000000  0.028890 -0.000000 )
( -0.018733  0.000000 -0.005621  0.000000  0.017288 -0.000000 )
( -0.000000  0.000000 -0.000000 -0.000000 -0.000000 -0.000000 )
(  0.075261 -0.000000  0.000804  0.000000 -0.170443  0.000000 )
( -0.098837 -0.000000  0.013050 -0.000000  0.200697 -0.000000 )
(  0.099936  0.000000 -0.013897 -0.000000 -0.230283  0.000000 )
( -0.094611  0.000000  0.005984  0.000000  0.219742 -0.000000 )
( -0.051697  0.000000  0.001398 -0.000000  0.094451 -0.000000 )
( -0.094611 -0.000000  0.005984  0.000000  0.219742 -0.000000 )
(  0.099936 -0.000000 -0.013897 -0.000000 -0.230283  0.000000 )
( -0.098837  0.000000  0.013050  0.000000  0.200697 -0.000000 )
(  0.075261  0.000000  0.000804  0.000000 -0.170443 -0.000000 )
( -0.052288  0.000000  0.001595 -0.000000  0.098891 -0.000000 )
( -0.165151  0.000000  0.004099 -0.000000  0.171972 -0.000000 )
(  0.188440 -0.000000  0.009296  0.000000 -0.171403  0.000000 )
( -0.076022  0.000000  0.012056 -0.000000  0.136333 -0.000000 )
(  0.030304  0.000000 -0.005155  0.000000 -0.084756 -0.000000 )
(  0.000000  0.000000 -0.000000 -0.000000 -0.000000 -0.000000 )
(  0.030304 -0.000000 -0.005155 -0.000000 -0.084756  0.000000 )
( -0.076022 -0.000000  0.012056  0.000000  0.136333  0.000000 )
(  0.188440 -0.000000  0.009296  0.000000 -0.171403  0.000000 )
( -0.165151  0.000000  0.004099 -0.000000  0.171972 -0.000000 )
     freq (  32) =       2.832624 [THz] =      94.486158 [cm-1]
( -0.112660 -0.000000 -0.000780  0.000000 -0.058955 -0.000000 )
(  0.112660 -0.000000  0.000780  0.000000  0.058955 -0.000000 )
( -0.105044  0.000000  0.012132 -0.000000 -0.116293  0.000000 )
(  0.105044  0.000000 -0.012132 -0.000000  0.116293  0.000000 )
( -0.009314 -0.000000 -0.007759  0.000000 -0.007068 -0.000000 )
( -0.014195 -0.000000 -0.078952 -0.000000  0.018290  0.000000 )
(  0.006893 -0.000000  0.130440 -0.000000 -0.027750  0.000000 )
( -0.012309 -0.000000  0.000413  0.000000 -0.003525  0.000000 )
(  0.003794 -0.000000 -0.136171  0.000000  0.002435 -0.000000 )
( -0.006893 -0.000000 -0.130440 -0.000000  0.027750  0.000000 )
(  0.012309 -0.000000 -0.000413  0.000000  0.003525  0.000000 )
(  0.014195  0.000000  0.078952 -0.000000 -0.018290 -0.000000 )
(  0.003880 -0.000000  0.081000  0.000000 -0.014049 -0.000000 )
(  0.009314 -0.000000  0.007759 -0.000000  0.007068  0.000000 )
( -0.003794 -0.000000  0.136171  0.000000 -0.002435  0.000000 )
( -0.003880 -0.000000 -0.081000  0.000000  0.014049 -0.000000 )
(  0.021699 -0.000000 -0.196988  0.000000  0.015350  0.000000 )
( -0.133489  0.000000  0.095795  0.000000 -0.179494 -0.000000 )
( -0.170337 -0.000000 -0.111975 -0.000000 -0.081040  0.000000 )
(  0.046109  0.000000  0.053265  0.000000 -0.045232  0.000000 )
(  0.085880 -0.000000 -0.025012  0.000000 -0.059983 -0.000000 )
(  0.000000 -0.000000  0.000000 -0.000000  0.000000 -0.000000 )
( -0.085880 -0.000000  0.025012  0.000000  0.059983 -0.000000 )
( -0.046109  0.000000 -0.053265  0.000000  0.045232  0.000000 )
(  0.170337 -0.000000  0.111975  0.000000  0.081040  0.000000 )
(  0.133489  0.000000 -0.095795  0.000000  0.179494 -0.000000 )
(  0.000000  0.000000  0.000000 -0.000000 -0.000000  0.000000 )
(  0.042414  0.000000  0.051509 -0.000000 -0.116045  0.000000 )
(  0.027287 -0.000000 -0.008668 -0.000000 -0.114018 -0.000000 )
( -0.260893  0.000000 -0.146815  0.000000 -0.051345 -0.000000 )
( -0.221504 -0.000000  0.196727  0.000000 -0.154978  0.000000 )
( -0.017986 -0.000000 -0.232936  0.000000 -0.010944  0.000000 )
(  0.221504 -0.000000 -0.196727  0.000000  0.154978  0.000000 )
(  0.260893  0.000000  0.146815 -0.000000  0.051345 -0.000000 )
( -0.027287 -0.000000  0.008668 -0.000000  0.114018 -0.000000 )
( -0.042414  0.000000 -0.051509 -0.000000  0.116045  0.000000 )
     freq (  33) =       2.841238 [THz] =      94.773505 [cm-1]
(  0.121821  0.000000 -0.009741 -0.000000  0.095967  0.000000 )
(  0.121821 -0.000000 -0.009741  0.000000  0.095967 -0.000000 )
( -0.129759  0.000000  0.005406 -0.000000 -0.083829  0.000000 )
( -0.129759 -0.000000  0.005406  0.000000 -0.083829 -0.000000 )
(  0.008720  0.000000 -0.000492  0.000000  0.008064  0.000000 )
(  0.003812  0.000000  0.110014  0.000000 -0.005119 -0.000000 )
(  0.006969 -0.000000  0.110188 -0.000000 -0.012686  0.000000 )
(  0.003299  0.000000 -0.002428 -0.000000 -0.005082 -0.000000 )
(  0.007490 -0.000000 -0.128471  0.000000  0.000679 -0.000000 )
(  0.006969  0.000000  0.110188  0.000000 -0.012686 -0.000000 )
(  0.003299 -0.000000 -0.002428 -0.000000 -0.005082 -0.000000 )
(  0.003812 -0.000000  0.110014 -0.000000 -0.005119  0.000000 )
(  0.002082 -0.000000 -0.124471 -0.000000  0.023005  0.000000 )
(  0.008720 -0.000000 -0.000492 -0.000000  0.008064 -0.000000 )
(  0.007490 -0.000000 -0.128471 -0.000000  0.000679  0.000000 )
(  0.002082  0.000000 -0.124471  0.000000  0.023005 -0.000000 )
( -0.000000 -0.000000  0.000000  0.000000  0.000000 -0.000000 )
( -0.075528  0.000000 -0.011602 -0.000000  0.131266  0.000000 )
(  0.054965  0.000000 -0.002243  0.000000 -0.104394  0.000000 )
( -0.217195  0.000000 -0.158207 -0.000000 -0.050689  0.000000 )
(  0.197852 -0.000000 -0.195982  0.000000  0.159063  0.000000 )
(  0.021731 -0.000000  0.051109  0.000000  0.004675 -0.000000 )
(  0.197852  0.000000 -0.195982  0.000000  0.159063 -0.000000 )
( -0.217195  0.000000 -0.158207  0.000000 -0.050689 -0.000000 )
(  0.054965 -0.000000 -0.002243 -0.000000 -0.104394 -0.000000 )
( -0.075528 -0.000000 -0.011602  0.000000  0.131266 -0.000000 )
(  0.000228  0.000000  0.049222  0.000000 -0.014863 -0.000000 )
( -0.156347  0.000000  0.158487 -0.000000 -0.168527  0.000000 )
(  0.193133 -0.000000  0.148331 -0.000000  0.076521  0.000000 )
( -0.056542  0.000000 -0.010093  0.000000  0.097646  0.000000 )
(  0.087980  0.000000 -0.015671 -0.000000 -0.115134  0.000000 )
(  0.000000  0.000000  0.000000  0.000000  0.000000  0.000000 )
(  0.087980 -0.000000 -0.015671  0.000000 -0.115134 -0.000000 )
( -0.056542 -0.000000 -0.010093 -0.000000  0.097646 -0.000000 )
(  0.193133 -0.000000  0.148331 -0.000000  0.076521 -0.000000 )
( -0.156347  0.000000  0.158487 -0.000000 -0.168527 -0.000000 )
     freq (  34) =       2.984769 [THz] =      99.561176 [cm-1]
(  0.059409  0.000000 -0.023186 -0.000000  0.021973 -0.000000 )
( -0.059409 -0.000000  0.023186 -0.000000 -0.021973 -0.000000 )
( -0.042372  0.000000 -0.009360  0.000000 -0.076248  0.000000 )
(  0.042372 -0.000000  0.009360  0.000000  0.076248  0.000000 )
(  0.194545 -0.000000 -0.035231 -0.000000  0.092317  0.000000 )
(  0.103919 -0.000000  0.000384  0.000000 -0.090752  0.000000 )
( -0.033145  0.000000  0.002489 -0.000000  0.168269 -0.000000 )
(  0.017868  0.000000 -0.002961  0.000000 -0.030263 -0.000000 )
( -0.136615 -0.000000 -0.012335  0.000000  0.110848 -0.000000 )
(  0.033145 -0.000000 -0.002489  0.000000 -0.168269 -0.000000 )
( -0.017868  0.000000  0.002961  0.000000  0.030263 -0.000000 )
( -0.103919 -0.000000 -0.000384 -0.000000  0.090752 -0.000000 )
(  0.043306  0.000000 -0.002850 -0.000000 -0.136133  0.000000 )
( -0.194545 -0.000000  0.035231  0.000000 -0.092317 -0.000000 )
(  0.136615 -0.000000  0.012335 -0.000000 -0.110848 -0.000000 )
( -0.043306  0.000000  0.002850  0.000000  0.136133  0.000000 )
( -0.050332  0.000000 -0.014692 -0.000000  0.008769 -0.000000 )
(  0.077878 -0.000000  0.170723 -0.000000  0.028835  0.000000 )
( -0.094440 -0.000000  0.232598  0.000000 -0.069629  0.000000 )
(  0.052340  0.000000  0.129720  0.000000 -0.014598  0.000000 )
( -0.050599  0.000000  0.158034 -0.000000  0.019208  0.000000 )
( -0.000000  0.000000  0.000000 -0.000000  0.000000 -0.000000 )
(  0.050599  0.000000 -0.158034 -0.000000 -0.019208  0.000000 )
( -0.052340  0.000000 -0.129720  0.000000  0.014598  0.000000 )
(  0.094440 -0.000000 -0.232598  0.000000  0.069629  0.000000 )
( -0.077878 -0.000000 -0.170723 -0.000000 -0.028835  0.000000 )
( -0.000000  0.000000 -0.000000  0.000000  0.000000 -0.000000 )
(  0.045267 -0.000000 -0.167588  0.000000  0.062048  0.000000 )
(  0.004383 -0.000000 -0.111671 -0.000000 -0.039440 -0.000000 )
(  0.043588  0.000000 -0.287571  0.000000  0.043067  0.000000 )
( -0.062804  0.000000 -0.208802  0.000000 -0.024617 -0.000000 )
( -0.062323  0.000000 -0.051700  0.000000 -0.003806 -0.000000 )
(  0.062804 -0.000000  0.208802  0.000000  0.024617 -0.000000 )
( -0.043588  0.000000  0.287571 -0.000000 -0.043067 -0.000000 )
( -0.004383 -0.000000  0.111671 -0.000000  0.039440  0.000000 )
( -0.045267 -0.000000  0.167588 -0.000000 -0.062048 -0.000000 )
     freq (  35) =       3.009109 [THz] =     100.373079 [cm-1]
(  0.050258  0.000000 -0.049395 -0.000000 -0.134427  0.000000 )
(  0.050258 -0.000000 -0.049395 -0.000000 -0.134427 -0.000000 )
( -0.023405 -0.000000  0.038008  0.000000  0.040437  0.000000 )
( -0.023405 -0.000000  0.038008  0.000000  0.040437  0.000000 )
(  0.000748  0.000000  0.016010 -0.000000  0.013652  0.000000 )
( -0.113644 -0.000000 -0.004216 -0.000000 -0.015661 -0.000000 )
(  0.062562  0.000000 -0.000924  0.000000 -0.037566  0.000000 )
(  0.113821 -0.000000  0.008217 -0.000000 -0.203658 -0.000000 )
(  0.007807 -0.000000  0.015693 -0.000000 -0.096639  0.000000 )
(  0.062562 -0.000000 -0.000924  0.000000 -0.037566 -0.000000 )
(  0.113821  0.000000  0.008217  0.000000 -0.203658 -0.000000 )
( -0.113644 -0.000000 -0.004216 -0.000000 -0.015661  0.000000 )
(  0.072540  0.000000 -0.006651  0.000000  0.092097 -0.000000 )
(  0.000748 -0.000000  0.016010  0.000000  0.013652 -0.000000 )
(  0.007807  0.000000  0.015693  0.000000 -0.096639 -0.000000 )
(  0.072540  0.000000 -0.006651  0.000000  0.092097  0.000000 )
( -0.000000  0.000000  0.000000 -0.000000  0.000000 -0.000000 )
( -0.075129  0.000000 -0.010626  0.000000  0.248448  0.000000 )
( -0.191081 -0.000000 -0.018551  0.000000  0.216433  0.000000 )
(  0.058842 -0.000000  0.084003  0.000000  0.035319  0.000000 )
(  0.034365  0.000000 -0.061288  0.000000  0.082501 -0.000000 )
(  0.170543  0.000000 -0.041965 -0.000000 -0.346775 -0.000000 )
(  0.034365  0.000000 -0.061288 -0.000000  0.082501  0.000000 )
(  0.058842 -0.000000  0.084003 -0.000000  0.035319  0.000000 )
( -0.191081  0.000000 -0.018551 -0.000000  0.216433  0.000000 )
( -0.075129 -0.000000 -0.010626 -0.000000  0.248448  0.000000 )
(  0.221948 -0.000000  0.042586 -0.000000 -0.371853  0.000000 )
( -0.093880 -0.000000  0.065766 -0.000000  0.050041  0.000000 )
( -0.066039 -0.000000 -0.060801 -0.000000 -0.029764 -0.000000 )
(  0.011998  0.000000  0.028987 -0.000000  0.052395 -0.000000 )
( -0.055715 -0.000000 -0.001512 -0.000000  0.010792 -0.000000 )
( -0.000000  0.000000 -0.000000 -0.000000 -0.000000 -0.000000 )
( -0.055715  0.000000 -0.001512  0.000000  0.010792 -0.000000 )
(  0.011998  0.000000  0.028987  0.000000  0.052395 -0.000000 )
( -0.066039 -0.000000 -0.060801 -0.000000 -0.029764  0.000000 )
( -0.093880  0.000000  0.065766  0.000000  0.050041 -0.000000 )
     freq (  36) =       3.073553 [THz] =     102.522682 [cm-1]
(  0.039099 -0.000000 -0.074700 -0.000000 -0.104551 -0.000000 )
(  0.039099 -0.000000 -0.074700 -0.000000 -0.104551  0.000000 )
( -0.061015 -0.000000  0.059736 -0.000000  0.115154  0.000000 )
( -0.061015  0.000000  0.059736  0.000000  0.115154  0.000000 )
(  0.003797  0.000000  0.022499 -0.000000  0.039591 -0.000000 )
( -0.048937  0.000000 -0.015022 -0.000000  0.079188  0.000000 )
( -0.040445 -0.000000  0.009824  0.000000 -0.087501 -0.000000 )
( -0.073108  0.000000  0.018999 -0.000000  0.129619 -0.000000 )
(  0.136730 -0.000000  0.014002 -0.000000  0.009839 -0.000000 )
( -0.040445  0.000000  0.009824 -0.000000 -0.087501 -0.000000 )
( -0.073108  0.000000  0.018999 -0.000000  0.129619 -0.000000 )
( -0.048937 -0.000000 -0.015022 -0.000000  0.079188 -0.000000 )
( -0.026832  0.000000 -0.004676  0.000000  0.060799  0.000000 )
(  0.003797 -0.000000  0.022499  0.000000  0.039591  0.000000 )
(  0.136730  0.000000  0.014002 -0.000000  0.009839  0.000000 )
( -0.026832 -0.000000 -0.004676  0.000000  0.060799 -0.000000 )
(  0.000000 -0.000000  0.000000 -0.000000  0.000000  0.000000 )
(  0.037038 -0.000000 -0.002209 -0.000000  0.139440  0.000000 )
( -0.130277 -0.000000 -0.037185  0.000000  0.048804 -0.000000 )
(  0.102744  0.000000  0.100120 -0.000000  0.046737 -0.000000 )
(  0.129705 -0.000000 -0.060393  0.000000  0.030167  0.000000 )
( -0.115281  0.000000 -0.067645 -0.000000  0.281718 -0.000000 )
(  0.129705  0.000000 -0.060393  0.000000  0.030167 -0.000000 )
(  0.102744 -0.000000  0.100120  0.000000  0.046737  0.000000 )
( -0.130277 -0.000000 -0.037185 -0.000000  0.048804  0.000000 )
(  0.037038 -0.000000 -0.002209 -0.000000  0.139440 -0.000000 )
( -0.095979  0.000000  0.052484 -0.000000  0.211252 -0.000000 )
( -0.079868  0.000000  0.092811 -0.000000 -0.055487 -0.000000 )
( -0.122103 -0.000000 -0.071127 -0.000000 -0.076169  0.000000 )
(  0.194866  0.000000  0.045670 -0.000000 -0.241006  0.000000 )
(  0.103064 -0.000000 -0.002180  0.000000 -0.282634 -0.000000 )
(  0.000000 -0.000000  0.000000 -0.000000 -0.000000  0.000000 )
(  0.103064 -0.000000 -0.002180  0.000000 -0.282634  0.000000 )
(  0.194866 -0.000000  0.045670  0.000000 -0.241006  0.000000 )
( -0.122103 -0.000000 -0.071127  0.000000 -0.076169 -0.000000 )
( -0.079868 -0.000000  0.092811  0.000000 -0.055487  0.000000 )
     freq (  37) =       3.130346 [THz] =     104.417105 [cm-1]
( -0.007163 -0.000000 -0.072894  0.000000 -0.084178  0.000000 )
(  0.007163 -0.000000  0.072894 -0.000000  0.084178 -0.000000 )
(  0.089395  0.000000 -0.002583  0.000000 -0.018787  0.000000 )
( -0.089395  0.000000  0.002583 -0.000000  0.018787 -0.000000 )
( -0.021241 -0.000000  0.159434  0.000000  0.069396  0.000000 )
( -0.077883  0.000000  0.003694  0.000000  0.018531 -0.000000 )
(  0.034228 -0.000000 -0.014670  0.000000  0.049618 -0.000000 )
( -0.020816  0.000000 -0.014850  0.000000 -0.019502 -0.000000 )
( -0.043037 -0.000000 -0.004023  0.000000  0.058961  0.000000 )
( -0.034228 -0.000000  0.014670 -0.000000 -0.049618  0.000000 )
(  0.020816  0.000000  0.014850  0.000000  0.019502 -0.000000 )
(  0.077883 -0.000000 -0.003694 -0.000000 -0.018531  0.000000 )
(  0.004177 -0.000000 -0.021457  0.000000  0.043573 -0.000000 )
(  0.021241 -0.000000 -0.159434 -0.000000 -0.069396 -0.000000 )
(  0.043037 -0.000000  0.004023 -0.000000 -0.058961 -0.000000 )
( -0.004177  0.000000  0.021457 -0.000000 -0.043573  0.000000 )
(  0.102636  0.000000  0.084191 -0.000000 -0.120438 -0.000000 )
(  0.194139  0.000000  0.047770  0.000000  0.076492 -0.000000 )
(  0.037493  0.000000 -0.138205  0.000000  0.062402  0.000000 )
(  0.263768 -0.000000  0.040875  0.000000  0.055542  0.000000 )
(  0.147796  0.000000 -0.020434  0.000000  0.193283 -0.000000 )
( -0.000000 -0.000000  0.000000 -0.000000 -0.000000 -0.000000 )
( -0.147796 -0.000000  0.020434 -0.000000 -0.193283  0.000000 )
( -0.263768  0.000000 -0.040875  0.000000 -0.055542 -0.000000 )
( -0.037493 -0.000000  0.138205 -0.000000 -0.062402 -0.000000 )
( -0.194139  0.000000 -0.047770 -0.000000 -0.076492  0.000000 )
( -0.000000  0.000000 -0.000000 -0.000000 -0.000000 -0.000000 )
( -0.187615 -0.000000  0.043726  0.000000  0.099438 -0.000000 )
( -0.065197 -0.000000  0.054398 -0.000000 -0.222517 -0.000000 )
( -0.193660 -0.000000  0.065460  0.000000 -0.101109  0.000000 )
( -0.050507 -0.000000 -0.206126 -0.000000 -0.047371  0.000000 )
(  0.008975  0.000000 -0.013296  0.000000 -0.110480 -0.000000 )
(  0.050507  0.000000  0.206126  0.000000  0.047371  0.000000 )
(  0.193660 -0.000000 -0.065460 -0.000000  0.101109  0.000000 )
(  0.065197  0.000000 -0.054398  0.000000  0.222517  0.000000 )
(  0.187615  0.000000 -0.043726  0.000000 -0.099438  0.000000 )
     freq (  38) =       3.141254 [THz] =     104.780949 [cm-1]
(  0.077433  0.000000 -0.004959  0.000000  0.001100  0.000000 )
( -0.077433 -0.000000  0.004959 -0.000000 -0.001100 -0.000000 )
(  0.025343  0.000000 -0.072131  0.000000 -0.079333  0.000000 )
( -0.025343  0.000000  0.072131  0.000000  0.079333 -0.000000 )
( -0.111752 -0.000000 -0.112490 -0.000000  0.113122  0.000000 )
( -0.109254  0.000000 -0.012056  0.000000  0.032802 -0.000000 )
(  0.078245  0.000000 -0.011419 -0.000000  0.035659 -0.000000 )
( -0.041767 -0.000000 -0.011418 -0.000000 -0.027590 -0.000000 )
( -0.020942 -0.000000 -0.015312  0.000000  0.069399  0.000000 )
( -0.078245 -0.000000  0.011419  0.000000 -0.035659 -0.000000 )
(  0.041767  0.000000  0.011418 -0.000000  0.027590 -0.000000 )
(  0.109254  0.000000  0.012056 -0.000000 -0.032802  0.000000 )
( -0.026171 -0.000000 -0.000896  0.000000  0.044759 -0.000000 )
(  0.111752  0.000000  0.112490  0.000000 -0.113122 -0.000000 )
(  0.020942 -0.000000  0.015312 -0.000000 -0.069399 -0.000000 )
(  0.026171  0.000000  0.000896 -0.000000 -0.044759  0.000000 )
(  0.223456  0.000000  0.023439 -0.000000 -0.228813 -0.000000 )
(  0.009706 -0.000000 -0.173879 -0.000000 -0.088300 -0.000000 )
( -0.145306 -0.000000 -0.018945  0.000000 -0.042178  0.000000 )
( -0.068330 -0.000000  0.057030  0.000000 -0.096621  0.000000 )
( -0.067205 -0.000000  0.027027  0.000000 -0.020368 -0.000000 )
(  0.000000 -0.000000 -0.000000  0.000000  0.000000 -0.000000 )
(  0.067205 -0.000000 -0.027027 -0.000000  0.020368  0.000000 )
(  0.068330  0.000000 -0.057030 -0.000000  0.096621 -0.000000 )
(  0.145306  0.000000  0.018945 -0.000000  0.042178 -0.000000 )
( -0.009706 -0.000000  0.173879 -0.000000  0.088300  0.000000 )
(  0.000000  0.000000 -0.000000  0.000000  0.000000 -0.000000 )
(  0.056046 -0.000000  0.026037 -0.000000  0.280583  0.000000 )
(  0.289120  0.000000  0.080311 -0.000000 -0.111965  0.000000 )
( -0.009830  0.000000 -0.106249 -0.000000  0.029734  0.000000 )
(  0.177430 -0.000000  0.058165  0.000000  0.095645 -0.000000 )
(  0.078139  0.000000 -0.064817  0.000000 -0.245488 -0.000000 )
( -0.177430 -0.000000 -0.058165  0.000000 -0.095645 -0.000000 )
(  0.009830 -0.000000  0.106249 -0.000000 -0.029734 -0.000000 )
( -0.289120  0.000000 -0.080311 -0.000000  0.111965  0.000000 )
( -0.056046 -0.000000 -0.026037 -0.000000 -0.280583 -0.000000 )
     freq (  39) =       3.151731 [THz] =     105.130444 [cm-1]
( -0.007576  0.000000  0.028398 -0.000000  0.098505 -0.000000 )
(  0.007576 -0.000000 -0.028398  0.000000 -0.098505  0.000000 )
(  0.012670  0.000000  0.058428 -0.000000  0.077536 -0.000000 )
( -0.012670 -0.000000 -0.058428  0.000000 -0.077536  0.000000 )
( -0.066401 -0.000000  0.025782 -0.000000  0.185567 -0.000000 )
(  0.024536 -0.000000  0.020689 -0.000000 -0.056689  0.000000 )
(  0.059160 -0.000000  0.001590 -0.000000 -0.053537  0.000000 )
( -0.052555  0.000000  0.014450 -0.000000 -0.024011 -0.000000 )
(  0.084824 -0.000000  0.017336 -0.000000  0.070139 -0.000000 )
( -0.059160 -0.000000 -0.001590  0.000000  0.053537 -0.000000 )
(  0.052555  0.000000 -0.014450  0.000000  0.024011 -0.000000 )
( -0.024536  0.000000 -0.020689  0.000000  0.056689 -0.000000 )
( -0.029057 -0.000000  0.007326 -0.000000 -0.125800  0.000000 )
(  0.066401 -0.000000 -0.025782  0.000000 -0.185567 -0.000000 )
( -0.084824  0.000000 -0.017336  0.000000 -0.070139 -0.000000 )
(  0.029057 -0.000000 -0.007326  0.000000  0.125800 -0.000000 )
(  0.206544  0.000000 -0.052910  0.000000 -0.254261 -0.000000 )
( -0.005107  0.000000  0.098049 -0.000000 -0.080364  0.000000 )
(  0.055809 -0.000000  0.100459 -0.000000  0.099105 -0.000000 )
( -0.152935  0.000000  0.046915  0.000000  0.218634 -0.000000 )
(  0.129219 -0.000000  0.106335 -0.000000 -0.252337  0.000000 )
( -0.000000 -0.000000  0.000000  0.000000 -0.000000 -0.000000 )
( -0.129219  0.000000 -0.106335  0.000000  0.252337 -0.000000 )
(  0.152935 -0.000000 -0.046915 -0.000000 -0.218634  0.000000 )
( -0.055809  0.000000 -0.100459  0.000000 -0.099105  0.000000 )
(  0.005107 -0.000000 -0.098049  0.000000  0.080364  0.000000 )
( -0.000000 -0.000000 -0.000000 -0.000000 -0.000000 -0.000000 )
( -0.067961  0.000000  0.057890  0.000000 -0.077480  0.000000 )
( -0.111006  0.000000  0.017166  0.000000 -0.031812 -0.000000 )
(  0.058423 -0.000000  0.068848 -0.000000  0.066992 -0.000000 )
( -0.103803  0.000000 -0.016161  0.000000 -0.060117  0.000000 )
(  0.093297  0.000000  0.053461 -0.000000 -0.392720  0.000000 )
(  0.103803 -0.000000  0.016161  0.000000  0.060117 -0.000000 )
( -0.058423  0.000000 -0.068848  0.000000 -0.066992  0.000000 )
(  0.111006 -0.000000 -0.017166 -0.000000  0.031812  0.000000 )
(  0.067961  0.000000 -0.057890 -0.000000  0.077480 -0.000000 )
     freq (  40) =       3.176609 [THz] =     105.960262 [cm-1]
( -0.083153 -0.000000 -0.033013 -0.000000 -0.035710  0.000000 )
( -0.083153  0.000000 -0.033013  0.000000 -0.035710  0.000000 )
( -0.029738 -0.000000 -0.042841  0.000000 -0.066302  0.000000 )
( -0.029738 -0.000000 -0.042841 -0.000000 -0.066302 -0.000000 )
( -0.055018  0.000000 -0.003881  0.000000 -0.035305  0.000000 )
(  0.026123 -0.000000 -0.003888  0.000000 -0.025726  0.000000 )
( -0.028872  0.000000  0.004409 -0.000000 -0.018285  0.000000 )
(  0.018041  0.000000  0.188094 -0.000000  0.011931 -0.000000 )
( -0.047445  0.000000  0.004273  0.000000 -0.008660  0.000000 )
( -0.028872  0.000000  0.004409 -0.000000 -0.018285  0.000000 )
(  0.018041 -0.000000  0.188094 -0.000000  0.011931 -0.000000 )
(  0.026123 -0.000000 -0.003888 -0.000000 -0.025726  0.000000 )
( -0.013375  0.000000 -0.005192  0.000000  0.020904 -0.000000 )
( -0.055018  0.000000 -0.003881 -0.000000 -0.035305  0.000000 )
( -0.047445  0.000000  0.004273 -0.000000 -0.008660  0.000000 )
( -0.013375  0.000000 -0.005192 -0.000000  0.020904 -0.000000 )
( -0.000000  0.000000  0.000000  0.000000  0.000000 -0.000000 )
(  0.179969  0.000000 -0.081498  0.000000  0.088173 -0.000000 )
( -0.219607  0.000000  0.063940 -0.000000 -0.155510  0.000000 )
( -0.168568  0.000000  0.126948 -0.000000 -0.073042  0.000000 )
(  0.147163  0.000000  0.170776 -0.000000  0.094281 -0.000000 )
( -0.056592  0.000000 -0.070639 -0.000000 -0.037372  0.000000 )
(  0.147163 -0.000000  0.170776 -0.000000  0.094281 -0.000000 )
( -0.168568 -0.000000  0.126948 -0.000000 -0.073042 -0.000000 )
( -0.219607 -0.000000  0.063940 -0.000000 -0.155510 -0.000000 )
(  0.179969 -0.000000 -0.081498  0.000000  0.088173 -0.000000 )
( -0.037369  0.000000 -0.114366 -0.000000 -0.012824  0.000000 )
(  0.158297 -0.000000  0.146254 -0.000000  0.095812 -0.000000 )
( -0.114355 -0.000000  0.124194 -0.000000 -0.106395 -0.000000 )
( -0.226658  0.000000 -0.028333  0.000000 -0.084195 -0.000000 )
(  0.157591 -0.000000  0.042670 -0.000000  0.107563 -0.000000 )
( -0.000000  0.000000 -0.000000  0.000000  0.000000 -0.000000 )
(  0.157591  0.000000  0.042670 -0.000000  0.107563  0.000000 )
( -0.226658  0.000000 -0.028333  0.000000 -0.084195  0.000000 )
( -0.114355  0.000000  0.124194  0.000000 -0.106395  0.000000 )
(  0.158297  0.000000  0.146254  0.000000  0.095812  0.000000 )
     freq (  41) =       3.203549 [THz] =     106.858883 [cm-1]
( -0.036520  0.000000 -0.006865  0.000000 -0.049263  0.000000 )
( -0.036520  0.000000 -0.006865  0.000000 -0.049263 -0.000000 )
(  0.067215  0.000000  0.005812  0.000000  0.067292  0.000000 )
(  0.067215  0.000000  0.005812  0.000000  0.067292  0.000000 )
( -0.215430 -0.000000  0.003125 -0.000000 -0.121368  0.000000 )
(  0.038928 -0.000000  0.002258 -0.000000 -0.109601 -0.000000 )
( -0.155791 -0.000000  0.002561 -0.000000 -0.121897  0.000000 )
( -0.008564  0.000000 -0.047573 -0.000000  0.008941  0.000000 )
( -0.154982  0.000000  0.005044 -0.000000 -0.079277  0.000000 )
( -0.155791 -0.000000  0.002561 -0.000000 -0.121897 -0.000000 )
( -0.008564 -0.000000 -0.047573 -0.000000  0.008941 -0.000000 )
(  0.038928  0.000000  0.002258 -0.000000 -0.109601  0.000000 )
( -0.082951 -0.000000  0.001767 -0.000000  0.103626 -0.000000 )
( -0.215430  0.000000  0.003125  0.000000 -0.121368 -0.000000 )
( -0.154982 -0.000000  0.005044 -0.000000 -0.079277 -0.000000 )
( -0.082951  0.000000  0.001767 -0.000000  0.103626  0.000000 )
( -0.000000  0.000000 -0.000000  0.000000  0.000000 -0.000000 )
( -0.087503 -0.000000 -0.179960  0.000000  0.008317 -0.000000 )
( -0.008970  0.000000  0.180025  0.000000 -0.020554  0.000000 )
(  0.051447 -0.000000  0.018295 -0.000000  0.094554  0.000000 )
( -0.020960  0.000000 -0.019084 -0.000000  0.056895 -0.000000 )
( -0.298734  0.000000  0.032014  0.000000 -0.145828  0.000000 )
( -0.020960 -0.000000 -0.019084 -0.000000  0.056895  0.000000 )
(  0.051447  0.000000  0.018295 -0.000000  0.094554 -0.000000 )
( -0.008970  0.000000  0.180025 -0.000000 -0.020554  0.000000 )
( -0.087503 -0.000000 -0.179960 -0.000000  0.008317  0.000000 )
( -0.203263  0.000000  0.061815  0.000000 -0.092122 -0.000000 )
( -0.015085 -0.000000 -0.063100 -0.000000 -0.070697  0.000000 )
(  0.109047  0.000000 -0.058777 -0.000000  0.003791 -0.000000 )
(  0.030871  0.000000 -0.236265 -0.000000  0.018454  0.000000 )
( -0.009967 -0.000000  0.250119 -0.000000 -0.083783 -0.000000 )
(  0.000000  0.000000  0.000000  0.000000  0.000000 -0.000000 )
( -0.009967 -0.000000  0.250119  0.000000 -0.083783 -0.000000 )
(  0.030871  0.000000 -0.236265  0.000000  0.018454  0.000000 )
(  0.109047 -0.000000 -0.058777 -0.000000  0.003791  0.000000 )
( -0.015085  0.000000 -0.063100 -0.000000 -0.070697 -0.000000 )
     freq (  42) =       3.286820 [THz] =     109.636507 [cm-1]
( -0.102007 -0.000000  0.015117 -0.000000 -0.058233 -0.000000 )
(  0.102007  0.000000 -0.015117  0.000000  0.058233 -0.000000 )
( -0.082400  0.000000 -0.015137  0.000000 -0.075809  0.000000 )
(  0.082400  0.000000  0.015137 -0.000000  0.075809  0.000000 )
( -0.047199 -0.000000  0.015446 -0.000000  0.091585 -0.000000 )
(  0.025563  0.000000 -0.005942 -0.000000 -0.136270 -0.000000 )
( -0.041989 -0.000000  0.012142 -0.000000  0.095359 -0.000000 )
(  0.174809  0.000000 -0.001552 -0.000000  0.099054  0.000000 )
(  0.057220 -0.000000 -0.021651  0.000000 -0.067879 -0.000000 )
(  0.041989 -0.000000 -0.012142  0.000000 -0.095359 -0.000000 )
( -0.174809 -0.000000  0.001552 -0.000000 -0.099054 -0.000000 )
( -0.025563  0.000000  0.005942  0.000000  0.136270 -0.000000 )
( -0.091445 -0.000000  0.006776  0.000000  0.084453  0.000000 )
(  0.047199 -0.000000 -0.015446 -0.000000 -0.091585 -0.000000 )
( -0.057220 -0.000000  0.021651 -0.000000  0.067879 -0.000000 )
(  0.091445 -0.000000 -0.006776 -0.000000 -0.084453  0.000000 )
( -0.101715 -0.000000  0.028723 -0.000000 -0.283560  0.000000 )
( -0.030343 -0.000000  0.058536 -0.000000  0.088938 -0.000000 )
(  0.082735 -0.000000 -0.042958  0.000000 -0.087768 -0.000000 )
(  0.006570  0.000000 -0.181535 -0.000000  0.109355  0.000000 )
( -0.033704  0.000000 -0.214204 -0.000000 -0.064133  0.000000 )
(  0.000000 -0.000000 -0.000000  0.000000  0.000000 -0.000000 )
(  0.033704 -0.000000  0.214204  0.000000  0.064133 -0.000000 )
( -0.006570 -0.000000  0.181535  0.000000 -0.109355  0.000000 )
( -0.082735  0.000000  0.042958  0.000000  0.087768 -0.000000 )
(  0.030343  0.000000 -0.058536 -0.000000 -0.088938  0.000000 )
(  0.000000 -0.000000 -0.000000  0.000000 -0.000000 -0.000000 )
( -0.084865 -0.000000 -0.195446 -0.000000  0.073920 -0.000000 )
(  0.084284  0.000000 -0.207889  0.000000  0.004140 -0.000000 )
(  0.043746  0.000000 -0.061336 -0.000000 -0.145074  0.000000 )
( -0.108612  0.000000  0.043812  0.000000  0.132574  0.000000 )
(  0.268052  0.000000  0.013330 -0.000000 -0.064311 -0.000000 )
(  0.108612 -0.000000 -0.043812  0.000000 -0.132574 -0.000000 )
( -0.043746 -0.000000  0.061336 -0.000000  0.145074 -0.000000 )
( -0.084284  0.000000  0.207889 -0.000000 -0.004140  0.000000 )
(  0.084865  0.000000  0.195446 -0.000000 -0.073920 -0.000000 )
     freq (  43) =       3.322050 [THz] =     110.811666 [cm-1]
( -0.059273 -0.000000  0.148470  0.000000 -0.052952 -0.000000 )
( -0.059273 -0.000000  0.148470 -0.000000 -0.052952 -0.000000 )
( -0.050089  0.000000  0.156522  0.000000 -0.026153  0.000000 )
( -0.050089 -0.000000  0.156522  0.000000 -0.026153  0.000000 )
( -0.019543 -0.000000 -0.002843 -0.000000 -0.010575 -0.000000 )
( -0.004577 -0.000000 -0.042870  0.000000 -0.006551 -0.000000 )
( -0.003942 -0.000000 -0.048079 -0.000000 -0.018705 -0.000000 )
( -0.011890 -0.000000  0.078838 -0.000000 -0.004636 -0.000000 )
( -0.014468 -0.000000 -0.046348 -0.000000  0.004749 -0.000000 )
( -0.003942 -0.000000 -0.048079 -0.000000 -0.018705 -0.000000 )
( -0.011890  0.000000  0.078838 -0.000000 -0.004636  0.000000 )
( -0.004577 -0.000000 -0.042870 -0.000000 -0.006551 -0.000000 )
( -0.009045 -0.000000 -0.047897 -0.000000  0.005436  0.000000 )
( -0.019543 -0.000000 -0.002843 -0.000000 -0.010575 -0.000000 )
( -0.014468 -0.000000 -0.046348  0.000000  0.004749 -0.000000 )
( -0.009045 -0.000000 -0.047897 -0.000000  0.005436  0.000000 )
(  0.000000  0.000000  0.000000 -0.000000  0.000000  0.000000 )
( -0.177535 -0.000000 -0.116390 -0.000000 -0.087816  0.000000 )
(  0.154547  0.000000 -0.059144  0.000000  0.088751  0.000000 )
( -0.209936  0.000000 -0.045495  0.000000 -0.107720  0.000000 )
(  0.166649  0.000000 -0.035159 -0.000000  0.108261 -0.000000 )
( -0.008467 -0.000000 -0.196119 -0.000000  0.000179 -0.000000 )
(  0.166649  0.000000 -0.035159 -0.000000  0.108261  0.000000 )
( -0.209936  0.000000 -0.045495 -0.000000 -0.107720  0.000000 )
(  0.154547  0.000000 -0.059144 -0.000000  0.088751 -0.000000 )
( -0.177535 -0.000000 -0.116390 -0.000000 -0.087816  0.000000 )
( -0.024676 -0.000000 -0.251056 -0.000000 -0.011851 -0.000000 )
(  0.160781  0.000000 -0.037983  0.000000  0.095154  0.000000 )
( -0.194234  0.000000 -0.051575 -0.000000 -0.142489 -0.000000 )
(  0.165420  0.000000 -0.112325 -0.000000  0.090958 -0.000000 )
( -0.164322 -0.000000 -0.088332  0.000000 -0.099697 -0.000000 )
( -0.000000 -0.000000  0.000000 -0.000000  0.000000 -0.000000 )
( -0.164322 -0.000000 -0.088332  0.000000 -0.099697 -0.000000 )
(  0.165420  0.000000 -0.112325 -0.000000  0.090958 -0.000000 )
( -0.194234 -0.000000 -0.051575 -0.000000 -0.142489 -0.000000 )
(  0.160781 -0.000000 -0.037983 -0.000000  0.095154  0.000000 )
     freq (  44) =       3.336508 [THz] =     111.293943 [cm-1]
( -0.042667 -0.000000  0.152186  0.000000 -0.030024  0.000000 )
(  0.042667  0.000000 -0.152186 -0.000000  0.030024 -0.000000 )
(  0.065981  0.000000 -0.143513 -0.000000  0.055498  0.000000 )
( -0.065981 -0.000000  0.143513  0.000000 -0.055498 -0.000000 )
(  0.002685  0.000000  0.091969  0.000000 -0.004794 -0.000000 )
(  0.014143  0.000000  0.047340  0.000000  0.003824  0.000000 )
(  0.004421  0.000000  0.059919  0.000000  0.002588 -0.000000 )
( -0.018820 -0.000000  0.000515  0.000000 -0.010754 -0.000000 )
( -0.014106  0.000000 -0.057454 -0.000000  0.019126  0.000000 )
( -0.004421 -0.000000 -0.059919 -0.000000 -0.002588  0.000000 )
(  0.018820  0.000000 -0.000515  0.000000  0.010754  0.000000 )
( -0.014143 -0.000000 -0.047340 -0.000000 -0.003824 -0.000000 )
(  0.010903  0.000000 -0.049617 -0.000000 -0.027138 -0.000000 )
( -0.002685 -0.000000 -0.091969 -0.000000  0.004794  0.000000 )
(  0.014106  0.000000  0.057454 -0.000000 -0.019126 -0.000000 )
( -0.010903 -0.000000  0.049617 -0.000000  0.027138  0.000000 )
(  0.016396  0.000000  0.190056  0.000000  0.026907  0.000000 )
(  0.170073 -0.000000 -0.012427 -0.000000  0.097851 -0.000000 )
(  0.203143  0.000000  0.057162  0.000000  0.147212  0.000000 )
( -0.149695 -0.000000  0.118670  0.000000 -0.084288 -0.000000 )
( -0.156367 -0.000000 -0.080427  0.000000 -0.088920 -0.000000 )
( -0.000000  0.000000  0.000000 -0.000000 -0.000000  0.000000 )
(  0.156367  0.000000  0.080427 -0.000000  0.088920  0.000000 )
(  0.149695  0.000000 -0.118670 -0.000000  0.084288  0.000000 )
( -0.203143 -0.000000 -0.057162 -0.000000 -0.147212 -0.000000 )
( -0.170073 -0.000000  0.012427 -0.000000 -0.097851  0.000000 )
(  0.000000  0.000000  0.000000 -0.000000  0.000000  0.000000 )
(  0.168353  0.000000  0.123884  0.000000  0.082650 -0.000000 )
(  0.128025 -0.000000 -0.077228  0.000000  0.088814  0.000000 )
( -0.226967 -0.000000 -0.064984  0.000000 -0.114033  0.000000 )
( -0.184496 -0.000000  0.027202 -0.000000 -0.125095 -0.000000 )
( -0.027210 -0.000000  0.188172  0.000000 -0.007798 -0.000000 )
(  0.184496  0.000000 -0.027202 -0.000000  0.125095  0.000000 )
(  0.226967  0.000000  0.064984 -0.000000  0.114033 -0.000000 )
( -0.128025 -0.000000  0.077228 -0.000000 -0.088814 -0.000000 )
( -0.168353 -0.000000 -0.123884 -0.000000 -0.082650  0.000000 )
     freq (  45) =       3.479575 [THz] =     116.066136 [cm-1]
(  0.067169 -0.000000  0.014999 -0.000000  0.056572  0.000000 )
(  0.067169 -0.000000  0.014999  0.000000  0.056572 -0.000000 )
( -0.066275 -0.000000  0.015566  0.000000 -0.039399 -0.000000 )
( -0.066275 -0.000000  0.015566 -0.000000 -0.039399 -0.000000 )
(  0.070099 -0.000000 -0.000594 -0.000000  0.040485  0.000000 )
( -0.052531 -0.000000  0.011959  0.000000  0.042852 -0.000000 )
( -0.205358 -0.000000  0.003687 -0.000000  0.006155 -0.000000 )
(  0.023917 -0.000000  0.005283  0.000000  0.023959 -0.000000 )
( -0.094540  0.000000 -0.009559  0.000000 -0.177539  0.000000 )
( -0.205358  0.000000  0.003687 -0.000000  0.006155  0.000000 )
(  0.023917  0.000000  0.005283  0.000000  0.023959 -0.000000 )
( -0.052531  0.000000  0.011959  0.000000  0.042852  0.000000 )
(  0.003132  0.000000 -0.012765 -0.000000 -0.070181  0.000000 )
(  0.070099  0.000000 -0.000594  0.000000  0.040485 -0.000000 )
( -0.094540 -0.000000 -0.009559  0.000000 -0.177539 -0.000000 )
(  0.003132 -0.000000 -0.012765  0.000000 -0.070181 -0.000000 )
( -0.000000 -0.000000 -0.000000 -0.000000 -0.000000 -0.000000 )
( -0.010440 -0.000000  0.149870 -0.000000 -0.022821 -0.000000 )
( -0.001740  0.000000 -0.139494  0.000000 -0.003062  0.000000 )
(  0.118310 -0.000000 -0.081294 -0.000000 -0.131378 -0.000000 )
(  0.133107  0.000000 -0.008693 -0.000000 -0.106964  0.000000 )
( -0.520182  0.000000 -0.006446 -0.000000 -0.285043 -0.000000 )
(  0.133107 -0.000000 -0.008693  0.000000 -0.106964 -0.000000 )
(  0.118310  0.000000 -0.081294  0.000000 -0.131378  0.000000 )
( -0.001740 -0.000000 -0.139494 -0.000000 -0.003062 -0.000000 )
( -0.010440  0.000000  0.149870 -0.000000 -0.022821  0.000000 )
(  0.028147  0.000000 -0.012571 -0.000000  0.040410  0.000000 )
( -0.026159 -0.000000  0.071373  0.000000  0.177530 -0.000000 )
( -0.052044  0.000000  0.002937  0.000000  0.155993  0.000000 )
( -0.091686 -0.000000  0.032313 -0.000000 -0.092874 -0.000000 )
( -0.113974  0.000000 -0.036693 -0.000000 -0.043430  0.000000 )
( -0.000000 -0.000000  0.000000 -0.000000 -0.000000 -0.000000 )
( -0.113974 -0.000000 -0.036693  0.000000 -0.043430 -0.000000 )
( -0.091686  0.000000  0.032313  0.000000 -0.092874  0.000000 )
( -0.052044 -0.000000  0.002937 -0.000000  0.155993 -0.000000 )
( -0.026159  0.000000  0.071373 -0.000000  0.177530  0.000000 )
     freq (  46) =       3.529781 [THz] =     117.740818 [cm-1]
(  0.010682  0.000000 -0.014798  0.000000  0.007920  0.000000 )
( -0.010682  0.000000  0.014798  0.000000 -0.007920  0.000000 )
( -0.012779 -0.000000  0.011225  0.000000 -0.001916 -0.000000 )
(  0.012779 -0.000000 -0.011225  0.000000  0.001916 -0.000000 )
(  0.008256  0.000000 -0.009956  0.000000 -0.009610  0.000000 )
( -0.081940 -0.000000  0.003424  0.000000 -0.134955  0.000000 )
( -0.164145 -0.000000 -0.001854  0.000000 -0.001336 -0.000000 )
(  0.011386  0.000000 -0.002341  0.000000  0.003315  0.000000 )
(  0.105655 -0.000000 -0.005433 -0.000000  0.158160 -0.000000 )
(  0.164145 -0.000000  0.001854  0.000000  0.001336 -0.000000 )
( -0.011386 -0.000000  0.002341 -0.000000 -0.003315  0.000000 )
(  0.081940 -0.000000 -0.003424 -0.000000  0.134955  0.000000 )
(  0.198851 -0.000000 -0.001471 -0.000000  0.015291 -0.000000 )
( -0.008256  0.000000  0.009956 -0.000000  0.009610  0.000000 )
( -0.105655 -0.000000  0.005433 -0.000000 -0.158160 -0.000000 )
( -0.198851 -0.000000  0.001471 -0.000000 -0.015291 -0.000000 )
( -0.433218  0.000000  0.001615 -0.000000 -0.200665  0.000000 )
( -0.081500  0.000000  0.017867  0.000000 -0.063641 -0.000000 )
(  0.078685 -0.000000  0.027472 -0.000000  0.055625  0.000000 )
( -0.069978  0.000000 -0.068537 -0.000000 -0.066449 -0.000000 )
(  0.081090  0.000000 -0.066864 -0.000000  0.061192 -0.000000 )
(  0.000000 -0.000000 -0.000000 -0.000000  0.000000 -0.000000 )
( -0.081090  0.000000  0.066864  0.000000 -0.061192 -0.000000 )
(  0.069978  0.000000  0.068537 -0.000000  0.066449 -0.000000 )
( -0.078685 -0.000000 -0.027472 -0.000000 -0.055625 -0.000000 )
(  0.081500 -0.000000 -0.017867  0.000000  0.063641 -0.000000 )
( -0.000000  0.000000  0.000000 -0.000000 -0.000000  0.000000 )
( -0.079191 -0.000000  0.037821  0.000000 -0.034326  0.000000 )
(  0.082362 -0.000000  0.037619 -0.000000  0.057185  0.000000 )
( -0.081777 -0.000000 -0.037371 -0.000000 -0.027622 -0.000000 )
(  0.080309 -0.000000 -0.025905  0.000000  0.048200 -0.000000 )
( -0.503643  0.000000 -0.011164  0.000000 -0.288712 -0.000000 )
( -0.080309 -0.000000  0.025905  0.000000 -0.048200 -0.000000 )
(  0.081777 -0.000000  0.037371 -0.000000  0.027622 -0.000000 )
( -0.082362 -0.000000 -0.037619  0.000000 -0.057185  0.000000 )
(  0.079191 -0.000000 -0.037821  0.000000  0.034326  0.000000 )
     freq (  47) =       3.563677 [THz] =     118.871474 [cm-1]
( -0.059965 -0.000000  0.006324  0.000000  0.112398  0.000000 )
( -0.059965 -0.000000  0.006324  0.000000  0.112398  0.000000 )
( -0.046353 -0.000000 -0.009858 -0.000000  0.116348  0.000000 )
( -0.046353  0.000000 -0.009858 -0.000000  0.116348 -0.000000 )
( -0.004275  0.000000  0.005773  0.000000 -0.003202  0.000000 )
(  0.011272  0.000000  0.090028  0.000000 -0.010972  0.000000 )
(  0.009678  0.000000 -0.080247 -0.000000 -0.010566 -0.000000 )
(  0.005434 -0.000000 -0.000687  0.000000 -0.014102 -0.000000 )
(  0.008061 -0.000000  0.085407 -0.000000  0.001063 -0.000000 )
(  0.009678 -0.000000 -0.080247  0.000000 -0.010566  0.000000 )
(  0.005434  0.000000 -0.000687  0.000000 -0.014102  0.000000 )
(  0.011272 -0.000000  0.090028 -0.000000 -0.010972 -0.000000 )
(  0.001461 -0.000000 -0.093951  0.000000 -0.010588 -0.000000 )
( -0.004275  0.000000  0.005773  0.000000 -0.003202 -0.000000 )
(  0.008061  0.000000  0.085407  0.000000  0.001063  0.000000 )
(  0.001461  0.000000 -0.093951 -0.000000 -0.010588 -0.000000 )
( -0.000000  0.000000 -0.000000 -0.000000 -0.000000  0.000000 )
( -0.080006  0.000000  0.003622 -0.000000  0.173060 -0.000000 )
(  0.123816  0.000000  0.008307  0.000000 -0.238882 -0.000000 )
(  0.095065  0.000000 -0.011765  0.000000 -0.180355 -0.000000 )
( -0.137998  0.000000 -0.016446  0.000000  0.233428 -0.000000 )
(  0.027287 -0.000000 -0.012372 -0.000000 -0.001991 -0.000000 )
( -0.137998 -0.000000 -0.016446 -0.000000  0.233428  0.000000 )
(  0.095065 -0.000000 -0.011765 -0.000000 -0.180355 -0.000000 )
(  0.123816  0.000000  0.008307 -0.000000 -0.238882  0.000000 )
( -0.080006 -0.000000  0.003622  0.000000  0.173060 -0.000000 )
(  0.001947  0.000000  0.016837 -0.000000 -0.012190  0.000000 )
( -0.116046  0.000000  0.010577  0.000000  0.200826  0.000000 )
(  0.100779 -0.000000  0.015178 -0.000000 -0.165146  0.000000 )
(  0.148324 -0.000000 -0.006678  0.000000 -0.233218  0.000000 )
( -0.099556 -0.000000  0.002335 -0.000000  0.182852  0.000000 )
( -0.000000  0.000000  0.000000 -0.000000 -0.000000  0.000000 )
( -0.099556  0.000000  0.002335 -0.000000  0.182852 -0.000000 )
(  0.148324 -0.000000 -0.006678 -0.000000 -0.233218 -0.000000 )
(  0.100779 -0.000000  0.015178 -0.000000 -0.165146 -0.000000 )
( -0.116046  0.000000  0.010577  0.000000  0.200826 -0.000000 )
     freq (  48) =       3.580087 [THz] =     119.418853 [cm-1]
(  0.046281 -0.000000  0.029997  0.000000 -0.102203  0.000000 )
( -0.046281 -0.000000 -0.029997 -0.000000  0.102203  0.000000 )
( -0.055291 -0.000000  0.029660 -0.000000  0.122449  0.000000 )
(  0.055291  0.000000 -0.029660  0.000000 -0.122449 -0.000000 )
( -0.006844 -0.000000  0.001140  0.000000  0.011344  0.000000 )
(  0.015356  0.000000  0.071810  0.000000 -0.003523 -0.000000 )
(  0.006674  0.000000 -0.096226  0.000000 -0.019907 -0.000000 )
( -0.003236 -0.000000 -0.022043  0.000000 -0.001395 -0.000000 )
( -0.008527  0.000000 -0.091370  0.000000  0.001579  0.000000 )
( -0.006674  0.000000  0.096226 -0.000000  0.019907  0.000000 )
(  0.003236  0.000000  0.022043 -0.000000  0.001395 -0.000000 )
( -0.015356  0.000000 -0.071810 -0.000000  0.003523 -0.000000 )
( -0.008455 -0.000000  0.068725  0.000000  0.007415  0.000000 )
(  0.006844 -0.000000 -0.001140 -0.000000 -0.011344 -0.000000 )
(  0.008527  0.000000  0.091370  0.000000 -0.001579  0.000000 )
(  0.008455  0.000000 -0.068725 -0.000000 -0.007415  0.000000 )
(  0.015933  0.000000  0.072159  0.000000  0.006565 -0.000000 )
(  0.080713 -0.000000 -0.000930 -0.000000 -0.163359  0.000000 )
(  0.070015  0.000000  0.008146  0.000000 -0.101161 -0.000000 )
(  0.176757 -0.000000 -0.015130 -0.000000 -0.226486 -0.000000 )
(  0.134511 -0.000000  0.017100  0.000000 -0.167714 -0.000000 )
(  0.000000  0.000000  0.000000 -0.000000  0.000000  0.000000 )
( -0.134511 -0.000000 -0.017100 -0.000000  0.167714  0.000000 )
( -0.176757  0.000000  0.015130  0.000000  0.226486 -0.000000 )
( -0.070015  0.000000 -0.008146  0.000000  0.101161 -0.000000 )
( -0.080713 -0.000000  0.000930 -0.000000  0.163359  0.000000 )
(  0.000000 -0.000000  0.000000  0.000000  0.000000 -0.000000 )
( -0.063328 -0.000000  0.020053  0.000000  0.197963 -0.000000 )
( -0.117591 -0.000000 -0.009382 -0.000000  0.264660 -0.000000 )
( -0.098594  0.000000  0.012638 -0.000000  0.203507 -0.000000 )
( -0.152835 -0.000000 -0.002187 -0.000000  0.230070  0.000000 )
(  0.021789  0.000000 -0.073423  0.000000 -0.003173 -0.000000 )
(  0.152835  0.000000  0.002187  0.000000 -0.230070  0.000000 )
(  0.098594  0.000000 -0.012638  0.000000 -0.203507 -0.000000 )
(  0.117591  0.000000  0.009382  0.000000 -0.264660  0.000000 )
(  0.063328  0.000000 -0.020053 -0.000000 -0.197963  0.000000 )
     freq (  49) =       3.690549 [THz] =     123.103479 [cm-1]
( -0.050914 -0.000000  0.110218  0.000000  0.108102 -0.000000 )
(  0.050914  0.000000 -0.110218 -0.000000 -0.108102 -0.000000 )
( -0.031654 -0.000000  0.113157  0.000000  0.067974  0.000000 )
(  0.031654 -0.000000 -0.113157  0.000000 -0.067974 -0.000000 )
( -0.000775 -0.000000 -0.002730 -0.000000 -0.004170  0.000000 )
(  0.012641 -0.000000 -0.084411 -0.000000  0.003448 -0.000000 )
( -0.002191  0.000000 -0.048901 -0.000000 -0.011844 -0.000000 )
( -0.003786 -0.000000 -0.092161  0.000000 -0.000664 -0.000000 )
(  0.013586 -0.000000 -0.045385 -0.000000 -0.005944 -0.000000 )
(  0.002191 -0.000000  0.048901 -0.000000  0.011844  0.000000 )
(  0.003786  0.000000  0.092161 -0.000000  0.000664  0.000000 )
( -0.012641 -0.000000  0.084411  0.000000 -0.003448  0.000000 )
( -0.007947 -0.000000 -0.085050  0.000000 -0.016842 -0.000000 )
(  0.000775  0.000000  0.002730 -0.000000  0.004170 -0.000000 )
( -0.013586  0.000000  0.045385 -0.000000  0.005944  0.000000 )
(  0.007947  0.000000  0.085050  0.000000  0.016842  0.000000 )
( -0.015219  0.000000  0.241963  0.000000  0.040516 -0.000000 )
( -0.157595 -0.000000 -0.021977  0.000000  0.143310  0.000000 )
( -0.037855  0.000000 -0.014506 -0.000000  0.188290  0.000000 )
(  0.154471 -0.000000  0.024864  0.000000  0.209583  0.000000 )
(  0.207158  0.000000 -0.011676  0.000000  0.120738 -0.000000 )
( -0.000000 -0.000000 -0.000000  0.000000 -0.000000  0.000000 )
( -0.207158  0.000000  0.011676  0.000000 -0.120738 -0.000000 )
( -0.154471 -0.000000 -0.024864 -0.000000 -0.209583  0.000000 )
(  0.037855  0.000000  0.014506 -0.000000 -0.188290  0.000000 )
(  0.157595 -0.000000  0.021977 -0.000000 -0.143310 -0.000000 )
(  0.000000  0.000000  0.000000 -0.000000  0.000000 -0.000000 )
(  0.245807 -0.000000 -0.018788 -0.000000  0.038124  0.000000 )
(  0.217012  0.000000  0.023551  0.000000  0.104784 -0.000000 )
(  0.007387 -0.000000 -0.014829  0.000000  0.134897 -0.000000 )
( -0.106637  0.000000 -0.022169  0.000000  0.059482  0.000000 )
(  0.024925  0.000000 -0.254207  0.000000 -0.027336  0.000000 )
(  0.106637  0.000000  0.022169  0.000000 -0.059482  0.000000 )
( -0.007387 -0.000000  0.014829  0.000000 -0.134897  0.000000 )
( -0.217012 -0.000000 -0.023551 -0.000000 -0.104784 -0.000000 )
( -0.245807 -0.000000  0.018788 -0.000000 -0.038124  0.000000 )
     freq (  50) =       3.716565 [THz] =     123.971267 [cm-1]
( -0.029627 -0.000000  0.123359 -0.000000  0.053594  0.000000 )
( -0.029627  0.000000  0.123359  0.000000  0.053594  0.000000 )
(  0.033118 -0.000000 -0.112729 -0.000000 -0.061659  0.000000 )
(  0.033118  0.000000 -0.112729 -0.000000 -0.061659 -0.000000 )
(  0.013384 -0.000000  0.113102  0.000000  0.003323 -0.000000 )
( -0.006714  0.000000 -0.063394  0.000000 -0.019521  0.000000 )
(  0.005128 -0.000000  0.061811 -0.000000  0.016749 -0.000000 )
(  0.002114 -0.000000  0.007868  0.000000 -0.000269 -0.000000 )
( -0.013416 -0.000000  0.050778 -0.000000  0.003181 -0.000000 )
(  0.005128  0.000000  0.061811 -0.000000  0.016749 -0.000000 )
(  0.002114  0.000000  0.007868 -0.000000 -0.000269  0.000000 )
( -0.006714  0.000000 -0.063394 -0.000000 -0.019521  0.000000 )
( -0.027115  0.000000 -0.053783  0.000000 -0.023014  0.000000 )
(  0.013384 -0.000000  0.113102  0.000000  0.003323 -0.000000 )
( -0.013416  0.000000  0.050778  0.000000  0.003181  0.000000 )
( -0.027115  0.000000 -0.053783 -0.000000 -0.023014  0.000000 )
( -0.000000 -0.000000 -0.000000 -0.000000 -0.000000 -0.000000 )
(  0.174106  0.000000  0.060726 -0.000000  0.083167 -0.000000 )
( -0.196051  0.000000  0.008963  0.000000 -0.098238 -0.000000 )
(  0.043576  0.000000 -0.014688  0.000000 -0.183147 -0.000000 )
( -0.138003 -0.000000 -0.001711 -0.000000  0.155381 -0.000000 )
(  0.017774  0.000000 -0.248969  0.000000 -0.026899 -0.000000 )
( -0.138003 -0.000000 -0.001711  0.000000  0.155381  0.000000 )
(  0.043576  0.000000 -0.014688 -0.000000 -0.183147 -0.000000 )
( -0.196051 -0.000000  0.008963  0.000000 -0.098238  0.000000 )
(  0.174106 -0.000000  0.060726  0.000000  0.083167  0.000000 )
( -0.083222  0.000000  0.247714 -0.000000 -0.010741  0.000000 )
(  0.186961 -0.000000 -0.005929 -0.000000 -0.165416  0.000000 )
( -0.051414 -0.000000  0.007973  0.000000  0.201921  0.000000 )
(  0.171063  0.000000 -0.041718 -0.000000  0.117546 -0.000000 )
( -0.187970  0.000000 -0.053250 -0.000000 -0.111410 -0.000000 )
(  0.000000  0.000000  0.000000  0.000000  0.000000  0.000000 )
( -0.187970 -0.000000 -0.053250  0.000000 -0.111410  0.000000 )
(  0.171063 -0.000000 -0.041718 -0.000000  0.117546  0.000000 )
( -0.051414  0.000000  0.007973 -0.000000  0.201921 -0.000000 )
(  0.186961 -0.000000 -0.005929  0.000000 -0.165416  0.000000 )
     freq (  51) =       3.730898 [THz] =     124.449346 [cm-1]
(  0.039628 -0.000000  0.043576 -0.000000 -0.076958 -0.000000 )
( -0.039628  0.000000 -0.043576 -0.000000  0.076958 -0.000000 )
(  0.042286 -0.000000  0.046137  0.000000 -0.096508  0.000000 )
( -0.042286  0.000000 -0.046137  0.000000  0.096508  0.000000 )
(  0.000229  0.000000 -0.003457 -0.000000  0.000012  0.000000 )
(  0.012844 -0.000000  0.023166  0.000000 -0.016231 -0.000000 )
( -0.000667  0.000000  0.041478 -0.000000 -0.014560  0.000000 )
(  0.001845  0.000000 -0.066548  0.000000 -0.004149  0.000000 )
(  0.010506  0.000000  0.040912 -0.000000 -0.012196  0.000000 )
(  0.000667  0.000000 -0.041478 -0.000000  0.014560  0.000000 )
( -0.001845  0.000000  0.066548 -0.000000  0.004149 -0.000000 )
( -0.012844 -0.000000 -0.023166  0.000000  0.016231 -0.000000 )
(  0.000324 -0.000000  0.023619  0.000000 -0.022568 -0.000000 )
( -0.000229  0.000000  0.003457 -0.000000 -0.000012  0.000000 )
( -0.010506  0.000000 -0.040912  0.000000  0.012196  0.000000 )
( -0.000324 -0.000000 -0.023619  0.000000  0.022568 -0.000000 )
(  0.003149 -0.000000  0.067701 -0.000000 -0.026303  0.000000 )
( -0.119927 -0.000000  0.085455  0.000000  0.206261 -0.000000 )
( -0.122212  0.000000  0.081843 -0.000000  0.196458 -0.000000 )
( -0.061337  0.000000 -0.198267  0.000000 -0.116418  0.000000 )
( -0.159765  0.000000  0.194369 -0.000000  0.044202  0.000000 )
(  0.000000  0.000000  0.000000  0.000000  0.000000  0.000000 )
(  0.159765 -0.000000 -0.194369  0.000000 -0.044202  0.000000 )
(  0.061337 -0.000000  0.198267 -0.000000  0.116418  0.000000 )
(  0.122212 -0.000000 -0.081843 -0.000000 -0.196458  0.000000 )
(  0.119927 -0.000000 -0.085455  0.000000 -0.206261  0.000000 )
( -0.000000 -0.000000 -0.000000 -0.000000 -0.000000 -0.000000 )
( -0.134999  0.000000  0.200997 -0.000000  0.019628 -0.000000 )
( -0.033166  0.000000 -0.191750  0.000000 -0.164338 -0.000000 )
( -0.098348 -0.000000  0.078865  0.000000  0.172511 -0.000000 )
( -0.089298  0.000000  0.087208 -0.000000  0.172844 -0.000000 )
(  0.000342 -0.000000 -0.074388  0.000000  0.023517  0.000000 )
(  0.089298 -0.000000 -0.087208  0.000000 -0.172844  0.000000 )
(  0.098348 -0.000000 -0.078865  0.000000 -0.172511 -0.000000 )
(  0.033166  0.000000  0.191750 -0.000000  0.164338 -0.000000 )
(  0.134999  0.000000 -0.200997  0.000000 -0.019628 -0.000000 )
     freq (  52) =       3.733325 [THz] =     124.530316 [cm-1]
( -0.019357  0.000000 -0.005899  0.000000 -0.020400 -0.000000 )
( -0.019357 -0.000000 -0.005899 -0.000000 -0.020400  0.000000 )
(  0.008506  0.000000  0.023981  0.000000  0.014098 -0.000000 )
(  0.008506 -0.000000  0.023981 -0.000000  0.014098  0.000000 )
(  0.077992  0.000000 -0.014176 -0.000000  0.044240 -0.000000 )
( -0.162306 -0.000000  0.006389  0.000000 -0.140027 -0.000000 )
(  0.012466 -0.000000 -0.007540  0.000000  0.025297 -0.000000 )
(  0.010272 -0.000000  0.004278 -0.000000  0.005861 -0.000000 )
(  0.022579 -0.000000 -0.002557  0.000000  0.004129 -0.000000 )
(  0.012466  0.000000 -0.007540 -0.000000  0.025297  0.000000 )
(  0.010272  0.000000  0.004278  0.000000  0.005861  0.000000 )
( -0.162306  0.000000  0.006389 -0.000000 -0.140027  0.000000 )
( -0.194464 -0.000000  0.012369  0.000000 -0.073959 -0.000000 )
(  0.077992 -0.000000 -0.014176 -0.000000  0.044240  0.000000 )
(  0.022579  0.000000 -0.002557 -0.000000  0.004129  0.000000 )
( -0.194464  0.000000  0.012369 -0.000000 -0.073959  0.000000 )
( -0.000000 -0.000000 -0.000000  0.000000 -0.000000 -0.000000 )
( -0.100298 -0.000000  0.188674  0.000000 -0.070207  0.000000 )
( -0.077097 -0.000000 -0.183188  0.000000 -0.016872  0.000000 )
(  0.023377 -0.000000 -0.013898 -0.000000  0.167236 -0.000000 )
(  0.029843 -0.000000  0.003761  0.000000  0.118121  0.000000 )
(  0.033988  0.000000  0.026433  0.000000  0.028167  0.000000 )
(  0.029843  0.000000  0.003761 -0.000000  0.118121 -0.000000 )
(  0.023377  0.000000 -0.013898  0.000000  0.167236  0.000000 )
( -0.077097  0.000000 -0.183188 -0.000000 -0.016872 -0.000000 )
( -0.100298  0.000000  0.188674 -0.000000 -0.070207 -0.000000 )
( -0.554690 -0.000000 -0.033745 -0.000000 -0.333222 -0.000000 )
(  0.123448 -0.000000  0.003932  0.000000 -0.028648  0.000000 )
(  0.116684  0.000000  0.017163 -0.000000 -0.089443 -0.000000 )
( -0.066397 -0.000000  0.067870  0.000000 -0.064054  0.000000 )
( -0.029493 -0.000000 -0.044149  0.000000 -0.000762  0.000000 )
(  0.000000  0.000000  0.000000 -0.000000  0.000000  0.000000 )
( -0.029493  0.000000 -0.044149 -0.000000 -0.000762 -0.000000 )
( -0.066397  0.000000  0.067870 -0.000000 -0.064054 -0.000000 )
(  0.116684  0.000000  0.017163  0.000000 -0.089443  0.000000 )
(  0.123448  0.000000  0.003932 -0.000000 -0.028648  0.000000 )
     freq (  53) =       3.778830 [THz] =     126.048215 [cm-1]
( -0.013274  0.000000 -0.003957  0.000000 -0.009929  0.000000 )
(  0.013274 -0.000000  0.003957  0.000000  0.009929  0.000000 )
( -0.017314  0.000000 -0.001382  0.000000 -0.006942  0.000000 )
(  0.017314  0.000000  0.001382  0.000000  0.006942 -0.000000 )
( -0.001490  0.000000 -0.002716  0.000000  0.006820  0.000000 )
( -0.124166 -0.000000 -0.000040 -0.000000 -0.090681 -0.000000 )
( -0.118831 -0.000000  0.001651  0.000000 -0.069578 -0.000000 )
( -0.097318  0.000000  0.002293 -0.000000 -0.055650  0.000000 )
( -0.105676 -0.000000 -0.002965  0.000000 -0.044918 -0.000000 )
(  0.118831  0.000000 -0.001651  0.000000  0.069578  0.000000 )
(  0.097318  0.000000 -0.002293  0.000000  0.055650  0.000000 )
(  0.124166 -0.000000  0.000040 -0.000000  0.090681 -0.000000 )
( -0.105140 -0.000000  0.000628 -0.000000 -0.064009 -0.000000 )
(  0.001490  0.000000  0.002716  0.000000 -0.006820  0.000000 )
(  0.105676  0.000000  0.002965  0.000000  0.044918 -0.000000 )
(  0.105140 -0.000000 -0.000628 -0.000000  0.064009 -0.000000 )
( -0.418798  0.000000 -0.004484  0.000000 -0.259249  0.000000 )
( -0.082571 -0.000000 -0.017689  0.000000  0.087670 -0.000000 )
(  0.059051 -0.000000  0.035291 -0.000000 -0.113552 -0.000000 )
(  0.028454  0.000000  0.188273  0.000000 -0.012319  0.000000 )
( -0.000075  0.000000  0.182560 -0.000000 -0.044197  0.000000 )
( -0.000000 -0.000000  0.000000 -0.000000 -0.000000 -0.000000 )
(  0.000075  0.000000 -0.182560 -0.000000  0.044197  0.000000 )
( -0.028454  0.000000 -0.188273 -0.000000  0.012319  0.000000 )
( -0.059051 -0.000000 -0.035291 -0.000000  0.113552 -0.000000 )
(  0.082571 -0.000000  0.017689  0.000000 -0.087670 -0.000000 )
(  0.000000 -0.000000 -0.000000  0.000000  0.000000 -0.000000 )
( -0.029705  0.000000  0.193016  0.000000 -0.039319  0.000000 )
(  0.062318  0.000000  0.203834 -0.000000 -0.008029 -0.000000 )
(  0.033091 -0.000000  0.013377  0.000000 -0.124648  0.000000 )
( -0.063755 -0.000000 -0.029424  0.000000  0.093582 -0.000000 )
(  0.334971  0.000000  0.002352 -0.000000  0.192618  0.000000 )
(  0.063755 -0.000000  0.029424  0.000000 -0.093582 -0.000000 )
( -0.033091 -0.000000 -0.013377  0.000000  0.124648 -0.000000 )
( -0.062318  0.000000 -0.203834 -0.000000  0.008029 -0.000000 )
(  0.029705 -0.000000 -0.193016  0.000000  0.039319 -0.000000 )
     freq (  54) =       3.809657 [THz] =     127.076478 [cm-1]
( -0.032245 -0.000000 -0.011009  0.000000  0.070727  0.000000 )
( -0.032245 -0.000000 -0.011009  0.000000  0.070727  0.000000 )
(  0.038077 -0.000000  0.013340  0.000000 -0.074081 -0.000000 )
(  0.038077  0.000000  0.013340  0.000000 -0.074081  0.000000 )
( -0.001067 -0.000000 -0.030664 -0.000000  0.008006  0.000000 )
( -0.032442 -0.000000 -0.043744 -0.000000  0.029936 -0.000000 )
(  0.008275 -0.000000  0.044136 -0.000000 -0.039921 -0.000000 )
( -0.004163 -0.000000 -0.011785  0.000000 -0.001595 -0.000000 )
(  0.030754 -0.000000  0.040901 -0.000000 -0.030365 -0.000000 )
(  0.008275  0.000000  0.044136  0.000000 -0.039921  0.000000 )
( -0.004163  0.000000 -0.011785 -0.000000 -0.001595  0.000000 )
( -0.032442  0.000000 -0.043744 -0.000000  0.029936  0.000000 )
( -0.015264 -0.000000 -0.046485 -0.000000  0.034990 -0.000000 )
( -0.001067 -0.000000 -0.030664 -0.000000  0.008006 -0.000000 )
(  0.030754  0.000000  0.040901  0.000000 -0.030365 -0.000000 )
( -0.015264  0.000000 -0.046485 -0.000000  0.034990  0.000000 )
(  0.000000 -0.000000 -0.000000 -0.000000  0.000000 -0.000000 )
(  0.189269  0.000000 -0.155499 -0.000000 -0.044696 -0.000000 )
( -0.060050  0.000000 -0.175549 -0.000000 -0.187441 -0.000000 )
( -0.101887 -0.000000  0.136474  0.000000  0.132884  0.000000 )
(  0.034339  0.000000 -0.162894  0.000000 -0.152343 -0.000000 )
(  0.018055  0.000000 -0.000492  0.000000 -0.040887 -0.000000 )
(  0.034339 -0.000000 -0.162894 -0.000000 -0.152343  0.000000 )
( -0.101887 -0.000000  0.136474 -0.000000  0.132884  0.000000 )
( -0.060050 -0.000000 -0.175549 -0.000000 -0.187441  0.000000 )
(  0.189269  0.000000 -0.155499  0.000000 -0.044696 -0.000000 )
( -0.050468 -0.000000  0.001524 -0.000000  0.064776 -0.000000 )
( -0.055820  0.000000  0.137909  0.000000  0.156626 -0.000000 )
(  0.123547  0.000000 -0.141798  0.000000 -0.107685  0.000000 )
(  0.103952  0.000000  0.170028 -0.000000  0.177924 -0.000000 )
( -0.208921 -0.000000  0.169575 -0.000000  0.000010  0.000000 )
( -0.000000  0.000000  0.000000  0.000000 -0.000000  0.000000 )
( -0.208921  0.000000  0.169575  0.000000  0.000010 -0.000000 )
(  0.103952  0.000000  0.170028  0.000000  0.177924  0.000000 )
(  0.123547 -0.000000 -0.141798 -0.000000 -0.107685 -0.000000 )
( -0.055820  0.000000  0.137909 -0.000000  0.156626  0.000000 )
     freq (  55) =       4.015750 [THz] =     133.951004 [cm-1]
( -0.044135 -0.000000  0.022997  0.000000  0.097009  0.000000 )
( -0.044135  0.000000  0.022997 -0.000000  0.097009 -0.000000 )
(  0.040276  0.000000 -0.023065  0.000000 -0.073891  0.000000 )
(  0.040276  0.000000 -0.023065 -0.000000 -0.073891 -0.000000 )
(  0.017210  0.000000 -0.025029 -0.000000 -0.029195 -0.000000 )
(  0.076069  0.000000 -0.033961 -0.000000 -0.064273 -0.000000 )
( -0.020525 -0.000000  0.033892 -0.000000  0.092913 -0.000000 )
(  0.001514 -0.000000 -0.006010  0.000000  0.015677  0.000000 )
( -0.072313  0.000000  0.033281 -0.000000  0.060875 -0.000000 )
( -0.020525 -0.000000  0.033892  0.000000  0.092913  0.000000 )
(  0.001514  0.000000 -0.006010 -0.000000  0.015677  0.000000 )
(  0.076069 -0.000000 -0.033961  0.000000 -0.064273  0.000000 )
(  0.021371  0.000000 -0.038842 -0.000000 -0.091648 -0.000000 )
(  0.017210 -0.000000 -0.025029 -0.000000 -0.029195 -0.000000 )
( -0.072313 -0.000000  0.033281  0.000000  0.060875  0.000000 )
(  0.021371 -0.000000 -0.038842  0.000000 -0.091648  0.000000 )
( -0.000000  0.000000 -0.000000  0.000000  0.000000 -0.000000 )
(  0.047283  0.000000 -0.107684  0.000000  0.101045  0.000000 )
( -0.099441 -0.000000 -0.094285  0.000000  0.009199 -0.000000 )
(  0.120189  0.000000 -0.243456  0.000000  0.116813  0.000000 )
(  0.177468  0.000000  0.220663 -0.000000 -0.000954  0.000000 )
( -0.070750 -0.000000 -0.016587 -0.000000  0.114585  0.000000 )
(  0.177468 -0.000000  0.220663  0.000000 -0.000954 -0.000000 )
(  0.120189 -0.000000 -0.243456 -0.000000  0.116813  0.000000 )
( -0.099441  0.000000 -0.094285 -0.000000  0.009199  0.000000 )
(  0.047283 -0.000000 -0.107684 -0.000000  0.101045 -0.000000 )
(  0.094639 -0.000000  0.018064 -0.000000 -0.142169 -0.000000 )
( -0.173946 -0.000000 -0.214946 -0.000000 -0.040969  0.000000 )
( -0.096795 -0.000000  0.213985  0.000000 -0.158888  0.000000 )
(  0.092677 -0.000000  0.108869  0.000000  0.050311 -0.000000 )
( -0.088159  0.000000  0.106755  0.000000 -0.040851 -0.000000 )
(  0.000000 -0.000000  0.000000 -0.000000 -0.000000  0.000000 )
( -0.088159 -0.000000  0.106755 -0.000000 -0.040851 -0.000000 )
(  0.092677  0.000000  0.108869 -0.000000  0.050311  0.000000 )
( -0.096795 -0.000000  0.213985 -0.000000 -0.158888 -0.000000 )
( -0.173946 -0.000000 -0.214946  0.000000 -0.040969 -0.000000 )
     freq (  56) =       4.054197 [THz] =     135.233455 [cm-1]
(  0.033747  0.000000 -0.037265 -0.000000 -0.059203 -0.000000 )
( -0.033747  0.000000  0.037265 -0.000000  0.059203 -0.000000 )
(  0.032618 -0.000000 -0.033878  0.000000 -0.069423  0.000000 )
( -0.032618 -0.000000  0.033878  0.000000  0.069423  0.000000 )
( -0.002823 -0.000000 -0.000752  0.000000  0.003653  0.000000 )
( -0.085800 -0.000000  0.022168  0.000000  0.065422  0.000000 )
(  0.000355  0.000000  0.024220 -0.000000  0.080848 -0.000000 )
(  0.009576  0.000000 -0.015342  0.000000 -0.014887 -0.000000 )
( -0.076792  0.000000  0.022900 -0.000000  0.038950 -0.000000 )
( -0.000355  0.000000 -0.024220 -0.000000 -0.080848 -0.000000 )
( -0.009576 -0.000000  0.015342  0.000000  0.014887 -0.000000 )
(  0.085800 -0.000000 -0.022168  0.000000 -0.065422  0.000000 )
( -0.019783 -0.000000  0.022914  0.000000  0.108776  0.000000 )
(  0.002823 -0.000000  0.000752  0.000000 -0.003653  0.000000 )
(  0.076792  0.000000 -0.022900 -0.000000 -0.038950 -0.000000 )
(  0.019783  0.000000 -0.022914  0.000000 -0.108776  0.000000 )
( -0.058638 -0.000000 -0.020226 -0.000000  0.124858 -0.000000 )
( -0.173104 -0.000000 -0.240708  0.000000 -0.081171 -0.000000 )
(  0.145157  0.000000 -0.246918  0.000000  0.123802 -0.000000 )
( -0.065222 -0.000000 -0.077472  0.000000 -0.009726 -0.000000 )
( -0.030713 -0.000000  0.048370 -0.000000 -0.039893 -0.000000 )
( -0.000000  0.000000 -0.000000  0.000000 -0.000000 -0.000000 )
(  0.030713 -0.000000 -0.048370 -0.000000  0.039893  0.000000 )
(  0.065222 -0.000000  0.077472  0.000000  0.009726 -0.000000 )
( -0.145157  0.000000  0.246918  0.000000 -0.123802  0.000000 )
(  0.173104 -0.000000  0.240708  0.000000  0.081171 -0.000000 )
( -0.000000 -0.000000  0.000000 -0.000000  0.000000  0.000000 )
( -0.031403  0.000000  0.080306  0.000000 -0.062709  0.000000 )
( -0.062454  0.000000 -0.048374 -0.000000  0.009225  0.000000 )
(  0.150715 -0.000000 -0.263962  0.000000  0.104843  0.000000 )
( -0.170025  0.000000 -0.256527 -0.000000 -0.060961 -0.000000 )
(  0.093537  0.000000  0.019357  0.000000 -0.105352 -0.000000 )
(  0.170025  0.000000  0.256527 -0.000000  0.060961  0.000000 )
( -0.150715  0.000000  0.263962 -0.000000 -0.104843 -0.000000 )
(  0.062454  0.000000  0.048374 -0.000000 -0.009225  0.000000 )
(  0.031403  0.000000 -0.080306  0.000000  0.062709 -0.000000 )
     freq (  57) =       4.207542 [THz] =     140.348504 [cm-1]
( -0.089122 -0.000000  0.001548  0.000000 -0.036390 -0.000000 )
( -0.089122 -0.000000  0.001548 -0.000000 -0.036390 -0.000000 )
( -0.080857 -0.000000  0.016764 -0.000000 -0.052405  0.000000 )
( -0.080857 -0.000000  0.016764  0.000000 -0.052405 -0.000000 )
(  0.029065 -0.000000 -0.002953  0.000000  0.010719 -0.000000 )
( -0.031961 -0.000000  0.006028  0.000000  0.052256 -0.000000 )
( -0.003592 -0.000000  0.006026 -0.000000 -0.045384 -0.000000 )
( -0.146820 -0.000000  0.030160  0.000000 -0.071771 -0.000000 )
( -0.045402 -0.000000  0.013110  0.000000  0.027381  0.000000 )
( -0.003592  0.000000  0.006026  0.000000 -0.045384 -0.000000 )
( -0.146820 -0.000000  0.030160  0.000000 -0.071771 -0.000000 )
( -0.031961  0.000000  0.006028  0.000000  0.052256  0.000000 )
(  0.029314 -0.000000  0.009322 -0.000000 -0.057134 -0.000000 )
(  0.029065  0.000000 -0.002953 -0.000000  0.010719  0.000000 )
( -0.045402  0.000000  0.013110 -0.000000  0.027381  0.000000 )
(  0.029314  0.000000  0.009322  0.000000 -0.057134 -0.000000 )
( -0.000000 -0.000000  0.000000  0.000000 -0.000000 -0.000000 )
(  0.071044  0.000000  0.213591 -0.000000  0.096847 -0.000000 )
(  0.075005 -0.000000 -0.254415 -0.000000  0.074352  0.000000 )
(  0.049432 -0.000000  0.202096  0.000000  0.007404 -0.000000 )
(  0.067706  0.000000 -0.098099 -0.000000  0.009164 -0.000000 )
(  0.019458  0.000000 -0.007222 -0.000000  0.021927  0.000000 )
(  0.067706 -0.000000 -0.098099 -0.000000  0.009164 -0.000000 )
(  0.049432  0.000000  0.202096 -0.000000  0.007404  0.000000 )
(  0.075005  0.000000 -0.254415 -0.000000  0.074352  0.000000 )
(  0.071044 -0.000000  0.213591  0.000000  0.096847  0.000000 )
(  0.118215 -0.000000 -0.017446 -0.000000  0.084379  0.000000 )
(  0.090005  0.000000 -0.152177 -0.000000  0.024041  0.000000 )
(  0.099859 -0.000000  0.198238 -0.000000  0.011191 -0.000000 )
(  0.105449 -0.000000 -0.255355  0.000000  0.076596  0.000000 )
(  0.117785  0.000000  0.229920  0.000000  0.067909 -0.000000 )
(  0.000000  0.000000  0.000000  0.000000  0.000000  0.000000 )
(  0.117785 -0.000000  0.229920  0.000000  0.067909  0.000000 )
(  0.105449  0.000000 -0.255355 -0.000000  0.076596 -0.000000 )
(  0.099859  0.000000  0.198238  0.000000  0.011191  0.000000 )
(  0.090005 -0.000000 -0.152177  0.000000  0.024041 -0.000000 )
     freq (  58) =       4.219534 [THz] =     140.748494 [cm-1]
(  0.028608 -0.000000  0.004414  0.000000  0.000947 -0.000000 )
( -0.028608 -0.000000 -0.004414  0.000000 -0.000947 -0.000000 )
(  0.027667 -0.000000  0.008736 -0.000000  0.023910 -0.000000 )
( -0.027667 -0.000000 -0.008736  0.000000 -0.023910  0.000000 )
(  0.010424  0.000000 -0.004716 -0.000000 -0.003491  0.000000 )
( -0.032652 -0.000000  0.024077  0.000000 -0.098861  0.000000 )
( -0.094419 -0.000000 -0.019947  0.000000 -0.002230 -0.000000 )
(  0.042377 -0.000000 -0.001564  0.000000  0.023970 -0.000000 )
( -0.062424  0.000000  0.019020 -0.000000 -0.087366  0.000000 )
(  0.094419  0.000000  0.019947 -0.000000  0.002230 -0.000000 )
( -0.042377 -0.000000  0.001564  0.000000 -0.023970 -0.000000 )
(  0.032652  0.000000 -0.024077  0.000000  0.098861  0.000000 )
( -0.101784  0.000000 -0.022654  0.000000  0.025281 -0.000000 )
( -0.010424 -0.000000  0.004716  0.000000  0.003491 -0.000000 )
(  0.062424 -0.000000 -0.019020  0.000000  0.087366 -0.000000 )
(  0.101784 -0.000000  0.022654  0.000000 -0.025281 -0.000000 )
( -0.249318  0.000000  0.003475 -0.000000 -0.145500  0.000000 )
(  0.072698 -0.000000 -0.107525  0.000000 -0.156396  0.000000 )
( -0.113987  0.000000  0.112006 -0.000000  0.141934 -0.000000 )
( -0.155798  0.000000 -0.097488  0.000000 -0.090180  0.000000 )
(  0.201116 -0.000000 -0.085158 -0.000000 -0.009807 -0.000000 )
( -0.000000  0.000000 -0.000000 -0.000000 -0.000000  0.000000 )
( -0.201116  0.000000  0.085158 -0.000000  0.009807  0.000000 )
(  0.155798 -0.000000  0.097488  0.000000  0.090180 -0.000000 )
(  0.113987 -0.000000 -0.112006 -0.000000 -0.141934  0.000000 )
( -0.072698  0.000000  0.107525  0.000000  0.156396 -0.000000 )
(  0.000000  0.000000  0.000000 -0.000000 -0.000000  0.000000 )
(  0.122624  0.000000 -0.089601  0.000000  0.039890  0.000000 )
( -0.063085 -0.000000 -0.086321  0.000000 -0.122728  0.000000 )
( -0.163747  0.000000  0.086470 -0.000000  0.181879 -0.000000 )
(  0.109788 -0.000000 -0.120034  0.000000 -0.206018  0.000000 )
(  0.243903 -0.000000 -0.000841  0.000000  0.176380 -0.000000 )
( -0.109788  0.000000  0.120034  0.000000  0.206018 -0.000000 )
(  0.163747 -0.000000 -0.086470 -0.000000 -0.181879  0.000000 )
(  0.063085  0.000000  0.086321  0.000000  0.122728  0.000000 )
( -0.122624  0.000000  0.089601 -0.000000 -0.039890 -0.000000 )
     freq (  59) =       4.248125 [THz] =     141.702213 [cm-1]
( -0.024893  0.000000 -0.066770 -0.000000  0.052870  0.000000 )
( -0.024893 -0.000000 -0.066770 -0.000000  0.052870  0.000000 )
(  0.052141  0.000000  0.069015  0.000000 -0.055218  0.000000 )
(  0.052141  0.000000  0.069015  0.000000 -0.055218 -0.000000 )
(  0.058103  0.000000 -0.021425 -0.000000  0.036933  0.000000 )
(  0.067067  0.000000 -0.023143 -0.000000  0.056046  0.000000 )
( -0.045916 -0.000000 -0.009840 -0.000000  0.039766  0.000000 )
(  0.036664  0.000000 -0.005618 -0.000000 -0.003334  0.000000 )
( -0.063135  0.000000  0.022083  0.000000 -0.058683 -0.000000 )
( -0.045916 -0.000000 -0.009840 -0.000000  0.039766  0.000000 )
(  0.036664  0.000000 -0.005618 -0.000000 -0.003334  0.000000 )
(  0.067067  0.000000 -0.023143 -0.000000  0.056046  0.000000 )
(  0.057329  0.000000  0.005328  0.000000 -0.023290 -0.000000 )
(  0.058103  0.000000 -0.021425 -0.000000  0.036933  0.000000 )
( -0.063135 -0.000000  0.022083  0.000000 -0.058683 -0.000000 )
(  0.057329 -0.000000  0.005328  0.000000 -0.023290 -0.000000 )
(  0.000000 -0.000000 -0.000000 -0.000000  0.000000  0.000000 )
( -0.179147 -0.000000  0.006111 -0.000000  0.092670  0.000000 )
( -0.156091 -0.000000 -0.076087 -0.000000  0.005110 -0.000000 )
( -0.262984  0.000000 -0.002620 -0.000000  0.063790  0.000000 )
( -0.178805 -0.000000  0.166781  0.000000  0.018766 -0.000000 )
( -0.091123 -0.000000  0.017580  0.000000 -0.215785 -0.000000 )
( -0.178805  0.000000  0.166781  0.000000  0.018766  0.000000 )
( -0.262984 -0.000000 -0.002620 -0.000000  0.063790 -0.000000 )
( -0.156091 -0.000000 -0.076087  0.000000  0.005110  0.000000 )
( -0.179147 -0.000000  0.006111  0.000000  0.092670  0.000000 )
(  0.112450  0.000000 -0.016692 -0.000000  0.183093  0.000000 )
(  0.140968  0.000000 -0.147155 -0.000000  0.031450  0.000000 )
(  0.237757  0.000000 -0.041993 -0.000000 -0.028434 -0.000000 )
(  0.142811  0.000000  0.135078  0.000000 -0.064753  0.000000 )
(  0.155231  0.000000 -0.042450 -0.000000 -0.160749 -0.000000 )
(  0.000000 -0.000000 -0.000000  0.000000  0.000000 -0.000000 )
(  0.155231  0.000000 -0.042450 -0.000000 -0.160749  0.000000 )
(  0.142811  0.000000  0.135078  0.000000 -0.064753 -0.000000 )
(  0.237757  0.000000 -0.041993 -0.000000 -0.028434  0.000000 )
(  0.140968  0.000000 -0.147155 -0.000000  0.031450 -0.000000 )
     freq (  60) =       4.252123 [THz] =     141.835548 [cm-1]
( -0.051614 -0.000000 -0.064537  0.000000  0.076445  0.000000 )
( -0.051614 -0.000000 -0.064537 -0.000000  0.076445 -0.000000 )
(  0.010680  0.000000  0.052469 -0.000000 -0.002216 -0.000000 )
(  0.010680 -0.000000  0.052469 -0.000000 -0.002216  0.000000 )
( -0.062811  0.000000 -0.016247  0.000000 -0.030974  0.000000 )
( -0.002100  0.000000  0.017364 -0.000000 -0.057196  0.000000 )
(  0.053110 -0.000000  0.023085 -0.000000  0.006271 -0.000000 )
( -0.020986 -0.000000 -0.002619  0.000000  0.039363 -0.000000 )
(  0.010797 -0.000000 -0.014909  0.000000  0.040514 -0.000000 )
(  0.053110 -0.000000  0.023085 -0.000000  0.006271 -0.000000 )
( -0.020986  0.000000 -0.002619  0.000000  0.039363  0.000000 )
( -0.002100  0.000000  0.017364  0.000000 -0.057196  0.000000 )
( -0.080439  0.000000 -0.026907  0.000000 -0.008115 -0.000000 )
( -0.062811  0.000000 -0.016247  0.000000 -0.030974 -0.000000 )
(  0.010797  0.000000 -0.014909  0.000000  0.040514 -0.000000 )
( -0.080439  0.000000 -0.026907  0.000000 -0.008115 -0.000000 )
(  0.000000  0.000000 -0.000000 -0.000000  0.000000 -0.000000 )
(  0.022881  0.000000 -0.094737  0.000000  0.203515 -0.000000 )
( -0.049086 -0.000000  0.041496 -0.000000  0.291083  0.000000 )
( -0.024597 -0.000000 -0.185403  0.000000 -0.207397  0.000000 )
( -0.056348  0.000000 -0.073207  0.000000 -0.313054  0.000000 )
(  0.143610 -0.000000  0.016859 -0.000000  0.030331 -0.000000 )
( -0.056348  0.000000 -0.073207  0.000000 -0.313054  0.000000 )
( -0.024597  0.000000 -0.185403  0.000000 -0.207397  0.000000 )
( -0.049086  0.000000  0.041496 -0.000000  0.291083 -0.000000 )
(  0.022881 -0.000000 -0.094737  0.000000  0.203515  0.000000 )
( -0.239099  0.000000 -0.014639 -0.000000  0.050030  0.000000 )
(  0.142032  0.000000  0.102034 -0.000000  0.102673 -0.000000 )
(  0.106347 -0.000000  0.142402 -0.000000  0.002692  0.000000 )
(  0.019829  0.000000 -0.011257 -0.000000 -0.105441  0.000000 )
( -0.071203  0.000000  0.078032 -0.000000  0.019935  0.000000 )
(  0.000000  0.000000 -0.000000 -0.000000  0.000000 -0.000000 )
( -0.071203  0.000000  0.078032 -0.000000  0.019935 -0.000000 )
(  0.019829 -0.000000 -0.011257  0.000000 -0.105441  0.000000 )
(  0.106347  0.000000  0.142402 -0.000000  0.002692 -0.000000 )
(  0.142032 -0.000000  0.102034 -0.000000  0.102673 -0.000000 )
     freq (  61) =       4.254199 [THz] =     141.904819 [cm-1]
( -0.011749  0.000000 -0.038838  0.000000 -0.025444  0.000000 )
(  0.011749  0.000000  0.038838 -0.000000  0.025444 -0.000000 )
(  0.016563  0.000000  0.042016 -0.000000  0.030847 -0.000000 )
( -0.016563 -0.000000 -0.042016 -0.000000 -0.030847  0.000000 )
(  0.078176 -0.000000 -0.000113  0.000000  0.027259 -0.000000 )
(  0.048317 -0.000000 -0.003551  0.000000  0.068890 -0.000000 )
(  0.087798  0.000000  0.002070  0.000000  0.007626  0.000000 )
(  0.003195  0.000000  0.000570 -0.000000 -0.020437  0.000000 )
( -0.032125  0.000000 -0.005993 -0.000000 -0.065407  0.000000 )
( -0.087798 -0.000000 -0.002070 -0.000000 -0.007626 -0.000000 )
( -0.003195  0.000000 -0.000570  0.000000  0.020437  0.000000 )
( -0.048317 -0.000000  0.003551  0.000000 -0.068890 -0.000000 )
( -0.057570 -0.000000  0.005586 -0.000000 -0.011218  0.000000 )
( -0.078176  0.000000  0.000113  0.000000 -0.027259 -0.000000 )
(  0.032125  0.000000  0.005993 -0.000000  0.065407  0.000000 )
(  0.057570 -0.000000 -0.005586 -0.000000  0.011218  0.000000 )
(  0.209662  0.000000 -0.004236  0.000000  0.119115 -0.000000 )
( -0.072986  0.000000  0.140205 -0.000000  0.016111 -0.000000 )
(  0.111873 -0.000000  0.115098 -0.000000 -0.000429  0.000000 )
( -0.234836  0.000000 -0.081971  0.000000 -0.086779 -0.000000 )
(  0.239903  0.000000 -0.050362  0.000000  0.115407  0.000000 )
( -0.000000  0.000000 -0.000000 -0.000000  0.000000  0.000000 )
( -0.239903  0.000000  0.050362 -0.000000 -0.115407 -0.000000 )
(  0.234836  0.000000  0.081971 -0.000000  0.086779  0.000000 )
( -0.111873  0.000000 -0.115098  0.000000  0.000429 -0.000000 )
(  0.072986 -0.000000 -0.140205 -0.000000 -0.016111  0.000000 )
(  0.000000 -0.000000  0.000000  0.000000 -0.000000 -0.000000 )
( -0.275615  0.000000  0.057464  0.000000 -0.098171 -0.000000 )
(  0.240004 -0.000000  0.093958 -0.000000  0.126548  0.000000 )
( -0.105319 -0.000000 -0.158994  0.000000 -0.032063 -0.000000 )
(  0.095426 -0.000000 -0.073545  0.000000  0.031339  0.000000 )
(  0.138165 -0.000000 -0.005854 -0.000000  0.118737 -0.000000 )
( -0.095426 -0.000000  0.073545 -0.000000 -0.031339 -0.000000 )
(  0.105319 -0.000000  0.158994 -0.000000  0.032063  0.000000 )
( -0.240004 -0.000000 -0.093958  0.000000 -0.126548 -0.000000 )
(  0.275615 -0.000000 -0.057464  0.000000  0.098171  0.000000 )
     freq (  62) =       4.265346 [THz] =     142.276634 [cm-1]
( -0.067134 -0.000000  0.005220 -0.000000  0.062069  0.000000 )
(  0.067134  0.000000 -0.005220  0.000000 -0.062069 -0.000000 )
(  0.066818  0.000000  0.013520 -0.000000 -0.079086 -0.000000 )
( -0.066818  0.000000 -0.013520  0.000000  0.079086  0.000000 )
( -0.073913 -0.000000  0.004394 -0.000000  0.084306  0.000000 )
(  0.015639  0.000000 -0.004153  0.000000 -0.025934 -0.000000 )
(  0.022498  0.000000  0.001429  0.000000 -0.000026 -0.000000 )
( -0.007319 -0.000000 -0.002916  0.000000 -0.008086 -0.000000 )
( -0.026700  0.000000  0.014691 -0.000000  0.009642 -0.000000 )
( -0.022498 -0.000000 -0.001429  0.000000  0.000026  0.000000 )
(  0.007319 -0.000000  0.002916 -0.000000  0.008086  0.000000 )
( -0.015639 -0.000000  0.004153  0.000000  0.025934 -0.000000 )
( -0.035968 -0.000000 -0.011401 -0.000000  0.005813 -0.000000 )
(  0.073913 -0.000000 -0.004394  0.000000 -0.084306 -0.000000 )
(  0.026700 -0.000000 -0.014691 -0.000000 -0.009642  0.000000 )
(  0.035968  0.000000  0.011401  0.000000 -0.005813  0.000000 )
(  0.064363  0.000000  0.004866 -0.000000 -0.122994  0.000000 )
(  0.139341  0.000000 -0.042096  0.000000 -0.201452 -0.000000 )
( -0.165263  0.000000  0.012684  0.000000  0.225299  0.000000 )
(  0.005403  0.000000  0.042522 -0.000000 -0.196512 -0.000000 )
( -0.014014 -0.000000  0.052124 -0.000000  0.214124  0.000000 )
( -0.000000  0.000000 -0.000000 -0.000000  0.000000  0.000000 )
(  0.014014  0.000000 -0.052124  0.000000 -0.214124 -0.000000 )
( -0.005403 -0.000000 -0.042522 -0.000000  0.196512  0.000000 )
(  0.165263 -0.000000 -0.012684 -0.000000 -0.225299 -0.000000 )
( -0.139341  0.000000  0.042096 -0.000000  0.201452  0.000000 )
( -0.000000 -0.000000  0.000000 -0.000000  0.000000 -0.000000 )
(  0.066610 -0.000000 -0.059141  0.000000 -0.261233  0.000000 )
( -0.022847  0.000000 -0.062172  0.000000  0.183951  0.000000 )
(  0.078138  0.000000  0.045437  0.000000 -0.218270 -0.000000 )
( -0.096246 -0.000000 -0.023223  0.000000  0.194763  0.000000 )
(  0.094160  0.000000 -0.001626  0.000000 -0.075119 -0.000000 )
(  0.096246  0.000000  0.023223 -0.000000 -0.194763 -0.000000 )
( -0.078138 -0.000000 -0.045437 -0.000000  0.218270  0.000000 )
(  0.022847 -0.000000  0.062172 -0.000000 -0.183951  0.000000 )
( -0.066610  0.000000  0.059141  0.000000  0.261233  0.000000 )
     freq (  63) =       4.272151 [THz] =     142.503618 [cm-1]
(  0.004556  0.000000  0.075890 -0.000000 -0.112882 -0.000000 )
( -0.004556 -0.000000 -0.075890  0.000000  0.112882 -0.000000 )
(  0.073369 -0.000000  0.061381 -0.000000 -0.016877  0.000000 )
( -0.073369  0.000000 -0.061381  0.000000  0.016877 -0.000000 )
( -0.052488  0.000000  0.018653 -0.000000 -0.059284 -0.000000 )
( -0.034872 -0.000000 -0.002555  0.000000  0.009998  0.000000 )
(  0.003948  0.000000  0.005864  0.000000  0.066386 -0.000000 )
( -0.005979  0.000000 -0.020735  0.000000  0.008077 -0.000000 )
( -0.057057  0.000000  0.005636 -0.000000  0.030526 -0.000000 )
( -0.003948  0.000000 -0.005864  0.000000 -0.066386  0.000000 )
(  0.005979  0.000000  0.020735  0.000000 -0.008077 -0.000000 )
(  0.034872  0.000000  0.002555  0.000000 -0.009998 -0.000000 )
(  0.027493  0.000000  0.018908  0.000000  0.025108 -0.000000 )
(  0.052488 -0.000000 -0.018653  0.000000  0.059284  0.000000 )
(  0.057057 -0.000000 -0.005636  0.000000 -0.030526  0.000000 )
( -0.027493 -0.000000 -0.018908 -0.000000 -0.025108 -0.000000 )
( -0.007394 -0.000000  0.023405 -0.000000 -0.074268  0.000000 )
(  0.132433 -0.000000 -0.125430  0.000000  0.198779  0.000000 )
( -0.155777  0.000000 -0.224353  0.000000 -0.120245 -0.000000 )
( -0.174013 -0.000000  0.132062 -0.000000  0.139671  0.000000 )
(  0.145498 -0.000000  0.186639 -0.000000 -0.133659 -0.000000 )
( -0.000000  0.000000 -0.000000  0.000000  0.000000 -0.000000 )
( -0.145498 -0.000000 -0.186639  0.000000  0.133659  0.000000 )
(  0.174013 -0.000000 -0.132062  0.000000 -0.139671 -0.000000 )
(  0.155777 -0.000000  0.224353 -0.000000  0.120245  0.000000 )
( -0.132433  0.000000  0.125430 -0.000000 -0.198779 -0.000000 )
(  0.000000 -0.000000  0.000000 -0.000000  0.000000 -0.000000 )
( -0.038543 -0.000000 -0.091783  0.000000 -0.132581  0.000000 )
( -0.008278 -0.000000 -0.194067  0.000000  0.156867 -0.000000 )
( -0.156035  0.000000 -0.024000 -0.000000  0.001838  0.000000 )
(  0.127709  0.000000 -0.009215  0.000000  0.081079 -0.000000 )
( -0.119321 -0.000000 -0.013137  0.000000  0.066712  0.000000 )
( -0.127709 -0.000000  0.009215  0.000000 -0.081079  0.000000 )
(  0.156035  0.000000  0.024000  0.000000 -0.001838 -0.000000 )
(  0.008278 -0.000000  0.194067 -0.000000 -0.156867  0.000000 )
(  0.038543  0.000000  0.091783 -0.000000  0.132581 -0.000000 )
     freq (  64) =       4.273083 [THz] =     142.534704 [cm-1]
(  0.011050  0.000000  0.022886 -0.000000  0.082180  0.000000 )
(  0.011050 -0.000000  0.022886  0.000000  0.082180 -0.000000 )
( -0.053449 -0.000000 -0.004760 -0.000000  0.090229 -0.000000 )
( -0.053449  0.000000 -0.004760  0.000000  0.090229 -0.000000 )
(  0.021607  0.000000  0.006184 -0.000000  0.019003  0.000000 )
(  0.006696  0.000000 -0.005792  0.000000  0.046700 -0.000000 )
( -0.021726 -0.000000 -0.028860  0.000000 -0.014057 -0.000000 )
( -0.045803  0.000000 -0.003979  0.000000  0.094626 -0.000000 )
(  0.034452  0.000000  0.021008 -0.000000 -0.009323 -0.000000 )
( -0.021726  0.000000 -0.028860  0.000000 -0.014057  0.000000 )
( -0.045803  0.000000 -0.003979 -0.000000  0.094626 -0.000000 )
(  0.006696 -0.000000 -0.005792 -0.000000  0.046700 -0.000000 )
(  0.027287 -0.000000  0.009593 -0.000000  0.016173 -0.000000 )
(  0.021607 -0.000000  0.006184  0.000000  0.019003 -0.000000 )
(  0.034452 -0.000000  0.021008 -0.000000 -0.009323  0.000000 )
(  0.027287 -0.000000  0.009593  0.000000  0.016173 -0.000000 )
( -0.000000 -0.000000 -0.000000 -0.000000  0.000000  0.000000 )
( -0.212664 -0.000000  0.017079  0.000000  0.139928 -0.000000 )
( -0.115662  0.000000  0.009006  0.000000 -0.000299  0.000000 )
(  0.110057  0.000000  0.156373 -0.000000 -0.178599  0.000000 )
(  0.144900 -0.000000  0.057414 -0.000000 -0.095152 -0.000000 )
( -0.099225  0.000000 -0.003135  0.000000  0.110207 -0.000000 )
(  0.144900 -0.000000  0.057414  0.000000 -0.095152  0.000000 )
(  0.110057 -0.000000  0.156373  0.000000 -0.178599  0.000000 )
( -0.115662 -0.000000  0.009006 -0.000000 -0.000299  0.000000 )
( -0.212664  0.000000  0.017079 -0.000000  0.139928  0.000000 )
(  0.023502 -0.000000  0.003347 -0.000000  0.136301 -0.000000 )
(  0.069415  0.000000 -0.080014  0.000000 -0.240470  0.000000 )
(  0.144987 -0.000000 -0.142424  0.000000 -0.206450 -0.000000 )
( -0.182387  0.000000  0.028671  0.000000  0.190618 -0.000000 )
( -0.138356  0.000000 -0.052181 -0.000000  0.129897 -0.000000 )
(  0.000000  0.000000  0.000000  0.000000 -0.000000 -0.000000 )
( -0.138356  0.000000 -0.052181  0.000000  0.129897  0.000000 )
( -0.182387  0.000000  0.028671 -0.000000  0.190618 -0.000000 )
(  0.144987 -0.000000 -0.142424 -0.000000 -0.206450  0.000000 )
(  0.069415 -0.000000 -0.080014 -0.000000 -0.240470  0.000000 )
     freq (  65) =       4.290056 [THz] =     143.100854 [cm-1]
( -0.095993 -0.000000 -0.048348 -0.000000 -0.030095  0.000000 )
(  0.095993  0.000000  0.048348  0.000000  0.030095 -0.000000 )
(  0.010449  0.000000 -0.055964 -0.000000  0.080643  0.000000 )
( -0.010449 -0.000000  0.055964  0.000000 -0.080643 -0.000000 )
( -0.096313 -0.000000  0.020182  0.000000 -0.075960  0.000000 )
(  0.077857  0.000000  0.002213 -0.000000 -0.007816 -0.000000 )
( -0.006874 -0.000000 -0.018518  0.000000  0.016826 -0.000000 )
(  0.019898 -0.000000  0.013508  0.000000 -0.011925 -0.000000 )
(  0.003978 -0.000000  0.008440 -0.000000  0.018059 -0.000000 )
(  0.006874  0.000000  0.018518 -0.000000 -0.016826  0.000000 )
( -0.019898  0.000000 -0.013508 -0.000000  0.011925  0.000000 )
( -0.077857 -0.000000 -0.002213  0.000000  0.007816  0.000000 )
( -0.009810 -0.000000 -0.004836  0.000000 -0.061225 -0.000000 )
(  0.096313  0.000000 -0.020182 -0.000000  0.075960 -0.000000 )
( -0.003978 -0.000000 -0.008440  0.000000 -0.018059 -0.000000 )
(  0.009810  0.000000  0.004836 -0.000000  0.061225  0.000000 )
( -0.071525 -0.000000 -0.008487 -0.000000  0.107240 -0.000000 )
( -0.098579  0.000000 -0.082789  0.000000 -0.022340 -0.000000 )
(  0.099089  0.000000 -0.013604 -0.000000 -0.044424  0.000000 )
( -0.029706  0.000000  0.223983  0.000000 -0.167168 -0.000000 )
(  0.077702 -0.000000  0.147912  0.000000  0.099012  0.000000 )
(  0.000000 -0.000000 -0.000000 -0.000000  0.000000 -0.000000 )
( -0.077702  0.000000 -0.147912  0.000000 -0.099012 -0.000000 )
(  0.029706 -0.000000 -0.223983 -0.000000  0.167168  0.000000 )
( -0.099089 -0.000000  0.013604  0.000000  0.044424 -0.000000 )
(  0.098579  0.000000  0.082789 -0.000000  0.022340  0.000000 )
(  0.000000 -0.000000 -0.000000 -0.000000  0.000000 -0.000000 )
( -0.180229 -0.000000 -0.202828 -0.000000  0.046198  0.000000 )
(  0.219941 -0.000000 -0.186232  0.000000 -0.091825  0.000000 )
(  0.130482  0.000000  0.233257 -0.000000  0.073124  0.000000 )
( -0.146784 -0.000000  0.068499  0.000000 -0.141062  0.000000 )
( -0.010218  0.000000  0.018863  0.000000 -0.109930 -0.000000 )
(  0.146784  0.000000 -0.068499 -0.000000  0.141062  0.000000 )
( -0.130482 -0.000000 -0.233257  0.000000 -0.073124  0.000000 )
( -0.219941  0.000000  0.186232 -0.000000  0.091825 -0.000000 )
(  0.180229  0.000000  0.202828 -0.000000 -0.046198 -0.000000 )
     freq (  66) =       4.298561 [THz] =     143.384570 [cm-1]
(  0.080219 -0.000000  0.012407  0.000000  0.053539 -0.000000 )
(  0.080219  0.000000  0.012407  0.000000  0.053539  0.000000 )
( -0.017809 -0.000000  0.042398 -0.000000 -0.059461 -0.000000 )
( -0.017809  0.000000  0.042398 -0.000000 -0.059461  0.000000 )
( -0.014578  0.000000 -0.005559 -0.000000 -0.009183 -0.000000 )
(  0.008793 -0.000000 -0.017057  0.000000 -0.010795  0.000000 )
(  0.105365  0.000000 -0.011783 -0.000000  0.006545  0.000000 )
( -0.032255  0.000000  0.000324 -0.000000 -0.055081  0.000000 )
(  0.038207  0.000000  0.015894  0.000000  0.092170  0.000000 )
(  0.105365 -0.000000 -0.011783  0.000000  0.006545 -0.000000 )
( -0.032255 -0.000000  0.000324  0.000000 -0.055081 -0.000000 )
(  0.008793 -0.000000 -0.017057 -0.000000 -0.010795 -0.000000 )
(  0.002641  0.000000  0.007525 -0.000000 -0.013479  0.000000 )
( -0.014578 -0.000000 -0.005559  0.000000 -0.009183 -0.000000 )
(  0.038207 -0.000000  0.015894 -0.000000  0.092170 -0.000000 )
(  0.002641 -0.000000  0.007525  0.000000 -0.013479 -0.000000 )
(  0.000000  0.000000  0.000000  0.000000 -0.000000  0.000000 )
( -0.131769 -0.000000 -0.064076 -0.000000 -0.013099  0.000000 )
( -0.068732  0.000000  0.009302  0.000000 -0.124331 -0.000000 )
(  0.009871  0.000000  0.175775 -0.000000 -0.051693 -0.000000 )
(  0.073062  0.000000  0.055637 -0.000000 -0.030840 -0.000000 )
(  0.255914  0.000000 -0.000026 -0.000000  0.085469  0.000000 )
(  0.073062  0.000000  0.055637  0.000000 -0.030840  0.000000 )
(  0.009871 -0.000000  0.175775  0.000000 -0.051693  0.000000 )
( -0.068732  0.000000  0.009302 -0.000000 -0.124331  0.000000 )
( -0.131769  0.000000 -0.064076  0.000000 -0.013099 -0.000000 )
(  0.004138 -0.000000 -0.007509  0.000000 -0.026955 -0.000000 )
( -0.063068  0.000000 -0.203672  0.000000  0.179483 -0.000000 )
(  0.050005  0.000000  0.022514  0.000000  0.208512 -0.000000 )
( -0.238014 -0.000000 -0.080386  0.000000 -0.153962 -0.000000 )
( -0.193196 -0.000000  0.071010 -0.000000 -0.288389  0.000000 )
( -0.000000 -0.000000 -0.000000 -0.000000  0.000000  0.000000 )
( -0.193196  0.000000  0.071010  0.000000 -0.288389  0.000000 )
( -0.238014  0.000000 -0.080386 -0.000000 -0.153962  0.000000 )
(  0.050005 -0.000000  0.022514 -0.000000  0.208512  0.000000 )
( -0.063068 -0.000000 -0.203672 -0.000000  0.179483  0.000000 )
     freq (  67) =       4.311966 [THz] =     143.831714 [cm-1]
(  0.053438 -0.000000 -0.028287  0.000000  0.039852 -0.000000 )
(  0.053438  0.000000 -0.028287 -0.000000  0.039852  0.000000 )
( -0.098197 -0.000000 -0.019275  0.000000 -0.072981 -0.000000 )
( -0.098197  0.000000 -0.019275 -0.000000 -0.072981  0.000000 )
(  0.014563  0.000000 -0.000684 -0.000000  0.007369  0.000000 )
( -0.065576  0.000000 -0.020755  0.000000 -0.075164  0.000000 )
(  0.001369  0.000000 -0.024442 -0.000000  0.024598  0.000000 )
(  0.027813  0.000000 -0.001253 -0.000000  0.010519  0.000000 )
(  0.014171  0.000000  0.030583  0.000000 -0.014933  0.000000 )
(  0.001369 -0.000000 -0.024442  0.000000  0.024598 -0.000000 )
(  0.027813 -0.000000 -0.001253  0.000000  0.010519 -0.000000 )
( -0.065576 -0.000000 -0.020755 -0.000000 -0.075164 -0.000000 )
( -0.100193  0.000000  0.022796 -0.000000 -0.024747  0.000000 )
(  0.014563 -0.000000 -0.000684  0.000000  0.007369 -0.000000 )
(  0.014171 -0.000000  0.030583 -0.000000 -0.014933 -0.000000 )
( -0.100193 -0.000000  0.022796  0.000000 -0.024747 -0.000000 )
( -0.000000  0.000000  0.000000  0.000000  0.000000  0.000000 )
(  0.168751 -0.000000  0.017606 -0.000000  0.227205  0.000000 )
(  0.262939 -0.000000  0.021893  0.000000  0.029908 -0.000000 )
( -0.083010  0.000000  0.081705 -0.000000 -0.142343 -0.000000 )
(  0.057375  0.000000  0.243644  0.000000 -0.044806 -0.000000 )
(  0.009225 -0.000000  0.001833  0.000000 -0.017953 -0.000000 )
(  0.057375 -0.000000  0.243644  0.000000 -0.044806  0.000000 )
( -0.083010 -0.000000  0.081705  0.000000 -0.142343  0.000000 )
(  0.262939  0.000000  0.021893 -0.000000  0.029908  0.000000 )
(  0.168751  0.000000  0.017606  0.000000  0.227205 -0.000000 )
( -0.246192 -0.000000  0.001938  0.000000 -0.128769 -0.000000 )
( -0.127873  0.000000 -0.118234  0.000000  0.048949 -0.000000 )
( -0.018323  0.000000 -0.269897  0.000000  0.083060 -0.000000 )
(  0.057416 -0.000000  0.040223  0.000000  0.136181 -0.000000 )
(  0.165451 -0.000000  0.015462 -0.000000 -0.045355  0.000000 )
(  0.000000 -0.000000 -0.000000 -0.000000  0.000000 -0.000000 )
(  0.165451  0.000000  0.015462  0.000000 -0.045355 -0.000000 )
(  0.057416  0.000000  0.040223 -0.000000  0.136181  0.000000 )
( -0.018323 -0.000000 -0.269897 -0.000000  0.083060  0.000000 )
( -0.127873 -0.000000 -0.118234 -0.000000  0.048949  0.000000 )
     freq (  68) =       4.312601 [THz] =     143.852883 [cm-1]
( -0.077231  0.000000  0.015321 -0.000000 -0.078325  0.000000 )
(  0.077231  0.000000 -0.015321 -0.000000  0.078325  0.000000 )
( -0.100177 -0.000000  0.015291 -0.000000 -0.079771 -0.000000 )
(  0.100177 -0.000000 -0.015291 -0.000000  0.079771 -0.000000 )
(  0.028007  0.000000 -0.019156 -0.000000  0.005013  0.000000 )
(  0.017199 -0.000000  0.045762 -0.000000  0.040832 -0.000000 )
(  0.047203  0.000000 -0.031295 -0.000000  0.027332  0.000000 )
(  0.035218  0.000000 -0.004479 -0.000000  0.024574  0.000000 )
(  0.037761  0.000000  0.035463  0.000000  0.013488 -0.000000 )
( -0.047203  0.000000  0.031295 -0.000000 -0.027332  0.000000 )
( -0.035218  0.000000  0.004479 -0.000000 -0.024574  0.000000 )
( -0.017199 -0.000000 -0.045762 -0.000000 -0.040832 -0.000000 )
(  0.044729 -0.000000 -0.042604  0.000000  0.036393 -0.000000 )
( -0.028007  0.000000  0.019156  0.000000 -0.005013  0.000000 )
( -0.037761  0.000000 -0.035463  0.000000 -0.013488 -0.000000 )
( -0.044729 -0.000000  0.042604  0.000000 -0.036393 -0.000000 )
(  0.149798  0.000000  0.004240  0.000000  0.058998 -0.000000 )
( -0.101779  0.000000 -0.259787 -0.000000  0.068162  0.000000 )
( -0.051816  0.000000  0.261811  0.000000 -0.125967  0.000000 )
(  0.101922 -0.000000 -0.080956  0.000000 -0.060433 -0.000000 )
(  0.018683  0.000000 -0.029525  0.000000 -0.214805 -0.000000 )
( -0.000000  0.000000 -0.000000  0.000000 -0.000000 -0.000000 )
( -0.018683  0.000000  0.029525  0.000000  0.214805 -0.000000 )
( -0.101922 -0.000000  0.080956  0.000000  0.060433 -0.000000 )
(  0.051816  0.000000 -0.261811  0.000000  0.125967  0.000000 )
(  0.101779  0.000000  0.259787  0.000000 -0.068162  0.000000 )
( -0.000000 -0.000000  0.000000  0.000000  0.000000 -0.000000 )
(  0.055357 -0.000000  0.017784 -0.000000 -0.174339  0.000000 )
(  0.109841 -0.000000  0.034423 -0.000000 -0.078855  0.000000 )
( -0.097508  0.000000  0.186520  0.000000 -0.125750  0.000000 )
( -0.072481  0.000000 -0.272262  0.000000  0.041954 -0.000000 )
( -0.115497 -0.000000 -0.003382 -0.000000 -0.024036  0.000000 )
(  0.072481  0.000000  0.272262  0.000000 -0.041954 -0.000000 )
(  0.097508  0.000000 -0.186520  0.000000  0.125750  0.000000 )
( -0.109841 -0.000000 -0.034423 -0.000000  0.078855  0.000000 )
( -0.055357 -0.000000 -0.017784 -0.000000  0.174339  0.000000 )
     freq (  69) =       4.506367 [THz] =     150.316235 [cm-1]
(  0.033299 -0.000000 -0.019497  0.000000  0.024921 -0.000000 )
(  0.033299  0.000000 -0.019497 -0.000000  0.024921  0.000000 )
(  0.027348  0.000000 -0.017646 -0.000000  0.017737  0.000000 )
(  0.027348 -0.000000 -0.017646  0.000000  0.017737 -0.000000 )
(  0.001452 -0.000000 -0.011871 -0.000000 -0.000673 -0.000000 )
( -0.015440 -0.000000 -0.029900  0.000000 -0.001220  0.000000 )
( -0.004893 -0.000000 -0.021457 -0.000000 -0.009902 -0.000000 )
(  0.033916 -0.000000  0.053700 -0.000000  0.020734 -0.000000 )
( -0.013944  0.000000 -0.018642  0.000000  0.000048  0.000000 )
( -0.004893  0.000000 -0.021457  0.000000 -0.009902  0.000000 )
(  0.033916 -0.000000  0.053700 -0.000000  0.020734 -0.000000 )
( -0.015440  0.000000 -0.029900  0.000000 -0.001220 -0.000000 )
( -0.011124  0.000000 -0.029426  0.000000 -0.014108  0.000000 )
(  0.001452  0.000000 -0.011871  0.000000 -0.000673  0.000000 )
( -0.013944  0.000000 -0.018642 -0.000000  0.000048  0.000000 )
( -0.011124  0.000000 -0.029426  0.000000 -0.014108 -0.000000 )
( -0.000000 -0.000000 -0.000000  0.000000 -0.000000 -0.000000 )
( -0.013582  0.000000 -0.282646  0.000000  0.004506  0.000000 )
(  0.044975  0.000000 -0.276551  0.000000  0.019421  0.000000 )
(  0.085497 -0.000000  0.139972 -0.000000  0.047058 -0.000000 )
( -0.101073  0.000000  0.208719  0.000000 -0.063871  0.000000 )
( -0.020263  0.000000  0.015272 -0.000000 -0.014356  0.000000 )
( -0.101073  0.000000  0.208719 -0.000000 -0.063871  0.000000 )
(  0.085497 -0.000000  0.139972  0.000000  0.047058 -0.000000 )
(  0.044975 -0.000000 -0.276551  0.000000  0.019421 -0.000000 )
( -0.013582 -0.000000 -0.282646  0.000000  0.004506 -0.000000 )
( -0.039086  0.000000  0.015644 -0.000000 -0.014867  0.000000 )
( -0.108186  0.000000  0.192318 -0.000000 -0.057647  0.000000 )
(  0.091266 -0.000000  0.130750  0.000000  0.046896 -0.000000 )
(  0.038758 -0.000000 -0.256059  0.000000  0.028147 -0.000000 )
( -0.005913 -0.000000 -0.305735  0.000000 -0.009152 -0.000000 )
( -0.000000 -0.000000  0.000000  0.000000  0.000000 -0.000000 )
( -0.005913  0.000000 -0.305735  0.000000 -0.009152  0.000000 )
(  0.038758  0.000000 -0.256059  0.000000  0.028147  0.000000 )
(  0.091266 -0.000000  0.130750 -0.000000  0.046896 -0.000000 )
( -0.108186  0.000000  0.192318  0.000000 -0.057647  0.000000 )
     freq (  70) =       4.526449 [THz] =     150.986087 [cm-1]
( -0.031290  0.000000  0.015708 -0.000000 -0.021150  0.000000 )
(  0.031290  0.000000 -0.015708 -0.000000  0.021150  0.000000 )
(  0.038577  0.000000 -0.017513 -0.000000  0.025921  0.000000 )
( -0.038577 -0.000000  0.017513 -0.000000 -0.025921  0.000000 )
( -0.036142 -0.000000 -0.051325 -0.000000 -0.021842 -0.000000 )
( -0.014497 -0.000000 -0.014381 -0.000000  0.005470  0.000000 )
( -0.004329 -0.000000 -0.017865 -0.000000 -0.012955 -0.000000 )
( -0.004591  0.000000 -0.000774  0.000000  0.004266  0.000000 )
(  0.011964 -0.000000  0.018568 -0.000000 -0.003658 -0.000000 )
(  0.004329  0.000000  0.017865 -0.000000  0.012955 -0.000000 )
(  0.004591  0.000000  0.000774  0.000000 -0.004266  0.000000 )
(  0.014497 -0.000000  0.014381 -0.000000 -0.005470 -0.000000 )
(  0.001379 -0.000000  0.014277 -0.000000  0.013905  0.000000 )
(  0.036142  0.000000  0.051325  0.000000  0.021842  0.000000 )
( -0.011964 -0.000000 -0.018568 -0.000000  0.003658  0.000000 )
( -0.001379 -0.000000 -0.014277 -0.000000 -0.013905 -0.000000 )
( -0.019223 -0.000000  0.016653  0.000000 -0.006615 -0.000000 )
(  0.106992  0.000000 -0.182059 -0.000000  0.063470  0.000000 )
(  0.096194  0.000000  0.109403 -0.000000  0.057465  0.000000 )
(  0.028678  0.000000 -0.268177 -0.000000  0.031114  0.000000 )
(  0.018038 -0.000000  0.296527  0.000000  0.029005 -0.000000 )
( -0.000000 -0.000000 -0.000000  0.000000 -0.000000 -0.000000 )
( -0.018038 -0.000000 -0.296527  0.000000 -0.029005 -0.000000 )
( -0.028678  0.000000  0.268177  0.000000 -0.031114  0.000000 )
( -0.096194 -0.000000 -0.109403 -0.000000 -0.057465 -0.000000 )
( -0.106992 -0.000000  0.182059 -0.000000 -0.063470 -0.000000 )
( -0.000000 -0.000000 -0.000000  0.000000  0.000000 -0.000000 )
( -0.034718 -0.000000 -0.295016 -0.000000  0.000108 -0.000000 )
( -0.043098  0.000000  0.267107  0.000000 -0.012945  0.000000 )
( -0.096407 -0.000000 -0.138290 -0.000000 -0.051067 -0.000000 )
( -0.112867 -0.000000  0.207030 -0.000000 -0.068881 -0.000000 )
( -0.013138 -0.000000  0.017114  0.000000 -0.008899 -0.000000 )
(  0.112867  0.000000 -0.207030 -0.000000  0.068881  0.000000 )
(  0.096407  0.000000  0.138290 -0.000000  0.051067  0.000000 )
(  0.043098  0.000000 -0.267107 -0.000000  0.012945  0.000000 )
(  0.034718 -0.000000  0.295016  0.000000 -0.000108 -0.000000 )
     freq (  71) =       4.776310 [THz] =     159.320552 [cm-1]
( -0.009505 -0.000000 -0.017617 -0.000000  0.018195  0.000000 )
( -0.009505 -0.000000 -0.017617 -0.000000  0.018195  0.000000 )
(  0.010437  0.000000  0.015510  0.000000 -0.017340 -0.000000 )
(  0.010437  0.000000  0.015510 -0.000000 -0.017340  0.000000 )
( -0.016673 -0.000000 -0.001874 -0.000000  0.023568  0.000000 )
( -0.087548  0.000000 -0.001997  0.000000 -0.084596  0.000000 )
( -0.130499 -0.000000  0.001107 -0.000000 -0.020487 -0.000000 )
( -0.013169 -0.000000  0.000049 -0.000000  0.029103 -0.000000 )
(  0.083490  0.000000  0.001300 -0.000000  0.091448  0.000000 )
( -0.130499 -0.000000  0.001107 -0.000000 -0.020487 -0.000000 )
( -0.013169 -0.000000  0.000049 -0.000000  0.029103  0.000000 )
( -0.087548 -0.000000 -0.001997 -0.000000 -0.084596 -0.000000 )
(  0.114992  0.000000 -0.002013  0.000000  0.031591 -0.000000 )
( -0.016673 -0.000000 -0.001874 -0.000000  0.023568  0.000000 )
(  0.083490  0.000000  0.001300  0.000000  0.091448  0.000000 )
(  0.114992  0.000000 -0.002013  0.000000  0.031591  0.000000 )
( -0.000000  0.000000  0.000000  0.000000  0.000000  0.000000 )
(  0.003059 -0.000000 -0.005081  0.000000  0.007787  0.000000 )
( -0.003914 -0.000000  0.000681  0.000000  0.003462 -0.000000 )
( -0.104471 -0.000000  0.022305 -0.000000 -0.050498 -0.000000 )
( -0.100109 -0.000000 -0.020753 -0.000000 -0.058975 -0.000000 )
( -0.306775 -0.000000  0.002227  0.000000  0.508641  0.000000 )
( -0.100109 -0.000000 -0.020753  0.000000 -0.058975 -0.000000 )
( -0.104471 -0.000000  0.022305  0.000000 -0.050498 -0.000000 )
( -0.003914 -0.000000  0.000681 -0.000000  0.003462  0.000000 )
(  0.003059 -0.000000 -0.005081 -0.000000  0.007787 -0.000000 )
(  0.319630 -0.000000 -0.002440  0.000000 -0.548979  0.000000 )
(  0.096728  0.000000  0.034466  0.000000  0.058872 -0.000000 )
(  0.101550  0.000000 -0.035118 -0.000000  0.051448 -0.000000 )
(  0.014254 -0.000000  0.002292  0.000000 -0.008521  0.000000 )
(  0.006251  0.000000 -0.002380 -0.000000 -0.013788  0.000000 )
(  0.000000  0.000000 -0.000000 -0.000000 -0.000000 -0.000000 )
(  0.006251 -0.000000 -0.002380 -0.000000 -0.013788  0.000000 )
(  0.014254  0.000000  0.002292  0.000000 -0.008521  0.000000 )
(  0.101550  0.000000 -0.035118 -0.000000  0.051448 -0.000000 )
(  0.096728  0.000000  0.034466 -0.000000  0.058872 -0.000000 )
     freq (  72) =       4.875510 [THz] =     162.629524 [cm-1]
( -0.011900  0.000000 -0.010214  0.000000  0.016586  0.000000 )
(  0.011900  0.000000  0.010214  0.000000 -0.016586  0.000000 )
( -0.007985 -0.000000 -0.017520 -0.000000  0.021561  0.000000 )
(  0.007985  0.000000  0.017520  0.000000 -0.021561 -0.000000 )
(  0.012542  0.000000  0.001517  0.000000  0.000615  0.000000 )
( -0.090779 -0.000000 -0.002506 -0.000000 -0.082889 -0.000000 )
(  0.098982  0.000000 -0.001920 -0.000000  0.018313 -0.000000 )
(  0.004034  0.000000  0.001876 -0.000000 -0.006816 -0.000000 )
( -0.056747 -0.000000 -0.001345 -0.000000 -0.080401 -0.000000 )
( -0.098982 -0.000000  0.001920  0.000000 -0.018313  0.000000 )
( -0.004034  0.000000 -0.001876 -0.000000  0.006816 -0.000000 )
(  0.090779  0.000000  0.002506  0.000000  0.082889  0.000000 )
(  0.126387  0.000000 -0.001101 -0.000000  0.025832  0.000000 )
( -0.012542 -0.000000 -0.001517  0.000000 -0.000615  0.000000 )
(  0.056747  0.000000  0.001345  0.000000  0.080401  0.000000 )
( -0.126387 -0.000000  0.001101  0.000000 -0.025832 -0.000000 )
(  0.320173 -0.000000 -0.001690 -0.000000 -0.546482  0.000000 )
( -0.094676 -0.000000 -0.012160  0.000000 -0.056604  0.000000 )
(  0.099534  0.000000 -0.017163  0.000000  0.048984 -0.000000 )
(  0.006101  0.000000  0.023619  0.000000 -0.008748  0.000000 )
( -0.000007  0.000000  0.020547  0.000000  0.012437 -0.000000 )
( -0.000000  0.000000 -0.000000 -0.000000  0.000000 -0.000000 )
(  0.000007  0.000000 -0.020547  0.000000 -0.012437  0.000000 )
( -0.006101  0.000000 -0.023619 -0.000000  0.008748 -0.000000 )
( -0.099534 -0.000000  0.017163 -0.000000 -0.048984  0.000000 )
(  0.094676  0.000000  0.012160 -0.000000  0.056604 -0.000000 )
(  0.000000 -0.000000  0.000000  0.000000 -0.000000  0.000000 )
( -0.003689 -0.000000 -0.024506 -0.000000  0.006395  0.000000 )
(  0.009909  0.000000 -0.024184  0.000000 -0.001864 -0.000000 )
(  0.089039 -0.000000 -0.004089  0.000000  0.047794  0.000000 )
( -0.084706  0.000000 -0.005385  0.000000 -0.054891 -0.000000 )
( -0.327894 -0.000000  0.003891 -0.000000  0.537659  0.000000 )
(  0.084706 -0.000000  0.005385 -0.000000  0.054891  0.000000 )
( -0.089039  0.000000  0.004089 -0.000000 -0.047794 -0.000000 )
( -0.009909 -0.000000  0.024184  0.000000  0.001864  0.000000 )
(  0.003689 -0.000000  0.024506 -0.000000 -0.006395 -0.000000 )
     freq (  73) =       5.408943 [THz] =     180.422906 [cm-1]
(  0.014030  0.000000 -0.000137 -0.000000  0.000985 -0.000000 )
(  0.014030  0.000000 -0.000137  0.000000  0.000985  0.000000 )
( -0.008176 -0.000000  0.000667  0.000000 -0.011404  0.000000 )
( -0.008176  0.000000  0.000667 -0.000000 -0.011404 -0.000000 )
( -0.417197 -0.000000 -0.000010 -0.000000 -0.254577 -0.000000 )
( -0.113644  0.000000 -0.000838  0.000000  0.041080  0.000000 )
(  0.007316 -0.000000 -0.001131 -0.000000  0.114474  0.000000 )
( -0.004501 -0.000000  0.000521  0.000000 -0.004638 -0.000000 )
(  0.229916  0.000000  0.001687  0.000000 -0.140744 -0.000000 )
(  0.007316 -0.000000 -0.001131  0.000000  0.114474 -0.000000 )
( -0.004501  0.000000  0.000521  0.000000 -0.004638  0.000000 )
( -0.113644 -0.000000 -0.000838 -0.000000  0.041080  0.000000 )
(  0.002574  0.000000  0.002000 -0.000000 -0.307065  0.000000 )
( -0.417197  0.000000 -0.000010  0.000000 -0.254577  0.000000 )
(  0.229916 -0.000000  0.001687  0.000000 -0.140744  0.000000 )
(  0.002574 -0.000000  0.002000 -0.000000 -0.307065 -0.000000 )
(  0.000000 -0.000000  0.000000 -0.000000  0.000000 -0.000000 )
(  0.053963  0.000000  0.055395  0.000000  0.058267 -0.000000 )
(  0.056124 -0.000000 -0.055628  0.000000  0.053837  0.000000 )
( -0.048770  0.000000  0.003889 -0.000000  0.076361 -0.000000 )
( -0.044631 -0.000000  0.006218 -0.000000  0.077700 -0.000000 )
( -0.040870 -0.000000  0.000008 -0.000000  0.000404 -0.000000 )
( -0.044631  0.000000  0.006218  0.000000  0.077700 -0.000000 )
( -0.048770 -0.000000  0.003889  0.000000  0.076361 -0.000000 )
(  0.056124  0.000000 -0.055628 -0.000000  0.053837 -0.000000 )
(  0.053963 -0.000000  0.055395 -0.000000  0.058267  0.000000 )
(  0.106834 -0.000000  0.000243  0.000000  0.091511 -0.000000 )
(  0.018694 -0.000000 -0.002545 -0.000000 -0.037001 -0.000000 )
(  0.020284  0.000000 -0.009769 -0.000000 -0.033928  0.000000 )
( -0.081435 -0.000000  0.038859  0.000000 -0.021728  0.000000 )
( -0.077120  0.000000 -0.039608 -0.000000 -0.030204 -0.000000 )
( -0.000000  0.000000 -0.000000 -0.000000  0.000000 -0.000000 )
( -0.077120 -0.000000 -0.039608  0.000000 -0.030204  0.000000 )
( -0.081435  0.000000  0.038859  0.000000 -0.021728 -0.000000 )
(  0.020284 -0.000000 -0.009769  0.000000 -0.033928 -0.000000 )
(  0.018694  0.000000 -0.002545 -0.000000 -0.037001  0.000000 )
     freq (  74) =       5.417640 [THz] =     180.713012 [cm-1]
(  0.001667 -0.000000 -0.000271  0.000000  0.012844  0.000000 )
( -0.001667 -0.000000  0.000271 -0.000000 -0.012844  0.000000 )
(  0.011394  0.000000  0.000768 -0.000000 -0.003793  0.000000 )
( -0.011394  0.000000 -0.000768  0.000000  0.003793  0.000000 )
(  0.000308  0.000000  0.000248  0.000000 -0.002732  0.000000 )
( -0.033392 -0.000000 -0.001640  0.000000 -0.011984  0.000000 )
(  0.003933 -0.000000  0.001434 -0.000000 -0.371668  0.000000 )
(  0.344408  0.000000  0.000025 -0.000000  0.200085  0.000000 )
( -0.325367 -0.000000  0.000512 -0.000000  0.191591  0.000000 )
( -0.003933 -0.000000 -0.001434  0.000000  0.371668 -0.000000 )
( -0.344408 -0.000000 -0.000025  0.000000 -0.200085  0.000000 )
(  0.033392  0.000000  0.001640  0.000000  0.011984  0.000000 )
( -0.025301 -0.000000 -0.000362 -0.000000 -0.025243  0.000000 )
( -0.000308  0.000000 -0.000248  0.000000  0.002732  0.000000 )
(  0.325367 -0.000000 -0.000512 -0.000000 -0.191591  0.000000 )
(  0.025301 -0.000000  0.000362 -0.000000  0.025243  0.000000 )
(  0.060928 -0.000000 -0.000034  0.000000  0.089410 -0.000000 )
( -0.006233 -0.000000  0.001443 -0.000000  0.009773 -0.000000 )
(  0.005746 -0.000000 -0.000924  0.000000 -0.007594 -0.000000 )
( -0.090365  0.000000  0.007532  0.000000  0.007783 -0.000000 )
(  0.086384  0.000000  0.007904  0.000000 -0.000749 -0.000000 )
(  0.000000  0.000000  0.000000 -0.000000  0.000000 -0.000000 )
( -0.086384  0.000000 -0.007904 -0.000000  0.000749 -0.000000 )
(  0.090365  0.000000 -0.007532 -0.000000 -0.007783 -0.000000 )
( -0.005746 -0.000000  0.000924  0.000000  0.007594 -0.000000 )
(  0.006233 -0.000000 -0.001443 -0.000000 -0.009773 -0.000000 )
( -0.000000 -0.000000 -0.000000 -0.000000 -0.000000 -0.000000 )
(  0.036860  0.000000  0.016087 -0.000000  0.074485  0.000000 )
( -0.036301 -0.000000  0.017245 -0.000000 -0.074319  0.000000 )
(  0.046721  0.000000  0.001940 -0.000000 -0.078554 -0.000000 )
( -0.045212  0.000000  0.006490  0.000000  0.077167  0.000000 )
( -0.101449  0.000000 -0.000159  0.000000  0.007358 -0.000000 )
(  0.045212  0.000000 -0.006490  0.000000 -0.077167  0.000000 )
( -0.046721  0.000000 -0.001940 -0.000000  0.078554 -0.000000 )
(  0.036301  0.000000 -0.017245  0.000000  0.074319  0.000000 )
( -0.036860 -0.000000 -0.016087  0.000000 -0.074485  0.000000 )
     freq (  75) =       5.470396 [THz] =     182.472753 [cm-1]
( -0.008660  0.000000  0.001650  0.000000  0.022598  0.000000 )
( -0.008660 -0.000000  0.001650  0.000000  0.022598  0.000000 )
( -0.008805 -0.000000 -0.003919 -0.000000  0.010321  0.000000 )
( -0.008805 -0.000000 -0.003919 -0.000000  0.010321 -0.000000 )
( -0.123117 -0.000000 -0.000399  0.000000 -0.047143 -0.000000 )
( -0.342521 -0.000000  0.000897  0.000000  0.254927  0.000000 )
( -0.022076 -0.000000 -0.000865 -0.000000  0.313899  0.000000 )
( -0.014335  0.000000 -0.000272  0.000000 -0.000803  0.000000 )
( -0.174567 -0.000000  0.002701  0.000000  0.132834  0.000000 )
( -0.022076  0.000000 -0.000865  0.000000  0.313899  0.000000 )
( -0.014335 -0.000000 -0.000272 -0.000000 -0.000803 -0.000000 )
( -0.342521  0.000000  0.000897  0.000000  0.254927  0.000000 )
( -0.059309 -0.000000 -0.002940 -0.000000  0.286484 -0.000000 )
( -0.123117 -0.000000 -0.000399  0.000000 -0.047143 -0.000000 )
( -0.174567 -0.000000  0.002701  0.000000  0.132834  0.000000 )
( -0.059309 -0.000000 -0.002940 -0.000000  0.286484  0.000000 )
(  0.000000  0.000000  0.000000  0.000000  0.000000 -0.000000 )
(  0.059697  0.000000 -0.001680  0.000000 -0.056226  0.000000 )
(  0.063074  0.000000 -0.001159  0.000000 -0.063586 -0.000000 )
(  0.034014  0.000000 -0.020407 -0.000000 -0.053677 -0.000000 )
(  0.033518  0.000000  0.021445 -0.000000 -0.051941  0.000000 )
(  0.045246  0.000000 -0.000220 -0.000000 -0.108843 -0.000000 )
(  0.033518 -0.000000  0.021445  0.000000 -0.051941 -0.000000 )
(  0.034014  0.000000 -0.020407  0.000000 -0.053677  0.000000 )
(  0.063074  0.000000 -0.001159 -0.000000 -0.063586  0.000000 )
(  0.059697  0.000000 -0.001680 -0.000000 -0.056226 -0.000000 )
(  0.073778  0.000000  0.000887  0.000000 -0.067460 -0.000000 )
(  0.047760  0.000000 -0.027441 -0.000000 -0.079114 -0.000000 )
(  0.050572 -0.000000  0.024722 -0.000000 -0.081550 -0.000000 )
(  0.017410  0.000000  0.015128  0.000000 -0.076731 -0.000000 )
(  0.014417  0.000000 -0.010887 -0.000000 -0.072677 -0.000000 )
( -0.000000  0.000000  0.000000  0.000000  0.000000 -0.000000 )
(  0.014417  0.000000 -0.010887 -0.000000 -0.072677 -0.000000 )
(  0.017410  0.000000  0.015128  0.000000 -0.076731 -0.000000 )
(  0.050572  0.000000  0.024722  0.000000 -0.081550 -0.000000 )
(  0.047760 -0.000000 -0.027441  0.000000 -0.079114 -0.000000 )
     freq (  76) =       5.498568 [THz] =     183.412470 [cm-1]
( -0.007784  0.000000 -0.000681 -0.000000  0.010943 -0.000000 )
(  0.007784  0.000000  0.000681 -0.000000 -0.010943 -0.000000 )
(  0.004706  0.000000  0.000397  0.000000 -0.014094 -0.000000 )
( -0.004706  0.000000 -0.000397  0.000000  0.014094 -0.000000 )
( -0.021853  0.000000 -0.000174  0.000000  0.022716  0.000000 )
(  0.367374  0.000000 -0.001045  0.000000 -0.221831 -0.000000 )
(  0.037596  0.000000  0.001514 -0.000000 -0.122696 -0.000000 )
( -0.182135  0.000000 -0.000270 -0.000000 -0.092434  0.000000 )
( -0.089255  0.000000  0.000929 -0.000000  0.092352 -0.000000 )
( -0.037596  0.000000 -0.001514  0.000000  0.122696 -0.000000 )
(  0.182135 -0.000000  0.000270 -0.000000  0.092434 -0.000000 )
( -0.367374  0.000000  0.001045 -0.000000  0.221831 -0.000000 )
( -0.004017  0.000000 -0.000847  0.000000  0.414286 -0.000000 )
(  0.021853  0.000000  0.000174 -0.000000 -0.022716  0.000000 )
(  0.089255  0.000000 -0.000929 -0.000000 -0.092352 -0.000000 )
(  0.004017  0.000000  0.000847  0.000000 -0.414286 -0.000000 )
( -0.070289  0.000000 -0.000348  0.000000  0.088020 -0.000000 )
(  0.041925 -0.000000 -0.001544 -0.000000 -0.069366  0.000000 )
( -0.042706 -0.000000 -0.004717 -0.000000  0.071339  0.000000 )
(  0.006776 -0.000000  0.017966  0.000000  0.097076 -0.000000 )
( -0.008772 -0.000000  0.018581 -0.000000 -0.093365  0.000000 )
(  0.000000 -0.000000 -0.000000  0.000000  0.000000  0.000000 )
(  0.008772 -0.000000 -0.018581 -0.000000  0.093365 -0.000000 )
( -0.006776 -0.000000 -0.017966  0.000000 -0.097076  0.000000 )
(  0.042706 -0.000000  0.004717  0.000000 -0.071339  0.000000 )
( -0.041925 -0.000000  0.001544  0.000000  0.069366  0.000000 )
( -0.000000 -0.000000 -0.000000 -0.000000  0.000000  0.000000 )
( -0.081686  0.000000  0.026533 -0.000000  0.038124  0.000000 )
(  0.084603 -0.000000  0.026528 -0.000000 -0.043361  0.000000 )
(  0.015974 -0.000000 -0.003015 -0.000000 -0.021759  0.000000 )
( -0.013687 -0.000000  0.000268  0.000000  0.020881  0.000000 )
( -0.053550  0.000000 -0.000092  0.000000  0.126079 -0.000000 )
(  0.013687 -0.000000 -0.000268  0.000000 -0.020881  0.000000 )
( -0.015974 -0.000000  0.003015 -0.000000  0.021759  0.000000 )
( -0.084603  0.000000 -0.026528  0.000000  0.043361  0.000000 )
(  0.081686 -0.000000 -0.026533  0.000000 -0.038124  0.000000 )
     freq (  77) =       6.110485 [THz] =     203.823847 [cm-1]
(  0.009043 -0.000000 -0.023366  0.000000 -0.003385 -0.000000 )
( -0.009043 -0.000000  0.023366 -0.000000  0.003385  0.000000 )
( -0.001767 -0.000000  0.016271  0.000000 -0.009703 -0.000000 )
(  0.001767  0.000000 -0.016271 -0.000000  0.009703 -0.000000 )
( -0.444341  0.000000 -0.005271  0.000000 -0.261935  0.000000 )
(  0.235984 -0.000000  0.001097 -0.000000 -0.034173  0.000000 )
(  0.039463  0.000000  0.001955 -0.000000  0.058963  0.000000 )
(  0.001791  0.000000 -0.000619 -0.000000  0.008792  0.000000 )
( -0.065787  0.000000  0.001733 -0.000000 -0.016933 -0.000000 )
( -0.039463  0.000000 -0.001955  0.000000 -0.058963 -0.000000 )
( -0.001791  0.000000  0.000619 -0.000000 -0.008792  0.000000 )
( -0.235984 -0.000000 -0.001097 -0.000000  0.034173  0.000000 )
( -0.086085  0.000000  0.002115 -0.000000 -0.234687  0.000000 )
(  0.444341 -0.000000  0.005271 -0.000000  0.261935 -0.000000 )
(  0.065787  0.000000 -0.001733  0.000000  0.016933 -0.000000 )
(  0.086085 -0.000000 -0.002115 -0.000000  0.234687 -0.000000 )
( -0.043388  0.000000 -0.004137  0.000000 -0.117730  0.000000 )
(  0.080049 -0.000000  0.009285  0.000000  0.047047 -0.000000 )
( -0.080809  0.000000  0.014288  0.000000 -0.047163  0.000000 )
( -0.002602 -0.000000 -0.094419  0.000000 -0.011910  0.000000 )
(  0.003646 -0.000000 -0.096995 -0.000000  0.012794 -0.000000 )
(  0.000000 -0.000000  0.000000 -0.000000 -0.000000 -0.000000 )
( -0.003646 -0.000000  0.096995 -0.000000 -0.012794  0.000000 )
(  0.002602 -0.000000  0.094419  0.000000  0.011910 -0.000000 )
(  0.080809 -0.000000 -0.014288 -0.000000  0.047163 -0.000000 )
( -0.080049  0.000000 -0.009285 -0.000000 -0.047047  0.000000 )
( -0.000000 -0.000000  0.000000 -0.000000  0.000000 -0.000000 )
( -0.010980 -0.000000  0.099701 -0.000000  0.000514 -0.000000 )
(  0.009115 -0.000000  0.089047  0.000000 -0.001267 -0.000000 )
(  0.057986 -0.000000 -0.113014  0.000000  0.035410 -0.000000 )
( -0.058608  0.000000 -0.110299  0.000000 -0.033805  0.000000 )
( -0.121834  0.000000 -0.002249  0.000000  0.004187  0.000000 )
(  0.058608 -0.000000  0.110299 -0.000000  0.033805 -0.000000 )
( -0.057986  0.000000  0.113014 -0.000000 -0.035410  0.000000 )
( -0.009115 -0.000000 -0.089047  0.000000  0.001267 -0.000000 )
(  0.010980 -0.000000 -0.099701 -0.000000 -0.000514 -0.000000 )
     freq (  78) =       6.235785 [THz] =     208.003391 [cm-1]
(  0.002080 -0.000000 -0.018980 -0.000000  0.003031  0.000000 )
(  0.002080  0.000000 -0.018980 -0.000000  0.003031  0.000000 )
(  0.000414 -0.000000 -0.021167 -0.000000 -0.002130 -0.000000 )
(  0.000414  0.000000 -0.021167  0.000000 -0.002130 -0.000000 )
( -0.003644  0.000000 -0.002523 -0.000000 -0.029471  0.000000 )
( -0.194206 -0.000000 -0.000519  0.000000  0.075026  0.000000 )
( -0.022159  0.000000  0.001461  0.000000 -0.287317 -0.000000 )
( -0.324071  0.000000 -0.006351  0.000000 -0.186342  0.000000 )
( -0.216326  0.000000  0.000879 -0.000000  0.072198 -0.000000 )
( -0.022159  0.000000  0.001461  0.000000 -0.287317 -0.000000 )
( -0.324071  0.000000 -0.006351  0.000000 -0.186342  0.000000 )
( -0.194206  0.000000 -0.000519 -0.000000  0.075026 -0.000000 )
( -0.026057  0.000000  0.000921 -0.000000 -0.192418  0.000000 )
( -0.003644 -0.000000 -0.002523 -0.000000 -0.029471 -0.000000 )
( -0.216326  0.000000  0.000879  0.000000  0.072198 -0.000000 )
( -0.026057 -0.000000  0.000921  0.000000 -0.192418 -0.000000 )
( -0.000000  0.000000 -0.000000  0.000000  0.000000  0.000000 )
(  0.023802 -0.000000 -0.139592  0.000000  0.014478 -0.000000 )
(  0.021204  0.000000  0.140077  0.000000  0.011591 -0.000000 )
(  0.063992 -0.000000  0.010145 -0.000000  0.032769 -0.000000 )
(  0.064368 -0.000000 -0.016183 -0.000000  0.033163 -0.000000 )
( -0.000119 -0.000000  0.002741 -0.000000  0.020566  0.000000 )
(  0.064368 -0.000000 -0.016183  0.000000  0.033163 -0.000000 )
(  0.063992 -0.000000  0.010145 -0.000000  0.032769 -0.000000 )
(  0.021204 -0.000000  0.140077 -0.000000  0.011591 -0.000000 )
(  0.023802  0.000000 -0.139592 -0.000000  0.014478 -0.000000 )
(  0.007998 -0.000000  0.005375 -0.000000  0.015225 -0.000000 )
(  0.061641 -0.000000 -0.042551 -0.000000  0.046016 -0.000000 )
(  0.061871 -0.000000  0.032805 -0.000000  0.046560  0.000000 )
(  0.024757 -0.000000  0.193152  0.000000  0.020981  0.000000 )
(  0.026814  0.000000 -0.190976  0.000000  0.020555  0.000000 )
(  0.000000  0.000000  0.000000 -0.000000 -0.000000 -0.000000 )
(  0.026814 -0.000000 -0.190976  0.000000  0.020555  0.000000 )
(  0.024757  0.000000  0.193152 -0.000000  0.020981  0.000000 )
(  0.061871 -0.000000  0.032805  0.000000  0.046560 -0.000000 )
(  0.061641 -0.000000 -0.042551  0.000000  0.046016  0.000000 )
     freq (  79) =       6.400737 [THz] =     213.505597 [cm-1]
( -0.000531  0.000000  0.000990  0.000000 -0.001842 -0.000000 )
(  0.000531  0.000000 -0.000990  0.000000  0.001842 -0.000000 )
(  0.002737 -0.000000  0.001758  0.000000 -0.000495 -0.000000 )
( -0.002737 -0.000000 -0.001758  0.000000  0.000495 -0.000000 )
(  0.055280 -0.000000 -0.001115  0.000000  0.027216 -0.000000 )
(  0.076582  0.000000 -0.002034 -0.000000 -0.065889  0.000000 )
( -0.021563  0.000000 -0.000813 -0.000000  0.011108  0.000000 )
(  0.342453  0.000000  0.002522  0.000000 -0.584065  0.000000 )
(  0.007635 -0.000000  0.000523  0.000000  0.025394 -0.000000 )
(  0.021563  0.000000  0.000813 -0.000000 -0.011108 -0.000000 )
( -0.342453  0.000000 -0.002522  0.000000  0.584065  0.000000 )
( -0.076582  0.000000  0.002034  0.000000  0.065889  0.000000 )
(  0.019747  0.000000  0.000611  0.000000 -0.083260  0.000000 )
( -0.055280 -0.000000  0.001115  0.000000 -0.027216 -0.000000 )
( -0.007635 -0.000000 -0.000523  0.000000 -0.025394 -0.000000 )
( -0.019747  0.000000 -0.000611  0.000000  0.083260  0.000000 )
(  0.029472 -0.000000 -0.000076 -0.000000  0.001269 -0.000000 )
(  0.011133  0.000000 -0.072500  0.000000  0.004059  0.000000 )
( -0.008334 -0.000000 -0.069007 -0.000000 -0.003682  0.000000 )
( -0.000879 -0.000000 -0.029932  0.000000  0.008139 -0.000000 )
(  0.002492 -0.000000 -0.024946 -0.000000 -0.006264 -0.000000 )
( -0.000000  0.000000 -0.000000 -0.000000  0.000000  0.000000 )
( -0.002492 -0.000000  0.024946 -0.000000  0.006264 -0.000000 )
(  0.000879 -0.000000  0.029932  0.000000 -0.008139 -0.000000 )
(  0.008334  0.000000  0.069007 -0.000000  0.003682  0.000000 )
( -0.011133 -0.000000  0.072500  0.000000 -0.004059  0.000000 )
(  0.000000 -0.000000  0.000000 -0.000000 -0.000000 -0.000000 )
(  0.005741 -0.000000  0.035144 -0.000000 -0.002996 -0.000000 )
( -0.004669 -0.000000  0.036048  0.000000  0.004042 -0.000000 )
( -0.012425  0.000000  0.037332  0.000000 -0.007065  0.000000 )
(  0.010533 -0.000000  0.042231 -0.000000  0.005355 -0.000000 )
(  0.024070 -0.000000 -0.000017 -0.000000  0.020765 -0.000000 )
( -0.010533  0.000000 -0.042231 -0.000000 -0.005355  0.000000 )
(  0.012425 -0.000000 -0.037332  0.000000  0.007065 -0.000000 )
(  0.004669 -0.000000 -0.036048  0.000000 -0.004042  0.000000 )
( -0.005741 -0.000000 -0.035144 -0.000000  0.002996 -0.000000 )
     freq (  80) =       6.469593 [THz] =     215.802401 [cm-1]
(  0.001771  0.000000 -0.006054 -0.000000 -0.002027 -0.000000 )
(  0.001771  0.000000 -0.006054 -0.000000 -0.002027 -0.000000 )
(  0.013969  0.000000 -0.002970  0.000000  0.012266  0.000000 )
(  0.013969  0.000000 -0.002970  0.000000  0.012266  0.000000 )
(  0.119219  0.000000 -0.000648  0.000000  0.095717 -0.000000 )
(  0.001139  0.000000 -0.000255  0.000000 -0.099711  0.000000 )
( -0.047784  0.000000  0.000068 -0.000000  0.235465  0.000000 )
( -0.366161  0.000000  0.000271  0.000000 -0.199740  0.000000 )
(  0.097920 -0.000000 -0.003603 -0.000000 -0.107515  0.000000 )
( -0.047784  0.000000  0.000068 -0.000000  0.235465  0.000000 )
( -0.366161  0.000000  0.000271 -0.000000 -0.199740 -0.000000 )
(  0.001139  0.000000 -0.000255  0.000000 -0.099711 -0.000000 )
( -0.081145  0.000000 -0.001207  0.000000 -0.023197 -0.000000 )
(  0.119219  0.000000 -0.000648  0.000000  0.095717 -0.000000 )
(  0.097920 -0.000000 -0.003603 -0.000000 -0.107515  0.000000 )
( -0.081145  0.000000 -0.001207  0.000000 -0.023197 -0.000000 )
( -0.000000  0.000000  0.000000  0.000000 -0.000000  0.000000 )
( -0.026650 -0.000000 -0.029210 -0.000000 -0.009076  0.000000 )
( -0.028337 -0.000000  0.016212  0.000000 -0.007964  0.000000 )
(  0.031588  0.000000 -0.159714  0.000000  0.043809  0.000000 )
(  0.027327  0.000000  0.156584 -0.000000  0.042461  0.000000 )
(  0.092064 -0.000000  0.000990  0.000000  0.035255 -0.000000 )
(  0.027327 -0.000000  0.156584 -0.000000  0.042461  0.000000 )
(  0.031588  0.000000 -0.159714  0.000000  0.043809  0.000000 )
( -0.028337 -0.000000  0.016212  0.000000 -0.007964  0.000000 )
( -0.026650 -0.000000 -0.029210 -0.000000 -0.009076  0.000000 )
(  0.163287 -0.000000  0.001064 -0.000000  0.083369 -0.000000 )
(  0.045249 -0.000000  0.209144  0.000000 -0.002214 -0.000000 )
(  0.045383 -0.000000 -0.195706 -0.000000 -0.002561 -0.000000 )
( -0.018846  0.000000 -0.146823 -0.000000 -0.019818 -0.000000 )
( -0.019808  0.000000  0.131142  0.000000 -0.017569 -0.000000 )
( -0.000000 -0.000000 -0.000000  0.000000 -0.000000 -0.000000 )
( -0.019808  0.000000  0.131142  0.000000 -0.017569 -0.000000 )
( -0.018846  0.000000 -0.146823 -0.000000 -0.019818 -0.000000 )
(  0.045383 -0.000000 -0.195706 -0.000000 -0.002561 -0.000000 )
(  0.045249 -0.000000  0.209144  0.000000 -0.002214 -0.000000 )
     freq (  81) =       6.505194 [THz] =     216.989912 [cm-1]
(  0.006105 -0.000000 -0.010309 -0.000000 -0.014042 -0.000000 )
(  0.006105 -0.000000 -0.010309 -0.000000 -0.014042 -0.000000 )
( -0.009627  0.000000  0.009815  0.000000  0.015705  0.000000 )
( -0.009627  0.000000  0.009815  0.000000  0.015705  0.000000 )
(  0.228762  0.000000  0.003633 -0.000000 -0.398129  0.000000 )
(  0.144276  0.000000  0.007209  0.000000 -0.063828 -0.000000 )
(  0.003655 -0.000000 -0.005429 -0.000000  0.247579  0.000000 )
(  0.019558 -0.000000 -0.000352 -0.000000  0.028163 -0.000000 )
( -0.231881  0.000000 -0.004866 -0.000000  0.155209 -0.000000 )
(  0.003655  0.000000 -0.005429  0.000000  0.247579  0.000000 )
(  0.019558 -0.000000 -0.000352 -0.000000  0.028163 -0.000000 )
(  0.144276 -0.000000  0.007209  0.000000 -0.063828 -0.000000 )
( -0.009696 -0.000000  0.006003  0.000000 -0.204261 -0.000000 )
(  0.228762  0.000000  0.003633 -0.000000 -0.398129 -0.000000 )
( -0.231881  0.000000 -0.004866 -0.000000  0.155209 -0.000000 )
( -0.009696 -0.000000  0.006003 -0.000000 -0.204261 -0.000000 )
( -0.000000  0.000000  0.000000  0.000000 -0.000000  0.000000 )
( -0.018155 -0.000000 -0.012244 -0.000000  0.036885  0.000000 )
( -0.016113 -0.000000  0.019433  0.000000  0.038047  0.000000 )
(  0.018215  0.000000  0.147580 -0.000000 -0.005328  0.000000 )
(  0.017033  0.000000 -0.148648  0.000000 -0.002150  0.000000 )
( -0.034955  0.000000  0.001485  0.000000  0.007299  0.000000 )
(  0.017033  0.000000 -0.148648  0.000000 -0.002150  0.000000 )
(  0.018215  0.000000  0.147580 -0.000000 -0.005328  0.000000 )
( -0.016113 -0.000000  0.019433  0.000000  0.038047 -0.000000 )
( -0.018155 -0.000000 -0.012244 -0.000000  0.036885  0.000000 )
(  0.025646  0.000000 -0.001577  0.000000 -0.065432  0.000000 )
( -0.007292  0.000000  0.106712  0.000000 -0.017117 -0.000000 )
( -0.009716  0.000000 -0.107886 -0.000000 -0.015278 -0.000000 )
(  0.027258 -0.000000  0.009390 -0.000000 -0.045788 -0.000000 )
(  0.029627  0.000000 -0.014928  0.000000 -0.043440 -0.000000 )
( -0.000000  0.000000  0.000000  0.000000 -0.000000 -0.000000 )
(  0.029627 -0.000000 -0.014928  0.000000 -0.043440 -0.000000 )
(  0.027258  0.000000  0.009390 -0.000000 -0.045788 -0.000000 )
( -0.009716  0.000000 -0.107886 -0.000000 -0.015278 -0.000000 )
( -0.007292  0.000000  0.106712  0.000000 -0.017117 -0.000000 )
     freq (  82) =       6.668816 [THz] =     222.447749 [cm-1]
( -0.015590 -0.000000 -0.000728 -0.000000 -0.008308 -0.000000 )
( -0.015590 -0.000000 -0.000728 -0.000000 -0.008308  0.000000 )
(  0.010952  0.000000 -0.001669  0.000000  0.004974  0.000000 )
(  0.010952  0.000000 -0.001669 -0.000000  0.004974  0.000000 )
(  0.245148  0.000000  0.000122  0.000000  0.152529 -0.000000 )
( -0.235187  0.000000 -0.003438 -0.000000  0.135950 -0.000000 )
(  0.152265 -0.000000  0.001254 -0.000000  0.102124  0.000000 )
(  0.101185 -0.000000 -0.004572  0.000000  0.060266 -0.000000 )
(  0.210627 -0.000000 -0.004312 -0.000000  0.049336  0.000000 )
(  0.152265 -0.000000  0.001254 -0.000000  0.102124  0.000000 )
(  0.101185 -0.000000 -0.004572 -0.000000  0.060266 -0.000000 )
( -0.235187 -0.000000 -0.003438  0.000000  0.135950 -0.000000 )
(  0.014850 -0.000000 -0.002485  0.000000 -0.257783 -0.000000 )
(  0.245148  0.000000  0.000122  0.000000  0.152529 -0.000000 )
(  0.210627  0.000000 -0.004312  0.000000  0.049336 -0.000000 )
(  0.014850 -0.000000 -0.002485  0.000000 -0.257783  0.000000 )
( -0.000000 -0.000000 -0.000000 -0.000000 -0.000000 -0.000000 )
(  0.009011 -0.000000 -0.205392 -0.000000  0.002636  0.000000 )
(  0.008019 -0.000000  0.209050 -0.000000  0.004690 -0.000000 )
( -0.013196  0.000000  0.040537 -0.000000  0.026022  0.000000 )
( -0.017816  0.000000 -0.050868 -0.000000  0.024779  0.000000 )
( -0.276629  0.000000  0.000247  0.000000 -0.161149  0.000000 )
( -0.017816  0.000000 -0.050868  0.000000  0.024779  0.000000 )
( -0.013196  0.000000  0.040537  0.000000  0.026022  0.000000 )
(  0.008019 -0.000000  0.209050  0.000000  0.004690  0.000000 )
(  0.009011 -0.000000 -0.205392  0.000000  0.002636 -0.000000 )
( -0.045051  0.000000  0.000386 -0.000000 -0.014240  0.000000 )
(  0.015470  0.000000 -0.056292  0.000000 -0.018402  0.000000 )
(  0.014049  0.000000  0.075082 -0.000000 -0.021422 -0.000000 )
(  0.009656  0.000000 -0.112865 -0.000000  0.009763 -0.000000 )
(  0.008016 -0.000000  0.117118  0.000000  0.013471 -0.000000 )
( -0.000000 -0.000000  0.000000 -0.000000 -0.000000  0.000000 )
(  0.008016  0.000000  0.117118  0.000000  0.013471 -0.000000 )
(  0.009656 -0.000000 -0.112865 -0.000000  0.009763 -0.000000 )
(  0.014049  0.000000  0.075082 -0.000000 -0.021422  0.000000 )
(  0.015470  0.000000 -0.056292  0.000000 -0.018402 -0.000000 )
     freq (  83) =       6.767451 [THz] =     225.737856 [cm-1]
(  0.006342  0.000000 -0.005707  0.000000 -0.016622 -0.000000 )
( -0.006342 -0.000000  0.005707 -0.000000  0.016622  0.000000 )
(  0.010099 -0.000000 -0.012322 -0.000000 -0.012974  0.000000 )
( -0.010099 -0.000000  0.012322  0.000000  0.012974 -0.000000 )
(  0.150249  0.000000 -0.000224 -0.000000  0.080576  0.000000 )
(  0.220838  0.000000  0.002681  0.000000 -0.172172 -0.000000 )
( -0.133075  0.000000  0.004672 -0.000000 -0.262298  0.000000 )
( -0.067935  0.000000 -0.000559  0.000000  0.111859  0.000000 )
(  0.291850 -0.000000  0.005046 -0.000000 -0.008525  0.000000 )
(  0.133075  0.000000 -0.004672 -0.000000  0.262298 -0.000000 )
(  0.067935  0.000000  0.000559 -0.000000 -0.111859  0.000000 )
( -0.220838  0.000000 -0.002681  0.000000  0.172172 -0.000000 )
(  0.036557  0.000000  0.005819  0.000000 -0.291937  0.000000 )
( -0.150249  0.000000  0.000224  0.000000 -0.080576 -0.000000 )
( -0.291850  0.000000 -0.005046  0.000000  0.008525  0.000000 )
( -0.036557  0.000000 -0.005819  0.000000  0.291937 -0.000000 )
(  0.140364 -0.000000 -0.001952  0.000000 -0.005158  0.000000 )
(  0.006003 -0.000000 -0.185121  0.000000  0.004942  0.000000 )
( -0.006330 -0.000000 -0.185240  0.000000 -0.003441  0.000000 )
(  0.017714 -0.000000 -0.002879  0.000000 -0.041661  0.000000 )
( -0.018658  0.000000  0.008641 -0.000000  0.041568 -0.000000 )
( -0.000000 -0.000000 -0.000000  0.000000 -0.000000 -0.000000 )
(  0.018658 -0.000000 -0.008641 -0.000000 -0.041568  0.000000 )
( -0.017714  0.000000  0.002879  0.000000  0.041661 -0.000000 )
(  0.006330 -0.000000  0.185240 -0.000000  0.003441  0.000000 )
( -0.006003 -0.000000  0.185121 -0.000000 -0.004942  0.000000 )
( -0.000000 -0.000000 -0.000000 -0.000000 -0.000000 -0.000000 )
( -0.025989 -0.000000 -0.004995  0.000000  0.036074 -0.000000 )
(  0.024615 -0.000000 -0.010899 -0.000000 -0.035408  0.000000 )
( -0.038973  0.000000 -0.088810  0.000000 -0.022326  0.000000 )
(  0.037657  0.000000 -0.087697  0.000000  0.023820 -0.000000 )
(  0.072363  0.000000  0.002029 -0.000000  0.120488 -0.000000 )
( -0.037657  0.000000  0.087697 -0.000000 -0.023820  0.000000 )
(  0.038973  0.000000  0.088810 -0.000000  0.022326 -0.000000 )
( -0.024615 -0.000000  0.010899 -0.000000  0.035408 -0.000000 )
(  0.025989 -0.000000  0.004995  0.000000 -0.036074  0.000000 )
     freq (  84) =       6.884361 [THz] =     229.637550 [cm-1]
( -0.003424 -0.000000  0.004227  0.000000  0.007754  0.000000 )
( -0.003424 -0.000000  0.004227  0.000000  0.007754 -0.000000 )
(  0.006211  0.000000 -0.002809 -0.000000 -0.007602 -0.000000 )
(  0.006211  0.000000 -0.002809 -0.000000 -0.007602 -0.000000 )
(  0.281745  0.000000  0.004454  0.000000 -0.448480 -0.000000 )
( -0.158165 -0.000000 -0.002364 -0.000000  0.045474  0.000000 )
( -0.007849  0.000000  0.001263 -0.000000 -0.179100 -0.000000 )
(  0.006030  0.000000  0.000714  0.000000 -0.068181 -0.000000 )
(  0.216063  0.000000  0.001407 -0.000000 -0.137476 -0.000000 )
( -0.007849  0.000000  0.001263  0.000000 -0.179100 -0.000000 )
(  0.006030  0.000000  0.000714  0.000000 -0.068181  0.000000 )
( -0.158165 -0.000000 -0.002364 -0.000000  0.045474  0.000000 )
(  0.027638 -0.000000 -0.001512 -0.000000  0.219999  0.000000 )
(  0.281745  0.000000  0.004454  0.000000 -0.448480  0.000000 )
(  0.216063  0.000000  0.001407 -0.000000 -0.137476  0.000000 )
(  0.027638  0.000000 -0.001512  0.000000  0.219999 -0.000000 )
(  0.000000 -0.000000 -0.000000  0.000000  0.000000  0.000000 )
(  0.004541  0.000000  0.005636 -0.000000 -0.024268 -0.000000 )
(  0.006080  0.000000 -0.014297  0.000000 -0.023650 -0.000000 )
( -0.021805 -0.000000 -0.106535  0.000000 -0.003881  0.000000 )
( -0.022363 -0.000000  0.105974  0.000000 -0.004033  0.000000 )
( -0.008992 -0.000000 -0.000828  0.000000  0.054374 -0.000000 )
( -0.022363 -0.000000  0.105974 -0.000000 -0.004033  0.000000 )
( -0.021805 -0.000000 -0.106535 -0.000000 -0.003881  0.000000 )
(  0.006080  0.000000 -0.014297  0.000000 -0.023650 -0.000000 )
(  0.004541  0.000000  0.005636 -0.000000 -0.024268 -0.000000 )
( -0.031984 -0.000000  0.000837  0.000000  0.081654 -0.000000 )
(  0.013932  0.000000 -0.059328 -0.000000  0.011481  0.000000 )
(  0.014674 -0.000000  0.060394  0.000000  0.011961  0.000000 )
( -0.018278  0.000000 -0.018466 -0.000000  0.019876  0.000000 )
( -0.016753  0.000000  0.024567  0.000000  0.020166  0.000000 )
(  0.000000  0.000000  0.000000 -0.000000  0.000000 -0.000000 )
( -0.016753  0.000000  0.024567  0.000000  0.020166  0.000000 )
( -0.018278  0.000000 -0.018466 -0.000000  0.019876  0.000000 )
(  0.014674  0.000000  0.060394  0.000000  0.011961  0.000000 )
(  0.013932 -0.000000 -0.059328 -0.000000  0.011481  0.000000 )
     freq (  85) =       7.048565 [THz] =     235.114836 [cm-1]
( -0.002090 -0.000000 -0.002931 -0.000000  0.003900 -0.000000 )
(  0.002090  0.000000  0.002931 -0.000000 -0.003900 -0.000000 )
(  0.004861  0.000000  0.006846  0.000000  0.008260  0.000000 )
( -0.004861 -0.000000 -0.006846 -0.000000 -0.008260  0.000000 )
(  0.087781  0.000000 -0.008880 -0.000000  0.047337  0.000000 )
(  0.095334  0.000000 -0.002335 -0.000000 -0.177653 -0.000000 )
( -0.137262 -0.000000  0.000975  0.000000  0.388500  0.000000 )
(  0.039542 -0.000000 -0.001574 -0.000000  0.174528  0.000000 )
( -0.154234 -0.000000 -0.002755  0.000000  0.227445  0.000000 )
(  0.137262  0.000000 -0.000975 -0.000000 -0.388500  0.000000 )
( -0.039542  0.000000  0.001574  0.000000 -0.174528  0.000000 )
( -0.095334 -0.000000  0.002335 -0.000000  0.177653  0.000000 )
(  0.132789  0.000000 -0.000286  0.000000 -0.081898 -0.000000 )
( -0.087781 -0.000000  0.008880 -0.000000 -0.047337 -0.000000 )
(  0.154234  0.000000  0.002755 -0.000000 -0.227445 -0.000000 )
( -0.132789 -0.000000  0.000286 -0.000000  0.081898  0.000000 )
(  0.151705 -0.000000 -0.000417 -0.000000  0.072944 -0.000000 )
(  0.011498 -0.000000 -0.084500 -0.000000 -0.001151  0.000000 )
( -0.009343 -0.000000 -0.085894 -0.000000  0.002326  0.000000 )
( -0.038621  0.000000 -0.052296 -0.000000 -0.005592  0.000000 )
(  0.036240  0.000000 -0.047463 -0.000000  0.006965  0.000000 )
( -0.000000  0.000000 -0.000000 -0.000000  0.000000 -0.000000 )
( -0.036240  0.000000  0.047463  0.000000 -0.006965  0.000000 )
(  0.038621  0.000000  0.052296  0.000000  0.005592  0.000000 )
(  0.009343 -0.000000  0.085894  0.000000 -0.002326  0.000000 )
( -0.011498 -0.000000  0.084500  0.000000  0.001151  0.000000 )
(  0.000000  0.000000  0.000000 -0.000000 -0.000000  0.000000 )
( -0.009391 -0.000000  0.139444  0.000000 -0.028218 -0.000000 )
(  0.008277 -0.000000  0.149167 -0.000000  0.030111 -0.000000 )
(  0.025572 -0.000000  0.154241  0.000000  0.026930 -0.000000 )
( -0.026163  0.000000  0.158105  0.000000 -0.026559 -0.000000 )
(  0.160167  0.000000 -0.001351  0.000000  0.074328  0.000000 )
(  0.026163 -0.000000 -0.158105 -0.000000  0.026559 -0.000000 )
( -0.025572  0.000000 -0.154241 -0.000000 -0.026930 -0.000000 )
( -0.008277 -0.000000 -0.149167 -0.000000 -0.030111 -0.000000 )
(  0.009391 -0.000000 -0.139444  0.000000  0.028218 -0.000000 )
     freq (  86) =       7.106693 [THz] =     237.053776 [cm-1]
( -0.013703 -0.000000 -0.000913  0.000000 -0.006757 -0.000000 )
(  0.013703  0.000000  0.000913 -0.000000  0.006757  0.000000 )
( -0.010694  0.000000  0.001739 -0.000000 -0.005677  0.000000 )
(  0.010694 -0.000000 -0.001739 -0.000000  0.005677 -0.000000 )
(  0.049449  0.000000 -0.007351 -0.000000  0.059661  0.000000 )
( -0.094336  0.000000  0.002918 -0.000000  0.050530  0.000000 )
(  0.063899  0.000000 -0.001393  0.000000 -0.113591  0.000000 )
( -0.381257  0.000000 -0.000929 -0.000000 -0.181044  0.000000 )
( -0.269009 -0.000000 -0.000484 -0.000000  0.186209  0.000000 )
( -0.063899 -0.000000  0.001393 -0.000000  0.113591 -0.000000 )
(  0.381257 -0.000000  0.000929 -0.000000  0.181044 -0.000000 )
(  0.094336 -0.000000 -0.002918  0.000000 -0.050530  0.000000 )
(  0.010957  0.000000 -0.001198  0.000000 -0.228707 -0.000000 )
( -0.049449 -0.000000  0.007351 -0.000000 -0.059661 -0.000000 )
(  0.269009  0.000000  0.000484  0.000000 -0.186209  0.000000 )
( -0.010957  0.000000  0.001198 -0.000000  0.228707  0.000000 )
( -0.060591  0.000000 -0.000109 -0.000000  0.014789 -0.000000 )
( -0.014618  0.000000 -0.047413 -0.000000  0.024385 -0.000000 )
(  0.013958  0.000000 -0.036516 -0.000000 -0.023483  0.000000 )
(  0.004831  0.000000 -0.196368  0.000000  0.020373  0.000000 )
( -0.003430  0.000000 -0.194774 -0.000000 -0.023227  0.000000 )
( -0.000000 -0.000000 -0.000000  0.000000  0.000000 -0.000000 )
(  0.003430  0.000000  0.194774 -0.000000  0.023227 -0.000000 )
( -0.004831  0.000000  0.196368  0.000000 -0.020373  0.000000 )
( -0.013958  0.000000  0.036516  0.000000  0.023483 -0.000000 )
(  0.014618  0.000000  0.047413  0.000000 -0.024385  0.000000 )
(  0.000000 -0.000000 -0.000000  0.000000 -0.000000 -0.000000 )
( -0.027209  0.000000 -0.127305  0.000000 -0.010807  0.000000 )
(  0.028662  0.000000 -0.123631  0.000000  0.007336  0.000000 )
(  0.019307  0.000000  0.064736  0.000000 -0.026072  0.000000 )
( -0.024003  0.000000  0.050140  0.000000  0.022803  0.000000 )
(  0.008492 -0.000000 -0.000127  0.000000  0.040595 -0.000000 )
(  0.024003  0.000000 -0.050140 -0.000000 -0.022803  0.000000 )
( -0.019307  0.000000 -0.064736 -0.000000  0.026072  0.000000 )
( -0.028662  0.000000  0.123631 -0.000000 -0.007336 -0.000000 )
(  0.027209  0.000000  0.127305 -0.000000  0.010807  0.000000 )
     freq (  87) =       7.201685 [THz] =     240.222367 [cm-1]
(  0.001851 -0.000000 -0.001530 -0.000000 -0.002057 -0.000000 )
( -0.001851  0.000000  0.001530  0.000000  0.002057  0.000000 )
(  0.004671 -0.000000 -0.002194  0.000000  0.000240 -0.000000 )
( -0.004671  0.000000  0.002194  0.000000 -0.000240  0.000000 )
(  0.230799  0.000000  0.008074  0.000000  0.130348  0.000000 )
(  0.209200  0.000000 -0.001088  0.000000  0.024265  0.000000 )
(  0.284368  0.000000 -0.001944 -0.000000  0.083839  0.000000 )
(  0.032625 -0.000000 -0.000831  0.000000  0.083420 -0.000000 )
( -0.183757 -0.000000  0.004140  0.000000 -0.304462  0.000000 )
( -0.284368  0.000000  0.001944  0.000000 -0.083839  0.000000 )
( -0.032625  0.000000  0.000831 -0.000000 -0.083420  0.000000 )
( -0.209200  0.000000  0.001088 -0.000000 -0.024265  0.000000 )
( -0.141657  0.000000  0.001557 -0.000000 -0.108240 -0.000000 )
( -0.230799  0.000000 -0.008074  0.000000 -0.130348 -0.000000 )
(  0.183757  0.000000 -0.004140 -0.000000  0.304462  0.000000 )
(  0.141657 -0.000000 -0.001557  0.000000  0.108240  0.000000 )
( -0.249678  0.000000  0.000003 -0.000000 -0.111745  0.000000 )
( -0.012692 -0.000000 -0.105385 -0.000000 -0.010833  0.000000 )
(  0.012123 -0.000000 -0.101612 -0.000000  0.010995 -0.000000 )
(  0.004705  0.000000 -0.004589 -0.000000 -0.006245  0.000000 )
( -0.004979  0.000000 -0.001055 -0.000000  0.005363 -0.000000 )
( -0.000000 -0.000000 -0.000000  0.000000  0.000000  0.000000 )
(  0.004979 -0.000000  0.001055  0.000000 -0.005363  0.000000 )
( -0.004705 -0.000000  0.004589  0.000000  0.006245 -0.000000 )
( -0.012123 -0.000000  0.101612  0.000000 -0.010995  0.000000 )
(  0.012692 -0.000000  0.105385  0.000000  0.010833 -0.000000 )
(  0.000000 -0.000000  0.000000  0.000000 -0.000000 -0.000000 )
(  0.004495 -0.000000  0.055669 -0.000000  0.007415 -0.000000 )
( -0.004761  0.000000  0.059203 -0.000000 -0.007807  0.000000 )
( -0.022320  0.000000  0.056642  0.000000 -0.007633 -0.000000 )
(  0.022263 -0.000000  0.066452  0.000000  0.008754  0.000000 )
( -0.259233 -0.000000  0.001068 -0.000000 -0.211907 -0.000000 )
( -0.022263  0.000000 -0.066452 -0.000000 -0.008754 -0.000000 )
(  0.022320 -0.000000 -0.056642 -0.000000  0.007633  0.000000 )
(  0.004761 -0.000000 -0.059203  0.000000  0.007807 -0.000000 )
( -0.004495  0.000000 -0.055669  0.000000 -0.007415  0.000000 )
     freq (  88) =       7.516611 [THz] =     250.727145 [cm-1]
( -0.001169 -0.000000 -0.000309  0.000000  0.000049 -0.000000 )
(  0.001169 -0.000000  0.000309  0.000000 -0.000049 -0.000000 )
( -0.000434  0.000000  0.000094 -0.000000 -0.000608 -0.000000 )
(  0.000434  0.000000 -0.000094 -0.000000  0.000608  0.000000 )
( -0.050456  0.000000 -0.006427  0.000000  0.047909  0.000000 )
( -0.101848 -0.000000  0.010918  0.000000 -0.195424  0.000000 )
( -0.400589  0.000000 -0.005687 -0.000000 -0.013015 -0.000000 )
( -0.086040  0.000000 -0.000030  0.000000 -0.054234  0.000000 )
( -0.204597 -0.000000  0.004581 -0.000000 -0.335116 -0.000000 )
(  0.400589  0.000000  0.005687 -0.000000  0.013015 -0.000000 )
(  0.086040  0.000000  0.000030  0.000000  0.054234  0.000000 )
(  0.101848  0.000000 -0.010918  0.000000  0.195424  0.000000 )
( -0.119173 -0.000000 -0.007414  0.000000  0.012478 -0.000000 )
(  0.050456  0.000000  0.006427  0.000000 -0.047909 -0.000000 )
(  0.204597 -0.000000 -0.004581 -0.000000  0.335116 -0.000000 )
(  0.119173 -0.000000  0.007414  0.000000 -0.012478 -0.000000 )
(  0.311434  0.000000  0.000353  0.000000  0.165878  0.000000 )
( -0.005718 -0.000000  0.009638 -0.000000  0.014602  0.000000 )
(  0.004547 -0.000000 -0.001577  0.000000 -0.014757 -0.000000 )
(  0.008765 -0.000000 -0.006027  0.000000  0.006663 -0.000000 )
( -0.006444 -0.000000 -0.005882 -0.000000 -0.010702 -0.000000 )
( -0.000000  0.000000  0.000000 -0.000000 -0.000000  0.000000 )
(  0.006444 -0.000000  0.005882 -0.000000  0.010702 -0.000000 )
( -0.008765 -0.000000  0.006027  0.000000 -0.006663 -0.000000 )
( -0.004547 -0.000000  0.001577  0.000000  0.014757  0.000000 )
(  0.005718 -0.000000 -0.009638 -0.000000 -0.014602 -0.000000 )
( -0.000000  0.000000  0.000000 -0.000000  0.000000 -0.000000 )
( -0.010999 -0.000000 -0.006317 -0.000000 -0.007016 -0.000000 )
(  0.014091  0.000000 -0.004836  0.000000  0.002516  0.000000 )
(  0.003030  0.000000 -0.003776 -0.000000 -0.009282 -0.000000 )
( -0.007068 -0.000000 -0.001357  0.000000  0.007054 -0.000000 )
( -0.226918 -0.000000  0.000462  0.000000 -0.185700 -0.000000 )
(  0.007068  0.000000  0.001357  0.000000 -0.007054 -0.000000 )
( -0.003030 -0.000000  0.003776 -0.000000  0.009282 -0.000000 )
( -0.014091 -0.000000  0.004836  0.000000 -0.002516  0.000000 )
(  0.010999  0.000000  0.006317 -0.000000  0.007016  0.000000 )
     freq (  89) =       7.516978 [THz] =     250.739393 [cm-1]
( -0.001609  0.000000  0.002087 -0.000000 -0.000244  0.000000 )
( -0.001609  0.000000  0.002087 -0.000000 -0.000244  0.000000 )
(  0.001547 -0.000000 -0.002141  0.000000  0.000196 -0.000000 )
(  0.001547 -0.000000 -0.002141  0.000000  0.000196  0.000000 )
(  0.052087 -0.000000  0.008966 -0.000000  0.018125  0.000000 )
(  0.050994 -0.000000  0.006271  0.000000  0.193500 -0.000000 )
(  0.199212 -0.000000 -0.003139 -0.000000 -0.014951 -0.000000 )
(  0.066382 -0.000000  0.003231 -0.000000  0.071939 -0.000000 )
( -0.187345 -0.000000 -0.002532  0.000000 -0.402864  0.000000 )
(  0.199212  0.000000 -0.003139  0.000000 -0.014951  0.000000 )
(  0.066382  0.000000  0.003231 -0.000000  0.071939  0.000000 )
(  0.050994  0.000000  0.006271 -0.000000  0.193500  0.000000 )
( -0.364403  0.000000  0.008537 -0.000000 -0.038002  0.000000 )
(  0.052087  0.000000  0.008966 -0.000000  0.018125 -0.000000 )
( -0.187345  0.000000 -0.002532 -0.000000 -0.402864  0.000000 )
( -0.364403  0.000000  0.008537  0.000000 -0.038002  0.000000 )
(  0.000000  0.000000  0.000000  0.000000  0.000000  0.000000 )
( -0.006258 -0.000000 -0.026420  0.000000  0.001607  0.000000 )
( -0.004965  0.000000  0.019250 -0.000000  0.001594 -0.000000 )
( -0.020449  0.000000  0.013849 -0.000000 -0.008045  0.000000 )
( -0.021354  0.000000 -0.019094  0.000000 -0.006200 -0.000000 )
(  0.034843 -0.000000 -0.000776  0.000000  0.293470 -0.000000 )
( -0.021354  0.000000 -0.019094  0.000000 -0.006200  0.000000 )
( -0.020449  0.000000  0.013849 -0.000000 -0.008045 -0.000000 )
( -0.004965 -0.000000  0.019250 -0.000000  0.001594  0.000000 )
( -0.006258  0.000000 -0.026420  0.000000  0.001607 -0.000000 )
(  0.197990 -0.000000 -0.000127 -0.000000 -0.127368  0.000000 )
(  0.004105 -0.000000 -0.022704  0.000000  0.002983 -0.000000 )
(  0.003239  0.000000  0.021150 -0.000000  0.003844 -0.000000 )
( -0.000427  0.000000 -0.012278  0.000000 -0.006046 -0.000000 )
(  0.001073 -0.000000  0.016854 -0.000000 -0.004672  0.000000 )
( -0.000000 -0.000000  0.000000  0.000000 -0.000000 -0.000000 )
(  0.001073  0.000000  0.016854 -0.000000 -0.004672 -0.000000 )
( -0.000427 -0.000000 -0.012278  0.000000 -0.006046  0.000000 )
(  0.003239 -0.000000  0.021150 -0.000000  0.003844 -0.000000 )
(  0.004105  0.000000 -0.022704  0.000000  0.002983  0.000000 )
     freq (  90) =       7.539232 [THz] =     251.481724 [cm-1]
( -0.001763 -0.000000 -0.001649  0.000000 -0.000696  0.000000 )
( -0.001763 -0.000000 -0.001649  0.000000 -0.000696 -0.000000 )
(  0.001983  0.000000  0.000480 -0.000000  0.000892  0.000000 )
(  0.001983  0.000000  0.000480 -0.000000  0.000892  0.000000 )
(  0.079389 -0.000000  0.004540  0.000000  0.052768  0.000000 )
( -0.267616  0.000000  0.006716  0.000000 -0.288331  0.000000 )
( -0.358390  0.000000  0.000632 -0.000000 -0.004887  0.000000 )
(  0.190744 -0.000000  0.003537  0.000000  0.089730  0.000000 )
( -0.056384 -0.000000 -0.000075  0.000000 -0.052693 -0.000000 )
( -0.358390  0.000000  0.000632 -0.000000 -0.004887  0.000000 )
(  0.190744  0.000000  0.003537 -0.000000  0.089730  0.000000 )
( -0.267616  0.000000  0.006716 -0.000000 -0.288331  0.000000 )
( -0.141875 -0.000000  0.003445  0.000000 -0.087773 -0.000000 )
(  0.079389  0.000000  0.004540  0.000000  0.052768 -0.000000 )
( -0.056384 -0.000000 -0.000075 -0.000000 -0.052693 -0.000000 )
( -0.141875 -0.000000  0.003445  0.000000 -0.087773 -0.000000 )
(  0.000000  0.000000  0.000000  0.000000  0.000000  0.000000 )
( -0.005479 -0.000000 -0.046081 -0.000000 -0.006682  0.000000 )
( -0.005454 -0.000000  0.041952  0.000000 -0.005217 -0.000000 )
( -0.011156 -0.000000  0.044413  0.000000 -0.005701 -0.000000 )
( -0.010848 -0.000000 -0.050470 -0.000000 -0.003664 -0.000000 )
(  0.322995 -0.000000 -0.000561 -0.000000  0.066871  0.000000 )
( -0.010848 -0.000000 -0.050470 -0.000000 -0.003664 -0.000000 )
( -0.011156 -0.000000  0.044413 -0.000000 -0.005701 -0.000000 )
( -0.005454 -0.000000  0.041952  0.000000 -0.005217  0.000000 )
( -0.005479 -0.000000 -0.046081 -0.000000 -0.006682 -0.000000 )
(  0.242524 -0.000000 -0.001645  0.000000  0.250750 -0.000000 )
( -0.016231 -0.000000 -0.046952  0.000000 -0.015631  0.000000 )
( -0.019542  0.000000  0.042725  0.000000 -0.015153  0.000000 )
( -0.001731  0.000000 -0.006212 -0.000000  0.001720 -0.000000 )
( -0.001520 -0.000000  0.009635  0.000000  0.002995 -0.000000 )
( -0.000000 -0.000000  0.000000 -0.000000 -0.000000 -0.000000 )
( -0.001520  0.000000  0.009635  0.000000  0.002995 -0.000000 )
( -0.001731 -0.000000 -0.006212 -0.000000  0.001720 -0.000000 )
( -0.019542 -0.000000  0.042725  0.000000 -0.015153  0.000000 )
( -0.016231  0.000000 -0.046952 -0.000000 -0.015631  0.000000 )
     freq (  91) =       7.640598 [THz] =     254.862928 [cm-1]
( -0.000708  0.000000  0.002538 -0.000000  0.000993  0.000000 )
(  0.000708  0.000000 -0.002538  0.000000 -0.000993  0.000000 )
( -0.000258 -0.000000  0.002054  0.000000  0.000751 -0.000000 )
(  0.000258 -0.000000 -0.002054  0.000000 -0.000751 -0.000000 )
(  0.084256 -0.000000  0.003331 -0.000000  0.052804 -0.000000 )
(  0.163285 -0.000000  0.003852  0.000000  0.352110 -0.000000 )
( -0.290248  0.000000  0.000687  0.000000  0.055779 -0.000000 )
( -0.004213  0.000000 -0.004129  0.000000 -0.005189  0.000000 )
(  0.047482  0.000000  0.004845 -0.000000  0.200976  0.000000 )
(  0.290248  0.000000 -0.000687  0.000000 -0.055779 -0.000000 )
(  0.004213 -0.000000  0.004129 -0.000000  0.005189  0.000000 )
( -0.163285  0.000000 -0.003852  0.000000 -0.352110 -0.000000 )
( -0.387972  0.000000  0.006058 -0.000000  0.044659  0.000000 )
( -0.084256  0.000000 -0.003331  0.000000 -0.052804  0.000000 )
( -0.047482  0.000000 -0.004845 -0.000000 -0.200976  0.000000 )
(  0.387972 -0.000000 -0.006058  0.000000 -0.044659  0.000000 )
(  0.041499 -0.000000  0.000973 -0.000000 -0.226634  0.000000 )
( -0.021446  0.000000 -0.008657  0.000000 -0.009951  0.000000 )
(  0.020397 -0.000000 -0.006421 -0.000000  0.011742 -0.000000 )
(  0.000398 -0.000000 -0.000444  0.000000  0.001010 -0.000000 )
( -0.000123 -0.000000 -0.004230  0.000000 -0.000804 -0.000000 )
( -0.000000 -0.000000  0.000000 -0.000000 -0.000000 -0.000000 )
(  0.000123 -0.000000  0.004230 -0.000000  0.000804 -0.000000 )
( -0.000398  0.000000  0.000444  0.000000 -0.001010 -0.000000 )
( -0.020397  0.000000  0.006421 -0.000000 -0.011742  0.000000 )
(  0.021446 -0.000000  0.008657  0.000000  0.009951 -0.000000 )
(  0.000000  0.000000 -0.000000  0.000000  0.000000  0.000000 )
( -0.000482  0.000000  0.001759 -0.000000 -0.001346  0.000000 )
(  0.000486 -0.000000  0.005400 -0.000000  0.000455  0.000000 )
(  0.005920 -0.000000  0.026359  0.000000  0.003290 -0.000000 )
( -0.006724  0.000000  0.029263 -0.000000 -0.002471  0.000000 )
( -0.208512  0.000000 -0.000863  0.000000  0.105603 -0.000000 )
(  0.006724 -0.000000 -0.029263 -0.000000  0.002471 -0.000000 )
( -0.005920  0.000000 -0.026359  0.000000 -0.003290  0.000000 )
( -0.000486  0.000000 -0.005400 -0.000000 -0.000455  0.000000 )
(  0.000482 -0.000000 -0.001759 -0.000000  0.001346  0.000000 )
     freq (  92) =       7.666663 [THz] =     255.732348 [cm-1]
(  0.003030  0.000000  0.000888  0.000000  0.001708  0.000000 )
(  0.003030  0.000000  0.000888  0.000000  0.001708  0.000000 )
( -0.002373 -0.000000  0.000243  0.000000 -0.001719 -0.000000 )
( -0.002373 -0.000000  0.000243 -0.000000 -0.001719 -0.000000 )
( -0.051157 -0.000000  0.000954  0.000000 -0.029043 -0.000000 )
( -0.032300  0.000000  0.005497  0.000000 -0.262323 -0.000000 )
(  0.276752  0.000000  0.003053  0.000000 -0.078905 -0.000000 )
(  0.016922 -0.000000 -0.000918 -0.000000 -0.042761 -0.000000 )
(  0.068267  0.000000 -0.007811 -0.000000  0.252142  0.000000 )
(  0.276752  0.000000  0.003053  0.000000 -0.078905 -0.000000 )
(  0.016922  0.000000 -0.000918  0.000000 -0.042761 -0.000000 )
( -0.032300 -0.000000  0.005497  0.000000 -0.262323 -0.000000 )
( -0.353122 -0.000000 -0.006366 -0.000000  0.105138  0.000000 )
( -0.051157 -0.000000  0.000954  0.000000 -0.029043 -0.000000 )
(  0.068267  0.000000 -0.007811 -0.000000  0.252142  0.000000 )
( -0.353122  0.000000 -0.006366 -0.000000  0.105138  0.000000 )
( -0.000000  0.000000 -0.000000  0.000000  0.000000 -0.000000 )
( -0.007239 -0.000000  0.050444  0.000000 -0.003701 -0.000000 )
( -0.007965  0.000000 -0.050315 -0.000000 -0.001388  0.000000 )
(  0.001879  0.000000 -0.000092 -0.000000 -0.003085 -0.000000 )
(  0.000197 -0.000000  0.010012  0.000000 -0.003267 -0.000000 )
( -0.327552 -0.000000 -0.000216 -0.000000 -0.139642 -0.000000 )
(  0.000197  0.000000  0.010012  0.000000 -0.003267 -0.000000 )
(  0.001879  0.000000 -0.000092  0.000000 -0.003085 -0.000000 )
( -0.007965 -0.000000 -0.050315 -0.000000 -0.001388 -0.000000 )
( -0.007239  0.000000  0.050444  0.000000 -0.003701  0.000000 )
(  0.320325  0.000000  0.000703  0.000000  0.171713  0.000000 )
(  0.002328  0.000000  0.000359 -0.000000  0.001649  0.000000 )
(  0.001288  0.000000 -0.006935 -0.000000  0.001410  0.000000 )
(  0.001585  0.000000  0.038465  0.000000  0.001605  0.000000 )
(  0.000689 -0.000000 -0.035658 -0.000000  0.003202  0.000000 )
(  0.000000 -0.000000  0.000000 -0.000000 -0.000000  0.000000 )
(  0.000689  0.000000 -0.035658 -0.000000  0.003202  0.000000 )
(  0.001585 -0.000000  0.038465  0.000000  0.001605  0.000000 )
(  0.001288  0.000000 -0.006935 -0.000000  0.001410  0.000000 )
(  0.002328  0.000000  0.000359 -0.000000  0.001649  0.000000 )
     freq (  93) =       7.744584 [THz] =     258.331518 [cm-1]
(  0.000609  0.000000 -0.000140  0.000000 -0.000829  0.000000 )
( -0.000609  0.000000  0.000140  0.000000  0.000829  0.000000 )
( -0.000249 -0.000000  0.000269 -0.000000  0.001368  0.000000 )
(  0.000249 -0.000000 -0.000269 -0.000000 -0.001368 -0.000000 )
(  0.132517 -0.000000 -0.002620 -0.000000 -0.218213  0.000000 )
( -0.206254  0.000000  0.003866 -0.000000 -0.336672  0.000000 )
(  0.192338  0.000000 -0.002178  0.000000  0.054481 -0.000000 )
( -0.016999 -0.000000 -0.000824 -0.000000 -0.005315  0.000000 )
(  0.130256 -0.000000  0.002727  0.000000  0.166096  0.000000 )
( -0.192338  0.000000  0.002178  0.000000 -0.054481 -0.000000 )
(  0.016999 -0.000000  0.000824 -0.000000  0.005315  0.000000 )
(  0.206254 -0.000000 -0.003866 -0.000000  0.336672 -0.000000 )
( -0.416753  0.000000 -0.005898 -0.000000 -0.013452  0.000000 )
( -0.132517  0.000000  0.002620 -0.000000  0.218213 -0.000000 )
( -0.130256  0.000000 -0.002727 -0.000000 -0.166096  0.000000 )
(  0.416753 -0.000000  0.005898 -0.000000  0.013452  0.000000 )
(  0.084756 -0.000000  0.000186  0.000000  0.104319 -0.000000 )
(  0.003369 -0.000000  0.001176  0.000000 -0.008253 -0.000000 )
( -0.004039  0.000000 -0.004573 -0.000000  0.008036 -0.000000 )
(  0.004939 -0.000000  0.001038 -0.000000 -0.007509  0.000000 )
( -0.003803 -0.000000  0.001638  0.000000  0.004401  0.000000 )
( -0.000000 -0.000000 -0.000000 -0.000000 -0.000000 -0.000000 )
(  0.003803 -0.000000 -0.001638  0.000000 -0.004401  0.000000 )
( -0.004939 -0.000000 -0.001038 -0.000000  0.007509  0.000000 )
(  0.004039 -0.000000  0.004573 -0.000000 -0.008036 -0.000000 )
( -0.003369  0.000000 -0.001176  0.000000  0.008253 -0.000000 )
(  0.000000  0.000000  0.000000  0.000000  0.000000 -0.000000 )
(  0.002176 -0.000000  0.005443  0.000000 -0.008995  0.000000 )
( -0.001641  0.000000  0.006511 -0.000000  0.008150  0.000000 )
(  0.005837  0.000000  0.003823  0.000000 -0.009288  0.000000 )
( -0.007329 -0.000000  0.005801 -0.000000  0.008302 -0.000000 )
( -0.143128  0.000000  0.000143 -0.000000 -0.011692  0.000000 )
(  0.007329  0.000000 -0.005801 -0.000000 -0.008302  0.000000 )
( -0.005837  0.000000 -0.003823  0.000000  0.009288 -0.000000 )
(  0.001641 -0.000000 -0.006511 -0.000000 -0.008150  0.000000 )
( -0.002176 -0.000000 -0.005443  0.000000  0.008995  0.000000 )
     freq (  94) =       7.802369 [THz] =     260.259016 [cm-1]
(  0.000427 -0.000000 -0.000685 -0.000000 -0.001158 -0.000000 )
(  0.000427  0.000000 -0.000685  0.000000 -0.001158 -0.000000 )
(  0.001258  0.000000  0.000246 -0.000000 -0.000860 -0.000000 )
(  0.001258  0.000000  0.000246  0.000000 -0.000860 -0.000000 )
(  0.001757 -0.000000 -0.002365 -0.000000  0.017765  0.000000 )
(  0.174093  0.000000 -0.000990 -0.000000  0.265758  0.000000 )
( -0.271715 -0.000000  0.000410  0.000000 -0.012742 -0.000000 )
(  0.212692 -0.000000  0.002478 -0.000000 -0.386635 -0.000000 )
(  0.136096 -0.000000  0.003793 -0.000000  0.180766 -0.000000 )
( -0.271715 -0.000000  0.000410  0.000000 -0.012742  0.000000 )
(  0.212692 -0.000000  0.002478 -0.000000 -0.386635  0.000000 )
(  0.174093 -0.000000 -0.000990 -0.000000  0.265758 -0.000000 )
( -0.258649  0.000000  0.001344 -0.000000 -0.047626  0.000000 )
(  0.001757  0.000000 -0.002365 -0.000000  0.017765 -0.000000 )
(  0.136096  0.000000  0.003793  0.000000  0.180766  0.000000 )
( -0.258649 -0.000000  0.001344 -0.000000 -0.047626  0.000000 )
( -0.000000  0.000000  0.000000 -0.000000 -0.000000 -0.000000 )
( -0.006251  0.000000 -0.007294  0.000000  0.012969  0.000000 )
( -0.006744 -0.000000  0.008237  0.000000  0.012226 -0.000000 )
(  0.007989  0.000000 -0.001529 -0.000000 -0.012979  0.000000 )
(  0.007996  0.000000 -0.001712  0.000000 -0.013288 -0.000000 )
( -0.027234 -0.000000  0.000092  0.000000  0.106824 -0.000000 )
(  0.007996  0.000000 -0.001712  0.000000 -0.013288  0.000000 )
(  0.007989  0.000000 -0.001529  0.000000 -0.012979  0.000000 )
( -0.006744  0.000000  0.008237  0.000000  0.012226  0.000000 )
( -0.006251 -0.000000 -0.007294  0.000000  0.012969 -0.000000 )
( -0.053169 -0.000000  0.000011 -0.000000  0.014334 -0.000000 )
(  0.009170 -0.000000  0.001512 -0.000000 -0.014125  0.000000 )
(  0.010591 -0.000000 -0.002113 -0.000000 -0.014722 -0.000000 )
( -0.006214 -0.000000 -0.004659 -0.000000  0.013193 -0.000000 )
( -0.005759 -0.000000  0.001903 -0.000000  0.012048 -0.000000 )
( -0.000000  0.000000  0.000000  0.000000  0.000000 -0.000000 )
( -0.005759 -0.000000  0.001903  0.000000  0.012048 -0.000000 )
( -0.006214  0.000000 -0.004659  0.000000  0.013193 -0.000000 )
(  0.010591 -0.000000 -0.002113  0.000000 -0.014722  0.000000 )
(  0.009170 -0.000000  0.001512  0.000000 -0.014125  0.000000 )
     freq (  95) =       7.878696 [THz] =     262.805019 [cm-1]
( -0.014078 -0.000000 -0.010244 -0.000000 -0.006613  0.000000 )
(  0.014078 -0.000000  0.010244  0.000000  0.006613 -0.000000 )
(  0.013159  0.000000  0.010110 -0.000000  0.009174  0.000000 )
( -0.013159 -0.000000 -0.010110 -0.000000 -0.009174 -0.000000 )
( -0.001940 -0.000000 -0.391777  0.000000  0.007172  0.000000 )
(  0.006687  0.000000  0.340213 -0.000000  0.010186 -0.000000 )
(  0.010126 -0.000000  0.139784 -0.000000 -0.001524  0.000000 )
(  0.006952  0.000000 -0.021832 -0.000000  0.001031 -0.000000 )
(  0.005320  0.000000 -0.104394 -0.000000 -0.001981  0.000000 )
( -0.010126 -0.000000 -0.139784 -0.000000  0.001524 -0.000000 )
( -0.006952  0.000000  0.021832 -0.000000 -0.001031 -0.000000 )
( -0.006687  0.000000 -0.340213 -0.000000 -0.010186 -0.000000 )
( -0.001092 -0.000000 -0.268026 -0.000000  0.000183  0.000000 )
(  0.001940 -0.000000  0.391777  0.000000 -0.007172 -0.000000 )
( -0.005320  0.000000  0.104394 -0.000000  0.001981  0.000000 )
(  0.001092  0.000000  0.268026 -0.000000 -0.000183  0.000000 )
( -0.009091  0.000000  0.005940  0.000000 -0.002023  0.000000 )
(  0.007009 -0.000000  0.192131  0.000000  0.013349  0.000000 )
(  0.007081  0.000000 -0.194482  0.000000  0.014344  0.000000 )
( -0.013786 -0.000000 -0.053471  0.000000 -0.035196 -0.000000 )
( -0.011851  0.000000  0.058532  0.000000 -0.033110  0.000000 )
(  0.000000 -0.000000  0.000000 -0.000000 -0.000000  0.000000 )
(  0.011851  0.000000 -0.058532  0.000000  0.033110  0.000000 )
(  0.013786 -0.000000  0.053471  0.000000  0.035196 -0.000000 )
( -0.007081  0.000000  0.194482  0.000000 -0.014344 -0.000000 )
( -0.007009 -0.000000 -0.192131  0.000000 -0.013349 -0.000000 )
(  0.000000  0.000000 -0.000000  0.000000 -0.000000  0.000000 )
(  0.037069 -0.000000 -0.082905  0.000000 -0.008650  0.000000 )
(  0.037618 -0.000000  0.083667  0.000000 -0.008912  0.000000 )
( -0.034697  0.000000  0.107061  0.000000 -0.014197  0.000000 )
( -0.034620 -0.000000 -0.107229  0.000000 -0.016120 -0.000000 )
( -0.000452 -0.000000  0.006693 -0.000000  0.006243  0.000000 )
(  0.034620  0.000000  0.107229  0.000000  0.016120 -0.000000 )
(  0.034697  0.000000 -0.107061  0.000000  0.014197  0.000000 )
( -0.037618  0.000000 -0.083667  0.000000  0.008912 -0.000000 )
( -0.037069  0.000000  0.082905  0.000000  0.008650 -0.000000 )
     freq (  96) =       7.902407 [THz] =     263.595910 [cm-1]
(  0.000365 -0.000000 -0.002280  0.000000 -0.014643 -0.000000 )
(  0.000365  0.000000 -0.002280  0.000000 -0.014643 -0.000000 )
( -0.012581 -0.000000 -0.007503 -0.000000  0.008192  0.000000 )
( -0.012581 -0.000000 -0.007503 -0.000000  0.008192 -0.000000 )
(  0.004273  0.000000 -0.349914 -0.000000 -0.007535 -0.000000 )
(  0.001739 -0.000000 -0.376256  0.000000  0.000627 -0.000000 )
( -0.004732  0.000000  0.071364  0.000000 -0.001244  0.000000 )
( -0.001311  0.000000 -0.108610 -0.000000  0.011194 -0.000000 )
( -0.003280 -0.000000  0.096743  0.000000 -0.008386  0.000000 )
( -0.004732 -0.000000  0.071364 -0.000000 -0.001244 -0.000000 )
( -0.001311  0.000000 -0.108610  0.000000  0.011194 -0.000000 )
(  0.001739  0.000000 -0.376256 -0.000000  0.000627  0.000000 )
( -0.016348 -0.000000 -0.295853 -0.000000 -0.000612 -0.000000 )
(  0.004273  0.000000 -0.349914 -0.000000 -0.007535  0.000000 )
( -0.003280 -0.000000  0.096743 -0.000000 -0.008386 -0.000000 )
( -0.016348  0.000000 -0.295853 -0.000000 -0.000612 -0.000000 )
( -0.000000  0.000000 -0.000000  0.000000 -0.000000  0.000000 )
( -0.002130 -0.000000  0.194797  0.000000  0.011082  0.000000 )
(  0.001981 -0.000000  0.194251  0.000000 -0.009046  0.000000 )
( -0.024725 -0.000000  0.051417  0.000000  0.044891  0.000000 )
(  0.026096  0.000000  0.046481 -0.000000 -0.043960 -0.000000 )
(  0.010611  0.000000  0.002211 -0.000000 -0.002382  0.000000 )
(  0.026096  0.000000  0.046481  0.000000 -0.043960 -0.000000 )
( -0.024725  0.000000  0.051417 -0.000000  0.044891  0.000000 )
(  0.001981  0.000000  0.194251  0.000000 -0.009046 -0.000000 )
( -0.002130  0.000000  0.194797  0.000000  0.011082 -0.000000 )
(  0.010887 -0.000000 -0.005216 -0.000000 -0.003924  0.000000 )
( -0.036605  0.000000  0.068935 -0.000000  0.045281  0.000000 )
(  0.034285 -0.000000  0.069156  0.000000 -0.046209 -0.000000 )
(  0.030852  0.000000 -0.089370 -0.000000  0.022617  0.000000 )
( -0.029240 -0.000000 -0.089268 -0.000000 -0.023379  0.000000 )
(  0.000000 -0.000000 -0.000000 -0.000000 -0.000000  0.000000 )
( -0.029240 -0.000000 -0.089268 -0.000000 -0.023379 -0.000000 )
(  0.030852  0.000000 -0.089370 -0.000000  0.022617 -0.000000 )
(  0.034285 -0.000000  0.069156 -0.000000 -0.046209 -0.000000 )
( -0.036605  0.000000  0.068935  0.000000  0.045281  0.000000 )
     freq (  97) =       7.941322 [THz] =     264.893998 [cm-1]
(  0.000602  0.000000 -0.000462 -0.000000 -0.000847 -0.000000 )
(  0.000602  0.000000 -0.000462 -0.000000 -0.000847 -0.000000 )
( -0.000753 -0.000000  0.000527  0.000000  0.001072  0.000000 )
( -0.000753 -0.000000  0.000527 -0.000000  0.001072  0.000000 )
( -0.032950 -0.000000 -0.010020 -0.000000  0.046641  0.000000 )
( -0.124711  0.000000 -0.003193  0.000000 -0.159447  0.000000 )
(  0.183596 -0.000000  0.004169  0.000000  0.099694 -0.000000 )
(  0.212424  0.000000  0.001710 -0.000000 -0.363593  0.000000 )
( -0.173945 -0.000000  0.006000  0.000000 -0.117819 -0.000000 )
(  0.183596  0.000000  0.004169 -0.000000  0.099694  0.000000 )
(  0.212424 -0.000000  0.001710  0.000000 -0.363593  0.000000 )
( -0.124711 -0.000000 -0.003193 -0.000000 -0.159447 -0.000000 )
(  0.211017  0.000000 -0.009922  0.000000  0.024269 -0.000000 )
( -0.032950  0.000000 -0.010020 -0.000000  0.046641 -0.000000 )
( -0.173945  0.000000  0.006000 -0.000000 -0.117819  0.000000 )
(  0.211017 -0.000000 -0.009922 -0.000000  0.024269 -0.000000 )
( -0.000000 -0.000000  0.000000 -0.000000  0.000000  0.000000 )
(  0.000101 -0.000000  0.003878  0.000000  0.002512  0.000000 )
( -0.001552 -0.000000  0.004926  0.000000  0.003143 -0.000000 )
(  0.007829 -0.000000  0.010689  0.000000 -0.005297  0.000000 )
(  0.008945  0.000000 -0.010396 -0.000000 -0.009425 -0.000000 )
( -0.203312  0.000000  0.000297 -0.000000  0.360155 -0.000000 )
(  0.008945 -0.000000 -0.010396 -0.000000 -0.009425  0.000000 )
(  0.007829  0.000000  0.010689 -0.000000 -0.005297 -0.000000 )
( -0.001552 -0.000000  0.004926  0.000000  0.003143  0.000000 )
(  0.000101  0.000000  0.003878  0.000000  0.002512 -0.000000 )
( -0.174392  0.000000 -0.000188 -0.000000  0.294764 -0.000000 )
(  0.000846  0.000000  0.008542  0.000000 -0.010116  0.000000 )
(  0.002599  0.000000 -0.009504  0.000000 -0.011732 -0.000000 )
(  0.003050 -0.000000 -0.005622  0.000000 -0.006906  0.000000 )
(  0.001921  0.000000 -0.001239 -0.000000 -0.007203 -0.000000 )
(  0.000000 -0.000000  0.000000 -0.000000  0.000000  0.000000 )
(  0.001921 -0.000000 -0.001239 -0.000000 -0.007203 -0.000000 )
(  0.003050  0.000000 -0.005622  0.000000 -0.006906 -0.000000 )
(  0.002599  0.000000 -0.009504 -0.000000 -0.011732  0.000000 )
(  0.000846  0.000000  0.008542  0.000000 -0.010116  0.000000 )
     freq (  98) =       8.040562 [THz] =     268.204269 [cm-1]
(  0.000711  0.000000 -0.000004 -0.000000  0.000388  0.000000 )
( -0.000711  0.000000  0.000004  0.000000 -0.000388 -0.000000 )
(  0.000607  0.000000 -0.000167  0.000000  0.000008 -0.000000 )
( -0.000607 -0.000000  0.000167  0.000000 -0.000008  0.000000 )
( -0.279143 -0.000000  0.003866 -0.000000  0.484629  0.000000 )
( -0.087024 -0.000000 -0.003662  0.000000 -0.060392 -0.000000 )
(  0.073495  0.000000 -0.004652  0.000000  0.061733  0.000000 )
(  0.041425  0.000000  0.001236  0.000000  0.019557  0.000000 )
(  0.091851  0.000000  0.000033  0.000000  0.036969  0.000000 )
( -0.073495 -0.000000  0.004652  0.000000 -0.061733  0.000000 )
( -0.041425 -0.000000 -0.001236  0.000000 -0.019557  0.000000 )
(  0.087024 -0.000000  0.003662 -0.000000  0.060392 -0.000000 )
( -0.111376 -0.000000  0.003733 -0.000000 -0.056057 -0.000000 )
(  0.279143  0.000000 -0.003866 -0.000000 -0.484629  0.000000 )
( -0.091851 -0.000000 -0.000033  0.000000 -0.036969  0.000000 )
(  0.111376  0.000000 -0.003733 -0.000000  0.056057  0.000000 )
( -0.165193  0.000000 -0.000085 -0.000000  0.321516 -0.000000 )
( -0.007772  0.000000 -0.003436  0.000000  0.014151 -0.000000 )
(  0.007871 -0.000000  0.000047 -0.000000 -0.014254  0.000000 )
( -0.003827  0.000000  0.008008  0.000000  0.000906 -0.000000 )
(  0.004315  0.000000  0.007241 -0.000000 -0.000142  0.000000 )
(  0.000000 -0.000000 -0.000000  0.000000 -0.000000 -0.000000 )
( -0.004315  0.000000 -0.007241 -0.000000  0.000142 -0.000000 )
(  0.003827  0.000000 -0.008008  0.000000 -0.000906  0.000000 )
( -0.007871 -0.000000 -0.000047  0.000000  0.014254 -0.000000 )
(  0.007772  0.000000  0.003436  0.000000 -0.014151  0.000000 )
(  0.000000  0.000000 -0.000000 -0.000000 -0.000000  0.000000 )
(  0.000505 -0.000000  0.010434  0.000000  0.004027 -0.000000 )
( -0.000974 -0.000000  0.007334 -0.000000 -0.004780 -0.000000 )
( -0.007082  0.000000 -0.001487 -0.000000  0.012370 -0.000000 )
(  0.007756 -0.000000  0.001833 -0.000000 -0.013131 -0.000000 )
( -0.212583 -0.000000 -0.000008  0.000000  0.316247  0.000000 )
( -0.007756  0.000000 -0.001833 -0.000000  0.013131 -0.000000 )
(  0.007082 -0.000000  0.001487  0.000000 -0.012370 -0.000000 )
(  0.000974 -0.000000 -0.007334 -0.000000  0.004780 -0.000000 )
( -0.000505 -0.000000 -0.010434 -0.000000 -0.004027  0.000000 )
     freq (  99) =       8.051570 [THz] =     268.571467 [cm-1]
( -0.014249 -0.000000 -0.011140 -0.000000 -0.001756 -0.000000 )
( -0.014249 -0.000000 -0.011140  0.000000 -0.001756  0.000000 )
( -0.008924  0.000000 -0.007501 -0.000000 -0.011828 -0.000000 )
( -0.008924 -0.000000 -0.007501 -0.000000 -0.011828 -0.000000 )
( -0.005065  0.000000  0.209250 -0.000000  0.001075 -0.000000 )
(  0.000553  0.000000 -0.157440  0.000000 -0.003054  0.000000 )
( -0.006070 -0.000000 -0.332250  0.000000  0.000241 -0.000000 )
(  0.002585  0.000000 -0.331592  0.000000 -0.007431 -0.000000 )
( -0.003835 -0.000000 -0.288934 -0.000000 -0.002544 -0.000000 )
( -0.006070 -0.000000 -0.332250  0.000000  0.000241  0.000000 )
(  0.002585  0.000000 -0.331592 -0.000000 -0.007431 -0.000000 )
(  0.000553 -0.000000 -0.157440  0.000000 -0.003054  0.000000 )
(  0.001075  0.000000 -0.090008 -0.000000  0.001426  0.000000 )
( -0.005065 -0.000000  0.209250  0.000000  0.001075  0.000000 )
( -0.003835  0.000000 -0.288934  0.000000 -0.002544  0.000000 )
(  0.001075  0.000000 -0.090008  0.000000  0.001426 -0.000000 )
(  0.000000  0.000000  0.000000  0.000000 -0.000000 -0.000000 )
( -0.041435  0.000000  0.006203  0.000000 -0.013695 -0.000000 )
(  0.043330  0.000000  0.003643 -0.000000  0.014251  0.000000 )
( -0.004996 -0.000000  0.121158 -0.000000 -0.037353  0.000000 )
(  0.005234 -0.000000  0.121481  0.000000  0.036836 -0.000000 )
(  0.000431  0.000000 -0.011091 -0.000000  0.006232  0.000000 )
(  0.005234  0.000000  0.121481 -0.000000  0.036836 -0.000000 )
( -0.004996  0.000000  0.121158  0.000000 -0.037353  0.000000 )
(  0.043330 -0.000000  0.003643  0.000000  0.014251  0.000000 )
( -0.041435 -0.000000  0.006203 -0.000000 -0.013695 -0.000000 )
( -0.003121 -0.000000  0.001147 -0.000000  0.002235 -0.000000 )
(  0.026775  0.000000  0.141570 -0.000000 -0.015105  0.000000 )
( -0.025351 -0.000000  0.141754 -0.000000  0.015846  0.000000 )
(  0.011176  0.000000  0.141666  0.000000  0.013997 -0.000000 )
( -0.010124 -0.000000  0.140492 -0.000000 -0.012710 -0.000000 )
(  0.000000  0.000000  0.000000  0.000000 -0.000000 -0.000000 )
( -0.010124 -0.000000  0.140492  0.000000 -0.012710  0.000000 )
(  0.011176  0.000000  0.141666 -0.000000  0.013997  0.000000 )
( -0.025351 -0.000000  0.141754 -0.000000  0.015846 -0.000000 )
(  0.026775  0.000000  0.141570 -0.000000 -0.015105 -0.000000 )
     freq ( 100) =       8.120939 [THz] =     270.885354 [cm-1]
( -0.005218  0.000000 -0.001099  0.000000  0.013189 -0.000000 )
(  0.005218  0.000000  0.001099  0.000000 -0.013189 -0.000000 )
( -0.007932 -0.000000 -0.003140  0.000000  0.010129  0.000000 )
(  0.007932  0.000000  0.003140  0.000000 -0.010129 -0.000000 )
( -0.002551  0.000000  0.082915 -0.000000 -0.000046 -0.000000 )
( -0.004252 -0.000000  0.305158  0.000000 -0.005530 -0.000000 )
(  0.004623  0.000000  0.194295  0.000000  0.000654  0.000000 )
(  0.001957  0.000000 -0.326428  0.000000 -0.002843 -0.000000 )
( -0.000584 -0.000000  0.271823  0.000000 -0.000591 -0.000000 )
( -0.004623 -0.000000 -0.194295  0.000000 -0.000654 -0.000000 )
( -0.001957 -0.000000  0.326428  0.000000  0.002843 -0.000000 )
(  0.004252  0.000000 -0.305158 -0.000000  0.005530  0.000000 )
(  0.007319 -0.000000  0.281338 -0.000000  0.000222  0.000000 )
(  0.002551 -0.000000 -0.082915 -0.000000  0.000046 -0.000000 )
(  0.000584 -0.000000 -0.271823  0.000000  0.000591  0.000000 )
( -0.007319  0.000000 -0.281338 -0.000000 -0.000222 -0.000000 )
(  0.000131  0.000000 -0.000687  0.000000  0.001742  0.000000 )
( -0.047971  0.000000 -0.008906  0.000000  0.052049  0.000000 )
( -0.046002 -0.000000  0.011742  0.000000  0.053227  0.000000 )
( -0.007882 -0.000000  0.147603  0.000000 -0.009241  0.000000 )
( -0.007155 -0.000000 -0.147596 -0.000000 -0.010390 -0.000000 )
(  0.000000 -0.000000 -0.000000  0.000000 -0.000000  0.000000 )
(  0.007155  0.000000  0.147596  0.000000  0.010390 -0.000000 )
(  0.007882  0.000000 -0.147603 -0.000000  0.009241  0.000000 )
(  0.046002 -0.000000 -0.011742  0.000000 -0.053227 -0.000000 )
(  0.047971  0.000000  0.008906  0.000000 -0.052049 -0.000000 )
( -0.000000 -0.000000  0.000000 -0.000000 -0.000000  0.000000 )
( -0.006619 -0.000000 -0.140128 -0.000000 -0.015139  0.000000 )
( -0.007661 -0.000000  0.139910 -0.000000 -0.013874  0.000000 )
( -0.022257 -0.000000 -0.027206 -0.000000  0.054224  0.000000 )
( -0.024104 -0.000000  0.028031 -0.000000  0.052894  0.000000 )
(  0.002177 -0.000000 -0.001258  0.000000  0.002380 -0.000000 )
(  0.024104  0.000000 -0.028031 -0.000000 -0.052894 -0.000000 )
(  0.022257  0.000000  0.027206 -0.000000 -0.054224 -0.000000 )
(  0.007661  0.000000 -0.139910 -0.000000  0.013874 -0.000000 )
(  0.006619  0.000000  0.140128 -0.000000  0.015139 -0.000000 )
     freq ( 101) =       8.254506 [THz] =     275.340682 [cm-1]
( -0.003796 -0.000000 -0.002310 -0.000000 -0.000659 -0.000000 )
(  0.003796 -0.000000  0.002310 -0.000000  0.000659 -0.000000 )
(  0.002887 -0.000000  0.001447 -0.000000  0.003752  0.000000 )
( -0.002887 -0.000000 -0.001447 -0.000000 -0.003752 -0.000000 )
(  0.001878  0.000000 -0.225417 -0.000000  0.000644 -0.000000 )
( -0.003209 -0.000000 -0.263099  0.000000 -0.003853  0.000000 )
( -0.001877 -0.000000  0.351868  0.000000 -0.001005 -0.000000 )
( -0.000173 -0.000000 -0.054536 -0.000000 -0.001142  0.000000 )
( -0.001140 -0.000000 -0.271423 -0.000000 -0.009993 -0.000000 )
(  0.001877 -0.000000 -0.351868  0.000000  0.001005  0.000000 )
(  0.000173 -0.000000  0.054536 -0.000000  0.001142  0.000000 )
(  0.003209  0.000000  0.263099  0.000000  0.003853  0.000000 )
( -0.009456  0.000000  0.302039 -0.000000  0.003350 -0.000000 )
( -0.001878  0.000000  0.225417  0.000000 -0.000644  0.000000 )
(  0.001140  0.000000  0.271423 -0.000000  0.009993 -0.000000 )
(  0.009456 -0.000000 -0.302039 -0.000000 -0.003350 -0.000000 )
(  0.004388  0.000000 -0.001253  0.000000  0.002962 -0.000000 )
(  0.057131  0.000000 -0.063132 -0.000000  0.038818 -0.000000 )
(  0.058509 -0.000000  0.063096  0.000000  0.038188  0.000000 )
( -0.039645  0.000000  0.013338  0.000000  0.063756  0.000000 )
( -0.040414 -0.000000 -0.011276  0.000000  0.063196 -0.000000 )
(  0.000000  0.000000  0.000000 -0.000000 -0.000000  0.000000 )
(  0.040414 -0.000000  0.011276  0.000000 -0.063196 -0.000000 )
(  0.039645  0.000000 -0.013338  0.000000 -0.063756  0.000000 )
( -0.058509 -0.000000 -0.063096 -0.000000 -0.038188  0.000000 )
( -0.057131  0.000000  0.063132  0.000000 -0.038818 -0.000000 )
( -0.000000 -0.000000  0.000000  0.000000 -0.000000 -0.000000 )
( -0.044020  0.000000 -0.024396 -0.000000  0.066252  0.000000 )
( -0.043292 -0.000000  0.025075 -0.000000  0.066319  0.000000 )
(  0.008068  0.000000  0.148807  0.000000  0.015341 -0.000000 )
(  0.007712 -0.000000 -0.148896 -0.000000  0.016134  0.000000 )
( -0.008165  0.000000 -0.000366 -0.000000 -0.003962 -0.000000 )
( -0.007712 -0.000000  0.148896  0.000000 -0.016134  0.000000 )
( -0.008068  0.000000 -0.148807 -0.000000 -0.015341 -0.000000 )
(  0.043292 -0.000000 -0.025075 -0.000000 -0.066319 -0.000000 )
(  0.044020  0.000000  0.024396 -0.000000 -0.066252 -0.000000 )
     freq ( 102) =       8.289745 [THz] =     276.516142 [cm-1]
( -0.001121 -0.000000 -0.000641 -0.000000 -0.002761  0.000000 )
( -0.001121  0.000000 -0.000641  0.000000 -0.002761 -0.000000 )
( -0.000624  0.000000 -0.001522  0.000000 -0.001612  0.000000 )
( -0.000624 -0.000000 -0.001522 -0.000000 -0.001612 -0.000000 )
(  0.001024 -0.000000 -0.039429 -0.000000 -0.000749  0.000000 )
(  0.002239 -0.000000  0.364485 -0.000000  0.008757 -0.000000 )
( -0.006096  0.000000  0.205332  0.000000 -0.000020 -0.000000 )
( -0.000617 -0.000000 -0.059219 -0.000000  0.001228 -0.000000 )
(  0.000526 -0.000000 -0.254600 -0.000000 -0.005792 -0.000000 )
( -0.006096  0.000000  0.205332 -0.000000 -0.000020 -0.000000 )
( -0.000617 -0.000000 -0.059219  0.000000  0.001228 -0.000000 )
(  0.002239  0.000000  0.364485 -0.000000  0.008757 -0.000000 )
(  0.002654 -0.000000 -0.418521  0.000000 -0.003037  0.000000 )
(  0.001024 -0.000000 -0.039429  0.000000 -0.000749 -0.000000 )
(  0.000526 -0.000000 -0.254600  0.000000 -0.005792  0.000000 )
(  0.002654  0.000000 -0.418521  0.000000 -0.003037  0.000000 )
( -0.000000  0.000000 -0.000000 -0.000000  0.000000  0.000000 )
(  0.049510 -0.000000  0.013810 -0.000000 -0.079032  0.000000 )
( -0.047970  0.000000  0.016843  0.000000  0.079832 -0.000000 )
(  0.023321 -0.000000  0.123775 -0.000000  0.032934  0.000000 )
( -0.022932 -0.000000  0.123537 -0.000000 -0.033272  0.000000 )
(  0.006661 -0.000000 -0.000301 -0.000000  0.001994 -0.000000 )
( -0.022932  0.000000  0.123537 -0.000000 -0.033272 -0.000000 )
(  0.023321  0.000000  0.123775 -0.000000  0.032934 -0.000000 )
( -0.047970  0.000000  0.016843 -0.000000  0.079832 -0.000000 )
(  0.049510 -0.000000  0.013810  0.000000 -0.079032  0.000000 )
( -0.004503  0.000000  0.001015 -0.000000 -0.005121  0.000000 )
(  0.047314 -0.000000 -0.088111  0.000000  0.008591  0.000000 )
( -0.047819  0.000000 -0.086900  0.000000 -0.007282  0.000000 )
(  0.037726 -0.000000 -0.000275  0.000000 -0.050924  0.000000 )
( -0.037885  0.000000  0.003630 -0.000000  0.050902 -0.000000 )
( -0.000000 -0.000000 -0.000000 -0.000000  0.000000 -0.000000 )
( -0.037885  0.000000  0.003630  0.000000  0.050902 -0.000000 )
(  0.037726 -0.000000 -0.000275 -0.000000 -0.050924  0.000000 )
( -0.047819  0.000000 -0.086900  0.000000 -0.007282 -0.000000 )
(  0.047314 -0.000000 -0.088111  0.000000  0.008591 -0.000000 )
     freq ( 103) =       8.615326 [THz] =     287.376329 [cm-1]
( -0.002992 -0.000000  0.005322  0.000000  0.002562  0.000000 )
( -0.002992 -0.000000  0.005322 -0.000000  0.002562  0.000000 )
(  0.001016  0.000000 -0.005445 -0.000000 -0.004558  0.000000 )
(  0.001016 -0.000000 -0.005445 -0.000000 -0.004558  0.000000 )
(  0.001204  0.000000 -0.506820  0.000000 -0.000925  0.000000 )
( -0.002360 -0.000000  0.233318 -0.000000  0.000378 -0.000000 )
(  0.000399 -0.000000 -0.235643 -0.000000 -0.001720  0.000000 )
(  0.001774 -0.000000 -0.106194  0.000000  0.000346 -0.000000 )
(  0.003231 -0.000000 -0.160061  0.000000 -0.002425  0.000000 )
(  0.000399  0.000000 -0.235643  0.000000 -0.001720  0.000000 )
(  0.001774  0.000000 -0.106194 -0.000000  0.000346 -0.000000 )
( -0.002360  0.000000  0.233318 -0.000000  0.000378  0.000000 )
(  0.000033  0.000000  0.243579  0.000000  0.003942 -0.000000 )
(  0.001204  0.000000 -0.506820  0.000000 -0.000925  0.000000 )
(  0.003231 -0.000000 -0.160061  0.000000 -0.002425  0.000000 )
(  0.000033  0.000000  0.243579 -0.000000  0.003942 -0.000000 )
( -0.000000  0.000000  0.000000  0.000000  0.000000  0.000000 )
(  0.073642 -0.000000  0.002344  0.000000  0.043243  0.000000 )
( -0.073350  0.000000  0.001484 -0.000000 -0.044566  0.000000 )
(  0.003315  0.000000  0.004245  0.000000 -0.043225  0.000000 )
( -0.003724  0.000000  0.006878 -0.000000  0.042774 -0.000000 )
( -0.000068 -0.000000 -0.004644 -0.000000  0.000112  0.000000 )
( -0.003724 -0.000000  0.006878  0.000000  0.042774 -0.000000 )
(  0.003315 -0.000000  0.004245 -0.000000 -0.043225  0.000000 )
( -0.073350  0.000000  0.001484  0.000000 -0.044566 -0.000000 )
(  0.073642 -0.000000  0.002344 -0.000000  0.043243 -0.000000 )
( -0.000275 -0.000000  0.006478 -0.000000  0.000997  0.000000 )
(  0.033774 -0.000000  0.018040  0.000000 -0.032558  0.000000 )
( -0.033780  0.000000  0.021603 -0.000000  0.032282 -0.000000 )
(  0.064433 -0.000000 -0.011998  0.000000  0.047716 -0.000000 )
( -0.065505  0.000000 -0.010795  0.000000 -0.046428 -0.000000 )
( -0.000000 -0.000000  0.000000  0.000000  0.000000  0.000000 )
( -0.065505  0.000000 -0.010795  0.000000 -0.046428  0.000000 )
(  0.064433  0.000000 -0.011998  0.000000  0.047716  0.000000 )
( -0.033780  0.000000  0.021603  0.000000  0.032282  0.000000 )
(  0.033774 -0.000000  0.018040  0.000000 -0.032558  0.000000 )
     freq ( 104) =       8.747220 [THz] =     291.775860 [cm-1]
(  0.000410  0.000000 -0.002821 -0.000000 -0.000076 -0.000000 )
( -0.000410 -0.000000  0.002821  0.000000  0.000076 -0.000000 )
(  0.000059 -0.000000  0.003203  0.000000 -0.000532 -0.000000 )
( -0.000059 -0.000000 -0.003203  0.000000  0.000532  0.000000 )
( -0.003507 -0.000000  0.452931  0.000000 -0.000705 -0.000000 )
(  0.000184  0.000000  0.159780 -0.000000 -0.003978 -0.000000 )
( -0.004203 -0.000000  0.289779  0.000000  0.002067 -0.000000 )
( -0.001991 -0.000000  0.026851 -0.000000 -0.002389 -0.000000 )
( -0.002804 -0.000000 -0.313107 -0.000000  0.001711 -0.000000 )
(  0.004203  0.000000 -0.289779 -0.000000 -0.002067  0.000000 )
(  0.001991  0.000000 -0.026851  0.000000  0.002389  0.000000 )
( -0.000184 -0.000000 -0.159780  0.000000  0.003978 -0.000000 )
( -0.001734 -0.000000 -0.163817 -0.000000 -0.004009  0.000000 )
(  0.003507  0.000000 -0.452931  0.000000  0.000705  0.000000 )
(  0.002804 -0.000000  0.313107  0.000000 -0.001711  0.000000 )
(  0.001734 -0.000000  0.163817 -0.000000  0.004009 -0.000000 )
(  0.002544 -0.000000 -0.006829  0.000000  0.001679 -0.000000 )
( -0.067210 -0.000000 -0.027232 -0.000000 -0.039115 -0.000000 )
( -0.067406  0.000000  0.026921  0.000000 -0.039926  0.000000 )
( -0.032241 -0.000000 -0.080680 -0.000000  0.002019  0.000000 )
( -0.030932 -0.000000  0.079294  0.000000  0.002384 -0.000000 )
(  0.000000 -0.000000  0.000000  0.000000 -0.000000  0.000000 )
(  0.030932  0.000000 -0.079294 -0.000000 -0.002384 -0.000000 )
(  0.032241  0.000000  0.080680  0.000000 -0.002019  0.000000 )
(  0.067406  0.000000 -0.026921 -0.000000  0.039926  0.000000 )
(  0.067210 -0.000000  0.027232  0.000000  0.039115 -0.000000 )
( -0.000000 -0.000000  0.000000 -0.000000 -0.000000 -0.000000 )
(  0.018006 -0.000000 -0.068597 -0.000000  0.028078  0.000000 )
(  0.019811 -0.000000  0.067839 -0.000000  0.029222  0.000000 )
(  0.085189  0.000000  0.021333  0.000000  0.045919  0.000000 )
(  0.084190  0.000000 -0.021428 -0.000000  0.045860  0.000000 )
( -0.001876  0.000000 -0.007566  0.000000  0.000161 -0.000000 )
( -0.084190 -0.000000  0.021428  0.000000 -0.045860 -0.000000 )
( -0.085189 -0.000000 -0.021333 -0.000000 -0.045919 -0.000000 )
( -0.019811  0.000000 -0.067839 -0.000000 -0.029222 -0.000000 )
( -0.018006  0.000000  0.068597 -0.000000 -0.028078 -0.000000 )
     freq ( 105) =       8.836408 [THz] =     294.750857 [cm-1]
( -0.002012 -0.000000  0.004962  0.000000  0.003819 -0.000000 )
(  0.002012  0.000000 -0.004962 -0.000000 -0.003819  0.000000 )
(  0.000342  0.000000  0.004629  0.000000 -0.000801 -0.000000 )
( -0.000342  0.000000 -0.004629  0.000000  0.000801  0.000000 )
(  0.001066  0.000000 -0.012456 -0.000000 -0.001102  0.000000 )
( -0.002058 -0.000000  0.268369  0.000000 -0.000481 -0.000000 )
(  0.001851  0.000000  0.045701  0.000000  0.002829  0.000000 )
( -0.000415 -0.000000  0.538610 -0.000000  0.001684  0.000000 )
( -0.002048  0.000000  0.044604  0.000000  0.001192 -0.000000 )
( -0.001851 -0.000000 -0.045701  0.000000 -0.002829  0.000000 )
(  0.000415  0.000000 -0.538610  0.000000 -0.001684  0.000000 )
(  0.002058 -0.000000 -0.268369  0.000000  0.000481  0.000000 )
(  0.000100  0.000000  0.310559 -0.000000  0.002297 -0.000000 )
( -0.001066  0.000000  0.012456  0.000000  0.001102 -0.000000 )
(  0.002048 -0.000000 -0.044604  0.000000 -0.001192 -0.000000 )
( -0.000100  0.000000 -0.310559  0.000000 -0.002297  0.000000 )
( -0.000580 -0.000000  0.005412  0.000000  0.000752  0.000000 )
( -0.022217  0.000000 -0.003972 -0.000000  0.047043 -0.000000 )
( -0.022712 -0.000000  0.005324 -0.000000  0.047369 -0.000000 )
(  0.058077 -0.000000 -0.027896  0.000000  0.062723 -0.000000 )
(  0.058772  0.000000  0.027878 -0.000000  0.062062 -0.000000 )
(  0.000000  0.000000 -0.000000 -0.000000 -0.000000  0.000000 )
( -0.058772  0.000000 -0.027878  0.000000 -0.062062  0.000000 )
( -0.058077 -0.000000  0.027896 -0.000000 -0.062723  0.000000 )
(  0.022712 -0.000000 -0.005324 -0.000000 -0.047369  0.000000 )
(  0.022217  0.000000  0.003972 -0.000000 -0.047043  0.000000 )
( -0.000000 -0.000000  0.000000 -0.000000 -0.000000 -0.000000 )
(  0.077906 -0.000000  0.033724  0.000000  0.021052  0.000000 )
(  0.077470 -0.000000 -0.033198 -0.000000  0.022002 -0.000000 )
( -0.005575 -0.000000  0.003422 -0.000000  0.005995 -0.000000 )
( -0.005739  0.000000 -0.001302 -0.000000  0.006330 -0.000000 )
(  0.000591 -0.000000 -0.005195  0.000000 -0.001223  0.000000 )
(  0.005739  0.000000  0.001302 -0.000000 -0.006330  0.000000 )
(  0.005575 -0.000000 -0.003422 -0.000000 -0.005995  0.000000 )
( -0.077470  0.000000  0.033198  0.000000 -0.022002 -0.000000 )
( -0.077906  0.000000 -0.033724 -0.000000 -0.021052 -0.000000 )
     freq ( 106) =       8.961626 [THz] =     298.927664 [cm-1]
( -0.000593 -0.000000  0.000717 -0.000000 -0.002759 -0.000000 )
( -0.000593 -0.000000  0.000717 -0.000000 -0.002759 -0.000000 )
( -0.002149  0.000000  0.001672  0.000000 -0.000173  0.000000 )
( -0.002149 -0.000000  0.001672 -0.000000 -0.000173 -0.000000 )
(  0.000130  0.000000  0.046638  0.000000 -0.000197  0.000000 )
(  0.001996  0.000000  0.142675  0.000000 -0.001688 -0.000000 )
(  0.000723 -0.000000  0.196134  0.000000  0.002225  0.000000 )
(  0.002867  0.000000 -0.532252  0.000000  0.001023  0.000000 )
(  0.001291 -0.000000  0.302542  0.000000 -0.001193 -0.000000 )
(  0.000723 -0.000000  0.196134 -0.000000  0.002225 -0.000000 )
(  0.002867  0.000000 -0.532252 -0.000000  0.001023  0.000000 )
(  0.001996 -0.000000  0.142675 -0.000000 -0.001688  0.000000 )
( -0.001850 -0.000000  0.103974  0.000000  0.002249 -0.000000 )
(  0.000130  0.000000  0.046638  0.000000 -0.000197  0.000000 )
(  0.001291 -0.000000  0.302542  0.000000 -0.001193  0.000000 )
( -0.001850  0.000000  0.103974 -0.000000  0.002249 -0.000000 )
(  0.000000  0.000000 -0.000000 -0.000000 -0.000000  0.000000 )
(  0.011135 -0.000000 -0.049058  0.000000  0.002697  0.000000 )
( -0.012707 -0.000000 -0.049565 -0.000000 -0.003251  0.000000 )
( -0.088312 -0.000000  0.024673  0.000000 -0.027753  0.000000 )
(  0.088088  0.000000  0.024038  0.000000  0.027990  0.000000 )
( -0.001207  0.000000 -0.003233  0.000000  0.000023 -0.000000 )
(  0.088088  0.000000  0.024038  0.000000  0.027990 -0.000000 )
( -0.088312 -0.000000  0.024673  0.000000 -0.027753 -0.000000 )
( -0.012707  0.000000 -0.049565 -0.000000 -0.003251 -0.000000 )
(  0.011135  0.000000 -0.049058 -0.000000  0.002697 -0.000000 )
(  0.000464 -0.000000 -0.002445 -0.000000  0.000068 -0.000000 )
(  0.070530  0.000000  0.034890  0.000000  0.046471  0.000000 )
( -0.070684  0.000000  0.034949  0.000000 -0.046938 -0.000000 )
( -0.036109 -0.000000 -0.071961 -0.000000 -0.009451  0.000000 )
(  0.035303  0.000000 -0.071946 -0.000000  0.008701  0.000000 )
(  0.000000 -0.000000 -0.000000 -0.000000 -0.000000  0.000000 )
(  0.035303  0.000000 -0.071946 -0.000000  0.008701 -0.000000 )
( -0.036109 -0.000000 -0.071961 -0.000000 -0.009451 -0.000000 )
( -0.070684 -0.000000  0.034949  0.000000 -0.046938 -0.000000 )
(  0.070530 -0.000000  0.034890  0.000000  0.046471  0.000000 )
     freq ( 107) =       9.023834 [THz] =     301.002692 [cm-1]
(  0.002541  0.000000 -0.000350  0.000000 -0.004477 -0.000000 )
(  0.002541  0.000000 -0.000350  0.000000 -0.004477 -0.000000 )
(  0.002812 -0.000000 -0.000009  0.000000 -0.003986  0.000000 )
(  0.002812 -0.000000 -0.000009 -0.000000 -0.003986 -0.000000 )
(  0.002552  0.000000  0.018742  0.000000  0.001386  0.000000 )
( -0.000317 -0.000000  0.217232 -0.000000 -0.000016 -0.000000 )
(  0.001811  0.000000 -0.419190  0.000000 -0.001107  0.000000 )
( -0.002870 -0.000000  0.067914  0.000000  0.002177 -0.000000 )
(  0.001973 -0.000000  0.391349 -0.000000  0.001148 -0.000000 )
(  0.001811  0.000000 -0.419190  0.000000 -0.001107  0.000000 )
( -0.002870  0.000000  0.067914 -0.000000  0.002177  0.000000 )
( -0.000317  0.000000  0.217232 -0.000000 -0.000016  0.000000 )
( -0.002450 -0.000000 -0.289093  0.000000 -0.001847  0.000000 )
(  0.002552 -0.000000  0.018742 -0.000000  0.001386 -0.000000 )
(  0.001973 -0.000000  0.391349 -0.000000  0.001148 -0.000000 )
( -0.002450  0.000000 -0.289093  0.000000 -0.001847  0.000000 )
( -0.000000  0.000000  0.000000  0.000000  0.000000  0.000000 )
(  0.016410 -0.000000  0.008347 -0.000000 -0.041395  0.000000 )
( -0.017015 -0.000000  0.009222 -0.000000  0.041213 -0.000000 )
( -0.032152  0.000000 -0.029582  0.000000  0.057504 -0.000000 )
(  0.031568  0.000000 -0.028797  0.000000 -0.056346  0.000000 )
( -0.000936  0.000000  0.000688 -0.000000 -0.002561  0.000000 )
(  0.031568 -0.000000 -0.028797  0.000000 -0.056346  0.000000 )
( -0.032152 -0.000000 -0.029582  0.000000  0.057504 -0.000000 )
( -0.017015  0.000000  0.009222  0.000000  0.041213 -0.000000 )
(  0.016410  0.000000  0.008347 -0.000000 -0.041395  0.000000 )
(  0.001432 -0.000000 -0.000306  0.000000 -0.001146  0.000000 )
(  0.012281 -0.000000  0.022152 -0.000000 -0.063210  0.000000 )
( -0.012437  0.000000  0.021702  0.000000  0.063345 -0.000000 )
( -0.037712  0.000000  0.007580  0.000000  0.066065  0.000000 )
(  0.038474 -0.000000  0.006953 -0.000000 -0.065661  0.000000 )
( -0.000000 -0.000000 -0.000000 -0.000000  0.000000  0.000000 )
(  0.038474 -0.000000  0.006953  0.000000 -0.065661 -0.000000 )
( -0.037712  0.000000  0.007580 -0.000000  0.066065 -0.000000 )
( -0.012437  0.000000  0.021702 -0.000000  0.063345 -0.000000 )
(  0.012281 -0.000000  0.022152  0.000000 -0.063210  0.000000 )
     freq ( 108) =       9.136611 [THz] =     304.764555 [cm-1]
( -0.001711  0.000000 -0.001219  0.000000  0.003294 -0.000000 )
(  0.001711 -0.000000  0.001219  0.000000 -0.003294  0.000000 )
(  0.003116  0.000000 -0.001302  0.000000 -0.005457 -0.000000 )
( -0.003116 -0.000000  0.001302 -0.000000  0.005457  0.000000 )
(  0.001432  0.000000 -0.005740 -0.000000 -0.002432 -0.000000 )
(  0.002010  0.000000  0.215034 -0.000000 -0.001455 -0.000000 )
(  0.001189 -0.000000 -0.400801  0.000000 -0.001330 -0.000000 )
(  0.001578  0.000000 -0.178648  0.000000  0.000262 -0.000000 )
(  0.001555 -0.000000 -0.412309  0.000000 -0.000573  0.000000 )
( -0.001189  0.000000  0.400801  0.000000  0.001330 -0.000000 )
( -0.001578  0.000000  0.178648  0.000000 -0.000262  0.000000 )
( -0.002010  0.000000 -0.215034  0.000000  0.001455  0.000000 )
(  0.000305 -0.000000  0.244145 -0.000000 -0.000475  0.000000 )
( -0.001432  0.000000  0.005740 -0.000000  0.002432 -0.000000 )
( -0.001555  0.000000  0.412309 -0.000000  0.000573 -0.000000 )
( -0.000305 -0.000000 -0.244145  0.000000  0.000475 -0.000000 )
(  0.000301  0.000000  0.000722 -0.000000 -0.001154  0.000000 )
( -0.019016  0.000000 -0.003858 -0.000000  0.037985 -0.000000 )
( -0.019618 -0.000000  0.002449 -0.000000  0.038624 -0.000000 )
( -0.055152  0.000000 -0.000478 -0.000000  0.036765 -0.000000 )
( -0.055201 -0.000000  0.001309  0.000000  0.037292 -0.000000 )
(  0.000000 -0.000000  0.000000  0.000000 -0.000000 -0.000000 )
(  0.055201 -0.000000 -0.001309  0.000000 -0.037292  0.000000 )
(  0.055152  0.000000  0.000478  0.000000 -0.036765  0.000000 )
(  0.019618 -0.000000 -0.002449 -0.000000 -0.038624  0.000000 )
(  0.019016  0.000000  0.003858 -0.000000 -0.037985  0.000000 )
(  0.000000  0.000000 -0.000000  0.000000  0.000000 -0.000000 )
(  0.001702 -0.000000  0.003553  0.000000 -0.062053  0.000000 )
(  0.001589 -0.000000 -0.002980 -0.000000 -0.062409  0.000000 )
(  0.037495  0.000000  0.001758 -0.000000 -0.064966 -0.000000 )
(  0.037365 -0.000000 -0.003049  0.000000 -0.064359  0.000000 )
(  0.000485  0.000000 -0.000736  0.000000 -0.000743  0.000000 )
( -0.037365 -0.000000  0.003049 -0.000000  0.064359  0.000000 )
( -0.037495  0.000000 -0.001758  0.000000  0.064966 -0.000000 )
( -0.001589  0.000000  0.002980  0.000000  0.062409 -0.000000 )
( -0.001702  0.000000 -0.003553 -0.000000  0.062053 -0.000000 )
 **************************************************************************
