Dynamical matrix file

  3   36   0    23.7692718     0.0000000     0.0000000     0.0000000     0.0000000     0.0000000
Basis vectors
      0.000000000    0.665746584    0.746177919
      0.430812850    0.000000000    0.746177919
      0.430812850    0.665746584    0.000000000
            1  'Cs  '    121135.913129338
            2  'V   '     46430.338453521
            3  'Sb  '    110977.454729458
    1    1     0.4308128500     0.3338992753     0.7461779187
    2    1     0.4308128500     0.9975938920     0.7461779187
    3    1     0.2154064250     0.3328732918     0.3730889594
    4    1     0.6462192750     0.9986198754     1.1192668781
    5    2     0.5359602711     0.6657465836     1.3040767120
    6    2     0.5359602711     0.6657465836     0.1882791254
    7    2     0.2169207145     0.6657465836     0.7461779187
    8    2     0.5382847316     0.6657465836     0.5609852964
    9    2     0.5382847316     0.6657465836     0.9313705411
   10    2     0.6447049855     0.6657465836     0.7461779187
   11    2     0.3233409684     0.6657465836     0.9313705411
   12    2     0.3256654289     0.6657465836     1.3040767120
   13    2     0.4308128500     0.6657465836     1.1226151661
   14    2     0.3256654289     0.6657465836     0.1882791254
   15    2     0.3233409684     0.6657465836     0.5609852964
   16    2     0.4308128500     0.6657465836     0.3697406714
   17    3     0.0000000000     0.0000000000     0.0000000000
   18    3     0.4308128500     0.4858729417     1.2437138154
   19    3     0.4308128500     0.4858729417     0.2486420221
   20    3     0.4308128500     0.8428540979     0.4970706946
   21    3     0.4308128500     0.8428540979     0.9952851429
   22    3     0.4308128500     0.6657465836     0.7461779187
   23    3     0.4308128500     0.4886390694     0.4970706946
   24    3     0.4308128500     0.4886390694     0.9952851429
   25    3     0.4308128500     0.8456202256     1.2437138154
   26    3     0.4308128500     0.8456202256     0.2486420221
   27    3     0.2154064250     0.0000000000     0.3730889594
   28    3     0.2147801082     0.4881004654     0.8706679737
   29    3     0.6468455918     0.4881004654     0.6216878638
   30    3     0.6468455918     0.8433927019     0.8706679737
   31    3     0.2147801082     0.8433927019     0.6216878638
   32    3     0.2154064250     0.6657465836     0.3730889594
   33    3     0.6468455918     0.4881004654     0.8706679737
   34    3     0.2147801082     0.4881004654     0.6216878638
   35    3     0.2147801082     0.8433927019     0.8706679737
   36    3     0.6468455918     0.8433927019     0.6216878638

     Dynamical  Matrix in cartesian axes

     q = (    1.160596765   0.000000000   0.000000000 )

    1    1
  0.05031214   0.00000000     0.00000000   0.00000000     0.00000000   0.00000000
  0.00000000   0.00000000     0.04280485   0.00000000     0.00000000   0.00000000
  0.00000000   0.00000000     0.00000000   0.00000000     0.07231070  -0.00000000
    1    2
  0.00268225   0.00000000     0.00000000   0.00000000    -0.00000000  -0.00000000
  0.00000000   0.00000000    -0.00069251  -0.00000000     0.00000000   0.00000000
  0.00000000  -0.00000000     0.00000000   0.00000000    -0.00040347  -0.00000000
    1    3
 -0.00000000   0.00000000     0.00001689  -0.00000000    -0.00000000   0.00000000
 -0.00002355  -0.00000000     0.00000000   0.00000000    -0.00002076   0.00000000
 -0.00000000  -0.00000000    -0.00002846   0.00000000    -0.00000000  -0.00000000
    1    4
  0.00000000   0.00000000    -0.00001689   0.00000000     0.00000000  -0.00000000
  0.00002355   0.00000000    -0.00000000   0.00000000    -0.00002076   0.00000000
 -0.00000000   0.00000000    -0.00002846   0.00000000     0.00000000  -0.00000000
    1    5
 -0.00036112   0.00000000     0.00097637   0.00000000    -0.00057258   0.00000000
  0.00052994  -0.00000000     0.00059040   0.00000000     0.00110298   0.00000000
 -0.00057491   0.00000000     0.00170291  -0.00000000     0.00026924   0.00000000
    1    6
 -0.00036112   0.00000000     0.00097637  -0.00000000     0.00057258   0.00000000
  0.00052994  -0.00000000     0.00059040   0.00000000    -0.00110298  -0.00000000
  0.00057491   0.00000000    -0.00170291  -0.00000000     0.00026924   0.00000000
    1    7
 -0.00010481   0.00000000     0.00019416   0.00000000     0.00000000  -0.00000000
  0.00013755   0.00000000     0.00013555   0.00000000    -0.00000000   0.00000000
 -0.00000000   0.00000000     0.00000000  -0.00000000     0.00030494   0.00000000
    1    8
 -0.00007776   0.00000000    -0.00064236   0.00000000    -0.00051560  -0.00000000
 -0.00027715   0.00000000     0.00086489  -0.00000000    -0.00070881   0.00000000
 -0.00014416   0.00000000    -0.00159070  -0.00000000     0.00021875  -0.00000000
    1    9
 -0.00007776   0.00000000    -0.00064236  -0.00000000     0.00051560  -0.00000000
 -0.00027715   0.00000000     0.00086489   0.00000000     0.00070881  -0.00000000
  0.00014416  -0.00000000     0.00159070   0.00000000     0.00021875  -0.00000000
    1   10
 -0.00010481   0.00000000    -0.00019416  -0.00000000     0.00000000   0.00000000
 -0.00013755  -0.00000000     0.00013555   0.00000000     0.00000000   0.00000000
  0.00000000  -0.00000000    -0.00000000  -0.00000000     0.00030494   0.00000000
    1   11
 -0.00007776   0.00000000     0.00064236   0.00000000    -0.00051560   0.00000000
  0.00027715  -0.00000000     0.00086489   0.00000000     0.00070881  -0.00000000
 -0.00014416   0.00000000     0.00159070   0.00000000     0.00021875  -0.00000000
    1   12
 -0.00036112   0.00000000    -0.00097637  -0.00000000     0.00057258   0.00000000
 -0.00052994  -0.00000000     0.00059040   0.00000000     0.00110298   0.00000000
  0.00057491   0.00000000     0.00170291   0.00000000     0.00026924   0.00000000
    1   13
 -0.00066978   0.00000000    -0.00000000   0.00000000    -0.00000000  -0.00000000
 -0.00000000   0.00000000     0.00187743   0.00000000     0.00146051  -0.00000000
  0.00000000  -0.00000000     0.00261910   0.00000000     0.00231174   0.00000000
    1   14
 -0.00036112   0.00000000    -0.00097637   0.00000000    -0.00057258  -0.00000000
 -0.00052994   0.00000000     0.00059040   0.00000000    -0.00110298  -0.00000000
 -0.00057491  -0.00000000    -0.00170291  -0.00000000     0.00026924   0.00000000
    1   15
 -0.00007776   0.00000000     0.00064236  -0.00000000     0.00051560   0.00000000
  0.00027715   0.00000000     0.00086489  -0.00000000    -0.00070881   0.00000000
  0.00014416  -0.00000000    -0.00159070  -0.00000000     0.00021875  -0.00000000
    1   16
 -0.00066978  -0.00000000    -0.00000000  -0.00000000     0.00000000  -0.00000000
  0.00000000  -0.00000000     0.00187743   0.00000000    -0.00146051  -0.00000000
  0.00000000  -0.00000000    -0.00261910  -0.00000000     0.00231174   0.00000000
    1   17
 -0.00132456  -0.00000000     0.00000000   0.00000000     0.00000000   0.00000000
  0.00000000  -0.00000000     0.00487497   0.00000000     0.00000000   0.00000000
  0.00000000   0.00000000     0.00000000   0.00000000    -0.00061790   0.00000000
    1   18
 -0.00021352   0.00000000     0.00000000  -0.00000000     0.00000000   0.00000000
 -0.00000000   0.00000000    -0.00018786  -0.00000000    -0.00019754  -0.00000000
 -0.00000000   0.00000000     0.00043658  -0.00000000    -0.00016426  -0.00000000
    1   19
 -0.00021352   0.00000000     0.00000000   0.00000000     0.00000000   0.00000000
  0.00000000  -0.00000000    -0.00018786   0.00000000     0.00019754   0.00000000
 -0.00000000   0.00000000    -0.00043658  -0.00000000    -0.00016426  -0.00000000
    1   20
 -0.00034929   0.00000000     0.00000000  -0.00000000     0.00000000  -0.00000000
 -0.00000000   0.00000000    -0.00014233   0.00000000     0.00000116  -0.00000000
  0.00000000  -0.00000000    -0.00055757  -0.00000000    -0.00013962   0.00000000
    1   21
 -0.00034929   0.00000000    -0.00000000   0.00000000    -0.00000000  -0.00000000
  0.00000000  -0.00000000    -0.00014233  -0.00000000    -0.00000116  -0.00000000
 -0.00000000  -0.00000000     0.00055757  -0.00000000    -0.00013962  -0.00000000
    1   22
  0.00152876   0.00000000     0.00000000   0.00000000    -0.00000000  -0.00000000
  0.00000000  -0.00000000    -0.00537197   0.00000000     0.00000000   0.00000000
 -0.00000000  -0.00000000     0.00000000   0.00000000     0.00093393   0.00000000
    1   23
  0.00219747   0.00000000    -0.00000000  -0.00000000     0.00000000  -0.00000000
 -0.00000000  -0.00000000    -0.00520783   0.00000000     0.01095639   0.00000000
  0.00000000  -0.00000000     0.01081988  -0.00000000    -0.01452604  -0.00000000
    1   24
  0.00219747   0.00000000    -0.00000000   0.00000000     0.00000000  -0.00000000
 -0.00000000   0.00000000    -0.00520783  -0.00000000    -0.01095639  -0.00000000
  0.00000000  -0.00000000    -0.01081988  -0.00000000    -0.01452604  -0.00000000
    1   25
  0.00227396   0.00000000    -0.00000000   0.00000000     0.00000000  -0.00000000
 -0.00000000   0.00000000    -0.00510682  -0.00000000    -0.01130284  -0.00000000
  0.00000000  -0.00000000    -0.01127420   0.00000000    -0.01499530  -0.00000000
    1   26
  0.00227396   0.00000000     0.00000000  -0.00000000     0.00000000  -0.00000000
  0.00000000  -0.00000000    -0.00510682  -0.00000000     0.01130284   0.00000000
  0.00000000  -0.00000000     0.01127420   0.00000000    -0.01499530  -0.00000000
    1   27
  0.00000000   0.00000000    -0.00001413   0.00000000     0.00000000  -0.00000000
 -0.00017053  -0.00000000     0.00000000   0.00000000    -0.00081928  -0.00000000
  0.00000000  -0.00000000     0.00009296   0.00000000    -0.00000000  -0.00000000
    1   28
 -0.01030012   0.00000000     0.00949416   0.00000000     0.00720101   0.00000000
  0.00927775  -0.00000000    -0.00528895  -0.00000000    -0.00545329  -0.00000000
  0.00720928  -0.00000000    -0.00531589   0.00000000    -0.00181522   0.00000000
    1   29
 -0.01030012   0.00000000    -0.00949416   0.00000000     0.00720101   0.00000000
 -0.00927775   0.00000000    -0.00528895  -0.00000000     0.00545329   0.00000000
  0.00720928  -0.00000000     0.00531589   0.00000000    -0.00181522  -0.00000000
    1   30
  0.01008465   0.00000000     0.00944249   0.00000000    -0.00712629  -0.00000000
  0.00923459   0.00000000     0.00515043  -0.00000000    -0.00533646   0.00000000
 -0.00711538   0.00000000    -0.00552061  -0.00000000     0.00192237  -0.00000000
    1   31
  0.01008465   0.00000000    -0.00944249   0.00000000    -0.00712629  -0.00000000
 -0.00923459  -0.00000000     0.00515043  -0.00000000     0.00533646  -0.00000000
 -0.00711538   0.00000000     0.00552061   0.00000000     0.00192237  -0.00000000
    1   32
 -0.00000000   0.00000000    -0.00001413   0.00000000     0.00000000   0.00000000
 -0.00017053  -0.00000000    -0.00000000   0.00000000     0.00081928   0.00000000
 -0.00000000   0.00000000    -0.00009296  -0.00000000    -0.00000000  -0.00000000
    1   33
 -0.01030012   0.00000000    -0.00949416  -0.00000000    -0.00720101  -0.00000000
 -0.00927775   0.00000000    -0.00528895  -0.00000000    -0.00545329  -0.00000000
 -0.00720928   0.00000000    -0.00531589   0.00000000    -0.00181522   0.00000000
    1   34
 -0.01030012   0.00000000     0.00949416  -0.00000000    -0.00720101  -0.00000000
  0.00927775  -0.00000000    -0.00528895  -0.00000000     0.00545329   0.00000000
 -0.00720928   0.00000000     0.00531589   0.00000000    -0.00181522  -0.00000000
    1   35
  0.01008465   0.00000000    -0.00944249  -0.00000000     0.00712629   0.00000000
 -0.00923459  -0.00000000     0.00515043  -0.00000000    -0.00533646   0.00000000
  0.00711538  -0.00000000    -0.00552061  -0.00000000     0.00192237   0.00000000
    1   36
  0.01008465   0.00000000     0.00944249  -0.00000000     0.00712629   0.00000000
  0.00923459   0.00000000     0.00515043  -0.00000000     0.00533646  -0.00000000
  0.00711538  -0.00000000     0.00552061   0.00000000     0.00192237  -0.00000000
    2    1
  0.00268225   0.00000000     0.00000000   0.00000000     0.00000000  -0.00000000
  0.00000000   0.00000000    -0.00069251  -0.00000000     0.00000000   0.00000000
 -0.00000000  -0.00000000     0.00000000   0.00000000    -0.00040347  -0.00000000
    2    2
  0.05031214   0.00000000     0.00000000   0.00000000     0.00000000   0.00000000
  0.00000000   0.00000000     0.04280485   0.00000000     0.00000000   0.00000000
  0.00000000   0.00000000     0.00000000   0.00000000     0.07231070  -0.00000000
    2    3
  0.00000000   0.00000000    -0.00001689   0.00000000     0.00000000  -0.00000000
  0.00002355   0.00000000    -0.00000000   0.00000000    -0.00002076   0.00000000
  0.00000000   0.00000000    -0.00002846   0.00000000     0.00000000  -0.00000000
    2    4
 -0.00000000   0.00000000     0.00001689  -0.00000000    -0.00000000   0.00000000
 -0.00002355  -0.00000000     0.00000000   0.00000000    -0.00002076   0.00000000
  0.00000000  -0.00000000    -0.00002846   0.00000000    -0.00000000  -0.00000000
    2    5
 -0.00036112   0.00000000    -0.00097637   0.00000000    -0.00057258  -0.00000000
 -0.00052994   0.00000000     0.00059040   0.00000000    -0.00110298  -0.00000000
 -0.00057491  -0.00000000    -0.00170291  -0.00000000     0.00026924   0.00000000
    2    6
 -0.00036112   0.00000000    -0.00097637  -0.00000000     0.00057258   0.00000000
 -0.00052994  -0.00000000     0.00059040   0.00000000     0.00110298   0.00000000
  0.00057491   0.00000000     0.00170291   0.00000000     0.00026924   0.00000000
    2    7
 -0.00010481   0.00000000    -0.00019416  -0.00000000     0.00000000   0.00000000
 -0.00013755  -0.00000000     0.00013555   0.00000000     0.00000000   0.00000000
 -0.00000000  -0.00000000    -0.00000000  -0.00000000     0.00030494   0.00000000
    2    8
 -0.00007776   0.00000000     0.00064236   0.00000000    -0.00051560   0.00000000
  0.00027715  -0.00000000     0.00086489   0.00000000     0.00070881  -0.00000000
 -0.00014416   0.00000000     0.00159070   0.00000000     0.00021875  -0.00000000
    2    9
 -0.00007776   0.00000000     0.00064236  -0.00000000     0.00051560   0.00000000
  0.00027715   0.00000000     0.00086489  -0.00000000    -0.00070881   0.00000000
  0.00014416  -0.00000000    -0.00159070  -0.00000000     0.00021875  -0.00000000
    2   10
 -0.00010481   0.00000000     0.00019416   0.00000000     0.00000000  -0.00000000
  0.00013755   0.00000000     0.00013555   0.00000000     0.00000000   0.00000000
 -0.00000000   0.00000000     0.00000000  -0.00000000     0.00030494   0.00000000
    2   11
 -0.00007776   0.00000000    -0.00064236   0.00000000    -0.00051560  -0.00000000
 -0.00027715   0.00000000     0.00086489  -0.00000000    -0.00070881   0.00000000
 -0.00014416   0.00000000    -0.00159070  -0.00000000     0.00021875  -0.00000000
    2   12
 -0.00036112   0.00000000     0.00097637  -0.00000000     0.00057258   0.00000000
  0.00052994  -0.00000000     0.00059040   0.00000000    -0.00110298  -0.00000000
  0.00057491   0.00000000    -0.00170291  -0.00000000     0.00026924   0.00000000
    2   13
 -0.00066978  -0.00000000     0.00000000  -0.00000000     0.00000000  -0.00000000
  0.00000000  -0.00000000     0.00187743   0.00000000    -0.00146051  -0.00000000
  0.00000000  -0.00000000    -0.00261910  -0.00000000     0.00231174   0.00000000
    2   14
 -0.00036112   0.00000000     0.00097637   0.00000000    -0.00057258   0.00000000
  0.00052994  -0.00000000     0.00059040   0.00000000     0.00110298   0.00000000
 -0.00057491   0.00000000     0.00170291  -0.00000000     0.00026924   0.00000000
    2   15
 -0.00007776   0.00000000    -0.00064236  -0.00000000     0.00051560  -0.00000000
 -0.00027715   0.00000000     0.00086489   0.00000000     0.00070881  -0.00000000
  0.00014416  -0.00000000     0.00159070   0.00000000     0.00021875  -0.00000000
    2   16
 -0.00066978   0.00000000     0.00000000   0.00000000     0.00000000  -0.00000000
  0.00000000   0.00000000     0.00187743   0.00000000     0.00146051  -0.00000000
  0.00000000  -0.00000000     0.00261910   0.00000000     0.00231174   0.00000000
    2   17
 -0.00132456  -0.00000000     0.00000000  -0.00000000     0.00000000  -0.00000000
  0.00000000   0.00000000     0.00487497   0.00000000     0.00000000  -0.00000000
  0.00000000  -0.00000000     0.00000000   0.00000000    -0.00061790   0.00000000
    2   18
  0.00227396   0.00000000     0.00000000  -0.00000000     0.00000000  -0.00000000
  0.00000000  -0.00000000    -0.00510682  -0.00000000     0.01130284   0.00000000
  0.00000000  -0.00000000     0.01127420   0.00000000    -0.01499530  -0.00000000
    2   19
  0.00227396   0.00000000    -0.00000000   0.00000000    -0.00000000  -0.00000000
 -0.00000000   0.00000000    -0.00510682  -0.00000000    -0.01130284  -0.00000000
 -0.00000000  -0.00000000    -0.01127420   0.00000000    -0.01499530  -0.00000000
    2   20
  0.00219747   0.00000000    -0.00000000   0.00000000     0.00000000  -0.00000000
 -0.00000000   0.00000000    -0.00520783  -0.00000000    -0.01095639  -0.00000000
 -0.00000000  -0.00000000    -0.01081988  -0.00000000    -0.01452604  -0.00000000
    2   21
  0.00219747   0.00000000    -0.00000000  -0.00000000    -0.00000000  -0.00000000
 -0.00000000  -0.00000000    -0.00520783   0.00000000     0.01095639   0.00000000
  0.00000000  -0.00000000     0.01081988  -0.00000000    -0.01452604  -0.00000000
    2   22
  0.00152876   0.00000000     0.00000000   0.00000000     0.00000000  -0.00000000
  0.00000000   0.00000000    -0.00537197   0.00000000     0.00000000   0.00000000
  0.00000000  -0.00000000     0.00000000   0.00000000     0.00093393   0.00000000
    2   23
 -0.00034929   0.00000000    -0.00000000   0.00000000     0.00000000  -0.00000000
  0.00000000  -0.00000000    -0.00014233  -0.00000000    -0.00000116  -0.00000000
  0.00000000  -0.00000000     0.00055757  -0.00000000    -0.00013962  -0.00000000
    2   24
 -0.00034929   0.00000000    -0.00000000  -0.00000000    -0.00000000  -0.00000000
  0.00000000   0.00000000    -0.00014233   0.00000000     0.00000116  -0.00000000
 -0.00000000  -0.00000000    -0.00055757  -0.00000000    -0.00013962   0.00000000
    2   25
 -0.00021352   0.00000000     0.00000000   0.00000000     0.00000000   0.00000000
  0.00000000  -0.00000000    -0.00018786   0.00000000     0.00019754   0.00000000
  0.00000000   0.00000000    -0.00043658  -0.00000000    -0.00016426  -0.00000000
    2   26
 -0.00021352   0.00000000     0.00000000  -0.00000000     0.00000000   0.00000000
 -0.00000000   0.00000000    -0.00018786  -0.00000000    -0.00019754  -0.00000000
  0.00000000   0.00000000     0.00043658  -0.00000000    -0.00016426  -0.00000000
    2   27
  0.00000000   0.00000000     0.00001413  -0.00000000    -0.00000000  -0.00000000
  0.00017053   0.00000000     0.00000000   0.00000000     0.00081928   0.00000000
  0.00000000  -0.00000000    -0.00009296  -0.00000000     0.00000000  -0.00000000
    2   28
  0.01008465   0.00000000     0.00944249  -0.00000000     0.00712629   0.00000000
  0.00923459   0.00000000     0.00515043  -0.00000000     0.00533646  -0.00000000
  0.00711538  -0.00000000     0.00552061   0.00000000     0.00192237  -0.00000000
    2   29
  0.01008465   0.00000000    -0.00944249  -0.00000000     0.00712629   0.00000000
 -0.00923459  -0.00000000     0.00515043  -0.00000000    -0.00533646   0.00000000
  0.00711538  -0.00000000    -0.00552061  -0.00000000     0.00192237   0.00000000
    2   30
 -0.01030012   0.00000000     0.00949416  -0.00000000    -0.00720101  -0.00000000
  0.00927775  -0.00000000    -0.00528895  -0.00000000     0.00545329   0.00000000
 -0.00720928   0.00000000     0.00531589   0.00000000    -0.00181522  -0.00000000
    2   31
 -0.01030012   0.00000000    -0.00949416  -0.00000000    -0.00720101  -0.00000000
 -0.00927775   0.00000000    -0.00528895  -0.00000000    -0.00545329  -0.00000000
 -0.00720928   0.00000000    -0.00531589   0.00000000    -0.00181522   0.00000000
    2   32
 -0.00000000   0.00000000     0.00001413  -0.00000000    -0.00000000   0.00000000
  0.00017053   0.00000000     0.00000000   0.00000000    -0.00081928  -0.00000000
 -0.00000000   0.00000000     0.00009296   0.00000000     0.00000000  -0.00000000
    2   33
  0.01008465   0.00000000    -0.00944249   0.00000000    -0.00712629  -0.00000000
 -0.00923459  -0.00000000     0.00515043  -0.00000000     0.00533646  -0.00000000
 -0.00711538   0.00000000     0.00552061   0.00000000     0.00192237  -0.00000000
    2   34
  0.01008465   0.00000000     0.00944249   0.00000000    -0.00712629  -0.00000000
  0.00923459   0.00000000     0.00515043  -0.00000000    -0.00533646   0.00000000
 -0.00711538   0.00000000    -0.00552061  -0.00000000     0.00192237  -0.00000000
    2   35
 -0.01030012   0.00000000    -0.00949416   0.00000000     0.00720101   0.00000000
 -0.00927775   0.00000000    -0.00528895  -0.00000000     0.00545329   0.00000000
  0.00720928  -0.00000000     0.00531589   0.00000000    -0.00181522  -0.00000000
    2   36
 -0.01030012   0.00000000     0.00949416   0.00000000     0.00720101   0.00000000
  0.00927775  -0.00000000    -0.00528895  -0.00000000    -0.00545329  -0.00000000
  0.00720928  -0.00000000    -0.00531589   0.00000000    -0.00181522   0.00000000
    3    1
 -0.00000000   0.00000000    -0.00002355  -0.00000000    -0.00000000  -0.00000000
  0.00001689  -0.00000000     0.00000000   0.00000000    -0.00002846   0.00000000
 -0.00000000   0.00000000    -0.00002076   0.00000000    -0.00000000  -0.00000000
    3    2
  0.00000000   0.00000000     0.00002355   0.00000000     0.00000000   0.00000000
 -0.00001689   0.00000000    -0.00000000   0.00000000    -0.00002846   0.00000000
  0.00000000  -0.00000000    -0.00002076   0.00000000     0.00000000  -0.00000000
    3    3
  0.05042000   0.00000000     0.00000000   0.00000000     0.00000000   0.00000000
  0.00000000   0.00000000     0.04162831   0.00000000     0.00000000   0.00000000
  0.00000000   0.00000000     0.00000000   0.00000000     0.07165619  -0.00000000
    3    4
 -0.00251598  -0.00000000     0.00000000  -0.00000000    -0.00000000  -0.00000000
  0.00000000   0.00000000     0.00069771   0.00000000     0.00000000   0.00000000
  0.00000000  -0.00000000     0.00000000   0.00000000     0.00040312   0.00000000
    3    5
  0.00001909  -0.00000000    -0.00056712   0.00000000     0.00068234  -0.00000000
 -0.00028853   0.00000000    -0.00073637   0.00000000    -0.00095128  -0.00000000
  0.00046376  -0.00000000    -0.00158707  -0.00000000    -0.00033152   0.00000000
    3    6
  0.00001909  -0.00000000     0.00056712   0.00000000    -0.00068234   0.00000000
  0.00028853  -0.00000000    -0.00073637   0.00000000    -0.00095128  -0.00000000
 -0.00046376   0.00000000    -0.00158707  -0.00000000    -0.00033152   0.00000000
    3    7
 -0.00044206   0.00000000    -0.00000000   0.00000000    -0.00000000   0.00000000
 -0.00000000   0.00000000     0.00157991   0.00000000     0.00151083  -0.00000000
  0.00000000  -0.00000000     0.00249309   0.00000000     0.00192000   0.00000000
    3    8
  0.00015182   0.00000000     0.00072134   0.00000000     0.00048152  -0.00000000
  0.00007703  -0.00000000    -0.00086610  -0.00000000     0.00093451  -0.00000000
  0.00034412  -0.00000000     0.00172663   0.00000000    -0.00043101  -0.00000000
    3    9
  0.00015182   0.00000000    -0.00072134  -0.00000000    -0.00048152   0.00000000
 -0.00007703   0.00000000    -0.00086610  -0.00000000     0.00093451  -0.00000000
 -0.00034412   0.00000000     0.00172663   0.00000000    -0.00043101  -0.00000000
    3   10
  0.00044206   0.00000000    -0.00000000   0.00000000    -0.00000000  -0.00000000
 -0.00000000   0.00000000    -0.00157991  -0.00000000     0.00151083   0.00000000
 -0.00000000   0.00000000     0.00249309  -0.00000000    -0.00192000  -0.00000000
    3   11
 -0.00015182   0.00000000     0.00072134   0.00000000    -0.00048152   0.00000000
  0.00007703  -0.00000000     0.00086610   0.00000000     0.00093451   0.00000000
 -0.00034412  -0.00000000     0.00172663  -0.00000000     0.00043101   0.00000000
    3   12
 -0.00001909   0.00000000     0.00056712  -0.00000000     0.00068234   0.00000000
  0.00028853  -0.00000000     0.00073637  -0.00000000    -0.00095128   0.00000000
  0.00046376   0.00000000    -0.00158707   0.00000000     0.00033152  -0.00000000
    3   13
  0.00000000   0.00000000    -0.00000000   0.00000000    -0.00003510  -0.00000000
 -0.00000000   0.00000000     0.00000000   0.00000000     0.00007452  -0.00000000
  0.00003152   0.00000000    -0.00021760  -0.00000000     0.00000000   0.00000000
    3   14
 -0.00001909   0.00000000    -0.00056712   0.00000000    -0.00068234  -0.00000000
 -0.00028853   0.00000000     0.00073637  -0.00000000    -0.00095128  -0.00000000
 -0.00046376  -0.00000000    -0.00158707   0.00000000     0.00033152  -0.00000000
    3   15
 -0.00015182   0.00000000    -0.00072134  -0.00000000     0.00048152  -0.00000000
 -0.00007703   0.00000000     0.00086610   0.00000000     0.00093451   0.00000000
  0.00034412   0.00000000     0.00172663  -0.00000000     0.00043101   0.00000000
    3   16
  0.00000000   0.00000000    -0.00000000  -0.00000000     0.00003510   0.00000000
 -0.00000000  -0.00000000     0.00000000   0.00000000     0.00007452  -0.00000000
 -0.00003152  -0.00000000    -0.00021760  -0.00000000     0.00000000  -0.00000000
    3   17
 -0.00000000   0.00000000     0.00000000  -0.00000000    -0.00000000   0.00000000
 -0.00000000   0.00000000     0.00000000   0.00000000    -0.00067991   0.00000000
 -0.00000000  -0.00000000     0.00002590   0.00000000    -0.00000000  -0.00000000
    3   18
  0.01074226   0.00000000    -0.00981466   0.00000000    -0.00749604   0.00000000
 -0.00958840   0.00000000     0.00527092  -0.00000000     0.00560580   0.00000000
 -0.00739408   0.00000000     0.00561303   0.00000000     0.00198025  -0.00000000
    3   19
 -0.01074226   0.00000000    -0.00981466  -0.00000000     0.00749604  -0.00000000
 -0.00958840   0.00000000    -0.00527092  -0.00000000     0.00560580   0.00000000
  0.00739408  -0.00000000     0.00561303   0.00000000    -0.00198025  -0.00000000
    3   20
  0.01014869   0.00000000     0.00944616   0.00000000    -0.00703955   0.00000000
  0.00921155   0.00000000     0.00517403   0.00000000    -0.00535095   0.00000000
 -0.00696798   0.00000000    -0.00530082  -0.00000000     0.00181167  -0.00000000
    3   21
 -0.01014869   0.00000000     0.00944616   0.00000000     0.00703955  -0.00000000
  0.00921155  -0.00000000    -0.00517403  -0.00000000    -0.00535095  -0.00000000
  0.00696798  -0.00000000    -0.00530082   0.00000000    -0.00181167   0.00000000
    3   22
  0.00000000   0.00000000     0.00000000  -0.00000000    -0.00000000  -0.00000000
 -0.00000000   0.00000000    -0.00000000   0.00000000    -0.00077034   0.00000000
 -0.00000000  -0.00000000     0.00004819  -0.00000000    -0.00000000  -0.00000000
    3   23
 -0.01014869   0.00000000    -0.00944616  -0.00000000    -0.00703955   0.00000000
 -0.00921155   0.00000000    -0.00517403  -0.00000000    -0.00535095  -0.00000000
 -0.00696798   0.00000000    -0.00530082   0.00000000    -0.00181167   0.00000000
    3   24
  0.01014869   0.00000000    -0.00944616  -0.00000000     0.00703955  -0.00000000
 -0.00921155  -0.00000000     0.00517403   0.00000000    -0.00535095   0.00000000
  0.00696798  -0.00000000    -0.00530082  -0.00000000     0.00181167  -0.00000000
    3   25
 -0.01074226   0.00000000     0.00981466   0.00000000    -0.00749604  -0.00000000
  0.00958840  -0.00000000    -0.00527092  -0.00000000     0.00560580   0.00000000
 -0.00739408   0.00000000     0.00561303   0.00000000    -0.00198025  -0.00000000
    3   26
  0.01074226   0.00000000     0.00981466   0.00000000     0.00749604  -0.00000000
  0.00958840   0.00000000     0.00527092  -0.00000000     0.00560580  -0.00000000
  0.00739408  -0.00000000     0.00561303   0.00000000     0.00198025  -0.00000000
    3   27
  0.00150341   0.00000000     0.00000000  -0.00000000    -0.00007331  -0.00000000
 -0.00000000   0.00000000    -0.00496773   0.00000000     0.00000000   0.00000000
  0.00001154  -0.00000000     0.00000000  -0.00000000     0.00074484   0.00000000
    3   28
 -0.00035660   0.00000000    -0.00001292   0.00000000     0.00011574   0.00000000
 -0.00012124  -0.00000000    -0.00014711  -0.00000000    -0.00012116  -0.00000000
 -0.00004757   0.00000000     0.00050183   0.00000000    -0.00018268  -0.00000000
    3   29
  0.00035660   0.00000000    -0.00001292  -0.00000000    -0.00011574  -0.00000000
 -0.00012124  -0.00000000     0.00014711   0.00000000    -0.00012116  -0.00000000
  0.00004757  -0.00000000     0.00050183   0.00000000     0.00018268   0.00000000
    3   30
  0.00035660   0.00000000     0.00001292   0.00000000     0.00011574   0.00000000
  0.00012124   0.00000000     0.00014711   0.00000000    -0.00012116  -0.00000000
 -0.00004757   0.00000000     0.00050183   0.00000000     0.00018268   0.00000000
    3   31
 -0.00035660   0.00000000     0.00001292  -0.00000000    -0.00011574  -0.00000000
  0.00012124  -0.00000000    -0.00014711  -0.00000000    -0.00012116  -0.00000000
  0.00004757  -0.00000000     0.00050183  -0.00000000    -0.00018268  -0.00000000
    3   32
  0.00150341   0.00000000    -0.00000000   0.00000000     0.00007331   0.00000000
  0.00000000  -0.00000000    -0.00496773   0.00000000     0.00000000   0.00000000
 -0.00001154   0.00000000     0.00000000  -0.00000000     0.00074484   0.00000000
    3   33
 -0.00217520   0.00000000     0.00009221   0.00000000     0.00003693   0.00000000
  0.00008221  -0.00000000     0.00512167   0.00000000    -0.01097212  -0.00000000
 -0.00004950   0.00000000    -0.01087587   0.00000000     0.01444507  -0.00000000
    3   34
  0.00217520   0.00000000     0.00009221   0.00000000    -0.00003693  -0.00000000
  0.00008221   0.00000000    -0.00512167   0.00000000    -0.01097212  -0.00000000
  0.00004950  -0.00000000    -0.01087587   0.00000000    -0.01444507  -0.00000000
    3   35
  0.00217520   0.00000000    -0.00009221  -0.00000000     0.00003693   0.00000000
 -0.00008221  -0.00000000    -0.00512167   0.00000000    -0.01097212  -0.00000000
 -0.00004950   0.00000000    -0.01087587  -0.00000000    -0.01444507  -0.00000000
    3   36
 -0.00217520   0.00000000    -0.00009221  -0.00000000    -0.00003693  -0.00000000
 -0.00008221   0.00000000     0.00512167   0.00000000    -0.01097212  -0.00000000
  0.00004950   0.00000000    -0.01087587  -0.00000000     0.01444507  -0.00000000
    4    1
  0.00000000   0.00000000     0.00002355   0.00000000    -0.00000000   0.00000000
 -0.00001689   0.00000000    -0.00000000   0.00000000    -0.00002846   0.00000000
  0.00000000  -0.00000000    -0.00002076   0.00000000     0.00000000  -0.00000000
    4    2
 -0.00000000   0.00000000    -0.00002355  -0.00000000     0.00000000  -0.00000000
  0.00001689  -0.00000000     0.00000000   0.00000000    -0.00002846   0.00000000
 -0.00000000   0.00000000    -0.00002076   0.00000000    -0.00000000  -0.00000000
    4    3
 -0.00251598  -0.00000000     0.00000000   0.00000000     0.00000000  -0.00000000
  0.00000000  -0.00000000     0.00069771   0.00000000     0.00000000   0.00000000
 -0.00000000  -0.00000000     0.00000000   0.00000000     0.00040312   0.00000000
    4    4
  0.05042000   0.00000000     0.00000000   0.00000000     0.00000000   0.00000000
  0.00000000   0.00000000     0.04162831   0.00000000     0.00000000   0.00000000
  0.00000000   0.00000000     0.00000000   0.00000000     0.07165619  -0.00000000
    4    5
 -0.00001909   0.00000000    -0.00056712   0.00000000    -0.00068234  -0.00000000
 -0.00028853   0.00000000     0.00073637  -0.00000000    -0.00095128  -0.00000000
 -0.00046376  -0.00000000    -0.00158707   0.00000000     0.00033152  -0.00000000
    4    6
 -0.00001909   0.00000000     0.00056712  -0.00000000     0.00068234   0.00000000
  0.00028853  -0.00000000     0.00073637  -0.00000000    -0.00095128   0.00000000
  0.00046376   0.00000000    -0.00158707   0.00000000     0.00033152  -0.00000000
    4    7
  0.00044206   0.00000000    -0.00000000   0.00000000     0.00000000  -0.00000000
 -0.00000000   0.00000000    -0.00157991  -0.00000000     0.00151083   0.00000000
  0.00000000   0.00000000     0.00249309  -0.00000000    -0.00192000  -0.00000000
    4    8
 -0.00015182   0.00000000     0.00072134   0.00000000    -0.00048152   0.00000000
  0.00007703  -0.00000000     0.00086610   0.00000000     0.00093451   0.00000000
 -0.00034412  -0.00000000     0.00172663  -0.00000000     0.00043101   0.00000000
    4    9
 -0.00015182   0.00000000    -0.00072134  -0.00000000     0.00048152  -0.00000000
 -0.00007703   0.00000000     0.00086610   0.00000000     0.00093451   0.00000000
  0.00034412   0.00000000     0.00172663  -0.00000000     0.00043101   0.00000000
    4   10
 -0.00044206   0.00000000     0.00000000   0.00000000    -0.00000000   0.00000000
  0.00000000   0.00000000     0.00157991   0.00000000     0.00151083  -0.00000000
  0.00000000  -0.00000000     0.00249309   0.00000000     0.00192000   0.00000000
    4   11
  0.00015182   0.00000000     0.00072134   0.00000000     0.00048152  -0.00000000
  0.00007703  -0.00000000    -0.00086610  -0.00000000     0.00093451  -0.00000000
  0.00034412  -0.00000000     0.00172663   0.00000000    -0.00043101  -0.00000000
    4   12
  0.00001909  -0.00000000     0.00056712   0.00000000    -0.00068234   0.00000000
  0.00028853  -0.00000000    -0.00073637   0.00000000    -0.00095128  -0.00000000
 -0.00046376   0.00000000    -0.00158707  -0.00000000    -0.00033152   0.00000000
    4   13
  0.00000000   0.00000000     0.00000000  -0.00000000     0.00003510   0.00000000
  0.00000000  -0.00000000    -0.00000000   0.00000000     0.00007452  -0.00000000
 -0.00003152  -0.00000000    -0.00021760  -0.00000000     0.00000000  -0.00000000
    4   14
  0.00001909  -0.00000000    -0.00056712   0.00000000     0.00068234  -0.00000000
 -0.00028853   0.00000000    -0.00073637   0.00000000    -0.00095128  -0.00000000
  0.00046376  -0.00000000    -0.00158707  -0.00000000    -0.00033152   0.00000000
    4   15
  0.00015182   0.00000000    -0.00072134  -0.00000000    -0.00048152   0.00000000
 -0.00007703   0.00000000    -0.00086610  -0.00000000     0.00093451  -0.00000000
 -0.00034412   0.00000000     0.00172663   0.00000000    -0.00043101  -0.00000000
    4   16
 -0.00000000   0.00000000    -0.00000000   0.00000000    -0.00003510  -0.00000000
 -0.00000000   0.00000000     0.00000000   0.00000000     0.00007452  -0.00000000
  0.00003152   0.00000000    -0.00021760  -0.00000000     0.00000000   0.00000000
    4   17
  0.00000000   0.00000000     0.00000000   0.00000000     0.00000000  -0.00000000
  0.00000000  -0.00000000     0.00000000   0.00000000    -0.00067991  -0.00000000
  0.00000000  -0.00000000     0.00002590   0.00000000     0.00000000  -0.00000000
    4   18
  0.01074226   0.00000000     0.00981466   0.00000000     0.00749604  -0.00000000
  0.00958840   0.00000000     0.00527092  -0.00000000     0.00560580  -0.00000000
  0.00739408  -0.00000000     0.00561303   0.00000000     0.00198025  -0.00000000
    4   19
 -0.01074226   0.00000000     0.00981466   0.00000000    -0.00749604  -0.00000000
  0.00958840  -0.00000000    -0.00527092  -0.00000000     0.00560580   0.00000000
 -0.00739408   0.00000000     0.00561303   0.00000000    -0.00198025  -0.00000000
    4   20
  0.01014869   0.00000000    -0.00944616  -0.00000000     0.00703955  -0.00000000
 -0.00921155  -0.00000000     0.00517403   0.00000000    -0.00535095   0.00000000
  0.00696798  -0.00000000    -0.00530082  -0.00000000     0.00181167  -0.00000000
    4   21
 -0.01014869   0.00000000    -0.00944616  -0.00000000    -0.00703955   0.00000000
 -0.00921155   0.00000000    -0.00517403  -0.00000000    -0.00535095  -0.00000000
 -0.00696798   0.00000000    -0.00530082   0.00000000    -0.00181167   0.00000000
    4   22
  0.00000000   0.00000000    -0.00000000  -0.00000000     0.00000000  -0.00000000
  0.00000000   0.00000000     0.00000000   0.00000000    -0.00077034   0.00000000
 -0.00000000  -0.00000000     0.00004819  -0.00000000     0.00000000  -0.00000000
    4   23
 -0.01014869   0.00000000     0.00944616   0.00000000     0.00703955  -0.00000000
  0.00921155  -0.00000000    -0.00517403  -0.00000000    -0.00535095  -0.00000000
  0.00696798  -0.00000000    -0.00530082   0.00000000    -0.00181167   0.00000000
    4   24
  0.01014869   0.00000000     0.00944616   0.00000000    -0.00703955   0.00000000
  0.00921155   0.00000000     0.00517403   0.00000000    -0.00535095   0.00000000
 -0.00696798   0.00000000    -0.00530082  -0.00000000     0.00181167  -0.00000000
    4   25
 -0.01074226   0.00000000    -0.00981466  -0.00000000     0.00749604  -0.00000000
 -0.00958840   0.00000000    -0.00527092  -0.00000000     0.00560580   0.00000000
  0.00739408  -0.00000000     0.00561303   0.00000000    -0.00198025  -0.00000000
    4   26
  0.01074226   0.00000000    -0.00981466   0.00000000    -0.00749604   0.00000000
 -0.00958840   0.00000000     0.00527092  -0.00000000     0.00560580   0.00000000
 -0.00739408   0.00000000     0.00561303   0.00000000     0.00198025  -0.00000000
    4   27
 -0.00150341  -0.00000000    -0.00000000  -0.00000000     0.00007331   0.00000000
 -0.00000000   0.00000000     0.00496773   0.00000000     0.00000000  -0.00000000
 -0.00001154  -0.00000000     0.00000000   0.00000000    -0.00074484  -0.00000000
    4   28
 -0.00217520   0.00000000    -0.00009221  -0.00000000    -0.00003693  -0.00000000
 -0.00008221   0.00000000     0.00512167   0.00000000    -0.01097212  -0.00000000
  0.00004950   0.00000000    -0.01087587  -0.00000000     0.01444507  -0.00000000
    4   29
  0.00217520   0.00000000    -0.00009221  -0.00000000     0.00003693   0.00000000
 -0.00008221  -0.00000000    -0.00512167   0.00000000    -0.01097212  -0.00000000
 -0.00004950   0.00000000    -0.01087587  -0.00000000    -0.01444507  -0.00000000
    4   30
  0.00217520   0.00000000     0.00009221   0.00000000    -0.00003693  -0.00000000
  0.00008221   0.00000000    -0.00512167   0.00000000    -0.01097212  -0.00000000
  0.00004950  -0.00000000    -0.01087587   0.00000000    -0.01444507  -0.00000000
    4   31
 -0.00217520   0.00000000     0.00009221   0.00000000     0.00003693   0.00000000
  0.00008221  -0.00000000     0.00512167   0.00000000    -0.01097212  -0.00000000
 -0.00004950   0.00000000    -0.01087587   0.00000000     0.01444507  -0.00000000
    4   32
 -0.00150341  -0.00000000     0.00000000   0.00000000    -0.00007331  -0.00000000
  0.00000000  -0.00000000     0.00496773   0.00000000     0.00000000  -0.00000000
  0.00001154   0.00000000     0.00000000   0.00000000    -0.00074484   0.00000000
    4   33
 -0.00035660   0.00000000     0.00001292  -0.00000000    -0.00011574  -0.00000000
  0.00012124  -0.00000000    -0.00014711  -0.00000000    -0.00012116  -0.00000000
  0.00004757  -0.00000000     0.00050183  -0.00000000    -0.00018268  -0.00000000
    4   34
  0.00035660   0.00000000     0.00001292   0.00000000     0.00011574   0.00000000
  0.00012124   0.00000000     0.00014711   0.00000000    -0.00012116  -0.00000000
 -0.00004757   0.00000000     0.00050183   0.00000000     0.00018268   0.00000000
    4   35
  0.00035660   0.00000000    -0.00001292  -0.00000000    -0.00011574  -0.00000000
 -0.00012124  -0.00000000     0.00014711   0.00000000    -0.00012116  -0.00000000
  0.00004757  -0.00000000     0.00050183   0.00000000     0.00018268   0.00000000
    4   36
 -0.00035660   0.00000000    -0.00001292   0.00000000     0.00011574   0.00000000
 -0.00012124  -0.00000000    -0.00014711  -0.00000000    -0.00012116  -0.00000000
 -0.00004757   0.00000000     0.00050183   0.00000000    -0.00018268  -0.00000000
    5    1
 -0.00036112   0.00000000     0.00052994  -0.00000000    -0.00057491   0.00000000
  0.00097637   0.00000000     0.00059040   0.00000000     0.00170291  -0.00000000
 -0.00057258   0.00000000     0.00110298   0.00000000     0.00026924   0.00000000
    5    2
 -0.00036112   0.00000000    -0.00052994   0.00000000    -0.00057491  -0.00000000
 -0.00097637   0.00000000     0.00059040   0.00000000    -0.00170291  -0.00000000
 -0.00057258  -0.00000000    -0.00110298  -0.00000000     0.00026924   0.00000000
    5    3
  0.00001909  -0.00000000    -0.00028853   0.00000000     0.00046376  -0.00000000
 -0.00056712   0.00000000    -0.00073637   0.00000000    -0.00158707  -0.00000000
  0.00068234  -0.00000000    -0.00095128  -0.00000000    -0.00033152   0.00000000
    5    4
 -0.00001909   0.00000000    -0.00028853   0.00000000    -0.00046376  -0.00000000
 -0.00056712   0.00000000     0.00073637  -0.00000000    -0.00158707   0.00000000
 -0.00068234  -0.00000000    -0.00095128  -0.00000000     0.00033152  -0.00000000
    5    5
  0.14844228  -0.00000000    -0.00000000   0.00000000    -0.03168943   0.00000000
 -0.00000000   0.00000000     0.25537426  -0.00000000     0.00000000  -0.00000000
 -0.03168943   0.00000000     0.00000000  -0.00000000     0.19298843   0.00000000
    5    6
  0.00482181  -0.00000000     0.00000000   0.00000000     0.00082794   0.00000000
 -0.00000000  -0.00000000     0.00453455   0.00000000    -0.00000000   0.00000000
 -0.00082794  -0.00000000    -0.00000000   0.00000000    -0.00627672  -0.00000000
    5    7
  0.00130946   0.00000000    -0.00000000   0.00000000    -0.00104433  -0.00000000
 -0.00000000   0.00000000     0.02016686  -0.00000000     0.00000000  -0.00000000
 -0.00484273   0.00000000    -0.00000000   0.00000000     0.00988273   0.00000000
    5    8
  0.02617377   0.00000000     0.00000000  -0.00000000    -0.00348263   0.00000000
 -0.00000000   0.00000000    -0.01697380  -0.00000000    -0.00000000  -0.00000000
 -0.00281569  -0.00000000     0.00000000  -0.00000000    -0.00570404   0.00000000
    5    9
 -0.00184559  -0.00000000     0.00000000  -0.00000000     0.00076177   0.00000000
 -0.00000000   0.00000000     0.00093172   0.00000000     0.00000000  -0.00000000
 -0.00364414  -0.00000000     0.00000000  -0.00000000    -0.00822183  -0.00000000
    5   10
  0.00704427   0.00000000     0.00000000   0.00000000    -0.00459433  -0.00000000
  0.00000000  -0.00000000    -0.00105126  -0.00000000    -0.00000000   0.00000000
 -0.00338247   0.00000000    -0.00000000   0.00000000     0.00201474  -0.00000000
    5   11
  0.00635661   0.00000000     0.00000000   0.00000000     0.00001053  -0.00000000
  0.00000000   0.00000000     0.00052714   0.00000000     0.00000000  -0.00000000
  0.00195379   0.00000000     0.00000000   0.00000000    -0.00347271   0.00000000
    5   12
 -0.00265336   0.00000000     0.00000000  -0.00000000     0.00721463   0.00000000
 -0.00000000   0.00000000    -0.02261321  -0.00000000     0.00000000  -0.00000000
 -0.00721463  -0.00000000    -0.00000000  -0.00000000    -0.01500936  -0.00000000
    5   13
 -0.01123879   0.00000000     0.00000000   0.00000000    -0.00057197   0.00000000
  0.00000000  -0.00000000    -0.02303260  -0.00000000    -0.00000000   0.00000000
  0.00050049  -0.00000000     0.00000000  -0.00000000    -0.01458415  -0.00000000
    5   14
 -0.00296168   0.00000000     0.00000000  -0.00000000     0.00040352   0.00000000
  0.00000000  -0.00000000    -0.00030125   0.00000000     0.00000000  -0.00000000
  0.00040352   0.00000000    -0.00000000  -0.00000000     0.00244823   0.00000000
    5   15
 -0.00470109  -0.00000000     0.00000000  -0.00000000    -0.01202978   0.00000000
  0.00000000  -0.00000000     0.01873203  -0.00000000    -0.00000000  -0.00000000
  0.00560613   0.00000000     0.00000000  -0.00000000     0.01410884   0.00000000
    5   16
  0.00485484  -0.00000000    -0.00000000   0.00000000    -0.00269100  -0.00000000
 -0.00000000   0.00000000    -0.00252973  -0.00000000     0.00000000   0.00000000
 -0.00397272  -0.00000000     0.00000000   0.00000000     0.00081430  -0.00000000
    5   17
  0.01749988   0.00000000     0.00000000  -0.00000000    -0.03294823   0.00000000
 -0.00000000   0.00000000     0.00163399   0.00000000    -0.00000000   0.00000000
 -0.03451104  -0.00000000     0.00000000  -0.00000000     0.05229404   0.00000000
    5   18
 -0.01580732   0.00000000    -0.03538386  -0.00000000    -0.01110903  -0.00000000
 -0.04068285   0.00000000    -0.05381155   0.00000000    -0.02301691   0.00000000
 -0.00800630   0.00000000    -0.01866140   0.00000000    -0.00465734   0.00000000
    5   19
  0.00106075  -0.00000000     0.00049108   0.00000000     0.00060081  -0.00000000
  0.00079949   0.00000000    -0.00027011  -0.00000000    -0.00093978   0.00000000
 -0.00267214  -0.00000000     0.00008688   0.00000000    -0.00127373  -0.00000000
    5   20
  0.00255798  -0.00000000    -0.00199807  -0.00000000     0.00128576   0.00000000
  0.00273428   0.00000000    -0.00159226  -0.00000000    -0.00183522   0.00000000
 -0.00100835  -0.00000000    -0.00091491  -0.00000000    -0.00085225   0.00000000
    5   21
 -0.00049187  -0.00000000     0.00078462  -0.00000000     0.00027796  -0.00000000
 -0.00155965  -0.00000000     0.00249724   0.00000000     0.00090984  -0.00000000
  0.00222347  -0.00000000     0.00227161   0.00000000    -0.00098503   0.00000000
    5   22
  0.00245212   0.00000000     0.00000000  -0.00000000     0.00093345   0.00000000
 -0.00000000   0.00000000     0.00013719   0.00000000     0.00000000  -0.00000000
 -0.00280729  -0.00000000    -0.00000000   0.00000000     0.00032994  -0.00000000
    5   23
  0.00255798  -0.00000000     0.00199807   0.00000000     0.00128576   0.00000000
 -0.00273428   0.00000000    -0.00159226   0.00000000     0.00183522   0.00000000
 -0.00100835  -0.00000000     0.00091491   0.00000000    -0.00085225   0.00000000
    5   24
 -0.00049187  -0.00000000    -0.00078462   0.00000000     0.00027796  -0.00000000
  0.00155965   0.00000000     0.00249724   0.00000000    -0.00090984   0.00000000
  0.00222347  -0.00000000    -0.00227161  -0.00000000    -0.00098503   0.00000000
    5   25
 -0.01580732   0.00000000     0.03538386   0.00000000    -0.01110903  -0.00000000
  0.04068285  -0.00000000    -0.05381155   0.00000000     0.02301691  -0.00000000
 -0.00800630   0.00000000     0.01866140  -0.00000000    -0.00465734   0.00000000
    5   26
  0.00106075  -0.00000000    -0.00049108  -0.00000000     0.00060081  -0.00000000
 -0.00079949  -0.00000000    -0.00027011  -0.00000000     0.00093978   0.00000000
 -0.00267214  -0.00000000    -0.00008688  -0.00000000    -0.00127373  -0.00000000
    5   27
 -0.00303156  -0.00000000    -0.00000000   0.00000000    -0.00165093  -0.00000000
  0.00000000  -0.00000000    -0.00012331  -0.00000000    -0.00000000   0.00000000
  0.00191068   0.00000000     0.00000000   0.00000000     0.00023845  -0.00000000
    5   28
  0.00092389  -0.00000000     0.00015018   0.00000000     0.00105080  -0.00000000
  0.00241439   0.00000000    -0.00171803   0.00000000    -0.00088804   0.00000000
 -0.00164420  -0.00000000    -0.00181335  -0.00000000     0.00233443  -0.00000000
    5   29
  0.00337348   0.00000000    -0.00056196  -0.00000000     0.00116818   0.00000000
  0.00205050   0.00000000    -0.00173165  -0.00000000    -0.00253261  -0.00000000
 -0.00144971  -0.00000000    -0.00005265   0.00000000    -0.00021853   0.00000000
    5   30
  0.00113388   0.00000000    -0.00000213  -0.00000000     0.00079581   0.00000000
  0.00080889  -0.00000000    -0.00004394   0.00000000    -0.00078108  -0.00000000
 -0.00242539   0.00000000    -0.00010399  -0.00000000    -0.00108456  -0.00000000
    5   31
  0.01447516   0.00000000     0.03146201   0.00000000     0.01044923   0.00000000
  0.03980764  -0.00000000     0.05007576   0.00000000     0.02299036  -0.00000000
  0.00725260  -0.00000000     0.01646828   0.00000000     0.00531283   0.00000000
    5   32
  0.01656497   0.00000000     0.00000000  -0.00000000    -0.03277771  -0.00000000
 -0.00000000   0.00000000     0.00127805   0.00000000    -0.00000000   0.00000000
 -0.03538338  -0.00000000     0.00000000  -0.00000000     0.05377046   0.00000000
    5   33
  0.00113388   0.00000000     0.00000213   0.00000000     0.00079581   0.00000000
 -0.00080889   0.00000000    -0.00004394   0.00000000     0.00078108   0.00000000
 -0.00242539  -0.00000000     0.00010399   0.00000000    -0.00108456  -0.00000000
    5   34
  0.01447516   0.00000000    -0.03146201  -0.00000000     0.01044923   0.00000000
 -0.03980764   0.00000000     0.05007576   0.00000000    -0.02299036   0.00000000
  0.00725260  -0.00000000    -0.01646828  -0.00000000     0.00531283  -0.00000000
    5   35
  0.00092389   0.00000000    -0.00015018  -0.00000000     0.00105080  -0.00000000
 -0.00241439  -0.00000000    -0.00171803   0.00000000     0.00088804  -0.00000000
 -0.00164420  -0.00000000     0.00181335   0.00000000     0.00233443  -0.00000000
    5   36
  0.00337348   0.00000000     0.00056196   0.00000000     0.00116818   0.00000000
 -0.00205050  -0.00000000    -0.00173165  -0.00000000     0.00253261   0.00000000
 -0.00144971  -0.00000000     0.00005265  -0.00000000    -0.00021853   0.00000000
    6    1
 -0.00036112   0.00000000     0.00052994  -0.00000000     0.00057491   0.00000000
  0.00097637  -0.00000000     0.00059040   0.00000000    -0.00170291  -0.00000000
  0.00057258   0.00000000    -0.00110298  -0.00000000     0.00026924   0.00000000
    6    2
 -0.00036112   0.00000000    -0.00052994  -0.00000000     0.00057491   0.00000000
 -0.00097637  -0.00000000     0.00059040   0.00000000     0.00170291   0.00000000
  0.00057258   0.00000000     0.00110298   0.00000000     0.00026924   0.00000000
    6    3
  0.00001909  -0.00000000     0.00028853  -0.00000000    -0.00046376   0.00000000
  0.00056712   0.00000000    -0.00073637   0.00000000    -0.00158707  -0.00000000
 -0.00068234   0.00000000    -0.00095128  -0.00000000    -0.00033152   0.00000000
    6    4
 -0.00001909   0.00000000     0.00028853  -0.00000000     0.00046376   0.00000000
  0.00056712  -0.00000000     0.00073637  -0.00000000    -0.00158707   0.00000000
  0.00068234   0.00000000    -0.00095128   0.00000000     0.00033152  -0.00000000
    6    5
  0.00482181  -0.00000000    -0.00000000  -0.00000000    -0.00082794  -0.00000000
  0.00000000   0.00000000     0.00453455   0.00000000    -0.00000000   0.00000000
  0.00082794   0.00000000    -0.00000000   0.00000000    -0.00627672  -0.00000000
    6    6
  0.14844228  -0.00000000    -0.00000000  -0.00000000     0.03168943  -0.00000000
 -0.00000000  -0.00000000     0.25537426  -0.00000000     0.00000000  -0.00000000
  0.03168943  -0.00000000     0.00000000  -0.00000000     0.19298843   0.00000000
    6    7
  0.00130946   0.00000000     0.00000000  -0.00000000     0.00104433   0.00000000
 -0.00000000  -0.00000000     0.02016686   0.00000000     0.00000000  -0.00000000
  0.00484273   0.00000000     0.00000000   0.00000000     0.00988273   0.00000000
    6    8
 -0.00184559  -0.00000000     0.00000000   0.00000000    -0.00076177  -0.00000000
 -0.00000000  -0.00000000     0.00093172   0.00000000    -0.00000000  -0.00000000
  0.00364414   0.00000000     0.00000000  -0.00000000    -0.00822183  -0.00000000
    6    9
  0.02617377   0.00000000     0.00000000   0.00000000     0.00348263  -0.00000000
  0.00000000  -0.00000000    -0.01697380  -0.00000000     0.00000000  -0.00000000
  0.00281569  -0.00000000    -0.00000000  -0.00000000    -0.00570404   0.00000000
    6   10
  0.00704427  -0.00000000     0.00000000  -0.00000000     0.00459433   0.00000000
 -0.00000000   0.00000000    -0.00105126  -0.00000000    -0.00000000   0.00000000
  0.00338247  -0.00000000    -0.00000000   0.00000000     0.00201474  -0.00000000
    6   11
 -0.00470109   0.00000000     0.00000000   0.00000000     0.01202978   0.00000000
  0.00000000   0.00000000     0.01873203   0.00000000    -0.00000000  -0.00000000
 -0.00560613  -0.00000000     0.00000000  -0.00000000     0.01410884   0.00000000
    6   12
 -0.00296168   0.00000000    -0.00000000   0.00000000    -0.00040352  -0.00000000
 -0.00000000   0.00000000    -0.00030125   0.00000000    -0.00000000  -0.00000000
 -0.00040352  -0.00000000    -0.00000000  -0.00000000     0.00244823   0.00000000
    6   13
  0.00485484  -0.00000000     0.00000000  -0.00000000     0.00269100   0.00000000
 -0.00000000  -0.00000000    -0.00252973  -0.00000000     0.00000000   0.00000000
  0.00397272   0.00000000     0.00000000   0.00000000     0.00081430  -0.00000000
    6   14
 -0.00265336   0.00000000    -0.00000000   0.00000000    -0.00721463  -0.00000000
 -0.00000000  -0.00000000    -0.02261321  -0.00000000    -0.00000000  -0.00000000
  0.00721463   0.00000000     0.00000000  -0.00000000    -0.01500936  -0.00000000
    6   15
  0.00635661   0.00000000     0.00000000  -0.00000000    -0.00001053  -0.00000000
 -0.00000000  -0.00000000     0.00052714  -0.00000000     0.00000000  -0.00000000
 -0.00195379  -0.00000000    -0.00000000   0.00000000    -0.00347271   0.00000000
    6   16
 -0.01123879   0.00000000    -0.00000000  -0.00000000     0.00057197  -0.00000000
 -0.00000000   0.00000000    -0.02303260  -0.00000000     0.00000000   0.00000000
 -0.00050049   0.00000000     0.00000000  -0.00000000    -0.01458415  -0.00000000
    6   17
  0.01749988   0.00000000     0.00000000   0.00000000     0.03294823  -0.00000000
  0.00000000  -0.00000000     0.00163399   0.00000000     0.00000000   0.00000000
  0.03451104   0.00000000     0.00000000  -0.00000000     0.05229404   0.00000000
    6   18
  0.00106075  -0.00000000     0.00049108   0.00000000    -0.00060081   0.00000000
  0.00079949   0.00000000    -0.00027011  -0.00000000     0.00093978   0.00000000
  0.00267214   0.00000000    -0.00008688  -0.00000000    -0.00127373  -0.00000000
    6   19
 -0.01580732   0.00000000    -0.03538386  -0.00000000     0.01110903   0.00000000
 -0.04068285   0.00000000    -0.05381155   0.00000000     0.02301691  -0.00000000
  0.00800630  -0.00000000     0.01866140  -0.00000000    -0.00465734   0.00000000
    6   20
 -0.00049187  -0.00000000     0.00078462  -0.00000000    -0.00027796   0.00000000
 -0.00155965  -0.00000000     0.00249724   0.00000000    -0.00090984   0.00000000
 -0.00222347  -0.00000000    -0.00227161  -0.00000000    -0.00098503   0.00000000
    6   21
  0.00255798   0.00000000    -0.00199807  -0.00000000    -0.00128576  -0.00000000
  0.00273428  -0.00000000    -0.00159226   0.00000000     0.00183522   0.00000000
  0.00100835   0.00000000     0.00091491   0.00000000    -0.00085225   0.00000000
    6   22
  0.00245212   0.00000000    -0.00000000   0.00000000    -0.00093345  -0.00000000
  0.00000000  -0.00000000     0.00013719   0.00000000     0.00000000  -0.00000000
  0.00280729  -0.00000000     0.00000000   0.00000000     0.00032994   0.00000000
    6   23
 -0.00049187  -0.00000000    -0.00078462   0.00000000    -0.00027796   0.00000000
  0.00155965   0.00000000     0.00249724   0.00000000     0.00090984  -0.00000000
 -0.00222347  -0.00000000     0.00227161   0.00000000    -0.00098503   0.00000000
    6   24
  0.00255798   0.00000000     0.00199807   0.00000000    -0.00128576  -0.00000000
 -0.00273428  -0.00000000    -0.00159226  -0.00000000    -0.00183522  -0.00000000
  0.00100835   0.00000000    -0.00091491  -0.00000000    -0.00085225   0.00000000
    6   25
  0.00106075  -0.00000000    -0.00049108  -0.00000000    -0.00060081   0.00000000
 -0.00079949  -0.00000000    -0.00027011  -0.00000000    -0.00093978  -0.00000000
  0.00267214   0.00000000     0.00008688   0.00000000    -0.00127373  -0.00000000
    6   26
 -0.01580732   0.00000000     0.03538386   0.00000000     0.01110903   0.00000000
  0.04068285  -0.00000000    -0.05381155   0.00000000    -0.02301691   0.00000000
  0.00800630  -0.00000000    -0.01866140   0.00000000    -0.00465734   0.00000000
    6   27
  0.01656497   0.00000000     0.00000000   0.00000000     0.03277771   0.00000000
 -0.00000000  -0.00000000     0.00127805   0.00000000     0.00000000   0.00000000
  0.03538338  -0.00000000     0.00000000  -0.00000000     0.05377046   0.00000000
    6   28
  0.01447516   0.00000000    -0.03146201  -0.00000000    -0.01044923  -0.00000000
 -0.03980764  -0.00000000     0.05007576   0.00000000     0.02299036   0.00000000
 -0.00725260  -0.00000000     0.01646828   0.00000000     0.00531283   0.00000000
    6   29
  0.00113388   0.00000000     0.00000213   0.00000000    -0.00079581   0.00000000
 -0.00080889   0.00000000    -0.00004394   0.00000000    -0.00078108  -0.00000000
  0.00242539  -0.00000000    -0.00010399  -0.00000000    -0.00108456   0.00000000
    6   30
  0.00337348   0.00000000     0.00056196   0.00000000    -0.00116818  -0.00000000
 -0.00205050  -0.00000000    -0.00173165   0.00000000    -0.00253261   0.00000000
  0.00144971   0.00000000    -0.00005265   0.00000000    -0.00021853  -0.00000000
    6   31
  0.00092389   0.00000000    -0.00015018  -0.00000000    -0.00105080   0.00000000
 -0.00241439  -0.00000000    -0.00171803   0.00000000    -0.00088804  -0.00000000
  0.00164420   0.00000000    -0.00181335  -0.00000000     0.00233443   0.00000000
    6   32
 -0.00303156  -0.00000000    -0.00000000  -0.00000000     0.00165093   0.00000000
 -0.00000000  -0.00000000    -0.00012331  -0.00000000     0.00000000   0.00000000
 -0.00191068  -0.00000000     0.00000000   0.00000000     0.00023845   0.00000000
    6   33
  0.00337348   0.00000000    -0.00056196  -0.00000000    -0.00116818  -0.00000000
  0.00205050   0.00000000    -0.00173165  -0.00000000     0.00253261  -0.00000000
  0.00144971   0.00000000     0.00005265  -0.00000000    -0.00021853  -0.00000000
    6   34
  0.00092389   0.00000000     0.00015018   0.00000000    -0.00105080   0.00000000
  0.00241439   0.00000000    -0.00171803   0.00000000     0.00088804   0.00000000
  0.00164420   0.00000000     0.00181335   0.00000000     0.00233443   0.00000000
    6   35
  0.01447516   0.00000000     0.03146201   0.00000000    -0.01044923  -0.00000000
  0.03980764   0.00000000     0.05007576   0.00000000    -0.02299036  -0.00000000
 -0.00725260  -0.00000000    -0.01646828  -0.00000000     0.00531283   0.00000000
    6   36
  0.00113388   0.00000000    -0.00000213   0.00000000    -0.00079581   0.00000000
  0.00080889  -0.00000000    -0.00004394   0.00000000     0.00078108   0.00000000
  0.00242539   0.00000000     0.00010399   0.00000000    -0.00108456   0.00000000
    7    1
 -0.00010481   0.00000000     0.00013755   0.00000000    -0.00000000   0.00000000
  0.00019416   0.00000000     0.00013555   0.00000000     0.00000000  -0.00000000
  0.00000000  -0.00000000    -0.00000000   0.00000000     0.00030494   0.00000000
    7    2
 -0.00010481   0.00000000    -0.00013755  -0.00000000    -0.00000000  -0.00000000
 -0.00019416  -0.00000000     0.00013555   0.00000000    -0.00000000  -0.00000000
  0.00000000   0.00000000     0.00000000   0.00000000     0.00030494   0.00000000
    7    3
 -0.00044206   0.00000000    -0.00000000   0.00000000     0.00000000  -0.00000000
 -0.00000000   0.00000000     0.00157991   0.00000000     0.00249309   0.00000000
 -0.00000000   0.00000000     0.00151083  -0.00000000     0.00192000   0.00000000
    7    4
  0.00044206   0.00000000    -0.00000000   0.00000000     0.00000000   0.00000000
 -0.00000000   0.00000000    -0.00157991  -0.00000000     0.00249309  -0.00000000
  0.00000000  -0.00000000     0.00151083   0.00000000    -0.00192000  -0.00000000
    7    5
  0.00130946   0.00000000    -0.00000000   0.00000000    -0.00484273   0.00000000
 -0.00000000   0.00000000     0.02016686  -0.00000000    -0.00000000   0.00000000
 -0.00104433  -0.00000000     0.00000000  -0.00000000     0.00988273   0.00000000
    7    6
  0.00130946   0.00000000    -0.00000000  -0.00000000     0.00484273   0.00000000
  0.00000000  -0.00000000     0.02016686   0.00000000     0.00000000   0.00000000
  0.00104433   0.00000000     0.00000000  -0.00000000     0.00988273   0.00000000
    7    7
  0.19478309  -0.00000000     0.00000000   0.00000000    -0.00000000  -0.00000000
  0.00000000   0.00000000     0.27952596  -0.00000000     0.00000000  -0.00000000
 -0.00000000  -0.00000000     0.00000000  -0.00000000     0.14861772   0.00000000
    7    8
 -0.00622144  -0.00000000     0.00000000   0.00000000     0.00505292  -0.00000000
  0.00000000  -0.00000000    -0.00003479  -0.00000000    -0.00000000   0.00000000
  0.01174611  -0.00000000     0.00000000  -0.00000000     0.00500993  -0.00000000
    7    9
 -0.00622144  -0.00000000     0.00000000  -0.00000000    -0.00505292   0.00000000
  0.00000000   0.00000000    -0.00003479  -0.00000000     0.00000000   0.00000000
 -0.01174611   0.00000000     0.00000000  -0.00000000     0.00500993  -0.00000000
    7   10
  0.01440554   0.00000000     0.00000000   0.00000000     0.00000000  -0.00000000
  0.00000000   0.00000000    -0.00191414   0.00000000     0.00000000  -0.00000000
  0.00000000  -0.00000000     0.00000000  -0.00000000     0.00233788   0.00000000
    7   11
 -0.01057447   0.00000000     0.00000000   0.00000000     0.00240905   0.00000000
  0.00000000  -0.00000000    -0.02537384  -0.00000000     0.00000000  -0.00000000
  0.00075575  -0.00000000    -0.00000000   0.00000000    -0.01019460  -0.00000000
    7   12
  0.00704427  -0.00000000     0.00000000   0.00000000     0.00338247  -0.00000000
 -0.00000000  -0.00000000    -0.00105126  -0.00000000    -0.00000000   0.00000000
  0.00459433   0.00000000     0.00000000   0.00000000     0.00201474  -0.00000000
    7   13
  0.00285425   0.00000000     0.00000000  -0.00000000     0.00287196  -0.00000000
 -0.00000000   0.00000000    -0.00062692   0.00000000     0.00000000  -0.00000000
  0.00328089  -0.00000000     0.00000000  -0.00000000    -0.00339832   0.00000000
    7   14
  0.00704427   0.00000000     0.00000000  -0.00000000    -0.00338247   0.00000000
  0.00000000   0.00000000    -0.00105126  -0.00000000    -0.00000000   0.00000000
 -0.00459433  -0.00000000     0.00000000   0.00000000     0.00201474  -0.00000000
    7   15
 -0.01057447   0.00000000     0.00000000  -0.00000000    -0.00240905   0.00000000
  0.00000000   0.00000000    -0.02537384  -0.00000000    -0.00000000  -0.00000000
 -0.00075575   0.00000000    -0.00000000   0.00000000    -0.01019460  -0.00000000
    7   16
  0.00285425   0.00000000     0.00000000   0.00000000    -0.00287196  -0.00000000
 -0.00000000  -0.00000000    -0.00062692  -0.00000000     0.00000000  -0.00000000
 -0.00328089  -0.00000000    -0.00000000  -0.00000000    -0.00339832   0.00000000
    7   17
 -0.06238842   0.00000000     0.00000000   0.00000000    -0.00000000  -0.00000000
 -0.00000000  -0.00000000    -0.00287503   0.00000000     0.00000000  -0.00000000
 -0.00000000  -0.00000000    -0.00000000  -0.00000000     0.00287777   0.00000000
    7   18
  0.00192724   0.00000000     0.00094440  -0.00000000    -0.00026950   0.00000000
  0.00217870   0.00000000    -0.00214924   0.00000000    -0.00083096  -0.00000000
  0.00003420  -0.00000000     0.00073898  -0.00000000     0.00082193  -0.00000000
    7   19
  0.00192724   0.00000000     0.00094440  -0.00000000     0.00026950  -0.00000000
  0.00217870   0.00000000    -0.00214924  -0.00000000     0.00083096   0.00000000
 -0.00003420   0.00000000    -0.00073898   0.00000000     0.00082193  -0.00000000
    7   20
 -0.00162893  -0.00000000    -0.00164951   0.00000000    -0.00096039  -0.00000000
 -0.00106505   0.00000000     0.00275005   0.00000000    -0.00035246  -0.00000000
 -0.00029148   0.00000000     0.00200948   0.00000000     0.00064989   0.00000000
    7   21
 -0.00162893  -0.00000000    -0.00164951   0.00000000     0.00096039   0.00000000
 -0.00106505  -0.00000000     0.00275005   0.00000000     0.00035246  -0.00000000
  0.00029148  -0.00000000    -0.00200948  -0.00000000     0.00064989   0.00000000
    7   22
 -0.07580659  -0.00000000     0.00000000   0.00000000     0.00000000  -0.00000000
  0.00000000   0.00000000    -0.00035821   0.00000000    -0.00000000  -0.00000000
  0.00000000  -0.00000000    -0.00000000  -0.00000000     0.00454127   0.00000000
    7   23
 -0.00162893  -0.00000000     0.00164951  -0.00000000    -0.00096039  -0.00000000
  0.00106505   0.00000000     0.00275005   0.00000000     0.00035246   0.00000000
 -0.00029148   0.00000000    -0.00200948  -0.00000000     0.00064989   0.00000000
    7   24
 -0.00162893  -0.00000000     0.00164951  -0.00000000     0.00096039   0.00000000
  0.00106505   0.00000000     0.00275005   0.00000000    -0.00035246   0.00000000
  0.00029148  -0.00000000     0.00200948   0.00000000     0.00064989   0.00000000
    7   25
  0.00192724   0.00000000    -0.00094440   0.00000000    -0.00026950   0.00000000
 -0.00217870  -0.00000000    -0.00214924   0.00000000     0.00083096  -0.00000000
  0.00003420  -0.00000000    -0.00073898   0.00000000     0.00082193  -0.00000000
    7   26
  0.00192724   0.00000000    -0.00094440   0.00000000     0.00026950  -0.00000000
 -0.00217870  -0.00000000    -0.00214924   0.00000000    -0.00083096  -0.00000000
 -0.00003420   0.00000000     0.00073898  -0.00000000     0.00082193  -0.00000000
    7   27
  0.00020499  -0.00000000     0.00000000  -0.00000000    -0.00094409   0.00000000
  0.00000000  -0.00000000    -0.00075671  -0.00000000     0.00000000  -0.00000000
 -0.00133584  -0.00000000    -0.00000000   0.00000000    -0.00085295   0.00000000
    7   28
 -0.00072261   0.00000000    -0.00099982  -0.00000000     0.00175087   0.00000000
 -0.00047641  -0.00000000    -0.05429405   0.00000000     0.04982035   0.00000000
  0.00169947   0.00000000     0.03847971  -0.00000000    -0.02316878  -0.00000000
    7   29
  0.00235396   0.00000000     0.00003838  -0.00000000    -0.00089366  -0.00000000
 -0.00012448   0.00000000    -0.00029241  -0.00000000    -0.00131834  -0.00000000
 -0.00016676   0.00000000     0.00028070  -0.00000000    -0.00274664  -0.00000000
    7   30
  0.00235396   0.00000000    -0.00003838   0.00000000     0.00089366   0.00000000
  0.00012448  -0.00000000    -0.00029241  -0.00000000    -0.00131834  -0.00000000
  0.00016676  -0.00000000     0.00028070  -0.00000000    -0.00274664  -0.00000000
    7   31
 -0.00072261   0.00000000     0.00099982   0.00000000    -0.00175087  -0.00000000
  0.00047641   0.00000000    -0.05429405   0.00000000     0.04982035   0.00000000
 -0.00169947   0.00000000     0.03847971  -0.00000000    -0.02316878  -0.00000000
    7   32
  0.00020499  -0.00000000    -0.00000000   0.00000000     0.00094409  -0.00000000
  0.00000000   0.00000000    -0.00075671  -0.00000000     0.00000000  -0.00000000
  0.00133584   0.00000000    -0.00000000   0.00000000    -0.00085295   0.00000000
    7   33
  0.00235396   0.00000000     0.00003838  -0.00000000     0.00089366   0.00000000
 -0.00012448   0.00000000    -0.00029241  -0.00000000     0.00131834   0.00000000
  0.00016676  -0.00000000    -0.00028070   0.00000000    -0.00274664  -0.00000000
    7   34
 -0.00072261   0.00000000    -0.00099982  -0.00000000    -0.00175087  -0.00000000
 -0.00047641  -0.00000000    -0.05429405   0.00000000    -0.04982035  -0.00000000
 -0.00169947   0.00000000    -0.03847971   0.00000000    -0.02316878   0.00000000
    7   35
 -0.00072261  -0.00000000     0.00099982  -0.00000000     0.00175087   0.00000000
  0.00047641   0.00000000    -0.05429405   0.00000000    -0.04982035  -0.00000000
  0.00169947   0.00000000    -0.03847971   0.00000000    -0.02316878  -0.00000000
    7   36
  0.00235396   0.00000000    -0.00003838   0.00000000    -0.00089366  -0.00000000
  0.00012448  -0.00000000    -0.00029241  -0.00000000     0.00131834   0.00000000
 -0.00016676   0.00000000    -0.00028070   0.00000000    -0.00274664  -0.00000000
    8    1
 -0.00007776   0.00000000    -0.00027715   0.00000000    -0.00014416   0.00000000
 -0.00064236   0.00000000     0.00086489  -0.00000000    -0.00159070  -0.00000000
 -0.00051560  -0.00000000    -0.00070881   0.00000000     0.00021875  -0.00000000
    8    2
 -0.00007776   0.00000000     0.00027715  -0.00000000    -0.00014416   0.00000000
  0.00064236   0.00000000     0.00086489   0.00000000     0.00159070   0.00000000
 -0.00051560   0.00000000     0.00070881  -0.00000000     0.00021875  -0.00000000
    8    3
  0.00015182   0.00000000     0.00007703  -0.00000000     0.00034412  -0.00000000
  0.00072134   0.00000000    -0.00086610  -0.00000000     0.00172663   0.00000000
  0.00048152  -0.00000000     0.00093451  -0.00000000    -0.00043101  -0.00000000
    8    4
 -0.00015182   0.00000000     0.00007703  -0.00000000    -0.00034412  -0.00000000
  0.00072134   0.00000000     0.00086610   0.00000000     0.00172663  -0.00000000
 -0.00048152   0.00000000     0.00093451   0.00000000     0.00043101   0.00000000
    8    5
  0.02617377   0.00000000    -0.00000000   0.00000000    -0.00281569  -0.00000000
  0.00000000  -0.00000000    -0.01697380  -0.00000000     0.00000000  -0.00000000
 -0.00348263   0.00000000    -0.00000000  -0.00000000    -0.00570404   0.00000000
    8    6
 -0.00184559  -0.00000000    -0.00000000  -0.00000000     0.00364414   0.00000000
  0.00000000   0.00000000     0.00093172   0.00000000     0.00000000  -0.00000000
 -0.00076177  -0.00000000    -0.00000000  -0.00000000    -0.00822183  -0.00000000
    8    7
 -0.00622144  -0.00000000     0.00000000  -0.00000000     0.01174611  -0.00000000
  0.00000000   0.00000000    -0.00003479  -0.00000000     0.00000000  -0.00000000
  0.00505292  -0.00000000    -0.00000000   0.00000000     0.00500993  -0.00000000
    8    8
  0.15043568  -0.00000000    -0.00000000   0.00000000    -0.02297663  -0.00000000
 -0.00000000   0.00000000     0.28095517  -0.00000000     0.00000000  -0.00000000
 -0.02297663  -0.00000000     0.00000000  -0.00000000     0.18846335   0.00000000
    8    9
  0.01349547  -0.00000000    -0.00000000  -0.00000000    -0.00169570   0.00000000
  0.00000000   0.00000000     0.00069587   0.00000000     0.00000000  -0.00000000
  0.00169570  -0.00000000    -0.00000000  -0.00000000    -0.01232331  -0.00000000
    8   10
 -0.01057447   0.00000000     0.00000000  -0.00000000     0.00075575  -0.00000000
  0.00000000   0.00000000    -0.02537384  -0.00000000    -0.00000000   0.00000000
  0.00240905   0.00000000    -0.00000000  -0.00000000    -0.01019460  -0.00000000
    8   11
 -0.00859947   0.00000000    -0.00000000   0.00000000    -0.00129985   0.00000000
 -0.00000000   0.00000000    -0.00072604   0.00000000    -0.00000000   0.00000000
 -0.00129985   0.00000000     0.00000000   0.00000000    -0.00261809   0.00000000
    8   12
 -0.00470109   0.00000000     0.00000000   0.00000000    -0.00560613  -0.00000000
  0.00000000   0.00000000     0.01873203   0.00000000     0.00000000  -0.00000000
  0.01202978   0.00000000     0.00000000  -0.00000000     0.01410884   0.00000000
    8   13
  0.00444766  -0.00000000     0.00000000  -0.00000000    -0.00734018  -0.00000000
  0.00000000  -0.00000000    -0.00021832  -0.00000000    -0.00000000   0.00000000
 -0.00537107   0.00000000     0.00000000  -0.00000000     0.00283022  -0.00000000
    8   14
  0.00635661   0.00000000    -0.00000000   0.00000000     0.00195379   0.00000000
  0.00000000   0.00000000     0.00052714   0.00000000     0.00000000   0.00000000
  0.00001053  -0.00000000     0.00000000  -0.00000000    -0.00347271   0.00000000
    8   15
  0.00376098   0.00000000     0.00000000   0.00000000     0.00723923   0.00000000
 -0.00000000  -0.00000000    -0.02182785  -0.00000000     0.00000000  -0.00000000
 -0.00723923  -0.00000000     0.00000000  -0.00000000    -0.01973216  -0.00000000
    8   16
 -0.00877083   0.00000000     0.00000000  -0.00000000    -0.00458025  -0.00000000
  0.00000000  -0.00000000    -0.02098910  -0.00000000    -0.00000000   0.00000000
  0.00029076   0.00000000    -0.00000000  -0.00000000    -0.00179922   0.00000000
    8   17
 -0.00186796  -0.00000000     0.00000000  -0.00000000     0.00014812   0.00000000
 -0.00000000   0.00000000    -0.00105907  -0.00000000     0.00000000  -0.00000000
  0.00294591   0.00000000    -0.00000000   0.00000000    -0.00063189  -0.00000000
    8   18
  0.00163200   0.00000000     0.00166155   0.00000000     0.00200236   0.00000000
 -0.00153820  -0.00000000    -0.00102138  -0.00000000     0.00176477   0.00000000
 -0.00197221  -0.00000000     0.00010943  -0.00000000    -0.00027341   0.00000000
    8   19
 -0.00120613  -0.00000000    -0.00008627   0.00000000    -0.00056452  -0.00000000
  0.00127038  -0.00000000     0.00182747   0.00000000    -0.00082736   0.00000000
  0.00171823   0.00000000    -0.00228391  -0.00000000    -0.00117193   0.00000000
    8   20
 -0.01661838   0.00000000     0.03627357   0.00000000    -0.01286501  -0.00000000
  0.04357683  -0.00000000    -0.05472541   0.00000000     0.02507816  -0.00000000
 -0.00963467   0.00000000     0.01929561  -0.00000000    -0.00689224   0.00000000
    8   21
  0.00099920   0.00000000    -0.00039460  -0.00000000     0.00216082   0.00000000
 -0.00078072   0.00000000    -0.00012805   0.00000000     0.00129329   0.00000000
 -0.00289084  -0.00000000     0.00028706  -0.00000000    -0.00111887  -0.00000000
    8   22
 -0.01854778  -0.00000000    -0.00000000   0.00000000     0.03566065   0.00000000
  0.00000000  -0.00000000    -0.00121574  -0.00000000     0.00000000   0.00000000
  0.03669478   0.00000000    -0.00000000  -0.00000000    -0.05608704  -0.00000000
    8   23
 -0.01661838   0.00000000    -0.03627357  -0.00000000    -0.01286501  -0.00000000
 -0.04357683   0.00000000    -0.05472541   0.00000000    -0.02507816   0.00000000
 -0.00963467   0.00000000    -0.01929561   0.00000000    -0.00689224   0.00000000
    8   24
  0.00099920   0.00000000     0.00039460   0.00000000     0.00216082   0.00000000
  0.00078072  -0.00000000    -0.00012805   0.00000000    -0.00129329  -0.00000000
 -0.00289084  -0.00000000    -0.00028706  -0.00000000    -0.00111887  -0.00000000
    8   25
  0.00163200  -0.00000000    -0.00166155  -0.00000000     0.00200236   0.00000000
  0.00153820   0.00000000    -0.00102138  -0.00000000    -0.00176477  -0.00000000
 -0.00197221  -0.00000000    -0.00010943   0.00000000    -0.00027341   0.00000000
    8   26
 -0.00120613  -0.00000000     0.00008627   0.00000000    -0.00056452  -0.00000000
 -0.00127038  -0.00000000     0.00182747   0.00000000     0.00082736  -0.00000000
  0.00171823   0.00000000     0.00228391   0.00000000    -0.00117193   0.00000000
    8   27
  0.01719911   0.00000000    -0.00000000   0.00000000    -0.02805765   0.00000000
  0.00000000  -0.00000000     0.00368491  -0.00000000     0.00000000  -0.00000000
 -0.03156062  -0.00000000    -0.00000000   0.00000000     0.04778509  -0.00000000
    8   28
 -0.00112866  -0.00000000     0.00065393   0.00000000    -0.00094656   0.00000000
  0.00085468   0.00000000     0.00013269   0.00000000    -0.00132631   0.00000000
  0.00266397   0.00000000    -0.00021783  -0.00000000     0.00041896  -0.00000000
    8   29
 -0.01806049   0.00000000     0.03688776   0.00000000    -0.01117116  -0.00000000
  0.04310870  -0.00000000    -0.05448109   0.00000000     0.02383065  -0.00000000
 -0.00823804   0.00000000     0.01827780  -0.00000000    -0.00413506   0.00000000
    8   30
 -0.00091113  -0.00000000    -0.00147339  -0.00000000     0.00120021   0.00000000
  0.00062358  -0.00000000     0.00251044   0.00000000    -0.00050460   0.00000000
  0.00153602  -0.00000000    -0.00270287  -0.00000000     0.00007711   0.00000000
    8   31
 -0.00164595  -0.00000000    -0.00081541  -0.00000000    -0.00219881  -0.00000000
  0.00175061   0.00000000     0.00179661  -0.00000000    -0.00054846   0.00000000
  0.00144779   0.00000000    -0.00075717  -0.00000000     0.00027101   0.00000000
    8   32
 -0.00165775   0.00000000     0.00000000  -0.00000000    -0.00086572  -0.00000000
  0.00000000  -0.00000000    -0.00086968  -0.00000000    -0.00000000   0.00000000
  0.00390827   0.00000000    -0.00000000  -0.00000000     0.00049202  -0.00000000
    8   33
 -0.00091113  -0.00000000     0.00147339   0.00000000     0.00120021  -0.00000000
 -0.00062358  -0.00000000     0.00251044   0.00000000     0.00050460  -0.00000000
  0.00153602  -0.00000000     0.00270287   0.00000000     0.00007711   0.00000000
    8   34
 -0.00164595  -0.00000000     0.00081541   0.00000000    -0.00219881  -0.00000000
 -0.00175061  -0.00000000     0.00179661  -0.00000000     0.00054846  -0.00000000
  0.00144779   0.00000000     0.00075717   0.00000000     0.00027101   0.00000000
    8   35
 -0.00112866   0.00000000    -0.00065393   0.00000000    -0.00094656   0.00000000
 -0.00085468  -0.00000000     0.00013269   0.00000000     0.00132631  -0.00000000
  0.00266397   0.00000000     0.00021783   0.00000000     0.00041896  -0.00000000
    8   36
 -0.01806049   0.00000000    -0.03688776  -0.00000000    -0.01117116  -0.00000000
 -0.04310870   0.00000000    -0.05448109   0.00000000    -0.02383065   0.00000000
 -0.00823804   0.00000000    -0.01827780   0.00000000    -0.00413506   0.00000000
    9    1
 -0.00007776   0.00000000    -0.00027715   0.00000000     0.00014416  -0.00000000
 -0.00064236  -0.00000000     0.00086489   0.00000000     0.00159070   0.00000000
  0.00051560  -0.00000000     0.00070881  -0.00000000     0.00021875  -0.00000000
    9    2
 -0.00007776   0.00000000     0.00027715   0.00000000     0.00014416  -0.00000000
  0.00064236  -0.00000000     0.00086489  -0.00000000    -0.00159070  -0.00000000
  0.00051560   0.00000000    -0.00070881   0.00000000     0.00021875  -0.00000000
    9    3
  0.00015182   0.00000000    -0.00007703   0.00000000    -0.00034412   0.00000000
 -0.00072134  -0.00000000    -0.00086610  -0.00000000     0.00172663   0.00000000
 -0.00048152   0.00000000     0.00093451  -0.00000000    -0.00043101  -0.00000000
    9    4
 -0.00015182   0.00000000    -0.00007703   0.00000000     0.00034412   0.00000000
 -0.00072134  -0.00000000     0.00086610   0.00000000     0.00172663  -0.00000000
  0.00048152  -0.00000000     0.00093451   0.00000000     0.00043101   0.00000000
    9    5
 -0.00184559  -0.00000000    -0.00000000   0.00000000    -0.00364414  -0.00000000
  0.00000000  -0.00000000     0.00093172   0.00000000     0.00000000  -0.00000000
  0.00076177   0.00000000     0.00000000  -0.00000000    -0.00822183  -0.00000000
    9    6
  0.02617377   0.00000000     0.00000000  -0.00000000     0.00281569  -0.00000000
  0.00000000   0.00000000    -0.01697380  -0.00000000    -0.00000000  -0.00000000
  0.00348263  -0.00000000     0.00000000  -0.00000000    -0.00570404   0.00000000
    9    7
 -0.00622144  -0.00000000     0.00000000   0.00000000    -0.01174611   0.00000000
  0.00000000  -0.00000000    -0.00003479  -0.00000000     0.00000000  -0.00000000
 -0.00505292   0.00000000     0.00000000   0.00000000     0.00500993  -0.00000000
    9    8
  0.01349547  -0.00000000     0.00000000   0.00000000     0.00169570  -0.00000000
 -0.00000000  -0.00000000     0.00069587   0.00000000    -0.00000000  -0.00000000
 -0.00169570   0.00000000     0.00000000  -0.00000000    -0.01232331  -0.00000000
    9    9
  0.15043568  -0.00000000     0.00000000  -0.00000000     0.02297663  -0.00000000
  0.00000000  -0.00000000     0.28095517  -0.00000000    -0.00000000  -0.00000000
  0.02297663  -0.00000000    -0.00000000  -0.00000000     0.18846335   0.00000000
    9   10
 -0.01057447   0.00000000    -0.00000000   0.00000000    -0.00075575   0.00000000
  0.00000000  -0.00000000    -0.02537384  -0.00000000     0.00000000   0.00000000
 -0.00240905   0.00000000     0.00000000  -0.00000000    -0.01019460  -0.00000000
    9   11
  0.00376098   0.00000000     0.00000000  -0.00000000    -0.00723923  -0.00000000
  0.00000000   0.00000000    -0.02182785  -0.00000000     0.00000000  -0.00000000
  0.00723923   0.00000000    -0.00000000  -0.00000000    -0.01973216  -0.00000000
    9   12
  0.00635661   0.00000000     0.00000000  -0.00000000    -0.00195379  -0.00000000
  0.00000000  -0.00000000     0.00052714  -0.00000000     0.00000000   0.00000000
 -0.00001053  -0.00000000     0.00000000  -0.00000000    -0.00347271   0.00000000
    9   13
 -0.00877083   0.00000000     0.00000000   0.00000000     0.00458025   0.00000000
  0.00000000   0.00000000    -0.02098910  -0.00000000     0.00000000   0.00000000
 -0.00029076   0.00000000     0.00000000  -0.00000000    -0.00179922   0.00000000
    9   14
 -0.00470109  -0.00000000     0.00000000  -0.00000000     0.00560613   0.00000000
  0.00000000  -0.00000000     0.01873203  -0.00000000     0.00000000  -0.00000000
 -0.01202978   0.00000000     0.00000000  -0.00000000     0.01410884   0.00000000
    9   15
 -0.00859947   0.00000000     0.00000000  -0.00000000     0.00129985  -0.00000000
  0.00000000  -0.00000000    -0.00072604   0.00000000    -0.00000000   0.00000000
  0.00129985  -0.00000000    -0.00000000   0.00000000    -0.00261809   0.00000000
    9   16
  0.00444766  -0.00000000     0.00000000   0.00000000     0.00734018   0.00000000
  0.00000000   0.00000000    -0.00021832  -0.00000000     0.00000000   0.00000000
  0.00537107  -0.00000000     0.00000000  -0.00000000     0.00283022  -0.00000000
    9   17
 -0.00186796  -0.00000000     0.00000000   0.00000000    -0.00014812  -0.00000000
 -0.00000000   0.00000000    -0.00105907  -0.00000000     0.00000000  -0.00000000
 -0.00294591  -0.00000000     0.00000000  -0.00000000    -0.00063189  -0.00000000
    9   18
 -0.00120613  -0.00000000    -0.00008627  -0.00000000     0.00056452   0.00000000
  0.00127038   0.00000000     0.00182747   0.00000000     0.00082736  -0.00000000
 -0.00171823  -0.00000000     0.00228391   0.00000000    -0.00117193  -0.00000000
    9   19
  0.00163200  -0.00000000     0.00166155   0.00000000    -0.00200236  -0.00000000
 -0.00153820  -0.00000000    -0.00102138   0.00000000    -0.00176477  -0.00000000
  0.00197221   0.00000000    -0.00010943   0.00000000    -0.00027341  -0.00000000
    9   20
  0.00099920   0.00000000    -0.00039460  -0.00000000    -0.00216082  -0.00000000
 -0.00078072   0.00000000    -0.00012805   0.00000000    -0.00129329  -0.00000000
  0.00289084   0.00000000    -0.00028706  -0.00000000    -0.00111887  -0.00000000
    9   21
 -0.01661838  -0.00000000     0.03627357   0.00000000     0.01286501   0.00000000
  0.04357683  -0.00000000    -0.05472541   0.00000000    -0.02507816   0.00000000
  0.00963467  -0.00000000    -0.01929561   0.00000000    -0.00689224   0.00000000
    9   22
 -0.01854778  -0.00000000     0.00000000  -0.00000000    -0.03566065  -0.00000000
  0.00000000   0.00000000    -0.00121574  -0.00000000     0.00000000   0.00000000
 -0.03669478  -0.00000000     0.00000000  -0.00000000    -0.05608704  -0.00000000
    9   23
  0.00099920   0.00000000     0.00039460   0.00000000    -0.00216082  -0.00000000
  0.00078072  -0.00000000    -0.00012805  -0.00000000     0.00129329  -0.00000000
  0.00289084   0.00000000     0.00028706  -0.00000000    -0.00111887  -0.00000000
    9   24
 -0.01661838   0.00000000    -0.03627357  -0.00000000     0.01286501   0.00000000
 -0.04357683   0.00000000    -0.05472541   0.00000000     0.02507816  -0.00000000
  0.00963467  -0.00000000     0.01929561  -0.00000000    -0.00689224   0.00000000
    9   25
 -0.00120613  -0.00000000     0.00008627   0.00000000     0.00056452   0.00000000
 -0.00127038   0.00000000     0.00182747   0.00000000    -0.00082736   0.00000000
 -0.00171823  -0.00000000    -0.00228391  -0.00000000    -0.00117193  -0.00000000
    9   26
  0.00163200  -0.00000000    -0.00166155  -0.00000000    -0.00200236  -0.00000000
  0.00153820   0.00000000    -0.00102138  -0.00000000     0.00176477   0.00000000
  0.00197221   0.00000000     0.00010943  -0.00000000    -0.00027341  -0.00000000
    9   27
 -0.00165775   0.00000000     0.00000000   0.00000000     0.00086572   0.00000000
  0.00000000   0.00000000    -0.00086968  -0.00000000     0.00000000   0.00000000
 -0.00390827  -0.00000000     0.00000000  -0.00000000     0.00049202  -0.00000000
    9   28
 -0.00164595  -0.00000000     0.00081541   0.00000000     0.00219881   0.00000000
 -0.00175061  -0.00000000     0.00179661  -0.00000000    -0.00054846   0.00000000
 -0.00144779  -0.00000000    -0.00075717  -0.00000000     0.00027101   0.00000000
    9   29
 -0.00091113  -0.00000000     0.00147339   0.00000000    -0.00120021  -0.00000000
 -0.00062358  -0.00000000     0.00251044   0.00000000    -0.00050460   0.00000000
 -0.00153602  -0.00000000    -0.00270287  -0.00000000     0.00007711   0.00000000
    9   30
 -0.01806049   0.00000000    -0.03688776  -0.00000000     0.01117116   0.00000000
 -0.04310870   0.00000000    -0.05448109   0.00000000     0.02383065  -0.00000000
  0.00823804  -0.00000000     0.01827780  -0.00000000    -0.00413506   0.00000000
    9   31
 -0.00112866  -0.00000000    -0.00065393  -0.00000000     0.00094656  -0.00000000
 -0.00085468  -0.00000000     0.00013269   0.00000000    -0.00132631   0.00000000
 -0.00266397   0.00000000    -0.00021783  -0.00000000     0.00041896  -0.00000000
    9   32
  0.01719911   0.00000000    -0.00000000  -0.00000000     0.02805765  -0.00000000
  0.00000000   0.00000000     0.00368491  -0.00000000     0.00000000  -0.00000000
  0.03156062   0.00000000     0.00000000   0.00000000     0.04778509  -0.00000000
    9   33
 -0.01806049   0.00000000     0.03688776   0.00000000     0.01117116   0.00000000
  0.04310870  -0.00000000    -0.05448109   0.00000000    -0.02383065   0.00000000
  0.00823804  -0.00000000    -0.01827780   0.00000000    -0.00413506   0.00000000
    9   34
 -0.00112866   0.00000000     0.00065393  -0.00000000     0.00094656  -0.00000000
  0.00085468  -0.00000000     0.00013269   0.00000000     0.00132631  -0.00000000
 -0.00266397   0.00000000     0.00021783   0.00000000     0.00041896  -0.00000000
    9   35
 -0.00164595  -0.00000000    -0.00081541  -0.00000000     0.00219881   0.00000000
  0.00175061   0.00000000     0.00179661  -0.00000000     0.00054846  -0.00000000
 -0.00144779  -0.00000000     0.00075717   0.00000000     0.00027101   0.00000000
    9   36
 -0.00091113  -0.00000000    -0.00147339  -0.00000000    -0.00120021   0.00000000
  0.00062358   0.00000000     0.00251044   0.00000000     0.00050460  -0.00000000
 -0.00153602  -0.00000000     0.00270287   0.00000000     0.00007711   0.00000000
   10    1
 -0.00010481   0.00000000    -0.00013755  -0.00000000     0.00000000  -0.00000000
 -0.00019416  -0.00000000     0.00013555   0.00000000    -0.00000000  -0.00000000
  0.00000000   0.00000000     0.00000000   0.00000000     0.00030494   0.00000000
   10    2
 -0.00010481   0.00000000     0.00013755   0.00000000    -0.00000000   0.00000000
  0.00019416   0.00000000     0.00013555   0.00000000     0.00000000  -0.00000000
  0.00000000  -0.00000000     0.00000000   0.00000000     0.00030494   0.00000000
   10    3
  0.00044206   0.00000000    -0.00000000   0.00000000    -0.00000000   0.00000000
 -0.00000000   0.00000000    -0.00157991  -0.00000000     0.00249309  -0.00000000
 -0.00000000  -0.00000000     0.00151083   0.00000000    -0.00192000  -0.00000000
   10    4
 -0.00044206   0.00000000     0.00000000   0.00000000     0.00000000  -0.00000000
  0.00000000   0.00000000     0.00157991   0.00000000     0.00249309   0.00000000
 -0.00000000   0.00000000     0.00151083  -0.00000000     0.00192000   0.00000000
   10    5
  0.00704427   0.00000000     0.00000000  -0.00000000    -0.00338247   0.00000000
  0.00000000   0.00000000    -0.00105126  -0.00000000    -0.00000000   0.00000000
 -0.00459433  -0.00000000    -0.00000000   0.00000000     0.00201474  -0.00000000
   10    6
  0.00704427  -0.00000000    -0.00000000   0.00000000     0.00338247  -0.00000000
  0.00000000  -0.00000000    -0.00105126  -0.00000000    -0.00000000   0.00000000
  0.00459433   0.00000000    -0.00000000   0.00000000     0.00201474  -0.00000000
   10    7
  0.01440554   0.00000000     0.00000000   0.00000000     0.00000000  -0.00000000
  0.00000000   0.00000000    -0.00191414   0.00000000     0.00000000  -0.00000000
  0.00000000  -0.00000000     0.00000000  -0.00000000     0.00233788   0.00000000
   10    8
 -0.01057447   0.00000000     0.00000000   0.00000000     0.00240905   0.00000000
  0.00000000  -0.00000000    -0.02537384  -0.00000000    -0.00000000  -0.00000000
  0.00075575  -0.00000000    -0.00000000   0.00000000    -0.01019460  -0.00000000
   10    9
 -0.01057447   0.00000000     0.00000000  -0.00000000    -0.00240905   0.00000000
 -0.00000000   0.00000000    -0.02537384  -0.00000000     0.00000000  -0.00000000
 -0.00075575   0.00000000     0.00000000   0.00000000    -0.01019460  -0.00000000
   10   10
  0.19478309  -0.00000000     0.00000000   0.00000000     0.00000000  -0.00000000
  0.00000000   0.00000000     0.27952596  -0.00000000     0.00000000  -0.00000000
  0.00000000  -0.00000000     0.00000000  -0.00000000     0.14861772   0.00000000
   10   11
 -0.00622144  -0.00000000     0.00000000   0.00000000     0.00505292  -0.00000000
 -0.00000000  -0.00000000    -0.00003479  -0.00000000    -0.00000000   0.00000000
  0.01174611  -0.00000000    -0.00000000  -0.00000000     0.00500993  -0.00000000
   10   12
  0.00130946   0.00000000     0.00000000  -0.00000000     0.00484273   0.00000000
  0.00000000  -0.00000000     0.02016686   0.00000000     0.00000000   0.00000000
  0.00104433   0.00000000     0.00000000  -0.00000000     0.00988273   0.00000000
   10   13
  0.00285425   0.00000000     0.00000000   0.00000000    -0.00287196  -0.00000000
  0.00000000  -0.00000000    -0.00062692  -0.00000000     0.00000000  -0.00000000
 -0.00328089  -0.00000000     0.00000000  -0.00000000    -0.00339832   0.00000000
   10   14
  0.00130946   0.00000000     0.00000000   0.00000000    -0.00484273   0.00000000
  0.00000000   0.00000000     0.02016686  -0.00000000    -0.00000000   0.00000000
 -0.00104433  -0.00000000     0.00000000  -0.00000000     0.00988273   0.00000000
   10   15
 -0.00622144  -0.00000000     0.00000000  -0.00000000    -0.00505292   0.00000000
 -0.00000000   0.00000000    -0.00003479  -0.00000000     0.00000000   0.00000000
 -0.01174611   0.00000000     0.00000000  -0.00000000     0.00500993  -0.00000000
   10   16
  0.00285425   0.00000000     0.00000000  -0.00000000     0.00287196  -0.00000000
  0.00000000   0.00000000    -0.00062692   0.00000000     0.00000000  -0.00000000
  0.00328089  -0.00000000     0.00000000  -0.00000000    -0.00339832   0.00000000
   10   17
 -0.06238842  -0.00000000     0.00000000  -0.00000000     0.00000000   0.00000000
  0.00000000   0.00000000    -0.00287503  -0.00000000     0.00000000   0.00000000
  0.00000000   0.00000000     0.00000000   0.00000000     0.00287777   0.00000000
   10   18
  0.00192724   0.00000000    -0.00094440   0.00000000     0.00026950  -0.00000000
 -0.00217870  -0.00000000    -0.00214924   0.00000000    -0.00083096  -0.00000000
 -0.00003420   0.00000000     0.00073898  -0.00000000     0.00082193  -0.00000000
   10   19
  0.00192724   0.00000000    -0.00094440   0.00000000    -0.00026950   0.00000000
 -0.00217870  -0.00000000    -0.00214924   0.00000000     0.00083096  -0.00000000
  0.00003420  -0.00000000    -0.00073898   0.00000000     0.00082193  -0.00000000
   10   20
 -0.00162893  -0.00000000     0.00164951  -0.00000000     0.00096039   0.00000000
  0.00106505   0.00000000     0.00275005   0.00000000    -0.00035246   0.00000000
  0.00029148  -0.00000000     0.00200948   0.00000000     0.00064989   0.00000000
   10   21
 -0.00162893  -0.00000000     0.00164951  -0.00000000    -0.00096039  -0.00000000
  0.00106505   0.00000000     0.00275005   0.00000000     0.00035246   0.00000000
 -0.00029148   0.00000000    -0.00200948  -0.00000000     0.00064989   0.00000000
   10   22
 -0.07580659  -0.00000000     0.00000000   0.00000000     0.00000000  -0.00000000
  0.00000000   0.00000000    -0.00035821   0.00000000     0.00000000  -0.00000000
  0.00000000  -0.00000000     0.00000000  -0.00000000     0.00454127   0.00000000
   10   23
 -0.00162893  -0.00000000    -0.00164951   0.00000000     0.00096039   0.00000000
 -0.00106505  -0.00000000     0.00275005   0.00000000     0.00035246  -0.00000000
  0.00029148  -0.00000000    -0.00200948  -0.00000000     0.00064989   0.00000000
   10   24
 -0.00162893  -0.00000000    -0.00164951   0.00000000    -0.00096039  -0.00000000
 -0.00106505   0.00000000     0.00275005   0.00000000    -0.00035246  -0.00000000
 -0.00029148   0.00000000     0.00200948   0.00000000     0.00064989   0.00000000
   10   25
  0.00192724   0.00000000     0.00094440  -0.00000000     0.00026950  -0.00000000
  0.00217870   0.00000000    -0.00214924  -0.00000000     0.00083096   0.00000000
 -0.00003420   0.00000000    -0.00073898   0.00000000     0.00082193  -0.00000000
   10   26
  0.00192724   0.00000000     0.00094440  -0.00000000    -0.00026950   0.00000000
  0.00217870   0.00000000    -0.00214924   0.00000000    -0.00083096  -0.00000000
  0.00003420  -0.00000000     0.00073898  -0.00000000     0.00082193  -0.00000000
   10   27
 -0.00020499  -0.00000000     0.00000000  -0.00000000     0.00094409  -0.00000000
  0.00000000   0.00000000     0.00075671  -0.00000000    -0.00000000  -0.00000000
  0.00133584   0.00000000     0.00000000   0.00000000     0.00085295   0.00000000
   10   28
  0.00235396   0.00000000    -0.00003838   0.00000000    -0.00089366  -0.00000000
  0.00012448  -0.00000000    -0.00029241  -0.00000000     0.00131834   0.00000000
 -0.00016676   0.00000000    -0.00028070   0.00000000    -0.00274664  -0.00000000
   10   29
 -0.00072261  -0.00000000     0.00099982  -0.00000000     0.00175087   0.00000000
  0.00047641   0.00000000    -0.05429405   0.00000000    -0.04982035  -0.00000000
  0.00169947   0.00000000    -0.03847971   0.00000000    -0.02316878  -0.00000000
   10   30
 -0.00072261   0.00000000    -0.00099982  -0.00000000    -0.00175087  -0.00000000
 -0.00047641  -0.00000000    -0.05429405   0.00000000    -0.04982035  -0.00000000
 -0.00169947   0.00000000    -0.03847971   0.00000000    -0.02316878   0.00000000
   10   31
  0.00235396   0.00000000     0.00003838  -0.00000000     0.00089366   0.00000000
 -0.00012448   0.00000000    -0.00029241  -0.00000000     0.00131834   0.00000000
  0.00016676  -0.00000000    -0.00028070   0.00000000    -0.00274664  -0.00000000
   10   32
 -0.00020499  -0.00000000     0.00000000   0.00000000    -0.00094409   0.00000000
 -0.00000000  -0.00000000     0.00075671  -0.00000000     0.00000000  -0.00000000
 -0.00133584  -0.00000000     0.00000000   0.00000000     0.00085295   0.00000000
   10   33
 -0.00072261   0.00000000     0.00099982   0.00000000    -0.00175087  -0.00000000
  0.00047641   0.00000000    -0.05429405   0.00000000     0.04982035   0.00000000
 -0.00169947   0.00000000     0.03847971  -0.00000000    -0.02316878  -0.00000000
   10   34
  0.00235396   0.00000000    -0.00003838   0.00000000     0.00089366   0.00000000
  0.00012448  -0.00000000    -0.00029241  -0.00000000    -0.00131834  -0.00000000
  0.00016676  -0.00000000     0.00028070  -0.00000000    -0.00274664  -0.00000000
   10   35
  0.00235396   0.00000000     0.00003838  -0.00000000    -0.00089366  -0.00000000
 -0.00012448   0.00000000    -0.00029241  -0.00000000    -0.00131834  -0.00000000
 -0.00016676   0.00000000     0.00028070  -0.00000000    -0.00274664  -0.00000000
   10   36
 -0.00072261   0.00000000    -0.00099982  -0.00000000     0.00175087   0.00000000
 -0.00047641  -0.00000000    -0.05429405   0.00000000     0.04982035   0.00000000
  0.00169947   0.00000000     0.03847971  -0.00000000    -0.02316878  -0.00000000
   11    1
 -0.00007776   0.00000000     0.00027715  -0.00000000    -0.00014416   0.00000000
  0.00064236   0.00000000     0.00086489   0.00000000     0.00159070   0.00000000
 -0.00051560   0.00000000     0.00070881  -0.00000000     0.00021875  -0.00000000
   11    2
 -0.00007776   0.00000000    -0.00027715   0.00000000    -0.00014416   0.00000000
 -0.00064236   0.00000000     0.00086489  -0.00000000    -0.00159070  -0.00000000
 -0.00051560  -0.00000000    -0.00070881   0.00000000     0.00021875  -0.00000000
   11    3
 -0.00015182   0.00000000     0.00007703  -0.00000000    -0.00034412  -0.00000000
  0.00072134   0.00000000     0.00086610   0.00000000     0.00172663  -0.00000000
 -0.00048152   0.00000000     0.00093451   0.00000000     0.00043101   0.00000000
   11    4
  0.00015182   0.00000000     0.00007703  -0.00000000     0.00034412  -0.00000000
  0.00072134   0.00000000    -0.00086610  -0.00000000     0.00172663   0.00000000
  0.00048152  -0.00000000     0.00093451  -0.00000000    -0.00043101  -0.00000000
   11    5
  0.00635661   0.00000000     0.00000000   0.00000000     0.00195379   0.00000000
  0.00000000   0.00000000     0.00052714   0.00000000     0.00000000   0.00000000
  0.00001053  -0.00000000     0.00000000  -0.00000000    -0.00347271   0.00000000
   11    6
 -0.00470109   0.00000000     0.00000000   0.00000000    -0.00560613  -0.00000000
  0.00000000   0.00000000     0.01873203   0.00000000     0.00000000  -0.00000000
  0.01202978   0.00000000    -0.00000000  -0.00000000     0.01410884   0.00000000
   11    7
 -0.01057447   0.00000000     0.00000000  -0.00000000     0.00075575  -0.00000000
  0.00000000   0.00000000    -0.02537384  -0.00000000    -0.00000000   0.00000000
  0.00240905   0.00000000     0.00000000  -0.00000000    -0.01019460  -0.00000000
   11    8
 -0.00859947   0.00000000    -0.00000000   0.00000000    -0.00129985   0.00000000
 -0.00000000   0.00000000    -0.00072604   0.00000000     0.00000000   0.00000000
 -0.00129985   0.00000000    -0.00000000   0.00000000    -0.00261809   0.00000000
   11    9
  0.00376098   0.00000000     0.00000000   0.00000000     0.00723923   0.00000000
  0.00000000  -0.00000000    -0.02182785  -0.00000000    -0.00000000  -0.00000000
 -0.00723923  -0.00000000     0.00000000  -0.00000000    -0.01973216  -0.00000000
   11   10
 -0.00622144  -0.00000000    -0.00000000  -0.00000000     0.01174611  -0.00000000
  0.00000000   0.00000000    -0.00003479  -0.00000000    -0.00000000  -0.00000000
  0.00505292  -0.00000000    -0.00000000   0.00000000     0.00500993  -0.00000000
   11   11
  0.15043568  -0.00000000    -0.00000000   0.00000000    -0.02297663  -0.00000000
 -0.00000000   0.00000000     0.28095517  -0.00000000     0.00000000  -0.00000000
 -0.02297663  -0.00000000     0.00000000  -0.00000000     0.18846335   0.00000000
   11   12
 -0.00184559  -0.00000000     0.00000000  -0.00000000     0.00364414   0.00000000
  0.00000000   0.00000000     0.00093172   0.00000000     0.00000000  -0.00000000
 -0.00076177  -0.00000000     0.00000000  -0.00000000    -0.00822183  -0.00000000
   11   13
 -0.00877083   0.00000000     0.00000000  -0.00000000    -0.00458025  -0.00000000
  0.00000000  -0.00000000    -0.02098910  -0.00000000     0.00000000   0.00000000
  0.00029076   0.00000000     0.00000000  -0.00000000    -0.00179922   0.00000000
   11   14
  0.02617377   0.00000000     0.00000000   0.00000000    -0.00281569  -0.00000000
  0.00000000  -0.00000000    -0.01697380  -0.00000000    -0.00000000  -0.00000000
 -0.00348263   0.00000000     0.00000000  -0.00000000    -0.00570404   0.00000000
   11   15
  0.01349547  -0.00000000     0.00000000  -0.00000000    -0.00169570   0.00000000
  0.00000000   0.00000000     0.00069587   0.00000000    -0.00000000  -0.00000000
  0.00169570  -0.00000000    -0.00000000  -0.00000000    -0.01232331  -0.00000000
   11   16
  0.00444766  -0.00000000     0.00000000  -0.00000000    -0.00734018  -0.00000000
  0.00000000  -0.00000000    -0.00021832  -0.00000000    -0.00000000   0.00000000
 -0.00537107   0.00000000    -0.00000000  -0.00000000     0.00283022  -0.00000000
   11   17
 -0.00186796  -0.00000000     0.00000000   0.00000000     0.00014812   0.00000000
  0.00000000  -0.00000000    -0.00105907  -0.00000000     0.00000000   0.00000000
  0.00294591   0.00000000     0.00000000  -0.00000000    -0.00063189   0.00000000
   11   18
 -0.00120613  -0.00000000     0.00008627   0.00000000    -0.00056452  -0.00000000
 -0.00127038  -0.00000000     0.00182747   0.00000000     0.00082736  -0.00000000
  0.00171823   0.00000000     0.00228391   0.00000000    -0.00117193   0.00000000
   11   19
  0.00163200  -0.00000000    -0.00166155  -0.00000000     0.00200236   0.00000000
  0.00153820   0.00000000    -0.00102138  -0.00000000    -0.00176477  -0.00000000
 -0.00197221  -0.00000000    -0.00010943   0.00000000    -0.00027341   0.00000000
   11   20
  0.00099920   0.00000000     0.00039460   0.00000000     0.00216082   0.00000000
  0.00078072  -0.00000000    -0.00012805   0.00000000    -0.00129329  -0.00000000
 -0.00289084  -0.00000000    -0.00028706  -0.00000000    -0.00111887  -0.00000000
   11   21
 -0.01661838   0.00000000    -0.03627357  -0.00000000    -0.01286501  -0.00000000
 -0.04357683   0.00000000    -0.05472541   0.00000000    -0.02507816   0.00000000
 -0.00963467   0.00000000    -0.01929561   0.00000000    -0.00689224   0.00000000
   11   22
 -0.01854778  -0.00000000     0.00000000   0.00000000     0.03566065   0.00000000
  0.00000000  -0.00000000    -0.00121574  -0.00000000    -0.00000000   0.00000000
  0.03669478   0.00000000    -0.00000000  -0.00000000    -0.05608704  -0.00000000
   11   23
  0.00099920   0.00000000    -0.00039460  -0.00000000     0.00216082   0.00000000
 -0.00078072   0.00000000    -0.00012805   0.00000000     0.00129329   0.00000000
 -0.00289084  -0.00000000     0.00028706  -0.00000000    -0.00111887  -0.00000000
   11   24
 -0.01661838   0.00000000     0.03627357   0.00000000    -0.01286501  -0.00000000
  0.04357683  -0.00000000    -0.05472541   0.00000000     0.02507816  -0.00000000
 -0.00963467   0.00000000     0.01929561  -0.00000000    -0.00689224   0.00000000
   11   25
 -0.00120613  -0.00000000    -0.00008627   0.00000000    -0.00056452  -0.00000000
  0.00127038  -0.00000000     0.00182747   0.00000000    -0.00082736   0.00000000
  0.00171823   0.00000000    -0.00228391  -0.00000000    -0.00117193   0.00000000
   11   26
  0.00163200   0.00000000     0.00166155   0.00000000     0.00200236   0.00000000
 -0.00153820  -0.00000000    -0.00102138  -0.00000000     0.00176477   0.00000000
 -0.00197221  -0.00000000     0.00010943  -0.00000000    -0.00027341   0.00000000
   11   27
 -0.01719911  -0.00000000    -0.00000000   0.00000000     0.02805765  -0.00000000
 -0.00000000  -0.00000000    -0.00368491  -0.00000000     0.00000000  -0.00000000
  0.03156062   0.00000000     0.00000000   0.00000000    -0.04778509   0.00000000
   11   28
 -0.01806049   0.00000000    -0.03688776  -0.00000000    -0.01117116  -0.00000000
 -0.04310870   0.00000000    -0.05448109   0.00000000    -0.02383065   0.00000000
 -0.00823804   0.00000000    -0.01827780   0.00000000    -0.00413506   0.00000000
   11   29
 -0.00112866   0.00000000    -0.00065393   0.00000000    -0.00094656   0.00000000
 -0.00085468  -0.00000000     0.00013269   0.00000000     0.00132631  -0.00000000
  0.00266397   0.00000000     0.00021783   0.00000000     0.00041896  -0.00000000
   11   30
 -0.00164595  -0.00000000     0.00081541   0.00000000    -0.00219881  -0.00000000
 -0.00175061  -0.00000000     0.00179661  -0.00000000     0.00054846  -0.00000000
  0.00144779   0.00000000     0.00075717   0.00000000     0.00027101   0.00000000
   11   31
 -0.00091113  -0.00000000     0.00147339   0.00000000     0.00120021  -0.00000000
 -0.00062358  -0.00000000     0.00251044   0.00000000     0.00050460  -0.00000000
  0.00153602  -0.00000000     0.00270287   0.00000000     0.00007711   0.00000000
   11   32
  0.00165775   0.00000000    -0.00000000  -0.00000000     0.00086572   0.00000000
  0.00000000   0.00000000     0.00086968  -0.00000000    -0.00000000  -0.00000000
 -0.00390827  -0.00000000    -0.00000000  -0.00000000    -0.00049202  -0.00000000
   11   33
 -0.00164595  -0.00000000    -0.00081541  -0.00000000    -0.00219881  -0.00000000
  0.00175061   0.00000000     0.00179661  -0.00000000    -0.00054846   0.00000000
  0.00144779   0.00000000    -0.00075717  -0.00000000     0.00027101   0.00000000
   11   34
 -0.00091113  -0.00000000    -0.00147339  -0.00000000     0.00120021   0.00000000
  0.00062358  -0.00000000     0.00251044   0.00000000    -0.00050460   0.00000000
  0.00153602  -0.00000000    -0.00270287  -0.00000000     0.00007711   0.00000000
   11   35
 -0.01806049   0.00000000     0.03688776   0.00000000    -0.01117116  -0.00000000
  0.04310870  -0.00000000    -0.05448109   0.00000000     0.02383065  -0.00000000
 -0.00823804   0.00000000     0.01827780  -0.00000000    -0.00413506   0.00000000
   11   36
 -0.00112866  -0.00000000     0.00065393   0.00000000    -0.00094656   0.00000000
  0.00085468   0.00000000     0.00013269   0.00000000    -0.00132631   0.00000000
  0.00266397   0.00000000    -0.00021783  -0.00000000     0.00041896  -0.00000000
   12    1
 -0.00036112   0.00000000    -0.00052994  -0.00000000     0.00057491   0.00000000
 -0.00097637  -0.00000000     0.00059040   0.00000000     0.00170291   0.00000000
  0.00057258   0.00000000     0.00110298   0.00000000     0.00026924   0.00000000
   12    2
 -0.00036112   0.00000000     0.00052994  -0.00000000     0.00057491   0.00000000
  0.00097637  -0.00000000     0.00059040   0.00000000    -0.00170291  -0.00000000
  0.00057258   0.00000000    -0.00110298  -0.00000000     0.00026924   0.00000000
   12    3
 -0.00001909   0.00000000     0.00028853  -0.00000000     0.00046376   0.00000000
  0.00056712  -0.00000000     0.00073637  -0.00000000    -0.00158707   0.00000000
  0.00068234   0.00000000    -0.00095128   0.00000000     0.00033152  -0.00000000
   12    4
  0.00001909  -0.00000000     0.00028853  -0.00000000    -0.00046376   0.00000000
  0.00056712   0.00000000    -0.00073637   0.00000000    -0.00158707  -0.00000000
 -0.00068234   0.00000000    -0.00095128  -0.00000000    -0.00033152   0.00000000
   12    5
 -0.00265336   0.00000000    -0.00000000   0.00000000    -0.00721463  -0.00000000
  0.00000000  -0.00000000    -0.02261321  -0.00000000    -0.00000000  -0.00000000
  0.00721463   0.00000000     0.00000000  -0.00000000    -0.01500936  -0.00000000
   12    6
 -0.00296168   0.00000000    -0.00000000   0.00000000    -0.00040352  -0.00000000
 -0.00000000   0.00000000    -0.00030125   0.00000000    -0.00000000  -0.00000000
 -0.00040352  -0.00000000    -0.00000000  -0.00000000     0.00244823   0.00000000
   12    7
  0.00704427  -0.00000000    -0.00000000  -0.00000000     0.00459433   0.00000000
  0.00000000   0.00000000    -0.00105126  -0.00000000     0.00000000   0.00000000
  0.00338247  -0.00000000    -0.00000000   0.00000000     0.00201474  -0.00000000
   12    8
 -0.00470109   0.00000000     0.00000000   0.00000000     0.01202978   0.00000000
  0.00000000   0.00000000     0.01873203   0.00000000     0.00000000  -0.00000000
 -0.00560613  -0.00000000     0.00000000  -0.00000000     0.01410884   0.00000000
   12    9
  0.00635661   0.00000000     0.00000000  -0.00000000    -0.00001053  -0.00000000
  0.00000000  -0.00000000     0.00052714  -0.00000000     0.00000000  -0.00000000
 -0.00195379  -0.00000000     0.00000000   0.00000000    -0.00347271   0.00000000
   12   10
  0.00130946   0.00000000     0.00000000  -0.00000000     0.00104433   0.00000000
  0.00000000  -0.00000000     0.02016686   0.00000000     0.00000000  -0.00000000
  0.00484273   0.00000000     0.00000000   0.00000000     0.00988273   0.00000000
   12   11
 -0.00184559  -0.00000000     0.00000000   0.00000000    -0.00076177  -0.00000000
  0.00000000  -0.00000000     0.00093172   0.00000000     0.00000000  -0.00000000
  0.00364414   0.00000000     0.00000000  -0.00000000    -0.00822183  -0.00000000
   12   12
  0.14844228  -0.00000000     0.00000000  -0.00000000     0.03168943  -0.00000000
  0.00000000  -0.00000000     0.25537426  -0.00000000     0.00000000  -0.00000000
  0.03168943  -0.00000000     0.00000000  -0.00000000     0.19298843   0.00000000
   12   13
 -0.01123879   0.00000000    -0.00000000  -0.00000000     0.00057197  -0.00000000
  0.00000000   0.00000000    -0.02303260  -0.00000000     0.00000000   0.00000000
 -0.00050049   0.00000000     0.00000000  -0.00000000    -0.01458415  -0.00000000
   12   14
  0.00482181  -0.00000000     0.00000000  -0.00000000    -0.00082794  -0.00000000
  0.00000000   0.00000000     0.00453455   0.00000000     0.00000000   0.00000000
  0.00082794   0.00000000     0.00000000   0.00000000    -0.00627672  -0.00000000
   12   15
  0.02617377   0.00000000    -0.00000000   0.00000000     0.00348263  -0.00000000
 -0.00000000  -0.00000000    -0.01697380  -0.00000000     0.00000000  -0.00000000
  0.00281569  -0.00000000     0.00000000  -0.00000000    -0.00570404   0.00000000
   12   16
  0.00485484  -0.00000000     0.00000000  -0.00000000     0.00269100   0.00000000
  0.00000000  -0.00000000    -0.00252973  -0.00000000     0.00000000   0.00000000
  0.00397272   0.00000000    -0.00000000   0.00000000     0.00081430  -0.00000000
   12   17
  0.01749988   0.00000000     0.00000000  -0.00000000     0.03294823  -0.00000000
  0.00000000   0.00000000     0.00163399  -0.00000000     0.00000000  -0.00000000
  0.03451104   0.00000000     0.00000000   0.00000000     0.05229404  -0.00000000
   12   18
 -0.01580732   0.00000000     0.03538386   0.00000000     0.01110903   0.00000000
  0.04068285  -0.00000000    -0.05381155   0.00000000    -0.02301691   0.00000000
  0.00800630  -0.00000000    -0.01866140   0.00000000    -0.00465734   0.00000000
   12   19
  0.00106075  -0.00000000    -0.00049108  -0.00000000    -0.00060081   0.00000000
 -0.00079949  -0.00000000    -0.00027011  -0.00000000    -0.00093978  -0.00000000
  0.00267214   0.00000000     0.00008688   0.00000000    -0.00127373  -0.00000000
   12   20
  0.00255798   0.00000000     0.00199807   0.00000000    -0.00128576  -0.00000000
 -0.00273428  -0.00000000    -0.00159226  -0.00000000    -0.00183522  -0.00000000
  0.00100835   0.00000000    -0.00091491  -0.00000000    -0.00085225   0.00000000
   12   21
 -0.00049187  -0.00000000    -0.00078462   0.00000000    -0.00027796   0.00000000
  0.00155965   0.00000000     0.00249724   0.00000000     0.00090984  -0.00000000
 -0.00222347  -0.00000000     0.00227161   0.00000000    -0.00098503   0.00000000
   12   22
  0.00245212   0.00000000     0.00000000   0.00000000    -0.00093345  -0.00000000
 -0.00000000  -0.00000000     0.00013719   0.00000000     0.00000000  -0.00000000
  0.00280729  -0.00000000    -0.00000000   0.00000000     0.00032994   0.00000000
   12   23
  0.00255798   0.00000000    -0.00199807  -0.00000000    -0.00128576  -0.00000000
  0.00273428  -0.00000000    -0.00159226   0.00000000     0.00183522   0.00000000
  0.00100835   0.00000000     0.00091491   0.00000000    -0.00085225   0.00000000
   12   24
 -0.00049187  -0.00000000     0.00078462  -0.00000000    -0.00027796   0.00000000
 -0.00155965  -0.00000000     0.00249724   0.00000000    -0.00090984   0.00000000
 -0.00222347  -0.00000000    -0.00227161  -0.00000000    -0.00098503   0.00000000
   12   25
 -0.01580732   0.00000000    -0.03538386  -0.00000000     0.01110903   0.00000000
 -0.04068285   0.00000000    -0.05381155   0.00000000     0.02301691  -0.00000000
  0.00800630  -0.00000000     0.01866140  -0.00000000    -0.00465734   0.00000000
   12   26
  0.00106075  -0.00000000     0.00049108   0.00000000    -0.00060081   0.00000000
  0.00079949   0.00000000    -0.00027011  -0.00000000     0.00093978   0.00000000
  0.00267214   0.00000000    -0.00008688  -0.00000000    -0.00127373  -0.00000000
   12   27
 -0.01656497  -0.00000000     0.00000000   0.00000000    -0.03277771   0.00000000
  0.00000000   0.00000000    -0.00127805   0.00000000     0.00000000  -0.00000000
 -0.03538338  -0.00000000     0.00000000  -0.00000000    -0.05377046   0.00000000
   12   28
  0.00113388   0.00000000    -0.00000213   0.00000000    -0.00079581   0.00000000
  0.00080889  -0.00000000    -0.00004394   0.00000000     0.00078108   0.00000000
  0.00242539   0.00000000     0.00010399   0.00000000    -0.00108456   0.00000000
   12   29
  0.01447516   0.00000000     0.03146201   0.00000000    -0.01044923  -0.00000000
  0.03980764   0.00000000     0.05007576   0.00000000    -0.02299036  -0.00000000
 -0.00725260  -0.00000000    -0.01646828  -0.00000000     0.00531283   0.00000000
   12   30
  0.00092389   0.00000000     0.00015018   0.00000000    -0.00105080   0.00000000
  0.00241439   0.00000000    -0.00171803   0.00000000     0.00088804   0.00000000
  0.00164420   0.00000000     0.00181335   0.00000000     0.00233443   0.00000000
   12   31
  0.00337348   0.00000000    -0.00056196  -0.00000000    -0.00116818  -0.00000000
  0.00205050   0.00000000    -0.00173165  -0.00000000     0.00253261  -0.00000000
  0.00144971   0.00000000     0.00005265  -0.00000000    -0.00021853  -0.00000000
   12   32
  0.00303156   0.00000000     0.00000000  -0.00000000    -0.00165093  -0.00000000
 -0.00000000   0.00000000     0.00012331  -0.00000000     0.00000000   0.00000000
  0.00191068   0.00000000     0.00000000  -0.00000000    -0.00023845  -0.00000000
   12   33
  0.00092389   0.00000000    -0.00015018  -0.00000000    -0.00105080   0.00000000
 -0.00241439  -0.00000000    -0.00171803   0.00000000    -0.00088804  -0.00000000
  0.00164420   0.00000000    -0.00181335  -0.00000000     0.00233443   0.00000000
   12   34
  0.00337348   0.00000000     0.00056196   0.00000000    -0.00116818  -0.00000000
 -0.00205050  -0.00000000    -0.00173165   0.00000000    -0.00253261   0.00000000
  0.00144971   0.00000000    -0.00005265   0.00000000    -0.00021853  -0.00000000
   12   35
  0.00113388   0.00000000     0.00000213   0.00000000    -0.00079581   0.00000000
 -0.00080889   0.00000000    -0.00004394   0.00000000    -0.00078108  -0.00000000
  0.00242539  -0.00000000    -0.00010399  -0.00000000    -0.00108456   0.00000000
   12   36
  0.01447516   0.00000000    -0.03146201  -0.00000000    -0.01044923  -0.00000000
 -0.03980764  -0.00000000     0.05007576   0.00000000     0.02299036   0.00000000
 -0.00725260  -0.00000000     0.01646828   0.00000000     0.00531283   0.00000000
   13    1
 -0.00066978   0.00000000    -0.00000000   0.00000000     0.00000000  -0.00000000
 -0.00000000   0.00000000     0.00187743   0.00000000     0.00261910   0.00000000
 -0.00000000  -0.00000000     0.00146051  -0.00000000     0.00231174   0.00000000
   13    2
 -0.00066978  -0.00000000     0.00000000  -0.00000000     0.00000000  -0.00000000
  0.00000000  -0.00000000     0.00187743   0.00000000    -0.00261910  -0.00000000
  0.00000000  -0.00000000    -0.00146051  -0.00000000     0.00231174   0.00000000
   13    3
  0.00000000   0.00000000    -0.00000000   0.00000000     0.00003152   0.00000000
 -0.00000000   0.00000000     0.00000000   0.00000000    -0.00021760  -0.00000000
 -0.00003510  -0.00000000     0.00007452  -0.00000000     0.00000000   0.00000000
   13    4
  0.00000000   0.00000000     0.00000000  -0.00000000    -0.00003152  -0.00000000
  0.00000000  -0.00000000    -0.00000000   0.00000000    -0.00021760  -0.00000000
  0.00003510   0.00000000     0.00007452  -0.00000000     0.00000000  -0.00000000
   13    5
 -0.01123879   0.00000000     0.00000000  -0.00000000     0.00050049  -0.00000000
  0.00000000   0.00000000    -0.02303260  -0.00000000     0.00000000  -0.00000000
 -0.00057197   0.00000000    -0.00000000   0.00000000    -0.01458415  -0.00000000
   13    6
  0.00485484  -0.00000000    -0.00000000  -0.00000000     0.00397272   0.00000000
  0.00000000  -0.00000000    -0.00252973  -0.00000000     0.00000000   0.00000000
  0.00269100   0.00000000     0.00000000   0.00000000     0.00081430  -0.00000000
   13    7
  0.00285425   0.00000000    -0.00000000   0.00000000     0.00328089  -0.00000000
  0.00000000  -0.00000000    -0.00062692   0.00000000     0.00000000  -0.00000000
  0.00287196  -0.00000000     0.00000000  -0.00000000    -0.00339832   0.00000000
   13    8
  0.00444766  -0.00000000     0.00000000  -0.00000000    -0.00537107   0.00000000
  0.00000000  -0.00000000    -0.00021832  -0.00000000     0.00000000  -0.00000000
 -0.00734018  -0.00000000    -0.00000000   0.00000000     0.00283022  -0.00000000
   13    9
 -0.00877083   0.00000000     0.00000000   0.00000000    -0.00029076   0.00000000
  0.00000000   0.00000000    -0.02098910  -0.00000000     0.00000000  -0.00000000
  0.00458025   0.00000000     0.00000000   0.00000000    -0.00179922   0.00000000
   13   10
  0.00285425   0.00000000     0.00000000  -0.00000000    -0.00328089  -0.00000000
  0.00000000   0.00000000    -0.00062692  -0.00000000     0.00000000  -0.00000000
 -0.00287196  -0.00000000     0.00000000  -0.00000000    -0.00339832   0.00000000
   13   11
 -0.00877083   0.00000000     0.00000000  -0.00000000     0.00029076   0.00000000
  0.00000000  -0.00000000    -0.02098910  -0.00000000     0.00000000  -0.00000000
 -0.00458025  -0.00000000     0.00000000   0.00000000    -0.00179922   0.00000000
   13   12
 -0.01123879   0.00000000     0.00000000   0.00000000    -0.00050049   0.00000000
 -0.00000000  -0.00000000    -0.02303260  -0.00000000     0.00000000  -0.00000000
  0.00057197  -0.00000000     0.00000000   0.00000000    -0.01458415  -0.00000000
   13   13
  0.20346339  -0.00000000     0.00000000   0.00000000     0.00000000  -0.00000000
  0.00000000   0.00000000     0.26567322   0.00000000     0.00000000  -0.00000000
  0.00000000  -0.00000000     0.00000000  -0.00000000     0.14177954   0.00000000
   13   14
  0.00485484  -0.00000000     0.00000000   0.00000000    -0.00397272  -0.00000000
  0.00000000   0.00000000    -0.00252973  -0.00000000    -0.00000000   0.00000000
 -0.00269100  -0.00000000    -0.00000000   0.00000000     0.00081430  -0.00000000
   13   15
  0.00444766  -0.00000000     0.00000000   0.00000000     0.00537107  -0.00000000
  0.00000000   0.00000000    -0.00021832  -0.00000000     0.00000000  -0.00000000
  0.00734018   0.00000000    -0.00000000   0.00000000     0.00283022  -0.00000000
   13   16
 -0.01080523   0.00000000    -0.00000000  -0.00000000     0.00000000  -0.00000000
  0.00000000   0.00000000     0.00295701   0.00000000    -0.00000000   0.00000000
  0.00000000  -0.00000000     0.00000000   0.00000000    -0.01294285   0.00000000
   13   17
 -0.00130653  -0.00000000     0.00000000   0.00000000     0.00000000   0.00000000
 -0.00000000  -0.00000000     0.00046203  -0.00000000     0.00000000   0.00000000
 -0.00000000  -0.00000000    -0.00000000  -0.00000000     0.00175198   0.00000000
   13   18
  0.00011300   0.00000000    -0.00000000   0.00000000     0.00000000  -0.00000000
 -0.00000000  -0.00000000    -0.05457767  -0.00000000     0.04753764   0.00000000
 -0.00000000   0.00000000     0.03825763  -0.00000000    -0.02143808  -0.00000000
   13   19
 -0.00241581  -0.00000000    -0.00000000   0.00000000    -0.00000000   0.00000000
  0.00000000  -0.00000000     0.00021601   0.00000000     0.00140708   0.00000000
  0.00000000  -0.00000000    -0.00003228  -0.00000000     0.00382002   0.00000000
   13   20
 -0.00195073  -0.00000000     0.00000000  -0.00000000     0.00000000  -0.00000000
 -0.00000000   0.00000000    -0.00003261  -0.00000000     0.00154412  -0.00000000
 -0.00000000   0.00000000     0.00043473   0.00000000     0.00332575   0.00000000
   13   21
 -0.00129290   0.00000000    -0.00000000   0.00000000     0.00000000  -0.00000000
 -0.00000000   0.00000000    -0.05016394   0.00000000     0.04746401   0.00000000
 -0.00000000   0.00000000     0.03399586  -0.00000000    -0.02010246   0.00000000
   13   22
 -0.00007924  -0.00000000    -0.00000000  -0.00000000    -0.00000000  -0.00000000
  0.00000000   0.00000000     0.00060798   0.00000000    -0.00000000  -0.00000000
  0.00000000   0.00000000     0.00000000   0.00000000    -0.00240011   0.00000000
   13   23
 -0.00195073  -0.00000000     0.00000000   0.00000000     0.00000000  -0.00000000
  0.00000000  -0.00000000    -0.00003261  -0.00000000    -0.00154412  -0.00000000
  0.00000000   0.00000000    -0.00043473   0.00000000     0.00332575   0.00000000
   13   24
 -0.00129290  -0.00000000     0.00000000  -0.00000000     0.00000000  -0.00000000
  0.00000000  -0.00000000    -0.05016394   0.00000000    -0.04746401  -0.00000000
 -0.00000000   0.00000000    -0.03399586   0.00000000    -0.02010246   0.00000000
   13   25
  0.00011300   0.00000000     0.00000000  -0.00000000     0.00000000  -0.00000000
  0.00000000   0.00000000    -0.05457767  -0.00000000    -0.04753764  -0.00000000
 -0.00000000   0.00000000    -0.03825763   0.00000000    -0.02143808  -0.00000000
   13   26
 -0.00241581  -0.00000000    -0.00000000  -0.00000000     0.00000000   0.00000000
  0.00000000   0.00000000     0.00021601  -0.00000000    -0.00140708   0.00000000
  0.00000000  -0.00000000     0.00003228   0.00000000     0.00382002   0.00000000
   13   27
 -0.07024227   0.00000000    -0.00000000   0.00000000     0.00057105  -0.00000000
  0.00000000   0.00000000    -0.00045282   0.00000000     0.00000000  -0.00000000
  0.00083134   0.00000000    -0.00000000  -0.00000000     0.00470755   0.00000000
   13   28
 -0.00141068   0.00000000    -0.00113290   0.00000000     0.00086782  -0.00000000
 -0.00213573  -0.00000000     0.00198924   0.00000000     0.00129283  -0.00000000
 -0.00181969  -0.00000000    -0.00087259  -0.00000000    -0.00160087  -0.00000000
   13   29
  0.00213606   0.00000000     0.00115290   0.00000000     0.00084872  -0.00000000
  0.00167577   0.00000000    -0.00233216  -0.00000000    -0.00005960  -0.00000000
 -0.00081126   0.00000000    -0.00177928  -0.00000000    -0.00037601  -0.00000000
   13   30
 -0.00141068   0.00000000    -0.00113290   0.00000000    -0.00086782  -0.00000000
 -0.00213573   0.00000000     0.00198924   0.00000000    -0.00129283   0.00000000
  0.00181969   0.00000000     0.00087259   0.00000000    -0.00160087  -0.00000000
   13   31
  0.00213606   0.00000000     0.00115290  -0.00000000    -0.00084872   0.00000000
  0.00167577   0.00000000    -0.00233216   0.00000000     0.00005960   0.00000000
  0.00081126  -0.00000000     0.00177928  -0.00000000    -0.00037601  -0.00000000
   13   32
  0.07024227  -0.00000000     0.00000000  -0.00000000     0.00057105   0.00000000
 -0.00000000   0.00000000     0.00045282  -0.00000000    -0.00000000  -0.00000000
  0.00083134  -0.00000000    -0.00000000   0.00000000    -0.00470755  -0.00000000
   13   33
 -0.00141068   0.00000000     0.00113290  -0.00000000    -0.00086782  -0.00000000
  0.00213573   0.00000000     0.00198924   0.00000000     0.00129283  -0.00000000
  0.00181969   0.00000000    -0.00087259  -0.00000000    -0.00160087  -0.00000000
   13   34
  0.00213606   0.00000000    -0.00115290   0.00000000    -0.00084872   0.00000000
 -0.00167577  -0.00000000    -0.00233216   0.00000000    -0.00005960  -0.00000000
  0.00081126  -0.00000000    -0.00177928   0.00000000    -0.00037601  -0.00000000
   13   35
 -0.00141068   0.00000000     0.00113290  -0.00000000     0.00086782  -0.00000000
  0.00213573   0.00000000     0.00198924   0.00000000    -0.00129283   0.00000000
 -0.00181969  -0.00000000     0.00087259   0.00000000    -0.00160087  -0.00000000
   13   36
  0.00213606   0.00000000    -0.00115290   0.00000000     0.00084872  -0.00000000
 -0.00167577  -0.00000000    -0.00233216   0.00000000     0.00005960   0.00000000
 -0.00081126   0.00000000     0.00177928  -0.00000000    -0.00037601  -0.00000000
   14    1
 -0.00036112   0.00000000    -0.00052994   0.00000000    -0.00057491  -0.00000000
 -0.00097637   0.00000000     0.00059040   0.00000000    -0.00170291  -0.00000000
 -0.00057258  -0.00000000    -0.00110298  -0.00000000     0.00026924   0.00000000
   14    2
 -0.00036112   0.00000000     0.00052994  -0.00000000    -0.00057491   0.00000000
  0.00097637   0.00000000     0.00059040   0.00000000     0.00170291  -0.00000000
 -0.00057258   0.00000000     0.00110298   0.00000000     0.00026924   0.00000000
   14    3
 -0.00001909   0.00000000    -0.00028853   0.00000000    -0.00046376  -0.00000000
 -0.00056712   0.00000000     0.00073637  -0.00000000    -0.00158707   0.00000000
 -0.00068234  -0.00000000    -0.00095128  -0.00000000     0.00033152  -0.00000000
   14    4
  0.00001909  -0.00000000    -0.00028853   0.00000000     0.00046376  -0.00000000
 -0.00056712   0.00000000    -0.00073637   0.00000000    -0.00158707  -0.00000000
  0.00068234  -0.00000000    -0.00095128  -0.00000000    -0.00033152   0.00000000
   14    5
 -0.00296168   0.00000000     0.00000000  -0.00000000     0.00040352   0.00000000
  0.00000000  -0.00000000    -0.00030125   0.00000000    -0.00000000  -0.00000000
  0.00040352   0.00000000     0.00000000  -0.00000000     0.00244823   0.00000000
   14    6
 -0.00265336   0.00000000    -0.00000000  -0.00000000     0.00721463   0.00000000
 -0.00000000   0.00000000    -0.02261321  -0.00000000     0.00000000  -0.00000000
 -0.00721463  -0.00000000    -0.00000000  -0.00000000    -0.01500936  -0.00000000
   14    7
  0.00704427   0.00000000     0.00000000   0.00000000    -0.00459433  -0.00000000
  0.00000000  -0.00000000    -0.00105126  -0.00000000     0.00000000   0.00000000
 -0.00338247   0.00000000    -0.00000000   0.00000000     0.00201474  -0.00000000
   14    8
  0.00635661   0.00000000     0.00000000   0.00000000     0.00001053  -0.00000000
 -0.00000000   0.00000000     0.00052714   0.00000000     0.00000000  -0.00000000
  0.00195379   0.00000000     0.00000000   0.00000000    -0.00347271   0.00000000
   14    9
 -0.00470109  -0.00000000     0.00000000  -0.00000000    -0.01202978   0.00000000
  0.00000000  -0.00000000     0.01873203  -0.00000000     0.00000000  -0.00000000
  0.00560613   0.00000000     0.00000000  -0.00000000     0.01410884   0.00000000
   14   10
  0.00130946   0.00000000     0.00000000   0.00000000    -0.00104433  -0.00000000
  0.00000000   0.00000000     0.02016686  -0.00000000     0.00000000  -0.00000000
 -0.00484273   0.00000000    -0.00000000   0.00000000     0.00988273   0.00000000
   14   11
  0.02617377   0.00000000     0.00000000  -0.00000000    -0.00348263   0.00000000
  0.00000000   0.00000000    -0.01697380  -0.00000000     0.00000000  -0.00000000
 -0.00281569  -0.00000000    -0.00000000  -0.00000000    -0.00570404   0.00000000
   14   12
  0.00482181  -0.00000000     0.00000000   0.00000000     0.00082794   0.00000000
  0.00000000  -0.00000000     0.00453455   0.00000000     0.00000000   0.00000000
 -0.00082794  -0.00000000     0.00000000   0.00000000    -0.00627672  -0.00000000
   14   13
  0.00485484  -0.00000000     0.00000000   0.00000000    -0.00269100  -0.00000000
  0.00000000   0.00000000    -0.00252973  -0.00000000    -0.00000000   0.00000000
 -0.00397272  -0.00000000    -0.00000000   0.00000000     0.00081430  -0.00000000
   14   14
  0.14844228  -0.00000000     0.00000000   0.00000000    -0.03168943   0.00000000
  0.00000000   0.00000000     0.25537426  -0.00000000     0.00000000  -0.00000000
 -0.03168943   0.00000000     0.00000000  -0.00000000     0.19298843   0.00000000
   14   15
 -0.00184559  -0.00000000     0.00000000  -0.00000000     0.00076177   0.00000000
  0.00000000   0.00000000     0.00093172   0.00000000     0.00000000  -0.00000000
 -0.00364414  -0.00000000    -0.00000000  -0.00000000    -0.00822183  -0.00000000
   14   16
 -0.01123879   0.00000000     0.00000000   0.00000000    -0.00057197   0.00000000
  0.00000000  -0.00000000    -0.02303260  -0.00000000     0.00000000   0.00000000
  0.00050049  -0.00000000    -0.00000000  -0.00000000    -0.01458415  -0.00000000
   14   17
  0.01749988   0.00000000     0.00000000   0.00000000    -0.03294823   0.00000000
  0.00000000  -0.00000000     0.00163399  -0.00000000     0.00000000  -0.00000000
 -0.03451104  -0.00000000     0.00000000   0.00000000     0.05229404  -0.00000000
   14   18
  0.00106075  -0.00000000    -0.00049108  -0.00000000     0.00060081  -0.00000000
 -0.00079949  -0.00000000    -0.00027011  -0.00000000     0.00093978   0.00000000
 -0.00267214  -0.00000000    -0.00008688  -0.00000000    -0.00127373  -0.00000000
   14   19
 -0.01580732   0.00000000     0.03538386   0.00000000    -0.01110903  -0.00000000
  0.04068285  -0.00000000    -0.05381155   0.00000000     0.02301691  -0.00000000
 -0.00800630   0.00000000     0.01866140  -0.00000000    -0.00465734   0.00000000
   14   20
 -0.00049187  -0.00000000    -0.00078462   0.00000000     0.00027796  -0.00000000
  0.00155965   0.00000000     0.00249724   0.00000000    -0.00090984   0.00000000
  0.00222347  -0.00000000    -0.00227161  -0.00000000    -0.00098503   0.00000000
   14   21
  0.00255798  -0.00000000     0.00199807   0.00000000     0.00128576   0.00000000
 -0.00273428   0.00000000    -0.00159226   0.00000000     0.00183522   0.00000000
 -0.00100835  -0.00000000     0.00091491   0.00000000    -0.00085225   0.00000000
   14   22
  0.00245212   0.00000000     0.00000000  -0.00000000     0.00093345   0.00000000
  0.00000000   0.00000000     0.00013719   0.00000000     0.00000000  -0.00000000
 -0.00280729  -0.00000000    -0.00000000   0.00000000     0.00032994  -0.00000000
   14   23
 -0.00049187  -0.00000000     0.00078462  -0.00000000     0.00027796  -0.00000000
 -0.00155965  -0.00000000     0.00249724   0.00000000     0.00090984  -0.00000000
  0.00222347  -0.00000000     0.00227161   0.00000000    -0.00098503   0.00000000
   14   24
  0.00255798  -0.00000000    -0.00199807  -0.00000000     0.00128576   0.00000000
  0.00273428   0.00000000    -0.00159226  -0.00000000    -0.00183522   0.00000000
 -0.00100835  -0.00000000    -0.00091491  -0.00000000    -0.00085225   0.00000000
   14   25
  0.00106075  -0.00000000     0.00049108   0.00000000     0.00060081  -0.00000000
  0.00079949   0.00000000    -0.00027011  -0.00000000    -0.00093978   0.00000000
 -0.00267214  -0.00000000     0.00008688   0.00000000    -0.00127373  -0.00000000
   14   26
 -0.01580732   0.00000000    -0.03538386  -0.00000000    -0.01110903  -0.00000000
 -0.04068285   0.00000000    -0.05381155   0.00000000    -0.02301691   0.00000000
 -0.00800630   0.00000000    -0.01866140   0.00000000    -0.00465734   0.00000000
   14   27
  0.00303156   0.00000000     0.00000000   0.00000000     0.00165093   0.00000000
  0.00000000  -0.00000000     0.00012331  -0.00000000     0.00000000   0.00000000
 -0.00191068  -0.00000000     0.00000000  -0.00000000    -0.00023845  -0.00000000
   14   28
  0.00337348   0.00000000     0.00056196   0.00000000     0.00116818   0.00000000
 -0.00205050  -0.00000000    -0.00173165  -0.00000000     0.00253261   0.00000000
 -0.00144971  -0.00000000     0.00005265  -0.00000000    -0.00021853   0.00000000
   14   29
  0.00092389   0.00000000    -0.00015018  -0.00000000     0.00105080  -0.00000000
 -0.00241439  -0.00000000    -0.00171803   0.00000000     0.00088804  -0.00000000
 -0.00164420  -0.00000000     0.00181335   0.00000000     0.00233443  -0.00000000
   14   30
  0.01447516   0.00000000    -0.03146201  -0.00000000     0.01044923   0.00000000
 -0.03980764   0.00000000     0.05007576   0.00000000    -0.02299036   0.00000000
  0.00725260  -0.00000000    -0.01646828  -0.00000000     0.00531283  -0.00000000
   14   31
  0.00113388   0.00000000     0.00000213   0.00000000     0.00079581   0.00000000
 -0.00080889   0.00000000    -0.00004394   0.00000000     0.00078108   0.00000000
 -0.00242539  -0.00000000     0.00010399   0.00000000    -0.00108456  -0.00000000
   14   32
 -0.01656497  -0.00000000     0.00000000  -0.00000000     0.03277771  -0.00000000
  0.00000000  -0.00000000    -0.00127805  -0.00000000    -0.00000000  -0.00000000
  0.03538338   0.00000000     0.00000000  -0.00000000    -0.05377046   0.00000000
   14   33
  0.01447516   0.00000000     0.03146201   0.00000000     0.01044923   0.00000000
  0.03980764  -0.00000000     0.05007576   0.00000000     0.02299036  -0.00000000
  0.00725260  -0.00000000     0.01646828   0.00000000     0.00531283   0.00000000
   14   34
  0.00113388   0.00000000    -0.00000213  -0.00000000     0.00079581   0.00000000
  0.00080889  -0.00000000    -0.00004394   0.00000000    -0.00078108  -0.00000000
 -0.00242539   0.00000000    -0.00010399  -0.00000000    -0.00108456  -0.00000000
   14   35
  0.00337348   0.00000000    -0.00056196  -0.00000000     0.00116818   0.00000000
  0.00205050   0.00000000    -0.00173165  -0.00000000    -0.00253261  -0.00000000
 -0.00144971  -0.00000000    -0.00005265   0.00000000    -0.00021853   0.00000000
   14   36
  0.00092389  -0.00000000     0.00015018   0.00000000     0.00105080  -0.00000000
  0.00241439   0.00000000    -0.00171803   0.00000000    -0.00088804   0.00000000
 -0.00164420  -0.00000000    -0.00181335  -0.00000000     0.00233443  -0.00000000
   15    1
 -0.00007776   0.00000000     0.00027715   0.00000000     0.00014416  -0.00000000
  0.00064236  -0.00000000     0.00086489  -0.00000000    -0.00159070  -0.00000000
  0.00051560   0.00000000    -0.00070881   0.00000000     0.00021875  -0.00000000
   15    2
 -0.00007776   0.00000000    -0.00027715   0.00000000     0.00014416  -0.00000000
 -0.00064236  -0.00000000     0.00086489   0.00000000     0.00159070   0.00000000
  0.00051560  -0.00000000     0.00070881  -0.00000000     0.00021875  -0.00000000
   15    3
 -0.00015182   0.00000000    -0.00007703   0.00000000     0.00034412   0.00000000
 -0.00072134  -0.00000000     0.00086610   0.00000000     0.00172663  -0.00000000
  0.00048152  -0.00000000     0.00093451   0.00000000     0.00043101   0.00000000
   15    4
  0.00015182   0.00000000    -0.00007703   0.00000000    -0.00034412   0.00000000
 -0.00072134  -0.00000000    -0.00086610  -0.00000000     0.00172663   0.00000000
 -0.00048152   0.00000000     0.00093451  -0.00000000    -0.00043101  -0.00000000
   15    5
 -0.00470109  -0.00000000     0.00000000  -0.00000000     0.00560613   0.00000000
  0.00000000  -0.00000000     0.01873203  -0.00000000     0.00000000  -0.00000000
 -0.01202978   0.00000000    -0.00000000  -0.00000000     0.01410884   0.00000000
   15    6
  0.00635661   0.00000000    -0.00000000  -0.00000000    -0.00195379  -0.00000000
  0.00000000  -0.00000000     0.00052714  -0.00000000    -0.00000000   0.00000000
 -0.00001053  -0.00000000     0.00000000  -0.00000000    -0.00347271   0.00000000
   15    7
 -0.01057447   0.00000000     0.00000000   0.00000000    -0.00075575   0.00000000
  0.00000000  -0.00000000    -0.02537384  -0.00000000    -0.00000000   0.00000000
 -0.00240905   0.00000000    -0.00000000  -0.00000000    -0.01019460  -0.00000000
   15    8
  0.00376098   0.00000000    -0.00000000  -0.00000000    -0.00723923  -0.00000000
  0.00000000   0.00000000    -0.02182785  -0.00000000     0.00000000  -0.00000000
  0.00723923   0.00000000     0.00000000  -0.00000000    -0.01973216  -0.00000000
   15    9
 -0.00859947   0.00000000     0.00000000  -0.00000000     0.00129985  -0.00000000
  0.00000000  -0.00000000    -0.00072604   0.00000000    -0.00000000   0.00000000
  0.00129985  -0.00000000    -0.00000000   0.00000000    -0.00261809   0.00000000
   15   10
 -0.00622144  -0.00000000    -0.00000000   0.00000000    -0.01174611   0.00000000
  0.00000000  -0.00000000    -0.00003479  -0.00000000     0.00000000  -0.00000000
 -0.00505292   0.00000000     0.00000000   0.00000000     0.00500993  -0.00000000
   15   11
  0.01349547  -0.00000000     0.00000000   0.00000000     0.00169570  -0.00000000
  0.00000000  -0.00000000     0.00069587   0.00000000    -0.00000000  -0.00000000
 -0.00169570   0.00000000    -0.00000000  -0.00000000    -0.01232331  -0.00000000
   15   12
  0.02617377   0.00000000    -0.00000000  -0.00000000     0.00281569  -0.00000000
 -0.00000000   0.00000000    -0.01697380  -0.00000000     0.00000000  -0.00000000
  0.00348263  -0.00000000     0.00000000  -0.00000000    -0.00570404   0.00000000
   15   13
  0.00444766  -0.00000000     0.00000000   0.00000000     0.00734018   0.00000000
  0.00000000   0.00000000    -0.00021832  -0.00000000    -0.00000000   0.00000000
  0.00537107  -0.00000000     0.00000000  -0.00000000     0.00283022  -0.00000000
   15   14
 -0.00184559  -0.00000000     0.00000000   0.00000000    -0.00364414  -0.00000000
  0.00000000  -0.00000000     0.00093172   0.00000000    -0.00000000  -0.00000000
  0.00076177   0.00000000     0.00000000  -0.00000000    -0.00822183  -0.00000000
   15   15
  0.15043568  -0.00000000    -0.00000000  -0.00000000     0.02297663  -0.00000000
 -0.00000000  -0.00000000     0.28095517  -0.00000000    -0.00000000  -0.00000000
  0.02297663  -0.00000000    -0.00000000  -0.00000000     0.18846335   0.00000000
   15   16
 -0.00877083   0.00000000     0.00000000   0.00000000     0.00458025   0.00000000
 -0.00000000   0.00000000    -0.02098910  -0.00000000    -0.00000000   0.00000000
 -0.00029076   0.00000000     0.00000000  -0.00000000    -0.00179922   0.00000000
   15   17
 -0.00186796  -0.00000000     0.00000000  -0.00000000    -0.00014812  -0.00000000
  0.00000000  -0.00000000    -0.00105907  -0.00000000     0.00000000   0.00000000
 -0.00294591  -0.00000000    -0.00000000   0.00000000    -0.00063189   0.00000000
   15   18
  0.00163200  -0.00000000    -0.00166155  -0.00000000    -0.00200236  -0.00000000
  0.00153820   0.00000000    -0.00102138  -0.00000000     0.00176477   0.00000000
  0.00197221   0.00000000     0.00010943  -0.00000000    -0.00027341  -0.00000000
   15   19
 -0.00120613  -0.00000000     0.00008627   0.00000000     0.00056452   0.00000000
 -0.00127038   0.00000000     0.00182747   0.00000000    -0.00082736   0.00000000
 -0.00171823  -0.00000000    -0.00228391  -0.00000000    -0.00117193  -0.00000000
   15   20
 -0.01661838   0.00000000    -0.03627357  -0.00000000     0.01286501   0.00000000
 -0.04357683   0.00000000    -0.05472541   0.00000000     0.02507816  -0.00000000
  0.00963467  -0.00000000     0.01929561  -0.00000000    -0.00689224   0.00000000
   15   21
  0.00099920   0.00000000     0.00039460   0.00000000    -0.00216082  -0.00000000
  0.00078072  -0.00000000    -0.00012805  -0.00000000     0.00129329  -0.00000000
  0.00289084   0.00000000     0.00028706  -0.00000000    -0.00111887  -0.00000000
   15   22
 -0.01854778  -0.00000000     0.00000000  -0.00000000    -0.03566065  -0.00000000
  0.00000000   0.00000000    -0.00121574  -0.00000000     0.00000000   0.00000000
 -0.03669478  -0.00000000     0.00000000  -0.00000000    -0.05608704  -0.00000000
   15   23
 -0.01661838  -0.00000000     0.03627357   0.00000000     0.01286501   0.00000000
  0.04357683  -0.00000000    -0.05472541   0.00000000    -0.02507816   0.00000000
  0.00963467  -0.00000000    -0.01929561   0.00000000    -0.00689224   0.00000000
   15   24
  0.00099920   0.00000000    -0.00039460  -0.00000000    -0.00216082  -0.00000000
 -0.00078072   0.00000000    -0.00012805   0.00000000    -0.00129329  -0.00000000
  0.00289084   0.00000000    -0.00028706  -0.00000000    -0.00111887  -0.00000000
   15   25
  0.00163200  -0.00000000     0.00166155   0.00000000    -0.00200236  -0.00000000
 -0.00153820  -0.00000000    -0.00102138   0.00000000    -0.00176477  -0.00000000
  0.00197221   0.00000000    -0.00010943   0.00000000    -0.00027341  -0.00000000
   15   26
 -0.00120613  -0.00000000    -0.00008627  -0.00000000     0.00056452   0.00000000
  0.00127038   0.00000000     0.00182747   0.00000000     0.00082736  -0.00000000
 -0.00171823  -0.00000000     0.00228391   0.00000000    -0.00117193  -0.00000000
   15   27
  0.00165775   0.00000000     0.00000000   0.00000000    -0.00086572  -0.00000000
  0.00000000  -0.00000000     0.00086968  -0.00000000     0.00000000  -0.00000000
  0.00390827   0.00000000     0.00000000  -0.00000000    -0.00049202  -0.00000000
   15   28
 -0.00091113  -0.00000000    -0.00147339  -0.00000000    -0.00120021   0.00000000
  0.00062358   0.00000000     0.00251044   0.00000000     0.00050460  -0.00000000
 -0.00153602  -0.00000000     0.00270287   0.00000000     0.00007711   0.00000000
   15   29
 -0.00164595  -0.00000000    -0.00081541  -0.00000000     0.00219881   0.00000000
  0.00175061   0.00000000     0.00179661  -0.00000000     0.00054846  -0.00000000
 -0.00144779  -0.00000000     0.00075717   0.00000000     0.00027101   0.00000000
   15   30
 -0.00112866   0.00000000     0.00065393  -0.00000000     0.00094656  -0.00000000
  0.00085468  -0.00000000     0.00013269   0.00000000     0.00132631  -0.00000000
 -0.00266397   0.00000000     0.00021783   0.00000000     0.00041896  -0.00000000
   15   31
 -0.01806049   0.00000000     0.03688776   0.00000000     0.01117116   0.00000000
  0.04310870  -0.00000000    -0.05448109   0.00000000    -0.02383065   0.00000000
  0.00823804  -0.00000000    -0.01827780   0.00000000    -0.00413506   0.00000000
   15   32
 -0.01719911  -0.00000000     0.00000000  -0.00000000    -0.02805765   0.00000000
 -0.00000000   0.00000000    -0.00368491  -0.00000000     0.00000000  -0.00000000
 -0.03156062  -0.00000000     0.00000000  -0.00000000    -0.04778509   0.00000000
   15   33
 -0.00112866  -0.00000000    -0.00065393  -0.00000000     0.00094656  -0.00000000
 -0.00085468  -0.00000000     0.00013269   0.00000000    -0.00132631   0.00000000
 -0.00266397   0.00000000    -0.00021783  -0.00000000     0.00041896  -0.00000000
   15   34
 -0.01806049   0.00000000    -0.03688776  -0.00000000     0.01117116   0.00000000
 -0.04310870   0.00000000    -0.05448109   0.00000000     0.02383065  -0.00000000
  0.00823804  -0.00000000     0.01827780  -0.00000000    -0.00413506   0.00000000
   15   35
 -0.00091113  -0.00000000     0.00147339   0.00000000    -0.00120021  -0.00000000
 -0.00062358  -0.00000000     0.00251044   0.00000000    -0.00050460   0.00000000
 -0.00153602  -0.00000000    -0.00270287  -0.00000000     0.00007711   0.00000000
   15   36
 -0.00164595  -0.00000000     0.00081541   0.00000000     0.00219881   0.00000000
 -0.00175061  -0.00000000     0.00179661  -0.00000000    -0.00054846   0.00000000
 -0.00144779  -0.00000000    -0.00075717  -0.00000000     0.00027101   0.00000000
   16    1
 -0.00066978  -0.00000000     0.00000000  -0.00000000     0.00000000  -0.00000000
 -0.00000000  -0.00000000     0.00187743   0.00000000    -0.00261910  -0.00000000
  0.00000000  -0.00000000    -0.00146051  -0.00000000     0.00231174   0.00000000
   16    2
 -0.00066978   0.00000000     0.00000000   0.00000000     0.00000000  -0.00000000
  0.00000000   0.00000000     0.00187743   0.00000000     0.00261910   0.00000000
  0.00000000  -0.00000000     0.00146051  -0.00000000     0.00231174   0.00000000
   16    3
  0.00000000   0.00000000    -0.00000000  -0.00000000    -0.00003152  -0.00000000
 -0.00000000  -0.00000000     0.00000000   0.00000000    -0.00021760  -0.00000000
  0.00003510   0.00000000     0.00007452  -0.00000000     0.00000000  -0.00000000
   16    4
 -0.00000000   0.00000000    -0.00000000   0.00000000     0.00003152   0.00000000
 -0.00000000   0.00000000     0.00000000   0.00000000    -0.00021760  -0.00000000
 -0.00003510  -0.00000000     0.00007452  -0.00000000     0.00000000   0.00000000
   16    5
  0.00485484  -0.00000000    -0.00000000   0.00000000    -0.00397272  -0.00000000
 -0.00000000   0.00000000    -0.00252973  -0.00000000     0.00000000   0.00000000
 -0.00269100  -0.00000000     0.00000000   0.00000000     0.00081430  -0.00000000
   16    6
 -0.01123879   0.00000000    -0.00000000   0.00000000    -0.00050049   0.00000000
 -0.00000000  -0.00000000    -0.02303260  -0.00000000     0.00000000  -0.00000000
  0.00057197  -0.00000000     0.00000000   0.00000000    -0.01458415  -0.00000000
   16    7
  0.00285425   0.00000000    -0.00000000  -0.00000000    -0.00328089  -0.00000000
  0.00000000   0.00000000    -0.00062692  -0.00000000    -0.00000000  -0.00000000
 -0.00287196  -0.00000000     0.00000000  -0.00000000    -0.00339832   0.00000000
   16    8
 -0.00877083   0.00000000     0.00000000  -0.00000000     0.00029076   0.00000000
  0.00000000  -0.00000000    -0.02098910  -0.00000000    -0.00000000  -0.00000000
 -0.00458025  -0.00000000    -0.00000000   0.00000000    -0.00179922   0.00000000
   16    9
  0.00444766  -0.00000000     0.00000000   0.00000000     0.00537107  -0.00000000
  0.00000000   0.00000000    -0.00021832  -0.00000000     0.00000000  -0.00000000
  0.00734018   0.00000000     0.00000000   0.00000000     0.00283022  -0.00000000
   16   10
  0.00285425   0.00000000     0.00000000   0.00000000     0.00328089  -0.00000000
  0.00000000  -0.00000000    -0.00062692   0.00000000     0.00000000  -0.00000000
  0.00287196  -0.00000000     0.00000000  -0.00000000    -0.00339832   0.00000000
   16   11
  0.00444766  -0.00000000     0.00000000  -0.00000000    -0.00537107   0.00000000
  0.00000000  -0.00000000    -0.00021832  -0.00000000    -0.00000000  -0.00000000
 -0.00734018  -0.00000000    -0.00000000   0.00000000     0.00283022  -0.00000000
   16   12
  0.00485484  -0.00000000     0.00000000  -0.00000000     0.00397272   0.00000000
  0.00000000  -0.00000000    -0.00252973  -0.00000000    -0.00000000   0.00000000
  0.00269100   0.00000000     0.00000000   0.00000000     0.00081430  -0.00000000
   16   13
 -0.01080523   0.00000000     0.00000000   0.00000000     0.00000000  -0.00000000
 -0.00000000  -0.00000000     0.00295701   0.00000000     0.00000000   0.00000000
  0.00000000  -0.00000000    -0.00000000   0.00000000    -0.01294285   0.00000000
   16   14
 -0.01123879   0.00000000     0.00000000  -0.00000000     0.00050049  -0.00000000
  0.00000000   0.00000000    -0.02303260  -0.00000000    -0.00000000  -0.00000000
 -0.00057197   0.00000000     0.00000000   0.00000000    -0.01458415  -0.00000000
   16   15
 -0.00877083   0.00000000    -0.00000000   0.00000000    -0.00029076   0.00000000
  0.00000000   0.00000000    -0.02098910  -0.00000000     0.00000000  -0.00000000
  0.00458025   0.00000000    -0.00000000   0.00000000    -0.00179922   0.00000000
   16   16
  0.20346339  -0.00000000     0.00000000   0.00000000     0.00000000  -0.00000000
  0.00000000   0.00000000     0.26567322   0.00000000     0.00000000  -0.00000000
  0.00000000  -0.00000000     0.00000000  -0.00000000     0.14177954   0.00000000
   16   17
 -0.00130653  -0.00000000     0.00000000  -0.00000000     0.00000000  -0.00000000
  0.00000000   0.00000000     0.00046203  -0.00000000     0.00000000  -0.00000000
  0.00000000   0.00000000     0.00000000   0.00000000     0.00175198   0.00000000
   16   18
 -0.00241581  -0.00000000    -0.00000000  -0.00000000     0.00000000   0.00000000
  0.00000000   0.00000000     0.00021601  -0.00000000    -0.00140708   0.00000000
  0.00000000  -0.00000000     0.00003228   0.00000000     0.00382002   0.00000000
   16   19
  0.00011300   0.00000000     0.00000000  -0.00000000     0.00000000  -0.00000000
  0.00000000   0.00000000    -0.05457767  -0.00000000    -0.04753764  -0.00000000
  0.00000000   0.00000000    -0.03825763   0.00000000    -0.02143808  -0.00000000
   16   20
 -0.00129290  -0.00000000    -0.00000000  -0.00000000     0.00000000  -0.00000000
  0.00000000  -0.00000000    -0.05016394   0.00000000    -0.04746401  -0.00000000
  0.00000000   0.00000000    -0.03399586   0.00000000    -0.02010246   0.00000000
   16   21
 -0.00195073  -0.00000000     0.00000000   0.00000000     0.00000000  -0.00000000
  0.00000000  -0.00000000    -0.00003261  -0.00000000    -0.00154412  -0.00000000
  0.00000000   0.00000000    -0.00043473   0.00000000     0.00332575   0.00000000
   16   22
 -0.00007924  -0.00000000     0.00000000   0.00000000     0.00000000  -0.00000000
  0.00000000   0.00000000     0.00060798   0.00000000     0.00000000  -0.00000000
  0.00000000   0.00000000    -0.00000000   0.00000000    -0.00240011   0.00000000
   16   23
 -0.00129290   0.00000000     0.00000000   0.00000000     0.00000000  -0.00000000
 -0.00000000   0.00000000    -0.05016394   0.00000000     0.04746401   0.00000000
 -0.00000000   0.00000000     0.03399586  -0.00000000    -0.02010246   0.00000000
   16   24
 -0.00195073  -0.00000000     0.00000000  -0.00000000    -0.00000000  -0.00000000
 -0.00000000   0.00000000    -0.00003261  -0.00000000     0.00154412  -0.00000000
 -0.00000000   0.00000000     0.00043473   0.00000000     0.00332575   0.00000000
   16   25
 -0.00241581  -0.00000000    -0.00000000   0.00000000     0.00000000   0.00000000
  0.00000000  -0.00000000     0.00021601   0.00000000     0.00140708   0.00000000
 -0.00000000  -0.00000000    -0.00003228  -0.00000000     0.00382002   0.00000000
   16   26
  0.00011300   0.00000000    -0.00000000   0.00000000     0.00000000  -0.00000000
  0.00000000  -0.00000000    -0.05457767  -0.00000000     0.04753764   0.00000000
 -0.00000000   0.00000000     0.03825763  -0.00000000    -0.02143808  -0.00000000
   16   27
  0.07024227  -0.00000000     0.00000000   0.00000000    -0.00057105  -0.00000000
  0.00000000  -0.00000000     0.00045282   0.00000000     0.00000000  -0.00000000
 -0.00083134   0.00000000     0.00000000   0.00000000    -0.00470755  -0.00000000
   16   28
  0.00213606   0.00000000    -0.00115290   0.00000000     0.00084872  -0.00000000
 -0.00167577  -0.00000000    -0.00233216   0.00000000     0.00005960   0.00000000
 -0.00081126   0.00000000     0.00177928  -0.00000000    -0.00037601  -0.00000000
   16   29
 -0.00141068   0.00000000     0.00113290  -0.00000000     0.00086782  -0.00000000
  0.00213573   0.00000000     0.00198924   0.00000000    -0.00129283   0.00000000
 -0.00181969  -0.00000000     0.00087259   0.00000000    -0.00160087  -0.00000000
   16   30
  0.00213606   0.00000000    -0.00115290   0.00000000    -0.00084872   0.00000000
 -0.00167577  -0.00000000    -0.00233216   0.00000000    -0.00005960  -0.00000000
  0.00081126  -0.00000000    -0.00177928   0.00000000    -0.00037601  -0.00000000
   16   31
 -0.00141068   0.00000000     0.00113290  -0.00000000    -0.00086782  -0.00000000
  0.00213573   0.00000000     0.00198924   0.00000000     0.00129283  -0.00000000
  0.00181969   0.00000000    -0.00087259  -0.00000000    -0.00160087  -0.00000000
   16   32
 -0.07024227   0.00000000    -0.00000000  -0.00000000    -0.00057105   0.00000000
  0.00000000  -0.00000000    -0.00045282   0.00000000    -0.00000000  -0.00000000
 -0.00083134  -0.00000000    -0.00000000  -0.00000000     0.00470755   0.00000000
   16   33
  0.00213606   0.00000000     0.00115290  -0.00000000    -0.00084872   0.00000000
  0.00167577   0.00000000    -0.00233216   0.00000000     0.00005960   0.00000000
  0.00081126  -0.00000000     0.00177928  -0.00000000    -0.00037601  -0.00000000
   16   34
 -0.00141068   0.00000000    -0.00113290   0.00000000    -0.00086782  -0.00000000
 -0.00213573   0.00000000     0.00198924   0.00000000    -0.00129283   0.00000000
  0.00181969   0.00000000     0.00087259   0.00000000    -0.00160087  -0.00000000
   16   35
  0.00213606   0.00000000     0.00115290   0.00000000     0.00084872  -0.00000000
  0.00167577   0.00000000    -0.00233216  -0.00000000    -0.00005960  -0.00000000
 -0.00081126   0.00000000    -0.00177928  -0.00000000    -0.00037601  -0.00000000
   16   36
 -0.00141068   0.00000000    -0.00113290   0.00000000     0.00086782  -0.00000000
 -0.00213573  -0.00000000     0.00198924   0.00000000     0.00129283  -0.00000000
 -0.00181969  -0.00000000    -0.00087259  -0.00000000    -0.00160087  -0.00000000
   17    1
 -0.00132456  -0.00000000     0.00000000  -0.00000000     0.00000000   0.00000000
  0.00000000   0.00000000     0.00487497   0.00000000     0.00000000   0.00000000
  0.00000000   0.00000000     0.00000000   0.00000000    -0.00061790   0.00000000
   17    2
 -0.00132456  -0.00000000     0.00000000   0.00000000     0.00000000  -0.00000000
  0.00000000  -0.00000000     0.00487497   0.00000000     0.00000000   0.00000000
  0.00000000  -0.00000000     0.00000000  -0.00000000    -0.00061790   0.00000000
   17    3
 -0.00000000   0.00000000    -0.00000000   0.00000000    -0.00000000  -0.00000000
  0.00000000  -0.00000000     0.00000000   0.00000000     0.00002590   0.00000000
 -0.00000000   0.00000000    -0.00067991   0.00000000    -0.00000000  -0.00000000
   17    4
  0.00000000   0.00000000     0.00000000  -0.00000000     0.00000000  -0.00000000
  0.00000000   0.00000000     0.00000000   0.00000000     0.00002590   0.00000000
  0.00000000  -0.00000000    -0.00067991  -0.00000000     0.00000000  -0.00000000
   17    5
  0.01749988   0.00000000    -0.00000000   0.00000000    -0.03451104  -0.00000000
  0.00000000  -0.00000000     0.00163399   0.00000000     0.00000000  -0.00000000
 -0.03294823   0.00000000    -0.00000000   0.00000000     0.05229404   0.00000000
   17    6
  0.01749988   0.00000000     0.00000000  -0.00000000     0.03451104   0.00000000
  0.00000000   0.00000000     0.00163399   0.00000000     0.00000000  -0.00000000
  0.03294823  -0.00000000     0.00000000   0.00000000     0.05229404   0.00000000
   17    7
 -0.06238842   0.00000000    -0.00000000  -0.00000000    -0.00000000  -0.00000000
  0.00000000   0.00000000    -0.00287503   0.00000000    -0.00000000  -0.00000000
 -0.00000000  -0.00000000     0.00000000  -0.00000000     0.00287777   0.00000000
   17    8
 -0.00186796  -0.00000000    -0.00000000   0.00000000     0.00294591   0.00000000
  0.00000000  -0.00000000    -0.00105907  -0.00000000    -0.00000000   0.00000000
  0.00014812   0.00000000     0.00000000  -0.00000000    -0.00063189  -0.00000000
   17    9
 -0.00186796  -0.00000000    -0.00000000   0.00000000    -0.00294591  -0.00000000
  0.00000000   0.00000000    -0.00105907  -0.00000000     0.00000000  -0.00000000
 -0.00014812  -0.00000000     0.00000000  -0.00000000    -0.00063189  -0.00000000
   17   10
 -0.06238842  -0.00000000     0.00000000   0.00000000     0.00000000   0.00000000
  0.00000000  -0.00000000    -0.00287503  -0.00000000     0.00000000   0.00000000
  0.00000000   0.00000000     0.00000000   0.00000000     0.00287777   0.00000000
   17   11
 -0.00186796  -0.00000000     0.00000000  -0.00000000     0.00294591   0.00000000
  0.00000000   0.00000000    -0.00105907  -0.00000000     0.00000000  -0.00000000
  0.00014812   0.00000000     0.00000000   0.00000000    -0.00063189   0.00000000
   17   12
  0.01749988   0.00000000     0.00000000   0.00000000     0.03451104   0.00000000
  0.00000000  -0.00000000     0.00163399  -0.00000000     0.00000000   0.00000000
  0.03294823  -0.00000000     0.00000000  -0.00000000     0.05229404  -0.00000000
   17   13
 -0.00130653  -0.00000000    -0.00000000  -0.00000000    -0.00000000  -0.00000000
  0.00000000   0.00000000     0.00046203  -0.00000000    -0.00000000  -0.00000000
  0.00000000   0.00000000     0.00000000   0.00000000     0.00175198   0.00000000
   17   14
  0.01749988   0.00000000     0.00000000  -0.00000000    -0.03451104  -0.00000000
  0.00000000   0.00000000     0.00163399  -0.00000000     0.00000000   0.00000000
 -0.03294823   0.00000000     0.00000000  -0.00000000     0.05229404  -0.00000000
   17   15
 -0.00186796  -0.00000000     0.00000000  -0.00000000    -0.00294591  -0.00000000
  0.00000000  -0.00000000    -0.00105907  -0.00000000    -0.00000000   0.00000000
 -0.00014812  -0.00000000     0.00000000   0.00000000    -0.00063189   0.00000000
   17   16
 -0.00130653  -0.00000000     0.00000000   0.00000000     0.00000000   0.00000000
  0.00000000  -0.00000000     0.00046203  -0.00000000     0.00000000   0.00000000
  0.00000000  -0.00000000     0.00000000  -0.00000000     0.00175198   0.00000000
   17   17
  0.25221983  -0.00000000     0.00000000   0.00000000     0.00000000   0.00000000
  0.00000000   0.00000000     0.06438169  -0.00000000     0.00000000   0.00000000
  0.00000000   0.00000000     0.00000000   0.00000000     0.26777717  -0.00000000
   17   18
 -0.00148805  -0.00000000    -0.00000000   0.00000000    -0.00000000   0.00000000
 -0.00000000   0.00000000     0.00359612   0.00000000     0.00826237   0.00000000
  0.00000000  -0.00000000     0.00328900  -0.00000000     0.01157969  -0.00000000
   17   19
 -0.00148805  -0.00000000     0.00000000   0.00000000     0.00000000  -0.00000000
 -0.00000000   0.00000000     0.00359612   0.00000000    -0.00826237  -0.00000000
 -0.00000000   0.00000000    -0.00328900   0.00000000     0.01157969  -0.00000000
   17   20
  0.00188468   0.00000000    -0.00000000   0.00000000    -0.00000000   0.00000000
  0.00000000  -0.00000000    -0.00036717  -0.00000000    -0.00100291  -0.00000000
 -0.00000000   0.00000000     0.00140993   0.00000000    -0.00052030   0.00000000
   17   21
  0.00188468   0.00000000    -0.00000000   0.00000000     0.00000000  -0.00000000
  0.00000000  -0.00000000    -0.00036717  -0.00000000     0.00100291   0.00000000
  0.00000000  -0.00000000    -0.00140993  -0.00000000    -0.00052030   0.00000000
   17   22
 -0.00462816  -0.00000000     0.00000000   0.00000000     0.00000000   0.00000000
  0.00000000   0.00000000     0.00151639   0.00000000     0.00000000   0.00000000
  0.00000000   0.00000000     0.00000000   0.00000000    -0.00226267   0.00000000
   17   23
  0.00188468   0.00000000     0.00000000  -0.00000000    -0.00000000   0.00000000
  0.00000000   0.00000000    -0.00036717  -0.00000000     0.00100291   0.00000000
  0.00000000   0.00000000    -0.00140993  -0.00000000    -0.00052030   0.00000000
   17   24
  0.00188468   0.00000000     0.00000000  -0.00000000     0.00000000  -0.00000000
  0.00000000   0.00000000    -0.00036717  -0.00000000    -0.00100291  -0.00000000
  0.00000000  -0.00000000     0.00140993   0.00000000    -0.00052030   0.00000000
   17   25
 -0.00148805  -0.00000000     0.00000000  -0.00000000    -0.00000000   0.00000000
  0.00000000  -0.00000000     0.00359612   0.00000000    -0.00826237  -0.00000000
  0.00000000  -0.00000000    -0.00328900   0.00000000     0.01157969  -0.00000000
   17   26
 -0.00148805  -0.00000000     0.00000000  -0.00000000    -0.00000000  -0.00000000
  0.00000000  -0.00000000     0.00359612   0.00000000     0.00826237   0.00000000
  0.00000000   0.00000000     0.00328900  -0.00000000     0.01157969  -0.00000000
   17   27
 -0.00000000   0.00000000     0.00000000  -0.00000000    -0.00000000  -0.00000000
  0.00000000  -0.00000000     0.00000000  -0.00000000    -0.00000000   0.00000000
 -0.00000000  -0.00000000    -0.00000000   0.00000000     0.00000000   0.00000000
   17   28
 -0.00793948  -0.00000000     0.00304101   0.00000000    -0.00627688  -0.00000000
  0.00666791  -0.00000000    -0.00368710   0.00000000     0.00370858  -0.00000000
 -0.00467017   0.00000000     0.00109253   0.00000000    -0.00169556   0.00000000
   17   29
 -0.00793948  -0.00000000    -0.00304101  -0.00000000    -0.00627688  -0.00000000
 -0.00666791  -0.00000000    -0.00368710  -0.00000000    -0.00370858  -0.00000000
 -0.00467017  -0.00000000    -0.00109253  -0.00000000    -0.00169556  -0.00000000
   17   30
 -0.00793948  -0.00000000     0.00304101   0.00000000     0.00627688   0.00000000
  0.00666791   0.00000000    -0.00368710  -0.00000000    -0.00370858  -0.00000000
  0.00467017   0.00000000    -0.00109253  -0.00000000    -0.00169556  -0.00000000
   17   31
 -0.00793948  -0.00000000    -0.00304101  -0.00000000     0.00627688   0.00000000
 -0.00666791  -0.00000000    -0.00368710   0.00000000     0.00370858  -0.00000000
  0.00467017  -0.00000000     0.00109253   0.00000000    -0.00169556   0.00000000
   17   32
 -0.00000000   0.00000000     0.00000000   0.00000000     0.00000000   0.00000000
  0.00000000   0.00000000    -0.00000000  -0.00000000     0.00000000   0.00000000
  0.00000000   0.00000000     0.00000000   0.00000000     0.00000000   0.00000000
   17   33
 -0.00793948  -0.00000000    -0.00304101  -0.00000000     0.00627688   0.00000000
 -0.00666791  -0.00000000    -0.00368710  -0.00000000     0.00370858   0.00000000
  0.00467017   0.00000000     0.00109253   0.00000000    -0.00169556  -0.00000000
   17   34
 -0.00793948  -0.00000000     0.00304101   0.00000000     0.00627688   0.00000000
  0.00666791  -0.00000000    -0.00368710   0.00000000    -0.00370858   0.00000000
  0.00467017  -0.00000000    -0.00109253   0.00000000    -0.00169556  -0.00000000
   17   35
 -0.00793948  -0.00000000    -0.00304101  -0.00000000    -0.00627688  -0.00000000
 -0.00666791   0.00000000    -0.00368710   0.00000000    -0.00370858   0.00000000
 -0.00467017   0.00000000    -0.00109253   0.00000000    -0.00169556  -0.00000000
   17   36
 -0.00793948  -0.00000000     0.00304101   0.00000000    -0.00627688  -0.00000000
  0.00666791   0.00000000    -0.00368710  -0.00000000     0.00370858   0.00000000
 -0.00467017  -0.00000000     0.00109253   0.00000000    -0.00169556  -0.00000000
   18    1
 -0.00021352   0.00000000    -0.00000000   0.00000000    -0.00000000   0.00000000
  0.00000000  -0.00000000    -0.00018786  -0.00000000     0.00043658  -0.00000000
  0.00000000   0.00000000    -0.00019754  -0.00000000    -0.00016426  -0.00000000
   18    2
  0.00227396   0.00000000     0.00000000  -0.00000000     0.00000000  -0.00000000
  0.00000000  -0.00000000    -0.00510682  -0.00000000     0.01127420   0.00000000
  0.00000000  -0.00000000     0.01130284   0.00000000    -0.01499530  -0.00000000
   18    3
  0.01074226   0.00000000    -0.00958840   0.00000000    -0.00739408   0.00000000
 -0.00981466   0.00000000     0.00527092  -0.00000000     0.00561303   0.00000000
 -0.00749604   0.00000000     0.00560580   0.00000000     0.00198025  -0.00000000
   18    4
  0.01074226   0.00000000     0.00958840   0.00000000     0.00739408  -0.00000000
  0.00981466   0.00000000     0.00527092  -0.00000000     0.00561303   0.00000000
  0.00749604  -0.00000000     0.00560580  -0.00000000     0.00198025  -0.00000000
   18    5
 -0.01580732   0.00000000    -0.04068285   0.00000000    -0.00800630   0.00000000
 -0.03538386  -0.00000000    -0.05381155   0.00000000    -0.01866140   0.00000000
 -0.01110903  -0.00000000    -0.02301691   0.00000000    -0.00465734   0.00000000
   18    6
  0.00106075  -0.00000000     0.00079949   0.00000000     0.00267214   0.00000000
  0.00049108   0.00000000    -0.00027011  -0.00000000    -0.00008688  -0.00000000
 -0.00060081   0.00000000     0.00093978   0.00000000    -0.00127373  -0.00000000
   18    7
  0.00192724   0.00000000     0.00217870   0.00000000     0.00003420  -0.00000000
  0.00094440  -0.00000000    -0.00214924   0.00000000     0.00073898  -0.00000000
 -0.00026950   0.00000000    -0.00083096  -0.00000000     0.00082193  -0.00000000
   18    8
  0.00163200   0.00000000    -0.00153820  -0.00000000    -0.00197221  -0.00000000
  0.00166155   0.00000000    -0.00102138  -0.00000000     0.00010943  -0.00000000
  0.00200236   0.00000000     0.00176477   0.00000000    -0.00027341   0.00000000
   18    9
 -0.00120613  -0.00000000     0.00127038   0.00000000    -0.00171823  -0.00000000
 -0.00008627  -0.00000000     0.00182747   0.00000000     0.00228391   0.00000000
  0.00056452   0.00000000     0.00082736  -0.00000000    -0.00117193  -0.00000000
   18   10
  0.00192724   0.00000000    -0.00217870  -0.00000000    -0.00003420   0.00000000
 -0.00094440   0.00000000    -0.00214924   0.00000000     0.00073898  -0.00000000
  0.00026950  -0.00000000    -0.00083096  -0.00000000     0.00082193  -0.00000000
   18   11
 -0.00120613  -0.00000000    -0.00127038  -0.00000000     0.00171823   0.00000000
  0.00008627   0.00000000     0.00182747   0.00000000     0.00228391   0.00000000
 -0.00056452  -0.00000000     0.00082736  -0.00000000    -0.00117193   0.00000000
   18   12
 -0.01580732   0.00000000     0.04068285  -0.00000000     0.00800630  -0.00000000
  0.03538386   0.00000000    -0.05381155   0.00000000    -0.01866140   0.00000000
  0.01110903   0.00000000    -0.02301691   0.00000000    -0.00465734   0.00000000
   18   13
  0.00011300   0.00000000    -0.00000000  -0.00000000    -0.00000000   0.00000000
 -0.00000000   0.00000000    -0.05457767  -0.00000000     0.03825763  -0.00000000
  0.00000000  -0.00000000     0.04753764   0.00000000    -0.02143808  -0.00000000
   18   14
  0.00106075  -0.00000000    -0.00079949  -0.00000000    -0.00267214  -0.00000000
 -0.00049108  -0.00000000    -0.00027011  -0.00000000    -0.00008688  -0.00000000
  0.00060081  -0.00000000     0.00093978   0.00000000    -0.00127373  -0.00000000
   18   15
  0.00163200  -0.00000000     0.00153820   0.00000000     0.00197221   0.00000000
 -0.00166155  -0.00000000    -0.00102138  -0.00000000     0.00010943  -0.00000000
 -0.00200236  -0.00000000     0.00176477   0.00000000    -0.00027341  -0.00000000
   18   16
 -0.00241581  -0.00000000     0.00000000   0.00000000    -0.00000000  -0.00000000
 -0.00000000  -0.00000000     0.00021601  -0.00000000     0.00003228   0.00000000
  0.00000000   0.00000000    -0.00140708   0.00000000     0.00382002   0.00000000
   18   17
 -0.00148805  -0.00000000    -0.00000000   0.00000000     0.00000000  -0.00000000
 -0.00000000   0.00000000     0.00359612   0.00000000     0.00328900  -0.00000000
 -0.00000000   0.00000000     0.00826237   0.00000000     0.01157969  -0.00000000
   18   18
  0.12522850  -0.00000000     0.00000000  -0.00000000     0.00000000  -0.00000000
  0.00000000  -0.00000000     0.21823916  -0.00000000    -0.00160842  -0.00000000
  0.00000000  -0.00000000    -0.00160842  -0.00000000     0.12579748  -0.00000000
   18   19
  0.00073980   0.00000000    -0.00000000   0.00000000    -0.00000000   0.00000000
 -0.00000000  -0.00000000     0.00024360   0.00000000     0.00003879   0.00000000
  0.00000000   0.00000000    -0.00003879   0.00000000    -0.00045466  -0.00000000
   18   20
  0.00220103   0.00000000     0.00000000  -0.00000000     0.00000000  -0.00000000
  0.00000000  -0.00000000    -0.00990139  -0.00000000    -0.00006868  -0.00000000
 -0.00000000   0.00000000     0.00047668   0.00000000    -0.00009640   0.00000000
   18   21
  0.00003086   0.00000000     0.00000000  -0.00000000    -0.00000000   0.00000000
  0.00000000  -0.00000000    -0.00051759  -0.00000000     0.00047883   0.00000000
 -0.00000000   0.00000000     0.00038234   0.00000000    -0.00357259   0.00000000
   18   22
 -0.00188606  -0.00000000    -0.00000000   0.00000000    -0.00000000   0.00000000
  0.00000000  -0.00000000     0.00041648   0.00000000     0.00061545  -0.00000000
 -0.00000000   0.00000000    -0.00093104  -0.00000000     0.00023741  -0.00000000
   18   23
  0.00544800   0.00000000    -0.00000000   0.00000000    -0.00000000   0.00000000
  0.00000000  -0.00000000     0.00028764  -0.00000000     0.00264290   0.00000000
  0.00000000  -0.00000000     0.00234653   0.00000000    -0.00183584  -0.00000000
   18   24
 -0.00084013   0.00000000     0.00000000   0.00000000    -0.00000000   0.00000000
  0.00000000  -0.00000000    -0.00655461   0.00000000     0.00131721  -0.00000000
 -0.00000000   0.00000000    -0.00107059  -0.00000000    -0.03674649  -0.00000000
   18   25
  0.00168784  -0.00000000    -0.00000000   0.00000000    -0.00000000  -0.00000000
 -0.00000000  -0.00000000    -0.00481576  -0.00000000     0.00009775  -0.00000000
 -0.00000000  -0.00000000    -0.00009775   0.00000000     0.00304320  -0.00000000
   18   26
 -0.00059701  -0.00000000    -0.00000000   0.00000000     0.00000000  -0.00000000
  0.00000000   0.00000000     0.00049047   0.00000000     0.00020733   0.00000000
 -0.00000000  -0.00000000     0.00020733   0.00000000     0.00032764   0.00000000
   18   27
 -0.00841351  -0.00000000     0.00702314  -0.00000000    -0.00510643   0.00000000
  0.00362551   0.00000000    -0.00401389   0.00000000     0.00145091  -0.00000000
 -0.00602705  -0.00000000     0.00342572  -0.00000000    -0.00237211  -0.00000000
   18   28
 -0.00013386   0.00000000    -0.00029702  -0.00000000     0.00400200   0.00000000
  0.00010354   0.00000000    -0.00054954  -0.00000000     0.00020008   0.00000000
 -0.00410715   0.00000000    -0.00037803   0.00000000     0.00022450   0.00000000
   18   29
  0.02672685   0.00000000     0.00142927   0.00000000    -0.01563100  -0.00000000
 -0.00173979  -0.00000000     0.00613674   0.00000000     0.00101915   0.00000000
 -0.01593082  -0.00000000    -0.00092014  -0.00000000     0.01015658   0.00000000
   18   30
  0.00009829  -0.00000000    -0.00058956  -0.00000000     0.00001137  -0.00000000
 -0.00049306  -0.00000000     0.00045200   0.00000000     0.00068958   0.00000000
 -0.00012620   0.00000000     0.00055776  -0.00000000    -0.00023298   0.00000000
   18   31
  0.00108389  -0.00000000    -0.00005271  -0.00000000     0.00174541  -0.00000000
 -0.00007825  -0.00000000     0.00131687   0.00000000     0.00046411   0.00000000
  0.00174635  -0.00000000     0.00035376   0.00000000     0.00081891   0.00000000
   18   32
  0.00841351  -0.00000000     0.00702314   0.00000000    -0.00510643   0.00000000
  0.00362551   0.00000000     0.00401389   0.00000000    -0.00145091   0.00000000
 -0.00602705  -0.00000000    -0.00342572   0.00000000     0.00237211   0.00000000
   18   33
 -0.00013386  -0.00000000     0.00029702  -0.00000000    -0.00400200  -0.00000000
 -0.00010354  -0.00000000    -0.00054954  -0.00000000     0.00020008  -0.00000000
  0.00410715   0.00000000    -0.00037803  -0.00000000     0.00022450   0.00000000
   18   34
  0.02672685  -0.00000000    -0.00142927  -0.00000000     0.01563100  -0.00000000
  0.00173979   0.00000000     0.00613674   0.00000000     0.00101915  -0.00000000
  0.01593082  -0.00000000    -0.00092014  -0.00000000     0.01015658  -0.00000000
   18   35
  0.00009829  -0.00000000     0.00058956   0.00000000    -0.00001137   0.00000000
  0.00049306   0.00000000     0.00045200   0.00000000     0.00068958   0.00000000
  0.00012620  -0.00000000     0.00055776  -0.00000000    -0.00023298   0.00000000
   18   36
  0.00108389   0.00000000     0.00005271   0.00000000    -0.00174541  -0.00000000
  0.00007825   0.00000000     0.00131687   0.00000000     0.00046411   0.00000000
 -0.00174635  -0.00000000     0.00035376   0.00000000     0.00081891  -0.00000000
   19    1
 -0.00021352   0.00000000     0.00000000  -0.00000000    -0.00000000   0.00000000
  0.00000000   0.00000000    -0.00018786   0.00000000    -0.00043658  -0.00000000
  0.00000000   0.00000000     0.00019754   0.00000000    -0.00016426  -0.00000000
   19    2
  0.00227396   0.00000000    -0.00000000   0.00000000    -0.00000000  -0.00000000
 -0.00000000   0.00000000    -0.00510682  -0.00000000    -0.01127420   0.00000000
 -0.00000000  -0.00000000    -0.01130284  -0.00000000    -0.01499530  -0.00000000
   19    3
 -0.01074226   0.00000000    -0.00958840   0.00000000     0.00739408  -0.00000000
 -0.00981466  -0.00000000    -0.00527092  -0.00000000     0.00561303   0.00000000
  0.00749604  -0.00000000     0.00560580   0.00000000    -0.00198025  -0.00000000
   19    4
 -0.01074226   0.00000000     0.00958840  -0.00000000    -0.00739408   0.00000000
  0.00981466   0.00000000    -0.00527092  -0.00000000     0.00561303   0.00000000
 -0.00749604  -0.00000000     0.00560580   0.00000000    -0.00198025  -0.00000000
   19    5
  0.00106075  -0.00000000     0.00079949   0.00000000    -0.00267214  -0.00000000
  0.00049108   0.00000000    -0.00027011  -0.00000000     0.00008688   0.00000000
  0.00060081  -0.00000000    -0.00093978   0.00000000    -0.00127373  -0.00000000
   19    6
 -0.01580732   0.00000000    -0.04068285   0.00000000     0.00800630  -0.00000000
 -0.03538386  -0.00000000    -0.05381155   0.00000000     0.01866140  -0.00000000
  0.01110903   0.00000000     0.02301691  -0.00000000    -0.00465734   0.00000000
   19    7
  0.00192724   0.00000000     0.00217870   0.00000000    -0.00003420   0.00000000
  0.00094440  -0.00000000    -0.00214924  -0.00000000    -0.00073898   0.00000000
  0.00026950  -0.00000000     0.00083096   0.00000000     0.00082193  -0.00000000
   19    8
 -0.00120613  -0.00000000     0.00127038  -0.00000000     0.00171823   0.00000000
 -0.00008627   0.00000000     0.00182747   0.00000000    -0.00228391  -0.00000000
 -0.00056452  -0.00000000    -0.00082736   0.00000000    -0.00117193   0.00000000
   19    9
  0.00163200  -0.00000000    -0.00153820  -0.00000000     0.00197221   0.00000000
  0.00166155   0.00000000    -0.00102138   0.00000000    -0.00010943   0.00000000
 -0.00200236  -0.00000000    -0.00176477  -0.00000000    -0.00027341  -0.00000000
   19   10
  0.00192724   0.00000000    -0.00217870  -0.00000000     0.00003420  -0.00000000
 -0.00094440   0.00000000    -0.00214924   0.00000000    -0.00073898   0.00000000
 -0.00026950   0.00000000     0.00083096  -0.00000000     0.00082193  -0.00000000
   19   11
  0.00163200  -0.00000000     0.00153820   0.00000000    -0.00197221  -0.00000000
 -0.00166155  -0.00000000    -0.00102138  -0.00000000    -0.00010943   0.00000000
  0.00200236   0.00000000    -0.00176477  -0.00000000    -0.00027341   0.00000000
   19   12
  0.00106075  -0.00000000    -0.00079949  -0.00000000     0.00267214   0.00000000
 -0.00049108  -0.00000000    -0.00027011  -0.00000000     0.00008688   0.00000000
 -0.00060081   0.00000000    -0.00093978  -0.00000000    -0.00127373  -0.00000000
   19   13
 -0.00241581  -0.00000000     0.00000000  -0.00000000     0.00000000  -0.00000000
 -0.00000000   0.00000000     0.00021601   0.00000000    -0.00003228  -0.00000000
 -0.00000000   0.00000000     0.00140708   0.00000000     0.00382002   0.00000000
   19   14
 -0.01580732   0.00000000     0.04068285  -0.00000000    -0.00800630   0.00000000
  0.03538386   0.00000000    -0.05381155   0.00000000     0.01866140  -0.00000000
 -0.01110903  -0.00000000     0.02301691  -0.00000000    -0.00465734   0.00000000
   19   15
 -0.00120613  -0.00000000    -0.00127038   0.00000000    -0.00171823  -0.00000000
  0.00008627   0.00000000     0.00182747   0.00000000    -0.00228391  -0.00000000
  0.00056452   0.00000000    -0.00082736   0.00000000    -0.00117193  -0.00000000
   19   16
  0.00011300   0.00000000     0.00000000   0.00000000     0.00000000   0.00000000
  0.00000000  -0.00000000    -0.05457767  -0.00000000    -0.03825763   0.00000000
  0.00000000  -0.00000000    -0.04753764  -0.00000000    -0.02143808  -0.00000000
   19   17
 -0.00148805  -0.00000000    -0.00000000   0.00000000    -0.00000000   0.00000000
  0.00000000   0.00000000     0.00359612   0.00000000    -0.00328900   0.00000000
  0.00000000  -0.00000000    -0.00826237  -0.00000000     0.01157969  -0.00000000
   19   18
  0.00073980   0.00000000    -0.00000000  -0.00000000     0.00000000   0.00000000
 -0.00000000   0.00000000     0.00024360   0.00000000    -0.00003879   0.00000000
 -0.00000000   0.00000000     0.00003879   0.00000000    -0.00045466  -0.00000000
   19   19
  0.12522850  -0.00000000    -0.00000000   0.00000000     0.00000000  -0.00000000
 -0.00000000   0.00000000     0.21823916  -0.00000000     0.00160842   0.00000000
  0.00000000  -0.00000000     0.00160842   0.00000000     0.12579748  -0.00000000
   19   20
  0.00003086   0.00000000     0.00000000   0.00000000     0.00000000   0.00000000
  0.00000000   0.00000000    -0.00051759  -0.00000000    -0.00047883  -0.00000000
  0.00000000   0.00000000    -0.00038234  -0.00000000    -0.00357259  -0.00000000
   19   21
  0.00220103   0.00000000     0.00000000   0.00000000    -0.00000000  -0.00000000
  0.00000000   0.00000000    -0.00990139   0.00000000     0.00006868   0.00000000
  0.00000000   0.00000000    -0.00047668  -0.00000000    -0.00009640  -0.00000000
   19   22
 -0.00188606  -0.00000000    -0.00000000  -0.00000000     0.00000000   0.00000000
 -0.00000000   0.00000000     0.00041648  -0.00000000    -0.00061545   0.00000000
  0.00000000   0.00000000     0.00093104   0.00000000     0.00023741  -0.00000000
   19   23
 -0.00084013   0.00000000     0.00000000  -0.00000000    -0.00000000   0.00000000
  0.00000000   0.00000000    -0.00655461   0.00000000    -0.00131721  -0.00000000
 -0.00000000   0.00000000     0.00107059   0.00000000    -0.03674649  -0.00000000
   19   24
  0.00544800   0.00000000     0.00000000  -0.00000000     0.00000000   0.00000000
  0.00000000   0.00000000     0.00028764   0.00000000    -0.00264290  -0.00000000
  0.00000000  -0.00000000    -0.00234653  -0.00000000    -0.00183584  -0.00000000
   19   25
 -0.00059701  -0.00000000     0.00000000  -0.00000000    -0.00000000  -0.00000000
  0.00000000  -0.00000000     0.00049047   0.00000000    -0.00020733  -0.00000000
 -0.00000000  -0.00000000    -0.00020733  -0.00000000     0.00032764   0.00000000
   19   26
  0.00168784  -0.00000000     0.00000000  -0.00000000    -0.00000000  -0.00000000
  0.00000000   0.00000000    -0.00481576  -0.00000000    -0.00009775   0.00000000
  0.00000000  -0.00000000     0.00009775  -0.00000000     0.00304320  -0.00000000
   19   27
  0.00841351  -0.00000000     0.00702314   0.00000000     0.00510643  -0.00000000
  0.00362551   0.00000000     0.00401389  -0.00000000     0.00145091  -0.00000000
  0.00602705   0.00000000     0.00342572  -0.00000000     0.00237211   0.00000000
   19   28
  0.02672685   0.00000000    -0.00142927  -0.00000000    -0.01563100  -0.00000000
  0.00173979   0.00000000     0.00613674   0.00000000    -0.00101915  -0.00000000
 -0.01593082  -0.00000000     0.00092014   0.00000000     0.01015658   0.00000000
   19   29
 -0.00013386  -0.00000000     0.00029702   0.00000000     0.00400200   0.00000000
 -0.00010354  -0.00000000    -0.00054954  -0.00000000    -0.00020008  -0.00000000
 -0.00410715   0.00000000     0.00037803  -0.00000000     0.00022450   0.00000000
   19   30
  0.00108389  -0.00000000     0.00005271   0.00000000     0.00174541   0.00000000
  0.00007825   0.00000000     0.00131687  -0.00000000    -0.00046411   0.00000000
  0.00174635  -0.00000000    -0.00035376   0.00000000     0.00081891   0.00000000
   19   31
  0.00009829  -0.00000000     0.00058956   0.00000000     0.00001137  -0.00000000
  0.00049306   0.00000000     0.00045200   0.00000000    -0.00068958  -0.00000000
 -0.00012620  -0.00000000    -0.00055776   0.00000000    -0.00023298   0.00000000
   19   32
 -0.00841351  -0.00000000     0.00702314  -0.00000000     0.00510643  -0.00000000
  0.00362551   0.00000000    -0.00401389   0.00000000    -0.00145091   0.00000000
  0.00602705   0.00000000    -0.00342572   0.00000000    -0.00237211  -0.00000000
   19   33
  0.02672685  -0.00000000     0.00142927   0.00000000     0.01563100  -0.00000000
 -0.00173979  -0.00000000     0.00613674   0.00000000    -0.00101915  -0.00000000
  0.01593082  -0.00000000     0.00092014   0.00000000     0.01015658  -0.00000000
   19   34
 -0.00013386  -0.00000000    -0.00029702  -0.00000000    -0.00400200  -0.00000000
  0.00010354   0.00000000    -0.00054954  -0.00000000    -0.00020008  -0.00000000
  0.00410715   0.00000000     0.00037803   0.00000000     0.00022450   0.00000000
   19   35
  0.00108389   0.00000000    -0.00005271  -0.00000000    -0.00174541  -0.00000000
 -0.00007825  -0.00000000     0.00131687  -0.00000000    -0.00046411   0.00000000
 -0.00174635  -0.00000000    -0.00035376   0.00000000     0.00081891   0.00000000
   19   36
  0.00009829  -0.00000000    -0.00058956  -0.00000000    -0.00001137  -0.00000000
 -0.00049306  -0.00000000     0.00045200   0.00000000    -0.00068958  -0.00000000
  0.00012620   0.00000000    -0.00055776   0.00000000    -0.00023298   0.00000000
   20    1
 -0.00034929   0.00000000    -0.00000000   0.00000000     0.00000000  -0.00000000
  0.00000000  -0.00000000    -0.00014233   0.00000000    -0.00055757  -0.00000000
  0.00000000  -0.00000000     0.00000116  -0.00000000    -0.00013962   0.00000000
   20    2
  0.00219747   0.00000000    -0.00000000   0.00000000    -0.00000000  -0.00000000
 -0.00000000   0.00000000    -0.00520783  -0.00000000    -0.01081988  -0.00000000
  0.00000000  -0.00000000    -0.01095639  -0.00000000    -0.01452604  -0.00000000
   20    3
  0.01014869   0.00000000     0.00921155   0.00000000    -0.00696798   0.00000000
  0.00944616   0.00000000     0.00517403   0.00000000    -0.00530082  -0.00000000
 -0.00703955   0.00000000    -0.00535095   0.00000000     0.00181167  -0.00000000
   20    4
  0.01014869   0.00000000    -0.00921155  -0.00000000     0.00696798  -0.00000000
 -0.00944616  -0.00000000     0.00517403   0.00000000    -0.00530082  -0.00000000
  0.00703955  -0.00000000    -0.00535095   0.00000000     0.00181167  -0.00000000
   20    5
  0.00255798  -0.00000000     0.00273428   0.00000000    -0.00100835  -0.00000000
 -0.00199807  -0.00000000    -0.00159226  -0.00000000    -0.00091491  -0.00000000
  0.00128576   0.00000000    -0.00183522   0.00000000    -0.00085225   0.00000000
   20    6
 -0.00049187  -0.00000000    -0.00155965  -0.00000000    -0.00222347  -0.00000000
  0.00078462  -0.00000000     0.00249724   0.00000000    -0.00227161  -0.00000000
 -0.00027796   0.00000000    -0.00090984   0.00000000    -0.00098503   0.00000000
   20    7
 -0.00162893  -0.00000000    -0.00106505   0.00000000    -0.00029148   0.00000000
 -0.00164951   0.00000000     0.00275005   0.00000000     0.00200948   0.00000000
 -0.00096039  -0.00000000    -0.00035246  -0.00000000     0.00064989   0.00000000
   20    8
 -0.01661838   0.00000000     0.04357683  -0.00000000    -0.00963467   0.00000000
  0.03627357   0.00000000    -0.05472541   0.00000000     0.01929561  -0.00000000
 -0.01286501  -0.00000000     0.02507816  -0.00000000    -0.00689224   0.00000000
   20    9
  0.00099920   0.00000000    -0.00078072   0.00000000     0.00289084   0.00000000
 -0.00039460  -0.00000000    -0.00012805   0.00000000    -0.00028706  -0.00000000
 -0.00216082  -0.00000000    -0.00129329  -0.00000000    -0.00111887  -0.00000000
   20   10
 -0.00162893  -0.00000000     0.00106505   0.00000000     0.00029148  -0.00000000
  0.00164951  -0.00000000     0.00275005   0.00000000     0.00200948   0.00000000
  0.00096039   0.00000000    -0.00035246   0.00000000     0.00064989   0.00000000
   20   11
  0.00099920   0.00000000     0.00078072  -0.00000000    -0.00289084  -0.00000000
  0.00039460   0.00000000    -0.00012805   0.00000000    -0.00028706  -0.00000000
  0.00216082   0.00000000    -0.00129329  -0.00000000    -0.00111887  -0.00000000
   20   12
  0.00255798   0.00000000    -0.00273428  -0.00000000     0.00100835   0.00000000
  0.00199807   0.00000000    -0.00159226  -0.00000000    -0.00091491  -0.00000000
 -0.00128576  -0.00000000    -0.00183522  -0.00000000    -0.00085225   0.00000000
   20   13
 -0.00195073  -0.00000000    -0.00000000   0.00000000    -0.00000000   0.00000000
  0.00000000  -0.00000000    -0.00003261  -0.00000000     0.00043473   0.00000000
  0.00000000  -0.00000000     0.00154412  -0.00000000     0.00332575   0.00000000
   20   14
 -0.00049187  -0.00000000     0.00155965   0.00000000     0.00222347  -0.00000000
 -0.00078462   0.00000000     0.00249724   0.00000000    -0.00227161  -0.00000000
  0.00027796  -0.00000000    -0.00090984   0.00000000    -0.00098503   0.00000000
   20   15
 -0.01661838   0.00000000    -0.04357683   0.00000000     0.00963467  -0.00000000
 -0.03627357  -0.00000000    -0.05472541   0.00000000     0.01929561  -0.00000000
  0.01286501   0.00000000     0.02507816  -0.00000000    -0.00689224   0.00000000
   20   16
 -0.00129290  -0.00000000     0.00000000  -0.00000000     0.00000000   0.00000000
 -0.00000000  -0.00000000    -0.05016394   0.00000000    -0.03399586   0.00000000
  0.00000000  -0.00000000    -0.04746401  -0.00000000    -0.02010246   0.00000000
   20   17
  0.00188468   0.00000000     0.00000000  -0.00000000    -0.00000000   0.00000000
 -0.00000000   0.00000000    -0.00036717  -0.00000000     0.00140993   0.00000000
 -0.00000000   0.00000000    -0.00100291  -0.00000000    -0.00052030   0.00000000
   20   18
  0.00220103   0.00000000     0.00000000  -0.00000000    -0.00000000   0.00000000
  0.00000000  -0.00000000    -0.00990139  -0.00000000     0.00047668   0.00000000
  0.00000000  -0.00000000    -0.00006868  -0.00000000    -0.00009640   0.00000000
   20   19
  0.00003086   0.00000000     0.00000000   0.00000000     0.00000000   0.00000000
  0.00000000   0.00000000    -0.00051759  -0.00000000    -0.00038234  -0.00000000
  0.00000000   0.00000000    -0.00047883  -0.00000000    -0.00357259  -0.00000000
   20   20
  0.12474168  -0.00000000    -0.00000000   0.00000000     0.00000000  -0.00000000
 -0.00000000   0.00000000     0.20774070  -0.00000000    -0.00535574   0.00000000
  0.00000000  -0.00000000    -0.00535574   0.00000000     0.12981296  -0.00000000
   20   21
  0.00062708   0.00000000    -0.00000000   0.00000000     0.00000000  -0.00000000
 -0.00000000  -0.00000000     0.00014393  -0.00000000     0.00018230  -0.00000000
 -0.00000000  -0.00000000    -0.00018230  -0.00000000    -0.00017488   0.00000000
   20   22
  0.00130352   0.00000000    -0.00000000   0.00000000    -0.00000000   0.00000000
 -0.00000000   0.00000000    -0.00409824   0.00000000     0.00346002  -0.00000000
  0.00000000  -0.00000000     0.00813983   0.00000000    -0.01020662   0.00000000
   20   23
  0.00270346  -0.00000000     0.00000000  -0.00000000     0.00000000  -0.00000000
  0.00000000   0.00000000    -0.00444653  -0.00000000    -0.00090380   0.00000000
  0.00000000  -0.00000000     0.00090380  -0.00000000     0.00241091  -0.00000000
   20   24
 -0.00080325  -0.00000000     0.00000000   0.00000000    -0.00000000   0.00000000
  0.00000000   0.00000000     0.00054622   0.00000000     0.00027177   0.00000000
  0.00000000   0.00000000     0.00027177   0.00000000     0.00020168  -0.00000000
   20   25
  0.00544800   0.00000000     0.00000000   0.00000000    -0.00000000  -0.00000000
  0.00000000  -0.00000000     0.00028764   0.00000000    -0.00234653  -0.00000000
  0.00000000   0.00000000    -0.00264290  -0.00000000    -0.00183584  -0.00000000
   20   26
 -0.00084013   0.00000000     0.00000000  -0.00000000    -0.00000000   0.00000000
 -0.00000000   0.00000000    -0.00655461   0.00000000    -0.00107059  -0.00000000
  0.00000000   0.00000000     0.00131721  -0.00000000    -0.03674649  -0.00000000
   20   27
  0.00774776   0.00000000    -0.00692284  -0.00000000    -0.00562094   0.00000000
 -0.00312356  -0.00000000     0.00368121   0.00000000     0.00187572   0.00000000
 -0.00537307   0.00000000     0.00317985  -0.00000000     0.00201391   0.00000000
   20   28
 -0.00020209   0.00000000    -0.00017546  -0.00000000    -0.00017310   0.00000000
 -0.00061839  -0.00000000     0.00042667   0.00000000     0.00038235  -0.00000000
 -0.00012407  -0.00000000     0.00060653   0.00000000     0.00001083   0.00000000
   20   29
 -0.00053960   0.00000000    -0.00058149  -0.00000000    -0.00153539   0.00000000
 -0.00004183   0.00000000    -0.00064853  -0.00000000     0.00001810   0.00000000
 -0.00094082   0.00000000     0.00014272  -0.00000000    -0.00114101  -0.00000000
   20   30
  0.00005069  -0.00000000    -0.00016497   0.00000000    -0.00432003  -0.00000000
 -0.00004933   0.00000000    -0.00019321  -0.00000000     0.00037645   0.00000000
  0.00432543   0.00000000    -0.00014913  -0.00000000     0.00033472   0.00000000
   20   31
 -0.02534161   0.00000000     0.00178930   0.00000000     0.01621398   0.00000000
 -0.00176852  -0.00000000    -0.00652147   0.00000000     0.00100842   0.00000000
  0.01378684   0.00000000    -0.00062389  -0.00000000    -0.00923263  -0.00000000
   20   32
 -0.00774776  -0.00000000    -0.00692284   0.00000000    -0.00562094  -0.00000000
 -0.00312356  -0.00000000    -0.00368121   0.00000000    -0.00187572   0.00000000
 -0.00537307  -0.00000000    -0.00317985   0.00000000    -0.00201391  -0.00000000
   20   33
 -0.00020209   0.00000000     0.00017546   0.00000000     0.00017310  -0.00000000
  0.00061839   0.00000000     0.00042667   0.00000000     0.00038235  -0.00000000
  0.00012407   0.00000000     0.00060653   0.00000000     0.00001083   0.00000000
   20   34
 -0.00053960   0.00000000     0.00058149   0.00000000     0.00153539  -0.00000000
  0.00004183  -0.00000000    -0.00064853  -0.00000000     0.00001810   0.00000000
  0.00094082   0.00000000     0.00014272  -0.00000000    -0.00114101  -0.00000000
   20   35
  0.00005069  -0.00000000     0.00016497   0.00000000     0.00432003   0.00000000
  0.00004933   0.00000000    -0.00019321  -0.00000000     0.00037645   0.00000000
 -0.00432543  -0.00000000    -0.00014913   0.00000000     0.00033472   0.00000000
   20   36
 -0.02534161   0.00000000    -0.00178930  -0.00000000    -0.01621398   0.00000000
  0.00176852   0.00000000    -0.00652147   0.00000000     0.00100842   0.00000000
 -0.01378684  -0.00000000    -0.00062389  -0.00000000    -0.00923263  -0.00000000
   21    1
 -0.00034929   0.00000000     0.00000000  -0.00000000    -0.00000000  -0.00000000
 -0.00000000   0.00000000    -0.00014233  -0.00000000     0.00055757  -0.00000000
 -0.00000000  -0.00000000    -0.00000116  -0.00000000    -0.00013962  -0.00000000
   21    2
  0.00219747   0.00000000    -0.00000000  -0.00000000     0.00000000  -0.00000000
 -0.00000000  -0.00000000    -0.00520783   0.00000000     0.01081988  -0.00000000
 -0.00000000  -0.00000000     0.01095639   0.00000000    -0.01452604  -0.00000000
   21    3
 -0.01014869   0.00000000     0.00921155  -0.00000000     0.00696798  -0.00000000
  0.00944616   0.00000000    -0.00517403  -0.00000000    -0.00530082   0.00000000
  0.00703955  -0.00000000    -0.00535095  -0.00000000    -0.00181167   0.00000000
   21    4
 -0.01014869   0.00000000    -0.00921155   0.00000000    -0.00696798   0.00000000
 -0.00944616  -0.00000000    -0.00517403  -0.00000000    -0.00530082   0.00000000
 -0.00703955   0.00000000    -0.00535095  -0.00000000    -0.00181167   0.00000000
   21    5
 -0.00049187  -0.00000000    -0.00155965  -0.00000000     0.00222347  -0.00000000
  0.00078462  -0.00000000     0.00249724   0.00000000     0.00227161   0.00000000
  0.00027796  -0.00000000     0.00090984  -0.00000000    -0.00098503   0.00000000
   21    6
  0.00255798   0.00000000     0.00273428  -0.00000000     0.00100835   0.00000000
 -0.00199807  -0.00000000    -0.00159226   0.00000000     0.00091491   0.00000000
 -0.00128576  -0.00000000     0.00183522   0.00000000    -0.00085225   0.00000000
   21    7
 -0.00162893  -0.00000000    -0.00106505  -0.00000000     0.00029148  -0.00000000
 -0.00164951   0.00000000     0.00275005   0.00000000    -0.00200948  -0.00000000
  0.00096039   0.00000000     0.00035246  -0.00000000     0.00064989   0.00000000
   21    8
  0.00099920   0.00000000    -0.00078072   0.00000000    -0.00289084  -0.00000000
 -0.00039460  -0.00000000    -0.00012805   0.00000000     0.00028706  -0.00000000
  0.00216082   0.00000000     0.00129329   0.00000000    -0.00111887  -0.00000000
   21    9
 -0.01661838  -0.00000000     0.04357683  -0.00000000     0.00963467  -0.00000000
  0.03627357   0.00000000    -0.05472541   0.00000000    -0.01929561   0.00000000
  0.01286501   0.00000000    -0.02507816   0.00000000    -0.00689224   0.00000000
   21   10
 -0.00162893  -0.00000000     0.00106505   0.00000000    -0.00029148   0.00000000
  0.00164951  -0.00000000     0.00275005   0.00000000    -0.00200948  -0.00000000
 -0.00096039  -0.00000000     0.00035246   0.00000000     0.00064989   0.00000000
   21   11
 -0.01661838   0.00000000    -0.04357683   0.00000000    -0.00963467   0.00000000
 -0.03627357  -0.00000000    -0.05472541   0.00000000    -0.01929561   0.00000000
 -0.01286501  -0.00000000    -0.02507816   0.00000000    -0.00689224   0.00000000
   21   12
 -0.00049187  -0.00000000     0.00155965   0.00000000    -0.00222347  -0.00000000
 -0.00078462   0.00000000     0.00249724   0.00000000     0.00227161   0.00000000
 -0.00027796   0.00000000     0.00090984  -0.00000000    -0.00098503   0.00000000
   21   13
 -0.00129290   0.00000000    -0.00000000   0.00000000    -0.00000000   0.00000000
 -0.00000000   0.00000000    -0.05016394   0.00000000     0.03399586  -0.00000000
  0.00000000  -0.00000000     0.04746401   0.00000000    -0.02010246   0.00000000
   21   14
  0.00255798  -0.00000000    -0.00273428   0.00000000    -0.00100835  -0.00000000
  0.00199807   0.00000000    -0.00159226   0.00000000     0.00091491   0.00000000
  0.00128576   0.00000000     0.00183522   0.00000000    -0.00085225   0.00000000
   21   15
  0.00099920   0.00000000     0.00078072  -0.00000000     0.00289084   0.00000000
  0.00039460   0.00000000    -0.00012805  -0.00000000     0.00028706  -0.00000000
 -0.00216082  -0.00000000     0.00129329  -0.00000000    -0.00111887  -0.00000000
   21   16
 -0.00195073  -0.00000000     0.00000000  -0.00000000     0.00000000   0.00000000
  0.00000000   0.00000000    -0.00003261  -0.00000000    -0.00043473   0.00000000
  0.00000000  -0.00000000    -0.00154412  -0.00000000     0.00332575   0.00000000
   21   17
  0.00188468   0.00000000     0.00000000  -0.00000000     0.00000000  -0.00000000
 -0.00000000   0.00000000    -0.00036717  -0.00000000    -0.00140993  -0.00000000
  0.00000000  -0.00000000     0.00100291   0.00000000    -0.00052030   0.00000000
   21   18
  0.00003086   0.00000000     0.00000000  -0.00000000    -0.00000000   0.00000000
  0.00000000  -0.00000000    -0.00051759  -0.00000000     0.00038234   0.00000000
 -0.00000000   0.00000000     0.00047883   0.00000000    -0.00357259   0.00000000
   21   19
  0.00220103   0.00000000     0.00000000   0.00000000     0.00000000   0.00000000
  0.00000000   0.00000000    -0.00990139   0.00000000    -0.00047668  -0.00000000
 -0.00000000  -0.00000000     0.00006868   0.00000000    -0.00009640  -0.00000000
   21   20
  0.00062708   0.00000000    -0.00000000  -0.00000000    -0.00000000  -0.00000000
 -0.00000000   0.00000000     0.00014393  -0.00000000    -0.00018230  -0.00000000
  0.00000000  -0.00000000     0.00018230  -0.00000000    -0.00017488   0.00000000
   21   21
  0.12474168  -0.00000000     0.00000000  -0.00000000     0.00000000  -0.00000000
  0.00000000  -0.00000000     0.20774070  -0.00000000     0.00535574  -0.00000000
  0.00000000  -0.00000000     0.00535574  -0.00000000     0.12981296  -0.00000000
   21   22
  0.00130352   0.00000000     0.00000000  -0.00000000     0.00000000   0.00000000
 -0.00000000  -0.00000000    -0.00409824   0.00000000    -0.00346002   0.00000000
  0.00000000  -0.00000000    -0.00813983  -0.00000000    -0.01020662   0.00000000
   21   23
 -0.00080325  -0.00000000     0.00000000  -0.00000000     0.00000000   0.00000000
  0.00000000  -0.00000000     0.00054622   0.00000000    -0.00027177   0.00000000
  0.00000000   0.00000000    -0.00027177   0.00000000     0.00020168  -0.00000000
   21   24
  0.00270346  -0.00000000     0.00000000   0.00000000     0.00000000  -0.00000000
 -0.00000000  -0.00000000    -0.00444653  -0.00000000     0.00090380  -0.00000000
  0.00000000  -0.00000000    -0.00090380   0.00000000     0.00241091  -0.00000000
   21   25
 -0.00084013   0.00000000     0.00000000   0.00000000     0.00000000   0.00000000
  0.00000000  -0.00000000    -0.00655461   0.00000000     0.00107059   0.00000000
  0.00000000   0.00000000    -0.00131721  -0.00000000    -0.03674649  -0.00000000
   21   26
  0.00544800   0.00000000     0.00000000  -0.00000000    -0.00000000  -0.00000000
  0.00000000   0.00000000     0.00028764  -0.00000000     0.00234653   0.00000000
  0.00000000   0.00000000     0.00264290   0.00000000    -0.00183584  -0.00000000
   21   27
 -0.00774776  -0.00000000    -0.00692284   0.00000000     0.00562094   0.00000000
 -0.00312356  -0.00000000    -0.00368121  -0.00000000     0.00187572   0.00000000
  0.00537307   0.00000000     0.00317985  -0.00000000    -0.00201391  -0.00000000
   21   28
 -0.00053960   0.00000000     0.00058149   0.00000000    -0.00153539   0.00000000
  0.00004183  -0.00000000    -0.00064853  -0.00000000    -0.00001810  -0.00000000
 -0.00094082   0.00000000    -0.00014272   0.00000000    -0.00114101  -0.00000000
   21   29
 -0.00020209   0.00000000     0.00017546  -0.00000000    -0.00017310  -0.00000000
  0.00061839   0.00000000     0.00042667  -0.00000000    -0.00038235   0.00000000
 -0.00012407  -0.00000000    -0.00060653  -0.00000000     0.00001083   0.00000000
   21   30
 -0.02534161   0.00000000    -0.00178930  -0.00000000     0.01621398   0.00000000
  0.00176852   0.00000000    -0.00652147   0.00000000    -0.00100842  -0.00000000
  0.01378684   0.00000000     0.00062389   0.00000000    -0.00923263  -0.00000000
   21   31
  0.00005069  -0.00000000     0.00016497  -0.00000000    -0.00432003  -0.00000000
  0.00004933  -0.00000000    -0.00019321  -0.00000000    -0.00037645   0.00000000
  0.00432543   0.00000000     0.00014913   0.00000000     0.00033472   0.00000000
   21   32
  0.00774776   0.00000000    -0.00692284   0.00000000     0.00562094  -0.00000000
 -0.00312356  -0.00000000     0.00368121   0.00000000    -0.00187572  -0.00000000
  0.00537307  -0.00000000    -0.00317985   0.00000000     0.00201391   0.00000000
   21   33
 -0.00053960   0.00000000    -0.00058149  -0.00000000     0.00153539  -0.00000000
 -0.00004183   0.00000000    -0.00064853  -0.00000000    -0.00001810  -0.00000000
  0.00094082  -0.00000000    -0.00014272   0.00000000    -0.00114101  -0.00000000
   21   34
 -0.00020209   0.00000000    -0.00017546  -0.00000000     0.00017310  -0.00000000
 -0.00061839  -0.00000000     0.00042667  -0.00000000    -0.00038235   0.00000000
  0.00012407   0.00000000    -0.00060653  -0.00000000     0.00001083   0.00000000
   21   35
 -0.02534161   0.00000000     0.00178930   0.00000000    -0.01621398   0.00000000
 -0.00176852  -0.00000000    -0.00652147   0.00000000    -0.00100842  -0.00000000
 -0.01378684  -0.00000000     0.00062389   0.00000000    -0.00923263  -0.00000000
   21   36
  0.00005069  -0.00000000    -0.00016497  -0.00000000     0.00432003   0.00000000
 -0.00004933  -0.00000000    -0.00019321  -0.00000000    -0.00037645  -0.00000000
 -0.00432543  -0.00000000     0.00014913  -0.00000000     0.00033472   0.00000000
   22    1
  0.00152876   0.00000000     0.00000000  -0.00000000    -0.00000000  -0.00000000
  0.00000000   0.00000000    -0.00537197   0.00000000     0.00000000   0.00000000
 -0.00000000  -0.00000000     0.00000000   0.00000000     0.00093393   0.00000000
   22    2
  0.00152876   0.00000000     0.00000000   0.00000000     0.00000000  -0.00000000
  0.00000000   0.00000000    -0.00537197   0.00000000     0.00000000   0.00000000
  0.00000000  -0.00000000     0.00000000   0.00000000     0.00093393   0.00000000
   22    3
  0.00000000   0.00000000    -0.00000000   0.00000000    -0.00000000  -0.00000000
  0.00000000  -0.00000000    -0.00000000   0.00000000     0.00004819  -0.00000000
 -0.00000000  -0.00000000    -0.00077034   0.00000000    -0.00000000  -0.00000000
   22    4
  0.00000000   0.00000000     0.00000000   0.00000000    -0.00000000  -0.00000000
 -0.00000000  -0.00000000     0.00000000   0.00000000     0.00004819  -0.00000000
  0.00000000  -0.00000000    -0.00077034   0.00000000     0.00000000  -0.00000000
   22    5
  0.00245212   0.00000000    -0.00000000   0.00000000    -0.00280729  -0.00000000
  0.00000000  -0.00000000     0.00013719   0.00000000    -0.00000000   0.00000000
  0.00093345   0.00000000     0.00000000  -0.00000000     0.00032994  -0.00000000
   22    6
  0.00245212   0.00000000     0.00000000  -0.00000000     0.00280729  -0.00000000
 -0.00000000   0.00000000     0.00013719   0.00000000     0.00000000   0.00000000
 -0.00093345  -0.00000000     0.00000000  -0.00000000     0.00032994   0.00000000
   22    7
 -0.07580659  -0.00000000     0.00000000   0.00000000     0.00000000  -0.00000000
  0.00000000   0.00000000    -0.00035821   0.00000000    -0.00000000  -0.00000000
  0.00000000  -0.00000000    -0.00000000  -0.00000000     0.00454127   0.00000000
   22    8
 -0.01854778  -0.00000000     0.00000000  -0.00000000     0.03669478   0.00000000
 -0.00000000   0.00000000    -0.00121574  -0.00000000    -0.00000000  -0.00000000
  0.03566065   0.00000000     0.00000000   0.00000000    -0.05608704  -0.00000000
   22    9
 -0.01854778  -0.00000000     0.00000000   0.00000000    -0.03669478  -0.00000000
  0.00000000  -0.00000000    -0.00121574  -0.00000000     0.00000000  -0.00000000
 -0.03566065  -0.00000000     0.00000000   0.00000000    -0.05608704  -0.00000000
   22   10
 -0.07580659  -0.00000000     0.00000000   0.00000000     0.00000000  -0.00000000
  0.00000000   0.00000000    -0.00035821   0.00000000     0.00000000  -0.00000000
  0.00000000  -0.00000000     0.00000000  -0.00000000     0.00454127   0.00000000
   22   11
 -0.01854778  -0.00000000     0.00000000  -0.00000000     0.03669478   0.00000000
  0.00000000   0.00000000    -0.00121574  -0.00000000    -0.00000000  -0.00000000
  0.03566065   0.00000000    -0.00000000   0.00000000    -0.05608704  -0.00000000
   22   12
  0.00245212   0.00000000    -0.00000000  -0.00000000     0.00280729  -0.00000000
  0.00000000   0.00000000     0.00013719   0.00000000    -0.00000000   0.00000000
 -0.00093345  -0.00000000     0.00000000  -0.00000000     0.00032994   0.00000000
   22   13
 -0.00007924  -0.00000000     0.00000000   0.00000000     0.00000000   0.00000000
 -0.00000000  -0.00000000     0.00060798   0.00000000     0.00000000   0.00000000
 -0.00000000  -0.00000000    -0.00000000  -0.00000000    -0.00240011   0.00000000
   22   14
  0.00245212   0.00000000     0.00000000   0.00000000    -0.00280729  -0.00000000
  0.00000000  -0.00000000     0.00013719   0.00000000    -0.00000000   0.00000000
  0.00093345   0.00000000     0.00000000  -0.00000000     0.00032994  -0.00000000
   22   15
 -0.01854778  -0.00000000     0.00000000   0.00000000    -0.03669478  -0.00000000
  0.00000000  -0.00000000    -0.00121574  -0.00000000     0.00000000  -0.00000000
 -0.03566065  -0.00000000     0.00000000   0.00000000    -0.05608704  -0.00000000
   22   16
 -0.00007924  -0.00000000     0.00000000   0.00000000     0.00000000   0.00000000
  0.00000000   0.00000000     0.00060798   0.00000000    -0.00000000   0.00000000
  0.00000000  -0.00000000     0.00000000  -0.00000000    -0.00240011   0.00000000
   22   17
 -0.00462816  -0.00000000     0.00000000   0.00000000     0.00000000   0.00000000
  0.00000000   0.00000000     0.00151639   0.00000000     0.00000000   0.00000000
  0.00000000   0.00000000     0.00000000   0.00000000    -0.00226267   0.00000000
   22   18
 -0.00188606  -0.00000000     0.00000000  -0.00000000    -0.00000000   0.00000000
 -0.00000000   0.00000000     0.00041648   0.00000000    -0.00093104  -0.00000000
 -0.00000000   0.00000000     0.00061545  -0.00000000     0.00023741  -0.00000000
   22   19
 -0.00188606  -0.00000000    -0.00000000   0.00000000     0.00000000   0.00000000
 -0.00000000  -0.00000000     0.00041648  -0.00000000     0.00093104   0.00000000
  0.00000000   0.00000000    -0.00061545   0.00000000     0.00023741  -0.00000000
   22   20
  0.00130352   0.00000000    -0.00000000   0.00000000     0.00000000  -0.00000000
 -0.00000000   0.00000000    -0.00409824   0.00000000     0.00813983   0.00000000
 -0.00000000   0.00000000     0.00346002  -0.00000000    -0.01020662   0.00000000
   22   21
  0.00130352   0.00000000    -0.00000000  -0.00000000     0.00000000  -0.00000000
  0.00000000  -0.00000000    -0.00409824   0.00000000    -0.00813983  -0.00000000
  0.00000000   0.00000000    -0.00346002   0.00000000    -0.01020662   0.00000000
   22   22
  0.28598172   0.00000000     0.00000000   0.00000000     0.00000000   0.00000000
  0.00000000   0.00000000     0.06344822   0.00000000     0.00000000   0.00000000
  0.00000000   0.00000000     0.00000000   0.00000000     0.28115237  -0.00000000
   22   23
  0.00130352   0.00000000     0.00000000  -0.00000000     0.00000000  -0.00000000
 -0.00000000  -0.00000000    -0.00409824   0.00000000    -0.00813983  -0.00000000
  0.00000000   0.00000000    -0.00346002   0.00000000    -0.01020662   0.00000000
   22   24
  0.00130352   0.00000000     0.00000000   0.00000000     0.00000000  -0.00000000
  0.00000000   0.00000000    -0.00409824   0.00000000     0.00813983   0.00000000
 -0.00000000   0.00000000     0.00346002  -0.00000000    -0.01020662   0.00000000
   22   25
 -0.00188606  -0.00000000     0.00000000   0.00000000     0.00000000   0.00000000
  0.00000000  -0.00000000     0.00041648  -0.00000000     0.00093104   0.00000000
 -0.00000000   0.00000000    -0.00061545   0.00000000     0.00023741  -0.00000000
   22   26
 -0.00188606  -0.00000000    -0.00000000  -0.00000000    -0.00000000   0.00000000
 -0.00000000   0.00000000     0.00041648   0.00000000    -0.00093104  -0.00000000
 -0.00000000   0.00000000     0.00061545  -0.00000000     0.00023741  -0.00000000
   22   27
  0.00000000   0.00000000     0.00000000   0.00000000     0.00000000   0.00000000
 -0.00000000   0.00000000    -0.00000000  -0.00000000    -0.00000000   0.00000000
  0.00000000   0.00000000    -0.00000000   0.00000000     0.00000000   0.00000000
   22   28
 -0.00791796  -0.00000000    -0.00340335  -0.00000000     0.00562626   0.00000000
 -0.00672930   0.00000000    -0.00429078   0.00000000     0.00333294  -0.00000000
  0.00504892  -0.00000000     0.00177801  -0.00000000    -0.00224610  -0.00000000
   22   29
 -0.00791796  -0.00000000     0.00340335  -0.00000000     0.00562626   0.00000000
  0.00672930  -0.00000000    -0.00429078   0.00000000    -0.00333294   0.00000000
  0.00504892   0.00000000    -0.00177801   0.00000000    -0.00224610   0.00000000
   22   30
 -0.00791796  -0.00000000    -0.00340335   0.00000000    -0.00562626  -0.00000000
 -0.00672930   0.00000000    -0.00429078   0.00000000    -0.00333294   0.00000000
 -0.00504892  -0.00000000    -0.00177801   0.00000000    -0.00224610  -0.00000000
   22   31
 -0.00791796  -0.00000000     0.00340335   0.00000000    -0.00562626  -0.00000000
  0.00672930  -0.00000000    -0.00429078   0.00000000     0.00333294  -0.00000000
 -0.00504892  -0.00000000     0.00177801  -0.00000000    -0.00224610  -0.00000000
   22   32
  0.00000000   0.00000000     0.00000000  -0.00000000     0.00000000  -0.00000000
  0.00000000  -0.00000000     0.00000000  -0.00000000     0.00000000   0.00000000
  0.00000000  -0.00000000     0.00000000   0.00000000     0.00000000   0.00000000
   22   33
 -0.00791796  -0.00000000     0.00340335   0.00000000    -0.00562626  -0.00000000
  0.00672930  -0.00000000    -0.00429078   0.00000000     0.00333294  -0.00000000
 -0.00504892  -0.00000000     0.00177801  -0.00000000    -0.00224610  -0.00000000
   22   34
 -0.00791796  -0.00000000    -0.00340335   0.00000000    -0.00562626  -0.00000000
 -0.00672930   0.00000000    -0.00429078   0.00000000    -0.00333294   0.00000000
 -0.00504892  -0.00000000    -0.00177801   0.00000000    -0.00224610  -0.00000000
   22   35
 -0.00791796  -0.00000000     0.00340335  -0.00000000     0.00562626   0.00000000
  0.00672930  -0.00000000    -0.00429078   0.00000000    -0.00333294   0.00000000
  0.00504892   0.00000000    -0.00177801   0.00000000    -0.00224610   0.00000000
   22   36
 -0.00791796  -0.00000000    -0.00340335  -0.00000000     0.00562626   0.00000000
 -0.00672930   0.00000000    -0.00429078   0.00000000     0.00333294  -0.00000000
  0.00504892  -0.00000000     0.00177801  -0.00000000    -0.00224610  -0.00000000
   23    1
  0.00219747   0.00000000    -0.00000000  -0.00000000     0.00000000  -0.00000000
 -0.00000000  -0.00000000    -0.00520783   0.00000000     0.01081988  -0.00000000
  0.00000000  -0.00000000     0.01095639   0.00000000    -0.01452604  -0.00000000
   23    2
 -0.00034929   0.00000000     0.00000000  -0.00000000     0.00000000  -0.00000000
 -0.00000000   0.00000000    -0.00014233  -0.00000000     0.00055757  -0.00000000
  0.00000000  -0.00000000    -0.00000116  -0.00000000    -0.00013962  -0.00000000
   23    3
 -0.01014869   0.00000000    -0.00921155   0.00000000    -0.00696798   0.00000000
 -0.00944616  -0.00000000    -0.00517403  -0.00000000    -0.00530082   0.00000000
 -0.00703955   0.00000000    -0.00535095  -0.00000000    -0.00181167   0.00000000
   23    4
 -0.01014869   0.00000000     0.00921155  -0.00000000     0.00696798  -0.00000000
  0.00944616   0.00000000    -0.00517403  -0.00000000    -0.00530082   0.00000000
  0.00703955  -0.00000000    -0.00535095  -0.00000000    -0.00181167   0.00000000
   23    5
  0.00255798  -0.00000000    -0.00273428   0.00000000    -0.00100835  -0.00000000
  0.00199807   0.00000000    -0.00159226   0.00000000     0.00091491   0.00000000
  0.00128576   0.00000000     0.00183522   0.00000000    -0.00085225   0.00000000
   23    6
 -0.00049187  -0.00000000     0.00155965   0.00000000    -0.00222347  -0.00000000
 -0.00078462   0.00000000     0.00249724   0.00000000     0.00227161   0.00000000
 -0.00027796   0.00000000     0.00090984  -0.00000000    -0.00098503   0.00000000
   23    7
 -0.00162893  -0.00000000     0.00106505   0.00000000    -0.00029148   0.00000000
  0.00164951  -0.00000000     0.00275005   0.00000000    -0.00200948  -0.00000000
 -0.00096039  -0.00000000     0.00035246   0.00000000     0.00064989   0.00000000
   23    8
 -0.01661838   0.00000000    -0.04357683   0.00000000    -0.00963467   0.00000000
 -0.03627357  -0.00000000    -0.05472541   0.00000000    -0.01929561   0.00000000
 -0.01286501  -0.00000000    -0.02507816   0.00000000    -0.00689224   0.00000000
   23    9
  0.00099920   0.00000000     0.00078072  -0.00000000     0.00289084   0.00000000
  0.00039460   0.00000000    -0.00012805  -0.00000000     0.00028706  -0.00000000
 -0.00216082  -0.00000000     0.00129329  -0.00000000    -0.00111887  -0.00000000
   23   10
 -0.00162893  -0.00000000    -0.00106505  -0.00000000     0.00029148  -0.00000000
 -0.00164951   0.00000000     0.00275005   0.00000000    -0.00200948  -0.00000000
  0.00096039   0.00000000     0.00035246  -0.00000000     0.00064989   0.00000000
   23   11
  0.00099920   0.00000000    -0.00078072   0.00000000    -0.00289084  -0.00000000
 -0.00039460  -0.00000000    -0.00012805   0.00000000     0.00028706  -0.00000000
  0.00216082   0.00000000     0.00129329   0.00000000    -0.00111887  -0.00000000
   23   12
  0.00255798   0.00000000     0.00273428  -0.00000000     0.00100835   0.00000000
 -0.00199807  -0.00000000    -0.00159226   0.00000000     0.00091491   0.00000000
 -0.00128576  -0.00000000     0.00183522   0.00000000    -0.00085225   0.00000000
   23   13
 -0.00195073  -0.00000000     0.00000000  -0.00000000     0.00000000   0.00000000
  0.00000000   0.00000000    -0.00003261  -0.00000000    -0.00043473   0.00000000
  0.00000000  -0.00000000    -0.00154412  -0.00000000     0.00332575   0.00000000
   23   14
 -0.00049187  -0.00000000    -0.00155965  -0.00000000     0.00222347  -0.00000000
  0.00078462  -0.00000000     0.00249724   0.00000000     0.00227161   0.00000000
  0.00027796  -0.00000000     0.00090984  -0.00000000    -0.00098503   0.00000000
   23   15
 -0.01661838  -0.00000000     0.04357683  -0.00000000     0.00963467  -0.00000000
  0.03627357   0.00000000    -0.05472541   0.00000000    -0.01929561   0.00000000
  0.01286501   0.00000000    -0.02507816   0.00000000    -0.00689224   0.00000000
   23   16
 -0.00129290   0.00000000    -0.00000000   0.00000000    -0.00000000   0.00000000
  0.00000000   0.00000000    -0.05016394   0.00000000     0.03399586  -0.00000000
  0.00000000  -0.00000000     0.04746401   0.00000000    -0.02010246   0.00000000
   23   17
  0.00188468   0.00000000     0.00000000   0.00000000     0.00000000   0.00000000
  0.00000000  -0.00000000    -0.00036717  -0.00000000    -0.00140993  -0.00000000
 -0.00000000   0.00000000     0.00100291   0.00000000    -0.00052030   0.00000000
   23   18
  0.00544800   0.00000000     0.00000000  -0.00000000     0.00000000  -0.00000000
 -0.00000000   0.00000000     0.00028764  -0.00000000     0.00234653   0.00000000
 -0.00000000   0.00000000     0.00264290   0.00000000    -0.00183584  -0.00000000
   23   19
 -0.00084013   0.00000000     0.00000000   0.00000000    -0.00000000   0.00000000
  0.00000000  -0.00000000    -0.00655461   0.00000000     0.00107059   0.00000000
 -0.00000000   0.00000000    -0.00131721  -0.00000000    -0.03674649  -0.00000000
   23   20
  0.00270346  -0.00000000     0.00000000   0.00000000     0.00000000  -0.00000000
  0.00000000  -0.00000000    -0.00444653  -0.00000000     0.00090380  -0.00000000
  0.00000000  -0.00000000    -0.00090380   0.00000000     0.00241091  -0.00000000
   23   21
 -0.00080325  -0.00000000     0.00000000  -0.00000000     0.00000000   0.00000000
  0.00000000  -0.00000000     0.00054622   0.00000000    -0.00027177   0.00000000
  0.00000000   0.00000000    -0.00027177   0.00000000     0.00020168  -0.00000000
   23   22
  0.00130352   0.00000000    -0.00000000  -0.00000000     0.00000000   0.00000000
  0.00000000  -0.00000000    -0.00409824   0.00000000    -0.00346002   0.00000000
  0.00000000  -0.00000000    -0.00813983  -0.00000000    -0.01020662   0.00000000
   23   23
  0.12474168  -0.00000000    -0.00000000  -0.00000000    -0.00000000  -0.00000000
 -0.00000000  -0.00000000     0.20774070  -0.00000000     0.00535574  -0.00000000
 -0.00000000  -0.00000000     0.00535574  -0.00000000     0.12981296  -0.00000000
   23   24
  0.00062708   0.00000000    -0.00000000  -0.00000000     0.00000000  -0.00000000
  0.00000000   0.00000000     0.00014393  -0.00000000    -0.00018230  -0.00000000
  0.00000000  -0.00000000     0.00018230  -0.00000000    -0.00017488   0.00000000
   23   25
  0.00220103   0.00000000    -0.00000000   0.00000000     0.00000000   0.00000000
  0.00000000   0.00000000    -0.00990139   0.00000000    -0.00047668  -0.00000000
  0.00000000  -0.00000000     0.00006868   0.00000000    -0.00009640  -0.00000000
   23   26
  0.00003086   0.00000000    -0.00000000  -0.00000000     0.00000000   0.00000000
 -0.00000000  -0.00000000    -0.00051759  -0.00000000     0.00038234   0.00000000
  0.00000000   0.00000000     0.00047883   0.00000000    -0.00357259   0.00000000
   23   27
  0.00774776   0.00000000     0.00692284  -0.00000000    -0.00562094   0.00000000
  0.00312356   0.00000000     0.00368121   0.00000000    -0.00187572  -0.00000000
 -0.00537307   0.00000000    -0.00317985   0.00000000     0.00201391   0.00000000
   23   28
  0.00005069  -0.00000000    -0.00016497  -0.00000000     0.00432003   0.00000000
 -0.00004933  -0.00000000    -0.00019321  -0.00000000    -0.00037645  -0.00000000
 -0.00432543  -0.00000000     0.00014913  -0.00000000     0.00033472   0.00000000
   23   29
 -0.02534161   0.00000000     0.00178930   0.00000000    -0.01621398   0.00000000
 -0.00176852  -0.00000000    -0.00652147   0.00000000    -0.00100842  -0.00000000
 -0.01378684  -0.00000000     0.00062389   0.00000000    -0.00923263  -0.00000000
   23   30
 -0.00020209   0.00000000    -0.00017546  -0.00000000     0.00017310  -0.00000000
 -0.00061839  -0.00000000     0.00042667  -0.00000000    -0.00038235   0.00000000
  0.00012407   0.00000000    -0.00060653  -0.00000000     0.00001083   0.00000000
   23   31
 -0.00053960   0.00000000    -0.00058149  -0.00000000     0.00153539  -0.00000000
 -0.00004183   0.00000000    -0.00064853  -0.00000000    -0.00001810  -0.00000000
  0.00094082  -0.00000000    -0.00014272   0.00000000    -0.00114101  -0.00000000
   23   32
 -0.00774776  -0.00000000     0.00692284  -0.00000000    -0.00562094  -0.00000000
  0.00312356   0.00000000    -0.00368121  -0.00000000     0.00187572  -0.00000000
 -0.00537307  -0.00000000     0.00317985  -0.00000000    -0.00201391  -0.00000000
   23   33
  0.00005069  -0.00000000     0.00016497  -0.00000000    -0.00432003  -0.00000000
  0.00004933  -0.00000000    -0.00019321  -0.00000000    -0.00037645   0.00000000
  0.00432543   0.00000000     0.00014913   0.00000000     0.00033472   0.00000000
   23   34
 -0.02534161   0.00000000    -0.00178930  -0.00000000     0.01621398   0.00000000
  0.00176852   0.00000000    -0.00652147   0.00000000    -0.00100842  -0.00000000
  0.01378684   0.00000000     0.00062389   0.00000000    -0.00923263  -0.00000000
   23   35
 -0.00020209   0.00000000     0.00017546  -0.00000000    -0.00017310  -0.00000000
  0.00061839   0.00000000     0.00042667  -0.00000000    -0.00038235   0.00000000
 -0.00012407  -0.00000000    -0.00060653  -0.00000000     0.00001083   0.00000000
   23   36
 -0.00053960   0.00000000     0.00058149   0.00000000    -0.00153539   0.00000000
  0.00004183  -0.00000000    -0.00064853  -0.00000000    -0.00001810  -0.00000000
 -0.00094082   0.00000000    -0.00014272   0.00000000    -0.00114101  -0.00000000
   24    1
  0.00219747   0.00000000    -0.00000000   0.00000000     0.00000000  -0.00000000
 -0.00000000   0.00000000    -0.00520783  -0.00000000    -0.01081988  -0.00000000
  0.00000000  -0.00000000    -0.01095639  -0.00000000    -0.01452604  -0.00000000
   24    2
 -0.00034929   0.00000000     0.00000000   0.00000000    -0.00000000  -0.00000000
 -0.00000000  -0.00000000    -0.00014233   0.00000000    -0.00055757  -0.00000000
 -0.00000000  -0.00000000     0.00000116  -0.00000000    -0.00013962   0.00000000
   24    3
  0.01014869   0.00000000    -0.00921155  -0.00000000     0.00696798  -0.00000000
 -0.00944616  -0.00000000     0.00517403   0.00000000    -0.00530082  -0.00000000
  0.00703955  -0.00000000    -0.00535095   0.00000000     0.00181167  -0.00000000
   24    4
  0.01014869   0.00000000     0.00921155   0.00000000    -0.00696798   0.00000000
  0.00944616   0.00000000     0.00517403   0.00000000    -0.00530082  -0.00000000
 -0.00703955   0.00000000    -0.00535095   0.00000000     0.00181167  -0.00000000
   24    5
 -0.00049187  -0.00000000     0.00155965   0.00000000     0.00222347  -0.00000000
 -0.00078462   0.00000000     0.00249724   0.00000000    -0.00227161  -0.00000000
  0.00027796  -0.00000000    -0.00090984   0.00000000    -0.00098503   0.00000000
   24    6
  0.00255798   0.00000000    -0.00273428  -0.00000000     0.00100835   0.00000000
  0.00199807   0.00000000    -0.00159226  -0.00000000    -0.00091491  -0.00000000
 -0.00128576  -0.00000000    -0.00183522  -0.00000000    -0.00085225   0.00000000
   24    7
 -0.00162893  -0.00000000     0.00106505   0.00000000     0.00029148  -0.00000000
  0.00164951  -0.00000000     0.00275005   0.00000000     0.00200948   0.00000000
  0.00096039   0.00000000    -0.00035246   0.00000000     0.00064989   0.00000000
   24    8
  0.00099920   0.00000000     0.00078072  -0.00000000    -0.00289084  -0.00000000
  0.00039460   0.00000000    -0.00012805   0.00000000    -0.00028706  -0.00000000
  0.00216082   0.00000000    -0.00129329  -0.00000000    -0.00111887  -0.00000000
   24    9
 -0.01661838   0.00000000    -0.04357683   0.00000000     0.00963467  -0.00000000
 -0.03627357  -0.00000000    -0.05472541   0.00000000     0.01929561  -0.00000000
  0.01286501   0.00000000     0.02507816  -0.00000000    -0.00689224   0.00000000
   24   10
 -0.00162893  -0.00000000    -0.00106505   0.00000000    -0.00029148   0.00000000
 -0.00164951   0.00000000     0.00275005   0.00000000     0.00200948   0.00000000
 -0.00096039  -0.00000000    -0.00035246  -0.00000000     0.00064989   0.00000000
   24   11
 -0.01661838   0.00000000     0.04357683  -0.00000000    -0.00963467   0.00000000
  0.03627357   0.00000000    -0.05472541   0.00000000     0.01929561  -0.00000000
 -0.01286501  -0.00000000     0.02507816  -0.00000000    -0.00689224   0.00000000
   24   12
 -0.00049187  -0.00000000    -0.00155965  -0.00000000    -0.00222347  -0.00000000
  0.00078462  -0.00000000     0.00249724   0.00000000    -0.00227161  -0.00000000
 -0.00027796   0.00000000    -0.00090984   0.00000000    -0.00098503   0.00000000
   24   13
 -0.00129290  -0.00000000     0.00000000  -0.00000000    -0.00000000   0.00000000
  0.00000000  -0.00000000    -0.05016394   0.00000000    -0.03399586   0.00000000
  0.00000000  -0.00000000    -0.04746401  -0.00000000    -0.02010246   0.00000000
   24   14
  0.00255798  -0.00000000     0.00273428   0.00000000    -0.00100835  -0.00000000
 -0.00199807  -0.00000000    -0.00159226  -0.00000000    -0.00091491  -0.00000000
  0.00128576   0.00000000    -0.00183522   0.00000000    -0.00085225   0.00000000
   24   15
  0.00099920   0.00000000    -0.00078072   0.00000000     0.00289084   0.00000000
 -0.00039460  -0.00000000    -0.00012805   0.00000000    -0.00028706  -0.00000000
 -0.00216082  -0.00000000    -0.00129329  -0.00000000    -0.00111887  -0.00000000
   24   16
 -0.00195073  -0.00000000    -0.00000000   0.00000000    -0.00000000   0.00000000
  0.00000000  -0.00000000    -0.00003261  -0.00000000     0.00043473   0.00000000
 -0.00000000  -0.00000000     0.00154412  -0.00000000     0.00332575   0.00000000
   24   17
  0.00188468   0.00000000     0.00000000   0.00000000     0.00000000  -0.00000000
  0.00000000  -0.00000000    -0.00036717  -0.00000000     0.00140993   0.00000000
  0.00000000  -0.00000000    -0.00100291  -0.00000000    -0.00052030   0.00000000
   24   18
 -0.00084013   0.00000000     0.00000000  -0.00000000    -0.00000000   0.00000000
  0.00000000   0.00000000    -0.00655461   0.00000000    -0.00107059  -0.00000000
 -0.00000000   0.00000000     0.00131721  -0.00000000    -0.03674649  -0.00000000
   24   19
  0.00544800   0.00000000     0.00000000   0.00000000     0.00000000  -0.00000000
  0.00000000  -0.00000000     0.00028764   0.00000000    -0.00234653  -0.00000000
  0.00000000   0.00000000    -0.00264290  -0.00000000    -0.00183584  -0.00000000
   24   20
 -0.00080325  -0.00000000     0.00000000   0.00000000     0.00000000   0.00000000
  0.00000000   0.00000000     0.00054622   0.00000000     0.00027177   0.00000000
 -0.00000000   0.00000000     0.00027177   0.00000000     0.00020168  -0.00000000
   24   21
  0.00270346  -0.00000000    -0.00000000  -0.00000000     0.00000000  -0.00000000
  0.00000000   0.00000000    -0.00444653  -0.00000000    -0.00090380   0.00000000
  0.00000000  -0.00000000     0.00090380  -0.00000000     0.00241091  -0.00000000
   24   22
  0.00130352   0.00000000     0.00000000   0.00000000    -0.00000000   0.00000000
  0.00000000   0.00000000    -0.00409824   0.00000000     0.00346002  -0.00000000
  0.00000000  -0.00000000     0.00813983   0.00000000    -0.01020662   0.00000000
   24   23
  0.00062708   0.00000000     0.00000000   0.00000000     0.00000000  -0.00000000
 -0.00000000  -0.00000000     0.00014393  -0.00000000     0.00018230  -0.00000000
  0.00000000  -0.00000000    -0.00018230  -0.00000000    -0.00017488   0.00000000
   24   24
  0.12474168  -0.00000000    -0.00000000   0.00000000    -0.00000000  -0.00000000
 -0.00000000   0.00000000     0.20774070  -0.00000000    -0.00535574   0.00000000
 -0.00000000  -0.00000000    -0.00535574   0.00000000     0.12981296  -0.00000000
   24   25
  0.00003086   0.00000000     0.00000000   0.00000000    -0.00000000   0.00000000
 -0.00000000   0.00000000    -0.00051759  -0.00000000    -0.00038234  -0.00000000
 -0.00000000   0.00000000    -0.00047883  -0.00000000    -0.00357259  -0.00000000
   24   26
  0.00220103   0.00000000    -0.00000000  -0.00000000    -0.00000000   0.00000000
  0.00000000  -0.00000000    -0.00990139  -0.00000000     0.00047668   0.00000000
 -0.00000000  -0.00000000    -0.00006868  -0.00000000    -0.00009640   0.00000000
   24   27
 -0.00774776  -0.00000000     0.00692284  -0.00000000     0.00562094   0.00000000
  0.00312356   0.00000000    -0.00368121   0.00000000    -0.00187572   0.00000000
  0.00537307   0.00000000    -0.00317985   0.00000000    -0.00201391  -0.00000000
   24   28
 -0.02534161   0.00000000    -0.00178930  -0.00000000    -0.01621398   0.00000000
  0.00176852   0.00000000    -0.00652147   0.00000000     0.00100842   0.00000000
 -0.01378684  -0.00000000    -0.00062389  -0.00000000    -0.00923263  -0.00000000
   24   29
  0.00005069  -0.00000000     0.00016497   0.00000000     0.00432003   0.00000000
  0.00004933   0.00000000    -0.00019321  -0.00000000     0.00037645   0.00000000
 -0.00432543  -0.00000000    -0.00014913   0.00000000     0.00033472   0.00000000
   24   30
 -0.00053960   0.00000000     0.00058149   0.00000000     0.00153539  -0.00000000
  0.00004183  -0.00000000    -0.00064853  -0.00000000     0.00001810   0.00000000
  0.00094082   0.00000000     0.00014272  -0.00000000    -0.00114101  -0.00000000
   24   31
 -0.00020209   0.00000000     0.00017546   0.00000000     0.00017310  -0.00000000
  0.00061839   0.00000000     0.00042667   0.00000000     0.00038235  -0.00000000
  0.00012407   0.00000000     0.00060653   0.00000000     0.00001083   0.00000000
   24   32
  0.00774776   0.00000000     0.00692284  -0.00000000     0.00562094  -0.00000000
  0.00312356   0.00000000     0.00368121   0.00000000     0.00187572   0.00000000
  0.00537307  -0.00000000     0.00317985  -0.00000000     0.00201391   0.00000000
   24   33
 -0.02534161   0.00000000     0.00178930   0.00000000     0.01621398   0.00000000
 -0.00176852  -0.00000000    -0.00652147   0.00000000     0.00100842   0.00000000
  0.01378684   0.00000000    -0.00062389  -0.00000000    -0.00923263  -0.00000000
   24   34
  0.00005069  -0.00000000    -0.00016497   0.00000000    -0.00432003  -0.00000000
 -0.00004933   0.00000000    -0.00019321  -0.00000000     0.00037645   0.00000000
  0.00432543   0.00000000    -0.00014913  -0.00000000     0.00033472   0.00000000
   24   35
 -0.00053960   0.00000000    -0.00058149  -0.00000000    -0.00153539   0.00000000
 -0.00004183   0.00000000    -0.00064853  -0.00000000     0.00001810   0.00000000
 -0.00094082   0.00000000     0.00014272  -0.00000000    -0.00114101  -0.00000000
   24   36
 -0.00020209   0.00000000    -0.00017546  -0.00000000    -0.00017310   0.00000000
 -0.00061839  -0.00000000     0.00042667   0.00000000     0.00038235  -0.00000000
 -0.00012407  -0.00000000     0.00060653   0.00000000     0.00001083   0.00000000
   25    1
  0.00227396   0.00000000    -0.00000000   0.00000000     0.00000000  -0.00000000
 -0.00000000   0.00000000    -0.00510682  -0.00000000    -0.01127420   0.00000000
  0.00000000  -0.00000000    -0.01130284  -0.00000000    -0.01499530  -0.00000000
   25    2
 -0.00021352   0.00000000     0.00000000  -0.00000000     0.00000000   0.00000000
  0.00000000   0.00000000    -0.00018786   0.00000000    -0.00043658  -0.00000000
  0.00000000   0.00000000     0.00019754   0.00000000    -0.00016426  -0.00000000
   25    3
 -0.01074226   0.00000000     0.00958840  -0.00000000    -0.00739408   0.00000000
  0.00981466   0.00000000    -0.00527092  -0.00000000     0.00561303   0.00000000
 -0.00749604  -0.00000000     0.00560580   0.00000000    -0.00198025  -0.00000000
   25    4
 -0.01074226   0.00000000    -0.00958840   0.00000000     0.00739408  -0.00000000
 -0.00981466  -0.00000000    -0.00527092  -0.00000000     0.00561303   0.00000000
  0.00749604  -0.00000000     0.00560580   0.00000000    -0.00198025  -0.00000000
   25    5
 -0.01580732   0.00000000     0.04068285  -0.00000000    -0.00800630   0.00000000
  0.03538386   0.00000000    -0.05381155   0.00000000     0.01866140  -0.00000000
 -0.01110903  -0.00000000     0.02301691  -0.00000000    -0.00465734   0.00000000
   25    6
  0.00106075  -0.00000000    -0.00079949  -0.00000000     0.00267214   0.00000000
 -0.00049108  -0.00000000    -0.00027011  -0.00000000     0.00008688   0.00000000
 -0.00060081   0.00000000    -0.00093978  -0.00000000    -0.00127373  -0.00000000
   25    7
  0.00192724   0.00000000    -0.00217870  -0.00000000     0.00003420  -0.00000000
 -0.00094440   0.00000000    -0.00214924   0.00000000    -0.00073898   0.00000000
 -0.00026950   0.00000000     0.00083096  -0.00000000     0.00082193  -0.00000000
   25    8
  0.00163200  -0.00000000     0.00153820   0.00000000    -0.00197221  -0.00000000
 -0.00166155  -0.00000000    -0.00102138  -0.00000000    -0.00010943   0.00000000
  0.00200236   0.00000000    -0.00176477  -0.00000000    -0.00027341   0.00000000
   25    9
 -0.00120613  -0.00000000    -0.00127038   0.00000000    -0.00171823  -0.00000000
  0.00008627   0.00000000     0.00182747   0.00000000    -0.00228391  -0.00000000
  0.00056452   0.00000000    -0.00082736   0.00000000    -0.00117193  -0.00000000
   25   10
  0.00192724   0.00000000     0.00217870   0.00000000    -0.00003420   0.00000000
  0.00094440  -0.00000000    -0.00214924  -0.00000000    -0.00073898   0.00000000
  0.00026950  -0.00000000     0.00083096   0.00000000     0.00082193  -0.00000000
   25   11
 -0.00120613  -0.00000000     0.00127038  -0.00000000     0.00171823   0.00000000
 -0.00008627   0.00000000     0.00182747   0.00000000    -0.00228391  -0.00000000
 -0.00056452  -0.00000000    -0.00082736   0.00000000    -0.00117193   0.00000000
   25   12
 -0.01580732   0.00000000    -0.04068285   0.00000000     0.00800630  -0.00000000
 -0.03538386  -0.00000000    -0.05381155   0.00000000     0.01866140  -0.00000000
  0.01110903   0.00000000     0.02301691  -0.00000000    -0.00465734   0.00000000
   25   13
  0.00011300   0.00000000     0.00000000   0.00000000    -0.00000000   0.00000000
  0.00000000  -0.00000000    -0.05457767  -0.00000000    -0.03825763   0.00000000
  0.00000000  -0.00000000    -0.04753764  -0.00000000    -0.02143808  -0.00000000
   25   14
  0.00106075  -0.00000000     0.00079949   0.00000000    -0.00267214  -0.00000000
  0.00049108   0.00000000    -0.00027011  -0.00000000     0.00008688   0.00000000
  0.00060081  -0.00000000    -0.00093978   0.00000000    -0.00127373  -0.00000000
   25   15
  0.00163200  -0.00000000    -0.00153820  -0.00000000     0.00197221   0.00000000
  0.00166155   0.00000000    -0.00102138   0.00000000    -0.00010943   0.00000000
 -0.00200236  -0.00000000    -0.00176477  -0.00000000    -0.00027341  -0.00000000
   25   16
 -0.00241581  -0.00000000     0.00000000  -0.00000000    -0.00000000  -0.00000000
 -0.00000000   0.00000000     0.00021601   0.00000000    -0.00003228  -0.00000000
  0.00000000   0.00000000     0.00140708   0.00000000     0.00382002   0.00000000
   25   17
 -0.00148805  -0.00000000     0.00000000  -0.00000000     0.00000000  -0.00000000
  0.00000000  -0.00000000     0.00359612   0.00000000    -0.00328900   0.00000000
 -0.00000000   0.00000000    -0.00826237  -0.00000000     0.01157969  -0.00000000
   25   18
  0.00168784  -0.00000000    -0.00000000  -0.00000000    -0.00000000  -0.00000000
 -0.00000000   0.00000000    -0.00481576  -0.00000000    -0.00009775   0.00000000
 -0.00000000  -0.00000000     0.00009775  -0.00000000     0.00304320  -0.00000000
   25   19
 -0.00059701  -0.00000000     0.00000000  -0.00000000    -0.00000000  -0.00000000
  0.00000000  -0.00000000     0.00049047   0.00000000    -0.00020733  -0.00000000
 -0.00000000  -0.00000000    -0.00020733  -0.00000000     0.00032764   0.00000000
   25   20
  0.00544800   0.00000000     0.00000000  -0.00000000     0.00000000   0.00000000
  0.00000000   0.00000000     0.00028764   0.00000000    -0.00264290  -0.00000000
 -0.00000000  -0.00000000    -0.00234653  -0.00000000    -0.00183584  -0.00000000
   25   21
 -0.00084013   0.00000000     0.00000000  -0.00000000     0.00000000   0.00000000
  0.00000000   0.00000000    -0.00655461   0.00000000    -0.00131721  -0.00000000
  0.00000000   0.00000000     0.00107059   0.00000000    -0.03674649  -0.00000000
   25   22
 -0.00188606  -0.00000000     0.00000000  -0.00000000    -0.00000000   0.00000000
  0.00000000   0.00000000     0.00041648  -0.00000000    -0.00061545   0.00000000
  0.00000000   0.00000000     0.00093104   0.00000000     0.00023741  -0.00000000
   25   23
  0.00220103   0.00000000     0.00000000   0.00000000     0.00000000  -0.00000000
 -0.00000000   0.00000000    -0.00990139   0.00000000     0.00006868   0.00000000
 -0.00000000   0.00000000    -0.00047668  -0.00000000    -0.00009640  -0.00000000
   25   24
  0.00003086   0.00000000    -0.00000000   0.00000000    -0.00000000   0.00000000
  0.00000000   0.00000000    -0.00051759  -0.00000000    -0.00047883  -0.00000000
 -0.00000000   0.00000000    -0.00038234  -0.00000000    -0.00357259  -0.00000000
   25   25
  0.12522850  -0.00000000    -0.00000000   0.00000000     0.00000000  -0.00000000
 -0.00000000   0.00000000     0.21823916  -0.00000000     0.00160842   0.00000000
  0.00000000  -0.00000000     0.00160842   0.00000000     0.12579748  -0.00000000
   25   26
  0.00073980   0.00000000    -0.00000000  -0.00000000     0.00000000   0.00000000
 -0.00000000   0.00000000     0.00024360   0.00000000    -0.00003879   0.00000000
  0.00000000   0.00000000     0.00003879   0.00000000    -0.00045466  -0.00000000
   25   27
 -0.00841351  -0.00000000    -0.00702314   0.00000000    -0.00510643   0.00000000
 -0.00362551  -0.00000000    -0.00401389   0.00000000    -0.00145091   0.00000000
 -0.00602705  -0.00000000    -0.00342572   0.00000000    -0.00237211  -0.00000000
   25   28
  0.00009829  -0.00000000    -0.00058956  -0.00000000    -0.00001137  -0.00000000
 -0.00049306  -0.00000000     0.00045200   0.00000000    -0.00068958  -0.00000000
  0.00012620   0.00000000    -0.00055776   0.00000000    -0.00023298   0.00000000
   25   29
  0.00108389   0.00000000    -0.00005271  -0.00000000    -0.00174541  -0.00000000
 -0.00007825  -0.00000000     0.00131687  -0.00000000    -0.00046411   0.00000000
 -0.00174635  -0.00000000    -0.00035376   0.00000000     0.00081891   0.00000000
   25   30
 -0.00013386  -0.00000000    -0.00029702  -0.00000000    -0.00400200  -0.00000000
  0.00010354   0.00000000    -0.00054954  -0.00000000    -0.00020008  -0.00000000
  0.00410715   0.00000000     0.00037803   0.00000000     0.00022450   0.00000000
   25   31
  0.02672685  -0.00000000     0.00142927   0.00000000     0.01563100  -0.00000000
 -0.00173979  -0.00000000     0.00613674   0.00000000    -0.00101915  -0.00000000
  0.01593082  -0.00000000     0.00092014   0.00000000     0.01015658  -0.00000000
   25   32
  0.00841351  -0.00000000    -0.00702314  -0.00000000    -0.00510643   0.00000000
 -0.00362551  -0.00000000     0.00401389   0.00000000     0.00145091  -0.00000000
 -0.00602705  -0.00000000     0.00342572  -0.00000000     0.00237211   0.00000000
   25   33
  0.00009829  -0.00000000     0.00058956   0.00000000     0.00001137  -0.00000000
  0.00049306   0.00000000     0.00045200   0.00000000    -0.00068958  -0.00000000
 -0.00012620  -0.00000000    -0.00055776   0.00000000    -0.00023298   0.00000000
   25   34
  0.00108389  -0.00000000     0.00005271   0.00000000     0.00174541   0.00000000
  0.00007825   0.00000000     0.00131687  -0.00000000    -0.00046411   0.00000000
  0.00174635  -0.00000000    -0.00035376   0.00000000     0.00081891   0.00000000
   25   35
 -0.00013386  -0.00000000     0.00029702   0.00000000     0.00400200   0.00000000
 -0.00010354  -0.00000000    -0.00054954  -0.00000000    -0.00020008  -0.00000000
 -0.00410715   0.00000000     0.00037803  -0.00000000     0.00022450   0.00000000
   25   36
  0.02672685   0.00000000    -0.00142927  -0.00000000    -0.01563100  -0.00000000
  0.00173979   0.00000000     0.00613674   0.00000000    -0.00101915  -0.00000000
 -0.01593082  -0.00000000     0.00092014   0.00000000     0.01015658   0.00000000
   26    1
  0.00227396   0.00000000     0.00000000  -0.00000000     0.00000000  -0.00000000
  0.00000000  -0.00000000    -0.00510682  -0.00000000     0.01127420   0.00000000
  0.00000000  -0.00000000     0.01130284   0.00000000    -0.01499530  -0.00000000
   26    2
 -0.00021352   0.00000000    -0.00000000   0.00000000     0.00000000   0.00000000
  0.00000000  -0.00000000    -0.00018786  -0.00000000     0.00043658  -0.00000000
  0.00000000   0.00000000    -0.00019754  -0.00000000    -0.00016426  -0.00000000
   26    3
  0.01074226   0.00000000     0.00958840   0.00000000     0.00739408  -0.00000000
  0.00981466   0.00000000     0.00527092  -0.00000000     0.00561303   0.00000000
  0.00749604  -0.00000000     0.00560580  -0.00000000     0.00198025  -0.00000000
   26    4
  0.01074226   0.00000000    -0.00958840   0.00000000    -0.00739408   0.00000000
 -0.00981466   0.00000000     0.00527092  -0.00000000     0.00561303   0.00000000
 -0.00749604   0.00000000     0.00560580   0.00000000     0.00198025  -0.00000000
   26    5
  0.00106075  -0.00000000    -0.00079949  -0.00000000    -0.00267214  -0.00000000
 -0.00049108  -0.00000000    -0.00027011  -0.00000000    -0.00008688  -0.00000000
  0.00060081  -0.00000000     0.00093978   0.00000000    -0.00127373  -0.00000000
   26    6
 -0.01580732   0.00000000     0.04068285  -0.00000000     0.00800630  -0.00000000
  0.03538386   0.00000000    -0.05381155   0.00000000    -0.01866140   0.00000000
  0.01110903   0.00000000    -0.02301691   0.00000000    -0.00465734   0.00000000
   26    7
  0.00192724   0.00000000    -0.00217870  -0.00000000    -0.00003420   0.00000000
 -0.00094440   0.00000000    -0.00214924   0.00000000     0.00073898  -0.00000000
  0.00026950  -0.00000000    -0.00083096  -0.00000000     0.00082193  -0.00000000
   26    8
 -0.00120613  -0.00000000    -0.00127038  -0.00000000     0.00171823   0.00000000
  0.00008627   0.00000000     0.00182747   0.00000000     0.00228391   0.00000000
 -0.00056452  -0.00000000     0.00082736  -0.00000000    -0.00117193   0.00000000
   26    9
  0.00163200  -0.00000000     0.00153820   0.00000000     0.00197221   0.00000000
 -0.00166155  -0.00000000    -0.00102138  -0.00000000     0.00010943  -0.00000000
 -0.00200236  -0.00000000     0.00176477   0.00000000    -0.00027341  -0.00000000
   26   10
  0.00192724   0.00000000     0.00217870   0.00000000     0.00003420  -0.00000000
  0.00094440  -0.00000000    -0.00214924   0.00000000     0.00073898  -0.00000000
 -0.00026950   0.00000000    -0.00083096  -0.00000000     0.00082193  -0.00000000
   26   11
  0.00163200   0.00000000    -0.00153820  -0.00000000    -0.00197221  -0.00000000
  0.00166155   0.00000000    -0.00102138  -0.00000000     0.00010943  -0.00000000
  0.00200236   0.00000000     0.00176477   0.00000000    -0.00027341   0.00000000
   26   12
  0.00106075  -0.00000000     0.00079949   0.00000000     0.00267214   0.00000000
  0.00049108   0.00000000    -0.00027011  -0.00000000    -0.00008688  -0.00000000
 -0.00060081   0.00000000     0.00093978   0.00000000    -0.00127373  -0.00000000
   26   13
 -0.00241581  -0.00000000     0.00000000   0.00000000     0.00000000  -0.00000000
 -0.00000000  -0.00000000     0.00021601  -0.00000000     0.00003228   0.00000000
  0.00000000   0.00000000    -0.00140708   0.00000000     0.00382002   0.00000000
   26   14
 -0.01580732   0.00000000    -0.04068285   0.00000000    -0.00800630   0.00000000
 -0.03538386  -0.00000000    -0.05381155   0.00000000    -0.01866140   0.00000000
 -0.01110903  -0.00000000    -0.02301691   0.00000000    -0.00465734   0.00000000
   26   15
 -0.00120613  -0.00000000     0.00127038   0.00000000    -0.00171823  -0.00000000
 -0.00008627  -0.00000000     0.00182747   0.00000000     0.00228391   0.00000000
  0.00056452   0.00000000     0.00082736  -0.00000000    -0.00117193  -0.00000000
   26   16
  0.00011300   0.00000000     0.00000000  -0.00000000    -0.00000000   0.00000000
 -0.00000000   0.00000000    -0.05457767  -0.00000000     0.03825763  -0.00000000
  0.00000000  -0.00000000     0.04753764   0.00000000    -0.02143808  -0.00000000
   26   17
 -0.00148805  -0.00000000     0.00000000  -0.00000000     0.00000000   0.00000000
  0.00000000  -0.00000000     0.00359612   0.00000000     0.00328900  -0.00000000
 -0.00000000  -0.00000000     0.00826237   0.00000000     0.01157969  -0.00000000
   26   18
 -0.00059701  -0.00000000     0.00000000   0.00000000    -0.00000000  -0.00000000
 -0.00000000   0.00000000     0.00049047   0.00000000     0.00020733   0.00000000
  0.00000000  -0.00000000     0.00020733   0.00000000     0.00032764   0.00000000
   26   19
  0.00168784  -0.00000000     0.00000000   0.00000000     0.00000000  -0.00000000
  0.00000000  -0.00000000    -0.00481576  -0.00000000     0.00009775  -0.00000000
 -0.00000000  -0.00000000    -0.00009775   0.00000000     0.00304320  -0.00000000
   26   20
 -0.00084013   0.00000000    -0.00000000   0.00000000     0.00000000   0.00000000
  0.00000000  -0.00000000    -0.00655461   0.00000000     0.00131721  -0.00000000
 -0.00000000   0.00000000    -0.00107059  -0.00000000    -0.03674649  -0.00000000
   26   21
  0.00544800   0.00000000     0.00000000   0.00000000     0.00000000   0.00000000
  0.00000000  -0.00000000     0.00028764  -0.00000000     0.00264290   0.00000000
 -0.00000000  -0.00000000     0.00234653   0.00000000    -0.00183584  -0.00000000
   26   22
 -0.00188606  -0.00000000    -0.00000000   0.00000000    -0.00000000   0.00000000
 -0.00000000  -0.00000000     0.00041648   0.00000000     0.00061545  -0.00000000
 -0.00000000   0.00000000    -0.00093104  -0.00000000     0.00023741  -0.00000000
   26   23
  0.00003086   0.00000000    -0.00000000  -0.00000000     0.00000000   0.00000000
 -0.00000000  -0.00000000    -0.00051759  -0.00000000     0.00047883   0.00000000
  0.00000000   0.00000000     0.00038234   0.00000000    -0.00357259   0.00000000
   26   24
  0.00220103   0.00000000     0.00000000  -0.00000000     0.00000000  -0.00000000
 -0.00000000  -0.00000000    -0.00990139  -0.00000000    -0.00006868  -0.00000000
 -0.00000000   0.00000000     0.00047668   0.00000000    -0.00009640   0.00000000
   26   25
  0.00073980   0.00000000    -0.00000000   0.00000000     0.00000000   0.00000000
 -0.00000000  -0.00000000     0.00024360   0.00000000     0.00003879   0.00000000
  0.00000000   0.00000000    -0.00003879   0.00000000    -0.00045466  -0.00000000
   26   26
  0.12522850  -0.00000000    -0.00000000  -0.00000000     0.00000000  -0.00000000
 -0.00000000  -0.00000000     0.21823916  -0.00000000    -0.00160842  -0.00000000
  0.00000000  -0.00000000    -0.00160842  -0.00000000     0.12579748  -0.00000000
   26   27
  0.00841351  -0.00000000    -0.00702314  -0.00000000     0.00510643  -0.00000000
 -0.00362551  -0.00000000     0.00401389   0.00000000    -0.00145091   0.00000000
  0.00602705   0.00000000    -0.00342572   0.00000000     0.00237211   0.00000000
   26   28
  0.00108389   0.00000000     0.00005271   0.00000000    -0.00174541  -0.00000000
  0.00007825   0.00000000     0.00131687   0.00000000     0.00046411   0.00000000
 -0.00174635  -0.00000000     0.00035376   0.00000000     0.00081891  -0.00000000
   26   29
  0.00009829  -0.00000000     0.00058956   0.00000000    -0.00001137   0.00000000
  0.00049306   0.00000000     0.00045200   0.00000000     0.00068958   0.00000000
  0.00012620  -0.00000000     0.00055776  -0.00000000    -0.00023298   0.00000000
   26   30
  0.02672685  -0.00000000    -0.00142927  -0.00000000     0.01563100  -0.00000000
  0.00173979   0.00000000     0.00613674   0.00000000     0.00101915  -0.00000000
  0.01593082  -0.00000000    -0.00092014  -0.00000000     0.01015658  -0.00000000
   26   31
 -0.00013386  -0.00000000     0.00029702  -0.00000000    -0.00400200  -0.00000000
 -0.00010354  -0.00000000    -0.00054954  -0.00000000     0.00020008  -0.00000000
  0.00410715   0.00000000    -0.00037803  -0.00000000     0.00022450   0.00000000
   26   32
 -0.00841351  -0.00000000    -0.00702314  -0.00000000     0.00510643  -0.00000000
 -0.00362551  -0.00000000    -0.00401389   0.00000000     0.00145091  -0.00000000
  0.00602705   0.00000000     0.00342572  -0.00000000    -0.00237211  -0.00000000
   26   33
  0.00108389  -0.00000000    -0.00005271  -0.00000000     0.00174541  -0.00000000
 -0.00007825  -0.00000000     0.00131687   0.00000000     0.00046411   0.00000000
  0.00174635  -0.00000000     0.00035376   0.00000000     0.00081891   0.00000000
   26   34
  0.00009829  -0.00000000    -0.00058956  -0.00000000     0.00001137  -0.00000000
 -0.00049306  -0.00000000     0.00045200   0.00000000     0.00068958   0.00000000
 -0.00012620   0.00000000     0.00055776  -0.00000000    -0.00023298   0.00000000
   26   35
  0.02672685   0.00000000     0.00142927   0.00000000    -0.01563100  -0.00000000
 -0.00173979  -0.00000000     0.00613674   0.00000000     0.00101915   0.00000000
 -0.01593082  -0.00000000    -0.00092014  -0.00000000     0.01015658   0.00000000
   26   36
 -0.00013386   0.00000000    -0.00029702  -0.00000000     0.00400200   0.00000000
  0.00010354   0.00000000    -0.00054954  -0.00000000     0.00020008   0.00000000
 -0.00410715   0.00000000    -0.00037803   0.00000000     0.00022450   0.00000000
   27    1
  0.00000000   0.00000000    -0.00017053  -0.00000000     0.00000000  -0.00000000
 -0.00001413   0.00000000     0.00000000   0.00000000     0.00009296   0.00000000
  0.00000000  -0.00000000    -0.00081928  -0.00000000    -0.00000000  -0.00000000
   27    2
  0.00000000   0.00000000     0.00017053   0.00000000     0.00000000  -0.00000000
  0.00001413  -0.00000000     0.00000000   0.00000000    -0.00009296  -0.00000000
 -0.00000000  -0.00000000     0.00081928   0.00000000     0.00000000  -0.00000000
   27    3
  0.00150341   0.00000000    -0.00000000   0.00000000     0.00001154  -0.00000000
  0.00000000  -0.00000000    -0.00496773   0.00000000     0.00000000  -0.00000000
 -0.00007331  -0.00000000     0.00000000   0.00000000     0.00074484   0.00000000
   27    4
 -0.00150341  -0.00000000    -0.00000000   0.00000000    -0.00001154  -0.00000000
 -0.00000000  -0.00000000     0.00496773   0.00000000     0.00000000   0.00000000
  0.00007331   0.00000000     0.00000000  -0.00000000    -0.00074484  -0.00000000
   27    5
 -0.00303156  -0.00000000     0.00000000  -0.00000000     0.00191068   0.00000000
 -0.00000000   0.00000000    -0.00012331  -0.00000000     0.00000000   0.00000000
 -0.00165093  -0.00000000    -0.00000000   0.00000000     0.00023845  -0.00000000
   27    6
  0.01656497   0.00000000    -0.00000000  -0.00000000     0.03538338  -0.00000000
  0.00000000   0.00000000     0.00127805   0.00000000     0.00000000  -0.00000000
  0.03277771   0.00000000     0.00000000   0.00000000     0.05377046   0.00000000
   27    7
  0.00020499  -0.00000000     0.00000000  -0.00000000    -0.00133584  -0.00000000
  0.00000000  -0.00000000    -0.00075671  -0.00000000    -0.00000000   0.00000000
 -0.00094409   0.00000000     0.00000000  -0.00000000    -0.00085295   0.00000000
   27    8
  0.01719911   0.00000000     0.00000000  -0.00000000    -0.03156062  -0.00000000
 -0.00000000   0.00000000     0.00368491  -0.00000000    -0.00000000   0.00000000
 -0.02805765   0.00000000     0.00000000  -0.00000000     0.04778509  -0.00000000
   27    9
 -0.00165775   0.00000000     0.00000000   0.00000000    -0.00390827  -0.00000000
  0.00000000   0.00000000    -0.00086968  -0.00000000     0.00000000  -0.00000000
  0.00086572   0.00000000     0.00000000   0.00000000     0.00049202  -0.00000000
   27   10
 -0.00020499  -0.00000000     0.00000000   0.00000000     0.00133584   0.00000000
  0.00000000  -0.00000000     0.00075671  -0.00000000     0.00000000   0.00000000
  0.00094409  -0.00000000    -0.00000000  -0.00000000     0.00085295   0.00000000
   27   11
 -0.01719911  -0.00000000    -0.00000000  -0.00000000     0.03156062   0.00000000
 -0.00000000   0.00000000    -0.00368491  -0.00000000     0.00000000   0.00000000
  0.02805765  -0.00000000     0.00000000  -0.00000000    -0.04778509   0.00000000
   27   12
 -0.01656497  -0.00000000     0.00000000   0.00000000    -0.03538338  -0.00000000
  0.00000000   0.00000000    -0.00127805   0.00000000     0.00000000  -0.00000000
 -0.03277771   0.00000000     0.00000000  -0.00000000    -0.05377046   0.00000000
   27   13
 -0.07024227   0.00000000     0.00000000   0.00000000     0.00083134   0.00000000
 -0.00000000   0.00000000    -0.00045282   0.00000000    -0.00000000  -0.00000000
  0.00057105  -0.00000000     0.00000000  -0.00000000     0.00470755   0.00000000
   27   14
  0.00303156   0.00000000     0.00000000  -0.00000000    -0.00191068  -0.00000000
  0.00000000   0.00000000     0.00012331  -0.00000000     0.00000000  -0.00000000
  0.00165093   0.00000000     0.00000000   0.00000000    -0.00023845  -0.00000000
   27   15
  0.00165775   0.00000000     0.00000000  -0.00000000     0.00390827   0.00000000
  0.00000000   0.00000000     0.00086968  -0.00000000     0.00000000  -0.00000000
 -0.00086572  -0.00000000     0.00000000  -0.00000000    -0.00049202  -0.00000000
   27   16
  0.07024227  -0.00000000     0.00000000  -0.00000000    -0.00083134   0.00000000
  0.00000000   0.00000000     0.00045282   0.00000000     0.00000000   0.00000000
 -0.00057105  -0.00000000     0.00000000  -0.00000000    -0.00470755  -0.00000000
   27   17
 -0.00000000   0.00000000     0.00000000  -0.00000000    -0.00000000  -0.00000000
  0.00000000  -0.00000000     0.00000000  -0.00000000    -0.00000000   0.00000000
 -0.00000000  -0.00000000    -0.00000000   0.00000000     0.00000000   0.00000000
   27   18
 -0.00841351  -0.00000000     0.00362551   0.00000000    -0.00602705  -0.00000000
  0.00702314  -0.00000000    -0.00401389   0.00000000     0.00342572  -0.00000000
 -0.00510643   0.00000000     0.00145091  -0.00000000    -0.00237211  -0.00000000
   27   19
  0.00841351  -0.00000000     0.00362551   0.00000000     0.00602705   0.00000000
  0.00702314   0.00000000     0.00401389  -0.00000000     0.00342572  -0.00000000
  0.00510643  -0.00000000     0.00145091  -0.00000000     0.00237211   0.00000000
   27   20
  0.00774776   0.00000000    -0.00312356  -0.00000000    -0.00537307   0.00000000
 -0.00692284  -0.00000000     0.00368121   0.00000000     0.00317985  -0.00000000
 -0.00562094   0.00000000     0.00187572   0.00000000     0.00201391   0.00000000
   27   21
 -0.00774776  -0.00000000    -0.00312356  -0.00000000     0.00537307   0.00000000
 -0.00692284   0.00000000    -0.00368121  -0.00000000     0.00317985  -0.00000000
  0.00562094   0.00000000     0.00187572   0.00000000    -0.00201391  -0.00000000
   27   22
  0.00000000   0.00000000    -0.00000000   0.00000000     0.00000000   0.00000000
  0.00000000   0.00000000    -0.00000000  -0.00000000    -0.00000000   0.00000000
  0.00000000   0.00000000    -0.00000000   0.00000000     0.00000000   0.00000000
   27   23
  0.00774776   0.00000000     0.00312356   0.00000000    -0.00537307   0.00000000
  0.00692284  -0.00000000     0.00368121   0.00000000    -0.00317985   0.00000000
 -0.00562094   0.00000000    -0.00187572  -0.00000000     0.00201391   0.00000000
   27   24
 -0.00774776  -0.00000000     0.00312356   0.00000000     0.00537307   0.00000000
  0.00692284  -0.00000000    -0.00368121   0.00000000    -0.00317985   0.00000000
  0.00562094   0.00000000    -0.00187572   0.00000000    -0.00201391  -0.00000000
   27   25
 -0.00841351  -0.00000000    -0.00362551  -0.00000000    -0.00602705  -0.00000000
 -0.00702314   0.00000000    -0.00401389   0.00000000    -0.00342572   0.00000000
 -0.00510643   0.00000000    -0.00145091   0.00000000    -0.00237211  -0.00000000
   27   26
  0.00841351  -0.00000000    -0.00362551  -0.00000000     0.00602705   0.00000000
 -0.00702314  -0.00000000     0.00401389   0.00000000    -0.00342572   0.00000000
  0.00510643  -0.00000000    -0.00145091   0.00000000     0.00237211   0.00000000
   27   27
  0.26898115   0.00000000     0.00000000   0.00000000     0.01051956   0.00000000
  0.00000000   0.00000000     0.06712831  -0.00000000     0.00000000   0.00000000
  0.01051956   0.00000000     0.00000000   0.00000000     0.25785066  -0.00000000
   27   28
  0.00209364   0.00000000     0.00009555  -0.00000000     0.00041830   0.00000000
 -0.00029721   0.00000000    -0.00348288   0.00000000    -0.00819142  -0.00000000
 -0.00041601  -0.00000000    -0.00319479   0.00000000    -0.01080078  -0.00000000
   27   29
 -0.00209364  -0.00000000     0.00009555   0.00000000    -0.00041830   0.00000000
 -0.00029721   0.00000000     0.00348288   0.00000000    -0.00819142  -0.00000000
  0.00041601   0.00000000    -0.00319479   0.00000000     0.01080078  -0.00000000
   27   30
  0.00156492   0.00000000     0.00017261   0.00000000     0.00030106   0.00000000
 -0.00010868  -0.00000000    -0.00053726  -0.00000000    -0.00082497  -0.00000000
 -0.00010423   0.00000000     0.00139620   0.00000000    -0.00056765   0.00000000
   27   31
 -0.00156492   0.00000000     0.00017261  -0.00000000    -0.00030106  -0.00000000
 -0.00010868  -0.00000000     0.00053726   0.00000000    -0.00082497  -0.00000000
  0.00010423  -0.00000000     0.00139620  -0.00000000     0.00056765  -0.00000000
   27   32
  0.00493525   0.00000000     0.00000000   0.00000000    -0.00039152  -0.00000000
  0.00000000   0.00000000    -0.00076116   0.00000000     0.00000000   0.00000000
  0.00039152   0.00000000     0.00000000   0.00000000     0.00213237   0.00000000
   27   33
  0.00156492   0.00000000    -0.00017261  -0.00000000     0.00030106   0.00000000
  0.00010868   0.00000000    -0.00053726  -0.00000000     0.00082497   0.00000000
 -0.00010423   0.00000000    -0.00139620  -0.00000000    -0.00056765   0.00000000
   27   34
 -0.00156492  -0.00000000    -0.00017261   0.00000000    -0.00030106  -0.00000000
  0.00010868   0.00000000     0.00053726  -0.00000000     0.00082497  -0.00000000
  0.00010423  -0.00000000    -0.00139620   0.00000000     0.00056765   0.00000000
   27   35
  0.00209364   0.00000000    -0.00009555   0.00000000     0.00041830   0.00000000
  0.00029721  -0.00000000    -0.00348288   0.00000000     0.00819142   0.00000000
 -0.00041601  -0.00000000     0.00319479   0.00000000    -0.01080078  -0.00000000
   27   36
 -0.00209364  -0.00000000    -0.00009555   0.00000000    -0.00041830  -0.00000000
  0.00029721  -0.00000000     0.00348288  -0.00000000     0.00819142   0.00000000
  0.00041601   0.00000000     0.00319479  -0.00000000     0.01080078  -0.00000000
   28    1
 -0.01030012   0.00000000     0.00927775  -0.00000000     0.00720928  -0.00000000
  0.00949416   0.00000000    -0.00528895  -0.00000000    -0.00531589   0.00000000
  0.00720101   0.00000000    -0.00545329  -0.00000000    -0.00181522   0.00000000
   28    2
  0.01008465   0.00000000     0.00923459   0.00000000     0.00711538  -0.00000000
  0.00944249  -0.00000000     0.00515043  -0.00000000     0.00552061   0.00000000
  0.00712629   0.00000000     0.00533646  -0.00000000     0.00192237  -0.00000000
   28    3
 -0.00035660   0.00000000    -0.00012124  -0.00000000    -0.00004757   0.00000000
 -0.00001292   0.00000000    -0.00014711  -0.00000000     0.00050183   0.00000000
  0.00011574   0.00000000    -0.00012116  -0.00000000    -0.00018268  -0.00000000
   28    4
 -0.00217520   0.00000000    -0.00008221   0.00000000     0.00004950   0.00000000
 -0.00009221  -0.00000000     0.00512167   0.00000000    -0.01087587  -0.00000000
 -0.00003693  -0.00000000    -0.01097212  -0.00000000     0.01444507  -0.00000000
   28    5
  0.00092389  -0.00000000     0.00241439   0.00000000    -0.00164420  -0.00000000
  0.00015018   0.00000000    -0.00171803   0.00000000    -0.00181335  -0.00000000
  0.00105080  -0.00000000    -0.00088804   0.00000000     0.00233443  -0.00000000
   28    6
  0.01447516   0.00000000    -0.03980764  -0.00000000    -0.00725260  -0.00000000
 -0.03146201  -0.00000000     0.05007576   0.00000000     0.01646828   0.00000000
 -0.01044923  -0.00000000     0.02299036   0.00000000     0.00531283   0.00000000
   28    7
 -0.00072261   0.00000000    -0.00047641  -0.00000000     0.00169947   0.00000000
 -0.00099982  -0.00000000    -0.05429405   0.00000000     0.03847971  -0.00000000
  0.00175087   0.00000000     0.04982035   0.00000000    -0.02316878  -0.00000000
   28    8
 -0.00112866  -0.00000000     0.00085468   0.00000000     0.00266397   0.00000000
  0.00065393   0.00000000     0.00013269   0.00000000    -0.00021783  -0.00000000
 -0.00094656   0.00000000    -0.00132631   0.00000000     0.00041896  -0.00000000
   28    9
 -0.00164595  -0.00000000    -0.00175061  -0.00000000    -0.00144779  -0.00000000
  0.00081541   0.00000000     0.00179661  -0.00000000    -0.00075717  -0.00000000
  0.00219881   0.00000000    -0.00054846   0.00000000     0.00027101   0.00000000
   28   10
  0.00235396   0.00000000     0.00012448  -0.00000000    -0.00016676   0.00000000
 -0.00003838   0.00000000    -0.00029241  -0.00000000    -0.00028070   0.00000000
 -0.00089366  -0.00000000     0.00131834   0.00000000    -0.00274664  -0.00000000
   28   11
 -0.01806049   0.00000000    -0.04310870   0.00000000    -0.00823804   0.00000000
 -0.03688776  -0.00000000    -0.05448109   0.00000000    -0.01827780   0.00000000
 -0.01117116  -0.00000000    -0.02383065   0.00000000    -0.00413506   0.00000000
   28   12
  0.00113388   0.00000000     0.00080889  -0.00000000     0.00242539   0.00000000
 -0.00000213   0.00000000    -0.00004394   0.00000000     0.00010399   0.00000000
 -0.00079581   0.00000000     0.00078108   0.00000000    -0.00108456   0.00000000
   28   13
 -0.00141068   0.00000000    -0.00213573  -0.00000000    -0.00181969  -0.00000000
 -0.00113290   0.00000000     0.00198924   0.00000000    -0.00087259  -0.00000000
  0.00086782  -0.00000000     0.00129283  -0.00000000    -0.00160087  -0.00000000
   28   14
  0.00337348   0.00000000    -0.00205050  -0.00000000    -0.00144971  -0.00000000
  0.00056196   0.00000000    -0.00173165  -0.00000000     0.00005265  -0.00000000
  0.00116818   0.00000000     0.00253261   0.00000000    -0.00021853   0.00000000
   28   15
 -0.00091113  -0.00000000     0.00062358   0.00000000    -0.00153602  -0.00000000
 -0.00147339  -0.00000000     0.00251044   0.00000000     0.00270287   0.00000000
 -0.00120021   0.00000000     0.00050460  -0.00000000     0.00007711   0.00000000
   28   16
  0.00213606   0.00000000    -0.00167577  -0.00000000    -0.00081126   0.00000000
 -0.00115290   0.00000000    -0.00233216   0.00000000     0.00177928  -0.00000000
  0.00084872  -0.00000000     0.00005960   0.00000000    -0.00037601  -0.00000000
   28   17
 -0.00793948  -0.00000000     0.00666791  -0.00000000    -0.00467017   0.00000000
  0.00304101   0.00000000    -0.00368710   0.00000000     0.00109253   0.00000000
 -0.00627688  -0.00000000     0.00370858  -0.00000000    -0.00169556   0.00000000
   28   18
 -0.00013386   0.00000000     0.00010354   0.00000000    -0.00410715   0.00000000
 -0.00029702  -0.00000000    -0.00054954  -0.00000000    -0.00037803   0.00000000
  0.00400200   0.00000000     0.00020008   0.00000000     0.00022450   0.00000000
   28   19
  0.02672685   0.00000000     0.00173979   0.00000000    -0.01593082  -0.00000000
 -0.00142927  -0.00000000     0.00613674   0.00000000     0.00092014   0.00000000
 -0.01563100  -0.00000000    -0.00101915  -0.00000000     0.01015658   0.00000000
   28   20
 -0.00020209   0.00000000    -0.00061839  -0.00000000    -0.00012407  -0.00000000
 -0.00017546  -0.00000000     0.00042667   0.00000000     0.00060653   0.00000000
 -0.00017310   0.00000000     0.00038235  -0.00000000     0.00001083   0.00000000
   28   21
 -0.00053960   0.00000000     0.00004183  -0.00000000    -0.00094082   0.00000000
  0.00058149   0.00000000    -0.00064853  -0.00000000    -0.00014272   0.00000000
 -0.00153539   0.00000000    -0.00001810  -0.00000000    -0.00114101  -0.00000000
   28   22
 -0.00791796  -0.00000000    -0.00672930   0.00000000     0.00504892  -0.00000000
 -0.00340335  -0.00000000    -0.00429078   0.00000000     0.00177801  -0.00000000
  0.00562626   0.00000000     0.00333294  -0.00000000    -0.00224610  -0.00000000
   28   23
  0.00005069  -0.00000000    -0.00004933  -0.00000000    -0.00432543  -0.00000000
 -0.00016497  -0.00000000    -0.00019321  -0.00000000     0.00014913  -0.00000000
  0.00432003   0.00000000    -0.00037645  -0.00000000     0.00033472   0.00000000
   28   24
 -0.02534161   0.00000000     0.00176852   0.00000000    -0.01378684  -0.00000000
 -0.00178930  -0.00000000    -0.00652147   0.00000000    -0.00062389  -0.00000000
 -0.01621398   0.00000000     0.00100842   0.00000000    -0.00923263  -0.00000000
   28   25
  0.00009829  -0.00000000    -0.00049306  -0.00000000     0.00012620   0.00000000
 -0.00058956  -0.00000000     0.00045200   0.00000000    -0.00055776   0.00000000
 -0.00001137  -0.00000000    -0.00068958  -0.00000000    -0.00023298   0.00000000
   28   26
  0.00108389   0.00000000     0.00007825   0.00000000    -0.00174635  -0.00000000
  0.00005271   0.00000000     0.00131687   0.00000000     0.00035376   0.00000000
 -0.00174541  -0.00000000     0.00046411   0.00000000     0.00081891  -0.00000000
   28   27
  0.00209364   0.00000000    -0.00029721   0.00000000    -0.00041601  -0.00000000
  0.00009555  -0.00000000    -0.00348288   0.00000000    -0.00319479   0.00000000
  0.00041830   0.00000000    -0.00819142  -0.00000000    -0.01080078  -0.00000000
   28   28
  0.12742509  -0.00000000     0.00482206   0.00000000    -0.00297912  -0.00000000
  0.00482206   0.00000000     0.20752054  -0.00000000    -0.00260086  -0.00000000
 -0.00297912  -0.00000000    -0.00260086  -0.00000000     0.12663039  -0.00000000
   28   29
 -0.00045731  -0.00000000    -0.00015703  -0.00000000     0.00000463  -0.00000000
  0.00015703   0.00000000     0.00036926   0.00000000     0.00020788   0.00000000
  0.00000463  -0.00000000    -0.00020788  -0.00000000     0.00016603  -0.00000000
   28   30
 -0.00239648  -0.00000000    -0.00021320   0.00000000    -0.00000784   0.00000000
 -0.00021320   0.00000000     0.00978315  -0.00000000     0.00027004   0.00000000
  0.00000784  -0.00000000    -0.00027004  -0.00000000     0.00008319   0.00000000
   28   31
 -0.00023397  -0.00000000    -0.00007651   0.00000000    -0.00043643   0.00000000
  0.00007651  -0.00000000    -0.00035238  -0.00000000     0.00008381   0.00000000
  0.00043643   0.00000000     0.00008381   0.00000000    -0.00307573   0.00000000
   28   32
 -0.00156492  -0.00000000     0.00010868   0.00000000    -0.00010423   0.00000000
 -0.00017261  -0.00000000     0.00053726   0.00000000     0.00139620  -0.00000000
  0.00030106   0.00000000    -0.00082497  -0.00000000     0.00056765  -0.00000000
   28   33
 -0.00517225  -0.00000000     0.00015997  -0.00000000    -0.00055651  -0.00000000
 -0.00015997   0.00000000     0.00036399   0.00000000    -0.00204222  -0.00000000
  0.00055651   0.00000000    -0.00204222  -0.00000000     0.00188075   0.00000000
   28   34
 -0.00026237   0.00000000    -0.00045367  -0.00000000    -0.00137589   0.00000000
 -0.00045367  -0.00000000    -0.00661438  -0.00000000     0.00154980  -0.00000000
  0.00137589   0.00000000    -0.00154980   0.00000000    -0.03551586  -0.00000000
   28   35
  0.00172743  -0.00000000    -0.00098184   0.00000000     0.00054754   0.00000000
  0.00098184   0.00000000    -0.00432526  -0.00000000    -0.00053087  -0.00000000
  0.00054754   0.00000000     0.00053087   0.00000000     0.00295325  -0.00000000
   28   36
  0.00092681   0.00000000    -0.00003716  -0.00000000     0.00001873   0.00000000
 -0.00003716  -0.00000000    -0.00069094  -0.00000000     0.00013395  -0.00000000
  0.00001873   0.00000000     0.00013395  -0.00000000    -0.00019146  -0.00000000
   29    1
 -0.01030012   0.00000000    -0.00927775   0.00000000     0.00720928  -0.00000000
 -0.00949416   0.00000000    -0.00528895  -0.00000000     0.00531589   0.00000000
  0.00720101   0.00000000     0.00545329   0.00000000    -0.00181522  -0.00000000
   29    2
  0.01008465   0.00000000    -0.00923459  -0.00000000     0.00711538  -0.00000000
 -0.00944249  -0.00000000     0.00515043  -0.00000000    -0.00552061  -0.00000000
  0.00712629   0.00000000    -0.00533646   0.00000000     0.00192237   0.00000000
   29    3
  0.00035660   0.00000000    -0.00012124  -0.00000000     0.00004757  -0.00000000
 -0.00001292  -0.00000000     0.00014711   0.00000000     0.00050183   0.00000000
 -0.00011574  -0.00000000    -0.00012116  -0.00000000     0.00018268   0.00000000
   29    4
  0.00217520   0.00000000    -0.00008221  -0.00000000    -0.00004950   0.00000000
 -0.00009221  -0.00000000    -0.00512167   0.00000000    -0.01087587  -0.00000000
  0.00003693   0.00000000    -0.01097212  -0.00000000    -0.01444507  -0.00000000
   29    5
  0.00337348   0.00000000     0.00205050   0.00000000    -0.00144971  -0.00000000
 -0.00056196  -0.00000000    -0.00173165  -0.00000000    -0.00005265   0.00000000
  0.00116818   0.00000000    -0.00253261  -0.00000000    -0.00021853   0.00000000
   29    6
  0.00113388   0.00000000    -0.00080889   0.00000000     0.00242539  -0.00000000
  0.00000213   0.00000000    -0.00004394   0.00000000    -0.00010399  -0.00000000
 -0.00079581   0.00000000    -0.00078108  -0.00000000    -0.00108456   0.00000000
   29    7
  0.00235396   0.00000000    -0.00012448   0.00000000    -0.00016676   0.00000000
  0.00003838  -0.00000000    -0.00029241  -0.00000000     0.00028070  -0.00000000
 -0.00089366  -0.00000000    -0.00131834  -0.00000000    -0.00274664  -0.00000000
   29    8
 -0.01806049   0.00000000     0.04310870  -0.00000000    -0.00823804   0.00000000
  0.03688776   0.00000000    -0.05448109   0.00000000     0.01827780  -0.00000000
 -0.01117116  -0.00000000     0.02383065  -0.00000000    -0.00413506   0.00000000
   29    9
 -0.00091113  -0.00000000    -0.00062358  -0.00000000    -0.00153602  -0.00000000
  0.00147339   0.00000000     0.00251044   0.00000000    -0.00270287  -0.00000000
 -0.00120021  -0.00000000    -0.00050460   0.00000000     0.00007711   0.00000000
   29   10
 -0.00072261  -0.00000000     0.00047641   0.00000000     0.00169947   0.00000000
  0.00099982  -0.00000000    -0.05429405   0.00000000    -0.03847971   0.00000000
  0.00175087   0.00000000    -0.04982035  -0.00000000    -0.02316878  -0.00000000
   29   11
 -0.00112866   0.00000000    -0.00085468  -0.00000000     0.00266397   0.00000000
 -0.00065393   0.00000000     0.00013269   0.00000000     0.00021783   0.00000000
 -0.00094656   0.00000000     0.00132631  -0.00000000     0.00041896  -0.00000000
   29   12
  0.01447516   0.00000000     0.03980764   0.00000000    -0.00725260  -0.00000000
  0.03146201   0.00000000     0.05007576   0.00000000    -0.01646828  -0.00000000
 -0.01044923  -0.00000000    -0.02299036  -0.00000000     0.00531283   0.00000000
   29   13
  0.00213606   0.00000000     0.00167577   0.00000000    -0.00081126   0.00000000
  0.00115290   0.00000000    -0.00233216  -0.00000000    -0.00177928  -0.00000000
  0.00084872  -0.00000000    -0.00005960  -0.00000000    -0.00037601  -0.00000000
   29   14
  0.00092389   0.00000000    -0.00241439  -0.00000000    -0.00164420  -0.00000000
 -0.00015018  -0.00000000    -0.00171803   0.00000000     0.00181335   0.00000000
  0.00105080  -0.00000000     0.00088804  -0.00000000     0.00233443  -0.00000000
   29   15
 -0.00164595  -0.00000000     0.00175061   0.00000000    -0.00144779  -0.00000000
 -0.00081541  -0.00000000     0.00179661  -0.00000000     0.00075717   0.00000000
  0.00219881   0.00000000     0.00054846  -0.00000000     0.00027101   0.00000000
   29   16
 -0.00141068   0.00000000     0.00213573   0.00000000    -0.00181969  -0.00000000
  0.00113290  -0.00000000     0.00198924   0.00000000     0.00087259   0.00000000
  0.00086782  -0.00000000    -0.00129283   0.00000000    -0.00160087  -0.00000000
   29   17
 -0.00793948  -0.00000000    -0.00666791  -0.00000000    -0.00467017  -0.00000000
 -0.00304101  -0.00000000    -0.00368710  -0.00000000    -0.00109253  -0.00000000
 -0.00627688  -0.00000000    -0.00370858  -0.00000000    -0.00169556  -0.00000000
   29   18
  0.02672685   0.00000000    -0.00173979  -0.00000000    -0.01593082  -0.00000000
  0.00142927   0.00000000     0.00613674   0.00000000    -0.00092014  -0.00000000
 -0.01563100  -0.00000000     0.00101915   0.00000000     0.01015658   0.00000000
   29   19
 -0.00013386  -0.00000000    -0.00010354  -0.00000000    -0.00410715   0.00000000
  0.00029702   0.00000000    -0.00054954  -0.00000000     0.00037803  -0.00000000
  0.00400200   0.00000000    -0.00020008  -0.00000000     0.00022450   0.00000000
   29   20
 -0.00053960   0.00000000    -0.00004183   0.00000000    -0.00094082   0.00000000
 -0.00058149  -0.00000000    -0.00064853  -0.00000000     0.00014272  -0.00000000
 -0.00153539   0.00000000     0.00001810   0.00000000    -0.00114101  -0.00000000
   29   21
 -0.00020209   0.00000000     0.00061839   0.00000000    -0.00012407  -0.00000000
  0.00017546  -0.00000000     0.00042667  -0.00000000    -0.00060653  -0.00000000
 -0.00017310  -0.00000000    -0.00038235   0.00000000     0.00001083   0.00000000
   29   22
 -0.00791796  -0.00000000     0.00672930  -0.00000000     0.00504892   0.00000000
  0.00340335  -0.00000000    -0.00429078   0.00000000    -0.00177801   0.00000000
  0.00562626   0.00000000    -0.00333294   0.00000000    -0.00224610   0.00000000
   29   23
 -0.02534161   0.00000000    -0.00176852  -0.00000000    -0.01378684  -0.00000000
  0.00178930   0.00000000    -0.00652147   0.00000000     0.00062389   0.00000000
 -0.01621398   0.00000000    -0.00100842  -0.00000000    -0.00923263  -0.00000000
   29   24
  0.00005069  -0.00000000     0.00004933   0.00000000    -0.00432543  -0.00000000
  0.00016497   0.00000000    -0.00019321  -0.00000000    -0.00014913   0.00000000
  0.00432003   0.00000000     0.00037645   0.00000000     0.00033472   0.00000000
   29   25
  0.00108389   0.00000000    -0.00007825  -0.00000000    -0.00174635  -0.00000000
 -0.00005271  -0.00000000     0.00131687  -0.00000000    -0.00035376   0.00000000
 -0.00174541  -0.00000000    -0.00046411   0.00000000     0.00081891   0.00000000
   29   26
  0.00009829  -0.00000000     0.00049306   0.00000000     0.00012620  -0.00000000
  0.00058956   0.00000000     0.00045200   0.00000000     0.00055776  -0.00000000
 -0.00001137   0.00000000     0.00068958   0.00000000    -0.00023298   0.00000000
   29   27
 -0.00209364  -0.00000000    -0.00029721   0.00000000     0.00041601   0.00000000
  0.00009555   0.00000000     0.00348288   0.00000000    -0.00319479   0.00000000
 -0.00041830   0.00000000    -0.00819142  -0.00000000     0.01080078  -0.00000000
   29   28
 -0.00045731  -0.00000000     0.00015703   0.00000000     0.00000463  -0.00000000
 -0.00015703  -0.00000000     0.00036926   0.00000000    -0.00020788  -0.00000000
  0.00000463  -0.00000000     0.00020788   0.00000000     0.00016603  -0.00000000
   29   29
  0.12742509  -0.00000000    -0.00482206  -0.00000000    -0.00297912  -0.00000000
 -0.00482206  -0.00000000     0.20752054  -0.00000000     0.00260086   0.00000000
 -0.00297912  -0.00000000     0.00260086   0.00000000     0.12663039  -0.00000000
   29   30
 -0.00023397  -0.00000000     0.00007651   0.00000000    -0.00043643   0.00000000
 -0.00007651  -0.00000000    -0.00035238  -0.00000000    -0.00008381  -0.00000000
  0.00043643   0.00000000    -0.00008381  -0.00000000    -0.00307573  -0.00000000
   29   31
 -0.00239648  -0.00000000     0.00021320  -0.00000000    -0.00000784   0.00000000
  0.00021320  -0.00000000     0.00978315  -0.00000000    -0.00027004  -0.00000000
  0.00000784  -0.00000000     0.00027004   0.00000000     0.00008319   0.00000000
   29   32
  0.00156492   0.00000000     0.00010868   0.00000000     0.00010423  -0.00000000
 -0.00017261  -0.00000000    -0.00053726  -0.00000000     0.00139620   0.00000000
 -0.00030106  -0.00000000    -0.00082497  -0.00000000    -0.00056765   0.00000000
   29   33
 -0.00026237   0.00000000     0.00045367   0.00000000    -0.00137589   0.00000000
  0.00045367   0.00000000    -0.00661438  -0.00000000    -0.00154980  -0.00000000
  0.00137589   0.00000000     0.00154980  -0.00000000    -0.03551586  -0.00000000
   29   34
 -0.00517225  -0.00000000    -0.00015997   0.00000000    -0.00055651  -0.00000000
  0.00015997  -0.00000000     0.00036399   0.00000000     0.00204222   0.00000000
  0.00055651   0.00000000     0.00204222   0.00000000     0.00188075   0.00000000
   29   35
  0.00092681   0.00000000     0.00003716   0.00000000     0.00001873   0.00000000
  0.00003716   0.00000000    -0.00069094  -0.00000000    -0.00013395   0.00000000
  0.00001873   0.00000000    -0.00013395   0.00000000    -0.00019146  -0.00000000
   29   36
  0.00172743  -0.00000000     0.00098184   0.00000000     0.00054754   0.00000000
 -0.00098184   0.00000000    -0.00432526  -0.00000000     0.00053087   0.00000000
  0.00054754   0.00000000    -0.00053087  -0.00000000     0.00295325  -0.00000000
   30    1
  0.01008465   0.00000000     0.00923459   0.00000000    -0.00711538   0.00000000
  0.00944249   0.00000000     0.00515043  -0.00000000    -0.00552061  -0.00000000
 -0.00712629  -0.00000000    -0.00533646   0.00000000     0.00192237  -0.00000000
   30    2
 -0.01030012   0.00000000     0.00927775  -0.00000000    -0.00720928   0.00000000
  0.00949416  -0.00000000    -0.00528895  -0.00000000     0.00531589   0.00000000
 -0.00720101  -0.00000000     0.00545329   0.00000000    -0.00181522  -0.00000000
   30    3
  0.00035660   0.00000000     0.00012124   0.00000000    -0.00004757   0.00000000
  0.00001292   0.00000000     0.00014711   0.00000000     0.00050183   0.00000000
  0.00011574   0.00000000    -0.00012116  -0.00000000     0.00018268   0.00000000
   30    4
  0.00217520   0.00000000     0.00008221   0.00000000     0.00004950  -0.00000000
  0.00009221   0.00000000    -0.00512167   0.00000000    -0.01087587   0.00000000
 -0.00003693  -0.00000000    -0.01097212  -0.00000000    -0.01444507  -0.00000000
   30    5
  0.00113388   0.00000000     0.00080889  -0.00000000    -0.00242539   0.00000000
 -0.00000213  -0.00000000    -0.00004394   0.00000000    -0.00010399  -0.00000000
  0.00079581   0.00000000    -0.00078108  -0.00000000    -0.00108456  -0.00000000
   30    6
  0.00337348   0.00000000    -0.00205050  -0.00000000     0.00144971   0.00000000
  0.00056196   0.00000000    -0.00173165   0.00000000    -0.00005265   0.00000000
 -0.00116818  -0.00000000    -0.00253261   0.00000000    -0.00021853  -0.00000000
   30    7
  0.00235396   0.00000000     0.00012448  -0.00000000     0.00016676  -0.00000000
 -0.00003838   0.00000000    -0.00029241  -0.00000000     0.00028070  -0.00000000
  0.00089366   0.00000000    -0.00131834  -0.00000000    -0.00274664  -0.00000000
   30    8
 -0.00091113  -0.00000000     0.00062358  -0.00000000     0.00153602  -0.00000000
 -0.00147339  -0.00000000     0.00251044   0.00000000    -0.00270287  -0.00000000
  0.00120021   0.00000000    -0.00050460   0.00000000     0.00007711   0.00000000
   30    9
 -0.01806049   0.00000000    -0.04310870   0.00000000     0.00823804  -0.00000000
 -0.03688776  -0.00000000    -0.05448109   0.00000000     0.01827780  -0.00000000
  0.01117116   0.00000000     0.02383065  -0.00000000    -0.00413506   0.00000000
   30   10
 -0.00072261   0.00000000    -0.00047641  -0.00000000    -0.00169947   0.00000000
 -0.00099982  -0.00000000    -0.05429405   0.00000000    -0.03847971   0.00000000
 -0.00175087  -0.00000000    -0.04982035  -0.00000000    -0.02316878   0.00000000
   30   11
 -0.00164595  -0.00000000    -0.00175061  -0.00000000     0.00144779   0.00000000
  0.00081541   0.00000000     0.00179661  -0.00000000     0.00075717   0.00000000
 -0.00219881  -0.00000000     0.00054846  -0.00000000     0.00027101   0.00000000
   30   12
  0.00092389   0.00000000     0.00241439   0.00000000     0.00164420   0.00000000
  0.00015018   0.00000000    -0.00171803   0.00000000     0.00181335   0.00000000
 -0.00105080   0.00000000     0.00088804   0.00000000     0.00233443   0.00000000
   30   13
 -0.00141068   0.00000000    -0.00213573   0.00000000     0.00181969   0.00000000
 -0.00113290   0.00000000     0.00198924   0.00000000     0.00087259   0.00000000
 -0.00086782  -0.00000000    -0.00129283   0.00000000    -0.00160087  -0.00000000
   30   14
  0.01447516   0.00000000    -0.03980764   0.00000000     0.00725260  -0.00000000
 -0.03146201  -0.00000000     0.05007576   0.00000000    -0.01646828  -0.00000000
  0.01044923   0.00000000    -0.02299036   0.00000000     0.00531283  -0.00000000
   30   15
 -0.00112866   0.00000000     0.00085468  -0.00000000    -0.00266397   0.00000000
  0.00065393  -0.00000000     0.00013269   0.00000000     0.00021783   0.00000000
  0.00094656  -0.00000000     0.00132631  -0.00000000     0.00041896  -0.00000000
   30   16
  0.00213606   0.00000000    -0.00167577  -0.00000000     0.00081126  -0.00000000
 -0.00115290   0.00000000    -0.00233216   0.00000000    -0.00177928   0.00000000
 -0.00084872   0.00000000    -0.00005960  -0.00000000    -0.00037601  -0.00000000
   30   17
 -0.00793948  -0.00000000     0.00666791   0.00000000     0.00467017   0.00000000
  0.00304101   0.00000000    -0.00368710  -0.00000000    -0.00109253  -0.00000000
  0.00627688   0.00000000    -0.00370858  -0.00000000    -0.00169556  -0.00000000
   30   18
  0.00009829  -0.00000000    -0.00049306  -0.00000000    -0.00012620   0.00000000
 -0.00058956  -0.00000000     0.00045200   0.00000000     0.00055776  -0.00000000
  0.00001137  -0.00000000     0.00068958   0.00000000    -0.00023298   0.00000000
   30   19
  0.00108389  -0.00000000     0.00007825   0.00000000     0.00174635  -0.00000000
  0.00005271   0.00000000     0.00131687  -0.00000000    -0.00035376   0.00000000
  0.00174541   0.00000000    -0.00046411   0.00000000     0.00081891   0.00000000
   30   20
  0.00005069  -0.00000000    -0.00004933   0.00000000     0.00432543   0.00000000
 -0.00016497   0.00000000    -0.00019321  -0.00000000    -0.00014913  -0.00000000
 -0.00432003  -0.00000000     0.00037645   0.00000000     0.00033472   0.00000000
   30   21
 -0.02534161   0.00000000     0.00176852   0.00000000     0.01378684   0.00000000
 -0.00178930  -0.00000000    -0.00652147   0.00000000     0.00062389   0.00000000
  0.01621398   0.00000000    -0.00100842  -0.00000000    -0.00923263  -0.00000000
   30   22
 -0.00791796  -0.00000000    -0.00672930   0.00000000    -0.00504892  -0.00000000
 -0.00340335   0.00000000    -0.00429078   0.00000000    -0.00177801   0.00000000
 -0.00562626  -0.00000000    -0.00333294   0.00000000    -0.00224610  -0.00000000
   30   23
 -0.00020209   0.00000000    -0.00061839  -0.00000000     0.00012407   0.00000000
 -0.00017546  -0.00000000     0.00042667  -0.00000000    -0.00060653  -0.00000000
  0.00017310  -0.00000000    -0.00038235   0.00000000     0.00001083   0.00000000
   30   24
 -0.00053960   0.00000000     0.00004183  -0.00000000     0.00094082   0.00000000
  0.00058149   0.00000000    -0.00064853  -0.00000000     0.00014272  -0.00000000
  0.00153539  -0.00000000     0.00001810   0.00000000    -0.00114101  -0.00000000
   30   25
 -0.00013386  -0.00000000     0.00010354   0.00000000     0.00410715   0.00000000
 -0.00029702  -0.00000000    -0.00054954  -0.00000000     0.00037803   0.00000000
 -0.00400200  -0.00000000    -0.00020008  -0.00000000     0.00022450   0.00000000
   30   26
  0.02672685  -0.00000000     0.00173979   0.00000000     0.01593082  -0.00000000
 -0.00142927  -0.00000000     0.00613674   0.00000000    -0.00092014  -0.00000000
  0.01563100  -0.00000000     0.00101915  -0.00000000     0.01015658  -0.00000000
   30   27
  0.00156492   0.00000000    -0.00010868  -0.00000000    -0.00010423   0.00000000
  0.00017261   0.00000000    -0.00053726  -0.00000000     0.00139620   0.00000000
  0.00030106   0.00000000    -0.00082497  -0.00000000    -0.00056765   0.00000000
   30   28
 -0.00239648  -0.00000000    -0.00021320   0.00000000     0.00000784  -0.00000000
 -0.00021320   0.00000000     0.00978315  -0.00000000    -0.00027004  -0.00000000
 -0.00000784   0.00000000     0.00027004   0.00000000     0.00008319   0.00000000
   30   29
 -0.00023397  -0.00000000    -0.00007651  -0.00000000     0.00043643   0.00000000
  0.00007651   0.00000000    -0.00035238  -0.00000000    -0.00008381  -0.00000000
 -0.00043643   0.00000000    -0.00008381  -0.00000000    -0.00307573  -0.00000000
   30   30
  0.12742509  -0.00000000     0.00482206   0.00000000     0.00297912  -0.00000000
  0.00482206   0.00000000     0.20752054  -0.00000000     0.00260086   0.00000000
  0.00297912  -0.00000000     0.00260086   0.00000000     0.12663039  -0.00000000
   30   31
 -0.00045731  -0.00000000    -0.00015703  -0.00000000    -0.00000463   0.00000000
  0.00015703   0.00000000     0.00036926   0.00000000    -0.00020788  -0.00000000
 -0.00000463   0.00000000     0.00020788   0.00000000     0.00016603  -0.00000000
   30   32
 -0.00209364  -0.00000000     0.00029721  -0.00000000    -0.00041601  -0.00000000
 -0.00009555  -0.00000000     0.00348288   0.00000000    -0.00319479   0.00000000
  0.00041830  -0.00000000    -0.00819142  -0.00000000     0.01080078  -0.00000000
   30   33
  0.00172743  -0.00000000    -0.00098184  -0.00000000    -0.00054754  -0.00000000
  0.00098184  -0.00000000    -0.00432526  -0.00000000     0.00053087   0.00000000
 -0.00054754  -0.00000000    -0.00053087  -0.00000000     0.00295325  -0.00000000
   30   34
  0.00092681   0.00000000    -0.00003716  -0.00000000    -0.00001873  -0.00000000
 -0.00003716  -0.00000000    -0.00069094  -0.00000000    -0.00013395   0.00000000
 -0.00001873  -0.00000000    -0.00013395   0.00000000    -0.00019146   0.00000000
   30   35
 -0.00517225  -0.00000000     0.00015997  -0.00000000     0.00055651   0.00000000
 -0.00015997   0.00000000     0.00036399   0.00000000     0.00204222   0.00000000
 -0.00055651  -0.00000000     0.00204222   0.00000000     0.00188075   0.00000000
   30   36
 -0.00026237   0.00000000    -0.00045367  -0.00000000     0.00137589   0.00000000
 -0.00045367  -0.00000000    -0.00661438  -0.00000000    -0.00154980   0.00000000
 -0.00137589   0.00000000     0.00154980  -0.00000000    -0.03551586  -0.00000000
   31    1
  0.01008465   0.00000000    -0.00923459  -0.00000000    -0.00711538   0.00000000
 -0.00944249   0.00000000     0.00515043  -0.00000000     0.00552061   0.00000000
 -0.00712629  -0.00000000     0.00533646  -0.00000000     0.00192237  -0.00000000
   31    2
 -0.01030012   0.00000000    -0.00927775   0.00000000    -0.00720928   0.00000000
 -0.00949416  -0.00000000    -0.00528895  -0.00000000    -0.00531589   0.00000000
 -0.00720101  -0.00000000    -0.00545329  -0.00000000    -0.00181522   0.00000000
   31    3
 -0.00035660   0.00000000     0.00012124  -0.00000000     0.00004757  -0.00000000
  0.00001292  -0.00000000    -0.00014711  -0.00000000     0.00050183  -0.00000000
 -0.00011574  -0.00000000    -0.00012116  -0.00000000    -0.00018268  -0.00000000
   31    4
 -0.00217520   0.00000000     0.00008221  -0.00000000    -0.00004950   0.00000000
  0.00009221   0.00000000     0.00512167   0.00000000    -0.01087587   0.00000000
  0.00003693   0.00000000    -0.01097212  -0.00000000     0.01444507  -0.00000000
   31    5
  0.01447516   0.00000000     0.03980764  -0.00000000     0.00725260  -0.00000000
  0.03146201   0.00000000     0.05007576   0.00000000     0.01646828   0.00000000
  0.01044923   0.00000000     0.02299036  -0.00000000     0.00531283   0.00000000
   31    6
  0.00092389   0.00000000    -0.00241439  -0.00000000     0.00164420   0.00000000
 -0.00015018  -0.00000000    -0.00171803   0.00000000    -0.00181335  -0.00000000
 -0.00105080   0.00000000    -0.00088804  -0.00000000     0.00233443   0.00000000
   31    7
 -0.00072261   0.00000000     0.00047641   0.00000000    -0.00169947   0.00000000
  0.00099982   0.00000000    -0.05429405   0.00000000     0.03847971  -0.00000000
 -0.00175087  -0.00000000     0.04982035   0.00000000    -0.02316878  -0.00000000
   31    8
 -0.00164595  -0.00000000     0.00175061   0.00000000     0.00144779   0.00000000
 -0.00081541  -0.00000000     0.00179661  -0.00000000    -0.00075717  -0.00000000
 -0.00219881  -0.00000000    -0.00054846   0.00000000     0.00027101   0.00000000
   31    9
 -0.00112866  -0.00000000    -0.00085468  -0.00000000    -0.00266397   0.00000000
 -0.00065393  -0.00000000     0.00013269   0.00000000    -0.00021783  -0.00000000
  0.00094656  -0.00000000    -0.00132631   0.00000000     0.00041896  -0.00000000
   31   10
  0.00235396   0.00000000    -0.00012448   0.00000000     0.00016676  -0.00000000
  0.00003838  -0.00000000    -0.00029241  -0.00000000    -0.00028070   0.00000000
  0.00089366   0.00000000     0.00131834   0.00000000    -0.00274664  -0.00000000
   31   11
 -0.00091113  -0.00000000    -0.00062358  -0.00000000     0.00153602  -0.00000000
  0.00147339   0.00000000     0.00251044   0.00000000     0.00270287   0.00000000
  0.00120021  -0.00000000     0.00050460  -0.00000000     0.00007711   0.00000000
   31   12
  0.00337348   0.00000000     0.00205050   0.00000000     0.00144971   0.00000000
 -0.00056196  -0.00000000    -0.00173165  -0.00000000     0.00005265  -0.00000000
 -0.00116818  -0.00000000     0.00253261  -0.00000000    -0.00021853  -0.00000000
   31   13
  0.00213606   0.00000000     0.00167577   0.00000000     0.00081126  -0.00000000
  0.00115290  -0.00000000    -0.00233216   0.00000000     0.00177928  -0.00000000
 -0.00084872   0.00000000     0.00005960   0.00000000    -0.00037601  -0.00000000
   31   14
  0.00113388   0.00000000    -0.00080889   0.00000000    -0.00242539  -0.00000000
  0.00000213   0.00000000    -0.00004394   0.00000000     0.00010399   0.00000000
  0.00079581   0.00000000     0.00078108   0.00000000    -0.00108456  -0.00000000
   31   15
 -0.01806049   0.00000000     0.04310870  -0.00000000     0.00823804  -0.00000000
  0.03688776   0.00000000    -0.05448109   0.00000000    -0.01827780   0.00000000
  0.01117116   0.00000000    -0.02383065   0.00000000    -0.00413506   0.00000000
   31   16
 -0.00141068   0.00000000     0.00213573   0.00000000     0.00181969   0.00000000
  0.00113290  -0.00000000     0.00198924   0.00000000    -0.00087259  -0.00000000
 -0.00086782  -0.00000000     0.00129283  -0.00000000    -0.00160087  -0.00000000
   31   17
 -0.00793948  -0.00000000    -0.00666791  -0.00000000     0.00467017  -0.00000000
 -0.00304101  -0.00000000    -0.00368710   0.00000000     0.00109253   0.00000000
  0.00627688   0.00000000     0.00370858  -0.00000000    -0.00169556   0.00000000
   31   18
  0.00108389  -0.00000000    -0.00007825  -0.00000000     0.00174635  -0.00000000
 -0.00005271  -0.00000000     0.00131687   0.00000000     0.00035376   0.00000000
  0.00174541  -0.00000000     0.00046411   0.00000000     0.00081891   0.00000000
   31   19
  0.00009829  -0.00000000     0.00049306   0.00000000    -0.00012620  -0.00000000
  0.00058956   0.00000000     0.00045200   0.00000000    -0.00055776   0.00000000
  0.00001137  -0.00000000    -0.00068958  -0.00000000    -0.00023298   0.00000000
   31   20
 -0.02534161   0.00000000    -0.00176852  -0.00000000     0.01378684   0.00000000
  0.00178930   0.00000000    -0.00652147   0.00000000    -0.00062389  -0.00000000
  0.01621398   0.00000000     0.00100842   0.00000000    -0.00923263  -0.00000000
   31   21
  0.00005069  -0.00000000     0.00004933  -0.00000000     0.00432543   0.00000000
  0.00016497  -0.00000000    -0.00019321  -0.00000000     0.00014913   0.00000000
 -0.00432003  -0.00000000    -0.00037645   0.00000000     0.00033472   0.00000000
   31   22
 -0.00791796  -0.00000000     0.00672930  -0.00000000    -0.00504892  -0.00000000
  0.00340335   0.00000000    -0.00429078   0.00000000     0.00177801  -0.00000000
 -0.00562626  -0.00000000     0.00333294  -0.00000000    -0.00224610  -0.00000000
   31   23
 -0.00053960   0.00000000    -0.00004183   0.00000000     0.00094082  -0.00000000
 -0.00058149  -0.00000000    -0.00064853  -0.00000000    -0.00014272   0.00000000
  0.00153539  -0.00000000    -0.00001810  -0.00000000    -0.00114101  -0.00000000
   31   24
 -0.00020209   0.00000000     0.00061839   0.00000000     0.00012407   0.00000000
  0.00017546   0.00000000     0.00042667   0.00000000     0.00060653   0.00000000
  0.00017310  -0.00000000     0.00038235  -0.00000000     0.00001083   0.00000000
   31   25
  0.02672685  -0.00000000    -0.00173979  -0.00000000     0.01593082  -0.00000000
  0.00142927   0.00000000     0.00613674   0.00000000     0.00092014   0.00000000
  0.01563100  -0.00000000    -0.00101915  -0.00000000     0.01015658  -0.00000000
   31   26
 -0.00013386  -0.00000000    -0.00010354  -0.00000000     0.00410715   0.00000000
  0.00029702  -0.00000000    -0.00054954  -0.00000000    -0.00037803  -0.00000000
 -0.00400200  -0.00000000     0.00020008  -0.00000000     0.00022450   0.00000000
   31   27
 -0.00156492   0.00000000    -0.00010868  -0.00000000     0.00010423  -0.00000000
  0.00017261  -0.00000000     0.00053726   0.00000000     0.00139620  -0.00000000
 -0.00030106  -0.00000000    -0.00082497  -0.00000000     0.00056765  -0.00000000
   31   28
 -0.00023397  -0.00000000     0.00007651  -0.00000000     0.00043643   0.00000000
 -0.00007651   0.00000000    -0.00035238  -0.00000000     0.00008381   0.00000000
 -0.00043643   0.00000000     0.00008381   0.00000000    -0.00307573   0.00000000
   31   29
 -0.00239648  -0.00000000     0.00021320  -0.00000000     0.00000784  -0.00000000
  0.00021320  -0.00000000     0.00978315  -0.00000000     0.00027004   0.00000000
 -0.00000784   0.00000000    -0.00027004  -0.00000000     0.00008319   0.00000000
   31   30
 -0.00045731  -0.00000000     0.00015703   0.00000000    -0.00000463   0.00000000
 -0.00015703  -0.00000000     0.00036926   0.00000000     0.00020788   0.00000000
 -0.00000463   0.00000000    -0.00020788  -0.00000000     0.00016603  -0.00000000
   31   31
  0.12742509  -0.00000000    -0.00482206  -0.00000000     0.00297912  -0.00000000
 -0.00482206  -0.00000000     0.20752054  -0.00000000    -0.00260086  -0.00000000
  0.00297912  -0.00000000    -0.00260086  -0.00000000     0.12663039  -0.00000000
   31   32
  0.00209364   0.00000000     0.00029721  -0.00000000     0.00041601   0.00000000
 -0.00009555   0.00000000    -0.00348288   0.00000000    -0.00319479   0.00000000
 -0.00041830  -0.00000000    -0.00819142  -0.00000000    -0.01080078  -0.00000000
   31   33
  0.00092681   0.00000000     0.00003716   0.00000000    -0.00001873  -0.00000000
  0.00003716   0.00000000    -0.00069094  -0.00000000     0.00013395  -0.00000000
 -0.00001873  -0.00000000     0.00013395  -0.00000000    -0.00019146   0.00000000
   31   34
  0.00172743  -0.00000000     0.00098184  -0.00000000    -0.00054754  -0.00000000
 -0.00098184  -0.00000000    -0.00432526  -0.00000000    -0.00053087  -0.00000000
 -0.00054754  -0.00000000     0.00053087   0.00000000     0.00295325  -0.00000000
   31   35
 -0.00026237   0.00000000     0.00045367   0.00000000     0.00137589   0.00000000
  0.00045367   0.00000000    -0.00661438  -0.00000000     0.00154980  -0.00000000
 -0.00137589   0.00000000    -0.00154980  -0.00000000    -0.03551586  -0.00000000
   31   36
 -0.00517225  -0.00000000    -0.00015997   0.00000000     0.00055651   0.00000000
  0.00015997  -0.00000000     0.00036399   0.00000000    -0.00204222  -0.00000000
 -0.00055651  -0.00000000    -0.00204222  -0.00000000     0.00188075   0.00000000
   32    1
 -0.00000000   0.00000000    -0.00017053  -0.00000000    -0.00000000   0.00000000
 -0.00001413   0.00000000    -0.00000000   0.00000000    -0.00009296  -0.00000000
  0.00000000   0.00000000     0.00081928   0.00000000    -0.00000000  -0.00000000
   32    2
 -0.00000000   0.00000000     0.00017053   0.00000000    -0.00000000   0.00000000
  0.00001413  -0.00000000     0.00000000   0.00000000     0.00009296   0.00000000
 -0.00000000   0.00000000    -0.00081928  -0.00000000     0.00000000  -0.00000000
   32    3
  0.00150341   0.00000000     0.00000000  -0.00000000    -0.00001154   0.00000000
 -0.00000000   0.00000000    -0.00496773   0.00000000     0.00000000  -0.00000000
  0.00007331   0.00000000     0.00000000   0.00000000     0.00074484   0.00000000
   32    4
 -0.00150341  -0.00000000     0.00000000  -0.00000000     0.00001154   0.00000000
  0.00000000   0.00000000     0.00496773   0.00000000     0.00000000   0.00000000
 -0.00007331  -0.00000000     0.00000000  -0.00000000    -0.00074484   0.00000000
   32    5
  0.01656497   0.00000000    -0.00000000   0.00000000    -0.03538338  -0.00000000
  0.00000000  -0.00000000     0.00127805   0.00000000     0.00000000  -0.00000000
 -0.03277771  -0.00000000    -0.00000000   0.00000000     0.05377046   0.00000000
   32    6
 -0.00303156  -0.00000000    -0.00000000  -0.00000000    -0.00191068  -0.00000000
 -0.00000000  -0.00000000    -0.00012331  -0.00000000     0.00000000   0.00000000
  0.00165093   0.00000000     0.00000000   0.00000000     0.00023845   0.00000000
   32    7
  0.00020499  -0.00000000     0.00000000   0.00000000     0.00133584   0.00000000
 -0.00000000   0.00000000    -0.00075671  -0.00000000    -0.00000000   0.00000000
  0.00094409  -0.00000000     0.00000000  -0.00000000    -0.00085295   0.00000000
   32    8
 -0.00165775   0.00000000     0.00000000  -0.00000000     0.00390827   0.00000000
  0.00000000  -0.00000000    -0.00086968  -0.00000000    -0.00000000  -0.00000000
 -0.00086572  -0.00000000    -0.00000000   0.00000000     0.00049202  -0.00000000
   32    9
  0.01719911   0.00000000     0.00000000   0.00000000     0.03156062   0.00000000
 -0.00000000  -0.00000000     0.00368491  -0.00000000     0.00000000   0.00000000
  0.02805765  -0.00000000     0.00000000  -0.00000000     0.04778509  -0.00000000
   32   10
 -0.00020499  -0.00000000    -0.00000000  -0.00000000    -0.00133584  -0.00000000
  0.00000000   0.00000000     0.00075671  -0.00000000     0.00000000   0.00000000
 -0.00094409   0.00000000     0.00000000  -0.00000000     0.00085295   0.00000000
   32   11
  0.00165775   0.00000000     0.00000000   0.00000000    -0.00390827  -0.00000000
 -0.00000000  -0.00000000     0.00086968  -0.00000000    -0.00000000  -0.00000000
  0.00086572   0.00000000    -0.00000000  -0.00000000    -0.00049202  -0.00000000
   32   12
  0.00303156   0.00000000    -0.00000000   0.00000000     0.00191068   0.00000000
  0.00000000  -0.00000000     0.00012331  -0.00000000     0.00000000  -0.00000000
 -0.00165093  -0.00000000     0.00000000   0.00000000    -0.00023845  -0.00000000
   32   13
  0.07024227  -0.00000000    -0.00000000   0.00000000     0.00083134  -0.00000000
  0.00000000  -0.00000000     0.00045282  -0.00000000    -0.00000000   0.00000000
  0.00057105   0.00000000    -0.00000000  -0.00000000    -0.00470755  -0.00000000
   32   14
 -0.01656497  -0.00000000     0.00000000  -0.00000000     0.03538338   0.00000000
  0.00000000  -0.00000000    -0.00127805  -0.00000000     0.00000000  -0.00000000
  0.03277771  -0.00000000    -0.00000000  -0.00000000    -0.05377046   0.00000000
   32   15
 -0.01719911  -0.00000000    -0.00000000   0.00000000    -0.03156062  -0.00000000
  0.00000000  -0.00000000    -0.00368491  -0.00000000     0.00000000  -0.00000000
 -0.02805765   0.00000000     0.00000000  -0.00000000    -0.04778509   0.00000000
   32   16
 -0.07024227   0.00000000     0.00000000  -0.00000000    -0.00083134  -0.00000000
 -0.00000000  -0.00000000    -0.00045282   0.00000000    -0.00000000  -0.00000000
 -0.00057105   0.00000000    -0.00000000  -0.00000000     0.00470755   0.00000000
   32   17
 -0.00000000   0.00000000     0.00000000   0.00000000     0.00000000   0.00000000
  0.00000000   0.00000000    -0.00000000  -0.00000000     0.00000000   0.00000000
  0.00000000   0.00000000     0.00000000   0.00000000     0.00000000   0.00000000
   32   18
  0.00841351  -0.00000000     0.00362551   0.00000000    -0.00602705  -0.00000000
  0.00702314   0.00000000     0.00401389   0.00000000    -0.00342572   0.00000000
 -0.00510643   0.00000000    -0.00145091   0.00000000     0.00237211   0.00000000
   32   19
 -0.00841351  -0.00000000     0.00362551   0.00000000     0.00602705   0.00000000
  0.00702314  -0.00000000    -0.00401389   0.00000000    -0.00342572   0.00000000
  0.00510643  -0.00000000    -0.00145091   0.00000000    -0.00237211  -0.00000000
   32   20
 -0.00774776  -0.00000000    -0.00312356  -0.00000000    -0.00537307  -0.00000000
 -0.00692284   0.00000000    -0.00368121   0.00000000    -0.00317985   0.00000000
 -0.00562094  -0.00000000    -0.00187572   0.00000000    -0.00201391  -0.00000000
   32   21
  0.00774776   0.00000000    -0.00312356  -0.00000000     0.00537307  -0.00000000
 -0.00692284   0.00000000     0.00368121   0.00000000    -0.00317985   0.00000000
  0.00562094  -0.00000000    -0.00187572  -0.00000000     0.00201391   0.00000000
   32   22
  0.00000000   0.00000000     0.00000000  -0.00000000     0.00000000  -0.00000000
  0.00000000  -0.00000000     0.00000000  -0.00000000     0.00000000   0.00000000
  0.00000000  -0.00000000     0.00000000   0.00000000     0.00000000   0.00000000
   32   23
 -0.00774776  -0.00000000     0.00312356   0.00000000    -0.00537307  -0.00000000
  0.00692284  -0.00000000    -0.00368121  -0.00000000     0.00317985  -0.00000000
 -0.00562094  -0.00000000     0.00187572  -0.00000000    -0.00201391  -0.00000000
   32   24
  0.00774776   0.00000000     0.00312356   0.00000000     0.00537307  -0.00000000
  0.00692284  -0.00000000     0.00368121   0.00000000     0.00317985  -0.00000000
  0.00562094  -0.00000000     0.00187572   0.00000000     0.00201391   0.00000000
   32   25
  0.00841351  -0.00000000    -0.00362551  -0.00000000    -0.00602705  -0.00000000
 -0.00702314  -0.00000000     0.00401389   0.00000000     0.00342572  -0.00000000
 -0.00510643   0.00000000     0.00145091  -0.00000000     0.00237211   0.00000000
   32   26
 -0.00841351  -0.00000000    -0.00362551  -0.00000000     0.00602705   0.00000000
 -0.00702314  -0.00000000    -0.00401389   0.00000000     0.00342572  -0.00000000
  0.00510643  -0.00000000     0.00145091  -0.00000000    -0.00237211  -0.00000000
   32   27
  0.00493525   0.00000000     0.00000000   0.00000000     0.00039152   0.00000000
  0.00000000   0.00000000    -0.00076116   0.00000000     0.00000000   0.00000000
 -0.00039152  -0.00000000     0.00000000   0.00000000     0.00213237   0.00000000
   32   28
 -0.00156492  -0.00000000    -0.00017261  -0.00000000     0.00030106   0.00000000
  0.00010868   0.00000000     0.00053726   0.00000000    -0.00082497  -0.00000000
 -0.00010423   0.00000000     0.00139620  -0.00000000     0.00056765  -0.00000000
   32   29
  0.00156492   0.00000000    -0.00017261  -0.00000000    -0.00030106  -0.00000000
  0.00010868   0.00000000    -0.00053726  -0.00000000    -0.00082497  -0.00000000
  0.00010423  -0.00000000     0.00139620   0.00000000    -0.00056765   0.00000000
   32   30
 -0.00209364  -0.00000000    -0.00009555  -0.00000000     0.00041830  -0.00000000
  0.00029721  -0.00000000     0.00348288   0.00000000    -0.00819142  -0.00000000
 -0.00041601  -0.00000000    -0.00319479   0.00000000     0.01080078  -0.00000000
   32   31
  0.00209364   0.00000000    -0.00009555   0.00000000    -0.00041830  -0.00000000
  0.00029721  -0.00000000    -0.00348288   0.00000000    -0.00819142  -0.00000000
  0.00041601   0.00000000    -0.00319479   0.00000000    -0.01080078  -0.00000000
   32   32
  0.26898115   0.00000000     0.00000000  -0.00000000    -0.01051956  -0.00000000
  0.00000000  -0.00000000     0.06712831  -0.00000000    -0.00000000   0.00000000
 -0.01051956  -0.00000000    -0.00000000   0.00000000     0.25785066  -0.00000000
   32   33
 -0.00209364  -0.00000000     0.00009555   0.00000000     0.00041830   0.00000000
 -0.00029721   0.00000000     0.00348288  -0.00000000     0.00819142   0.00000000
 -0.00041601  -0.00000000     0.00319479  -0.00000000     0.01080078  -0.00000000
   32   34
  0.00209364   0.00000000     0.00009555  -0.00000000    -0.00041830  -0.00000000
 -0.00029721   0.00000000    -0.00348288   0.00000000     0.00819142   0.00000000
  0.00041601   0.00000000     0.00319479   0.00000000    -0.01080078  -0.00000000
   32   35
 -0.00156492  -0.00000000     0.00017261   0.00000000     0.00030106   0.00000000
 -0.00010868  -0.00000000     0.00053726  -0.00000000     0.00082497  -0.00000000
 -0.00010423   0.00000000    -0.00139620  -0.00000000     0.00056765  -0.00000000
   32   36
  0.00156492   0.00000000     0.00017261   0.00000000    -0.00030106  -0.00000000
 -0.00010868  -0.00000000    -0.00053726  -0.00000000     0.00082497   0.00000000
  0.00010423  -0.00000000    -0.00139620  -0.00000000    -0.00056765   0.00000000
   33    1
 -0.01030012   0.00000000    -0.00927775   0.00000000    -0.00720928   0.00000000
 -0.00949416  -0.00000000    -0.00528895  -0.00000000    -0.00531589   0.00000000
 -0.00720101  -0.00000000    -0.00545329  -0.00000000    -0.00181522   0.00000000
   33    2
  0.01008465   0.00000000    -0.00923459  -0.00000000    -0.00711538   0.00000000
 -0.00944249   0.00000000     0.00515043  -0.00000000     0.00552061   0.00000000
 -0.00712629  -0.00000000     0.00533646  -0.00000000     0.00192237  -0.00000000
   33    3
 -0.00217520   0.00000000     0.00008221  -0.00000000    -0.00004950   0.00000000
  0.00009221   0.00000000     0.00512167   0.00000000    -0.01087587   0.00000000
  0.00003693   0.00000000    -0.01097212  -0.00000000     0.01444507  -0.00000000
   33    4
 -0.00035660   0.00000000     0.00012124  -0.00000000     0.00004757  -0.00000000
  0.00001292  -0.00000000    -0.00014711  -0.00000000     0.00050183  -0.00000000
 -0.00011574  -0.00000000    -0.00012116  -0.00000000    -0.00018268  -0.00000000
   33    5
  0.00113388   0.00000000    -0.00080889   0.00000000    -0.00242539  -0.00000000
  0.00000213   0.00000000    -0.00004394   0.00000000     0.00010399   0.00000000
  0.00079581   0.00000000     0.00078108   0.00000000    -0.00108456  -0.00000000
   33    6
  0.00337348   0.00000000     0.00205050   0.00000000     0.00144971   0.00000000
 -0.00056196  -0.00000000    -0.00173165  -0.00000000     0.00005265  -0.00000000
 -0.00116818  -0.00000000     0.00253261  -0.00000000    -0.00021853  -0.00000000
   33    7
  0.00235396   0.00000000    -0.00012448   0.00000000     0.00016676  -0.00000000
  0.00003838  -0.00000000    -0.00029241  -0.00000000    -0.00028070   0.00000000
  0.00089366   0.00000000     0.00131834   0.00000000    -0.00274664  -0.00000000
   33    8
 -0.00091113  -0.00000000    -0.00062358  -0.00000000     0.00153602  -0.00000000
  0.00147339   0.00000000     0.00251044   0.00000000     0.00270287   0.00000000
  0.00120021  -0.00000000     0.00050460  -0.00000000     0.00007711   0.00000000
   33    9
 -0.01806049   0.00000000     0.04310870  -0.00000000     0.00823804  -0.00000000
  0.03688776   0.00000000    -0.05448109   0.00000000    -0.01827780   0.00000000
  0.01117116   0.00000000    -0.02383065   0.00000000    -0.00413506   0.00000000
   33   10
 -0.00072261   0.00000000     0.00047641   0.00000000    -0.00169947   0.00000000
  0.00099982   0.00000000    -0.05429405   0.00000000     0.03847971  -0.00000000
 -0.00175087  -0.00000000     0.04982035   0.00000000    -0.02316878  -0.00000000
   33   11
 -0.00164595  -0.00000000     0.00175061   0.00000000     0.00144779   0.00000000
 -0.00081541  -0.00000000     0.00179661  -0.00000000    -0.00075717  -0.00000000
 -0.00219881  -0.00000000    -0.00054846   0.00000000     0.00027101   0.00000000
   33   12
  0.00092389   0.00000000    -0.00241439  -0.00000000     0.00164420   0.00000000
 -0.00015018  -0.00000000    -0.00171803   0.00000000    -0.00181335  -0.00000000
 -0.00105080   0.00000000    -0.00088804  -0.00000000     0.00233443   0.00000000
   33   13
 -0.00141068   0.00000000     0.00213573   0.00000000     0.00181969   0.00000000
  0.00113290  -0.00000000     0.00198924   0.00000000    -0.00087259  -0.00000000
 -0.00086782  -0.00000000     0.00129283  -0.00000000    -0.00160087  -0.00000000
   33   14
  0.01447516   0.00000000     0.03980764  -0.00000000     0.00725260  -0.00000000
  0.03146201   0.00000000     0.05007576   0.00000000     0.01646828   0.00000000
  0.01044923   0.00000000     0.02299036  -0.00000000     0.00531283   0.00000000
   33   15
 -0.00112866  -0.00000000    -0.00085468  -0.00000000    -0.00266397   0.00000000
 -0.00065393  -0.00000000     0.00013269   0.00000000    -0.00021783  -0.00000000
  0.00094656  -0.00000000    -0.00132631   0.00000000     0.00041896  -0.00000000
   33   16
  0.00213606   0.00000000     0.00167577   0.00000000     0.00081126  -0.00000000
  0.00115290  -0.00000000    -0.00233216   0.00000000     0.00177928  -0.00000000
 -0.00084872   0.00000000     0.00005960   0.00000000    -0.00037601  -0.00000000
   33   17
 -0.00793948  -0.00000000    -0.00666791  -0.00000000     0.00467017   0.00000000
 -0.00304101  -0.00000000    -0.00368710  -0.00000000     0.00109253   0.00000000
  0.00627688   0.00000000     0.00370858   0.00000000    -0.00169556  -0.00000000
   33   18
 -0.00013386  -0.00000000    -0.00010354  -0.00000000     0.00410715   0.00000000
  0.00029702  -0.00000000    -0.00054954  -0.00000000    -0.00037803  -0.00000000
 -0.00400200  -0.00000000     0.00020008  -0.00000000     0.00022450   0.00000000
   33   19
  0.02672685  -0.00000000    -0.00173979  -0.00000000     0.01593082  -0.00000000
  0.00142927   0.00000000     0.00613674   0.00000000     0.00092014   0.00000000
  0.01563100  -0.00000000    -0.00101915  -0.00000000     0.01015658  -0.00000000
   33   20
 -0.00020209   0.00000000     0.00061839   0.00000000     0.00012407   0.00000000
  0.00017546   0.00000000     0.00042667   0.00000000     0.00060653   0.00000000
  0.00017310  -0.00000000     0.00038235  -0.00000000     0.00001083   0.00000000
   33   21
 -0.00053960   0.00000000    -0.00004183   0.00000000     0.00094082  -0.00000000
 -0.00058149  -0.00000000    -0.00064853  -0.00000000    -0.00014272   0.00000000
  0.00153539  -0.00000000    -0.00001810  -0.00000000    -0.00114101  -0.00000000
   33   22
 -0.00791796  -0.00000000     0.00672930  -0.00000000    -0.00504892  -0.00000000
  0.00340335   0.00000000    -0.00429078   0.00000000     0.00177801  -0.00000000
 -0.00562626  -0.00000000     0.00333294  -0.00000000    -0.00224610  -0.00000000
   33   23
  0.00005069  -0.00000000     0.00004933  -0.00000000     0.00432543   0.00000000
  0.00016497  -0.00000000    -0.00019321  -0.00000000     0.00014913   0.00000000
 -0.00432003  -0.00000000    -0.00037645   0.00000000     0.00033472   0.00000000
   33   24
 -0.02534161   0.00000000    -0.00176852  -0.00000000     0.01378684   0.00000000
  0.00178930   0.00000000    -0.00652147   0.00000000    -0.00062389  -0.00000000
  0.01621398   0.00000000     0.00100842   0.00000000    -0.00923263  -0.00000000
   33   25
  0.00009829  -0.00000000     0.00049306   0.00000000    -0.00012620  -0.00000000
  0.00058956   0.00000000     0.00045200   0.00000000    -0.00055776   0.00000000
  0.00001137  -0.00000000    -0.00068958  -0.00000000    -0.00023298   0.00000000
   33   26
  0.00108389  -0.00000000    -0.00007825  -0.00000000     0.00174635  -0.00000000
 -0.00005271  -0.00000000     0.00131687   0.00000000     0.00035376   0.00000000
  0.00174541  -0.00000000     0.00046411   0.00000000     0.00081891   0.00000000
   33   27
  0.00156492   0.00000000     0.00010868   0.00000000    -0.00010423   0.00000000
 -0.00017261  -0.00000000    -0.00053726  -0.00000000    -0.00139620  -0.00000000
  0.00030106   0.00000000     0.00082497   0.00000000    -0.00056765   0.00000000
   33   28
 -0.00517225  -0.00000000    -0.00015997   0.00000000     0.00055651   0.00000000
  0.00015997  -0.00000000     0.00036399   0.00000000    -0.00204222  -0.00000000
 -0.00055651  -0.00000000    -0.00204222  -0.00000000     0.00188075   0.00000000
   33   29
 -0.00026237   0.00000000     0.00045367   0.00000000     0.00137589   0.00000000
  0.00045367   0.00000000    -0.00661438  -0.00000000     0.00154980  -0.00000000
 -0.00137589   0.00000000    -0.00154980  -0.00000000    -0.03551586  -0.00000000
   33   30
  0.00172743  -0.00000000     0.00098184  -0.00000000    -0.00054754  -0.00000000
 -0.00098184  -0.00000000    -0.00432526  -0.00000000    -0.00053087  -0.00000000
 -0.00054754  -0.00000000     0.00053087   0.00000000     0.00295325  -0.00000000
   33   31
  0.00092681   0.00000000     0.00003716   0.00000000    -0.00001873  -0.00000000
  0.00003716   0.00000000    -0.00069094  -0.00000000     0.00013395  -0.00000000
 -0.00001873  -0.00000000     0.00013395  -0.00000000    -0.00019146   0.00000000
   33   32
 -0.00209364  -0.00000000    -0.00029721   0.00000000    -0.00041601  -0.00000000
  0.00009555   0.00000000     0.00348288  -0.00000000     0.00319479  -0.00000000
  0.00041830   0.00000000     0.00819142   0.00000000     0.01080078  -0.00000000
   33   33
  0.12742509  -0.00000000    -0.00482206  -0.00000000     0.00297912  -0.00000000
 -0.00482206  -0.00000000     0.20752054  -0.00000000    -0.00260086  -0.00000000
  0.00297912  -0.00000000    -0.00260086  -0.00000000     0.12663039  -0.00000000
   33   34
 -0.00045731  -0.00000000     0.00015703   0.00000000    -0.00000463   0.00000000
 -0.00015703  -0.00000000     0.00036926   0.00000000     0.00020788   0.00000000
 -0.00000463   0.00000000    -0.00020788  -0.00000000     0.00016603  -0.00000000
   33   35
 -0.00239648  -0.00000000     0.00021320  -0.00000000     0.00000784  -0.00000000
  0.00021320  -0.00000000     0.00978315  -0.00000000     0.00027004   0.00000000
 -0.00000784   0.00000000    -0.00027004  -0.00000000     0.00008319   0.00000000
   33   36
 -0.00023397  -0.00000000     0.00007651  -0.00000000     0.00043643   0.00000000
 -0.00007651   0.00000000    -0.00035238  -0.00000000     0.00008381   0.00000000
 -0.00043643   0.00000000     0.00008381   0.00000000    -0.00307573   0.00000000
   34    1
 -0.01030012   0.00000000     0.00927775  -0.00000000    -0.00720928   0.00000000
  0.00949416  -0.00000000    -0.00528895  -0.00000000     0.00531589   0.00000000
 -0.00720101  -0.00000000     0.00545329   0.00000000    -0.00181522  -0.00000000
   34    2
  0.01008465   0.00000000     0.00923459   0.00000000    -0.00711538   0.00000000
  0.00944249   0.00000000     0.00515043  -0.00000000    -0.00552061  -0.00000000
 -0.00712629  -0.00000000    -0.00533646   0.00000000     0.00192237  -0.00000000
   34    3
  0.00217520   0.00000000     0.00008221   0.00000000     0.00004950  -0.00000000
  0.00009221   0.00000000    -0.00512167   0.00000000    -0.01087587   0.00000000
 -0.00003693  -0.00000000    -0.01097212  -0.00000000    -0.01444507  -0.00000000
   34    4
  0.00035660   0.00000000     0.00012124   0.00000000    -0.00004757   0.00000000
  0.00001292   0.00000000     0.00014711   0.00000000     0.00050183   0.00000000
  0.00011574   0.00000000    -0.00012116  -0.00000000     0.00018268   0.00000000
   34    5
  0.01447516   0.00000000    -0.03980764   0.00000000     0.00725260  -0.00000000
 -0.03146201  -0.00000000     0.05007576   0.00000000    -0.01646828  -0.00000000
  0.01044923   0.00000000    -0.02299036   0.00000000     0.00531283  -0.00000000
   34    6
  0.00092389   0.00000000     0.00241439   0.00000000     0.00164420   0.00000000
  0.00015018   0.00000000    -0.00171803   0.00000000     0.00181335   0.00000000
 -0.00105080   0.00000000     0.00088804   0.00000000     0.00233443   0.00000000
   34    7
 -0.00072261   0.00000000    -0.00047641  -0.00000000    -0.00169947   0.00000000
 -0.00099982  -0.00000000    -0.05429405   0.00000000    -0.03847971   0.00000000
 -0.00175087  -0.00000000    -0.04982035  -0.00000000    -0.02316878   0.00000000
   34    8
 -0.00164595  -0.00000000    -0.00175061  -0.00000000     0.00144779   0.00000000
  0.00081541   0.00000000     0.00179661  -0.00000000     0.00075717   0.00000000
 -0.00219881  -0.00000000     0.00054846  -0.00000000     0.00027101   0.00000000
   34    9
 -0.00112866   0.00000000     0.00085468  -0.00000000    -0.00266397   0.00000000
  0.00065393  -0.00000000     0.00013269   0.00000000     0.00021783   0.00000000
  0.00094656  -0.00000000     0.00132631  -0.00000000     0.00041896  -0.00000000
   34   10
  0.00235396   0.00000000     0.00012448  -0.00000000     0.00016676  -0.00000000
 -0.00003838   0.00000000    -0.00029241  -0.00000000     0.00028070  -0.00000000
  0.00089366   0.00000000    -0.00131834  -0.00000000    -0.00274664  -0.00000000
   34   11
 -0.00091113  -0.00000000     0.00062358  -0.00000000     0.00153602  -0.00000000
 -0.00147339  -0.00000000     0.00251044   0.00000000    -0.00270287  -0.00000000
  0.00120021   0.00000000    -0.00050460   0.00000000     0.00007711   0.00000000
   34   12
  0.00337348   0.00000000    -0.00205050  -0.00000000     0.00144971   0.00000000
  0.00056196   0.00000000    -0.00173165   0.00000000    -0.00005265   0.00000000
 -0.00116818  -0.00000000    -0.00253261   0.00000000    -0.00021853  -0.00000000
   34   13
  0.00213606   0.00000000    -0.00167577  -0.00000000     0.00081126  -0.00000000
 -0.00115290   0.00000000    -0.00233216   0.00000000    -0.00177928   0.00000000
 -0.00084872   0.00000000    -0.00005960  -0.00000000    -0.00037601  -0.00000000
   34   14
  0.00113388   0.00000000     0.00080889  -0.00000000    -0.00242539   0.00000000
 -0.00000213  -0.00000000    -0.00004394   0.00000000    -0.00010399  -0.00000000
  0.00079581   0.00000000    -0.00078108  -0.00000000    -0.00108456  -0.00000000
   34   15
 -0.01806049   0.00000000    -0.04310870   0.00000000     0.00823804  -0.00000000
 -0.03688776  -0.00000000    -0.05448109   0.00000000     0.01827780  -0.00000000
  0.01117116   0.00000000     0.02383065  -0.00000000    -0.00413506   0.00000000
   34   16
 -0.00141068   0.00000000    -0.00213573   0.00000000     0.00181969   0.00000000
 -0.00113290   0.00000000     0.00198924   0.00000000     0.00087259   0.00000000
 -0.00086782  -0.00000000    -0.00129283   0.00000000    -0.00160087  -0.00000000
   34   17
 -0.00793948  -0.00000000     0.00666791  -0.00000000     0.00467017  -0.00000000
  0.00304101   0.00000000    -0.00368710   0.00000000    -0.00109253   0.00000000
  0.00627688   0.00000000    -0.00370858   0.00000000    -0.00169556  -0.00000000
   34   18
  0.02672685  -0.00000000     0.00173979   0.00000000     0.01593082  -0.00000000
 -0.00142927  -0.00000000     0.00613674   0.00000000    -0.00092014  -0.00000000
  0.01563100  -0.00000000     0.00101915  -0.00000000     0.01015658  -0.00000000
   34   19
 -0.00013386  -0.00000000     0.00010354   0.00000000     0.00410715   0.00000000
 -0.00029702  -0.00000000    -0.00054954  -0.00000000     0.00037803   0.00000000
 -0.00400200  -0.00000000    -0.00020008  -0.00000000     0.00022450   0.00000000
   34   20
 -0.00053960   0.00000000     0.00004183  -0.00000000     0.00094082   0.00000000
  0.00058149   0.00000000    -0.00064853  -0.00000000     0.00014272  -0.00000000
  0.00153539  -0.00000000     0.00001810   0.00000000    -0.00114101  -0.00000000
   34   21
 -0.00020209   0.00000000    -0.00061839  -0.00000000     0.00012407   0.00000000
 -0.00017546  -0.00000000     0.00042667  -0.00000000    -0.00060653  -0.00000000
  0.00017310  -0.00000000    -0.00038235   0.00000000     0.00001083   0.00000000
   34   22
 -0.00791796  -0.00000000    -0.00672930   0.00000000    -0.00504892  -0.00000000
 -0.00340335   0.00000000    -0.00429078   0.00000000    -0.00177801   0.00000000
 -0.00562626  -0.00000000    -0.00333294   0.00000000    -0.00224610  -0.00000000
   34   23
 -0.02534161   0.00000000     0.00176852   0.00000000     0.01378684   0.00000000
 -0.00178930  -0.00000000    -0.00652147   0.00000000     0.00062389   0.00000000
  0.01621398   0.00000000    -0.00100842  -0.00000000    -0.00923263  -0.00000000
   34   24
  0.00005069  -0.00000000    -0.00004933   0.00000000     0.00432543   0.00000000
 -0.00016497   0.00000000    -0.00019321  -0.00000000    -0.00014913  -0.00000000
 -0.00432003  -0.00000000     0.00037645   0.00000000     0.00033472   0.00000000
   34   25
  0.00108389  -0.00000000     0.00007825   0.00000000     0.00174635  -0.00000000
  0.00005271   0.00000000     0.00131687  -0.00000000    -0.00035376   0.00000000
  0.00174541   0.00000000    -0.00046411   0.00000000     0.00081891   0.00000000
   34   26
  0.00009829  -0.00000000    -0.00049306  -0.00000000    -0.00012620   0.00000000
 -0.00058956  -0.00000000     0.00045200   0.00000000     0.00055776  -0.00000000
  0.00001137  -0.00000000     0.00068958   0.00000000    -0.00023298   0.00000000
   34   27
 -0.00156492  -0.00000000     0.00010868   0.00000000     0.00010423  -0.00000000
 -0.00017261   0.00000000     0.00053726  -0.00000000    -0.00139620   0.00000000
 -0.00030106  -0.00000000     0.00082497  -0.00000000     0.00056765   0.00000000
   34   28
 -0.00026237   0.00000000    -0.00045367  -0.00000000     0.00137589   0.00000000
 -0.00045367  -0.00000000    -0.00661438  -0.00000000    -0.00154980   0.00000000
 -0.00137589   0.00000000     0.00154980  -0.00000000    -0.03551586  -0.00000000
   34   29
 -0.00517225  -0.00000000     0.00015997  -0.00000000     0.00055651   0.00000000
 -0.00015997   0.00000000     0.00036399   0.00000000     0.00204222   0.00000000
 -0.00055651  -0.00000000     0.00204222   0.00000000     0.00188075   0.00000000
   34   30
  0.00092681   0.00000000    -0.00003716  -0.00000000    -0.00001873  -0.00000000
 -0.00003716  -0.00000000    -0.00069094  -0.00000000    -0.00013395   0.00000000
 -0.00001873  -0.00000000    -0.00013395   0.00000000    -0.00019146   0.00000000
   34   31
  0.00172743  -0.00000000    -0.00098184  -0.00000000    -0.00054754  -0.00000000
  0.00098184  -0.00000000    -0.00432526  -0.00000000     0.00053087   0.00000000
 -0.00054754  -0.00000000    -0.00053087  -0.00000000     0.00295325  -0.00000000
   34   32
  0.00209364   0.00000000    -0.00029721   0.00000000     0.00041601   0.00000000
  0.00009555  -0.00000000    -0.00348288   0.00000000     0.00319479   0.00000000
 -0.00041830  -0.00000000     0.00819142   0.00000000    -0.01080078  -0.00000000
   34   33
 -0.00045731  -0.00000000    -0.00015703  -0.00000000    -0.00000463   0.00000000
  0.00015703   0.00000000     0.00036926   0.00000000    -0.00020788  -0.00000000
 -0.00000463   0.00000000     0.00020788   0.00000000     0.00016603  -0.00000000
   34   34
  0.12742509  -0.00000000     0.00482206   0.00000000     0.00297912  -0.00000000
  0.00482206   0.00000000     0.20752054  -0.00000000     0.00260086   0.00000000
  0.00297912  -0.00000000     0.00260086   0.00000000     0.12663039  -0.00000000
   34   35
 -0.00023397  -0.00000000    -0.00007651  -0.00000000     0.00043643   0.00000000
  0.00007651   0.00000000    -0.00035238  -0.00000000    -0.00008381  -0.00000000
 -0.00043643   0.00000000    -0.00008381  -0.00000000    -0.00307573  -0.00000000
   34   36
 -0.00239648  -0.00000000    -0.00021320   0.00000000     0.00000784  -0.00000000
 -0.00021320   0.00000000     0.00978315  -0.00000000    -0.00027004  -0.00000000
 -0.00000784   0.00000000     0.00027004   0.00000000     0.00008319   0.00000000
   35    1
  0.01008465   0.00000000    -0.00923459  -0.00000000     0.00711538  -0.00000000
 -0.00944249  -0.00000000     0.00515043  -0.00000000    -0.00552061  -0.00000000
  0.00712629   0.00000000    -0.00533646   0.00000000     0.00192237   0.00000000
   35    2
 -0.01030012   0.00000000    -0.00927775   0.00000000     0.00720928  -0.00000000
 -0.00949416   0.00000000    -0.00528895  -0.00000000     0.00531589   0.00000000
  0.00720101   0.00000000     0.00545329   0.00000000    -0.00181522  -0.00000000
   35    3
  0.00217520   0.00000000    -0.00008221  -0.00000000    -0.00004950   0.00000000
 -0.00009221  -0.00000000    -0.00512167   0.00000000    -0.01087587  -0.00000000
  0.00003693   0.00000000    -0.01097212  -0.00000000    -0.01444507  -0.00000000
   35    4
  0.00035660   0.00000000    -0.00012124  -0.00000000     0.00004757  -0.00000000
 -0.00001292  -0.00000000     0.00014711   0.00000000     0.00050183   0.00000000
 -0.00011574  -0.00000000    -0.00012116  -0.00000000     0.00018268   0.00000000
   35    5
  0.00092389   0.00000000    -0.00241439  -0.00000000    -0.00164420  -0.00000000
 -0.00015018  -0.00000000    -0.00171803   0.00000000     0.00181335   0.00000000
  0.00105080  -0.00000000     0.00088804  -0.00000000     0.00233443  -0.00000000
   35    6
  0.01447516   0.00000000     0.03980764   0.00000000    -0.00725260  -0.00000000
  0.03146201   0.00000000     0.05007576   0.00000000    -0.01646828  -0.00000000
 -0.01044923  -0.00000000    -0.02299036  -0.00000000     0.00531283   0.00000000
   35    7
 -0.00072261  -0.00000000     0.00047641   0.00000000     0.00169947   0.00000000
  0.00099982  -0.00000000    -0.05429405   0.00000000    -0.03847971   0.00000000
  0.00175087   0.00000000    -0.04982035  -0.00000000    -0.02316878  -0.00000000
   35    8
 -0.00112866   0.00000000    -0.00085468  -0.00000000     0.00266397   0.00000000
 -0.00065393   0.00000000     0.00013269   0.00000000     0.00021783   0.00000000
 -0.00094656   0.00000000     0.00132631  -0.00000000     0.00041896  -0.00000000
   35    9
 -0.00164595  -0.00000000     0.00175061   0.00000000    -0.00144779  -0.00000000
 -0.00081541  -0.00000000     0.00179661  -0.00000000     0.00075717   0.00000000
  0.00219881   0.00000000     0.00054846  -0.00000000     0.00027101   0.00000000
   35   10
  0.00235396   0.00000000    -0.00012448   0.00000000    -0.00016676   0.00000000
  0.00003838  -0.00000000    -0.00029241  -0.00000000     0.00028070  -0.00000000
 -0.00089366  -0.00000000    -0.00131834  -0.00000000    -0.00274664  -0.00000000
   35   11
 -0.01806049   0.00000000     0.04310870  -0.00000000    -0.00823804   0.00000000
  0.03688776   0.00000000    -0.05448109   0.00000000     0.01827780  -0.00000000
 -0.01117116  -0.00000000     0.02383065  -0.00000000    -0.00413506   0.00000000
   35   12
  0.00113388   0.00000000    -0.00080889   0.00000000     0.00242539  -0.00000000
  0.00000213   0.00000000    -0.00004394   0.00000000    -0.00010399  -0.00000000
 -0.00079581   0.00000000    -0.00078108  -0.00000000    -0.00108456   0.00000000
   35   13
 -0.00141068   0.00000000     0.00213573   0.00000000    -0.00181969  -0.00000000
  0.00113290  -0.00000000     0.00198924   0.00000000     0.00087259   0.00000000
  0.00086782  -0.00000000    -0.00129283   0.00000000    -0.00160087  -0.00000000
   35   14
  0.00337348   0.00000000     0.00205050   0.00000000    -0.00144971  -0.00000000
 -0.00056196  -0.00000000    -0.00173165  -0.00000000    -0.00005265   0.00000000
  0.00116818   0.00000000    -0.00253261  -0.00000000    -0.00021853   0.00000000
   35   15
 -0.00091113  -0.00000000    -0.00062358  -0.00000000    -0.00153602  -0.00000000
  0.00147339   0.00000000     0.00251044   0.00000000    -0.00270287  -0.00000000
 -0.00120021  -0.00000000    -0.00050460   0.00000000     0.00007711   0.00000000
   35   16
  0.00213606   0.00000000     0.00167577   0.00000000    -0.00081126   0.00000000
  0.00115290   0.00000000    -0.00233216  -0.00000000    -0.00177928  -0.00000000
  0.00084872  -0.00000000    -0.00005960  -0.00000000    -0.00037601  -0.00000000
   35   17
 -0.00793948  -0.00000000    -0.00666791   0.00000000    -0.00467017   0.00000000
 -0.00304101  -0.00000000    -0.00368710   0.00000000    -0.00109253   0.00000000
 -0.00627688  -0.00000000    -0.00370858   0.00000000    -0.00169556  -0.00000000
   35   18
  0.00009829  -0.00000000     0.00049306   0.00000000     0.00012620  -0.00000000
  0.00058956   0.00000000     0.00045200   0.00000000     0.00055776  -0.00000000
 -0.00001137   0.00000000     0.00068958   0.00000000    -0.00023298   0.00000000
   35   19
  0.00108389   0.00000000    -0.00007825  -0.00000000    -0.00174635  -0.00000000
 -0.00005271  -0.00000000     0.00131687  -0.00000000    -0.00035376   0.00000000
 -0.00174541  -0.00000000    -0.00046411   0.00000000     0.00081891   0.00000000
   35   20
  0.00005069  -0.00000000     0.00004933   0.00000000    -0.00432543  -0.00000000
  0.00016497   0.00000000    -0.00019321  -0.00000000    -0.00014913   0.00000000
  0.00432003   0.00000000     0.00037645   0.00000000     0.00033472   0.00000000
   35   21
 -0.02534161   0.00000000    -0.00176852  -0.00000000    -0.01378684  -0.00000000
  0.00178930   0.00000000    -0.00652147   0.00000000     0.00062389   0.00000000
 -0.01621398   0.00000000    -0.00100842  -0.00000000    -0.00923263  -0.00000000
   35   22
 -0.00791796  -0.00000000     0.00672930  -0.00000000     0.00504892   0.00000000
  0.00340335  -0.00000000    -0.00429078   0.00000000    -0.00177801   0.00000000
  0.00562626   0.00000000    -0.00333294   0.00000000    -0.00224610   0.00000000
   35   23
 -0.00020209   0.00000000     0.00061839   0.00000000    -0.00012407  -0.00000000
  0.00017546  -0.00000000     0.00042667  -0.00000000    -0.00060653  -0.00000000
 -0.00017310  -0.00000000    -0.00038235   0.00000000     0.00001083   0.00000000
   35   24
 -0.00053960   0.00000000    -0.00004183   0.00000000    -0.00094082   0.00000000
 -0.00058149  -0.00000000    -0.00064853  -0.00000000     0.00014272  -0.00000000
 -0.00153539   0.00000000     0.00001810   0.00000000    -0.00114101  -0.00000000
   35   25
 -0.00013386  -0.00000000    -0.00010354  -0.00000000    -0.00410715   0.00000000
  0.00029702   0.00000000    -0.00054954  -0.00000000     0.00037803  -0.00000000
  0.00400200   0.00000000    -0.00020008  -0.00000000     0.00022450   0.00000000
   35   26
  0.02672685   0.00000000    -0.00173979  -0.00000000    -0.01593082  -0.00000000
  0.00142927   0.00000000     0.00613674   0.00000000    -0.00092014  -0.00000000
 -0.01563100  -0.00000000     0.00101915   0.00000000     0.01015658   0.00000000
   35   27
  0.00209364   0.00000000     0.00029721  -0.00000000    -0.00041601  -0.00000000
 -0.00009555   0.00000000    -0.00348288   0.00000000     0.00319479   0.00000000
  0.00041830   0.00000000     0.00819142   0.00000000    -0.01080078  -0.00000000
   35   28
  0.00172743  -0.00000000     0.00098184   0.00000000     0.00054754   0.00000000
 -0.00098184   0.00000000    -0.00432526  -0.00000000     0.00053087   0.00000000
  0.00054754   0.00000000    -0.00053087  -0.00000000     0.00295325  -0.00000000
   35   29
  0.00092681   0.00000000     0.00003716   0.00000000     0.00001873   0.00000000
  0.00003716   0.00000000    -0.00069094  -0.00000000    -0.00013395   0.00000000
  0.00001873   0.00000000    -0.00013395   0.00000000    -0.00019146  -0.00000000
   35   30
 -0.00517225  -0.00000000    -0.00015997   0.00000000    -0.00055651  -0.00000000
  0.00015997  -0.00000000     0.00036399   0.00000000     0.00204222   0.00000000
  0.00055651   0.00000000     0.00204222   0.00000000     0.00188075   0.00000000
   35   31
 -0.00026237   0.00000000     0.00045367   0.00000000    -0.00137589   0.00000000
  0.00045367   0.00000000    -0.00661438  -0.00000000    -0.00154980  -0.00000000
  0.00137589   0.00000000     0.00154980  -0.00000000    -0.03551586  -0.00000000
   35   32
 -0.00156492  -0.00000000    -0.00010868  -0.00000000    -0.00010423   0.00000000
  0.00017261   0.00000000     0.00053726  -0.00000000    -0.00139620  -0.00000000
  0.00030106   0.00000000     0.00082497  -0.00000000     0.00056765  -0.00000000
   35   33
 -0.00239648  -0.00000000     0.00021320  -0.00000000    -0.00000784   0.00000000
  0.00021320  -0.00000000     0.00978315  -0.00000000    -0.00027004  -0.00000000
  0.00000784  -0.00000000     0.00027004   0.00000000     0.00008319   0.00000000
   35   34
 -0.00023397  -0.00000000     0.00007651   0.00000000    -0.00043643   0.00000000
 -0.00007651  -0.00000000    -0.00035238  -0.00000000    -0.00008381  -0.00000000
  0.00043643   0.00000000    -0.00008381  -0.00000000    -0.00307573  -0.00000000
   35   35
  0.12742509  -0.00000000    -0.00482206  -0.00000000    -0.00297912  -0.00000000
 -0.00482206  -0.00000000     0.20752054  -0.00000000     0.00260086   0.00000000
 -0.00297912  -0.00000000     0.00260086   0.00000000     0.12663039  -0.00000000
   35   36
 -0.00045731  -0.00000000     0.00015703   0.00000000     0.00000463  -0.00000000
 -0.00015703  -0.00000000     0.00036926   0.00000000    -0.00020788  -0.00000000
  0.00000463  -0.00000000     0.00020788   0.00000000     0.00016603  -0.00000000
   36    1
  0.01008465   0.00000000     0.00923459   0.00000000     0.00711538  -0.00000000
  0.00944249  -0.00000000     0.00515043  -0.00000000     0.00552061   0.00000000
  0.00712629   0.00000000     0.00533646  -0.00000000     0.00192237  -0.00000000
   36    2
 -0.01030012   0.00000000     0.00927775  -0.00000000     0.00720928  -0.00000000
  0.00949416   0.00000000    -0.00528895  -0.00000000    -0.00531589   0.00000000
  0.00720101   0.00000000    -0.00545329  -0.00000000    -0.00181522   0.00000000
   36    3
 -0.00217520   0.00000000    -0.00008221   0.00000000     0.00004950   0.00000000
 -0.00009221  -0.00000000     0.00512167   0.00000000    -0.01087587  -0.00000000
 -0.00003693  -0.00000000    -0.01097212  -0.00000000     0.01444507  -0.00000000
   36    4
 -0.00035660   0.00000000    -0.00012124  -0.00000000    -0.00004757   0.00000000
 -0.00001292   0.00000000    -0.00014711  -0.00000000     0.00050183   0.00000000
  0.00011574   0.00000000    -0.00012116  -0.00000000    -0.00018268  -0.00000000
   36    5
  0.00337348   0.00000000    -0.00205050  -0.00000000    -0.00144971  -0.00000000
  0.00056196   0.00000000    -0.00173165  -0.00000000     0.00005265  -0.00000000
  0.00116818   0.00000000     0.00253261   0.00000000    -0.00021853   0.00000000
   36    6
  0.00113388   0.00000000     0.00080889  -0.00000000     0.00242539   0.00000000
 -0.00000213   0.00000000    -0.00004394   0.00000000     0.00010399   0.00000000
 -0.00079581   0.00000000     0.00078108   0.00000000    -0.00108456   0.00000000
   36    7
  0.00235396   0.00000000     0.00012448  -0.00000000    -0.00016676   0.00000000
 -0.00003838   0.00000000    -0.00029241  -0.00000000    -0.00028070   0.00000000
 -0.00089366  -0.00000000     0.00131834   0.00000000    -0.00274664  -0.00000000
   36    8
 -0.01806049   0.00000000    -0.04310870   0.00000000    -0.00823804   0.00000000
 -0.03688776  -0.00000000    -0.05448109   0.00000000    -0.01827780   0.00000000
 -0.01117116  -0.00000000    -0.02383065   0.00000000    -0.00413506   0.00000000
   36    9
 -0.00091113  -0.00000000     0.00062358   0.00000000    -0.00153602  -0.00000000
 -0.00147339  -0.00000000     0.00251044   0.00000000     0.00270287   0.00000000
 -0.00120021   0.00000000     0.00050460  -0.00000000     0.00007711   0.00000000
   36   10
 -0.00072261   0.00000000    -0.00047641  -0.00000000     0.00169947   0.00000000
 -0.00099982  -0.00000000    -0.05429405   0.00000000     0.03847971  -0.00000000
  0.00175087   0.00000000     0.04982035   0.00000000    -0.02316878  -0.00000000
   36   11
 -0.00112866  -0.00000000     0.00085468   0.00000000     0.00266397   0.00000000
  0.00065393   0.00000000     0.00013269   0.00000000    -0.00021783  -0.00000000
 -0.00094656   0.00000000    -0.00132631   0.00000000     0.00041896  -0.00000000
   36   12
  0.01447516   0.00000000    -0.03980764  -0.00000000    -0.00725260  -0.00000000
 -0.03146201  -0.00000000     0.05007576   0.00000000     0.01646828   0.00000000
 -0.01044923  -0.00000000     0.02299036   0.00000000     0.00531283   0.00000000
   36   13
  0.00213606   0.00000000    -0.00167577  -0.00000000    -0.00081126   0.00000000
 -0.00115290   0.00000000    -0.00233216   0.00000000     0.00177928  -0.00000000
  0.00084872  -0.00000000     0.00005960   0.00000000    -0.00037601  -0.00000000
   36   14
  0.00092389  -0.00000000     0.00241439   0.00000000    -0.00164420  -0.00000000
  0.00015018   0.00000000    -0.00171803   0.00000000    -0.00181335  -0.00000000
  0.00105080  -0.00000000    -0.00088804   0.00000000     0.00233443  -0.00000000
   36   15
 -0.00164595  -0.00000000    -0.00175061  -0.00000000    -0.00144779  -0.00000000
  0.00081541   0.00000000     0.00179661  -0.00000000    -0.00075717  -0.00000000
  0.00219881   0.00000000    -0.00054846   0.00000000     0.00027101   0.00000000
   36   16
 -0.00141068   0.00000000    -0.00213573  -0.00000000    -0.00181969  -0.00000000
 -0.00113290   0.00000000     0.00198924   0.00000000    -0.00087259  -0.00000000
  0.00086782  -0.00000000     0.00129283  -0.00000000    -0.00160087  -0.00000000
   36   17
 -0.00793948  -0.00000000     0.00666791   0.00000000    -0.00467017  -0.00000000
  0.00304101   0.00000000    -0.00368710  -0.00000000     0.00109253   0.00000000
 -0.00627688  -0.00000000     0.00370858   0.00000000    -0.00169556  -0.00000000
   36   18
  0.00108389   0.00000000     0.00007825   0.00000000    -0.00174635  -0.00000000
  0.00005271   0.00000000     0.00131687   0.00000000     0.00035376   0.00000000
 -0.00174541  -0.00000000     0.00046411   0.00000000     0.00081891  -0.00000000
   36   19
  0.00009829  -0.00000000    -0.00049306  -0.00000000     0.00012620   0.00000000
 -0.00058956  -0.00000000     0.00045200   0.00000000    -0.00055776   0.00000000
 -0.00001137  -0.00000000    -0.00068958  -0.00000000    -0.00023298   0.00000000
   36   20
 -0.02534161   0.00000000     0.00176852   0.00000000    -0.01378684  -0.00000000
 -0.00178930  -0.00000000    -0.00652147   0.00000000    -0.00062389  -0.00000000
 -0.01621398   0.00000000     0.00100842   0.00000000    -0.00923263  -0.00000000
   36   21
  0.00005069  -0.00000000    -0.00004933  -0.00000000    -0.00432543  -0.00000000
 -0.00016497  -0.00000000    -0.00019321  -0.00000000     0.00014913  -0.00000000
  0.00432003   0.00000000    -0.00037645  -0.00000000     0.00033472   0.00000000
   36   22
 -0.00791796  -0.00000000    -0.00672930   0.00000000     0.00504892  -0.00000000
 -0.00340335  -0.00000000    -0.00429078   0.00000000     0.00177801  -0.00000000
  0.00562626   0.00000000     0.00333294  -0.00000000    -0.00224610  -0.00000000
   36   23
 -0.00053960   0.00000000     0.00004183  -0.00000000    -0.00094082   0.00000000
  0.00058149   0.00000000    -0.00064853  -0.00000000    -0.00014272   0.00000000
 -0.00153539   0.00000000    -0.00001810  -0.00000000    -0.00114101  -0.00000000
   36   24
 -0.00020209   0.00000000    -0.00061839  -0.00000000    -0.00012407  -0.00000000
 -0.00017546  -0.00000000     0.00042667   0.00000000     0.00060653   0.00000000
 -0.00017310   0.00000000     0.00038235  -0.00000000     0.00001083   0.00000000
   36   25
  0.02672685   0.00000000     0.00173979   0.00000000    -0.01593082  -0.00000000
 -0.00142927  -0.00000000     0.00613674   0.00000000     0.00092014   0.00000000
 -0.01563100  -0.00000000    -0.00101915  -0.00000000     0.01015658   0.00000000
   36   26
 -0.00013386   0.00000000     0.00010354   0.00000000    -0.00410715   0.00000000
 -0.00029702  -0.00000000    -0.00054954  -0.00000000    -0.00037803   0.00000000
  0.00400200   0.00000000     0.00020008   0.00000000     0.00022450   0.00000000
   36   27
 -0.00209364  -0.00000000     0.00029721  -0.00000000     0.00041601   0.00000000
 -0.00009555   0.00000000     0.00348288  -0.00000000     0.00319479  -0.00000000
 -0.00041830  -0.00000000     0.00819142   0.00000000     0.01080078  -0.00000000
   36   28
  0.00092681   0.00000000    -0.00003716  -0.00000000     0.00001873   0.00000000
 -0.00003716  -0.00000000    -0.00069094  -0.00000000     0.00013395  -0.00000000
  0.00001873   0.00000000     0.00013395  -0.00000000    -0.00019146  -0.00000000
   36   29
  0.00172743  -0.00000000    -0.00098184   0.00000000     0.00054754   0.00000000
  0.00098184   0.00000000    -0.00432526  -0.00000000    -0.00053087  -0.00000000
  0.00054754   0.00000000     0.00053087   0.00000000     0.00295325  -0.00000000
   36   30
 -0.00026237   0.00000000    -0.00045367  -0.00000000    -0.00137589   0.00000000
 -0.00045367  -0.00000000    -0.00661438  -0.00000000     0.00154980  -0.00000000
  0.00137589   0.00000000    -0.00154980   0.00000000    -0.03551586  -0.00000000
   36   31
 -0.00517225  -0.00000000     0.00015997  -0.00000000    -0.00055651  -0.00000000
 -0.00015997   0.00000000     0.00036399   0.00000000    -0.00204222  -0.00000000
  0.00055651   0.00000000    -0.00204222  -0.00000000     0.00188075   0.00000000
   36   32
  0.00156492   0.00000000    -0.00010868  -0.00000000     0.00010423  -0.00000000
  0.00017261   0.00000000    -0.00053726  -0.00000000    -0.00139620  -0.00000000
 -0.00030106  -0.00000000     0.00082497   0.00000000    -0.00056765   0.00000000
   36   33
 -0.00023397  -0.00000000    -0.00007651   0.00000000    -0.00043643   0.00000000
  0.00007651  -0.00000000    -0.00035238  -0.00000000     0.00008381   0.00000000
  0.00043643   0.00000000     0.00008381   0.00000000    -0.00307573   0.00000000
   36   34
 -0.00239648  -0.00000000    -0.00021320   0.00000000    -0.00000784   0.00000000
 -0.00021320   0.00000000     0.00978315  -0.00000000     0.00027004   0.00000000
  0.00000784  -0.00000000    -0.00027004  -0.00000000     0.00008319   0.00000000
   36   35
 -0.00045731  -0.00000000    -0.00015703  -0.00000000     0.00000463  -0.00000000
  0.00015703   0.00000000     0.00036926   0.00000000     0.00020788   0.00000000
  0.00000463  -0.00000000    -0.00020788  -0.00000000     0.00016603  -0.00000000
   36   36
  0.12742509  -0.00000000     0.00482206   0.00000000    -0.00297912  -0.00000000
  0.00482206   0.00000000     0.20752054  -0.00000000    -0.00260086  -0.00000000
 -0.00297912  -0.00000000    -0.00260086  -0.00000000     0.12663039  -0.00000000

     Diagonalizing the dynamical matrix

     q = (    1.160596765   0.000000000   0.000000000 )

 **************************************************************************
     freq (   1) =       0.404939 [THz] =      13.507324 [cm-1]
(  0.000000 -0.000000  0.000000 -0.000000  0.023264  0.000000 )
( -0.000000  0.000000 -0.000000  0.000000  0.023264 -0.000000 )
(  0.000000  0.000000 -0.323485  0.000000  0.000000  0.000000 )
(  0.000000 -0.000000 -0.323485 -0.000000  0.000000  0.000000 )
(  0.168552  0.000000  0.000000  0.000000  0.040915 -0.000000 )
( -0.168552 -0.000000 -0.000000 -0.000000  0.040915  0.000000 )
( -0.000000 -0.000000  0.000000 -0.000000  0.042129 -0.000000 )
( -0.216465 -0.000000  0.000000 -0.000000 -0.035098  0.000000 )
(  0.216465  0.000000  0.000000  0.000000 -0.035098  0.000000 )
( -0.000000  0.000000  0.000000  0.000000  0.042129 -0.000000 )
( -0.216465 -0.000000  0.000000  0.000000 -0.035098 -0.000000 )
( -0.168552  0.000000 -0.000000  0.000000  0.040915  0.000000 )
( -0.000000  0.000000  0.000000  0.000000 -0.031876  0.000000 )
(  0.168552 -0.000000 -0.000000 -0.000000  0.040915  0.000000 )
(  0.216465 -0.000000 -0.000000 -0.000000 -0.035098  0.000000 )
( -0.000000 -0.000000 -0.000000 -0.000000 -0.031876  0.000000 )
( -0.000000 -0.000000  0.000000 -0.000000  0.049523 -0.000000 )
(  0.000000  0.000000  0.132186  0.000000  0.060715 -0.000000 )
( -0.000000 -0.000000 -0.132186 -0.000000  0.060715  0.000000 )
( -0.000000 -0.000000  0.146160 -0.000000 -0.096276  0.000000 )
( -0.000000  0.000000 -0.146160  0.000000 -0.096276 -0.000000 )
( -0.000000 -0.000000  0.000000  0.000000  0.097083  0.000000 )
(  0.000000 -0.000000 -0.146160 -0.000000 -0.096276  0.000000 )
(  0.000000  0.000000  0.146160  0.000000 -0.096276 -0.000000 )
(  0.000000  0.000000 -0.132186  0.000000  0.060715  0.000000 )
( -0.000000 -0.000000  0.132186 -0.000000  0.060715  0.000000 )
(  0.000000  0.000000  0.000000  0.000000 -0.000000 -0.000000 )
( -0.029157  0.000000 -0.106613  0.000000 -0.139008  0.000000 )
( -0.029157 -0.000000  0.106613 -0.000000 -0.139008  0.000000 )
(  0.029157  0.000000  0.106613  0.000000 -0.139008 -0.000000 )
(  0.029157 -0.000000 -0.106613  0.000000 -0.139008 -0.000000 )
(  0.000000 -0.000000 -0.000000 -0.000000 -0.000000  0.000000 )
(  0.029157  0.000000 -0.106613  0.000000 -0.139008  0.000000 )
(  0.029157 -0.000000  0.106613 -0.000000 -0.139008  0.000000 )
( -0.029157  0.000000  0.106613  0.000000 -0.139008 -0.000000 )
( -0.029157 -0.000000 -0.106613  0.000000 -0.139008 -0.000000 )
     freq (   2) =       1.049192 [THz] =      34.997289 [cm-1]
(  0.000000  0.000000 -0.009048 -0.000000  0.000000  0.000000 )
(  0.000000 -0.000000 -0.009048 -0.000000  0.000000  0.000000 )
(  0.000000  0.000000 -0.000000 -0.000000 -0.269704  0.000000 )
( -0.000000  0.000000 -0.000000  0.000000 -0.269704  0.000000 )
(  0.000000 -0.000000  0.104589 -0.000000  0.000000 -0.000000 )
(  0.000000 -0.000000  0.104589  0.000000  0.000000  0.000000 )
( -0.000000 -0.000000 -0.154352  0.000000 -0.000000 -0.000000 )
(  0.000000  0.000000 -0.094724  0.000000 -0.000000  0.000000 )
( -0.000000  0.000000 -0.094724  0.000000  0.000000 -0.000000 )
( -0.000000  0.000000 -0.154352  0.000000 -0.000000  0.000000 )
( -0.000000 -0.000000 -0.094724  0.000000  0.000000 -0.000000 )
(  0.000000  0.000000  0.104589 -0.000000  0.000000 -0.000000 )
(  0.000000  0.000000  0.010097  0.000000  0.000000 -0.000000 )
(  0.000000  0.000000  0.104589  0.000000  0.000000  0.000000 )
( -0.000000 -0.000000 -0.094724  0.000000  0.000000  0.000000 )
(  0.000000 -0.000000  0.010097  0.000000  0.000000  0.000000 )
( -0.000000 -0.000000 -0.309986 -0.000000 -0.000000 -0.000000 )
(  0.000000 -0.000000  0.114472 -0.000000  0.145679 -0.000000 )
(  0.000000 -0.000000  0.114472  0.000000 -0.145679  0.000000 )
( -0.000000  0.000000 -0.096737  0.000000  0.146067  0.000000 )
( -0.000000  0.000000 -0.096737  0.000000 -0.146067  0.000000 )
( -0.000000 -0.000000 -0.275142  0.000000 -0.000000 -0.000000 )
( -0.000000 -0.000000 -0.096737  0.000000 -0.146067  0.000000 )
( -0.000000 -0.000000 -0.096737  0.000000  0.146067 -0.000000 )
(  0.000000  0.000000  0.114472 -0.000000 -0.145679  0.000000 )
(  0.000000  0.000000  0.114472  0.000000  0.145679  0.000000 )
(  0.000000  0.000000  0.000000  0.000000  0.000000 -0.000000 )
(  0.006679  0.000000 -0.173940  0.000000  0.081076 -0.000000 )
( -0.006679  0.000000 -0.173940  0.000000 -0.081076  0.000000 )
(  0.006679  0.000000 -0.173940  0.000000 -0.081076  0.000000 )
( -0.006679 -0.000000 -0.173940  0.000000  0.081076 -0.000000 )
(  0.000000 -0.000000 -0.000000  0.000000 -0.000000 -0.000000 )
( -0.006679  0.000000 -0.173940  0.000000  0.081076 -0.000000 )
(  0.006679  0.000000 -0.173940  0.000000 -0.081076  0.000000 )
( -0.006679 -0.000000 -0.173940  0.000000 -0.081076  0.000000 )
(  0.006679 -0.000000 -0.173940  0.000000  0.081076  0.000000 )
     freq (   3) =       1.104137 [THz] =      36.830046 [cm-1]
( -0.000000 -0.000000 -0.000000 -0.000000 -0.274692 -0.000000 )
( -0.000000  0.000000  0.000000 -0.000000  0.274692  0.000000 )
(  0.000000 -0.000000  0.000000 -0.000000 -0.000000 -0.000000 )
(  0.000000  0.000000  0.000000  0.000000 -0.000000 -0.000000 )
( -0.000000 -0.000000 -0.106666 -0.000000 -0.000000 -0.000000 )
( -0.000000  0.000000  0.106666  0.000000  0.000000 -0.000000 )
(  0.000000 -0.000000 -0.000000  0.000000  0.000000  0.000000 )
( -0.000000  0.000000  0.095492  0.000000  0.000000 -0.000000 )
(  0.000000 -0.000000 -0.095492 -0.000000 -0.000000  0.000000 )
(  0.000000 -0.000000 -0.000000 -0.000000  0.000000  0.000000 )
( -0.000000  0.000000 -0.095492  0.000000 -0.000000  0.000000 )
( -0.000000  0.000000 -0.106666  0.000000 -0.000000 -0.000000 )
( -0.000000  0.000000 -0.153932  0.000000 -0.000000 -0.000000 )
(  0.000000 -0.000000  0.106666  0.000000  0.000000 -0.000000 )
(  0.000000 -0.000000  0.095492  0.000000 -0.000000  0.000000 )
(  0.000000  0.000000  0.153932  0.000000  0.000000  0.000000 )
(  0.000000 -0.000000  0.000000 -0.000000  0.000000 -0.000000 )
( -0.000000 -0.000000 -0.178349  0.000000  0.080573 -0.000000 )
( -0.000000 -0.000000  0.178349  0.000000  0.080573  0.000000 )
(  0.000000  0.000000  0.170477  0.000000  0.077428  0.000000 )
(  0.000000  0.000000 -0.170477  0.000000  0.077428  0.000000 )
(  0.000000 -0.000000 -0.000000  0.000000  0.000000 -0.000000 )
(  0.000000 -0.000000  0.170477  0.000000 -0.077428 -0.000000 )
(  0.000000 -0.000000 -0.170477  0.000000 -0.077428 -0.000000 )
( -0.000000  0.000000 -0.178349  0.000000 -0.080573 -0.000000 )
( -0.000000  0.000000  0.178349  0.000000 -0.080573  0.000000 )
( -0.000000 -0.000000 -0.280421  0.000000 -0.000000 -0.000000 )
(  0.002902  0.000000 -0.108366  0.000000 -0.147901 -0.000000 )
(  0.002902 -0.000000  0.108366 -0.000000 -0.147901 -0.000000 )
(  0.002902  0.000000 -0.108366 -0.000000  0.147901  0.000000 )
(  0.002902 -0.000000  0.108366  0.000000  0.147901  0.000000 )
(  0.000000 -0.000000  0.280421  0.000000  0.000000  0.000000 )
( -0.002902 -0.000000 -0.108366 -0.000000 -0.147901 -0.000000 )
( -0.002902  0.000000  0.108366  0.000000 -0.147901 -0.000000 )
( -0.002902 -0.000000 -0.108366  0.000000  0.147901  0.000000 )
( -0.002902  0.000000  0.108366 -0.000000  0.147901  0.000000 )
     freq (   4) =       1.159327 [THz] =      38.670987 [cm-1]
(  0.000000  0.000000 -0.529924  0.000000  0.000000  0.000000 )
( -0.000000  0.000000  0.529924  0.000000 -0.000000 -0.000000 )
( -0.029748  0.000000 -0.000000 -0.000000 -0.000000 -0.000000 )
(  0.029748 -0.000000  0.000000  0.000000 -0.000000 -0.000000 )
( -0.055853 -0.000000 -0.000000  0.000000 -0.037568  0.000000 )
( -0.055853 -0.000000 -0.000000 -0.000000  0.037568  0.000000 )
( -0.001198  0.000000  0.000000 -0.000000 -0.000000 -0.000000 )
(  0.060366  0.000000 -0.000000 -0.000000  0.032186 -0.000000 )
(  0.060366  0.000000 -0.000000 -0.000000 -0.032186  0.000000 )
(  0.001198  0.000000 -0.000000 -0.000000  0.000000 -0.000000 )
( -0.060366 -0.000000  0.000000 -0.000000 -0.032186  0.000000 )
(  0.055853 -0.000000  0.000000  0.000000 -0.037568  0.000000 )
(  0.000000  0.000000  0.000000 -0.000000 -0.080481  0.000000 )
(  0.055853 -0.000000  0.000000  0.000000  0.037568 -0.000000 )
( -0.060366 -0.000000  0.000000 -0.000000  0.032186 -0.000000 )
( -0.000000 -0.000000  0.000000 -0.000000  0.080481 -0.000000 )
(  0.000000  0.000000 -0.000000 -0.000000  0.000000 -0.000000 )
( -0.000000 -0.000000 -0.006386 -0.000000 -0.189179  0.000000 )
( -0.000000 -0.000000 -0.006386 -0.000000  0.189179  0.000000 )
(  0.000000  0.000000  0.004822 -0.000000  0.177201  0.000000 )
(  0.000000  0.000000  0.004822 -0.000000 -0.177201 -0.000000 )
(  0.000000  0.000000  0.000000 -0.000000 -0.000000  0.000000 )
( -0.000000  0.000000 -0.004822 -0.000000  0.177201 -0.000000 )
( -0.000000 -0.000000 -0.004822 -0.000000 -0.177201  0.000000 )
(  0.000000  0.000000  0.006386 -0.000000 -0.189179 -0.000000 )
(  0.000000 -0.000000  0.006386  0.000000  0.189179 -0.000000 )
( -0.006081  0.000000  0.000000  0.000000 -0.035883  0.000000 )
(  0.004556 -0.000000 -0.085516 -0.000000 -0.084009  0.000000 )
( -0.004556  0.000000 -0.085516 -0.000000  0.084009 -0.000000 )
( -0.004556  0.000000  0.085516 -0.000000 -0.084009 -0.000000 )
(  0.004556  0.000000  0.085516 -0.000000  0.084009  0.000000 )
( -0.006081 -0.000000  0.000000  0.000000  0.035883 -0.000000 )
( -0.004556  0.000000 -0.085516 -0.000000 -0.084009 -0.000000 )
(  0.004556 -0.000000 -0.085516 -0.000000  0.084009 -0.000000 )
(  0.004556  0.000000  0.085516 -0.000000 -0.084009 -0.000000 )
( -0.004556  0.000000  0.085516 -0.000000  0.084009 -0.000000 )
     freq (   5) =       1.174054 [THz] =      39.162221 [cm-1]
(  0.054572 -0.000000  0.000000 -0.000000 -0.000000 -0.000000 )
( -0.054572  0.000000 -0.000000  0.000000 -0.000000  0.000000 )
(  0.000000 -0.000000 -0.511530  0.000000  0.000000 -0.000000 )
( -0.000000  0.000000  0.511530 -0.000000 -0.000000 -0.000000 )
(  0.000000 -0.000000 -0.074905 -0.000000  0.000000 -0.000000 )
(  0.000000  0.000000 -0.074905  0.000000 -0.000000  0.000000 )
(  0.000000 -0.000000  0.075586 -0.000000 -0.000000 -0.000000 )
( -0.000000  0.000000 -0.079111  0.000000 -0.000000  0.000000 )
( -0.000000 -0.000000 -0.079111 -0.000000  0.000000  0.000000 )
(  0.000000 -0.000000 -0.075586 -0.000000 -0.000000 -0.000000 )
(  0.000000  0.000000  0.079111 -0.000000  0.000000 -0.000000 )
( -0.000000  0.000000  0.074905 -0.000000  0.000000 -0.000000 )
( -0.000000  0.000000  0.000000 -0.000000  0.000000 -0.000000 )
( -0.000000 -0.000000  0.074905  0.000000 -0.000000  0.000000 )
(  0.000000 -0.000000  0.079111  0.000000 -0.000000  0.000000 )
(  0.000000 -0.000000  0.000000  0.000000 -0.000000  0.000000 )
(  0.000000 -0.000000 -0.000000 -0.000000 -0.000000 -0.000000 )
( -0.193088  0.000000  0.000000 -0.000000  0.000000  0.000000 )
( -0.193088  0.000000  0.000000  0.000000 -0.000000  0.000000 )
(  0.184765 -0.000000  0.000000  0.000000 -0.000000  0.000000 )
(  0.184765 -0.000000  0.000000 -0.000000  0.000000 -0.000000 )
(  0.000000 -0.000000  0.000000 -0.000000 -0.000000 -0.000000 )
( -0.184765 -0.000000  0.000000  0.000000 -0.000000 -0.000000 )
( -0.184765 -0.000000  0.000000 -0.000000  0.000000 -0.000000 )
(  0.193088  0.000000  0.000000 -0.000000  0.000000 -0.000000 )
(  0.193088  0.000000  0.000000  0.000000 -0.000000  0.000000 )
( -0.000000  0.000000  0.162606 -0.000000  0.000000 -0.000000 )
(  0.019765 -0.000000  0.092226 -0.000000  0.016117 -0.000000 )
(  0.019765  0.000000 -0.092226  0.000000  0.016117 -0.000000 )
( -0.019765 -0.000000 -0.092226 -0.000000  0.016117  0.000000 )
( -0.019765  0.000000  0.092226  0.000000  0.016117  0.000000 )
(  0.000000 -0.000000  0.162606  0.000000 -0.000000  0.000000 )
(  0.019765  0.000000 -0.092226 -0.000000 -0.016117 -0.000000 )
(  0.019765 -0.000000  0.092226 -0.000000 -0.016117 -0.000000 )
( -0.019765  0.000000  0.092226 -0.000000 -0.016117  0.000000 )
( -0.019765 -0.000000 -0.092226  0.000000 -0.016117  0.000000 )
     freq (   6) =       1.242375 [THz] =      41.441168 [cm-1]
( -0.000000  0.000000 -0.501993  0.000000 -0.000000 -0.000000 )
(  0.000000 -0.000000 -0.501993  0.000000  0.000000  0.000000 )
( -0.000000 -0.000000  0.000000  0.000000  0.007971 -0.000000 )
( -0.000000 -0.000000 -0.000000 -0.000000  0.007971 -0.000000 )
(  0.000000 -0.000000  0.079946 -0.000000  0.000000 -0.000000 )
(  0.000000  0.000000  0.079946  0.000000 -0.000000 -0.000000 )
( -0.000000  0.000000  0.008983 -0.000000  0.000000  0.000000 )
( -0.000000 -0.000000  0.085070  0.000000 -0.000000 -0.000000 )
( -0.000000 -0.000000  0.085070 -0.000000  0.000000 -0.000000 )
( -0.000000  0.000000  0.008983 -0.000000  0.000000  0.000000 )
(  0.000000 -0.000000  0.085070 -0.000000  0.000000 -0.000000 )
( -0.000000 -0.000000  0.079946 -0.000000  0.000000 -0.000000 )
(  0.000000 -0.000000  0.088895 -0.000000  0.000000 -0.000000 )
( -0.000000  0.000000  0.079946  0.000000 -0.000000 -0.000000 )
(  0.000000  0.000000  0.085070  0.000000 -0.000000 -0.000000 )
( -0.000000  0.000000  0.088895  0.000000 -0.000000 -0.000000 )
( -0.000000  0.000000 -0.148996 -0.000000  0.000000  0.000000 )
(  0.000000 -0.000000  0.099160  0.000000  0.006604 -0.000000 )
(  0.000000  0.000000  0.099160  0.000000 -0.006604 -0.000000 )
( -0.000000  0.000000  0.108490  0.000000 -0.017910 -0.000000 )
( -0.000000 -0.000000  0.108490 -0.000000  0.017910 -0.000000 )
( -0.000000  0.000000  0.171487 -0.000000 -0.000000 -0.000000 )
(  0.000000  0.000000  0.108490  0.000000  0.017910 -0.000000 )
(  0.000000  0.000000  0.108490 -0.000000 -0.017910 -0.000000 )
( -0.000000 -0.000000  0.099160 -0.000000 -0.006604 -0.000000 )
( -0.000000  0.000000  0.099160  0.000000  0.006604 -0.000000 )
(  0.000000 -0.000000 -0.000000 -0.000000  0.000000  0.000000 )
(  0.188917 -0.000000  0.006620 -0.000000 -0.002643 -0.000000 )
( -0.188917  0.000000  0.006620  0.000000  0.002643 -0.000000 )
(  0.188917 -0.000000  0.006620 -0.000000  0.002643  0.000000 )
( -0.188917  0.000000  0.006620 -0.000000 -0.002643  0.000000 )
( -0.000000  0.000000 -0.000000  0.000000 -0.000000  0.000000 )
( -0.188917 -0.000000  0.006620 -0.000000 -0.002643 -0.000000 )
(  0.188917  0.000000  0.006620  0.000000  0.002643 -0.000000 )
( -0.188917 -0.000000  0.006620 -0.000000  0.002643  0.000000 )
(  0.188917  0.000000  0.006620  0.000000 -0.002643  0.000000 )
     freq (   7) =       1.447751 [THz] =      48.291762 [cm-1]
(  0.000000 -0.000000  0.000000  0.000000 -0.000000  0.000000 )
( -0.000000  0.000000  0.000000 -0.000000 -0.000000 -0.000000 )
( -0.602606  0.000000  0.000000 -0.000000 -0.000000 -0.000000 )
( -0.602606  0.000000  0.000000  0.000000 -0.000000  0.000000 )
( -0.000000  0.000000  0.017708  0.000000 -0.000000 -0.000000 )
(  0.000000  0.000000 -0.017708  0.000000 -0.000000 -0.000000 )
( -0.000000 -0.000000 -0.000000  0.000000  0.000000 -0.000000 )
(  0.000000 -0.000000 -0.019481  0.000000  0.000000 -0.000000 )
( -0.000000 -0.000000  0.019481  0.000000  0.000000  0.000000 )
( -0.000000 -0.000000  0.000000  0.000000  0.000000  0.000000 )
( -0.000000 -0.000000 -0.019481  0.000000 -0.000000 -0.000000 )
( -0.000000  0.000000 -0.017708  0.000000 -0.000000 -0.000000 )
( -0.000000 -0.000000 -0.000000  0.000000 -0.000000  0.000000 )
(  0.000000  0.000000  0.017708 -0.000000  0.000000  0.000000 )
(  0.000000 -0.000000  0.019481  0.000000 -0.000000 -0.000000 )
(  0.000000  0.000000 -0.000000  0.000000 -0.000000 -0.000000 )
( -0.000000 -0.000000  0.000000  0.000000  0.000000  0.000000 )
(  0.175619 -0.000000 -0.000000 -0.000000 -0.000000 -0.000000 )
( -0.175619  0.000000 -0.000000 -0.000000 -0.000000  0.000000 )
(  0.177779 -0.000000 -0.000000  0.000000 -0.000000 -0.000000 )
( -0.177779 -0.000000 -0.000000  0.000000 -0.000000  0.000000 )
( -0.000000 -0.000000 -0.000000  0.000000  0.000000 -0.000000 )
( -0.177779  0.000000 -0.000000 -0.000000 -0.000000 -0.000000 )
(  0.177779 -0.000000 -0.000000  0.000000 -0.000000  0.000000 )
( -0.175619  0.000000 -0.000000  0.000000 -0.000000  0.000000 )
(  0.175619  0.000000  0.000000  0.000000 -0.000000 -0.000000 )
( -0.000000 -0.000000 -0.000000  0.000000 -0.000000 -0.000000 )
(  0.051089 -0.000000 -0.002672  0.000000  0.005379 -0.000000 )
( -0.051089 -0.000000 -0.002672  0.000000 -0.005379  0.000000 )
( -0.051089 -0.000000  0.002672  0.000000  0.005379  0.000000 )
(  0.051089 -0.000000  0.002672  0.000000 -0.005379 -0.000000 )
(  0.000000  0.000000  0.000000 -0.000000  0.000000 -0.000000 )
(  0.051089 -0.000000  0.002672  0.000000 -0.005379  0.000000 )
( -0.051089 -0.000000  0.002672 -0.000000  0.005379 -0.000000 )
( -0.051089 -0.000000 -0.002672 -0.000000 -0.005379 -0.000000 )
(  0.051089 -0.000000 -0.002672 -0.000000  0.005379  0.000000 )
     freq (   8) =       1.476329 [THz] =      49.245038 [cm-1]
( -0.000000 -0.000000 -0.000000 -0.000000  0.000000 -0.000000 )
( -0.000000  0.000000 -0.000000 -0.000000  0.000000 -0.000000 )
(  0.000000 -0.000000 -0.000000  0.000000 -0.040349 -0.000000 )
(  0.000000 -0.000000 -0.000000  0.000000  0.040349  0.000000 )
( -0.132438  0.000000 -0.000000 -0.000000 -0.009985 -0.000000 )
(  0.132438  0.000000  0.000000 -0.000000 -0.009985 -0.000000 )
(  0.000000 -0.000000 -0.000000  0.000000 -0.017208  0.000000 )
(  0.126080 -0.000000  0.000000  0.000000  0.015345 -0.000000 )
( -0.126080 -0.000000  0.000000  0.000000  0.015345  0.000000 )
(  0.000000 -0.000000  0.000000  0.000000  0.017208  0.000000 )
( -0.126080 -0.000000  0.000000 -0.000000 -0.015345 -0.000000 )
( -0.132438 -0.000000  0.000000  0.000000  0.009985 -0.000000 )
( -0.139780 -0.000000  0.000000  0.000000  0.000000 -0.000000 )
(  0.132438  0.000000 -0.000000  0.000000  0.009985 -0.000000 )
(  0.126080  0.000000 -0.000000  0.000000 -0.015345 -0.000000 )
(  0.139780  0.000000 -0.000000  0.000000  0.000000 -0.000000 )
(  0.000000 -0.000000 -0.000000 -0.000000 -0.000000  0.000000 )
( -0.228109  0.000000  0.000000  0.000000  0.000000 -0.000000 )
(  0.228109  0.000000  0.000000 -0.000000  0.000000 -0.000000 )
(  0.226517  0.000000 -0.000000  0.000000  0.000000 -0.000000 )
( -0.226517 -0.000000  0.000000 -0.000000  0.000000 -0.000000 )
(  0.000000 -0.000000  0.000000  0.000000 -0.000000  0.000000 )
(  0.226517 -0.000000  0.000000 -0.000000  0.000000 -0.000000 )
( -0.226517 -0.000000  0.000000  0.000000  0.000000 -0.000000 )
( -0.228109 -0.000000  0.000000 -0.000000  0.000000 -0.000000 )
(  0.228109  0.000000 -0.000000  0.000000  0.000000 -0.000000 )
( -0.226550 -0.000000  0.000000  0.000000 -0.006720 -0.000000 )
( -0.194338 -0.000000  0.009242 -0.000000 -0.019542  0.000000 )
(  0.194338 -0.000000  0.009242  0.000000  0.019542  0.000000 )
( -0.194338 -0.000000  0.009242  0.000000  0.019542  0.000000 )
(  0.194338  0.000000  0.009242 -0.000000 -0.019542  0.000000 )
(  0.226550  0.000000 -0.000000  0.000000 -0.006720 -0.000000 )
( -0.194338 -0.000000 -0.009242 -0.000000  0.019542  0.000000 )
(  0.194338 -0.000000 -0.009242  0.000000 -0.019542  0.000000 )
( -0.194338 -0.000000 -0.009242  0.000000 -0.019542  0.000000 )
(  0.194338  0.000000 -0.009242 -0.000000  0.019542  0.000000 )
     freq (   9) =       1.491085 [THz] =      49.737255 [cm-1]
(  0.036937 -0.000000  0.000000  0.000000 -0.000000 -0.000000 )
(  0.036937  0.000000  0.000000 -0.000000  0.000000  0.000000 )
(  0.000000 -0.000000  0.000000 -0.000000 -0.000000 -0.000000 )
(  0.000000 -0.000000  0.000000  0.000000  0.000000  0.000000 )
(  0.127996 -0.000000  0.000000 -0.000000  0.007745  0.000000 )
(  0.127996  0.000000  0.000000 -0.000000 -0.007745 -0.000000 )
( -0.139414  0.000000 -0.000000  0.000000 -0.000000 -0.000000 )
( -0.133152  0.000000  0.000000  0.000000 -0.009784  0.000000 )
( -0.133152 -0.000000 -0.000000 -0.000000  0.009784  0.000000 )
( -0.139414 -0.000000  0.000000 -0.000000  0.000000  0.000000 )
( -0.133152 -0.000000 -0.000000 -0.000000 -0.009784 -0.000000 )
(  0.127996 -0.000000 -0.000000  0.000000 -0.007745  0.000000 )
(  0.006579 -0.000000 -0.000000 -0.000000  0.000000  0.000000 )
(  0.127996  0.000000 -0.000000  0.000000  0.007745  0.000000 )
( -0.133152  0.000000  0.000000  0.000000  0.009784 -0.000000 )
(  0.006579  0.000000  0.000000  0.000000  0.000000 -0.000000 )
( -0.232517  0.000000  0.000000  0.000000  0.000000 -0.000000 )
(  0.190875 -0.000000 -0.000000 -0.000000 -0.000000  0.000000 )
(  0.190875  0.000000  0.000000  0.000000  0.000000 -0.000000 )
( -0.200627  0.000000  0.000000  0.000000  0.000000  0.000000 )
( -0.200627 -0.000000 -0.000000 -0.000000  0.000000  0.000000 )
( -0.229159 -0.000000  0.000000 -0.000000  0.000000 -0.000000 )
( -0.200627  0.000000  0.000000  0.000000  0.000000 -0.000000 )
( -0.200627 -0.000000  0.000000 -0.000000 -0.000000  0.000000 )
(  0.190875 -0.000000 -0.000000  0.000000  0.000000  0.000000 )
(  0.190875  0.000000  0.000000  0.000000  0.000000 -0.000000 )
( -0.000000 -0.000000 -0.000000 -0.000000 -0.000000  0.000000 )
( -0.225544 -0.000000 -0.006678  0.000000 -0.008698 -0.000000 )
( -0.225544  0.000000  0.006678  0.000000 -0.008698  0.000000 )
( -0.225544 -0.000000 -0.006678 -0.000000  0.008698  0.000000 )
( -0.225544  0.000000  0.006678  0.000000  0.008698 -0.000000 )
(  0.000000  0.000000 -0.000000  0.000000 -0.000000 -0.000000 )
( -0.225544 -0.000000  0.006678 -0.000000  0.008698  0.000000 )
( -0.225544  0.000000 -0.006678  0.000000  0.008698 -0.000000 )
( -0.225544 -0.000000  0.006678 -0.000000 -0.008698 -0.000000 )
( -0.225544  0.000000 -0.006678 -0.000000 -0.008698  0.000000 )
     freq (  10) =       1.512748 [THz] =      50.459835 [cm-1]
(  0.611650 -0.000000  0.000000 -0.000000  0.000000  0.000000 )
( -0.611650 -0.000000  0.000000 -0.000000 -0.000000 -0.000000 )
(  0.000000  0.000000  0.058818 -0.000000 -0.000000 -0.000000 )
(  0.000000  0.000000 -0.058818 -0.000000  0.000000 -0.000000 )
( -0.000000 -0.000000  0.020982  0.000000 -0.000000  0.000000 )
( -0.000000 -0.000000  0.020982  0.000000  0.000000  0.000000 )
(  0.000000  0.000000 -0.006375 -0.000000 -0.000000 -0.000000 )
(  0.000000  0.000000 -0.011482 -0.000000  0.000000 -0.000000 )
(  0.000000  0.000000 -0.011482  0.000000 -0.000000 -0.000000 )
(  0.000000  0.000000  0.006375 -0.000000 -0.000000 -0.000000 )
(  0.000000  0.000000  0.011482 -0.000000  0.000000  0.000000 )
( -0.000000  0.000000 -0.020982  0.000000  0.000000  0.000000 )
( -0.000000  0.000000  0.000000  0.000000  0.000000  0.000000 )
( -0.000000 -0.000000 -0.020982  0.000000  0.000000 -0.000000 )
(  0.000000 -0.000000  0.011482 -0.000000 -0.000000  0.000000 )
(  0.000000 -0.000000  0.000000 -0.000000  0.000000  0.000000 )
(  0.000000  0.000000 -0.000000  0.000000 -0.000000 -0.000000 )
( -0.033263  0.000000 -0.000000  0.000000  0.000000  0.000000 )
( -0.033263 -0.000000  0.000000  0.000000  0.000000  0.000000 )
( -0.064105 -0.000000 -0.000000 -0.000000  0.000000  0.000000 )
( -0.064105  0.000000  0.000000  0.000000  0.000000  0.000000 )
(  0.000000  0.000000  0.000000 -0.000000 -0.000000 -0.000000 )
(  0.064105 -0.000000  0.000000 -0.000000  0.000000  0.000000 )
(  0.064105  0.000000 -0.000000 -0.000000  0.000000  0.000000 )
(  0.033263  0.000000  0.000000  0.000000  0.000000  0.000000 )
(  0.033263 -0.000000 -0.000000 -0.000000  0.000000  0.000000 )
( -0.000000  0.000000 -0.004047  0.000000 -0.000000  0.000000 )
(  0.166189  0.000000 -0.008745  0.000000  0.001630  0.000000 )
(  0.166189  0.000000  0.008745 -0.000000  0.001630 -0.000000 )
( -0.166189  0.000000  0.008745 -0.000000  0.001630 -0.000000 )
( -0.166189 -0.000000 -0.008745 -0.000000  0.001630 -0.000000 )
(  0.000000 -0.000000 -0.004047 -0.000000  0.000000  0.000000 )
(  0.166189  0.000000  0.008745  0.000000 -0.001630 -0.000000 )
(  0.166189 -0.000000 -0.008745 -0.000000 -0.001630 -0.000000 )
( -0.166189  0.000000 -0.008745 -0.000000 -0.001630 -0.000000 )
( -0.166189  0.000000  0.008745  0.000000 -0.001630 -0.000000 )
     freq (  11) =       1.573265 [THz] =      52.478474 [cm-1]
( -0.000000  0.000000 -0.000000 -0.000000  0.067211  0.000000 )
(  0.000000 -0.000000 -0.000000  0.000000  0.067211  0.000000 )
( -0.000000 -0.000000 -0.448618 -0.000000  0.000000  0.000000 )
( -0.000000  0.000000 -0.448618  0.000000 -0.000000 -0.000000 )
( -0.094829  0.000000 -0.000000 -0.000000  0.024323  0.000000 )
(  0.094829 -0.000000 -0.000000 -0.000000  0.024323 -0.000000 )
( -0.000000 -0.000000  0.000000 -0.000000 -0.171936  0.000000 )
(  0.158616 -0.000000  0.000000 -0.000000  0.015159 -0.000000 )
( -0.158616  0.000000  0.000000 -0.000000  0.015159 -0.000000 )
( -0.000000 -0.000000  0.000000  0.000000 -0.171936 -0.000000 )
(  0.158616  0.000000 -0.000000 -0.000000  0.015159  0.000000 )
(  0.094829  0.000000 -0.000000 -0.000000  0.024323  0.000000 )
(  0.000000  0.000000 -0.000000 -0.000000  0.056607 -0.000000 )
( -0.094829 -0.000000 -0.000000 -0.000000  0.024323  0.000000 )
( -0.158616 -0.000000  0.000000 -0.000000  0.015159  0.000000 )
( -0.000000 -0.000000  0.000000 -0.000000  0.056607 -0.000000 )
( -0.000000 -0.000000  0.000000  0.000000 -0.134834 -0.000000 )
(  0.000000  0.000000 -0.037585 -0.000000  0.130004  0.000000 )
( -0.000000 -0.000000  0.037585 -0.000000  0.130004  0.000000 )
( -0.000000 -0.000000 -0.041300 -0.000000  0.078637  0.000000 )
(  0.000000  0.000000  0.041300 -0.000000  0.078637  0.000000 )
( -0.000000 -0.000000  0.000000 -0.000000 -0.115016 -0.000000 )
( -0.000000 -0.000000  0.041300 -0.000000  0.078637  0.000000 )
(  0.000000  0.000000 -0.041300 -0.000000  0.078637 -0.000000 )
(  0.000000  0.000000  0.037585 -0.000000  0.130004  0.000000 )
(  0.000000 -0.000000 -0.037585 -0.000000  0.130004  0.000000 )
(  0.000000  0.000000 -0.000000 -0.000000  0.000000  0.000000 )
(  0.048472  0.000000  0.135666 -0.000000 -0.100477  0.000000 )
(  0.048472 -0.000000 -0.135666 -0.000000 -0.100477 -0.000000 )
( -0.048472  0.000000 -0.135666 -0.000000 -0.100477 -0.000000 )
( -0.048472 -0.000000  0.135666 -0.000000 -0.100477  0.000000 )
( -0.000000 -0.000000  0.000000 -0.000000  0.000000  0.000000 )
( -0.048472  0.000000  0.135666  0.000000 -0.100477 -0.000000 )
( -0.048472 -0.000000 -0.135666 -0.000000 -0.100477  0.000000 )
(  0.048472  0.000000 -0.135666  0.000000 -0.100477  0.000000 )
(  0.048472 -0.000000  0.135666  0.000000 -0.100477 -0.000000 )
     freq (  12) =       1.690606 [THz] =      56.392531 [cm-1]
( -0.633247  0.000000 -0.000000  0.000000 -0.000000 -0.000000 )
( -0.633247  0.000000 -0.000000 -0.000000 -0.000000 -0.000000 )
( -0.000000 -0.000000 -0.000000  0.000000  0.000000  0.000000 )
(  0.000000  0.000000  0.000000 -0.000000 -0.000000  0.000000 )
(  0.047105 -0.000000  0.000000 -0.000000  0.026439 -0.000000 )
(  0.047105 -0.000000  0.000000 -0.000000 -0.026439  0.000000 )
(  0.001777 -0.000000 -0.000000  0.000000  0.000000 -0.000000 )
(  0.039253 -0.000000  0.000000 -0.000000  0.022903 -0.000000 )
(  0.039253 -0.000000  0.000000  0.000000 -0.022903  0.000000 )
(  0.001777 -0.000000  0.000000  0.000000 -0.000000  0.000000 )
(  0.039253  0.000000 -0.000000 -0.000000  0.022903  0.000000 )
(  0.047105  0.000000 -0.000000  0.000000 -0.026439 -0.000000 )
(  0.008206  0.000000  0.000000 -0.000000 -0.000000 -0.000000 )
(  0.047105  0.000000 -0.000000 -0.000000  0.026439  0.000000 )
(  0.039253  0.000000 -0.000000  0.000000 -0.022903 -0.000000 )
(  0.008206 -0.000000 -0.000000 -0.000000 -0.000000 -0.000000 )
(  0.001697 -0.000000 -0.000000  0.000000  0.000000  0.000000 )
(  0.079621  0.000000  0.000000 -0.000000 -0.000000 -0.000000 )
(  0.079621  0.000000 -0.000000 -0.000000 -0.000000  0.000000 )
(  0.048785 -0.000000 -0.000000  0.000000 -0.000000 -0.000000 )
(  0.048785 -0.000000  0.000000  0.000000 -0.000000  0.000000 )
( -0.003368 -0.000000 -0.000000 -0.000000 -0.000000 -0.000000 )
(  0.048785 -0.000000 -0.000000 -0.000000 -0.000000 -0.000000 )
(  0.048785 -0.000000 -0.000000 -0.000000 -0.000000  0.000000 )
(  0.079621  0.000000  0.000000  0.000000 -0.000000 -0.000000 )
(  0.079621  0.000000 -0.000000  0.000000 -0.000000  0.000000 )
( -0.000000 -0.000000 -0.000000  0.000000  0.000000  0.000000 )
( -0.018543  0.000000  0.097669 -0.000000  0.089419  0.000000 )
( -0.018543 -0.000000 -0.097669  0.000000  0.089419 -0.000000 )
( -0.018543 -0.000000  0.097669 -0.000000 -0.089419  0.000000 )
( -0.018543  0.000000 -0.097669  0.000000 -0.089419 -0.000000 )
(  0.000000 -0.000000 -0.000000  0.000000  0.000000 -0.000000 )
( -0.018543 -0.000000 -0.097669  0.000000 -0.089419  0.000000 )
( -0.018543  0.000000  0.097669  0.000000 -0.089419 -0.000000 )
( -0.018543  0.000000 -0.097669  0.000000  0.089419 -0.000000 )
( -0.018543 -0.000000  0.097669 -0.000000  0.089419 -0.000000 )
     freq (  13) =       1.715176 [THz] =      57.212113 [cm-1]
( -0.000000  0.000000 -0.037832 -0.000000  0.000000 -0.000000 )
( -0.000000  0.000000  0.037832 -0.000000  0.000000 -0.000000 )
(  0.641988  0.000000 -0.000000 -0.000000  0.000000 -0.000000 )
( -0.641988  0.000000  0.000000 -0.000000 -0.000000  0.000000 )
(  0.039514 -0.000000  0.000000 -0.000000  0.023050 -0.000000 )
(  0.039514 -0.000000  0.000000 -0.000000 -0.023050  0.000000 )
( -0.002583  0.000000 -0.000000  0.000000  0.000000 -0.000000 )
(  0.042857 -0.000000  0.000000 -0.000000  0.026675 -0.000000 )
(  0.042857 -0.000000  0.000000 -0.000000 -0.026675  0.000000 )
(  0.002583  0.000000  0.000000 -0.000000  0.000000  0.000000 )
( -0.042857 -0.000000  0.000000 -0.000000 -0.026675 -0.000000 )
( -0.039514 -0.000000  0.000000 -0.000000  0.023050 -0.000000 )
(  0.000000 -0.000000  0.000000 -0.000000  0.002253 -0.000000 )
( -0.039514 -0.000000  0.000000 -0.000000 -0.023050 -0.000000 )
( -0.042857 -0.000000  0.000000 -0.000000  0.026675  0.000000 )
( -0.000000 -0.000000  0.000000 -0.000000 -0.002253 -0.000000 )
(  0.000000  0.000000 -0.000000  0.000000 -0.000000  0.000000 )
(  0.000000 -0.000000  0.091570 -0.000000  0.085389 -0.000000 )
(  0.000000 -0.000000  0.091570 -0.000000 -0.085389 -0.000000 )
( -0.000000 -0.000000 -0.094015 -0.000000  0.085141 -0.000000 )
( -0.000000 -0.000000 -0.094015 -0.000000 -0.085141 -0.000000 )
(  0.000000  0.000000  0.000000 -0.000000  0.000000 -0.000000 )
(  0.000000 -0.000000  0.094015 -0.000000  0.085141  0.000000 )
(  0.000000 -0.000000  0.094015 -0.000000 -0.085141 -0.000000 )
( -0.000000 -0.000000 -0.091570 -0.000000  0.085389 -0.000000 )
( -0.000000 -0.000000 -0.091570 -0.000000 -0.085389 -0.000000 )
(  0.002613  0.000000 -0.000000  0.000000 -0.002080 -0.000000 )
( -0.057755 -0.000000 -0.004528 -0.000000 -0.006359 -0.000000 )
(  0.057755  0.000000 -0.004528  0.000000  0.006359 -0.000000 )
(  0.057755  0.000000  0.004528 -0.000000 -0.006359  0.000000 )
( -0.057755  0.000000  0.004528  0.000000  0.006359  0.000000 )
(  0.002613 -0.000000 -0.000000 -0.000000  0.002080 -0.000000 )
(  0.057755  0.000000 -0.004528  0.000000 -0.006359  0.000000 )
( -0.057755 -0.000000 -0.004528 -0.000000  0.006359  0.000000 )
( -0.057755  0.000000  0.004528  0.000000 -0.006359 -0.000000 )
(  0.057755 -0.000000  0.004528 -0.000000  0.006359 -0.000000 )
     freq (  14) =       1.758055 [THz] =      58.642406 [cm-1]
( -0.000000 -0.000000 -0.000000  0.000000 -0.000000 -0.000000 )
( -0.000000  0.000000 -0.000000  0.000000 -0.000000 -0.000000 )
(  0.000000  0.000000 -0.000000  0.000000 -0.341314 -0.000000 )
( -0.000000 -0.000000  0.000000  0.000000  0.341314  0.000000 )
(  0.037757  0.000000  0.000000  0.000000  0.047496 -0.000000 )
( -0.037757 -0.000000  0.000000  0.000000  0.047496 -0.000000 )
( -0.000000 -0.000000 -0.000000 -0.000000 -0.156034 -0.000000 )
(  0.013009 -0.000000  0.000000  0.000000  0.046227  0.000000 )
( -0.013009  0.000000  0.000000  0.000000  0.046227  0.000000 )
( -0.000000 -0.000000  0.000000  0.000000  0.156034  0.000000 )
( -0.013009 -0.000000 -0.000000  0.000000 -0.046227 -0.000000 )
(  0.037757 -0.000000 -0.000000  0.000000 -0.047496 -0.000000 )
(  0.024794  0.000000 -0.000000  0.000000 -0.000000 -0.000000 )
( -0.037757  0.000000 -0.000000  0.000000 -0.047496 -0.000000 )
(  0.013009  0.000000 -0.000000  0.000000 -0.046227 -0.000000 )
( -0.024794 -0.000000 -0.000000  0.000000 -0.000000 -0.000000 )
( -0.000000 -0.000000  0.000000 -0.000000  0.000000  0.000000 )
(  0.101720  0.000000 -0.000000  0.000000  0.000000 -0.000000 )
( -0.101720 -0.000000 -0.000000  0.000000 -0.000000  0.000000 )
(  0.067015  0.000000 -0.000000  0.000000 -0.000000  0.000000 )
( -0.067015 -0.000000 -0.000000  0.000000 -0.000000 -0.000000 )
( -0.000000 -0.000000 -0.000000  0.000000 -0.000000  0.000000 )
(  0.067015  0.000000 -0.000000  0.000000 -0.000000 -0.000000 )
( -0.067015 -0.000000 -0.000000  0.000000 -0.000000  0.000000 )
(  0.101720  0.000000 -0.000000  0.000000 -0.000000  0.000000 )
( -0.101720 -0.000000 -0.000000  0.000000 -0.000000 -0.000000 )
(  0.034207  0.000000 -0.000000 -0.000000 -0.075910 -0.000000 )
(  0.008347  0.000000  0.041226 -0.000000 -0.275174 -0.000000 )
( -0.008347 -0.000000  0.041226  0.000000  0.275174  0.000000 )
(  0.008347  0.000000  0.041226  0.000000  0.275174  0.000000 )
( -0.008347 -0.000000  0.041226 -0.000000 -0.275174 -0.000000 )
( -0.034207 -0.000000 -0.000000 -0.000000 -0.075910 -0.000000 )
(  0.008347 -0.000000 -0.041226 -0.000000  0.275174  0.000000 )
( -0.008347  0.000000 -0.041226  0.000000 -0.275174 -0.000000 )
(  0.008347 -0.000000 -0.041226  0.000000 -0.275174 -0.000000 )
( -0.008347  0.000000 -0.041226 -0.000000  0.275174  0.000000 )
     freq (  15) =       1.762176 [THz] =      58.779854 [cm-1]
(  0.000000  0.000000 -0.429246 -0.000000 -0.000000 -0.000000 )
( -0.000000 -0.000000 -0.429246  0.000000 -0.000000 -0.000000 )
(  0.000000  0.000000 -0.000000  0.000000 -0.016041  0.000000 )
( -0.000000 -0.000000 -0.000000 -0.000000 -0.016041 -0.000000 )
( -0.000000 -0.000000 -0.082344 -0.000000 -0.000000 -0.000000 )
(  0.000000  0.000000 -0.082344 -0.000000 -0.000000 -0.000000 )
( -0.000000 -0.000000 -0.004849  0.000000  0.000000  0.000000 )
(  0.000000  0.000000 -0.071915 -0.000000 -0.000000 -0.000000 )
( -0.000000 -0.000000 -0.071915 -0.000000 -0.000000 -0.000000 )
( -0.000000  0.000000 -0.004849 -0.000000 -0.000000 -0.000000 )
(  0.000000  0.000000 -0.071915  0.000000 -0.000000  0.000000 )
(  0.000000 -0.000000 -0.082344  0.000000 -0.000000  0.000000 )
( -0.000000 -0.000000 -0.166897 -0.000000 -0.000000 -0.000000 )
( -0.000000  0.000000 -0.082344  0.000000 -0.000000  0.000000 )
( -0.000000 -0.000000 -0.071915  0.000000 -0.000000  0.000000 )
(  0.000000  0.000000 -0.166897 -0.000000 -0.000000 -0.000000 )
( -0.000000  0.000000  0.245427  0.000000  0.000000  0.000000 )
( -0.000000 -0.000000 -0.182441  0.000000  0.089250 -0.000000 )
(  0.000000  0.000000 -0.182441 -0.000000 -0.089250 -0.000000 )
( -0.000000 -0.000000 -0.184736 -0.000000 -0.090933 -0.000000 )
(  0.000000  0.000000 -0.184736 -0.000000  0.090933 -0.000000 )
( -0.000000  0.000000 -0.284103 -0.000000 -0.000000 -0.000000 )
( -0.000000 -0.000000 -0.184736  0.000000  0.090933 -0.000000 )
(  0.000000  0.000000 -0.184736 -0.000000 -0.090933 -0.000000 )
( -0.000000 -0.000000 -0.182441 -0.000000 -0.089250 -0.000000 )
(  0.000000  0.000000 -0.182441 -0.000000  0.089250 -0.000000 )
( -0.000000 -0.000000 -0.000000  0.000000  0.000000  0.000000 )
( -0.080007 -0.000000 -0.001550  0.000000  0.009033  0.000000 )
(  0.080007  0.000000 -0.001550 -0.000000 -0.009033 -0.000000 )
( -0.080007 -0.000000 -0.001550 -0.000000 -0.009033 -0.000000 )
(  0.080007  0.000000 -0.001550  0.000000  0.009033  0.000000 )
(  0.000000  0.000000 -0.000000  0.000000  0.000000  0.000000 )
(  0.080007  0.000000 -0.001550 -0.000000  0.009033 -0.000000 )
( -0.080007  0.000000 -0.001550  0.000000 -0.009033  0.000000 )
(  0.080007 -0.000000 -0.001550  0.000000 -0.009033  0.000000 )
( -0.080007 -0.000000 -0.001550 -0.000000  0.009033 -0.000000 )
     freq (  16) =       1.770426 [THz] =      59.055049 [cm-1]
( -0.009236 -0.000000 -0.000000 -0.000000 -0.000000 -0.000000 )
(  0.009236  0.000000 -0.000000 -0.000000 -0.000000 -0.000000 )
(  0.000000  0.000000  0.410986 -0.000000 -0.000000  0.000000 )
( -0.000000 -0.000000 -0.410986  0.000000  0.000000 -0.000000 )
( -0.000000 -0.000000 -0.077176 -0.000000 -0.000000 -0.000000 )
(  0.000000  0.000000 -0.077176 -0.000000 -0.000000 -0.000000 )
( -0.000000  0.000000  0.168785 -0.000000 -0.000000 -0.000000 )
(  0.000000  0.000000 -0.077880 -0.000000 -0.000000 -0.000000 )
( -0.000000 -0.000000 -0.077880 -0.000000 -0.000000 -0.000000 )
( -0.000000  0.000000 -0.168785  0.000000  0.000000 -0.000000 )
(  0.000000  0.000000  0.077880 -0.000000 -0.000000 -0.000000 )
(  0.000000  0.000000  0.077176 -0.000000 -0.000000 -0.000000 )
(  0.000000 -0.000000 -0.000000 -0.000000 -0.000000 -0.000000 )
( -0.000000 -0.000000  0.077176 -0.000000 -0.000000 -0.000000 )
( -0.000000 -0.000000  0.077880 -0.000000 -0.000000 -0.000000 )
( -0.000000  0.000000 -0.000000 -0.000000 -0.000000 -0.000000 )
( -0.000000  0.000000  0.000000  0.000000  0.000000  0.000000 )
( -0.085988  0.000000  0.000000 -0.000000 -0.000000 -0.000000 )
( -0.085988  0.000000 -0.000000 -0.000000 -0.000000 -0.000000 )
(  0.092698 -0.000000 -0.000000 -0.000000 -0.000000 -0.000000 )
(  0.092698 -0.000000  0.000000 -0.000000 -0.000000 -0.000000 )
( -0.000000  0.000000 -0.000000 -0.000000 -0.000000 -0.000000 )
( -0.092698  0.000000  0.000000 -0.000000 -0.000000 -0.000000 )
( -0.092698  0.000000 -0.000000 -0.000000 -0.000000 -0.000000 )
(  0.085988 -0.000000 -0.000000 -0.000000 -0.000000 -0.000000 )
(  0.085988 -0.000000  0.000000 -0.000000 -0.000000 -0.000000 )
(  0.000000 -0.000000  0.266860 -0.000000 -0.000000  0.000000 )
( -0.002373 -0.000000  0.188014 -0.000000 -0.092015  0.000000 )
( -0.002373 -0.000000 -0.188014  0.000000 -0.092015 -0.000000 )
(  0.002373  0.000000 -0.188014  0.000000 -0.092015 -0.000000 )
(  0.002373  0.000000  0.188014 -0.000000 -0.092015  0.000000 )
( -0.000000  0.000000  0.266860 -0.000000 -0.000000  0.000000 )
( -0.002373  0.000000 -0.188014  0.000000  0.092015 -0.000000 )
( -0.002373  0.000000  0.188014 -0.000000  0.092015 -0.000000 )
(  0.002373  0.000000  0.188014 -0.000000  0.092015 -0.000000 )
(  0.002373 -0.000000 -0.188014  0.000000  0.092015 -0.000000 )
     freq (  17) =       1.773077 [THz] =      59.143485 [cm-1]
(  0.000000 -0.000000  0.000000 -0.000000 -0.356368  0.000000 )
(  0.000000 -0.000000  0.000000 -0.000000 -0.356368  0.000000 )
(  0.000000  0.000000 -0.156088  0.000000  0.000000 -0.000000 )
( -0.000000 -0.000000 -0.156088 -0.000000 -0.000000  0.000000 )
( -0.062827  0.000000  0.000000 -0.000000 -0.052750  0.000000 )
(  0.062827 -0.000000  0.000000 -0.000000 -0.052750  0.000000 )
( -0.000000 -0.000000 -0.000000  0.000000 -0.051208 -0.000000 )
(  0.040424 -0.000000  0.000000 -0.000000 -0.037649  0.000000 )
( -0.040424  0.000000  0.000000 -0.000000 -0.037649  0.000000 )
( -0.000000 -0.000000  0.000000 -0.000000 -0.051208  0.000000 )
(  0.040424 -0.000000 -0.000000  0.000000 -0.037649  0.000000 )
(  0.062827 -0.000000 -0.000000  0.000000 -0.052750 -0.000000 )
( -0.000000  0.000000  0.000000 -0.000000 -0.144835  0.000000 )
( -0.062827  0.000000 -0.000000  0.000000 -0.052750  0.000000 )
( -0.040424  0.000000 -0.000000  0.000000 -0.037649  0.000000 )
(  0.000000 -0.000000  0.000000 -0.000000 -0.144835  0.000000 )
( -0.000000 -0.000000 -0.000000  0.000000  0.052893 -0.000000 )
(  0.000000 -0.000000  0.022993 -0.000000 -0.251517  0.000000 )
(  0.000000 -0.000000 -0.022993 -0.000000 -0.251517  0.000000 )
( -0.000000  0.000000 -0.076048 -0.000000 -0.251390  0.000000 )
( -0.000000  0.000000  0.076048 -0.000000 -0.251390  0.000000 )
( -0.000000 -0.000000  0.000000 -0.000000 -0.116958  0.000000 )
(  0.000000 -0.000000  0.076048 -0.000000 -0.251390  0.000000 )
(  0.000000 -0.000000 -0.076048 -0.000000 -0.251390  0.000000 )
( -0.000000  0.000000 -0.022993 -0.000000 -0.251517  0.000000 )
( -0.000000  0.000000  0.022993 -0.000000 -0.251517  0.000000 )
( -0.000000  0.000000 -0.000000  0.000000  0.000000 -0.000000 )
( -0.062992  0.000000  0.056678  0.000000 -0.027286 -0.000000 )
( -0.062992  0.000000 -0.056678 -0.000000 -0.027286 -0.000000 )
(  0.062992 -0.000000 -0.056678 -0.000000 -0.027286 -0.000000 )
(  0.062992 -0.000000  0.056678  0.000000 -0.027286 -0.000000 )
(  0.000000 -0.000000 -0.000000  0.000000  0.000000 -0.000000 )
(  0.062992 -0.000000  0.056678 -0.000000 -0.027286  0.000000 )
(  0.062992 -0.000000 -0.056678  0.000000 -0.027286  0.000000 )
( -0.062992  0.000000 -0.056678  0.000000 -0.027286  0.000000 )
( -0.062992  0.000000  0.056678 -0.000000 -0.027286  0.000000 )
     freq (  18) =       2.224197 [THz] =      74.191229 [cm-1]
(  0.000000  0.000000  0.000000 -0.000000 -0.000000  0.000000 )
(  0.000000 -0.000000  0.000000 -0.000000 -0.000000  0.000000 )
( -0.000000  0.000000  0.000000 -0.000000 -0.525613  0.000000 )
( -0.000000  0.000000  0.000000 -0.000000  0.525613 -0.000000 )
( -0.057197 -0.000000 -0.000000  0.000000 -0.044779 -0.000000 )
(  0.057197  0.000000 -0.000000  0.000000 -0.044779 -0.000000 )
( -0.000000 -0.000000  0.000000  0.000000  0.024776  0.000000 )
( -0.066195  0.000000  0.000000  0.000000 -0.042038 -0.000000 )
(  0.066195  0.000000 -0.000000  0.000000 -0.042038 -0.000000 )
( -0.000000  0.000000 -0.000000 -0.000000 -0.024776  0.000000 )
(  0.066195 -0.000000 -0.000000  0.000000  0.042038 -0.000000 )
( -0.057197  0.000000 -0.000000 -0.000000  0.044779 -0.000000 )
(  0.005443 -0.000000 -0.000000  0.000000  0.000000  0.000000 )
(  0.057197 -0.000000  0.000000  0.000000  0.044779 -0.000000 )
( -0.066195 -0.000000  0.000000 -0.000000  0.042038 -0.000000 )
( -0.005443  0.000000 -0.000000  0.000000  0.000000 -0.000000 )
(  0.000000  0.000000 -0.000000  0.000000  0.000000  0.000000 )
( -0.177261 -0.000000 -0.000000 -0.000000  0.000000 -0.000000 )
(  0.177261  0.000000 -0.000000  0.000000 -0.000000 -0.000000 )
( -0.193756 -0.000000  0.000000  0.000000 -0.000000 -0.000000 )
(  0.193756  0.000000 -0.000000 -0.000000  0.000000 -0.000000 )
( -0.000000  0.000000  0.000000 -0.000000  0.000000 -0.000000 )
( -0.193756  0.000000  0.000000 -0.000000  0.000000 -0.000000 )
(  0.193756  0.000000 -0.000000  0.000000 -0.000000 -0.000000 )
( -0.177261 -0.000000 -0.000000  0.000000  0.000000 -0.000000 )
(  0.177261  0.000000 -0.000000 -0.000000  0.000000 -0.000000 )
(  0.009983 -0.000000 -0.000000 -0.000000 -0.003985  0.000000 )
(  0.004674 -0.000000  0.071800  0.000000  0.101841  0.000000 )
( -0.004674 -0.000000  0.071800 -0.000000 -0.101841 -0.000000 )
(  0.004674  0.000000  0.071800 -0.000000 -0.101841 -0.000000 )
( -0.004674  0.000000  0.071800  0.000000  0.101841  0.000000 )
( -0.009983  0.000000 -0.000000 -0.000000 -0.003985 -0.000000 )
(  0.004674  0.000000 -0.071800 -0.000000 -0.101841 -0.000000 )
( -0.004674  0.000000 -0.071800 -0.000000  0.101841  0.000000 )
(  0.004674 -0.000000 -0.071800 -0.000000  0.101841  0.000000 )
( -0.004674 -0.000000 -0.071800  0.000000 -0.101841 -0.000000 )
     freq (  19) =       2.276558 [THz] =      75.937809 [cm-1]
( -0.000000  0.000000 -0.000000  0.000000 -0.519738  0.000000 )
(  0.000000 -0.000000  0.000000  0.000000 -0.519738 -0.000000 )
(  0.000000 -0.000000  0.028318 -0.000000  0.000000  0.000000 )
(  0.000000  0.000000  0.028318 -0.000000 -0.000000 -0.000000 )
(  0.085705 -0.000000  0.000000 -0.000000  0.053517 -0.000000 )
( -0.085705 -0.000000 -0.000000 -0.000000  0.053517 -0.000000 )
(  0.000000 -0.000000 -0.000000 -0.000000  0.019990 -0.000000 )
(  0.018752  0.000000 -0.000000 -0.000000  0.055819  0.000000 )
( -0.018752 -0.000000 -0.000000 -0.000000  0.055819  0.000000 )
( -0.000000  0.000000 -0.000000  0.000000  0.019990  0.000000 )
(  0.018752 -0.000000 -0.000000 -0.000000  0.055819 -0.000000 )
( -0.085705  0.000000  0.000000 -0.000000  0.053517 -0.000000 )
(  0.000000  0.000000 -0.000000 -0.000000  0.039505 -0.000000 )
(  0.085705 -0.000000 -0.000000 -0.000000  0.053517 -0.000000 )
( -0.018752 -0.000000 -0.000000 -0.000000  0.055819 -0.000000 )
( -0.000000 -0.000000 -0.000000 -0.000000  0.039505 -0.000000 )
(  0.000000 -0.000000 -0.000000 -0.000000  0.002020  0.000000 )
(  0.000000  0.000000  0.083448 -0.000000  0.118008  0.000000 )
( -0.000000 -0.000000 -0.083448 -0.000000  0.118008 -0.000000 )
(  0.000000  0.000000 -0.042856 -0.000000  0.098068 -0.000000 )
( -0.000000 -0.000000  0.042856 -0.000000  0.098068 -0.000000 )
(  0.000000 -0.000000  0.000000  0.000000  0.057829 -0.000000 )
(  0.000000  0.000000  0.042856  0.000000  0.098068 -0.000000 )
( -0.000000 -0.000000 -0.042856 -0.000000  0.098068 -0.000000 )
(  0.000000  0.000000 -0.083448 -0.000000  0.118008 -0.000000 )
( -0.000000 -0.000000  0.083448 -0.000000  0.118008  0.000000 )
(  0.000000  0.000000  0.000000  0.000000  0.000000  0.000000 )
(  0.179262 -0.000000 -0.034766 -0.000000  0.002378 -0.000000 )
(  0.179262 -0.000000  0.034766 -0.000000  0.002378  0.000000 )
( -0.179262  0.000000  0.034766 -0.000000  0.002378  0.000000 )
( -0.179262  0.000000 -0.034766  0.000000  0.002378 -0.000000 )
( -0.000000 -0.000000 -0.000000  0.000000 -0.000000 -0.000000 )
( -0.179262  0.000000 -0.034766  0.000000  0.002378  0.000000 )
( -0.179262  0.000000  0.034766  0.000000  0.002378 -0.000000 )
(  0.179262 -0.000000  0.034766  0.000000  0.002378 -0.000000 )
(  0.179262 -0.000000 -0.034766  0.000000  0.002378  0.000000 )
     freq (  20) =       2.348109 [THz] =      78.324482 [cm-1]
(  0.000000  0.000000 -0.044687  0.000000 -0.000000  0.000000 )
( -0.000000 -0.000000 -0.044687 -0.000000 -0.000000  0.000000 )
( -0.000000 -0.000000 -0.000000 -0.000000  0.116335 -0.000000 )
(  0.000000  0.000000  0.000000  0.000000  0.116335 -0.000000 )
(  0.000000 -0.000000  0.052436 -0.000000  0.000000 -0.000000 )
( -0.000000  0.000000  0.052436 -0.000000  0.000000 -0.000000 )
( -0.000000 -0.000000  0.010204  0.000000  0.000000 -0.000000 )
( -0.000000 -0.000000  0.017911  0.000000  0.000000 -0.000000 )
(  0.000000  0.000000  0.017911  0.000000  0.000000 -0.000000 )
( -0.000000  0.000000  0.010204 -0.000000 -0.000000 -0.000000 )
(  0.000000 -0.000000  0.017911  0.000000  0.000000 -0.000000 )
( -0.000000  0.000000  0.052436 -0.000000  0.000000 -0.000000 )
( -0.000000  0.000000  0.143022 -0.000000  0.000000 -0.000000 )
(  0.000000 -0.000000  0.052436 -0.000000  0.000000 -0.000000 )
( -0.000000  0.000000  0.017911  0.000000  0.000000 -0.000000 )
(  0.000000 -0.000000  0.143022 -0.000000  0.000000 -0.000000 )
( -0.000000 -0.000000  0.508885  0.000000  0.000000 -0.000000 )
(  0.000000  0.000000  0.124865 -0.000000 -0.112636 -0.000000 )
(  0.000000  0.000000  0.124865  0.000000  0.112636  0.000000 )
( -0.000000 -0.000000  0.104072  0.000000  0.150260 -0.000000 )
(  0.000000  0.000000  0.104072 -0.000000 -0.150260 -0.000000 )
( -0.000000 -0.000000 -0.631296  0.000000  0.000000 -0.000000 )
( -0.000000 -0.000000  0.104072 -0.000000 -0.150260 -0.000000 )
(  0.000000  0.000000  0.104072  0.000000  0.150260 -0.000000 )
( -0.000000 -0.000000  0.124865  0.000000  0.112636 -0.000000 )
(  0.000000 -0.000000  0.124865 -0.000000 -0.112636 -0.000000 )
( -0.000000 -0.000000 -0.000000 -0.000000 -0.000000 -0.000000 )
(  0.005128 -0.000000 -0.010702  0.000000 -0.035646  0.000000 )
( -0.005128 -0.000000 -0.010702 -0.000000  0.035646 -0.000000 )
(  0.005128  0.000000 -0.010702 -0.000000  0.035646 -0.000000 )
( -0.005128  0.000000 -0.010702  0.000000 -0.035646 -0.000000 )
(  0.000000 -0.000000 -0.000000 -0.000000  0.000000  0.000000 )
( -0.005128  0.000000 -0.010702 -0.000000 -0.035646  0.000000 )
(  0.005128  0.000000 -0.010702  0.000000  0.035646  0.000000 )
( -0.005128 -0.000000 -0.010702  0.000000  0.035646 -0.000000 )
(  0.005128 -0.000000 -0.010702  0.000000 -0.035646  0.000000 )
     freq (  21) =       2.432155 [THz] =      81.127956 [cm-1]
(  0.016792  0.000000  0.000000 -0.000000  0.000000 -0.000000 )
( -0.016792  0.000000  0.000000 -0.000000 -0.000000  0.000000 )
( -0.000000 -0.000000 -0.063112  0.000000  0.000000  0.000000 )
( -0.000000 -0.000000  0.063112  0.000000  0.000000  0.000000 )
(  0.000000 -0.000000 -0.033815  0.000000  0.000000 -0.000000 )
( -0.000000 -0.000000 -0.033815  0.000000  0.000000  0.000000 )
(  0.000000 -0.000000  0.145589  0.000000 -0.000000 -0.000000 )
(  0.000000 -0.000000 -0.029731 -0.000000 -0.000000 -0.000000 )
( -0.000000  0.000000 -0.029731 -0.000000  0.000000 -0.000000 )
(  0.000000  0.000000 -0.145589 -0.000000 -0.000000 -0.000000 )
( -0.000000 -0.000000  0.029731 -0.000000 -0.000000 -0.000000 )
(  0.000000  0.000000  0.033815  0.000000 -0.000000 -0.000000 )
( -0.000000  0.000000 -0.000000 -0.000000  0.000000 -0.000000 )
(  0.000000  0.000000  0.033815  0.000000 -0.000000  0.000000 )
( -0.000000 -0.000000  0.029731 -0.000000 -0.000000 -0.000000 )
(  0.000000 -0.000000 -0.000000 -0.000000 -0.000000 -0.000000 )
(  0.000000 -0.000000 -0.000000 -0.000000 -0.000000 -0.000000 )
( -0.009060  0.000000 -0.000000  0.000000  0.000000  0.000000 )
( -0.009060 -0.000000 -0.000000  0.000000 -0.000000 -0.000000 )
(  0.003598 -0.000000 -0.000000 -0.000000 -0.000000  0.000000 )
(  0.003598  0.000000 -0.000000 -0.000000 -0.000000 -0.000000 )
( -0.000000 -0.000000  0.000000 -0.000000 -0.000000 -0.000000 )
( -0.003598  0.000000 -0.000000 -0.000000  0.000000 -0.000000 )
( -0.003598 -0.000000 -0.000000 -0.000000  0.000000  0.000000 )
(  0.009060 -0.000000 -0.000000  0.000000 -0.000000 -0.000000 )
(  0.009060  0.000000  0.000000  0.000000  0.000000  0.000000 )
( -0.000000  0.000000 -0.575030  0.000000  0.000000 -0.000000 )
( -0.003365  0.000000  0.119829  0.000000 -0.143311 -0.000000 )
( -0.003365  0.000000 -0.119829 -0.000000 -0.143311  0.000000 )
(  0.003365  0.000000 -0.119829 -0.000000 -0.143311  0.000000 )
(  0.003365  0.000000  0.119829 -0.000000 -0.143311 -0.000000 )
(  0.000000  0.000000 -0.575030 -0.000000 -0.000000 -0.000000 )
( -0.003365 -0.000000 -0.119829 -0.000000  0.143311 -0.000000 )
( -0.003365 -0.000000  0.119829 -0.000000  0.143311  0.000000 )
(  0.003365 -0.000000  0.119829  0.000000  0.143311  0.000000 )
(  0.003365 -0.000000 -0.119829 -0.000000  0.143311 -0.000000 )
     freq (  22) =       2.440223 [THz] =      81.397079 [cm-1]
( -0.000000 -0.000000  0.000000 -0.000000  0.513332 -0.000000 )
( -0.000000 -0.000000 -0.000000  0.000000 -0.513332  0.000000 )
( -0.000000 -0.000000  0.000000  0.000000  0.000000  0.000000 )
( -0.000000  0.000000  0.000000 -0.000000  0.000000  0.000000 )
( -0.000000  0.000000 -0.003170 -0.000000 -0.000000  0.000000 )
( -0.000000  0.000000  0.003170  0.000000  0.000000 -0.000000 )
( -0.000000  0.000000 -0.000000 -0.000000 -0.000000 -0.000000 )
(  0.000000 -0.000000  0.076127 -0.000000  0.000000 -0.000000 )
(  0.000000 -0.000000 -0.076127  0.000000 -0.000000  0.000000 )
(  0.000000 -0.000000  0.000000  0.000000 -0.000000 -0.000000 )
( -0.000000  0.000000 -0.076127  0.000000 -0.000000  0.000000 )
(  0.000000 -0.000000 -0.003170 -0.000000 -0.000000  0.000000 )
(  0.000000 -0.000000  0.012639 -0.000000  0.000000  0.000000 )
(  0.000000 -0.000000  0.003170  0.000000  0.000000 -0.000000 )
( -0.000000  0.000000  0.076127 -0.000000  0.000000 -0.000000 )
( -0.000000  0.000000 -0.012639  0.000000 -0.000000 -0.000000 )
(  0.000000 -0.000000 -0.000000 -0.000000 -0.000000 -0.000000 )
(  0.000000 -0.000000  0.019991 -0.000000 -0.136237  0.000000 )
( -0.000000  0.000000 -0.019991  0.000000 -0.136237  0.000000 )
( -0.000000  0.000000  0.064081 -0.000000 -0.030939 -0.000000 )
(  0.000000 -0.000000 -0.064081  0.000000 -0.030939 -0.000000 )
(  0.000000 -0.000000 -0.000000  0.000000  0.000000 -0.000000 )
(  0.000000 -0.000000  0.064081 -0.000000  0.030939  0.000000 )
( -0.000000  0.000000 -0.064081  0.000000  0.030939  0.000000 )
( -0.000000  0.000000  0.019991 -0.000000  0.136237 -0.000000 )
(  0.000000 -0.000000 -0.019991  0.000000  0.136237 -0.000000 )
(  0.000000  0.000000 -0.319219  0.000000  0.000000  0.000000 )
( -0.113203  0.000000 -0.016891 -0.000000 -0.074785  0.000000 )
( -0.113203  0.000000  0.016891  0.000000 -0.074785 -0.000000 )
( -0.113203  0.000000 -0.016891  0.000000  0.074785  0.000000 )
( -0.113203  0.000000  0.016891 -0.000000  0.074785 -0.000000 )
( -0.000000  0.000000  0.319219  0.000000 -0.000000 -0.000000 )
(  0.113203 -0.000000 -0.016891  0.000000 -0.074785 -0.000000 )
(  0.113203 -0.000000  0.016891  0.000000 -0.074785  0.000000 )
(  0.113203 -0.000000 -0.016891 -0.000000  0.074785 -0.000000 )
(  0.113203 -0.000000  0.016891 -0.000000  0.074785 -0.000000 )
     freq (  23) =       2.447038 [THz] =      81.624418 [cm-1]
( -0.000000  0.000000 -0.000000 -0.000000 -0.000000 -0.000000 )
(  0.000000  0.000000  0.000000  0.000000  0.000000  0.000000 )
( -0.052177  0.000000  0.000000 -0.000000 -0.000000 -0.000000 )
( -0.052177  0.000000 -0.000000  0.000000 -0.000000 -0.000000 )
(  0.000000  0.000000  0.092400 -0.000000  0.000000  0.000000 )
(  0.000000  0.000000 -0.092400 -0.000000 -0.000000 -0.000000 )
( -0.000000  0.000000 -0.000000  0.000000 -0.000000  0.000000 )
( -0.000000 -0.000000  0.079266  0.000000 -0.000000 -0.000000 )
( -0.000000 -0.000000 -0.079266  0.000000  0.000000  0.000000 )
( -0.000000 -0.000000  0.000000 -0.000000 -0.000000 -0.000000 )
(  0.000000  0.000000  0.079266  0.000000  0.000000  0.000000 )
( -0.000000 -0.000000 -0.092400 -0.000000  0.000000  0.000000 )
( -0.000000  0.000000  0.000000  0.000000  0.000000 -0.000000 )
( -0.000000 -0.000000  0.092400 -0.000000 -0.000000 -0.000000 )
(  0.000000  0.000000 -0.079266  0.000000 -0.000000 -0.000000 )
(  0.000000 -0.000000  0.000000  0.000000 -0.000000  0.000000 )
( -0.000000 -0.000000  0.000000  0.000000 -0.000000 -0.000000 )
(  0.255226 -0.000000  0.000000  0.000000 -0.000000 -0.000000 )
( -0.255226  0.000000  0.000000  0.000000  0.000000  0.000000 )
( -0.303026  0.000000  0.000000  0.000000 -0.000000 -0.000000 )
(  0.303026 -0.000000  0.000000  0.000000  0.000000  0.000000 )
( -0.000000 -0.000000  0.000000  0.000000 -0.000000 -0.000000 )
(  0.303026 -0.000000  0.000000  0.000000  0.000000  0.000000 )
( -0.303026 -0.000000  0.000000  0.000000 -0.000000 -0.000000 )
( -0.255226 -0.000000 -0.000000 -0.000000  0.000000  0.000000 )
(  0.255226 -0.000000  0.000000  0.000000 -0.000000 -0.000000 )
( -0.000000  0.000000  0.000000 -0.000000  0.000000 -0.000000 )
( -0.043849  0.000000  0.101941  0.000000 -0.161591  0.000000 )
(  0.043849  0.000000  0.101941  0.000000  0.161591 -0.000000 )
(  0.043849  0.000000 -0.101941 -0.000000 -0.161591 -0.000000 )
( -0.043849  0.000000 -0.101941  0.000000  0.161591 -0.000000 )
(  0.000000 -0.000000  0.000000 -0.000000 -0.000000  0.000000 )
( -0.043849 -0.000000 -0.101941  0.000000  0.161591  0.000000 )
(  0.043849 -0.000000 -0.101941  0.000000 -0.161591  0.000000 )
(  0.043849 -0.000000  0.101941  0.000000  0.161591 -0.000000 )
( -0.043849 -0.000000  0.101941 -0.000000 -0.161591  0.000000 )
     freq (  24) =       2.449157 [THz] =      81.695083 [cm-1]
(  0.000000  0.000000  0.001552 -0.000000  0.000000 -0.000000 )
( -0.000000 -0.000000  0.001552 -0.000000 -0.000000  0.000000 )
(  0.000000 -0.000000 -0.000000  0.000000 -0.558826 -0.000000 )
(  0.000000 -0.000000  0.000000 -0.000000 -0.558826  0.000000 )
(  0.000000 -0.000000 -0.034405  0.000000  0.000000 -0.000000 )
(  0.000000  0.000000 -0.034405 -0.000000 -0.000000 -0.000000 )
(  0.000000  0.000000 -0.005854 -0.000000 -0.000000  0.000000 )
( -0.000000 -0.000000  0.049815  0.000000 -0.000000 -0.000000 )
( -0.000000  0.000000  0.049815 -0.000000  0.000000 -0.000000 )
(  0.000000 -0.000000 -0.005854  0.000000  0.000000  0.000000 )
(  0.000000 -0.000000  0.049815  0.000000  0.000000 -0.000000 )
( -0.000000  0.000000 -0.034405 -0.000000  0.000000 -0.000000 )
( -0.000000 -0.000000  0.028502  0.000000 -0.000000 -0.000000 )
( -0.000000 -0.000000 -0.034405 -0.000000 -0.000000 -0.000000 )
(  0.000000  0.000000  0.049815 -0.000000 -0.000000 -0.000000 )
( -0.000000  0.000000  0.028502  0.000000  0.000000  0.000000 )
(  0.000000 -0.000000  0.454062  0.000000 -0.000000  0.000000 )
( -0.000000  0.000000  0.007186  0.000000 -0.100533 -0.000000 )
(  0.000000 -0.000000  0.007186 -0.000000  0.100533  0.000000 )
(  0.000000 -0.000000  0.045204  0.000000 -0.038781  0.000000 )
( -0.000000  0.000000  0.045204 -0.000000  0.038781 -0.000000 )
(  0.000000 -0.000000  0.197172 -0.000000  0.000000 -0.000000 )
( -0.000000  0.000000  0.045204  0.000000  0.038781 -0.000000 )
(  0.000000 -0.000000  0.045204  0.000000 -0.038781 -0.000000 )
(  0.000000 -0.000000  0.007186  0.000000  0.100533  0.000000 )
( -0.000000  0.000000  0.007186 -0.000000 -0.100533 -0.000000 )
(  0.000000 -0.000000 -0.000000  0.000000 -0.000000 -0.000000 )
(  0.007450 -0.000000  0.024277 -0.000000  0.082187  0.000000 )
( -0.007450 -0.000000  0.024277  0.000000 -0.082187  0.000000 )
(  0.007450  0.000000  0.024277  0.000000 -0.082187  0.000000 )
( -0.007450 -0.000000  0.024277 -0.000000  0.082187  0.000000 )
(  0.000000  0.000000 -0.000000  0.000000  0.000000  0.000000 )
( -0.007450  0.000000  0.024277  0.000000  0.082187 -0.000000 )
(  0.007450  0.000000  0.024277 -0.000000 -0.082187 -0.000000 )
( -0.007450  0.000000  0.024277 -0.000000 -0.082187 -0.000000 )
(  0.007450 -0.000000  0.024277  0.000000  0.082187 -0.000000 )
     freq (  25) =       2.482117 [THz] =      82.794496 [cm-1]
( -0.000000  0.000000  0.000000 -0.000000  0.240458  0.000000 )
( -0.000000  0.000000 -0.000000  0.000000 -0.240458 -0.000000 )
( -0.000000 -0.000000 -0.000000 -0.000000  0.000000  0.000000 )
( -0.000000  0.000000 -0.000000 -0.000000  0.000000  0.000000 )
( -0.000000  0.000000 -0.145491 -0.000000 -0.000000  0.000000 )
( -0.000000  0.000000  0.145491  0.000000  0.000000 -0.000000 )
( -0.000000  0.000000 -0.000000 -0.000000 -0.000000  0.000000 )
(  0.000000 -0.000000 -0.068173  0.000000  0.000000 -0.000000 )
(  0.000000 -0.000000  0.068173 -0.000000 -0.000000  0.000000 )
(  0.000000 -0.000000  0.000000  0.000000 -0.000000  0.000000 )
( -0.000000  0.000000  0.068173 -0.000000 -0.000000  0.000000 )
(  0.000000 -0.000000 -0.145491 -0.000000 -0.000000  0.000000 )
( -0.000000 -0.000000 -0.003203 -0.000000  0.000000  0.000000 )
(  0.000000 -0.000000  0.145491  0.000000  0.000000 -0.000000 )
( -0.000000  0.000000 -0.068173  0.000000  0.000000 -0.000000 )
(  0.000000  0.000000  0.003203 -0.000000 -0.000000 -0.000000 )
( -0.000000  0.000000 -0.000000 -0.000000 -0.000000  0.000000 )
(  0.000000 -0.000000 -0.152177 -0.000000  0.023408  0.000000 )
( -0.000000 -0.000000  0.152177  0.000000  0.023408 -0.000000 )
( -0.000000 -0.000000 -0.103875  0.000000 -0.125888 -0.000000 )
(  0.000000  0.000000  0.103875  0.000000 -0.125888 -0.000000 )
(  0.000000  0.000000 -0.000000 -0.000000 -0.000000 -0.000000 )
(  0.000000  0.000000 -0.103875 -0.000000  0.125888  0.000000 )
( -0.000000  0.000000  0.103875 -0.000000  0.125888  0.000000 )
( -0.000000 -0.000000 -0.152177 -0.000000 -0.023408  0.000000 )
(  0.000000 -0.000000  0.152177 -0.000000 -0.023408  0.000000 )
( -0.000000  0.000000 -0.043645 -0.000000  0.000000  0.000000 )
(  0.265249 -0.000000 -0.029553  0.000000 -0.027503 -0.000000 )
(  0.265249  0.000000  0.029553  0.000000 -0.027503 -0.000000 )
(  0.265249  0.000000 -0.029553 -0.000000  0.027503  0.000000 )
(  0.265249  0.000000  0.029553 -0.000000  0.027503  0.000000 )
( -0.000000  0.000000  0.043645  0.000000 -0.000000 -0.000000 )
( -0.265249  0.000000 -0.029553  0.000000 -0.027503 -0.000000 )
( -0.265249  0.000000  0.029553  0.000000 -0.027503 -0.000000 )
( -0.265249  0.000000 -0.029553 -0.000000  0.027503  0.000000 )
( -0.265249  0.000000  0.029553 -0.000000  0.027503  0.000000 )
     freq (  26) =       2.495753 [THz] =      83.249366 [cm-1]
( -0.000000 -0.000000  0.408249 -0.000000 -0.000000 -0.000000 )
(  0.000000 -0.000000 -0.408249  0.000000  0.000000  0.000000 )
(  0.013220 -0.000000  0.000000 -0.000000 -0.000000 -0.000000 )
( -0.013220 -0.000000  0.000000 -0.000000 -0.000000  0.000000 )
( -0.140230  0.000000  0.000000  0.000000 -0.061864  0.000000 )
( -0.140230 -0.000000 -0.000000 -0.000000  0.061864 -0.000000 )
( -0.021310 -0.000000  0.000000  0.000000 -0.000000  0.000000 )
(  0.145407 -0.000000  0.000000 -0.000000  0.053927 -0.000000 )
(  0.145407  0.000000 -0.000000  0.000000 -0.053927  0.000000 )
(  0.021310 -0.000000  0.000000 -0.000000  0.000000  0.000000 )
( -0.145407 -0.000000 -0.000000  0.000000 -0.053927  0.000000 )
(  0.140230 -0.000000  0.000000  0.000000 -0.061864  0.000000 )
(  0.000000  0.000000  0.000000 -0.000000 -0.003045 -0.000000 )
(  0.140230 -0.000000 -0.000000 -0.000000  0.061864 -0.000000 )
( -0.145407  0.000000  0.000000 -0.000000  0.053927 -0.000000 )
( -0.000000 -0.000000 -0.000000  0.000000  0.003045  0.000000 )
( -0.000000 -0.000000  0.000000 -0.000000  0.000000 -0.000000 )
(  0.000000 -0.000000 -0.129388  0.000000 -0.163297 -0.000000 )
( -0.000000  0.000000 -0.129388  0.000000  0.163297 -0.000000 )
( -0.000000  0.000000 -0.135895  0.000000  0.160380  0.000000 )
(  0.000000 -0.000000 -0.135895  0.000000 -0.160380  0.000000 )
( -0.000000 -0.000000  0.000000 -0.000000  0.000000  0.000000 )
(  0.000000 -0.000000  0.135895 -0.000000  0.160380 -0.000000 )
( -0.000000  0.000000  0.135895  0.000000 -0.160380 -0.000000 )
( -0.000000  0.000000  0.129388 -0.000000 -0.163297  0.000000 )
(  0.000000 -0.000000  0.129388 -0.000000  0.163297  0.000000 )
( -0.014908  0.000000  0.000000  0.000000  0.014379  0.000000 )
( -0.003782 -0.000000 -0.111639  0.000000 -0.054949  0.000000 )
(  0.003782 -0.000000 -0.111639  0.000000  0.054949  0.000000 )
(  0.003782 -0.000000  0.111639  0.000000 -0.054949 -0.000000 )
( -0.003782 -0.000000  0.111639 -0.000000  0.054949 -0.000000 )
( -0.014908 -0.000000 -0.000000 -0.000000 -0.014379 -0.000000 )
(  0.003782  0.000000 -0.111639  0.000000 -0.054949  0.000000 )
( -0.003782  0.000000 -0.111639  0.000000  0.054949  0.000000 )
( -0.003782  0.000000  0.111639 -0.000000 -0.054949 -0.000000 )
(  0.003782  0.000000  0.111639 -0.000000  0.054949 -0.000000 )
     freq (  27) =       2.616372 [THz] =      87.272770 [cm-1]
( -0.000000 -0.000000 -0.000000  0.000000  0.005274 -0.000000 )
(  0.000000  0.000000  0.000000 -0.000000  0.005274 -0.000000 )
( -0.000000  0.000000 -0.399055  0.000000  0.000000 -0.000000 )
( -0.000000 -0.000000 -0.399055  0.000000  0.000000 -0.000000 )
( -0.010437 -0.000000 -0.000000  0.000000 -0.054374 -0.000000 )
(  0.010437  0.000000  0.000000  0.000000 -0.054374  0.000000 )
( -0.000000  0.000000  0.000000 -0.000000  0.206285 -0.000000 )
( -0.008701  0.000000 -0.000000  0.000000  0.036369 -0.000000 )
(  0.008701 -0.000000  0.000000  0.000000  0.036369 -0.000000 )
(  0.000000  0.000000 -0.000000  0.000000  0.206285  0.000000 )
( -0.008701  0.000000 -0.000000 -0.000000  0.036369 -0.000000 )
(  0.010437 -0.000000  0.000000 -0.000000 -0.054374 -0.000000 )
(  0.000000 -0.000000  0.000000  0.000000  0.028547  0.000000 )
( -0.010437 -0.000000 -0.000000 -0.000000 -0.054374  0.000000 )
(  0.008701  0.000000  0.000000  0.000000  0.036369 -0.000000 )
( -0.000000  0.000000  0.000000  0.000000  0.028547  0.000000 )
(  0.000000  0.000000  0.000000  0.000000  0.097723  0.000000 )
( -0.000000 -0.000000 -0.033536  0.000000 -0.027157 -0.000000 )
(  0.000000  0.000000  0.033536  0.000000 -0.027157  0.000000 )
(  0.000000 -0.000000  0.000145  0.000000  0.032305  0.000000 )
( -0.000000 -0.000000 -0.000145 -0.000000  0.032305 -0.000000 )
(  0.000000  0.000000  0.000000  0.000000  0.086114 -0.000000 )
( -0.000000  0.000000 -0.000145 -0.000000  0.032305  0.000000 )
(  0.000000  0.000000  0.000145  0.000000  0.032305 -0.000000 )
(  0.000000 -0.000000  0.033536  0.000000 -0.027157 -0.000000 )
( -0.000000  0.000000 -0.033536 -0.000000 -0.027157  0.000000 )
(  0.000000 -0.000000 -0.000000  0.000000  0.000000 -0.000000 )
(  0.007507  0.000000 -0.057148 -0.000000  0.255366  0.000000 )
(  0.007507  0.000000  0.057148  0.000000  0.255366 -0.000000 )
( -0.007507 -0.000000  0.057148  0.000000  0.255366 -0.000000 )
( -0.007507 -0.000000 -0.057148 -0.000000  0.255366  0.000000 )
( -0.000000  0.000000 -0.000000  0.000000 -0.000000  0.000000 )
( -0.007507 -0.000000 -0.057148  0.000000  0.255366 -0.000000 )
( -0.007507  0.000000  0.057148 -0.000000  0.255366 -0.000000 )
(  0.007507 -0.000000  0.057148 -0.000000  0.255366 -0.000000 )
(  0.007507 -0.000000 -0.057148  0.000000  0.255366 -0.000000 )
     freq (  28) =       2.634102 [THz] =      87.864197 [cm-1]
(  0.000000 -0.000000 -0.000000 -0.000000  0.007398  0.000000 )
( -0.000000  0.000000 -0.000000  0.000000 -0.007398 -0.000000 )
( -0.000000 -0.000000 -0.000000 -0.000000  0.000000  0.000000 )
( -0.000000 -0.000000 -0.000000 -0.000000  0.000000 -0.000000 )
(  0.000000  0.000000  0.112012  0.000000 -0.000000  0.000000 )
(  0.000000  0.000000 -0.112012  0.000000 -0.000000 -0.000000 )
(  0.000000  0.000000  0.000000  0.000000  0.000000  0.000000 )
( -0.000000 -0.000000  0.048110 -0.000000  0.000000 -0.000000 )
( -0.000000 -0.000000 -0.048110 -0.000000  0.000000  0.000000 )
(  0.000000 -0.000000 -0.000000 -0.000000  0.000000  0.000000 )
(  0.000000  0.000000 -0.048110 -0.000000  0.000000  0.000000 )
( -0.000000 -0.000000  0.112012  0.000000 -0.000000  0.000000 )
(  0.000000 -0.000000  0.014856  0.000000 -0.000000 -0.000000 )
( -0.000000 -0.000000 -0.112012  0.000000 -0.000000 -0.000000 )
(  0.000000  0.000000  0.048110  0.000000  0.000000 -0.000000 )
( -0.000000  0.000000 -0.014856 -0.000000  0.000000  0.000000 )
(  0.000000  0.000000 -0.000000  0.000000  0.000000  0.000000 )
( -0.000000 -0.000000  0.134798  0.000000  0.346883  0.000000 )
(  0.000000 -0.000000 -0.134798  0.000000  0.346883 -0.000000 )
(  0.000000  0.000000  0.054404  0.000000 -0.272710 -0.000000 )
(  0.000000  0.000000 -0.054404  0.000000 -0.272710 -0.000000 )
(  0.000000  0.000000  0.000000  0.000000  0.000000  0.000000 )
( -0.000000 -0.000000  0.054404 -0.000000  0.272710  0.000000 )
( -0.000000 -0.000000 -0.054404 -0.000000  0.272710  0.000000 )
(  0.000000  0.000000  0.134798 -0.000000 -0.346883  0.000000 )
( -0.000000  0.000000 -0.134798 -0.000000 -0.346883 -0.000000 )
(  0.000000  0.000000 -0.186048 -0.000000 -0.000000 -0.000000 )
(  0.000996 -0.000000  0.029572  0.000000  0.007561 -0.000000 )
(  0.000996 -0.000000 -0.029572  0.000000  0.007561  0.000000 )
(  0.000996  0.000000  0.029572 -0.000000 -0.007561  0.000000 )
(  0.000996 -0.000000 -0.029572 -0.000000 -0.007561  0.000000 )
( -0.000000  0.000000  0.186048  0.000000  0.000000  0.000000 )
( -0.000996 -0.000000  0.029572  0.000000  0.007561  0.000000 )
( -0.000996  0.000000 -0.029572  0.000000  0.007561 -0.000000 )
( -0.000996  0.000000  0.029572 -0.000000 -0.007561  0.000000 )
( -0.000996 -0.000000 -0.029572 -0.000000 -0.007561 -0.000000 )
     freq (  29) =       2.659675 [THz] =      88.717206 [cm-1]
(  0.000000 -0.000000 -0.000000  0.000000 -0.000000  0.000000 )
( -0.000000  0.000000  0.000000 -0.000000  0.000000 -0.000000 )
( -0.032601  0.000000  0.000000 -0.000000 -0.000000  0.000000 )
( -0.032601 -0.000000  0.000000  0.000000  0.000000 -0.000000 )
(  0.000000 -0.000000 -0.107784  0.000000  0.000000 -0.000000 )
( -0.000000 -0.000000  0.107784  0.000000  0.000000  0.000000 )
( -0.000000  0.000000 -0.000000 -0.000000 -0.000000 -0.000000 )
(  0.000000 -0.000000 -0.113763 -0.000000 -0.000000  0.000000 )
( -0.000000 -0.000000  0.113763 -0.000000 -0.000000  0.000000 )
( -0.000000  0.000000  0.000000  0.000000 -0.000000  0.000000 )
(  0.000000  0.000000 -0.113763 -0.000000 -0.000000  0.000000 )
( -0.000000  0.000000  0.107784  0.000000  0.000000 -0.000000 )
(  0.000000  0.000000  0.000000 -0.000000 -0.000000 -0.000000 )
(  0.000000  0.000000 -0.107784 -0.000000  0.000000  0.000000 )
( -0.000000  0.000000  0.113763  0.000000 -0.000000 -0.000000 )
( -0.000000  0.000000 -0.000000 -0.000000 -0.000000  0.000000 )
( -0.000000  0.000000 -0.000000  0.000000 -0.000000  0.000000 )
( -0.100131 -0.000000  0.000000  0.000000  0.000000  0.000000 )
(  0.100131  0.000000 -0.000000  0.000000  0.000000  0.000000 )
(  0.076538  0.000000  0.000000 -0.000000 -0.000000 -0.000000 )
( -0.076538 -0.000000 -0.000000 -0.000000 -0.000000 -0.000000 )
( -0.000000  0.000000 -0.000000  0.000000 -0.000000  0.000000 )
( -0.076538 -0.000000  0.000000 -0.000000 -0.000000  0.000000 )
(  0.076538  0.000000 -0.000000 -0.000000  0.000000  0.000000 )
(  0.100131  0.000000 -0.000000  0.000000  0.000000 -0.000000 )
( -0.100131 -0.000000  0.000000  0.000000 -0.000000  0.000000 )
(  0.000000 -0.000000  0.000000  0.000000 -0.000000 -0.000000 )
( -0.037470  0.000000 -0.143471 -0.000000 -0.287271 -0.000000 )
(  0.037470 -0.000000 -0.143471 -0.000000  0.287271  0.000000 )
(  0.037470 -0.000000  0.143471  0.000000 -0.287271  0.000000 )
( -0.037470  0.000000  0.143471  0.000000  0.287271 -0.000000 )
( -0.000000 -0.000000 -0.000000 -0.000000 -0.000000  0.000000 )
( -0.037470 -0.000000  0.143471  0.000000  0.287271 -0.000000 )
(  0.037470  0.000000  0.143471  0.000000 -0.287271  0.000000 )
(  0.037470  0.000000 -0.143471 -0.000000  0.287271  0.000000 )
( -0.037470 -0.000000 -0.143471 -0.000000 -0.287271 -0.000000 )
     freq (  30) =       2.740544 [THz] =      91.414703 [cm-1]
( -0.000000 -0.000000  0.018607  0.000000 -0.000000  0.000000 )
(  0.000000  0.000000  0.018607 -0.000000  0.000000 -0.000000 )
(  0.000000  0.000000 -0.000000  0.000000 -0.105600 -0.000000 )
( -0.000000  0.000000 -0.000000 -0.000000 -0.105600 -0.000000 )
(  0.000000  0.000000 -0.099043 -0.000000 -0.000000 -0.000000 )
(  0.000000  0.000000 -0.099043  0.000000  0.000000  0.000000 )
( -0.000000  0.000000  0.022534  0.000000  0.000000 -0.000000 )
( -0.000000 -0.000000  0.100372  0.000000  0.000000  0.000000 )
( -0.000000 -0.000000  0.100372 -0.000000  0.000000 -0.000000 )
( -0.000000 -0.000000  0.022534 -0.000000  0.000000  0.000000 )
(  0.000000  0.000000  0.100372  0.000000 -0.000000 -0.000000 )
( -0.000000 -0.000000 -0.099043 -0.000000 -0.000000 -0.000000 )
(  0.000000 -0.000000  0.004964  0.000000 -0.000000 -0.000000 )
( -0.000000 -0.000000 -0.099043  0.000000 -0.000000  0.000000 )
(  0.000000  0.000000  0.100372 -0.000000  0.000000  0.000000 )
( -0.000000  0.000000  0.004964  0.000000  0.000000  0.000000 )
( -0.000000  0.000000 -0.491920 -0.000000  0.000000 -0.000000 )
( -0.000000 -0.000000 -0.094160  0.000000 -0.111669 -0.000000 )
( -0.000000 -0.000000 -0.094160  0.000000  0.111669  0.000000 )
( -0.000000 -0.000000  0.107539  0.000000 -0.086694  0.000000 )
( -0.000000 -0.000000  0.107539  0.000000  0.086694 -0.000000 )
( -0.000000 -0.000000 -0.531600  0.000000  0.000000 -0.000000 )
(  0.000000  0.000000  0.107539 -0.000000  0.086694  0.000000 )
(  0.000000  0.000000  0.107539 -0.000000 -0.086694 -0.000000 )
( -0.000000  0.000000 -0.094160 -0.000000  0.111669 -0.000000 )
( -0.000000  0.000000 -0.094160 -0.000000 -0.111669  0.000000 )
(  0.000000 -0.000000  0.000000  0.000000 -0.000000 -0.000000 )
(  0.012450  0.000000  0.106453  0.000000  0.121581  0.000000 )
( -0.012450  0.000000  0.106453  0.000000 -0.121581 -0.000000 )
(  0.012450 -0.000000  0.106453 -0.000000 -0.121581  0.000000 )
( -0.012450  0.000000  0.106453 -0.000000  0.121581 -0.000000 )
( -0.000000  0.000000 -0.000000 -0.000000  0.000000  0.000000 )
( -0.012450  0.000000  0.106453 -0.000000  0.121581 -0.000000 )
(  0.012450  0.000000  0.106453  0.000000 -0.121581  0.000000 )
( -0.012450 -0.000000  0.106453 -0.000000 -0.121581 -0.000000 )
(  0.012450 -0.000000  0.106453 -0.000000  0.121581  0.000000 )
     freq (  31) =       2.762407 [THz] =      92.143967 [cm-1]
(  0.000000  0.000000  0.202278  0.000000  0.000000 -0.000000 )
( -0.000000  0.000000 -0.202278 -0.000000 -0.000000  0.000000 )
(  0.036367 -0.000000 -0.000000 -0.000000  0.000000 -0.000000 )
( -0.036367 -0.000000 -0.000000 -0.000000  0.000000 -0.000000 )
(  0.111642  0.000000  0.000000 -0.000000 -0.020054  0.000000 )
(  0.111642  0.000000  0.000000 -0.000000  0.020054 -0.000000 )
(  0.031160  0.000000 -0.000000  0.000000  0.000000  0.000000 )
( -0.120318  0.000000 -0.000000  0.000000  0.004000  0.000000 )
( -0.120318  0.000000 -0.000000  0.000000 -0.004000  0.000000 )
( -0.031160  0.000000 -0.000000  0.000000  0.000000  0.000000 )
(  0.120318  0.000000 -0.000000  0.000000 -0.004000  0.000000 )
( -0.111642  0.000000  0.000000 -0.000000 -0.020054  0.000000 )
(  0.000000  0.000000 -0.000000 -0.000000 -0.251476  0.000000 )
( -0.111642  0.000000  0.000000 -0.000000  0.020054 -0.000000 )
(  0.120318 -0.000000 -0.000000  0.000000  0.004000  0.000000 )
( -0.000000 -0.000000  0.000000  0.000000  0.251476 -0.000000 )
(  0.000000  0.000000  0.000000 -0.000000  0.000000  0.000000 )
( -0.000000 -0.000000  0.179977 -0.000000 -0.192195  0.000000 )
(  0.000000 -0.000000  0.179977 -0.000000  0.192195  0.000000 )
( -0.000000  0.000000  0.202318  0.000000  0.186190 -0.000000 )
(  0.000000  0.000000  0.202318 -0.000000 -0.186190  0.000000 )
(  0.000000  0.000000  0.000000 -0.000000  0.000000  0.000000 )
(  0.000000  0.000000 -0.202318  0.000000  0.186190  0.000000 )
( -0.000000  0.000000 -0.202318  0.000000 -0.186190  0.000000 )
(  0.000000  0.000000 -0.179977 -0.000000 -0.192195 -0.000000 )
( -0.000000 -0.000000 -0.179977 -0.000000  0.192195 -0.000000 )
(  0.003738  0.000000  0.000000  0.000000 -0.139581  0.000000 )
(  0.022874 -0.000000  0.082469  0.000000  0.006681  0.000000 )
( -0.022874  0.000000  0.082469  0.000000 -0.006681 -0.000000 )
( -0.022874  0.000000 -0.082469  0.000000  0.006681 -0.000000 )
(  0.022874 -0.000000 -0.082469  0.000000 -0.006681  0.000000 )
(  0.003738 -0.000000 -0.000000 -0.000000  0.139581 -0.000000 )
( -0.022874  0.000000  0.082469  0.000000  0.006681  0.000000 )
(  0.022874  0.000000  0.082469  0.000000 -0.006681 -0.000000 )
(  0.022874  0.000000 -0.082469  0.000000  0.006681 -0.000000 )
( -0.022874  0.000000 -0.082469  0.000000 -0.006681  0.000000 )
     freq (  32) =       2.813973 [THz] =      93.864030 [cm-1]
(  0.000000 -0.000000  0.000000 -0.000000 -0.099907 -0.000000 )
( -0.000000  0.000000 -0.000000  0.000000  0.099907  0.000000 )
(  0.000000 -0.000000  0.000000  0.000000 -0.000000  0.000000 )
(  0.000000 -0.000000  0.000000  0.000000  0.000000  0.000000 )
(  0.000000 -0.000000  0.047650  0.000000  0.000000  0.000000 )
(  0.000000 -0.000000 -0.047650 -0.000000 -0.000000 -0.000000 )
(  0.000000 -0.000000  0.000000 -0.000000 -0.000000 -0.000000 )
( -0.000000  0.000000 -0.126926  0.000000 -0.000000 -0.000000 )
( -0.000000  0.000000  0.126926 -0.000000 -0.000000  0.000000 )
(  0.000000  0.000000  0.000000 -0.000000 -0.000000 -0.000000 )
(  0.000000 -0.000000  0.126926 -0.000000 -0.000000  0.000000 )
( -0.000000  0.000000  0.047650  0.000000  0.000000  0.000000 )
( -0.000000 -0.000000  0.024654  0.000000 -0.000000  0.000000 )
( -0.000000  0.000000 -0.047650  0.000000  0.000000 -0.000000 )
(  0.000000 -0.000000 -0.126926 -0.000000 -0.000000 -0.000000 )
(  0.000000  0.000000 -0.024654 -0.000000  0.000000 -0.000000 )
(  0.000000  0.000000 -0.000000  0.000000 -0.000000 -0.000000 )
(  0.000000 -0.000000  0.043538 -0.000000  0.009846  0.000000 )
( -0.000000 -0.000000 -0.043538 -0.000000  0.009846 -0.000000 )
(  0.000000 -0.000000 -0.148472 -0.000000  0.196400 -0.000000 )
( -0.000000 -0.000000  0.148472 -0.000000  0.196400  0.000000 )
(  0.000000  0.000000 -0.000000  0.000000 -0.000000  0.000000 )
( -0.000000  0.000000 -0.148472  0.000000 -0.196400 -0.000000 )
(  0.000000  0.000000  0.148472  0.000000 -0.196400  0.000000 )
( -0.000000  0.000000  0.043538  0.000000 -0.009846  0.000000 )
(  0.000000  0.000000 -0.043538  0.000000 -0.009846 -0.000000 )
( -0.000000 -0.000000 -0.498964  0.000000 -0.000000  0.000000 )
(  0.048499  0.000000  0.090574 -0.000000  0.095187 -0.000000 )
(  0.048499  0.000000 -0.090574 -0.000000  0.095187 -0.000000 )
(  0.048499 -0.000000  0.090574 -0.000000 -0.095187  0.000000 )
(  0.048499 -0.000000 -0.090574  0.000000 -0.095187 -0.000000 )
(  0.000000  0.000000  0.498964 -0.000000  0.000000 -0.000000 )
( -0.048499  0.000000  0.090574 -0.000000  0.095187 -0.000000 )
( -0.048499  0.000000 -0.090574 -0.000000  0.095187  0.000000 )
( -0.048499 -0.000000  0.090574  0.000000 -0.095187 -0.000000 )
( -0.048499 -0.000000 -0.090574  0.000000 -0.095187  0.000000 )
     freq (  33) =       2.819897 [THz] =      94.061650 [cm-1]
( -0.263078  0.000000 -0.000000  0.000000  0.000000 -0.000000 )
(  0.263078 -0.000000 -0.000000  0.000000  0.000000  0.000000 )
(  0.000000  0.000000  0.003786 -0.000000 -0.000000 -0.000000 )
(  0.000000  0.000000 -0.003786 -0.000000 -0.000000  0.000000 )
( -0.000000 -0.000000 -0.023394 -0.000000 -0.000000 -0.000000 )
(  0.000000  0.000000 -0.023394 -0.000000  0.000000 -0.000000 )
( -0.000000  0.000000  0.005448  0.000000 -0.000000  0.000000 )
( -0.000000  0.000000  0.021896 -0.000000 -0.000000 -0.000000 )
( -0.000000  0.000000  0.021896  0.000000 -0.000000  0.000000 )
( -0.000000  0.000000 -0.005448 -0.000000 -0.000000  0.000000 )
(  0.000000  0.000000 -0.021896  0.000000 -0.000000 -0.000000 )
( -0.000000 -0.000000  0.023394 -0.000000  0.000000 -0.000000 )
(  0.000000 -0.000000 -0.000000  0.000000 -0.000000 -0.000000 )
(  0.000000 -0.000000  0.023394 -0.000000 -0.000000 -0.000000 )
( -0.000000  0.000000 -0.021896 -0.000000 -0.000000  0.000000 )
( -0.000000 -0.000000 -0.000000 -0.000000  0.000000  0.000000 )
( -0.000000  0.000000  0.000000 -0.000000  0.000000  0.000000 )
( -0.282778  0.000000  0.000000 -0.000000  0.000000 -0.000000 )
( -0.282778 -0.000000  0.000000 -0.000000  0.000000  0.000000 )
( -0.288107  0.000000 -0.000000 -0.000000  0.000000  0.000000 )
( -0.288107  0.000000  0.000000  0.000000  0.000000  0.000000 )
( -0.000000  0.000000  0.000000 -0.000000 -0.000000  0.000000 )
(  0.288107 -0.000000 -0.000000 -0.000000 -0.000000 -0.000000 )
(  0.288107 -0.000000  0.000000  0.000000 -0.000000 -0.000000 )
(  0.282778 -0.000000  0.000000 -0.000000 -0.000000  0.000000 )
(  0.282778  0.000000  0.000000 -0.000000 -0.000000 -0.000000 )
(  0.000000  0.000000 -0.002440 -0.000000 -0.000000  0.000000 )
(  0.160255  0.000000  0.002304  0.000000 -0.000317  0.000000 )
(  0.160255 -0.000000 -0.002304 -0.000000 -0.000317  0.000000 )
( -0.160255 -0.000000 -0.002304  0.000000 -0.000317 -0.000000 )
( -0.160255  0.000000  0.002304 -0.000000 -0.000317  0.000000 )
( -0.000000  0.000000 -0.002440  0.000000 -0.000000  0.000000 )
(  0.160255  0.000000 -0.002304  0.000000  0.000317  0.000000 )
(  0.160255 -0.000000  0.002304  0.000000  0.000317  0.000000 )
( -0.160255 -0.000000  0.002304  0.000000  0.000317 -0.000000 )
( -0.160255  0.000000 -0.002304 -0.000000  0.000317 -0.000000 )
     freq (  34) =       2.837063 [THz] =      94.634239 [cm-1]
( -0.000000  0.000000 -0.000000  0.000000 -0.000000 -0.000000 )
(  0.000000 -0.000000  0.000000 -0.000000  0.000000  0.000000 )
( -0.281233  0.000000 -0.000000 -0.000000  0.000000  0.000000 )
( -0.281233  0.000000 -0.000000  0.000000 -0.000000  0.000000 )
( -0.000000  0.000000  0.020327  0.000000  0.000000  0.000000 )
( -0.000000  0.000000 -0.020327  0.000000 -0.000000 -0.000000 )
(  0.000000 -0.000000 -0.000000  0.000000  0.000000  0.000000 )
(  0.000000  0.000000 -0.016085 -0.000000 -0.000000  0.000000 )
(  0.000000  0.000000  0.016085  0.000000  0.000000 -0.000000 )
(  0.000000 -0.000000 -0.000000  0.000000  0.000000 -0.000000 )
( -0.000000 -0.000000 -0.016085  0.000000  0.000000 -0.000000 )
(  0.000000 -0.000000 -0.020327  0.000000 -0.000000  0.000000 )
( -0.000000 -0.000000  0.000000  0.000000  0.000000 -0.000000 )
(  0.000000 -0.000000  0.020327 -0.000000 -0.000000 -0.000000 )
( -0.000000  0.000000  0.016085 -0.000000  0.000000  0.000000 )
(  0.000000  0.000000  0.000000  0.000000 -0.000000  0.000000 )
(  0.000000 -0.000000 -0.000000  0.000000  0.000000  0.000000 )
( -0.207742  0.000000 -0.000000  0.000000 -0.000000  0.000000 )
(  0.207742  0.000000 -0.000000  0.000000 -0.000000 -0.000000 )
( -0.123715  0.000000 -0.000000 -0.000000  0.000000  0.000000 )
(  0.123715  0.000000  0.000000  0.000000  0.000000 -0.000000 )
(  0.000000 -0.000000 -0.000000  0.000000  0.000000  0.000000 )
(  0.123715 -0.000000 -0.000000 -0.000000 -0.000000 -0.000000 )
( -0.123715 -0.000000  0.000000  0.000000 -0.000000 -0.000000 )
(  0.207742 -0.000000  0.000000  0.000000  0.000000 -0.000000 )
( -0.207742 -0.000000  0.000000 -0.000000 -0.000000  0.000000 )
( -0.000000 -0.000000 -0.000000 -0.000000  0.000000 -0.000000 )
( -0.268953 -0.000000  0.011206  0.000000  0.056559  0.000000 )
(  0.268953 -0.000000  0.011206 -0.000000 -0.056559  0.000000 )
(  0.268953  0.000000 -0.011206  0.000000  0.056559 -0.000000 )
( -0.268953  0.000000 -0.011206 -0.000000 -0.056559 -0.000000 )
(  0.000000  0.000000  0.000000  0.000000 -0.000000 -0.000000 )
( -0.268953  0.000000 -0.011206  0.000000 -0.056559  0.000000 )
(  0.268953 -0.000000 -0.011206 -0.000000  0.056559  0.000000 )
(  0.268953 -0.000000  0.011206  0.000000 -0.056559  0.000000 )
( -0.268953  0.000000  0.011206 -0.000000  0.056559 -0.000000 )
     freq (  35) =       3.056023 [THz] =     101.937964 [cm-1]
( -0.127886  0.000000 -0.000000  0.000000 -0.000000 -0.000000 )
( -0.127886  0.000000 -0.000000 -0.000000  0.000000 -0.000000 )
( -0.000000 -0.000000 -0.000000  0.000000  0.000000 -0.000000 )
( -0.000000  0.000000 -0.000000  0.000000 -0.000000  0.000000 )
( -0.024910  0.000000  0.000000  0.000000 -0.107229  0.000000 )
( -0.024910  0.000000 -0.000000 -0.000000  0.107229 -0.000000 )
( -0.264626 -0.000000  0.000000 -0.000000 -0.000000  0.000000 )
( -0.072100  0.000000 -0.000000  0.000000  0.052758  0.000000 )
( -0.072100  0.000000 -0.000000 -0.000000 -0.052758 -0.000000 )
( -0.264626 -0.000000 -0.000000  0.000000  0.000000 -0.000000 )
( -0.072100 -0.000000  0.000000 -0.000000  0.052758  0.000000 )
( -0.024910 -0.000000  0.000000 -0.000000  0.107229  0.000000 )
( -0.005634 -0.000000  0.000000  0.000000 -0.000000 -0.000000 )
( -0.024910 -0.000000 -0.000000 -0.000000 -0.107229 -0.000000 )
( -0.072100 -0.000000 -0.000000 -0.000000 -0.052758 -0.000000 )
( -0.005634  0.000000 -0.000000 -0.000000 -0.000000  0.000000 )
( -0.485337  0.000000  0.000000  0.000000  0.000000 -0.000000 )
( -0.253302  0.000000  0.000000  0.000000  0.000000  0.000000 )
( -0.253302  0.000000 -0.000000  0.000000  0.000000 -0.000000 )
(  0.059386  0.000000 -0.000000 -0.000000  0.000000  0.000000 )
(  0.059386  0.000000  0.000000 -0.000000 -0.000000 -0.000000 )
( -0.447639 -0.000000  0.000000  0.000000  0.000000  0.000000 )
(  0.059386  0.000000 -0.000000  0.000000 -0.000000  0.000000 )
(  0.059386  0.000000  0.000000  0.000000  0.000000 -0.000000 )
( -0.253302  0.000000  0.000000 -0.000000  0.000000  0.000000 )
( -0.253302  0.000000 -0.000000 -0.000000 -0.000000 -0.000000 )
(  0.000000 -0.000000 -0.000000  0.000000 -0.000000  0.000000 )
(  0.035540 -0.000000 -0.047473  0.000000 -0.038649  0.000000 )
(  0.035540  0.000000  0.047473  0.000000 -0.038649  0.000000 )
(  0.035540  0.000000 -0.047473 -0.000000  0.038649 -0.000000 )
(  0.035540 -0.000000  0.047473 -0.000000  0.038649 -0.000000 )
( -0.000000  0.000000  0.000000 -0.000000 -0.000000 -0.000000 )
(  0.035540  0.000000  0.047473  0.000000  0.038649 -0.000000 )
(  0.035540 -0.000000 -0.047473  0.000000  0.038649 -0.000000 )
(  0.035540 -0.000000  0.047473 -0.000000 -0.038649  0.000000 )
(  0.035540  0.000000 -0.047473  0.000000 -0.038649  0.000000 )
     freq (  36) =       3.131983 [THz] =     104.471721 [cm-1]
( -0.000000 -0.000000 -0.000000 -0.000000  0.000000  0.000000 )
( -0.000000 -0.000000  0.000000 -0.000000 -0.000000  0.000000 )
(  0.000000 -0.000000  0.000000  0.000000  0.073166  0.000000 )
( -0.000000  0.000000 -0.000000  0.000000 -0.073166  0.000000 )
(  0.000233  0.000000 -0.000000  0.000000 -0.066409  0.000000 )
( -0.000233 -0.000000 -0.000000 -0.000000 -0.066409 -0.000000 )
(  0.000000  0.000000  0.000000 -0.000000 -0.044393 -0.000000 )
( -0.049093  0.000000  0.000000  0.000000  0.095324 -0.000000 )
(  0.049093  0.000000  0.000000  0.000000  0.095324  0.000000 )
(  0.000000  0.000000  0.000000 -0.000000  0.044393  0.000000 )
(  0.049093 -0.000000  0.000000  0.000000 -0.095324 -0.000000 )
(  0.000233 -0.000000 -0.000000 -0.000000  0.066409 -0.000000 )
(  0.275866 -0.000000 -0.000000  0.000000  0.000000 -0.000000 )
( -0.000233 -0.000000  0.000000 -0.000000  0.066409 -0.000000 )
( -0.049093 -0.000000  0.000000  0.000000 -0.095324  0.000000 )
( -0.275866 -0.000000  0.000000  0.000000 -0.000000  0.000000 )
(  0.000000  0.000000  0.000000  0.000000 -0.000000  0.000000 )
( -0.061824  0.000000 -0.000000  0.000000  0.000000  0.000000 )
(  0.061824  0.000000  0.000000  0.000000 -0.000000 -0.000000 )
(  0.003891 -0.000000  0.000000  0.000000  0.000000  0.000000 )
( -0.003891 -0.000000  0.000000  0.000000 -0.000000 -0.000000 )
(  0.000000  0.000000  0.000000  0.000000 -0.000000 -0.000000 )
(  0.003891 -0.000000  0.000000  0.000000 -0.000000  0.000000 )
( -0.003891 -0.000000  0.000000  0.000000  0.000000 -0.000000 )
( -0.061824  0.000000 -0.000000 -0.000000 -0.000000 -0.000000 )
(  0.061824  0.000000  0.000000 -0.000000  0.000000  0.000000 )
(  0.500780  0.000000 -0.000000  0.000000 -0.090789 -0.000000 )
( -0.168084 -0.000000  0.035482 -0.000000  0.002039 -0.000000 )
(  0.168084  0.000000  0.035482  0.000000 -0.002039 -0.000000 )
( -0.168084 -0.000000  0.035482  0.000000 -0.002039 -0.000000 )
(  0.168084 -0.000000  0.035482 -0.000000  0.002039  0.000000 )
( -0.500780  0.000000 -0.000000 -0.000000 -0.090789  0.000000 )
( -0.168084  0.000000 -0.035482 -0.000000 -0.002039  0.000000 )
(  0.168084 -0.000000 -0.035482  0.000000  0.002039 -0.000000 )
( -0.168084 -0.000000 -0.035482  0.000000  0.002039 -0.000000 )
(  0.168084  0.000000 -0.035482 -0.000000 -0.002039  0.000000 )
     freq (  37) =       3.147642 [THz] =     104.994019 [cm-1]
( -0.230886  0.000000  0.000000  0.000000 -0.000000 -0.000000 )
( -0.230886  0.000000 -0.000000 -0.000000  0.000000 -0.000000 )
( -0.000000 -0.000000  0.000000  0.000000 -0.000000  0.000000 )
( -0.000000  0.000000  0.000000  0.000000  0.000000 -0.000000 )
( -0.079725  0.000000  0.000000  0.000000 -0.022410  0.000000 )
( -0.079725  0.000000 -0.000000 -0.000000  0.022410 -0.000000 )
(  0.110295  0.000000  0.000000  0.000000  0.000000 -0.000000 )
( -0.064172  0.000000 -0.000000  0.000000 -0.095104  0.000000 )
( -0.064172  0.000000  0.000000 -0.000000  0.095104  0.000000 )
(  0.110295  0.000000 -0.000000 -0.000000 -0.000000  0.000000 )
( -0.064172  0.000000  0.000000 -0.000000 -0.095104 -0.000000 )
( -0.079725 -0.000000  0.000000  0.000000  0.022410 -0.000000 )
( -0.034514  0.000000  0.000000  0.000000  0.000000  0.000000 )
( -0.079725 -0.000000 -0.000000 -0.000000 -0.022410  0.000000 )
( -0.064172  0.000000 -0.000000  0.000000  0.095104  0.000000 )
( -0.034514 -0.000000 -0.000000 -0.000000  0.000000 -0.000000 )
(  0.155740  0.000000  0.000000  0.000000 -0.000000 -0.000000 )
( -0.184892  0.000000  0.000000  0.000000  0.000000  0.000000 )
( -0.184892  0.000000 -0.000000  0.000000  0.000000 -0.000000 )
( -0.326288 -0.000000 -0.000000 -0.000000  0.000000  0.000000 )
( -0.326288 -0.000000  0.000000 -0.000000  0.000000 -0.000000 )
(  0.246034  0.000000  0.000000  0.000000 -0.000000  0.000000 )
( -0.326288  0.000000 -0.000000  0.000000 -0.000000  0.000000 )
( -0.326288  0.000000  0.000000  0.000000 -0.000000 -0.000000 )
( -0.184892  0.000000  0.000000 -0.000000 -0.000000  0.000000 )
( -0.184892  0.000000 -0.000000 -0.000000  0.000000 -0.000000 )
( -0.000000  0.000000  0.000000  0.000000  0.000000 -0.000000 )
( -0.006815 -0.000000 -0.068309  0.000000 -0.112641  0.000000 )
( -0.006815  0.000000  0.068309 -0.000000 -0.112641  0.000000 )
( -0.006815  0.000000 -0.068309  0.000000  0.112641 -0.000000 )
( -0.006815 -0.000000  0.068309 -0.000000  0.112641 -0.000000 )
(  0.000000 -0.000000 -0.000000  0.000000 -0.000000  0.000000 )
( -0.006815  0.000000  0.068309 -0.000000  0.112641 -0.000000 )
( -0.006815 -0.000000 -0.068309  0.000000  0.112641 -0.000000 )
( -0.006815 -0.000000  0.068309 -0.000000 -0.112641  0.000000 )
( -0.006815  0.000000 -0.068309  0.000000 -0.112641  0.000000 )
     freq (  38) =       3.186833 [THz] =     106.301315 [cm-1]
(  0.000000 -0.000000  0.000000  0.000000 -0.047572 -0.000000 )
(  0.000000 -0.000000  0.000000 -0.000000  0.047572  0.000000 )
(  0.000000 -0.000000 -0.000000 -0.000000  0.000000  0.000000 )
( -0.000000  0.000000 -0.000000 -0.000000  0.000000 -0.000000 )
(  0.000000  0.000000  0.033439  0.000000 -0.000000  0.000000 )
(  0.000000  0.000000 -0.033439 -0.000000 -0.000000 -0.000000 )
( -0.000000 -0.000000 -0.000000  0.000000 -0.000000  0.000000 )
(  0.000000  0.000000 -0.063054  0.000000  0.000000  0.000000 )
(  0.000000  0.000000  0.063054  0.000000 -0.000000  0.000000 )
( -0.000000  0.000000 -0.000000  0.000000  0.000000  0.000000 )
(  0.000000 -0.000000  0.063054  0.000000  0.000000  0.000000 )
(  0.000000 -0.000000  0.033439 -0.000000 -0.000000  0.000000 )
(  0.000000  0.000000  0.099222  0.000000 -0.000000 -0.000000 )
(  0.000000 -0.000000 -0.033439 -0.000000  0.000000 -0.000000 )
(  0.000000 -0.000000 -0.063054  0.000000 -0.000000  0.000000 )
(  0.000000 -0.000000 -0.099222  0.000000 -0.000000 -0.000000 )
( -0.000000 -0.000000 -0.000000  0.000000  0.000000  0.000000 )
(  0.000000 -0.000000  0.131151  0.000000  0.025998  0.000000 )
(  0.000000 -0.000000 -0.131151  0.000000  0.025998 -0.000000 )
(  0.000000  0.000000 -0.193938 -0.000000  0.043634  0.000000 )
(  0.000000  0.000000  0.193938  0.000000  0.043634 -0.000000 )
( -0.000000 -0.000000 -0.000000  0.000000  0.000000  0.000000 )
(  0.000000 -0.000000 -0.193938  0.000000 -0.043634 -0.000000 )
(  0.000000 -0.000000  0.193938  0.000000 -0.043634  0.000000 )
(  0.000000 -0.000000  0.131151 -0.000000 -0.025998 -0.000000 )
(  0.000000 -0.000000 -0.131151 -0.000000 -0.025998 -0.000000 )
(  0.000000  0.000000  0.059064  0.000000 -0.000000 -0.000000 )
(  0.001532 -0.000000  0.073807  0.000000 -0.290530 -0.000000 )
(  0.001532  0.000000 -0.073807  0.000000 -0.290530 -0.000000 )
(  0.001532  0.000000  0.073807  0.000000  0.290530 -0.000000 )
(  0.001532 -0.000000 -0.073807  0.000000  0.290530 -0.000000 )
( -0.000000 -0.000000 -0.059064 -0.000000  0.000000 -0.000000 )
( -0.001532  0.000000  0.073807  0.000000 -0.290530  0.000000 )
( -0.001532 -0.000000 -0.073807  0.000000 -0.290530 -0.000000 )
( -0.001532 -0.000000  0.073807  0.000000  0.290530  0.000000 )
( -0.001532  0.000000 -0.073807  0.000000  0.290530  0.000000 )
     freq (  39) =       3.190144 [THz] =     106.411747 [cm-1]
( -0.000000 -0.000000  0.000442 -0.000000  0.000000  0.000000 )
( -0.000000  0.000000  0.000442 -0.000000 -0.000000  0.000000 )
(  0.000000  0.000000  0.000000  0.000000  0.032510 -0.000000 )
( -0.000000 -0.000000 -0.000000  0.000000  0.032510 -0.000000 )
( -0.000000 -0.000000  0.041765  0.000000 -0.000000 -0.000000 )
( -0.000000  0.000000  0.041765  0.000000  0.000000  0.000000 )
(  0.000000  0.000000 -0.090023  0.000000  0.000000  0.000000 )
( -0.000000 -0.000000 -0.052540  0.000000 -0.000000 -0.000000 )
( -0.000000 -0.000000 -0.052540 -0.000000  0.000000 -0.000000 )
( -0.000000 -0.000000 -0.090023  0.000000  0.000000  0.000000 )
(  0.000000  0.000000 -0.052540 -0.000000  0.000000 -0.000000 )
(  0.000000  0.000000  0.041765  0.000000 -0.000000 -0.000000 )
(  0.000000 -0.000000  0.002943 -0.000000 -0.000000  0.000000 )
(  0.000000 -0.000000  0.041765  0.000000  0.000000  0.000000 )
(  0.000000  0.000000 -0.052540  0.000000 -0.000000 -0.000000 )
( -0.000000  0.000000  0.002943  0.000000 -0.000000  0.000000 )
(  0.000000 -0.000000 -0.070636  0.000000  0.000000 -0.000000 )
( -0.000000  0.000000  0.057623 -0.000000 -0.314796 -0.000000 )
( -0.000000 -0.000000  0.057623  0.000000  0.314796  0.000000 )
(  0.000000  0.000000 -0.096390  0.000000 -0.267520 -0.000000 )
( -0.000000  0.000000 -0.096390 -0.000000  0.267520  0.000000 )
(  0.000000 -0.000000 -0.043628 -0.000000  0.000000 -0.000000 )
( -0.000000 -0.000000 -0.096390 -0.000000  0.267520  0.000000 )
( -0.000000  0.000000 -0.096390  0.000000 -0.267520  0.000000 )
( -0.000000 -0.000000  0.057623  0.000000  0.314796 -0.000000 )
(  0.000000  0.000000  0.057623  0.000000 -0.314796  0.000000 )
(  0.000000 -0.000000 -0.000000 -0.000000  0.000000  0.000000 )
(  0.012016  0.000000 -0.160464 -0.000000 -0.045421  0.000000 )
( -0.012016 -0.000000 -0.160464  0.000000  0.045421  0.000000 )
(  0.012016 -0.000000 -0.160464 -0.000000  0.045421 -0.000000 )
( -0.012016  0.000000 -0.160464  0.000000 -0.045421 -0.000000 )
( -0.000000  0.000000  0.000000  0.000000 -0.000000  0.000000 )
( -0.012016  0.000000 -0.160464 -0.000000 -0.045421  0.000000 )
(  0.012016  0.000000 -0.160464  0.000000  0.045421  0.000000 )
( -0.012016  0.000000 -0.160464  0.000000  0.045421  0.000000 )
(  0.012016 -0.000000 -0.160464  0.000000 -0.045421 -0.000000 )
     freq (  40) =       3.204543 [THz] =     106.892062 [cm-1]
(  0.000000 -0.000000  0.015256  0.000000 -0.000000  0.000000 )
( -0.000000 -0.000000 -0.015256 -0.000000 -0.000000  0.000000 )
( -0.239235 -0.000000 -0.000000 -0.000000  0.000000  0.000000 )
(  0.239235 -0.000000  0.000000 -0.000000 -0.000000 -0.000000 )
(  0.094342  0.000000  0.000000 -0.000000  0.064629 -0.000000 )
(  0.094342 -0.000000  0.000000 -0.000000 -0.064629  0.000000 )
( -0.014680 -0.000000 -0.000000  0.000000 -0.000000 -0.000000 )
(  0.072771 -0.000000 -0.000000  0.000000  0.068304  0.000000 )
(  0.072771 -0.000000 -0.000000  0.000000 -0.068304  0.000000 )
(  0.014680 -0.000000 -0.000000  0.000000  0.000000  0.000000 )
( -0.072771 -0.000000 -0.000000  0.000000 -0.068304  0.000000 )
( -0.094342 -0.000000  0.000000 -0.000000  0.064629  0.000000 )
(  0.000000  0.000000  0.000000  0.000000 -0.015099 -0.000000 )
( -0.094342 -0.000000  0.000000 -0.000000 -0.064629 -0.000000 )
( -0.072771 -0.000000 -0.000000 -0.000000  0.068304  0.000000 )
( -0.000000 -0.000000 -0.000000 -0.000000  0.015099 -0.000000 )
(  0.000000 -0.000000 -0.000000  0.000000 -0.000000  0.000000 )
( -0.000000 -0.000000  0.093165  0.000000  0.102313  0.000000 )
(  0.000000 -0.000000  0.093165 -0.000000 -0.102313 -0.000000 )
( -0.000000 -0.000000 -0.064018 -0.000000  0.134532  0.000000 )
( -0.000000 -0.000000 -0.064018  0.000000 -0.134532 -0.000000 )
(  0.000000 -0.000000 -0.000000  0.000000 -0.000000  0.000000 )
( -0.000000 -0.000000  0.064018  0.000000  0.134532 -0.000000 )
(  0.000000 -0.000000  0.064018  0.000000 -0.134532  0.000000 )
(  0.000000 -0.000000 -0.093165 -0.000000  0.102313 -0.000000 )
(  0.000000 -0.000000 -0.093165 -0.000000 -0.102313  0.000000 )
(  0.058809  0.000000  0.000000 -0.000000 -0.023569 -0.000000 )
( -0.277466 -0.000000  0.013850  0.000000 -0.012178 -0.000000 )
(  0.277466  0.000000  0.013850  0.000000  0.012178 -0.000000 )
(  0.277466  0.000000 -0.013850 -0.000000 -0.012178  0.000000 )
( -0.277466 -0.000000 -0.013850  0.000000  0.012178  0.000000 )
(  0.058809 -0.000000 -0.000000  0.000000  0.023569  0.000000 )
(  0.277466 -0.000000  0.013850  0.000000 -0.012178 -0.000000 )
( -0.277466  0.000000  0.013850 -0.000000  0.012178  0.000000 )
( -0.277466  0.000000 -0.013850  0.000000 -0.012178 -0.000000 )
(  0.277466  0.000000 -0.013850 -0.000000  0.012178  0.000000 )
     freq (  41) =       3.277001 [THz] =     109.308977 [cm-1]
(  0.000000 -0.000000  0.000000  0.000000 -0.113212  0.000000 )
(  0.000000  0.000000 -0.000000  0.000000 -0.113212  0.000000 )
(  0.000000  0.000000  0.023508 -0.000000  0.000000 -0.000000 )
( -0.000000 -0.000000  0.023508 -0.000000  0.000000  0.000000 )
( -0.082259 -0.000000  0.000000  0.000000  0.070314 -0.000000 )
(  0.082259 -0.000000 -0.000000  0.000000  0.070314 -0.000000 )
( -0.000000 -0.000000 -0.000000 -0.000000  0.044539  0.000000 )
(  0.005275  0.000000 -0.000000 -0.000000 -0.239901 -0.000000 )
( -0.005275 -0.000000 -0.000000 -0.000000 -0.239901  0.000000 )
( -0.000000 -0.000000 -0.000000 -0.000000  0.044539 -0.000000 )
(  0.005275 -0.000000 -0.000000 -0.000000 -0.239901  0.000000 )
(  0.082259  0.000000 -0.000000  0.000000  0.070314  0.000000 )
( -0.000000  0.000000  0.000000  0.000000  0.190906 -0.000000 )
( -0.082259  0.000000 -0.000000  0.000000  0.070314 -0.000000 )
( -0.005275 -0.000000  0.000000 -0.000000 -0.239901 -0.000000 )
(  0.000000 -0.000000 -0.000000  0.000000  0.190906 -0.000000 )
( -0.000000 -0.000000 -0.000000 -0.000000 -0.286051  0.000000 )
(  0.000000  0.000000 -0.082573 -0.000000  0.063173 -0.000000 )
(  0.000000 -0.000000  0.082573 -0.000000  0.063173  0.000000 )
(  0.000000 -0.000000  0.211388 -0.000000 -0.066925 -0.000000 )
(  0.000000  0.000000 -0.211388 -0.000000 -0.066925  0.000000 )
( -0.000000 -0.000000  0.000000 -0.000000 -0.514043  0.000000 )
(  0.000000 -0.000000 -0.211388  0.000000 -0.066925  0.000000 )
(  0.000000  0.000000  0.211388 -0.000000 -0.066925 -0.000000 )
( -0.000000  0.000000  0.082573  0.000000  0.063173  0.000000 )
(  0.000000 -0.000000 -0.082573  0.000000  0.063173 -0.000000 )
( -0.000000  0.000000  0.000000 -0.000000  0.000000  0.000000 )
(  0.005229  0.000000 -0.045338 -0.000000  0.045578  0.000000 )
(  0.005229 -0.000000  0.045338 -0.000000  0.045578  0.000000 )
( -0.005229 -0.000000  0.045338 -0.000000  0.045578  0.000000 )
( -0.005229  0.000000 -0.045338 -0.000000  0.045578 -0.000000 )
(  0.000000 -0.000000  0.000000  0.000000  0.000000 -0.000000 )
( -0.005229 -0.000000 -0.045338 -0.000000  0.045578  0.000000 )
( -0.005229  0.000000  0.045338 -0.000000  0.045578  0.000000 )
(  0.005229  0.000000  0.045338 -0.000000  0.045578  0.000000 )
(  0.005229 -0.000000 -0.045338  0.000000  0.045578 -0.000000 )
     freq (  42) =       3.342214 [THz] =     111.484252 [cm-1]
( -0.000000 -0.000000 -0.007241 -0.000000  0.000000 -0.000000 )
(  0.000000  0.000000 -0.007241 -0.000000 -0.000000  0.000000 )
(  0.000000  0.000000  0.000000  0.000000 -0.287226  0.000000 )
( -0.000000  0.000000 -0.000000 -0.000000 -0.287226  0.000000 )
( -0.000000  0.000000  0.027434  0.000000  0.000000 -0.000000 )
( -0.000000 -0.000000  0.027434  0.000000  0.000000  0.000000 )
(  0.000000  0.000000  0.200749 -0.000000  0.000000  0.000000 )
( -0.000000  0.000000 -0.013175 -0.000000 -0.000000 -0.000000 )
( -0.000000 -0.000000 -0.013175 -0.000000  0.000000 -0.000000 )
(  0.000000 -0.000000  0.200749 -0.000000 -0.000000 -0.000000 )
( -0.000000 -0.000000 -0.013175  0.000000  0.000000 -0.000000 )
(  0.000000  0.000000  0.027434  0.000000 -0.000000 -0.000000 )
(  0.000000 -0.000000  0.003016  0.000000  0.000000  0.000000 )
( -0.000000 -0.000000  0.027434  0.000000 -0.000000  0.000000 )
(  0.000000  0.000000 -0.013175  0.000000 -0.000000 -0.000000 )
(  0.000000  0.000000  0.003016 -0.000000  0.000000  0.000000 )
(  0.000000  0.000000 -0.218834 -0.000000 -0.000000 -0.000000 )
(  0.000000  0.000000  0.076151  0.000000  0.028911 -0.000000 )
( -0.000000 -0.000000  0.076151  0.000000 -0.028911  0.000000 )
(  0.000000  0.000000 -0.053344  0.000000 -0.024650 -0.000000 )
(  0.000000  0.000000 -0.053344  0.000000  0.024650  0.000000 )
(  0.000000 -0.000000 -0.175110  0.000000  0.000000 -0.000000 )
(  0.000000 -0.000000 -0.053344 -0.000000  0.024650  0.000000 )
( -0.000000 -0.000000 -0.053344  0.000000 -0.024650 -0.000000 )
( -0.000000  0.000000  0.076151  0.000000 -0.028911  0.000000 )
( -0.000000 -0.000000  0.076151  0.000000  0.028911 -0.000000 )
( -0.000000 -0.000000  0.000000 -0.000000  0.000000  0.000000 )
( -0.021888  0.000000  0.077474 -0.000000 -0.269217  0.000000 )
(  0.021888  0.000000  0.077474 -0.000000  0.269217 -0.000000 )
( -0.021888 -0.000000  0.077474 -0.000000  0.269217 -0.000000 )
(  0.021888 -0.000000  0.077474 -0.000000 -0.269217  0.000000 )
( -0.000000  0.000000 -0.000000 -0.000000 -0.000000  0.000000 )
(  0.021888  0.000000  0.077474 -0.000000 -0.269217  0.000000 )
( -0.021888  0.000000  0.077474  0.000000  0.269217 -0.000000 )
(  0.021888  0.000000  0.077474 -0.000000  0.269217 -0.000000 )
( -0.021888 -0.000000  0.077474 -0.000000 -0.269217  0.000000 )
     freq (  43) =       3.352392 [THz] =     111.823773 [cm-1]
(  0.000000  0.000000 -0.000000 -0.000000  0.291091  0.000000 )
( -0.000000 -0.000000 -0.000000  0.000000 -0.291091  0.000000 )
(  0.000000  0.000000  0.000000  0.000000  0.000000  0.000000 )
(  0.000000 -0.000000  0.000000  0.000000  0.000000  0.000000 )
( -0.000000  0.000000  0.023218 -0.000000  0.000000 -0.000000 )
(  0.000000 -0.000000 -0.023218  0.000000  0.000000  0.000000 )
( -0.000000  0.000000 -0.000000 -0.000000  0.000000 -0.000000 )
(  0.000000 -0.000000 -0.026787  0.000000 -0.000000  0.000000 )
(  0.000000 -0.000000  0.026787  0.000000 -0.000000 -0.000000 )
( -0.000000 -0.000000 -0.000000 -0.000000  0.000000 -0.000000 )
( -0.000000  0.000000  0.026787 -0.000000 -0.000000 -0.000000 )
(  0.000000 -0.000000  0.023218 -0.000000  0.000000 -0.000000 )
( -0.000000 -0.000000 -0.204321  0.000000  0.000000 -0.000000 )
( -0.000000 -0.000000 -0.023218  0.000000  0.000000  0.000000 )
( -0.000000  0.000000 -0.026787  0.000000 -0.000000  0.000000 )
(  0.000000 -0.000000  0.204321 -0.000000  0.000000  0.000000 )
( -0.000000 -0.000000  0.000000  0.000000 -0.000000  0.000000 )
( -0.000000  0.000000 -0.066677 -0.000000  0.266628 -0.000000 )
( -0.000000 -0.000000  0.066677 -0.000000  0.266628 -0.000000 )
(  0.000000 -0.000000  0.075086 -0.000000  0.280454 -0.000000 )
(  0.000000 -0.000000 -0.075086  0.000000  0.280454 -0.000000 )
( -0.000000 -0.000000  0.000000 -0.000000 -0.000000  0.000000 )
( -0.000000  0.000000  0.075086 -0.000000 -0.280454  0.000000 )
( -0.000000  0.000000 -0.075086  0.000000 -0.280454  0.000000 )
( -0.000000 -0.000000 -0.066677 -0.000000 -0.266628  0.000000 )
( -0.000000  0.000000  0.066677  0.000000 -0.266628  0.000000 )
( -0.000000  0.000000  0.173977 -0.000000  0.000000 -0.000000 )
(  0.001407 -0.000000  0.072409 -0.000000 -0.004995 -0.000000 )
(  0.001407 -0.000000 -0.072409  0.000000 -0.004995 -0.000000 )
(  0.001407 -0.000000  0.072409 -0.000000  0.004995  0.000000 )
(  0.001407  0.000000 -0.072409  0.000000  0.004995  0.000000 )
(  0.000000  0.000000 -0.173977  0.000000 -0.000000  0.000000 )
( -0.001407 -0.000000  0.072409 -0.000000 -0.004995 -0.000000 )
( -0.001407  0.000000 -0.072409  0.000000 -0.004995 -0.000000 )
( -0.001407  0.000000  0.072409 -0.000000  0.004995 -0.000000 )
( -0.001407 -0.000000 -0.072409  0.000000  0.004995  0.000000 )
     freq (  44) =       3.441035 [THz] =     114.780561 [cm-1]
( -0.000000  0.000000 -0.000000  0.000000  0.000000  0.000000 )
( -0.000000 -0.000000  0.000000  0.000000  0.000000  0.000000 )
(  0.000000 -0.000000  0.000000 -0.000000  0.268871 -0.000000 )
( -0.000000  0.000000 -0.000000 -0.000000 -0.268871  0.000000 )
( -0.135472  0.000000  0.000000 -0.000000  0.049203 -0.000000 )
(  0.135472  0.000000  0.000000 -0.000000  0.049203 -0.000000 )
(  0.000000 -0.000000  0.000000 -0.000000 -0.215066  0.000000 )
( -0.102058  0.000000  0.000000 -0.000000  0.023898  0.000000 )
(  0.102058 -0.000000 -0.000000  0.000000  0.023898  0.000000 )
(  0.000000 -0.000000  0.000000 -0.000000  0.215066 -0.000000 )
(  0.102058 -0.000000  0.000000  0.000000 -0.023898  0.000000 )
( -0.135472 -0.000000  0.000000 -0.000000 -0.049203 -0.000000 )
( -0.061154  0.000000 -0.000000 -0.000000 -0.000000 -0.000000 )
(  0.135472 -0.000000 -0.000000 -0.000000 -0.049203 -0.000000 )
( -0.102058  0.000000 -0.000000  0.000000 -0.023898  0.000000 )
(  0.061154 -0.000000  0.000000 -0.000000 -0.000000 -0.000000 )
(  0.000000 -0.000000 -0.000000  0.000000  0.000000  0.000000 )
( -0.100865 -0.000000 -0.000000 -0.000000  0.000000 -0.000000 )
(  0.100865 -0.000000 -0.000000 -0.000000 -0.000000 -0.000000 )
( -0.142045  0.000000 -0.000000 -0.000000 -0.000000  0.000000 )
(  0.142045 -0.000000  0.000000  0.000000  0.000000  0.000000 )
(  0.000000 -0.000000 -0.000000  0.000000 -0.000000  0.000000 )
( -0.142045  0.000000 -0.000000  0.000000 -0.000000  0.000000 )
(  0.142045 -0.000000 -0.000000 -0.000000  0.000000  0.000000 )
( -0.100865 -0.000000 -0.000000 -0.000000  0.000000 -0.000000 )
(  0.100865 -0.000000  0.000000 -0.000000 -0.000000 -0.000000 )
( -0.113988  0.000000 -0.000000 -0.000000 -0.295177  0.000000 )
(  0.040536 -0.000000  0.184957 -0.000000 -0.049902  0.000000 )
( -0.040536 -0.000000  0.184957 -0.000000  0.049902 -0.000000 )
(  0.040536  0.000000  0.184957 -0.000000  0.049902 -0.000000 )
( -0.040536  0.000000  0.184957 -0.000000 -0.049902  0.000000 )
(  0.113988 -0.000000  0.000000 -0.000000 -0.295177  0.000000 )
(  0.040536 -0.000000 -0.184957  0.000000  0.049902  0.000000 )
( -0.040536  0.000000 -0.184957  0.000000 -0.049902 -0.000000 )
(  0.040536 -0.000000 -0.184957  0.000000 -0.049902 -0.000000 )
( -0.040536  0.000000 -0.184957  0.000000  0.049902  0.000000 )
     freq (  45) =       3.494386 [THz] =     116.560169 [cm-1]
(  0.000000 -0.000000 -0.020876  0.000000 -0.000000 -0.000000 )
( -0.000000 -0.000000  0.020876 -0.000000 -0.000000  0.000000 )
(  0.003726 -0.000000 -0.000000  0.000000  0.000000  0.000000 )
( -0.003726 -0.000000  0.000000  0.000000 -0.000000  0.000000 )
( -0.062100 -0.000000 -0.000000 -0.000000  0.171599 -0.000000 )
( -0.062100 -0.000000 -0.000000  0.000000 -0.171599 -0.000000 )
(  0.004546 -0.000000  0.000000 -0.000000 -0.000000  0.000000 )
(  0.063324  0.000000  0.000000  0.000000 -0.166565 -0.000000 )
(  0.063324 -0.000000  0.000000 -0.000000  0.166565 -0.000000 )
( -0.004546 -0.000000  0.000000 -0.000000  0.000000  0.000000 )
( -0.063324  0.000000 -0.000000  0.000000  0.166565 -0.000000 )
(  0.062100  0.000000  0.000000  0.000000  0.171599 -0.000000 )
( -0.000000  0.000000  0.000000  0.000000 -0.019465  0.000000 )
(  0.062100  0.000000 -0.000000 -0.000000 -0.171599 -0.000000 )
( -0.063324 -0.000000 -0.000000 -0.000000 -0.166565 -0.000000 )
(  0.000000  0.000000 -0.000000 -0.000000  0.019465  0.000000 )
( -0.000000 -0.000000  0.000000  0.000000 -0.000000  0.000000 )
( -0.000000 -0.000000  0.010201 -0.000000 -0.099377 -0.000000 )
(  0.000000 -0.000000  0.010201 -0.000000  0.099377  0.000000 )
( -0.000000  0.000000  0.008483 -0.000000  0.097537 -0.000000 )
(  0.000000  0.000000  0.008483 -0.000000 -0.097537 -0.000000 )
( -0.000000 -0.000000 -0.000000  0.000000  0.000000 -0.000000 )
(  0.000000  0.000000 -0.008483 -0.000000  0.097537  0.000000 )
(  0.000000 -0.000000 -0.008483  0.000000 -0.097537  0.000000 )
(  0.000000 -0.000000 -0.010201  0.000000 -0.099377  0.000000 )
(  0.000000 -0.000000 -0.010201 -0.000000  0.099377  0.000000 )
( -0.021143  0.000000  0.000000 -0.000000  0.522242  0.000000 )
( -0.009700  0.000000  0.079585 -0.000000  0.088051 -0.000000 )
(  0.009700 -0.000000  0.079585  0.000000 -0.088051 -0.000000 )
(  0.009700 -0.000000 -0.079585  0.000000  0.088051 -0.000000 )
( -0.009700 -0.000000 -0.079585  0.000000 -0.088051 -0.000000 )
( -0.021143 -0.000000  0.000000  0.000000 -0.522242  0.000000 )
(  0.009700 -0.000000  0.079585 -0.000000  0.088051  0.000000 )
( -0.009700 -0.000000  0.079585 -0.000000 -0.088051 -0.000000 )
( -0.009700  0.000000 -0.079585  0.000000  0.088051  0.000000 )
(  0.009700  0.000000 -0.079585  0.000000 -0.088051  0.000000 )
     freq (  46) =       3.541624 [THz] =     118.135846 [cm-1]
( -0.000000  0.000000 -0.000000 -0.000000  0.239420 -0.000000 )
(  0.000000 -0.000000  0.000000 -0.000000  0.239420 -0.000000 )
(  0.000000 -0.000000  0.009688 -0.000000 -0.000000 -0.000000 )
(  0.000000  0.000000  0.009688 -0.000000 -0.000000 -0.000000 )
(  0.110355 -0.000000  0.000000 -0.000000 -0.027549 -0.000000 )
( -0.110355  0.000000 -0.000000 -0.000000 -0.027549 -0.000000 )
(  0.000000  0.000000  0.000000  0.000000  0.025876 -0.000000 )
(  0.110935 -0.000000 -0.000000 -0.000000 -0.102806 -0.000000 )
( -0.110935  0.000000 -0.000000 -0.000000 -0.102806  0.000000 )
(  0.000000  0.000000  0.000000  0.000000  0.025876 -0.000000 )
(  0.110935 -0.000000  0.000000 -0.000000 -0.102806  0.000000 )
( -0.110355  0.000000 -0.000000  0.000000 -0.027549  0.000000 )
( -0.000000  0.000000  0.000000 -0.000000 -0.172108  0.000000 )
(  0.110355 -0.000000 -0.000000  0.000000 -0.027549 -0.000000 )
( -0.110935  0.000000  0.000000  0.000000 -0.102806 -0.000000 )
(  0.000000 -0.000000  0.000000  0.000000 -0.172108  0.000000 )
(  0.000000  0.000000 -0.000000 -0.000000  0.255484  0.000000 )
(  0.000000  0.000000  0.167949 -0.000000 -0.001980 -0.000000 )
( -0.000000  0.000000 -0.167949  0.000000 -0.001980  0.000000 )
(  0.000000 -0.000000 -0.117155  0.000000 -0.092643  0.000000 )
(  0.000000 -0.000000  0.117155 -0.000000 -0.092643 -0.000000 )
(  0.000000  0.000000  0.000000  0.000000 -0.459247  0.000000 )
( -0.000000  0.000000  0.117155 -0.000000 -0.092643  0.000000 )
( -0.000000  0.000000 -0.117155  0.000000 -0.092643  0.000000 )
( -0.000000  0.000000 -0.167949  0.000000 -0.001980 -0.000000 )
( -0.000000 -0.000000  0.167949 -0.000000 -0.001980  0.000000 )
( -0.000000  0.000000 -0.000000 -0.000000  0.000000  0.000000 )
(  0.153672 -0.000000 -0.035806  0.000000  0.022088  0.000000 )
(  0.153672 -0.000000  0.035806 -0.000000  0.022088  0.000000 )
( -0.153672  0.000000  0.035806 -0.000000  0.022088  0.000000 )
( -0.153672  0.000000 -0.035806  0.000000  0.022088  0.000000 )
(  0.000000 -0.000000 -0.000000 -0.000000 -0.000000 -0.000000 )
( -0.153672 -0.000000 -0.035806  0.000000  0.022088 -0.000000 )
( -0.153672 -0.000000  0.035806  0.000000  0.022088 -0.000000 )
(  0.153672  0.000000  0.035806  0.000000  0.022088 -0.000000 )
(  0.153672  0.000000 -0.035806 -0.000000  0.022088 -0.000000 )
     freq (  47) =       3.585729 [THz] =     119.607034 [cm-1]
( -0.047269  0.000000  0.000000  0.000000 -0.000000  0.000000 )
(  0.047269 -0.000000  0.000000  0.000000 -0.000000  0.000000 )
(  0.000000  0.000000  0.028705 -0.000000  0.000000 -0.000000 )
(  0.000000  0.000000 -0.028705 -0.000000  0.000000 -0.000000 )
( -0.000000  0.000000 -0.049450 -0.000000  0.000000 -0.000000 )
(  0.000000 -0.000000 -0.049450 -0.000000 -0.000000  0.000000 )
( -0.000000  0.000000 -0.015938  0.000000 -0.000000  0.000000 )
(  0.000000  0.000000 -0.083506  0.000000  0.000000 -0.000000 )
(  0.000000 -0.000000 -0.083506  0.000000  0.000000 -0.000000 )
( -0.000000  0.000000  0.015938  0.000000  0.000000  0.000000 )
( -0.000000  0.000000  0.083506 -0.000000  0.000000 -0.000000 )
( -0.000000 -0.000000  0.049450  0.000000  0.000000 -0.000000 )
( -0.000000 -0.000000 -0.000000 -0.000000  0.000000 -0.000000 )
( -0.000000  0.000000  0.049450  0.000000 -0.000000 -0.000000 )
( -0.000000 -0.000000  0.083506 -0.000000 -0.000000 -0.000000 )
(  0.000000  0.000000  0.000000  0.000000 -0.000000 -0.000000 )
(  0.000000  0.000000  0.000000 -0.000000 -0.000000  0.000000 )
(  0.130906 -0.000000  0.000000  0.000000  0.000000  0.000000 )
(  0.130906 -0.000000  0.000000 -0.000000  0.000000 -0.000000 )
( -0.050426 -0.000000 -0.000000 -0.000000  0.000000 -0.000000 )
( -0.050426 -0.000000 -0.000000  0.000000  0.000000  0.000000 )
( -0.000000  0.000000  0.000000 -0.000000  0.000000 -0.000000 )
(  0.050426  0.000000  0.000000  0.000000  0.000000 -0.000000 )
(  0.050426  0.000000  0.000000 -0.000000 -0.000000 -0.000000 )
( -0.130906  0.000000  0.000000 -0.000000 -0.000000 -0.000000 )
( -0.130906  0.000000 -0.000000  0.000000 -0.000000  0.000000 )
( -0.000000 -0.000000 -0.120275  0.000000  0.000000 -0.000000 )
(  0.050359 -0.000000  0.176997 -0.000000  0.268594  0.000000 )
(  0.050359 -0.000000 -0.176997  0.000000  0.268594  0.000000 )
( -0.050359  0.000000 -0.176997 -0.000000  0.268594  0.000000 )
( -0.050359  0.000000  0.176997  0.000000  0.268594  0.000000 )
(  0.000000  0.000000 -0.120275 -0.000000 -0.000000 -0.000000 )
(  0.050359 -0.000000 -0.176997 -0.000000 -0.268594 -0.000000 )
(  0.050359 -0.000000  0.176997  0.000000 -0.268594  0.000000 )
( -0.050359  0.000000  0.176997  0.000000 -0.268594 -0.000000 )
( -0.050359  0.000000 -0.176997 -0.000000 -0.268594 -0.000000 )
     freq (  48) =       3.626922 [THz] =     120.981093 [cm-1]
( -0.000000 -0.000000  0.000000 -0.000000 -0.000000  0.000000 )
(  0.000000  0.000000  0.000000 -0.000000 -0.000000 -0.000000 )
(  0.231829 -0.000000  0.000000  0.000000  0.000000 -0.000000 )
(  0.231829 -0.000000 -0.000000 -0.000000 -0.000000 -0.000000 )
( -0.000000 -0.000000  0.094276 -0.000000  0.000000 -0.000000 )
(  0.000000  0.000000 -0.094276  0.000000  0.000000  0.000000 )
( -0.000000 -0.000000 -0.000000 -0.000000 -0.000000  0.000000 )
( -0.000000 -0.000000 -0.081512 -0.000000  0.000000  0.000000 )
(  0.000000 -0.000000  0.081512 -0.000000  0.000000 -0.000000 )
( -0.000000 -0.000000  0.000000  0.000000  0.000000 -0.000000 )
( -0.000000  0.000000 -0.081512  0.000000  0.000000 -0.000000 )
(  0.000000 -0.000000 -0.094276 -0.000000  0.000000 -0.000000 )
( -0.000000  0.000000  0.000000  0.000000  0.000000  0.000000 )
( -0.000000  0.000000  0.094276 -0.000000  0.000000  0.000000 )
(  0.000000  0.000000  0.081512 -0.000000  0.000000  0.000000 )
(  0.000000 -0.000000 -0.000000  0.000000  0.000000 -0.000000 )
( -0.000000 -0.000000  0.000000 -0.000000 -0.000000 -0.000000 )
(  0.235629 -0.000000  0.000000 -0.000000  0.000000 -0.000000 )
( -0.235629  0.000000  0.000000 -0.000000 -0.000000  0.000000 )
(  0.259890  0.000000  0.000000 -0.000000 -0.000000  0.000000 )
( -0.259890  0.000000  0.000000 -0.000000  0.000000 -0.000000 )
(  0.000000 -0.000000 -0.000000  0.000000  0.000000 -0.000000 )
( -0.259890  0.000000 -0.000000 -0.000000  0.000000 -0.000000 )
(  0.259890 -0.000000  0.000000 -0.000000 -0.000000  0.000000 )
( -0.235629  0.000000  0.000000 -0.000000 -0.000000  0.000000 )
(  0.235629 -0.000000  0.000000 -0.000000  0.000000 -0.000000 )
( -0.000000  0.000000 -0.000000 -0.000000  0.000000 -0.000000 )
( -0.204295  0.000000  0.022998 -0.000000  0.000594 -0.000000 )
(  0.204295  0.000000  0.022998 -0.000000 -0.000594 -0.000000 )
(  0.204295 -0.000000 -0.022998  0.000000  0.000594 -0.000000 )
( -0.204295 -0.000000 -0.022998 -0.000000 -0.000594 -0.000000 )
(  0.000000 -0.000000 -0.000000 -0.000000 -0.000000  0.000000 )
( -0.204295  0.000000 -0.022998  0.000000 -0.000594  0.000000 )
(  0.204295  0.000000 -0.022998 -0.000000  0.000594  0.000000 )
(  0.204295 -0.000000  0.022998 -0.000000 -0.000594  0.000000 )
( -0.204295 -0.000000  0.022998  0.000000  0.000594  0.000000 )
     freq (  49) =       3.638390 [THz] =     121.363627 [cm-1]
( -0.223121 -0.000000 -0.000000  0.000000 -0.000000 -0.000000 )
(  0.223121  0.000000 -0.000000  0.000000 -0.000000 -0.000000 )
( -0.000000  0.000000  0.041477 -0.000000 -0.000000 -0.000000 )
( -0.000000  0.000000 -0.041477 -0.000000 -0.000000  0.000000 )
( -0.000000 -0.000000  0.088525  0.000000  0.000000 -0.000000 )
(  0.000000  0.000000  0.088525  0.000000 -0.000000 -0.000000 )
(  0.000000  0.000000 -0.012583  0.000000  0.000000  0.000000 )
( -0.000000 -0.000000 -0.076269 -0.000000  0.000000  0.000000 )
(  0.000000  0.000000 -0.076269  0.000000  0.000000  0.000000 )
( -0.000000  0.000000  0.012583 -0.000000 -0.000000  0.000000 )
( -0.000000 -0.000000  0.076269  0.000000  0.000000  0.000000 )
(  0.000000  0.000000 -0.088525 -0.000000  0.000000 -0.000000 )
( -0.000000  0.000000  0.000000 -0.000000  0.000000  0.000000 )
( -0.000000 -0.000000 -0.088525  0.000000 -0.000000 -0.000000 )
(  0.000000  0.000000  0.076269  0.000000  0.000000  0.000000 )
(  0.000000 -0.000000  0.000000 -0.000000  0.000000  0.000000 )
(  0.000000 -0.000000 -0.000000 -0.000000 -0.000000  0.000000 )
(  0.122300  0.000000 -0.000000  0.000000 -0.000000  0.000000 )
(  0.122300 -0.000000 -0.000000  0.000000  0.000000 -0.000000 )
(  0.246858  0.000000 -0.000000  0.000000  0.000000 -0.000000 )
(  0.246858 -0.000000 -0.000000  0.000000 -0.000000  0.000000 )
(  0.000000  0.000000  0.000000 -0.000000  0.000000  0.000000 )
( -0.246858 -0.000000 -0.000000  0.000000 -0.000000  0.000000 )
( -0.246858  0.000000 -0.000000  0.000000  0.000000 -0.000000 )
( -0.122300 -0.000000  0.000000  0.000000  0.000000 -0.000000 )
( -0.122300  0.000000 -0.000000  0.000000 -0.000000  0.000000 )
( -0.000000  0.000000 -0.033956  0.000000  0.000000  0.000000 )
(  0.250362 -0.000000 -0.055364 -0.000000 -0.035707 -0.000000 )
(  0.250362  0.000000  0.055364  0.000000 -0.035707 -0.000000 )
( -0.250362  0.000000  0.055364  0.000000 -0.035707 -0.000000 )
( -0.250362 -0.000000 -0.055364 -0.000000 -0.035707 -0.000000 )
(  0.000000 -0.000000 -0.033956  0.000000 -0.000000  0.000000 )
(  0.250362 -0.000000  0.055364  0.000000  0.035707  0.000000 )
(  0.250362  0.000000 -0.055364 -0.000000  0.035707  0.000000 )
( -0.250362  0.000000 -0.055364 -0.000000  0.035707  0.000000 )
( -0.250362 -0.000000  0.055364  0.000000  0.035707  0.000000 )
     freq (  50) =       3.669165 [THz] =     122.390158 [cm-1]
(  0.000000  0.000000 -0.066541 -0.000000 -0.000000  0.000000 )
( -0.000000 -0.000000 -0.066541 -0.000000 -0.000000  0.000000 )
(  0.000000  0.000000 -0.000000 -0.000000 -0.025039  0.000000 )
(  0.000000  0.000000  0.000000  0.000000 -0.025039  0.000000 )
( -0.000000  0.000000 -0.076050 -0.000000  0.000000  0.000000 )
(  0.000000 -0.000000 -0.076050 -0.000000 -0.000000 -0.000000 )
(  0.000000  0.000000  0.020820 -0.000000 -0.000000 -0.000000 )
( -0.000000  0.000000 -0.071927  0.000000  0.000000 -0.000000 )
(  0.000000 -0.000000 -0.071927  0.000000  0.000000 -0.000000 )
(  0.000000 -0.000000  0.020820 -0.000000  0.000000  0.000000 )
( -0.000000  0.000000 -0.071927 -0.000000  0.000000 -0.000000 )
(  0.000000 -0.000000 -0.076050  0.000000  0.000000  0.000000 )
(  0.000000 -0.000000  0.033362  0.000000  0.000000 -0.000000 )
( -0.000000  0.000000 -0.076050  0.000000  0.000000 -0.000000 )
(  0.000000 -0.000000 -0.071927 -0.000000  0.000000 -0.000000 )
( -0.000000  0.000000  0.033362 -0.000000  0.000000 -0.000000 )
(  0.000000 -0.000000 -0.145646  0.000000 -0.000000  0.000000 )
(  0.000000 -0.000000 -0.158296  0.000000 -0.257749  0.000000 )
( -0.000000 -0.000000 -0.158296 -0.000000  0.257749 -0.000000 )
( -0.000000 -0.000000 -0.154887  0.000000  0.318878 -0.000000 )
( -0.000000 -0.000000 -0.154887  0.000000 -0.318878  0.000000 )
(  0.000000 -0.000000  0.137092 -0.000000  0.000000 -0.000000 )
(  0.000000  0.000000 -0.154887 -0.000000 -0.318878  0.000000 )
(  0.000000  0.000000 -0.154887  0.000000  0.318878 -0.000000 )
( -0.000000  0.000000 -0.158296 -0.000000  0.257749 -0.000000 )
(  0.000000  0.000000 -0.158296  0.000000 -0.257749  0.000000 )
(  0.000000 -0.000000 -0.000000  0.000000  0.000000  0.000000 )
(  0.058982 -0.000000  0.017110  0.000000 -0.022715  0.000000 )
( -0.058982 -0.000000  0.017110 -0.000000  0.022715 -0.000000 )
(  0.058982  0.000000  0.017110  0.000000  0.022715  0.000000 )
( -0.058982  0.000000  0.017110  0.000000 -0.022715  0.000000 )
( -0.000000  0.000000  0.000000  0.000000  0.000000 -0.000000 )
( -0.058982 -0.000000  0.017110 -0.000000 -0.022715  0.000000 )
(  0.058982 -0.000000  0.017110  0.000000  0.022715 -0.000000 )
( -0.058982  0.000000  0.017110  0.000000  0.022715 -0.000000 )
(  0.058982  0.000000  0.017110 -0.000000 -0.022715  0.000000 )
     freq (  51) =       3.775076 [THz] =     125.922975 [cm-1]
( -0.000000  0.000000  0.000000  0.000000  0.032735 -0.000000 )
(  0.000000 -0.000000  0.000000  0.000000  0.032735 -0.000000 )
( -0.000000 -0.000000  0.020126 -0.000000  0.000000  0.000000 )
( -0.000000  0.000000  0.020126  0.000000 -0.000000 -0.000000 )
( -0.003512 -0.000000 -0.000000 -0.000000  0.199850 -0.000000 )
(  0.003512  0.000000  0.000000 -0.000000  0.199850 -0.000000 )
(  0.000000  0.000000 -0.000000  0.000000 -0.003590 -0.000000 )
(  0.029600 -0.000000  0.000000  0.000000  0.042658 -0.000000 )
( -0.029600  0.000000  0.000000  0.000000  0.042658 -0.000000 )
(  0.000000 -0.000000  0.000000 -0.000000 -0.003590  0.000000 )
(  0.029600  0.000000  0.000000 -0.000000  0.042658  0.000000 )
(  0.003512 -0.000000  0.000000  0.000000  0.199850  0.000000 )
(  0.000000  0.000000 -0.000000 -0.000000 -0.136577  0.000000 )
( -0.003512  0.000000 -0.000000  0.000000  0.199850  0.000000 )
( -0.029600 -0.000000 -0.000000 -0.000000  0.042658  0.000000 )
( -0.000000  0.000000  0.000000 -0.000000 -0.136577  0.000000 )
(  0.000000 -0.000000  0.000000  0.000000 -0.597178  0.000000 )
(  0.000000  0.000000  0.240858 -0.000000  0.079313 -0.000000 )
( -0.000000 -0.000000 -0.240858  0.000000  0.079313  0.000000 )
(  0.000000  0.000000 -0.096523 -0.000000 -0.071022  0.000000 )
( -0.000000 -0.000000  0.096523 -0.000000 -0.071022  0.000000 )
(  0.000000  0.000000 -0.000000 -0.000000  0.058853  0.000000 )
(  0.000000  0.000000  0.096523 -0.000000 -0.071022  0.000000 )
( -0.000000 -0.000000 -0.096523  0.000000 -0.071022  0.000000 )
(  0.000000  0.000000 -0.240858  0.000000  0.079313 -0.000000 )
( -0.000000 -0.000000  0.240858 -0.000000  0.079313 -0.000000 )
(  0.000000  0.000000  0.000000  0.000000  0.000000  0.000000 )
( -0.080972 -0.000000  0.013486  0.000000  0.086943 -0.000000 )
( -0.080972 -0.000000 -0.013486  0.000000  0.086943 -0.000000 )
(  0.080972 -0.000000 -0.013486  0.000000  0.086943 -0.000000 )
(  0.080972  0.000000  0.013486  0.000000  0.086943  0.000000 )
( -0.000000  0.000000 -0.000000  0.000000  0.000000  0.000000 )
(  0.080972 -0.000000  0.013486 -0.000000  0.086943 -0.000000 )
(  0.080972  0.000000 -0.013486 -0.000000  0.086943  0.000000 )
( -0.080972 -0.000000 -0.013486 -0.000000  0.086943 -0.000000 )
( -0.080972  0.000000  0.013486 -0.000000  0.086943 -0.000000 )
     freq (  52) =       3.792822 [THz] =     126.514911 [cm-1]
(  0.000000  0.000000  0.000000  0.000000  0.000000 -0.000000 )
(  0.000000 -0.000000  0.000000  0.000000  0.000000 -0.000000 )
( -0.000000 -0.000000 -0.000000 -0.000000 -0.026377  0.000000 )
(  0.000000  0.000000  0.000000 -0.000000  0.026377 -0.000000 )
(  0.013263 -0.000000  0.000000  0.000000  0.147466 -0.000000 )
( -0.013263 -0.000000  0.000000  0.000000  0.147466 -0.000000 )
(  0.000000 -0.000000  0.000000  0.000000  0.151264  0.000000 )
(  0.016952 -0.000000  0.000000  0.000000  0.124318 -0.000000 )
( -0.016952  0.000000  0.000000  0.000000  0.124318 -0.000000 )
( -0.000000 -0.000000 -0.000000  0.000000 -0.151264  0.000000 )
( -0.016952 -0.000000 -0.000000  0.000000 -0.124318 -0.000000 )
(  0.013263 -0.000000 -0.000000  0.000000 -0.147466 -0.000000 )
( -0.006866 -0.000000 -0.000000 -0.000000 -0.000000  0.000000 )
( -0.013263  0.000000 -0.000000  0.000000 -0.147466 -0.000000 )
(  0.016952  0.000000 -0.000000  0.000000 -0.124318 -0.000000 )
(  0.006866  0.000000 -0.000000 -0.000000 -0.000000  0.000000 )
( -0.000000 -0.000000  0.000000  0.000000 -0.000000  0.000000 )
( -0.117178  0.000000  0.000000 -0.000000  0.000000 -0.000000 )
(  0.117178 -0.000000 -0.000000  0.000000  0.000000 -0.000000 )
( -0.096630  0.000000 -0.000000  0.000000 -0.000000  0.000000 )
(  0.096630 -0.000000 -0.000000 -0.000000 -0.000000  0.000000 )
(  0.000000 -0.000000 -0.000000 -0.000000 -0.000000 -0.000000 )
( -0.096630  0.000000  0.000000 -0.000000 -0.000000  0.000000 )
(  0.096630  0.000000 -0.000000  0.000000 -0.000000  0.000000 )
( -0.117178 -0.000000 -0.000000  0.000000  0.000000 -0.000000 )
(  0.117178 -0.000000  0.000000 -0.000000  0.000000 -0.000000 )
( -0.009462 -0.000000  0.000000  0.000000 -0.416116  0.000000 )
(  0.012655  0.000000 -0.211237 -0.000000 -0.025223 -0.000000 )
( -0.012655  0.000000 -0.211237  0.000000  0.025223 -0.000000 )
(  0.012655 -0.000000 -0.211237  0.000000  0.025223 -0.000000 )
( -0.012655 -0.000000 -0.211237 -0.000000 -0.025223 -0.000000 )
(  0.009462  0.000000  0.000000 -0.000000 -0.416116  0.000000 )
(  0.012655 -0.000000  0.211237 -0.000000  0.025223 -0.000000 )
( -0.012655 -0.000000  0.211237  0.000000 -0.025223 -0.000000 )
(  0.012655  0.000000  0.211237  0.000000 -0.025223 -0.000000 )
( -0.012655  0.000000  0.211237 -0.000000  0.025223 -0.000000 )
     freq (  53) =       3.818246 [THz] =     127.362979 [cm-1]
(  0.034414  0.000000 -0.000000  0.000000 -0.000000 -0.000000 )
( -0.034414 -0.000000 -0.000000  0.000000  0.000000 -0.000000 )
( -0.000000  0.000000  0.243540 -0.000000  0.000000 -0.000000 )
( -0.000000  0.000000 -0.243540 -0.000000  0.000000 -0.000000 )
( -0.000000  0.000000 -0.053628 -0.000000  0.000000 -0.000000 )
(  0.000000 -0.000000 -0.053628 -0.000000  0.000000 -0.000000 )
( -0.000000 -0.000000 -0.111540  0.000000  0.000000 -0.000000 )
(  0.000000  0.000000 -0.018641  0.000000  0.000000 -0.000000 )
(  0.000000  0.000000 -0.018641  0.000000  0.000000 -0.000000 )
( -0.000000 -0.000000  0.111540  0.000000 -0.000000  0.000000 )
( -0.000000  0.000000  0.018641  0.000000 -0.000000 -0.000000 )
(  0.000000 -0.000000  0.053628  0.000000 -0.000000 -0.000000 )
(  0.000000 -0.000000  0.000000 -0.000000  0.000000  0.000000 )
( -0.000000  0.000000  0.053628  0.000000 -0.000000 -0.000000 )
(  0.000000  0.000000  0.018641  0.000000 -0.000000 -0.000000 )
(  0.000000  0.000000  0.000000 -0.000000  0.000000  0.000000 )
( -0.000000 -0.000000 -0.000000  0.000000  0.000000  0.000000 )
( -0.286299  0.000000  0.000000 -0.000000 -0.000000  0.000000 )
( -0.286299 -0.000000  0.000000 -0.000000 -0.000000 -0.000000 )
(  0.216501 -0.000000  0.000000 -0.000000  0.000000  0.000000 )
(  0.216501 -0.000000  0.000000 -0.000000 -0.000000  0.000000 )
( -0.000000 -0.000000  0.000000 -0.000000  0.000000 -0.000000 )
( -0.216501  0.000000  0.000000 -0.000000 -0.000000  0.000000 )
( -0.216501  0.000000  0.000000 -0.000000  0.000000  0.000000 )
(  0.286299  0.000000  0.000000 -0.000000  0.000000 -0.000000 )
(  0.286299  0.000000 -0.000000 -0.000000 -0.000000 -0.000000 )
( -0.000000 -0.000000 -0.236661 -0.000000 -0.000000  0.000000 )
( -0.046238  0.000000 -0.098049  0.000000  0.122395 -0.000000 )
( -0.046238 -0.000000  0.098049 -0.000000  0.122395 -0.000000 )
(  0.046238  0.000000  0.098049  0.000000  0.122395  0.000000 )
(  0.046238 -0.000000 -0.098049  0.000000  0.122395 -0.000000 )
(  0.000000  0.000000 -0.236661  0.000000 -0.000000  0.000000 )
( -0.046238 -0.000000  0.098049 -0.000000 -0.122395 -0.000000 )
( -0.046238  0.000000 -0.098049  0.000000 -0.122395 -0.000000 )
(  0.046238 -0.000000 -0.098049  0.000000 -0.122395 -0.000000 )
(  0.046238  0.000000  0.098049 -0.000000 -0.122395 -0.000000 )
     freq (  54) =       3.839002 [THz] =     128.055333 [cm-1]
(  0.000000 -0.000000  0.238097  0.000000 -0.000000 -0.000000 )
( -0.000000  0.000000  0.238097  0.000000 -0.000000 -0.000000 )
( -0.000000 -0.000000  0.000000  0.000000 -0.003580  0.000000 )
( -0.000000 -0.000000 -0.000000 -0.000000 -0.003580  0.000000 )
( -0.000000 -0.000000  0.025710 -0.000000 -0.000000  0.000000 )
(  0.000000  0.000000  0.025710  0.000000 -0.000000  0.000000 )
( -0.000000  0.000000  0.017437 -0.000000 -0.000000  0.000000 )
( -0.000000 -0.000000  0.023101 -0.000000 -0.000000  0.000000 )
( -0.000000 -0.000000  0.023101 -0.000000 -0.000000  0.000000 )
( -0.000000 -0.000000  0.017437  0.000000  0.000000 -0.000000 )
(  0.000000  0.000000  0.023101  0.000000  0.000000 -0.000000 )
( -0.000000  0.000000  0.025710  0.000000  0.000000 -0.000000 )
( -0.000000 -0.000000 -0.110186 -0.000000  0.000000 -0.000000 )
( -0.000000 -0.000000  0.025710  0.000000  0.000000 -0.000000 )
( -0.000000  0.000000  0.023101  0.000000  0.000000 -0.000000 )
( -0.000000  0.000000 -0.110186 -0.000000  0.000000 -0.000000 )
(  0.000000  0.000000  0.200246  0.000000 -0.000000 -0.000000 )
( -0.000000 -0.000000 -0.118805 -0.000000  0.093316  0.000000 )
( -0.000000 -0.000000 -0.118805 -0.000000 -0.093316 -0.000000 )
(  0.000000  0.000000 -0.140986 -0.000000 -0.068311 -0.000000 )
(  0.000000  0.000000 -0.140986  0.000000  0.068311 -0.000000 )
( -0.000000  0.000000 -0.206107 -0.000000 -0.000000  0.000000 )
( -0.000000 -0.000000 -0.140986 -0.000000  0.068311  0.000000 )
( -0.000000 -0.000000 -0.140986 -0.000000 -0.068311 -0.000000 )
(  0.000000  0.000000 -0.118805  0.000000 -0.093316  0.000000 )
(  0.000000  0.000000 -0.118805 -0.000000  0.093316  0.000000 )
(  0.000000 -0.000000 -0.000000 -0.000000  0.000000 -0.000000 )
(  0.269883  0.000000  0.003774 -0.000000 -0.016101  0.000000 )
( -0.269883  0.000000  0.003774 -0.000000  0.016101  0.000000 )
(  0.269883  0.000000  0.003774  0.000000  0.016101  0.000000 )
( -0.269883 -0.000000  0.003774 -0.000000 -0.016101  0.000000 )
(  0.000000  0.000000 -0.000000 -0.000000  0.000000 -0.000000 )
( -0.269883  0.000000  0.003774  0.000000 -0.016101 -0.000000 )
(  0.269883  0.000000  0.003774 -0.000000  0.016101 -0.000000 )
( -0.269883 -0.000000  0.003774 -0.000000  0.016101 -0.000000 )
(  0.269883  0.000000  0.003774  0.000000 -0.016101 -0.000000 )
     freq (  55) =       4.021613 [THz] =     134.146577 [cm-1]
(  0.058267 -0.000000  0.000000  0.000000  0.000000 -0.000000 )
(  0.058267 -0.000000  0.000000 -0.000000  0.000000  0.000000 )
( -0.000000  0.000000 -0.000000 -0.000000  0.000000 -0.000000 )
( -0.000000 -0.000000 -0.000000 -0.000000 -0.000000  0.000000 )
(  0.091853 -0.000000 -0.000000  0.000000  0.030600 -0.000000 )
(  0.091853 -0.000000  0.000000 -0.000000 -0.030600  0.000000 )
(  0.029899  0.000000  0.000000 -0.000000  0.000000  0.000000 )
(  0.098984 -0.000000  0.000000  0.000000  0.032256 -0.000000 )
(  0.098984 -0.000000 -0.000000 -0.000000 -0.032256  0.000000 )
(  0.029899 -0.000000 -0.000000  0.000000  0.000000  0.000000 )
(  0.098984  0.000000  0.000000 -0.000000  0.032256  0.000000 )
(  0.091853  0.000000 -0.000000  0.000000 -0.030600 -0.000000 )
(  0.036725 -0.000000 -0.000000  0.000000 -0.000000 -0.000000 )
(  0.091853  0.000000  0.000000 -0.000000  0.030600  0.000000 )
(  0.098984  0.000000 -0.000000  0.000000 -0.032256 -0.000000 )
(  0.036725 -0.000000 -0.000000 -0.000000  0.000000  0.000000 )
( -0.186462 -0.000000  0.000000  0.000000 -0.000000 -0.000000 )
( -0.100386  0.000000 -0.000000 -0.000000  0.000000  0.000000 )
( -0.100386  0.000000  0.000000 -0.000000  0.000000 -0.000000 )
(  0.028382 -0.000000 -0.000000  0.000000 -0.000000  0.000000 )
(  0.028382 -0.000000  0.000000  0.000000 -0.000000 -0.000000 )
(  0.166170  0.000000 -0.000000 -0.000000  0.000000 -0.000000 )
(  0.028382 -0.000000  0.000000 -0.000000 -0.000000  0.000000 )
(  0.028382 -0.000000 -0.000000 -0.000000 -0.000000 -0.000000 )
( -0.100386  0.000000  0.000000  0.000000  0.000000  0.000000 )
( -0.100386  0.000000 -0.000000  0.000000 -0.000000 -0.000000 )
(  0.000000  0.000000  0.000000 -0.000000  0.000000  0.000000 )
( -0.057264  0.000000  0.244361 -0.000000 -0.193014 -0.000000 )
( -0.057264  0.000000 -0.244361  0.000000 -0.193014  0.000000 )
( -0.057264  0.000000  0.244361  0.000000  0.193014 -0.000000 )
( -0.057264  0.000000 -0.244361 -0.000000  0.193014 -0.000000 )
(  0.000000  0.000000  0.000000 -0.000000 -0.000000 -0.000000 )
( -0.057264  0.000000 -0.244361  0.000000  0.193014 -0.000000 )
( -0.057264  0.000000  0.244361  0.000000  0.193014 -0.000000 )
( -0.057264  0.000000 -0.244361  0.000000 -0.193014 -0.000000 )
( -0.057264  0.000000  0.244361 -0.000000 -0.193014  0.000000 )
     freq (  56) =       4.054745 [THz] =     135.251725 [cm-1]
( -0.000000  0.000000 -0.000000  0.000000  0.010593  0.000000 )
( -0.000000  0.000000  0.000000 -0.000000  0.010593  0.000000 )
( -0.000000  0.000000 -0.025541 -0.000000  0.000000 -0.000000 )
(  0.000000 -0.000000 -0.025541 -0.000000 -0.000000  0.000000 )
( -0.052128 -0.000000 -0.000000  0.000000  0.005357 -0.000000 )
(  0.052128 -0.000000  0.000000 -0.000000  0.005357  0.000000 )
( -0.000000  0.000000 -0.000000 -0.000000  0.164090  0.000000 )
(  0.038496 -0.000000 -0.000000 -0.000000  0.031632 -0.000000 )
( -0.038496 -0.000000  0.000000  0.000000  0.031632  0.000000 )
(  0.000000 -0.000000 -0.000000  0.000000  0.164090  0.000000 )
(  0.038496  0.000000 -0.000000  0.000000  0.031632  0.000000 )
(  0.052128  0.000000  0.000000  0.000000  0.005357 -0.000000 )
( -0.000000 -0.000000  0.000000  0.000000  0.017827 -0.000000 )
( -0.052128  0.000000 -0.000000 -0.000000  0.005357  0.000000 )
( -0.038496  0.000000  0.000000  0.000000  0.031632 -0.000000 )
( -0.000000  0.000000  0.000000 -0.000000  0.017827  0.000000 )
(  0.000000 -0.000000 -0.000000  0.000000 -0.152352 -0.000000 )
(  0.000000 -0.000000 -0.218695 -0.000000  0.119649  0.000000 )
(  0.000000 -0.000000  0.218695  0.000000  0.119649 -0.000000 )
( -0.000000 -0.000000 -0.264405  0.000000 -0.134811  0.000000 )
(  0.000000  0.000000  0.264405  0.000000 -0.134811 -0.000000 )
( -0.000000  0.000000 -0.000000 -0.000000  0.002234  0.000000 )
(  0.000000 -0.000000  0.264405 -0.000000 -0.134811  0.000000 )
( -0.000000  0.000000 -0.264405 -0.000000 -0.134811 -0.000000 )
( -0.000000 -0.000000  0.218695  0.000000  0.119649  0.000000 )
(  0.000000 -0.000000 -0.218695 -0.000000  0.119649 -0.000000 )
( -0.000000  0.000000  0.000000 -0.000000 -0.000000  0.000000 )
( -0.008528 -0.000000 -0.176968 -0.000000 -0.077315 -0.000000 )
( -0.008528 -0.000000  0.176968  0.000000 -0.077315 -0.000000 )
(  0.008528  0.000000  0.176968  0.000000 -0.077315 -0.000000 )
(  0.008528 -0.000000 -0.176968 -0.000000 -0.077315 -0.000000 )
( -0.000000  0.000000  0.000000  0.000000  0.000000 -0.000000 )
(  0.008528  0.000000 -0.176968 -0.000000 -0.077315 -0.000000 )
(  0.008528 -0.000000  0.176968  0.000000 -0.077315 -0.000000 )
( -0.008528 -0.000000  0.176968  0.000000 -0.077315 -0.000000 )
( -0.008528  0.000000 -0.176968 -0.000000 -0.077315 -0.000000 )
     freq (  57) =       4.058963 [THz] =     135.392429 [cm-1]
( -0.000000  0.000000  0.008686 -0.000000  0.000000  0.000000 )
( -0.000000  0.000000 -0.008686  0.000000  0.000000  0.000000 )
(  0.037550 -0.000000 -0.000000 -0.000000 -0.000000 -0.000000 )
( -0.037550  0.000000 -0.000000 -0.000000  0.000000  0.000000 )
( -0.104036  0.000000  0.000000 -0.000000 -0.034932  0.000000 )
( -0.104036  0.000000 -0.000000 -0.000000  0.034932 -0.000000 )
(  0.014574 -0.000000  0.000000  0.000000  0.000000  0.000000 )
( -0.057771  0.000000  0.000000  0.000000 -0.039519  0.000000 )
( -0.057771  0.000000 -0.000000 -0.000000  0.039519 -0.000000 )
( -0.014574  0.000000 -0.000000  0.000000  0.000000  0.000000 )
(  0.057771 -0.000000 -0.000000 -0.000000  0.039519 -0.000000 )
(  0.104036 -0.000000  0.000000 -0.000000 -0.034932  0.000000 )
( -0.000000  0.000000  0.000000 -0.000000 -0.027399  0.000000 )
(  0.104036 -0.000000 -0.000000 -0.000000  0.034932 -0.000000 )
(  0.057771 -0.000000  0.000000 -0.000000 -0.039519  0.000000 )
( -0.000000  0.000000 -0.000000 -0.000000  0.027399 -0.000000 )
(  0.000000 -0.000000 -0.000000  0.000000 -0.000000 -0.000000 )
(  0.000000 -0.000000 -0.190673 -0.000000  0.244842 -0.000000 )
( -0.000000 -0.000000 -0.190673  0.000000 -0.244842  0.000000 )
( -0.000000  0.000000  0.271625 -0.000000  0.203322 -0.000000 )
(  0.000000  0.000000  0.271625 -0.000000 -0.203322  0.000000 )
( -0.000000  0.000000 -0.000000 -0.000000 -0.000000  0.000000 )
(  0.000000  0.000000 -0.271625  0.000000  0.203322 -0.000000 )
( -0.000000  0.000000 -0.271625 -0.000000 -0.203322  0.000000 )
(  0.000000 -0.000000  0.190673  0.000000  0.244842 -0.000000 )
( -0.000000 -0.000000  0.190673 -0.000000 -0.244842  0.000000 )
(  0.153226 -0.000000  0.000000  0.000000  0.036243 -0.000000 )
( -0.007194 -0.000000 -0.061539 -0.000000  0.012962 -0.000000 )
(  0.007194 -0.000000 -0.061539  0.000000 -0.012962 -0.000000 )
(  0.007194 -0.000000  0.061539  0.000000  0.012962 -0.000000 )
( -0.007194  0.000000  0.061539 -0.000000 -0.012962 -0.000000 )
(  0.153226 -0.000000  0.000000 -0.000000 -0.036243  0.000000 )
(  0.007194 -0.000000 -0.061539 -0.000000  0.012962 -0.000000 )
( -0.007194  0.000000 -0.061539  0.000000 -0.012962 -0.000000 )
( -0.007194 -0.000000  0.061539  0.000000  0.012962 -0.000000 )
(  0.007194 -0.000000  0.061539 -0.000000 -0.012962 -0.000000 )
     freq (  58) =       4.111002 [THz] =     137.128266 [cm-1]
(  0.000000 -0.000000  0.000000 -0.000000  0.000000  0.000000 )
(  0.000000 -0.000000  0.000000 -0.000000 -0.000000 -0.000000 )
( -0.011257 -0.000000 -0.000000 -0.000000  0.000000  0.000000 )
( -0.011257 -0.000000 -0.000000  0.000000 -0.000000 -0.000000 )
( -0.000000 -0.000000  0.031062  0.000000 -0.000000  0.000000 )
( -0.000000 -0.000000 -0.031062 -0.000000  0.000000 -0.000000 )
( -0.000000  0.000000  0.000000 -0.000000  0.000000 -0.000000 )
(  0.000000 -0.000000  0.045912  0.000000  0.000000 -0.000000 )
(  0.000000 -0.000000 -0.045912 -0.000000 -0.000000  0.000000 )
( -0.000000 -0.000000  0.000000 -0.000000  0.000000  0.000000 )
( -0.000000  0.000000  0.045912  0.000000  0.000000  0.000000 )
(  0.000000  0.000000 -0.031062 -0.000000 -0.000000  0.000000 )
( -0.000000 -0.000000  0.000000  0.000000 -0.000000  0.000000 )
(  0.000000  0.000000  0.031062  0.000000  0.000000 -0.000000 )
( -0.000000  0.000000 -0.045912 -0.000000  0.000000 -0.000000 )
(  0.000000  0.000000 -0.000000  0.000000  0.000000 -0.000000 )
( -0.000000  0.000000  0.000000 -0.000000 -0.000000 -0.000000 )
( -0.183879 -0.000000  0.000000 -0.000000 -0.000000  0.000000 )
(  0.183879  0.000000 -0.000000 -0.000000 -0.000000 -0.000000 )
(  0.164887  0.000000  0.000000 -0.000000  0.000000  0.000000 )
( -0.164887 -0.000000 -0.000000  0.000000  0.000000 -0.000000 )
( -0.000000  0.000000 -0.000000  0.000000  0.000000  0.000000 )
( -0.164887 -0.000000  0.000000  0.000000 -0.000000  0.000000 )
(  0.164887  0.000000 -0.000000  0.000000 -0.000000 -0.000000 )
(  0.183879  0.000000  0.000000  0.000000  0.000000  0.000000 )
( -0.183879 -0.000000 -0.000000  0.000000  0.000000 -0.000000 )
( -0.000000  0.000000 -0.000000  0.000000  0.000000 -0.000000 )
(  0.025390 -0.000000  0.284670  0.000000 -0.106070 -0.000000 )
( -0.025390 -0.000000  0.284670  0.000000  0.106070  0.000000 )
( -0.025390 -0.000000 -0.284670 -0.000000 -0.106070 -0.000000 )
(  0.025390  0.000000 -0.284670 -0.000000  0.106070  0.000000 )
(  0.000000  0.000000 -0.000000  0.000000 -0.000000  0.000000 )
(  0.025390  0.000000 -0.284670  0.000000  0.106070 -0.000000 )
( -0.025390 -0.000000 -0.284670 -0.000000 -0.106070  0.000000 )
( -0.025390  0.000000  0.284670 -0.000000  0.106070 -0.000000 )
(  0.025390  0.000000  0.284670 -0.000000 -0.106070  0.000000 )
     freq (  59) =       4.112000 [THz] =     137.161563 [cm-1]
(  0.000000  0.000000 -0.000000  0.000000  0.001636 -0.000000 )
(  0.000000  0.000000  0.000000 -0.000000 -0.001636  0.000000 )
(  0.000000 -0.000000 -0.000000 -0.000000 -0.000000  0.000000 )
(  0.000000  0.000000  0.000000 -0.000000  0.000000  0.000000 )
(  0.000000 -0.000000  0.047866 -0.000000  0.000000 -0.000000 )
(  0.000000  0.000000 -0.047866 -0.000000 -0.000000 -0.000000 )
(  0.000000  0.000000  0.000000  0.000000 -0.000000  0.000000 )
(  0.000000  0.000000  0.038236 -0.000000  0.000000 -0.000000 )
(  0.000000  0.000000 -0.038236  0.000000 -0.000000 -0.000000 )
(  0.000000  0.000000  0.000000  0.000000  0.000000  0.000000 )
(  0.000000  0.000000 -0.038236  0.000000 -0.000000 -0.000000 )
( -0.000000  0.000000  0.047866  0.000000 -0.000000 -0.000000 )
(  0.000000  0.000000  0.020404  0.000000  0.000000  0.000000 )
( -0.000000 -0.000000 -0.047866 -0.000000 -0.000000 -0.000000 )
( -0.000000  0.000000  0.038236  0.000000  0.000000 -0.000000 )
( -0.000000  0.000000 -0.020404 -0.000000 -0.000000  0.000000 )
(  0.000000  0.000000  0.000000 -0.000000 -0.000000  0.000000 )
(  0.000000 -0.000000  0.293581  0.000000 -0.099090 -0.000000 )
( -0.000000 -0.000000 -0.293581  0.000000 -0.099090 -0.000000 )
( -0.000000  0.000000  0.272721 -0.000000  0.098772  0.000000 )
(  0.000000  0.000000 -0.272721 -0.000000  0.098772  0.000000 )
(  0.000000  0.000000 -0.000000  0.000000 -0.000000 -0.000000 )
(  0.000000  0.000000  0.272721 -0.000000 -0.098772  0.000000 )
( -0.000000  0.000000 -0.272721  0.000000 -0.098772  0.000000 )
( -0.000000 -0.000000  0.293581  0.000000  0.099090 -0.000000 )
(  0.000000 -0.000000 -0.293581  0.000000  0.099090 -0.000000 )
( -0.000000  0.000000  0.000053 -0.000000 -0.000000 -0.000000 )
(  0.179927 -0.000000 -0.008013  0.000000 -0.022581  0.000000 )
(  0.179927 -0.000000  0.008013 -0.000000 -0.022581  0.000000 )
(  0.179927 -0.000000 -0.008013  0.000000  0.022581 -0.000000 )
(  0.179927 -0.000000  0.008013  0.000000  0.022581 -0.000000 )
( -0.000000  0.000000 -0.000053  0.000000  0.000000  0.000000 )
( -0.179927 -0.000000 -0.008013 -0.000000 -0.022581 -0.000000 )
( -0.179927 -0.000000  0.008013  0.000000 -0.022581 -0.000000 )
( -0.179927 -0.000000 -0.008013 -0.000000  0.022581 -0.000000 )
( -0.179927 -0.000000  0.008013  0.000000  0.022581  0.000000 )
     freq (  60) =       4.146996 [THz] =     138.328912 [cm-1]
(  0.000000  0.000000 -0.024649  0.000000  0.000000  0.000000 )
(  0.000000  0.000000  0.024649 -0.000000 -0.000000 -0.000000 )
(  0.028713 -0.000000  0.000000  0.000000  0.000000 -0.000000 )
( -0.028713  0.000000 -0.000000  0.000000 -0.000000  0.000000 )
(  0.004813 -0.000000  0.000000  0.000000  0.005088  0.000000 )
(  0.004813  0.000000 -0.000000 -0.000000 -0.005088 -0.000000 )
(  0.016122  0.000000 -0.000000 -0.000000  0.000000  0.000000 )
( -0.065646  0.000000  0.000000  0.000000 -0.018142  0.000000 )
( -0.065646  0.000000 -0.000000 -0.000000  0.018142 -0.000000 )
( -0.016122  0.000000  0.000000 -0.000000  0.000000  0.000000 )
(  0.065646 -0.000000  0.000000  0.000000  0.018142  0.000000 )
( -0.004813 -0.000000 -0.000000 -0.000000  0.005088  0.000000 )
( -0.000000 -0.000000 -0.000000 -0.000000  0.149507 -0.000000 )
( -0.004813 -0.000000  0.000000  0.000000 -0.005088  0.000000 )
(  0.065646 -0.000000 -0.000000 -0.000000 -0.018142  0.000000 )
(  0.000000  0.000000  0.000000 -0.000000 -0.149507  0.000000 )
(  0.000000  0.000000  0.000000 -0.000000 -0.000000 -0.000000 )
( -0.000000 -0.000000 -0.214166  0.000000 -0.031377  0.000000 )
( -0.000000 -0.000000 -0.214166  0.000000  0.031377  0.000000 )
(  0.000000  0.000000 -0.081223  0.000000  0.087480 -0.000000 )
(  0.000000  0.000000 -0.081223  0.000000 -0.087480  0.000000 )
(  0.000000 -0.000000 -0.000000 -0.000000 -0.000000  0.000000 )
( -0.000000 -0.000000  0.081223  0.000000  0.087480 -0.000000 )
(  0.000000  0.000000  0.081223 -0.000000 -0.087480  0.000000 )
(  0.000000  0.000000  0.214166 -0.000000 -0.031377  0.000000 )
( -0.000000 -0.000000  0.214166 -0.000000  0.031377  0.000000 )
(  0.061936 -0.000000 -0.000000  0.000000 -0.080896  0.000000 )
( -0.005550 -0.000000  0.250582 -0.000000 -0.143795  0.000000 )
(  0.005550 -0.000000  0.250582 -0.000000  0.143795 -0.000000 )
(  0.005550 -0.000000 -0.250582  0.000000 -0.143795  0.000000 )
( -0.005550 -0.000000 -0.250582  0.000000  0.143795 -0.000000 )
(  0.061936 -0.000000 -0.000000  0.000000  0.080896 -0.000000 )
(  0.005550 -0.000000  0.250582 -0.000000 -0.143795  0.000000 )
( -0.005550 -0.000000  0.250582 -0.000000  0.143795 -0.000000 )
( -0.005550 -0.000000 -0.250582  0.000000 -0.143795  0.000000 )
(  0.005550 -0.000000 -0.250582  0.000000  0.143795 -0.000000 )
     freq (  61) =       4.169810 [THz] =     139.089881 [cm-1]
( -0.000000 -0.000000  0.000000  0.000000  0.000000 -0.000000 )
( -0.000000  0.000000 -0.000000  0.000000  0.000000 -0.000000 )
( -0.000000  0.000000 -0.000000  0.000000  0.008759  0.000000 )
(  0.000000 -0.000000 -0.000000  0.000000 -0.008759 -0.000000 )
( -0.018778  0.000000  0.000000  0.000000  0.002524 -0.000000 )
(  0.018778 -0.000000 -0.000000  0.000000  0.002524 -0.000000 )
( -0.000000 -0.000000  0.000000  0.000000  0.029371  0.000000 )
(  0.028017 -0.000000  0.000000  0.000000 -0.012227 -0.000000 )
( -0.028017 -0.000000 -0.000000 -0.000000 -0.012227 -0.000000 )
( -0.000000 -0.000000  0.000000  0.000000 -0.029371 -0.000000 )
( -0.028017  0.000000 -0.000000  0.000000  0.012227  0.000000 )
( -0.018778  0.000000  0.000000  0.000000 -0.002524  0.000000 )
( -0.127092  0.000000  0.000000 -0.000000 -0.000000  0.000000 )
(  0.018778 -0.000000 -0.000000  0.000000 -0.002524  0.000000 )
(  0.028017  0.000000  0.000000  0.000000  0.012227  0.000000 )
(  0.127092 -0.000000 -0.000000 -0.000000  0.000000 -0.000000 )
( -0.000000 -0.000000 -0.000000  0.000000 -0.000000 -0.000000 )
(  0.238056 -0.000000  0.000000 -0.000000 -0.000000  0.000000 )
( -0.238056  0.000000  0.000000 -0.000000 -0.000000  0.000000 )
( -0.273958  0.000000  0.000000 -0.000000  0.000000 -0.000000 )
(  0.273958 -0.000000 -0.000000 -0.000000  0.000000 -0.000000 )
( -0.000000 -0.000000  0.000000 -0.000000 -0.000000 -0.000000 )
( -0.273958  0.000000  0.000000  0.000000 -0.000000 -0.000000 )
(  0.273958 -0.000000 -0.000000 -0.000000  0.000000 -0.000000 )
(  0.238056 -0.000000 -0.000000  0.000000  0.000000  0.000000 )
( -0.238056  0.000000 -0.000000  0.000000 -0.000000  0.000000 )
( -0.143175  0.000000  0.000000 -0.000000  0.014186  0.000000 )
( -0.220339  0.000000 -0.016313  0.000000 -0.015093 -0.000000 )
(  0.220339 -0.000000 -0.016313  0.000000  0.015093  0.000000 )
( -0.220339  0.000000 -0.016313 -0.000000  0.015093  0.000000 )
(  0.220339 -0.000000 -0.016313 -0.000000 -0.015093  0.000000 )
(  0.143175 -0.000000 -0.000000 -0.000000  0.014186  0.000000 )
( -0.220339  0.000000  0.016313  0.000000  0.015093  0.000000 )
(  0.220339  0.000000  0.016313  0.000000 -0.015093  0.000000 )
( -0.220339 -0.000000  0.016313 -0.000000 -0.015093 -0.000000 )
(  0.220339 -0.000000  0.016313 -0.000000  0.015093  0.000000 )
     freq (  62) =       4.190071 [THz] =     139.765725 [cm-1]
(  0.036677 -0.000000  0.000000 -0.000000 -0.000000 -0.000000 )
(  0.036677 -0.000000 -0.000000  0.000000 -0.000000 -0.000000 )
( -0.000000 -0.000000  0.000000 -0.000000 -0.000000  0.000000 )
(  0.000000  0.000000 -0.000000  0.000000  0.000000 -0.000000 )
( -0.024844 -0.000000  0.000000  0.000000  0.010067 -0.000000 )
( -0.024844 -0.000000  0.000000 -0.000000 -0.010067  0.000000 )
(  0.112905  0.000000  0.000000  0.000000 -0.000000  0.000000 )
(  0.006814 -0.000000  0.000000  0.000000 -0.003921 -0.000000 )
(  0.006814 -0.000000 -0.000000 -0.000000  0.003921  0.000000 )
(  0.112905  0.000000 -0.000000 -0.000000 -0.000000  0.000000 )
(  0.006814 -0.000000  0.000000 -0.000000 -0.003921 -0.000000 )
( -0.024844 -0.000000 -0.000000  0.000000 -0.010067  0.000000 )
( -0.008815 -0.000000 -0.000000  0.000000 -0.000000  0.000000 )
( -0.024844 -0.000000  0.000000 -0.000000  0.010067 -0.000000 )
(  0.006814 -0.000000 -0.000000  0.000000  0.003921  0.000000 )
( -0.008815 -0.000000 -0.000000 -0.000000  0.000000 -0.000000 )
(  0.215558  0.000000  0.000000  0.000000  0.000000  0.000000 )
( -0.267098 -0.000000  0.000000 -0.000000  0.000000 -0.000000 )
( -0.267098  0.000000  0.000000 -0.000000 -0.000000 -0.000000 )
(  0.135432  0.000000 -0.000000 -0.000000  0.000000  0.000000 )
(  0.135432  0.000000 -0.000000 -0.000000  0.000000 -0.000000 )
(  0.058776  0.000000 -0.000000  0.000000 -0.000000 -0.000000 )
(  0.135432  0.000000 -0.000000  0.000000  0.000000  0.000000 )
(  0.135432  0.000000  0.000000  0.000000  0.000000 -0.000000 )
( -0.267098 -0.000000 -0.000000  0.000000  0.000000  0.000000 )
( -0.267098  0.000000 -0.000000  0.000000 -0.000000  0.000000 )
( -0.000000  0.000000 -0.000000  0.000000  0.000000 -0.000000 )
( -0.237382 -0.000000 -0.013576 -0.000000  0.115978 -0.000000 )
( -0.237382 -0.000000  0.013576  0.000000  0.115978 -0.000000 )
( -0.237382 -0.000000 -0.013576 -0.000000 -0.115978  0.000000 )
( -0.237382 -0.000000  0.013576  0.000000 -0.115978  0.000000 )
(  0.000000  0.000000  0.000000  0.000000 -0.000000  0.000000 )
( -0.237382 -0.000000  0.013576  0.000000 -0.115978  0.000000 )
( -0.237382 -0.000000 -0.013576 -0.000000 -0.115978  0.000000 )
( -0.237382 -0.000000  0.013576  0.000000  0.115978 -0.000000 )
( -0.237382 -0.000000 -0.013576 -0.000000  0.115978 -0.000000 )
     freq (  63) =       4.221498 [THz] =     140.814020 [cm-1]
(  0.142698 -0.000000  0.000000 -0.000000  0.000000 -0.000000 )
(  0.142698 -0.000000  0.000000  0.000000  0.000000 -0.000000 )
(  0.000000  0.000000 -0.000000  0.000000  0.000000  0.000000 )
( -0.000000 -0.000000 -0.000000 -0.000000 -0.000000 -0.000000 )
(  0.065186 -0.000000 -0.000000  0.000000  0.044453 -0.000000 )
(  0.065186 -0.000000  0.000000 -0.000000 -0.044453  0.000000 )
( -0.055494 -0.000000 -0.000000  0.000000  0.000000 -0.000000 )
(  0.046501 -0.000000 -0.000000  0.000000  0.051906 -0.000000 )
(  0.046501 -0.000000  0.000000  0.000000 -0.051906  0.000000 )
( -0.055494 -0.000000  0.000000 -0.000000  0.000000 -0.000000 )
(  0.046501 -0.000000 -0.000000 -0.000000  0.051906  0.000000 )
(  0.065186  0.000000  0.000000  0.000000 -0.044453 -0.000000 )
(  0.007871  0.000000  0.000000  0.000000 -0.000000 -0.000000 )
(  0.065186  0.000000  0.000000 -0.000000  0.044453  0.000000 )
(  0.046501 -0.000000  0.000000 -0.000000 -0.051906 -0.000000 )
(  0.007871  0.000000 -0.000000 -0.000000  0.000000 -0.000000 )
(  0.051301 -0.000000  0.000000  0.000000 -0.000000  0.000000 )
( -0.130458  0.000000 -0.000000 -0.000000 -0.000000 -0.000000 )
( -0.130458  0.000000 -0.000000 -0.000000  0.000000  0.000000 )
( -0.258581  0.000000  0.000000  0.000000 -0.000000 -0.000000 )
( -0.258581  0.000000  0.000000  0.000000  0.000000  0.000000 )
( -0.183774 -0.000000 -0.000000 -0.000000  0.000000 -0.000000 )
( -0.258581  0.000000 -0.000000 -0.000000 -0.000000 -0.000000 )
( -0.258581 -0.000000 -0.000000 -0.000000  0.000000  0.000000 )
( -0.130458  0.000000  0.000000  0.000000 -0.000000 -0.000000 )
( -0.130458  0.000000  0.000000  0.000000  0.000000  0.000000 )
( -0.000000 -0.000000 -0.000000 -0.000000  0.000000 -0.000000 )
(  0.083495  0.000000  0.147829 -0.000000  0.195616 -0.000000 )
(  0.083495  0.000000 -0.147829  0.000000  0.195616 -0.000000 )
(  0.083495  0.000000  0.147829 -0.000000 -0.195616  0.000000 )
(  0.083495  0.000000 -0.147829  0.000000 -0.195616  0.000000 )
( -0.000000 -0.000000 -0.000000 -0.000000  0.000000  0.000000 )
(  0.083495  0.000000 -0.147829  0.000000 -0.195616  0.000000 )
(  0.083495  0.000000  0.147829 -0.000000 -0.195616  0.000000 )
(  0.083495  0.000000 -0.147829  0.000000  0.195616 -0.000000 )
(  0.083495  0.000000  0.147829 -0.000000  0.195616 -0.000000 )
     freq (  64) =       4.237070 [THz] =     141.333437 [cm-1]
(  0.000000 -0.000000 -0.027627 -0.000000  0.000000  0.000000 )
(  0.000000 -0.000000  0.027627  0.000000  0.000000 -0.000000 )
( -0.139596  0.000000  0.000000  0.000000 -0.000000  0.000000 )
(  0.139596 -0.000000  0.000000  0.000000  0.000000 -0.000000 )
(  0.079721 -0.000000  0.000000  0.000000  0.041262 -0.000000 )
(  0.079721 -0.000000 -0.000000  0.000000 -0.041262  0.000000 )
(  0.003150  0.000000 -0.000000 -0.000000 -0.000000 -0.000000 )
(  0.042216 -0.000000  0.000000  0.000000  0.072241 -0.000000 )
(  0.042216 -0.000000  0.000000  0.000000 -0.072241  0.000000 )
( -0.003150  0.000000 -0.000000 -0.000000  0.000000 -0.000000 )
( -0.042216 -0.000000  0.000000  0.000000 -0.072241 -0.000000 )
( -0.079721 -0.000000 -0.000000  0.000000  0.041262 -0.000000 )
(  0.000000 -0.000000 -0.000000  0.000000  0.052350  0.000000 )
( -0.079721 -0.000000  0.000000 -0.000000 -0.041262  0.000000 )
( -0.042216 -0.000000 -0.000000  0.000000  0.072241  0.000000 )
( -0.000000 -0.000000  0.000000  0.000000 -0.052350 -0.000000 )
(  0.000000  0.000000  0.000000 -0.000000  0.000000  0.000000 )
( -0.000000 -0.000000  0.086357 -0.000000  0.149402 -0.000000 )
( -0.000000 -0.000000  0.086357 -0.000000 -0.149402  0.000000 )
( -0.000000  0.000000 -0.198642  0.000000  0.234883  0.000000 )
( -0.000000  0.000000 -0.198642 -0.000000 -0.234883  0.000000 )
( -0.000000  0.000000 -0.000000  0.000000  0.000000 -0.000000 )
( -0.000000  0.000000  0.198642  0.000000  0.234883  0.000000 )
( -0.000000  0.000000  0.198642  0.000000 -0.234883  0.000000 )
( -0.000000 -0.000000 -0.086357  0.000000  0.149402 -0.000000 )
( -0.000000 -0.000000 -0.086357  0.000000 -0.149402  0.000000 )
(  0.113972 -0.000000 -0.000000  0.000000 -0.059976 -0.000000 )
(  0.187862 -0.000000  0.023737 -0.000000  0.097542  0.000000 )
( -0.187862 -0.000000  0.023737  0.000000 -0.097542 -0.000000 )
( -0.187862 -0.000000 -0.023737 -0.000000  0.097542  0.000000 )
(  0.187862 -0.000000 -0.023737  0.000000 -0.097542 -0.000000 )
(  0.113972 -0.000000  0.000000  0.000000  0.059976  0.000000 )
( -0.187862 -0.000000  0.023737  0.000000  0.097542  0.000000 )
(  0.187862 -0.000000  0.023737 -0.000000 -0.097542 -0.000000 )
(  0.187862 -0.000000 -0.023737  0.000000  0.097542  0.000000 )
( -0.187862 -0.000000 -0.023737 -0.000000 -0.097542 -0.000000 )
     freq (  65) =       4.244856 [THz] =     141.593170 [cm-1]
(  0.000000 -0.000000  0.079900  0.000000 -0.000000 -0.000000 )
(  0.000000 -0.000000 -0.079900 -0.000000 -0.000000 -0.000000 )
( -0.058552  0.000000 -0.000000  0.000000  0.000000  0.000000 )
(  0.058552 -0.000000  0.000000  0.000000  0.000000  0.000000 )
(  0.011680 -0.000000  0.000000  0.000000  0.085483 -0.000000 )
(  0.011680 -0.000000 -0.000000  0.000000 -0.085483  0.000000 )
(  0.027432 -0.000000  0.000000  0.000000 -0.000000 -0.000000 )
(  0.054229 -0.000000  0.000000  0.000000 -0.044199 -0.000000 )
(  0.054229 -0.000000 -0.000000 -0.000000  0.044199  0.000000 )
( -0.027432 -0.000000  0.000000  0.000000  0.000000 -0.000000 )
( -0.054229 -0.000000  0.000000  0.000000  0.044199  0.000000 )
( -0.011680  0.000000 -0.000000  0.000000  0.085483 -0.000000 )
(  0.000000  0.000000  0.000000  0.000000 -0.056299 -0.000000 )
( -0.011680  0.000000  0.000000  0.000000 -0.085483 -0.000000 )
( -0.054229 -0.000000 -0.000000 -0.000000 -0.044199 -0.000000 )
( -0.000000 -0.000000 -0.000000  0.000000  0.056299  0.000000 )
( -0.000000 -0.000000 -0.000000 -0.000000  0.000000  0.000000 )
( -0.000000  0.000000  0.176477  0.000000  0.133148  0.000000 )
(  0.000000  0.000000  0.176477 -0.000000 -0.133148  0.000000 )
( -0.000000  0.000000  0.035989  0.000000 -0.018949 -0.000000 )
( -0.000000  0.000000  0.035989  0.000000  0.018949  0.000000 )
( -0.000000 -0.000000  0.000000  0.000000 -0.000000 -0.000000 )
( -0.000000  0.000000 -0.035989 -0.000000 -0.018949 -0.000000 )
( -0.000000  0.000000 -0.035989 -0.000000  0.018949  0.000000 )
(  0.000000  0.000000 -0.176477  0.000000  0.133148  0.000000 )
(  0.000000  0.000000 -0.176477  0.000000 -0.133148  0.000000 )
(  0.019678 -0.000000  0.000000 -0.000000  0.168779  0.000000 )
(  0.080955 -0.000000 -0.034147 -0.000000 -0.274219 -0.000000 )
( -0.080955  0.000000 -0.034147  0.000000  0.274219  0.000000 )
( -0.080955  0.000000  0.034147 -0.000000 -0.274219  0.000000 )
(  0.080955 -0.000000  0.034147  0.000000  0.274219  0.000000 )
(  0.019678 -0.000000  0.000000  0.000000 -0.168779 -0.000000 )
( -0.080955  0.000000 -0.034147  0.000000 -0.274219  0.000000 )
(  0.080955 -0.000000 -0.034147 -0.000000  0.274219  0.000000 )
(  0.080955 -0.000000  0.034147  0.000000 -0.274219 -0.000000 )
( -0.080955  0.000000  0.034147 -0.000000  0.274219 -0.000000 )
     freq (  66) =       4.273669 [THz] =     142.554268 [cm-1]
( -0.000000  0.000000 -0.000000 -0.000000  0.029368  0.000000 )
( -0.000000  0.000000 -0.000000 -0.000000  0.029368  0.000000 )
( -0.000000  0.000000 -0.079094 -0.000000 -0.000000  0.000000 )
(  0.000000 -0.000000 -0.079094 -0.000000  0.000000 -0.000000 )
( -0.023025  0.000000  0.000000  0.000000  0.088241 -0.000000 )
(  0.023025 -0.000000 -0.000000 -0.000000  0.088241 -0.000000 )
(  0.000000  0.000000 -0.000000  0.000000  0.060222  0.000000 )
(  0.040120  0.000000  0.000000 -0.000000 -0.033512 -0.000000 )
( -0.040120 -0.000000 -0.000000 -0.000000 -0.033512 -0.000000 )
(  0.000000  0.000000 -0.000000 -0.000000  0.060222 -0.000000 )
(  0.040120 -0.000000 -0.000000 -0.000000 -0.033512  0.000000 )
(  0.023025  0.000000  0.000000 -0.000000  0.088241  0.000000 )
(  0.000000  0.000000  0.000000  0.000000 -0.011458 -0.000000 )
( -0.023025 -0.000000 -0.000000 -0.000000  0.088241  0.000000 )
( -0.040120  0.000000 -0.000000  0.000000 -0.033512  0.000000 )
(  0.000000 -0.000000  0.000000  0.000000 -0.011458 -0.000000 )
( -0.000000  0.000000 -0.000000 -0.000000 -0.234759 -0.000000 )
(  0.000000 -0.000000  0.032447  0.000000 -0.309286 -0.000000 )
( -0.000000  0.000000 -0.032447 -0.000000 -0.309286  0.000000 )
(  0.000000 -0.000000 -0.039195  0.000000  0.278457  0.000000 )
( -0.000000  0.000000  0.039195  0.000000  0.278457  0.000000 )
(  0.000000 -0.000000  0.000000  0.000000 -0.108864 -0.000000 )
(  0.000000 -0.000000  0.039195  0.000000  0.278457 -0.000000 )
( -0.000000  0.000000 -0.039195 -0.000000  0.278457  0.000000 )
(  0.000000 -0.000000 -0.032447  0.000000 -0.309286 -0.000000 )
( -0.000000  0.000000  0.032447  0.000000 -0.309286  0.000000 )
(  0.000000  0.000000 -0.000000  0.000000 -0.000000  0.000000 )
(  0.014387  0.000000 -0.121346 -0.000000 -0.074577 -0.000000 )
(  0.014387 -0.000000  0.121346 -0.000000 -0.074577  0.000000 )
( -0.014387  0.000000  0.121346 -0.000000 -0.074577  0.000000 )
( -0.014387 -0.000000 -0.121346 -0.000000 -0.074577 -0.000000 )
(  0.000000 -0.000000 -0.000000  0.000000 -0.000000  0.000000 )
( -0.014387  0.000000 -0.121346  0.000000 -0.074577  0.000000 )
( -0.014387 -0.000000  0.121346  0.000000 -0.074577 -0.000000 )
(  0.014387  0.000000  0.121346  0.000000 -0.074577 -0.000000 )
(  0.014387 -0.000000 -0.121346  0.000000 -0.074577  0.000000 )
     freq (  67) =       4.289398 [THz] =     143.078930 [cm-1]
(  0.000000 -0.000000 -0.000000  0.000000 -0.000000  0.000000 )
(  0.000000  0.000000  0.000000  0.000000 -0.000000  0.000000 )
(  0.000000  0.000000  0.000000  0.000000 -0.161116  0.000000 )
( -0.000000 -0.000000  0.000000  0.000000  0.161116 -0.000000 )
( -0.070374  0.000000  0.000000  0.000000  0.084782 -0.000000 )
(  0.070374 -0.000000  0.000000  0.000000  0.084782 -0.000000 )
( -0.000000 -0.000000 -0.000000  0.000000 -0.018825 -0.000000 )
( -0.026602 -0.000000 -0.000000 -0.000000  0.098987  0.000000 )
(  0.026602  0.000000  0.000000  0.000000  0.098987  0.000000 )
( -0.000000 -0.000000  0.000000  0.000000  0.018825 -0.000000 )
(  0.026602 -0.000000  0.000000 -0.000000 -0.098987  0.000000 )
( -0.070374 -0.000000 -0.000000  0.000000 -0.084782 -0.000000 )
( -0.021579  0.000000 -0.000000 -0.000000  0.000000  0.000000 )
(  0.070374  0.000000  0.000000  0.000000 -0.084782 -0.000000 )
( -0.026602  0.000000 -0.000000  0.000000 -0.098987  0.000000 )
(  0.021579 -0.000000  0.000000 -0.000000 -0.000000  0.000000 )
( -0.000000 -0.000000 -0.000000  0.000000  0.000000  0.000000 )
(  0.252797 -0.000000 -0.000000 -0.000000  0.000000  0.000000 )
( -0.252797  0.000000  0.000000  0.000000  0.000000  0.000000 )
(  0.201337  0.000000 -0.000000  0.000000 -0.000000 -0.000000 )
( -0.201337 -0.000000  0.000000 -0.000000 -0.000000 -0.000000 )
( -0.000000 -0.000000 -0.000000 -0.000000 -0.000000  0.000000 )
(  0.201337  0.000000  0.000000 -0.000000 -0.000000 -0.000000 )
( -0.201337 -0.000000  0.000000  0.000000 -0.000000 -0.000000 )
(  0.252797 -0.000000 -0.000000  0.000000  0.000000  0.000000 )
( -0.252797  0.000000  0.000000 -0.000000  0.000000  0.000000 )
( -0.014715  0.000000 -0.000000 -0.000000 -0.302005 -0.000000 )
( -0.007570  0.000000  0.069950  0.000000  0.164179  0.000000 )
(  0.007570 -0.000000  0.069950 -0.000000 -0.164179  0.000000 )
( -0.007570  0.000000  0.069950 -0.000000 -0.164179  0.000000 )
(  0.007570 -0.000000  0.069950  0.000000  0.164179  0.000000 )
(  0.014715 -0.000000  0.000000 -0.000000 -0.302005  0.000000 )
( -0.007570  0.000000 -0.069950  0.000000 -0.164179  0.000000 )
(  0.007570 -0.000000 -0.069950 -0.000000  0.164179  0.000000 )
( -0.007570  0.000000 -0.069950 -0.000000  0.164179  0.000000 )
(  0.007570 -0.000000 -0.069950  0.000000 -0.164179  0.000000 )
     freq (  68) =       4.306896 [THz] =     143.662578 [cm-1]
(  0.000000  0.000000 -0.000000  0.000000 -0.154629 -0.000000 )
(  0.000000  0.000000  0.000000 -0.000000 -0.154629 -0.000000 )
( -0.000000 -0.000000 -0.005900  0.000000  0.000000  0.000000 )
(  0.000000  0.000000 -0.005900  0.000000 -0.000000 -0.000000 )
(  0.050962  0.000000  0.000000 -0.000000 -0.084364 -0.000000 )
( -0.050962 -0.000000  0.000000 -0.000000 -0.084364 -0.000000 )
( -0.000000  0.000000  0.000000 -0.000000  0.035595 -0.000000 )
(  0.053681  0.000000  0.000000  0.000000 -0.090813 -0.000000 )
( -0.053681  0.000000 -0.000000 -0.000000 -0.090813 -0.000000 )
( -0.000000 -0.000000  0.000000  0.000000  0.035595  0.000000 )
(  0.053681 -0.000000  0.000000 -0.000000 -0.090813  0.000000 )
( -0.050962 -0.000000 -0.000000  0.000000 -0.084364  0.000000 )
(  0.000000 -0.000000  0.000000  0.000000 -0.059924 -0.000000 )
(  0.050962  0.000000  0.000000 -0.000000 -0.084364 -0.000000 )
( -0.053681  0.000000 -0.000000  0.000000 -0.090813 -0.000000 )
( -0.000000 -0.000000  0.000000  0.000000 -0.059924  0.000000 )
( -0.000000  0.000000 -0.000000 -0.000000  0.272072  0.000000 )
( -0.000000 -0.000000  0.082190  0.000000  0.150562  0.000000 )
(  0.000000 -0.000000 -0.082190  0.000000  0.150562 -0.000000 )
( -0.000000 -0.000000 -0.100477  0.000000  0.190450  0.000000 )
(  0.000000  0.000000  0.100477 -0.000000  0.190450  0.000000 )
( -0.000000 -0.000000  0.000000  0.000000 -0.280109  0.000000 )
( -0.000000 -0.000000  0.100477  0.000000  0.190450  0.000000 )
(  0.000000  0.000000 -0.100477  0.000000  0.190450  0.000000 )
( -0.000000 -0.000000 -0.082190 -0.000000  0.150562  0.000000 )
(  0.000000 -0.000000  0.082190 -0.000000  0.150562 -0.000000 )
(  0.000000 -0.000000 -0.000000 -0.000000  0.000000  0.000000 )
( -0.223557 -0.000000 -0.020379  0.000000 -0.005390 -0.000000 )
( -0.223557 -0.000000  0.020379 -0.000000 -0.005390  0.000000 )
(  0.223557 -0.000000  0.020379 -0.000000 -0.005390 -0.000000 )
(  0.223557  0.000000 -0.020379 -0.000000 -0.005390  0.000000 )
(  0.000000 -0.000000  0.000000  0.000000  0.000000  0.000000 )
(  0.223557 -0.000000 -0.020379 -0.000000 -0.005390 -0.000000 )
(  0.223557  0.000000  0.020379 -0.000000 -0.005390  0.000000 )
( -0.223557  0.000000  0.020379 -0.000000 -0.005390 -0.000000 )
( -0.223557 -0.000000 -0.020379  0.000000 -0.005390  0.000000 )
     freq (  69) =       4.612505 [THz] =     153.856612 [cm-1]
(  0.000000 -0.000000 -0.002894 -0.000000  0.000000  0.000000 )
( -0.000000  0.000000 -0.002894 -0.000000 -0.000000  0.000000 )
( -0.000000 -0.000000 -0.000000  0.000000  0.069198  0.000000 )
(  0.000000 -0.000000 -0.000000  0.000000  0.069198  0.000000 )
( -0.000000  0.000000  0.031308  0.000000 -0.000000  0.000000 )
( -0.000000  0.000000  0.031308 -0.000000  0.000000  0.000000 )
(  0.000000  0.000000  0.055454 -0.000000  0.000000 -0.000000 )
(  0.000000  0.000000 -0.023462  0.000000 -0.000000 -0.000000 )
( -0.000000 -0.000000 -0.023462 -0.000000  0.000000  0.000000 )
(  0.000000 -0.000000  0.055454 -0.000000  0.000000 -0.000000 )
( -0.000000 -0.000000 -0.023462 -0.000000  0.000000  0.000000 )
( -0.000000 -0.000000  0.031308  0.000000  0.000000  0.000000 )
( -0.000000 -0.000000  0.013317  0.000000  0.000000 -0.000000 )
(  0.000000 -0.000000  0.031308 -0.000000  0.000000  0.000000 )
( -0.000000  0.000000 -0.023462  0.000000  0.000000 -0.000000 )
(  0.000000  0.000000  0.013317 -0.000000 -0.000000  0.000000 )
( -0.000000 -0.000000  0.009138  0.000000 -0.000000 -0.000000 )
(  0.000000  0.000000  0.283306  0.000000 -0.037363  0.000000 )
(  0.000000 -0.000000  0.283306 -0.000000  0.037363 -0.000000 )
(  0.000000 -0.000000 -0.285894  0.000000 -0.027748  0.000000 )
(  0.000000  0.000000 -0.285894  0.000000  0.027748  0.000000 )
(  0.000000  0.000000  0.012591 -0.000000 -0.000000  0.000000 )
(  0.000000 -0.000000 -0.285894  0.000000  0.027748 -0.000000 )
(  0.000000  0.000000 -0.285894 -0.000000 -0.027748 -0.000000 )
(  0.000000  0.000000  0.283306  0.000000  0.037363  0.000000 )
(  0.000000 -0.000000  0.283306 -0.000000 -0.037363 -0.000000 )
( -0.000000 -0.000000  0.000000  0.000000 -0.000000  0.000000 )
( -0.004048  0.000000  0.168253 -0.000000  0.108559 -0.000000 )
(  0.004048  0.000000  0.168253 -0.000000 -0.108559  0.000000 )
( -0.004048 -0.000000  0.168253 -0.000000 -0.108559 -0.000000 )
(  0.004048  0.000000  0.168253  0.000000  0.108559  0.000000 )
( -0.000000 -0.000000  0.000000 -0.000000  0.000000 -0.000000 )
(  0.004048 -0.000000  0.168253 -0.000000  0.108559 -0.000000 )
( -0.004048 -0.000000  0.168253  0.000000 -0.108559  0.000000 )
(  0.004048 -0.000000  0.168253 -0.000000 -0.108559 -0.000000 )
( -0.004048  0.000000  0.168253  0.000000  0.108559  0.000000 )
     freq (  70) =       4.629839 [THz] =     154.434809 [cm-1]
(  0.000000  0.000000 -0.000000 -0.000000  0.071698  0.000000 )
(  0.000000 -0.000000 -0.000000  0.000000 -0.071698 -0.000000 )
(  0.000000 -0.000000 -0.000000  0.000000 -0.000000  0.000000 )
(  0.000000  0.000000 -0.000000 -0.000000 -0.000000  0.000000 )
( -0.000000  0.000000 -0.016538  0.000000  0.000000  0.000000 )
( -0.000000 -0.000000  0.016538  0.000000 -0.000000 -0.000000 )
(  0.000000  0.000000 -0.000000  0.000000  0.000000 -0.000000 )
(  0.000000 -0.000000  0.021013  0.000000  0.000000 -0.000000 )
(  0.000000  0.000000 -0.021013 -0.000000 -0.000000 -0.000000 )
( -0.000000 -0.000000 -0.000000  0.000000  0.000000 -0.000000 )
(  0.000000 -0.000000 -0.021013 -0.000000  0.000000  0.000000 )
(  0.000000 -0.000000 -0.016538  0.000000  0.000000 -0.000000 )
( -0.000000 -0.000000  0.056594  0.000000 -0.000000 -0.000000 )
(  0.000000 -0.000000  0.016538 -0.000000 -0.000000  0.000000 )
(  0.000000 -0.000000  0.021013  0.000000  0.000000 -0.000000 )
(  0.000000  0.000000 -0.056594 -0.000000  0.000000  0.000000 )
( -0.000000  0.000000 -0.000000  0.000000  0.000000  0.000000 )
(  0.000000 -0.000000  0.158371  0.000000  0.106437 -0.000000 )
( -0.000000 -0.000000 -0.158371 -0.000000  0.106437  0.000000 )
( -0.000000  0.000000 -0.171727 -0.000000  0.114534  0.000000 )
(  0.000000 -0.000000  0.171727 -0.000000  0.114534  0.000000 )
(  0.000000 -0.000000  0.000000  0.000000  0.000000 -0.000000 )
( -0.000000  0.000000 -0.171727 -0.000000 -0.114534 -0.000000 )
( -0.000000  0.000000  0.171727 -0.000000 -0.114534 -0.000000 )
( -0.000000  0.000000  0.158371  0.000000 -0.106437 -0.000000 )
( -0.000000  0.000000 -0.158371 -0.000000 -0.106437 -0.000000 )
(  0.000000 -0.000000  0.011791  0.000000 -0.000000 -0.000000 )
( -0.011587 -0.000000 -0.285992  0.000000  0.032974  0.000000 )
( -0.011587 -0.000000  0.285992  0.000000  0.032974  0.000000 )
( -0.011587  0.000000 -0.285992 -0.000000 -0.032974 -0.000000 )
( -0.011587  0.000000  0.285992  0.000000 -0.032974  0.000000 )
(  0.000000 -0.000000 -0.011791 -0.000000 -0.000000 -0.000000 )
(  0.011587 -0.000000 -0.285992  0.000000  0.032974  0.000000 )
(  0.011587 -0.000000  0.285992  0.000000  0.032974 -0.000000 )
(  0.011587 -0.000000 -0.285992  0.000000 -0.032974  0.000000 )
(  0.011587 -0.000000  0.285992  0.000000 -0.032974  0.000000 )
     freq (  71) =       4.804709 [THz] =     160.267842 [cm-1]
(  0.036700  0.000000  0.000000 -0.000000 -0.000000 -0.000000 )
(  0.036700  0.000000  0.000000  0.000000  0.000000  0.000000 )
( -0.000000  0.000000  0.000000  0.000000  0.000000  0.000000 )
(  0.000000 -0.000000 -0.000000 -0.000000 -0.000000 -0.000000 )
(  0.026456 -0.000000 -0.000000 -0.000000 -0.119404  0.000000 )
(  0.026456 -0.000000 -0.000000 -0.000000  0.119404 -0.000000 )
(  0.034051  0.000000 -0.000000 -0.000000 -0.000000  0.000000 )
(  0.049396  0.000000 -0.000000 -0.000000 -0.117101 -0.000000 )
(  0.049396  0.000000 -0.000000  0.000000  0.117101 -0.000000 )
(  0.034051 -0.000000 -0.000000  0.000000  0.000000 -0.000000 )
(  0.049396  0.000000  0.000000  0.000000 -0.117101 -0.000000 )
(  0.026456 -0.000000  0.000000  0.000000  0.119404  0.000000 )
( -0.028059  0.000000 -0.000000 -0.000000 -0.000000 -0.000000 )
(  0.026456 -0.000000 -0.000000  0.000000 -0.119404 -0.000000 )
(  0.049396  0.000000 -0.000000 -0.000000  0.117101  0.000000 )
( -0.028059 -0.000000 -0.000000  0.000000  0.000000 -0.000000 )
( -0.643186  0.000000  0.000000 -0.000000  0.000000 -0.000000 )
(  0.001122 -0.000000 -0.000000 -0.000000  0.000000 -0.000000 )
(  0.001122 -0.000000  0.000000  0.000000 -0.000000  0.000000 )
( -0.014334  0.000000  0.000000 -0.000000  0.000000 -0.000000 )
( -0.014334  0.000000  0.000000 -0.000000 -0.000000  0.000000 )
(  0.589830  0.000000  0.000000  0.000000  0.000000 -0.000000 )
( -0.014334  0.000000  0.000000  0.000000  0.000000 -0.000000 )
( -0.014334  0.000000  0.000000  0.000000 -0.000000  0.000000 )
(  0.001122 -0.000000 -0.000000  0.000000  0.000000 -0.000000 )
(  0.001122 -0.000000 -0.000000  0.000000 -0.000000  0.000000 )
( -0.000000  0.000000 -0.000000 -0.000000  0.000000 -0.000000 )
(  0.000590 -0.000000 -0.022882 -0.000000  0.113119  0.000000 )
(  0.000590 -0.000000  0.022882 -0.000000  0.113119 -0.000000 )
(  0.000590 -0.000000 -0.022882  0.000000 -0.113119  0.000000 )
(  0.000590 -0.000000  0.022882  0.000000 -0.113119 -0.000000 )
( -0.000000  0.000000  0.000000  0.000000 -0.000000  0.000000 )
(  0.000590 -0.000000  0.022882 -0.000000 -0.113119  0.000000 )
(  0.000590 -0.000000 -0.022882 -0.000000 -0.113119 -0.000000 )
(  0.000590 -0.000000  0.022882  0.000000  0.113119  0.000000 )
(  0.000590 -0.000000 -0.022882  0.000000  0.113119 -0.000000 )
     freq (  72) =       4.874559 [THz] =     162.597797 [cm-1]
( -0.000000 -0.000000 -0.008415 -0.000000  0.000000  0.000000 )
( -0.000000 -0.000000  0.008415  0.000000 -0.000000 -0.000000 )
( -0.039901 -0.000000  0.000000  0.000000 -0.000000  0.000000 )
(  0.039901  0.000000 -0.000000 -0.000000 -0.000000 -0.000000 )
(  0.035743  0.000000 -0.000000 -0.000000 -0.127296  0.000000 )
(  0.035743 -0.000000  0.000000  0.000000  0.127296 -0.000000 )
(  0.011089 -0.000000 -0.000000  0.000000  0.000000  0.000000 )
(  0.037772 -0.000000  0.000000  0.000000 -0.091555  0.000000 )
(  0.037772 -0.000000 -0.000000 -0.000000  0.091555 -0.000000 )
( -0.011089 -0.000000 -0.000000  0.000000  0.000000 -0.000000 )
( -0.037772 -0.000000 -0.000000 -0.000000  0.091555  0.000000 )
( -0.035743 -0.000000  0.000000 -0.000000 -0.127296 -0.000000 )
(  0.000000  0.000000  0.000000 -0.000000 -0.013886  0.000000 )
( -0.035743  0.000000 -0.000000  0.000000  0.127296  0.000000 )
( -0.037772 -0.000000  0.000000 -0.000000 -0.091555 -0.000000 )
(  0.000000  0.000000 -0.000000 -0.000000  0.013886  0.000000 )
(  0.000000  0.000000 -0.000000  0.000000 -0.000000  0.000000 )
( -0.000000  0.000000 -0.015366 -0.000000  0.110983  0.000000 )
(  0.000000  0.000000 -0.015366  0.000000 -0.110983 -0.000000 )
( -0.000000  0.000000 -0.000116 -0.000000  0.098122  0.000000 )
(  0.000000  0.000000 -0.000116  0.000000 -0.098122 -0.000000 )
( -0.000000 -0.000000 -0.000000 -0.000000 -0.000000 -0.000000 )
(  0.000000  0.000000  0.000116 -0.000000  0.098122  0.000000 )
( -0.000000  0.000000  0.000116 -0.000000 -0.098122 -0.000000 )
( -0.000000  0.000000  0.015366  0.000000  0.110983  0.000000 )
( -0.000000  0.000000  0.015366  0.000000 -0.110983 -0.000000 )
( -0.629497 -0.000000  0.000000  0.000000 -0.009592 -0.000000 )
(  0.003363  0.000000  0.025787 -0.000000 -0.001845 -0.000000 )
( -0.003363 -0.000000  0.025787 -0.000000  0.001845 -0.000000 )
( -0.003363  0.000000 -0.025787  0.000000 -0.001845  0.000000 )
(  0.003363  0.000000 -0.025787  0.000000  0.001845  0.000000 )
( -0.629497  0.000000  0.000000 -0.000000  0.009592  0.000000 )
( -0.003363  0.000000  0.025787 -0.000000 -0.001845  0.000000 )
(  0.003363  0.000000  0.025787  0.000000  0.001845  0.000000 )
(  0.003363  0.000000 -0.025787 -0.000000 -0.001845 -0.000000 )
( -0.003363 -0.000000 -0.025787  0.000000  0.001845 -0.000000 )
     freq (  73) =       5.386156 [THz] =     179.662822 [cm-1]
( -0.000000 -0.000000  0.000000 -0.000000  0.000000 -0.000000 )
( -0.000000 -0.000000 -0.000000 -0.000000  0.000000 -0.000000 )
(  0.000000 -0.000000 -0.000000 -0.000000 -0.013224 -0.000000 )
( -0.000000  0.000000 -0.000000 -0.000000  0.013224  0.000000 )
( -0.165983 -0.000000  0.000000 -0.000000 -0.072320 -0.000000 )
(  0.165983  0.000000  0.000000 -0.000000 -0.072320 -0.000000 )
(  0.000000  0.000000 -0.000000  0.000000 -0.258572  0.000000 )
(  0.345454 -0.000000 -0.000000  0.000000  0.174478 -0.000000 )
( -0.345454  0.000000  0.000000  0.000000  0.174478 -0.000000 )
(  0.000000  0.000000  0.000000 -0.000000  0.258572 -0.000000 )
( -0.345454 -0.000000 -0.000000 -0.000000 -0.174478 -0.000000 )
( -0.165983  0.000000 -0.000000  0.000000  0.072320 -0.000000 )
( -0.007759 -0.000000 -0.000000 -0.000000  0.000000 -0.000000 )
(  0.165983  0.000000 -0.000000 -0.000000  0.072320  0.000000 )
(  0.345454  0.000000 -0.000000 -0.000000 -0.174478 -0.000000 )
(  0.007759  0.000000  0.000000  0.000000  0.000000 -0.000000 )
(  0.000000  0.000000  0.000000 -0.000000  0.000000 -0.000000 )
(  0.029392  0.000000  0.000000 -0.000000 -0.000000  0.000000 )
( -0.029392 -0.000000 -0.000000  0.000000 -0.000000  0.000000 )
( -0.096667 -0.000000  0.000000 -0.000000 -0.000000  0.000000 )
(  0.096667  0.000000  0.000000 -0.000000 -0.000000  0.000000 )
(  0.000000  0.000000 -0.000000  0.000000 -0.000000  0.000000 )
( -0.096667 -0.000000 -0.000000 -0.000000 -0.000000  0.000000 )
(  0.096667  0.000000 -0.000000  0.000000 -0.000000  0.000000 )
(  0.029392  0.000000 -0.000000  0.000000 -0.000000  0.000000 )
( -0.029392 -0.000000  0.000000 -0.000000  0.000000  0.000000 )
(  0.098828  0.000000 -0.000000 -0.000000  0.069071 -0.000000 )
(  0.077118  0.000000 -0.031826 -0.000000  0.035314 -0.000000 )
( -0.077118  0.000000 -0.031826 -0.000000 -0.035314  0.000000 )
(  0.077118  0.000000 -0.031826 -0.000000 -0.035314  0.000000 )
( -0.077118 -0.000000 -0.031826 -0.000000  0.035314 -0.000000 )
( -0.098828 -0.000000  0.000000 -0.000000  0.069071  0.000000 )
(  0.077118  0.000000  0.031826  0.000000 -0.035314  0.000000 )
( -0.077118 -0.000000  0.031826  0.000000  0.035314 -0.000000 )
(  0.077118  0.000000  0.031826  0.000000  0.035314 -0.000000 )
( -0.077118  0.000000  0.031826  0.000000 -0.035314  0.000000 )
     freq (  74) =       5.419289 [THz] =     180.768018 [cm-1]
( -0.000000 -0.000000  0.000000  0.000000 -0.023465 -0.000000 )
(  0.000000 -0.000000 -0.000000  0.000000 -0.023465 -0.000000 )
(  0.000000 -0.000000 -0.001719 -0.000000  0.000000 -0.000000 )
(  0.000000  0.000000 -0.001719  0.000000 -0.000000  0.000000 )
( -0.187247  0.000000  0.000000  0.000000 -0.129221  0.000000 )
(  0.187247  0.000000 -0.000000  0.000000 -0.129221  0.000000 )
(  0.000000  0.000000  0.000000  0.000000  0.003445 -0.000000 )
( -0.181329  0.000000 -0.000000 -0.000000 -0.112314  0.000000 )
(  0.181329 -0.000000 -0.000000  0.000000 -0.112314  0.000000 )
( -0.000000 -0.000000 -0.000000 -0.000000  0.003445  0.000000 )
( -0.181329 -0.000000 -0.000000  0.000000 -0.112314 -0.000000 )
(  0.187247  0.000000  0.000000  0.000000 -0.129221 -0.000000 )
( -0.000000  0.000000 -0.000000  0.000000 -0.491245  0.000000 )
( -0.187247  0.000000 -0.000000  0.000000 -0.129221 -0.000000 )
(  0.181329  0.000000  0.000000 -0.000000 -0.112314 -0.000000 )
( -0.000000 -0.000000  0.000000 -0.000000 -0.491245  0.000000 )
( -0.000000  0.000000 -0.000000  0.000000 -0.163666 -0.000000 )
(  0.000000 -0.000000 -0.045979  0.000000  0.077837 -0.000000 )
(  0.000000 -0.000000  0.045979 -0.000000  0.077837 -0.000000 )
( -0.000000 -0.000000  0.015911 -0.000000  0.091195  0.000000 )
(  0.000000  0.000000 -0.015911  0.000000  0.091195  0.000000 )
( -0.000000  0.000000 -0.000000  0.000000  0.036244 -0.000000 )
( -0.000000 -0.000000 -0.015911  0.000000  0.091195  0.000000 )
( -0.000000  0.000000  0.015911 -0.000000  0.091195  0.000000 )
(  0.000000 -0.000000  0.045979 -0.000000  0.077837 -0.000000 )
(  0.000000 -0.000000 -0.045979  0.000000  0.077837 -0.000000 )
(  0.000000  0.000000 -0.000000  0.000000 -0.000000  0.000000 )
(  0.063063  0.000000  0.006292 -0.000000  0.001010  0.000000 )
(  0.063063  0.000000 -0.006292 -0.000000  0.001010 -0.000000 )
( -0.063063  0.000000 -0.006292 -0.000000  0.001010 -0.000000 )
( -0.063063  0.000000  0.006292  0.000000  0.001010  0.000000 )
( -0.000000 -0.000000 -0.000000 -0.000000 -0.000000  0.000000 )
( -0.063063  0.000000  0.006292  0.000000  0.001010 -0.000000 )
( -0.063063  0.000000 -0.006292 -0.000000  0.001010  0.000000 )
(  0.063063  0.000000 -0.006292  0.000000  0.001010  0.000000 )
(  0.063063  0.000000  0.006292  0.000000  0.001010 -0.000000 )
     freq (  75) =       5.447827 [THz] =     181.719935 [cm-1]
(  0.009988 -0.000000 -0.000000  0.000000  0.000000  0.000000 )
(  0.009988 -0.000000  0.000000 -0.000000  0.000000  0.000000 )
( -0.000000  0.000000  0.000000  0.000000 -0.000000  0.000000 )
( -0.000000 -0.000000 -0.000000 -0.000000  0.000000 -0.000000 )
( -0.345544  0.000000  0.000000 -0.000000 -0.136219  0.000000 )
( -0.345544  0.000000  0.000000  0.000000  0.136219 -0.000000 )
(  0.000078  0.000000 -0.000000 -0.000000  0.000000  0.000000 )
(  0.253263 -0.000000  0.000000 -0.000000  0.115670 -0.000000 )
(  0.253263 -0.000000 -0.000000  0.000000 -0.115670  0.000000 )
(  0.000078 -0.000000  0.000000  0.000000  0.000000 -0.000000 )
(  0.253263  0.000000  0.000000  0.000000  0.115670  0.000000 )
( -0.345544  0.000000 -0.000000  0.000000  0.136219  0.000000 )
( -0.028518  0.000000 -0.000000 -0.000000  0.000000  0.000000 )
( -0.345544  0.000000 -0.000000 -0.000000 -0.136219  0.000000 )
(  0.253263 -0.000000  0.000000 -0.000000 -0.115670  0.000000 )
( -0.028518  0.000000  0.000000 -0.000000  0.000000  0.000000 )
( -0.083465  0.000000  0.000000  0.000000  0.000000  0.000000 )
(  0.091729 -0.000000  0.000000 -0.000000 -0.000000 -0.000000 )
(  0.091729 -0.000000 -0.000000 -0.000000 -0.000000 -0.000000 )
( -0.085994  0.000000  0.000000  0.000000 -0.000000 -0.000000 )
( -0.085994  0.000000  0.000000  0.000000 -0.000000 -0.000000 )
( -0.135825  0.000000 -0.000000 -0.000000 -0.000000 -0.000000 )
( -0.085994  0.000000  0.000000 -0.000000 -0.000000 -0.000000 )
( -0.085994  0.000000 -0.000000 -0.000000 -0.000000 -0.000000 )
(  0.091729 -0.000000 -0.000000  0.000000 -0.000000 -0.000000 )
(  0.091729 -0.000000  0.000000  0.000000 -0.000000 -0.000000 )
(  0.000000  0.000000 -0.000000 -0.000000 -0.000000 -0.000000 )
( -0.073095  0.000000  0.024657 -0.000000 -0.000824 -0.000000 )
( -0.073095  0.000000 -0.024657  0.000000 -0.000824  0.000000 )
( -0.073095  0.000000  0.024657 -0.000000  0.000824  0.000000 )
( -0.073095  0.000000 -0.024657  0.000000  0.000824 -0.000000 )
( -0.000000 -0.000000  0.000000 -0.000000 -0.000000 -0.000000 )
( -0.073095  0.000000 -0.024657  0.000000  0.000824  0.000000 )
( -0.073095  0.000000  0.024657 -0.000000  0.000824 -0.000000 )
( -0.073095  0.000000 -0.024657  0.000000 -0.000824 -0.000000 )
( -0.073095  0.000000  0.024657 -0.000000 -0.000824  0.000000 )
     freq (  76) =       5.509943 [THz] =     183.791919 [cm-1]
( -0.000000  0.000000  0.000000  0.000000  0.000000  0.000000 )
( -0.000000  0.000000 -0.000000 -0.000000 -0.000000  0.000000 )
(  0.000000  0.000000 -0.000000  0.000000  0.010561 -0.000000 )
( -0.000000 -0.000000 -0.000000  0.000000 -0.010561  0.000000 )
( -0.325514 -0.000000  0.000000 -0.000000 -0.201828 -0.000000 )
(  0.325514 -0.000000 -0.000000 -0.000000 -0.201828  0.000000 )
(  0.000000  0.000000 -0.000000 -0.000000  0.366821  0.000000 )
( -0.043799  0.000000  0.000000  0.000000 -0.063079  0.000000 )
(  0.043799 -0.000000 -0.000000  0.000000 -0.063079  0.000000 )
(  0.000000  0.000000  0.000000 -0.000000 -0.366821  0.000000 )
(  0.043799  0.000000  0.000000  0.000000  0.063079  0.000000 )
( -0.325514 -0.000000  0.000000  0.000000  0.201828  0.000000 )
( -0.030627 -0.000000 -0.000000  0.000000  0.000000  0.000000 )
(  0.325514  0.000000 -0.000000  0.000000  0.201828  0.000000 )
( -0.043799  0.000000 -0.000000 -0.000000  0.063079  0.000000 )
(  0.030627  0.000000 -0.000000  0.000000  0.000000  0.000000 )
(  0.000000 -0.000000 -0.000000 -0.000000  0.000000  0.000000 )
(  0.074596  0.000000 -0.000000  0.000000 -0.000000 -0.000000 )
( -0.074596 -0.000000 -0.000000 -0.000000 -0.000000 -0.000000 )
(  0.020912 -0.000000 -0.000000 -0.000000 -0.000000 -0.000000 )
( -0.020912 -0.000000  0.000000  0.000000 -0.000000 -0.000000 )
(  0.000000 -0.000000 -0.000000  0.000000 -0.000000 -0.000000 )
(  0.020912 -0.000000  0.000000  0.000000 -0.000000 -0.000000 )
( -0.020912 -0.000000 -0.000000 -0.000000 -0.000000 -0.000000 )
(  0.074596  0.000000 -0.000000 -0.000000 -0.000000 -0.000000 )
( -0.074596 -0.000000 -0.000000  0.000000 -0.000000 -0.000000 )
(  0.085832  0.000000 -0.000000 -0.000000 -0.066322 -0.000000 )
(  0.047408 -0.000000 -0.016832  0.000000 -0.079558 -0.000000 )
( -0.047408 -0.000000 -0.016832 -0.000000  0.079558  0.000000 )
(  0.047408  0.000000 -0.016832 -0.000000  0.079558  0.000000 )
( -0.047408 -0.000000 -0.016832 -0.000000 -0.079558 -0.000000 )
( -0.085832 -0.000000 -0.000000 -0.000000 -0.066322 -0.000000 )
(  0.047408  0.000000  0.016832  0.000000  0.079558  0.000000 )
( -0.047408 -0.000000  0.016832  0.000000 -0.079558 -0.000000 )
(  0.047408 -0.000000  0.016832 -0.000000 -0.079558 -0.000000 )
( -0.047408 -0.000000  0.016832  0.000000  0.079558  0.000000 )
     freq (  77) =       6.125097 [THz] =     204.311249 [cm-1]
( -0.000000  0.000000 -0.038130  0.000000 -0.000000  0.000000 )
( -0.000000  0.000000  0.038130 -0.000000 -0.000000 -0.000000 )
( -0.018131  0.000000  0.000000 -0.000000 -0.000000 -0.000000 )
(  0.018131 -0.000000 -0.000000 -0.000000  0.000000  0.000000 )
( -0.181244  0.000000 -0.000000  0.000000 -0.199400  0.000000 )
( -0.181244  0.000000  0.000000  0.000000  0.199400  0.000000 )
( -0.041066 -0.000000 -0.000000  0.000000 -0.000000 -0.000000 )
(  0.019208 -0.000000 -0.000000 -0.000000  0.064819 -0.000000 )
(  0.019208 -0.000000 -0.000000  0.000000 -0.064819  0.000000 )
(  0.041066 -0.000000  0.000000 -0.000000  0.000000  0.000000 )
( -0.019208 -0.000000 -0.000000 -0.000000 -0.064819 -0.000000 )
(  0.181244 -0.000000 -0.000000 -0.000000 -0.199400  0.000000 )
(  0.000000  0.000000  0.000000  0.000000 -0.484094  0.000000 )
(  0.181244 -0.000000 -0.000000  0.000000  0.199400 -0.000000 )
( -0.019208 -0.000000  0.000000 -0.000000  0.064819  0.000000 )
(  0.000000 -0.000000 -0.000000  0.000000  0.484094 -0.000000 )
( -0.000000  0.000000  0.000000 -0.000000  0.000000  0.000000 )
( -0.000000  0.000000  0.024302 -0.000000  0.093017 -0.000000 )
( -0.000000  0.000000  0.024302 -0.000000 -0.093017  0.000000 )
( -0.000000  0.000000 -0.108051  0.000000 -0.063503  0.000000 )
(  0.000000  0.000000 -0.108051  0.000000  0.063503 -0.000000 )
( -0.000000  0.000000  0.000000  0.000000  0.000000 -0.000000 )
( -0.000000  0.000000  0.108051 -0.000000 -0.063503  0.000000 )
(  0.000000  0.000000  0.108051 -0.000000  0.063503 -0.000000 )
(  0.000000  0.000000 -0.024302  0.000000  0.093017 -0.000000 )
( -0.000000  0.000000 -0.024302  0.000000 -0.093017  0.000000 )
(  0.081578 -0.000000 -0.000000  0.000000  0.101079  0.000000 )
( -0.008042  0.000000  0.100339 -0.000000  0.011400  0.000000 )
(  0.008042  0.000000  0.100339 -0.000000 -0.011400  0.000000 )
(  0.008042 -0.000000 -0.100339  0.000000  0.011400 -0.000000 )
( -0.008042  0.000000 -0.100339 -0.000000 -0.011400  0.000000 )
(  0.081578  0.000000 -0.000000  0.000000 -0.101079  0.000000 )
(  0.008042 -0.000000  0.100339 -0.000000  0.011400 -0.000000 )
( -0.008042  0.000000  0.100339  0.000000 -0.011400  0.000000 )
( -0.008042  0.000000 -0.100339  0.000000  0.011400  0.000000 )
(  0.008042  0.000000 -0.100339  0.000000 -0.011400  0.000000 )
     freq (  78) =       6.241562 [THz] =     208.196091 [cm-1]
( -0.000000  0.000000 -0.000000 -0.000000 -0.003971 -0.000000 )
( -0.000000  0.000000  0.000000  0.000000 -0.003971 -0.000000 )
(  0.000000 -0.000000 -0.040594  0.000000 -0.000000  0.000000 )
( -0.000000  0.000000 -0.040594  0.000000 -0.000000  0.000000 )
(  0.182499 -0.000000 -0.000000  0.000000  0.150284 -0.000000 )
( -0.182499 -0.000000  0.000000 -0.000000  0.150284  0.000000 )
( -0.000000 -0.000000  0.000000 -0.000000 -0.390037  0.000000 )
( -0.177114  0.000000  0.000000 -0.000000 -0.122781  0.000000 )
(  0.177114 -0.000000 -0.000000  0.000000 -0.122781  0.000000 )
(  0.000000  0.000000  0.000000  0.000000 -0.390037  0.000000 )
( -0.177114  0.000000 -0.000000  0.000000 -0.122781 -0.000000 )
( -0.182499  0.000000 -0.000000  0.000000  0.150284 -0.000000 )
( -0.000000  0.000000  0.000000  0.000000 -0.013566 -0.000000 )
(  0.182499 -0.000000 -0.000000 -0.000000  0.150284 -0.000000 )
(  0.177114 -0.000000  0.000000 -0.000000 -0.122781  0.000000 )
( -0.000000  0.000000  0.000000 -0.000000 -0.013566 -0.000000 )
( -0.000000  0.000000  0.000000 -0.000000  0.021359  0.000000 )
( -0.000000 -0.000000 -0.170247  0.000000 -0.031882  0.000000 )
( -0.000000  0.000000  0.170247 -0.000000 -0.031882  0.000000 )
( -0.000000 -0.000000 -0.159606  0.000000  0.035390 -0.000000 )
( -0.000000  0.000000  0.159606 -0.000000  0.035390 -0.000000 )
( -0.000000  0.000000  0.000000 -0.000000 -0.048950  0.000000 )
( -0.000000 -0.000000  0.159606 -0.000000  0.035390 -0.000000 )
(  0.000000  0.000000 -0.159606  0.000000  0.035390 -0.000000 )
( -0.000000 -0.000000  0.170247 -0.000000 -0.031882  0.000000 )
( -0.000000  0.000000 -0.170247  0.000000 -0.031882  0.000000 )
(  0.000000 -0.000000 -0.000000  0.000000  0.000000  0.000000 )
( -0.001368  0.000000  0.019129 -0.000000  0.079059 -0.000000 )
( -0.001368  0.000000 -0.019129  0.000000  0.079059 -0.000000 )
(  0.001368 -0.000000 -0.019129  0.000000  0.079059 -0.000000 )
(  0.001368  0.000000  0.019129 -0.000000  0.079059 -0.000000 )
( -0.000000  0.000000  0.000000  0.000000 -0.000000  0.000000 )
(  0.001368 -0.000000  0.019129 -0.000000  0.079059 -0.000000 )
(  0.001368  0.000000 -0.019129  0.000000  0.079059 -0.000000 )
( -0.001368  0.000000 -0.019129  0.000000  0.079059 -0.000000 )
( -0.001368  0.000000  0.019129 -0.000000  0.079059 -0.000000 )
     freq (  79) =       6.422379 [THz] =     214.227507 [cm-1]
(  0.000000 -0.000000  0.001528  0.000000 -0.000000 -0.000000 )
(  0.000000 -0.000000 -0.001528 -0.000000 -0.000000  0.000000 )
( -0.004716  0.000000  0.000000 -0.000000  0.000000  0.000000 )
(  0.004716 -0.000000 -0.000000 -0.000000  0.000000 -0.000000 )
( -0.119431 -0.000000 -0.000000  0.000000 -0.013260  0.000000 )
( -0.119431  0.000000 -0.000000 -0.000000  0.013260 -0.000000 )
( -0.639732  0.000000  0.000000 -0.000000 -0.000000 -0.000000 )
(  0.023585 -0.000000 -0.000000  0.000000 -0.032976  0.000000 )
(  0.023585 -0.000000  0.000000  0.000000  0.032976 -0.000000 )
(  0.639732  0.000000 -0.000000  0.000000 -0.000000 -0.000000 )
( -0.023585 -0.000000  0.000000  0.000000  0.032976 -0.000000 )
(  0.119431  0.000000 -0.000000 -0.000000 -0.013260 -0.000000 )
(  0.000000  0.000000 -0.000000  0.000000  0.143603  0.000000 )
(  0.119431 -0.000000  0.000000  0.000000  0.013260  0.000000 )
( -0.023585 -0.000000  0.000000  0.000000 -0.032976 -0.000000 )
(  0.000000  0.000000 -0.000000 -0.000000 -0.143603  0.000000 )
( -0.000000  0.000000 -0.000000  0.000000  0.000000  0.000000 )
(  0.000000 -0.000000  0.102778  0.000000  0.001459  0.000000 )
(  0.000000 -0.000000  0.102778 -0.000000 -0.001459  0.000000 )
( -0.000000  0.000000  0.054303  0.000000  0.020591 -0.000000 )
( -0.000000  0.000000  0.054303  0.000000 -0.020591 -0.000000 )
(  0.000000 -0.000000  0.000000 -0.000000  0.000000  0.000000 )
( -0.000000  0.000000 -0.054303 -0.000000  0.020591 -0.000000 )
( -0.000000  0.000000 -0.054303 -0.000000 -0.020591 -0.000000 )
(  0.000000 -0.000000 -0.102778 -0.000000  0.001459  0.000000 )
(  0.000000 -0.000000 -0.102778  0.000000 -0.001459  0.000000 )
( -0.001019 -0.000000 -0.000000  0.000000 -0.069686  0.000000 )
(  0.004208 -0.000000  0.035795 -0.000000 -0.000306  0.000000 )
( -0.004208 -0.000000  0.035795  0.000000  0.000306 -0.000000 )
( -0.004208 -0.000000 -0.035795  0.000000 -0.000306  0.000000 )
(  0.004208 -0.000000 -0.035795 -0.000000  0.000306 -0.000000 )
( -0.001019 -0.000000 -0.000000 -0.000000  0.069686 -0.000000 )
( -0.004208 -0.000000  0.035795 -0.000000 -0.000306  0.000000 )
(  0.004208 -0.000000  0.035795  0.000000  0.000306 -0.000000 )
(  0.004208 -0.000000 -0.035795  0.000000 -0.000306  0.000000 )
( -0.004208 -0.000000 -0.035795 -0.000000  0.000306 -0.000000 )
     freq (  80) =       6.475676 [THz] =     216.005309 [cm-1]
( -0.000000 -0.000000  0.000000 -0.000000 -0.007570 -0.000000 )
( -0.000000 -0.000000 -0.000000  0.000000 -0.007570 -0.000000 )
(  0.000000 -0.000000 -0.006340 -0.000000  0.000000  0.000000 )
( -0.000000  0.000000 -0.006340 -0.000000  0.000000 -0.000000 )
( -0.135653  0.000000 -0.000000 -0.000000  0.018001  0.000000 )
(  0.135653 -0.000000 -0.000000  0.000000  0.018001  0.000000 )
(  0.000000 -0.000000  0.000000 -0.000000 -0.422978 -0.000000 )
(  0.172209  0.000000  0.000000  0.000000 -0.006568  0.000000 )
( -0.172209 -0.000000 -0.000000  0.000000 -0.006568  0.000000 )
( -0.000000  0.000000  0.000000  0.000000 -0.422978  0.000000 )
(  0.172209  0.000000 -0.000000 -0.000000 -0.006568  0.000000 )
(  0.135653  0.000000 -0.000000 -0.000000  0.018001 -0.000000 )
(  0.000000  0.000000  0.000000 -0.000000 -0.075661 -0.000000 )
( -0.135653  0.000000 -0.000000  0.000000  0.018001  0.000000 )
( -0.172209  0.000000  0.000000  0.000000 -0.006568  0.000000 )
(  0.000000  0.000000  0.000000  0.000000 -0.075661 -0.000000 )
( -0.000000 -0.000000 -0.000000 -0.000000  0.187155 -0.000000 )
( -0.000000 -0.000000  0.050540 -0.000000  0.034186 -0.000000 )
( -0.000000  0.000000 -0.050540  0.000000  0.034186 -0.000000 )
( -0.000000 -0.000000  0.109303  0.000000 -0.031470  0.000000 )
( -0.000000 -0.000000 -0.109303 -0.000000 -0.031470  0.000000 )
(  0.000000  0.000000 -0.000000 -0.000000  0.220391 -0.000000 )
( -0.000000 -0.000000 -0.109303 -0.000000 -0.031470  0.000000 )
( -0.000000 -0.000000  0.109303  0.000000 -0.031470  0.000000 )
( -0.000000 -0.000000 -0.050540  0.000000  0.034186 -0.000000 )
( -0.000000  0.000000  0.050540 -0.000000  0.034186 -0.000000 )
( -0.000000  0.000000  0.000000 -0.000000  0.000000 -0.000000 )
( -0.014433 -0.000000 -0.185364  0.000000  0.035439  0.000000 )
( -0.014433 -0.000000  0.185364  0.000000  0.035439 -0.000000 )
(  0.014433  0.000000  0.185364 -0.000000  0.035439  0.000000 )
(  0.014433  0.000000 -0.185364  0.000000  0.035439  0.000000 )
( -0.000000 -0.000000  0.000000  0.000000 -0.000000  0.000000 )
(  0.014433  0.000000 -0.185364  0.000000  0.035439  0.000000 )
(  0.014433  0.000000  0.185364 -0.000000  0.035439  0.000000 )
( -0.014433 -0.000000  0.185364 -0.000000  0.035439  0.000000 )
( -0.014433 -0.000000 -0.185364 -0.000000  0.035439 -0.000000 )
     freq (  81) =       6.520595 [THz] =     217.503643 [cm-1]
(  0.032979 -0.000000 -0.000000 -0.000000 -0.000000  0.000000 )
(  0.032979 -0.000000  0.000000  0.000000 -0.000000  0.000000 )
( -0.000000  0.000000 -0.000000  0.000000 -0.000000  0.000000 )
(  0.000000 -0.000000 -0.000000  0.000000  0.000000 -0.000000 )
( -0.142532  0.000000  0.000000  0.000000 -0.107631  0.000000 )
( -0.142532  0.000000  0.000000 -0.000000  0.107631  0.000000 )
( -0.013801 -0.000000 -0.000000  0.000000 -0.000000  0.000000 )
( -0.231552  0.000000 -0.000000 -0.000000 -0.130835  0.000000 )
( -0.231552  0.000000  0.000000  0.000000  0.130835 -0.000000 )
( -0.013801  0.000000 -0.000000 -0.000000 -0.000000  0.000000 )
( -0.231552 -0.000000 -0.000000 -0.000000 -0.130835 -0.000000 )
( -0.142532 -0.000000  0.000000 -0.000000  0.107631  0.000000 )
( -0.457653  0.000000  0.000000  0.000000 -0.000000 -0.000000 )
( -0.142532 -0.000000  0.000000  0.000000 -0.107631 -0.000000 )
( -0.231552 -0.000000  0.000000  0.000000  0.130835  0.000000 )
( -0.457653 -0.000000  0.000000 -0.000000 -0.000000  0.000000 )
(  0.078540 -0.000000  0.000000 -0.000000  0.000000 -0.000000 )
(  0.036478 -0.000000  0.000000 -0.000000  0.000000  0.000000 )
(  0.036478 -0.000000 -0.000000 -0.000000  0.000000 -0.000000 )
(  0.053114 -0.000000  0.000000  0.000000 -0.000000 -0.000000 )
(  0.053114 -0.000000 -0.000000  0.000000 -0.000000  0.000000 )
( -0.025830 -0.000000 -0.000000  0.000000  0.000000 -0.000000 )
(  0.053114 -0.000000 -0.000000 -0.000000 -0.000000 -0.000000 )
(  0.053114 -0.000000  0.000000 -0.000000 -0.000000  0.000000 )
(  0.036478 -0.000000 -0.000000  0.000000  0.000000  0.000000 )
(  0.036478 -0.000000  0.000000  0.000000  0.000000 -0.000000 )
(  0.000000 -0.000000 -0.000000  0.000000  0.000000  0.000000 )
(  0.009475  0.000000  0.133207  0.000000  0.015419 -0.000000 )
(  0.009475 -0.000000 -0.133207  0.000000  0.015419 -0.000000 )
(  0.009475 -0.000000  0.133207 -0.000000 -0.015419 -0.000000 )
(  0.009475  0.000000 -0.133207  0.000000 -0.015419 -0.000000 )
(  0.000000 -0.000000  0.000000 -0.000000 -0.000000 -0.000000 )
(  0.009475 -0.000000 -0.133207  0.000000 -0.015419 -0.000000 )
(  0.009475  0.000000  0.133207 -0.000000 -0.015419 -0.000000 )
(  0.009475  0.000000 -0.133207 -0.000000  0.015419 -0.000000 )
(  0.009475 -0.000000  0.133207 -0.000000  0.015419 -0.000000 )
     freq (  82) =       6.737684 [THz] =     224.744957 [cm-1]
(  0.000000  0.000000  0.000000  0.000000 -0.031552  0.000000 )
( -0.000000  0.000000 -0.000000 -0.000000 -0.031552  0.000000 )
( -0.000000 -0.000000  0.000815 -0.000000 -0.000000 -0.000000 )
(  0.000000  0.000000  0.000815 -0.000000  0.000000  0.000000 )
(  0.169021 -0.000000 -0.000000 -0.000000  0.079769 -0.000000 )
( -0.169021 -0.000000 -0.000000  0.000000  0.079769  0.000000 )
(  0.000000  0.000000 -0.000000 -0.000000  0.016027 -0.000000 )
(  0.109328 -0.000000  0.000000 -0.000000  0.242978 -0.000000 )
( -0.109328 -0.000000  0.000000  0.000000  0.242978  0.000000 )
( -0.000000 -0.000000  0.000000 -0.000000  0.016027 -0.000000 )
(  0.109328  0.000000 -0.000000  0.000000  0.242978 -0.000000 )
( -0.169021  0.000000 -0.000000 -0.000000  0.079769 -0.000000 )
(  0.000000  0.000000 -0.000000 -0.000000 -0.330534  0.000000 )
(  0.169021  0.000000 -0.000000  0.000000  0.079769  0.000000 )
( -0.109328  0.000000  0.000000 -0.000000  0.242978 -0.000000 )
(  0.000000  0.000000 -0.000000 -0.000000 -0.330534  0.000000 )
(  0.000000  0.000000 -0.000000 -0.000000 -0.053197  0.000000 )
(  0.000000  0.000000 -0.180961  0.000000  0.006361  0.000000 )
( -0.000000  0.000000  0.180961  0.000000  0.006361 -0.000000 )
(  0.000000  0.000000  0.173309 -0.000000  0.005764  0.000000 )
(  0.000000 -0.000000 -0.173309  0.000000  0.005764 -0.000000 )
(  0.000000  0.000000  0.000000  0.000000 -0.304029  0.000000 )
( -0.000000  0.000000 -0.173309  0.000000  0.005764  0.000000 )
(  0.000000 -0.000000  0.173309 -0.000000  0.005764 -0.000000 )
(  0.000000  0.000000  0.180961 -0.000000  0.006361  0.000000 )
(  0.000000  0.000000 -0.180961 -0.000000  0.006361 -0.000000 )
(  0.000000  0.000000 -0.000000 -0.000000 -0.000000 -0.000000 )
( -0.031218 -0.000000 -0.008502 -0.000000  0.005406  0.000000 )
( -0.031218  0.000000  0.008502  0.000000  0.005406 -0.000000 )
(  0.031218  0.000000  0.008502 -0.000000  0.005406  0.000000 )
(  0.031218 -0.000000 -0.008502 -0.000000  0.005406 -0.000000 )
(  0.000000  0.000000 -0.000000  0.000000  0.000000  0.000000 )
(  0.031218  0.000000 -0.008502  0.000000  0.005406  0.000000 )
(  0.031218 -0.000000  0.008502  0.000000  0.005406 -0.000000 )
( -0.031218 -0.000000  0.008502  0.000000  0.005406  0.000000 )
( -0.031218  0.000000 -0.008502 -0.000000  0.005406 -0.000000 )
     freq (  83) =       6.752194 [THz] =     225.228961 [cm-1]
(  0.000000 -0.000000 -0.006113 -0.000000 -0.000000  0.000000 )
(  0.000000 -0.000000  0.006113  0.000000 -0.000000  0.000000 )
(  0.030977  0.000000  0.000000 -0.000000 -0.000000 -0.000000 )
( -0.030977 -0.000000  0.000000 -0.000000  0.000000  0.000000 )
(  0.266453  0.000000  0.000000 -0.000000  0.084126  0.000000 )
(  0.266453  0.000000  0.000000 -0.000000 -0.084126 -0.000000 )
( -0.228709 -0.000000  0.000000 -0.000000  0.000000 -0.000000 )
(  0.133310  0.000000  0.000000 -0.000000  0.212659 -0.000000 )
(  0.133310  0.000000 -0.000000 -0.000000 -0.212659 -0.000000 )
(  0.228709  0.000000 -0.000000 -0.000000  0.000000  0.000000 )
( -0.133310 -0.000000 -0.000000 -0.000000 -0.212659 -0.000000 )
( -0.266453  0.000000 -0.000000  0.000000  0.084126 -0.000000 )
(  0.000000 -0.000000 -0.000000 -0.000000 -0.209512  0.000000 )
( -0.266453 -0.000000  0.000000 -0.000000 -0.084126 -0.000000 )
( -0.133310  0.000000  0.000000 -0.000000  0.212659 -0.000000 )
(  0.000000 -0.000000  0.000000 -0.000000  0.209512  0.000000 )
(  0.000000  0.000000 -0.000000 -0.000000 -0.000000  0.000000 )
( -0.000000 -0.000000 -0.196997  0.000000 -0.003018 -0.000000 )
( -0.000000 -0.000000 -0.196997 -0.000000  0.003018 -0.000000 )
(  0.000000 -0.000000  0.075854 -0.000000 -0.046332 -0.000000 )
(  0.000000 -0.000000  0.075854  0.000000  0.046332  0.000000 )
(  0.000000 -0.000000  0.000000 -0.000000 -0.000000  0.000000 )
(  0.000000 -0.000000 -0.075854  0.000000 -0.046332 -0.000000 )
(  0.000000 -0.000000 -0.075854 -0.000000  0.046332  0.000000 )
(  0.000000 -0.000000  0.196997 -0.000000 -0.003018 -0.000000 )
(  0.000000 -0.000000  0.196997  0.000000  0.003018 -0.000000 )
( -0.057667 -0.000000  0.000000 -0.000000  0.132335  0.000000 )
(  0.038866  0.000000  0.001493 -0.000000 -0.009163 -0.000000 )
( -0.038866 -0.000000  0.001493  0.000000  0.009163 -0.000000 )
( -0.038866 -0.000000 -0.001493 -0.000000 -0.009163  0.000000 )
(  0.038866 -0.000000 -0.001493  0.000000  0.009163  0.000000 )
( -0.057667 -0.000000 -0.000000  0.000000 -0.132335 -0.000000 )
( -0.038866 -0.000000  0.001493  0.000000 -0.009163  0.000000 )
(  0.038866 -0.000000  0.001493 -0.000000  0.009163  0.000000 )
(  0.038866  0.000000 -0.001493  0.000000 -0.009163 -0.000000 )
( -0.038866 -0.000000 -0.001493 -0.000000  0.009163 -0.000000 )
     freq (  84) =       6.845594 [THz] =     228.344453 [cm-1]
( -0.018221  0.000000  0.000000 -0.000000 -0.000000  0.000000 )
( -0.018221  0.000000 -0.000000  0.000000 -0.000000  0.000000 )
( -0.000000  0.000000 -0.000000  0.000000 -0.000000 -0.000000 )
( -0.000000 -0.000000  0.000000  0.000000 -0.000000  0.000000 )
(  0.155383  0.000000 -0.000000 -0.000000  0.113821  0.000000 )
(  0.155383  0.000000  0.000000  0.000000 -0.113821 -0.000000 )
(  0.069847 -0.000000 -0.000000 -0.000000  0.000000  0.000000 )
(  0.193607 -0.000000  0.000000 -0.000000  0.105991  0.000000 )
(  0.193607  0.000000 -0.000000 -0.000000 -0.105991 -0.000000 )
(  0.069847  0.000000  0.000000  0.000000  0.000000  0.000000 )
(  0.193607 -0.000000 -0.000000 -0.000000  0.105991 -0.000000 )
(  0.155383 -0.000000  0.000000 -0.000000 -0.113821  0.000000 )
( -0.531218  0.000000  0.000000 -0.000000 -0.000000 -0.000000 )
(  0.155383 -0.000000  0.000000 -0.000000  0.113821 -0.000000 )
(  0.193607 -0.000000 -0.000000 -0.000000 -0.105991  0.000000 )
( -0.531218 -0.000000 -0.000000 -0.000000 -0.000000  0.000000 )
( -0.085864  0.000000 -0.000000  0.000000 -0.000000  0.000000 )
( -0.021391  0.000000 -0.000000 -0.000000 -0.000000 -0.000000 )
( -0.021391  0.000000 -0.000000 -0.000000  0.000000  0.000000 )
( -0.025612  0.000000 -0.000000  0.000000  0.000000 -0.000000 )
( -0.025612 -0.000000 -0.000000  0.000000 -0.000000  0.000000 )
( -0.061649 -0.000000  0.000000 -0.000000 -0.000000  0.000000 )
( -0.025612  0.000000 -0.000000 -0.000000  0.000000 -0.000000 )
( -0.025612 -0.000000  0.000000 -0.000000 -0.000000  0.000000 )
( -0.021391  0.000000  0.000000  0.000000  0.000000 -0.000000 )
( -0.021391  0.000000  0.000000  0.000000  0.000000  0.000000 )
( -0.000000 -0.000000 -0.000000 -0.000000  0.000000  0.000000 )
( -0.004110  0.000000 -0.088141 -0.000000 -0.022399 -0.000000 )
( -0.004110 -0.000000  0.088141 -0.000000 -0.022399  0.000000 )
( -0.004110 -0.000000 -0.088141  0.000000  0.022399 -0.000000 )
( -0.004110  0.000000  0.088141  0.000000  0.022399  0.000000 )
( -0.000000 -0.000000 -0.000000  0.000000 -0.000000 -0.000000 )
( -0.004110 -0.000000  0.088141 -0.000000  0.022399 -0.000000 )
( -0.004110  0.000000 -0.088141 -0.000000  0.022399  0.000000 )
( -0.004110  0.000000  0.088141  0.000000 -0.022399 -0.000000 )
( -0.004110 -0.000000 -0.088141  0.000000 -0.022399  0.000000 )
     freq (  85) =       6.969325 [THz] =     232.471657 [cm-1]
(  0.000000 -0.000000  0.010117  0.000000 -0.000000  0.000000 )
(  0.000000 -0.000000 -0.010117 -0.000000 -0.000000  0.000000 )
( -0.012909 -0.000000 -0.000000  0.000000  0.000000 -0.000000 )
(  0.012909  0.000000  0.000000  0.000000 -0.000000  0.000000 )
(  0.128146 -0.000000  0.000000  0.000000 -0.065209 -0.000000 )
(  0.128146  0.000000 -0.000000  0.000000  0.065209 -0.000000 )
( -0.167311  0.000000 -0.000000 -0.000000  0.000000 -0.000000 )
( -0.365517 -0.000000 -0.000000 -0.000000 -0.058276 -0.000000 )
( -0.365517  0.000000 -0.000000  0.000000  0.058276 -0.000000 )
(  0.167311  0.000000 -0.000000 -0.000000 -0.000000  0.000000 )
(  0.365517  0.000000  0.000000  0.000000  0.058276  0.000000 )
( -0.128146 -0.000000  0.000000  0.000000 -0.065209 -0.000000 )
(  0.000000 -0.000000 -0.000000  0.000000 -0.062282  0.000000 )
( -0.128146 -0.000000 -0.000000  0.000000  0.065209  0.000000 )
(  0.365517  0.000000  0.000000 -0.000000 -0.058276 -0.000000 )
(  0.000000 -0.000000  0.000000  0.000000  0.062282  0.000000 )
(  0.000000  0.000000 -0.000000  0.000000 -0.000000  0.000000 )
( -0.000000  0.000000 -0.053818  0.000000 -0.007768  0.000000 )
(  0.000000 -0.000000 -0.053818 -0.000000  0.007768 -0.000000 )
( -0.000000  0.000000 -0.167952 -0.000000  0.046232  0.000000 )
(  0.000000 -0.000000 -0.167952 -0.000000 -0.046232 -0.000000 )
(  0.000000  0.000000  0.000000  0.000000 -0.000000  0.000000 )
( -0.000000  0.000000  0.167952  0.000000  0.046232  0.000000 )
(  0.000000 -0.000000  0.167952  0.000000 -0.046232 -0.000000 )
( -0.000000  0.000000  0.053818 -0.000000 -0.007768  0.000000 )
(  0.000000 -0.000000  0.053818  0.000000  0.007768 -0.000000 )
(  0.007812 -0.000000  0.000000  0.000000  0.195195  0.000000 )
( -0.022120 -0.000000 -0.101452 -0.000000 -0.033986 -0.000000 )
(  0.022120  0.000000 -0.101452 -0.000000  0.033986 -0.000000 )
(  0.022120 -0.000000  0.101452 -0.000000 -0.033986 -0.000000 )
( -0.022120 -0.000000  0.101452  0.000000  0.033986  0.000000 )
(  0.007812  0.000000 -0.000000 -0.000000 -0.195195 -0.000000 )
(  0.022120 -0.000000 -0.101452  0.000000 -0.033986 -0.000000 )
( -0.022120 -0.000000 -0.101452  0.000000  0.033986  0.000000 )
( -0.022120 -0.000000  0.101452  0.000000 -0.033986 -0.000000 )
(  0.022120  0.000000  0.101452  0.000000  0.033986 -0.000000 )
     freq (  86) =       7.037780 [THz] =     234.755067 [cm-1]
(  0.000000  0.000000 -0.000000 -0.000000  0.000000  0.000000 )
(  0.000000  0.000000  0.000000  0.000000  0.000000  0.000000 )
(  0.000000  0.000000 -0.000000 -0.000000  0.030659 -0.000000 )
( -0.000000 -0.000000 -0.000000 -0.000000 -0.030659  0.000000 )
(  0.127176 -0.000000  0.000000 -0.000000  0.111427  0.000000 )
( -0.127176 -0.000000  0.000000 -0.000000  0.111427 -0.000000 )
(  0.000000  0.000000  0.000000 -0.000000  0.440115 -0.000000 )
(  0.218794  0.000000  0.000000  0.000000  0.093327 -0.000000 )
( -0.218794  0.000000 -0.000000 -0.000000  0.093327 -0.000000 )
( -0.000000 -0.000000  0.000000 -0.000000 -0.440115  0.000000 )
( -0.218794 -0.000000 -0.000000 -0.000000 -0.093327 -0.000000 )
(  0.127176  0.000000  0.000000  0.000000 -0.111427  0.000000 )
( -0.025351  0.000000 -0.000000 -0.000000  0.000000  0.000000 )
( -0.127176 -0.000000 -0.000000  0.000000 -0.111427 -0.000000 )
(  0.218794 -0.000000  0.000000  0.000000 -0.093327 -0.000000 )
(  0.025351  0.000000  0.000000  0.000000 -0.000000  0.000000 )
(  0.000000 -0.000000  0.000000  0.000000 -0.000000  0.000000 )
( -0.028187 -0.000000  0.000000  0.000000  0.000000  0.000000 )
(  0.028187  0.000000  0.000000 -0.000000 -0.000000 -0.000000 )
( -0.036888  0.000000  0.000000  0.000000 -0.000000 -0.000000 )
(  0.036888  0.000000  0.000000  0.000000  0.000000  0.000000 )
(  0.000000  0.000000  0.000000  0.000000 -0.000000  0.000000 )
( -0.036888  0.000000 -0.000000 -0.000000 -0.000000 -0.000000 )
(  0.036888  0.000000 -0.000000 -0.000000  0.000000  0.000000 )
( -0.028187 -0.000000 -0.000000 -0.000000  0.000000  0.000000 )
(  0.028187  0.000000 -0.000000  0.000000 -0.000000 -0.000000 )
(  0.047281 -0.000000 -0.000000 -0.000000 -0.000922 -0.000000 )
(  0.013618  0.000000  0.176835  0.000000 -0.022378  0.000000 )
( -0.013618 -0.000000  0.176835  0.000000  0.022378 -0.000000 )
(  0.013618 -0.000000  0.176835 -0.000000  0.022378  0.000000 )
( -0.013618  0.000000  0.176835 -0.000000 -0.022378 -0.000000 )
( -0.047281  0.000000 -0.000000  0.000000 -0.000922  0.000000 )
(  0.013618 -0.000000 -0.176835  0.000000  0.022378  0.000000 )
( -0.013618  0.000000 -0.176835  0.000000 -0.022378 -0.000000 )
(  0.013618  0.000000 -0.176835 -0.000000 -0.022378  0.000000 )
( -0.013618 -0.000000 -0.176835 -0.000000  0.022378 -0.000000 )
     freq (  87) =       7.206931 [THz] =     240.397331 [cm-1]
(  0.000000  0.000000  0.000681 -0.000000  0.000000  0.000000 )
( -0.000000  0.000000 -0.000681  0.000000  0.000000 -0.000000 )
(  0.001532 -0.000000  0.000000  0.000000 -0.000000  0.000000 )
( -0.001532  0.000000  0.000000  0.000000  0.000000 -0.000000 )
(  0.068636 -0.000000  0.000000  0.000000  0.137714 -0.000000 )
(  0.068636 -0.000000  0.000000  0.000000 -0.137714  0.000000 )
( -0.075638 -0.000000 -0.000000 -0.000000 -0.000000  0.000000 )
(  0.088256 -0.000000  0.000000 -0.000000 -0.340746  0.000000 )
(  0.088256 -0.000000  0.000000  0.000000  0.340746  0.000000 )
(  0.075638 -0.000000  0.000000  0.000000  0.000000 -0.000000 )
( -0.088256  0.000000 -0.000000 -0.000000  0.340746 -0.000000 )
( -0.068636 -0.000000  0.000000 -0.000000  0.137714 -0.000000 )
( -0.000000  0.000000  0.000000 -0.000000 -0.279062  0.000000 )
( -0.068636 -0.000000 -0.000000  0.000000 -0.137714  0.000000 )
( -0.088256  0.000000  0.000000 -0.000000 -0.340746  0.000000 )
( -0.000000  0.000000 -0.000000  0.000000  0.279062 -0.000000 )
(  0.000000  0.000000  0.000000  0.000000 -0.000000 -0.000000 )
(  0.000000 -0.000000 -0.095590  0.000000  0.016761 -0.000000 )
( -0.000000  0.000000 -0.095590  0.000000 -0.016761  0.000000 )
(  0.000000  0.000000 -0.082191 -0.000000 -0.021021  0.000000 )
( -0.000000  0.000000 -0.082191  0.000000  0.021021 -0.000000 )
( -0.000000 -0.000000  0.000000  0.000000  0.000000  0.000000 )
(  0.000000  0.000000  0.082191  0.000000 -0.021021  0.000000 )
( -0.000000  0.000000  0.082191 -0.000000  0.021021 -0.000000 )
(  0.000000 -0.000000  0.095590 -0.000000  0.016761 -0.000000 )
( -0.000000  0.000000  0.095590 -0.000000 -0.016761  0.000000 )
(  0.069155 -0.000000 -0.000000  0.000000 -0.280007  0.000000 )
(  0.000997 -0.000000 -0.034642  0.000000  0.002921 -0.000000 )
( -0.000997  0.000000 -0.034642  0.000000 -0.002921  0.000000 )
( -0.000997 -0.000000  0.034642  0.000000  0.002921 -0.000000 )
(  0.000997 -0.000000  0.034642  0.000000 -0.002921 -0.000000 )
(  0.069155 -0.000000 -0.000000 -0.000000  0.280007 -0.000000 )
( -0.000997  0.000000 -0.034642 -0.000000  0.002921 -0.000000 )
(  0.000997 -0.000000 -0.034642 -0.000000 -0.002921 -0.000000 )
(  0.000997 -0.000000  0.034642 -0.000000  0.002921 -0.000000 )
( -0.000997  0.000000  0.034642 -0.000000 -0.002921  0.000000 )
     freq (  88) =       7.489522 [THz] =     249.823558 [cm-1]
( -0.000000 -0.000000 -0.000000 -0.000000 -0.000000  0.000000 )
( -0.000000 -0.000000  0.000000 -0.000000 -0.000000  0.000000 )
( -0.000000  0.000000 -0.000000  0.000000  0.000283  0.000000 )
(  0.000000 -0.000000 -0.000000  0.000000 -0.000283 -0.000000 )
(  0.095253  0.000000 -0.000000  0.000000 -0.102501 -0.000000 )
( -0.095253 -0.000000 -0.000000  0.000000 -0.102501 -0.000000 )
( -0.000000 -0.000000  0.000000  0.000000 -0.064393 -0.000000 )
(  0.210747 -0.000000 -0.000000 -0.000000 -0.357137  0.000000 )
( -0.210747  0.000000 -0.000000  0.000000 -0.357137  0.000000 )
( -0.000000 -0.000000 -0.000000 -0.000000  0.064393 -0.000000 )
( -0.210747 -0.000000  0.000000  0.000000  0.357137  0.000000 )
(  0.095253  0.000000  0.000000  0.000000  0.102501 -0.000000 )
(  0.104129  0.000000 -0.000000  0.000000 -0.000000  0.000000 )
( -0.095253 -0.000000 -0.000000  0.000000  0.102501 -0.000000 )
(  0.210747  0.000000  0.000000  0.000000  0.357137  0.000000 )
( -0.104129 -0.000000 -0.000000  0.000000 -0.000000  0.000000 )
(  0.000000  0.000000 -0.000000 -0.000000  0.000000 -0.000000 )
(  0.014692  0.000000 -0.000000  0.000000  0.000000 -0.000000 )
( -0.014692 -0.000000  0.000000 -0.000000  0.000000 -0.000000 )
(  0.004896  0.000000  0.000000 -0.000000 -0.000000  0.000000 )
( -0.004896 -0.000000 -0.000000  0.000000 -0.000000  0.000000 )
( -0.000000 -0.000000 -0.000000 -0.000000  0.000000 -0.000000 )
(  0.004896  0.000000 -0.000000  0.000000  0.000000  0.000000 )
( -0.004896 -0.000000  0.000000 -0.000000 -0.000000  0.000000 )
(  0.014692  0.000000  0.000000 -0.000000  0.000000 -0.000000 )
( -0.014692 -0.000000 -0.000000  0.000000  0.000000 -0.000000 )
(  0.025457  0.000000 -0.000000  0.000000 -0.316333 -0.000000 )
( -0.004092  0.000000  0.006955 -0.000000  0.010895  0.000000 )
(  0.004092  0.000000  0.006955  0.000000 -0.010895  0.000000 )
( -0.004092 -0.000000  0.006955  0.000000 -0.010895  0.000000 )
(  0.004092 -0.000000  0.006955 -0.000000  0.010895  0.000000 )
( -0.025457 -0.000000  0.000000  0.000000 -0.316333 -0.000000 )
( -0.004092 -0.000000 -0.006955 -0.000000 -0.010895  0.000000 )
(  0.004092 -0.000000 -0.006955  0.000000  0.010895  0.000000 )
( -0.004092  0.000000 -0.006955  0.000000  0.010895  0.000000 )
(  0.004092  0.000000 -0.006955 -0.000000 -0.010895  0.000000 )
     freq (  89) =       7.490491 [THz] =     249.855892 [cm-1]
( -0.000655 -0.000000  0.000000 -0.000000 -0.000000  0.000000 )
( -0.000655 -0.000000 -0.000000  0.000000 -0.000000  0.000000 )
( -0.000000  0.000000 -0.000000  0.000000 -0.000000 -0.000000 )
( -0.000000  0.000000 -0.000000  0.000000  0.000000  0.000000 )
(  0.162492  0.000000 -0.000000  0.000000 -0.258295 -0.000000 )
(  0.162492  0.000000 -0.000000  0.000000  0.258295 -0.000000 )
( -0.051184 -0.000000  0.000000  0.000000  0.000000 -0.000000 )
(  0.201800  0.000000 -0.000000  0.000000 -0.291073  0.000000 )
(  0.201800  0.000000  0.000000  0.000000  0.291073  0.000000 )
( -0.051184 -0.000000 -0.000000 -0.000000  0.000000 -0.000000 )
(  0.201800  0.000000  0.000000  0.000000 -0.291073  0.000000 )
(  0.162492  0.000000 -0.000000  0.000000  0.258295 -0.000000 )
(  0.007536  0.000000  0.000000  0.000000 -0.000000  0.000000 )
(  0.162492  0.000000 -0.000000  0.000000 -0.258295 -0.000000 )
(  0.201800  0.000000 -0.000000  0.000000  0.291073  0.000000 )
(  0.007536 -0.000000 -0.000000  0.000000 -0.000000  0.000000 )
(  0.238218  0.000000 -0.000000 -0.000000  0.000000 -0.000000 )
(  0.003734  0.000000 -0.000000  0.000000  0.000000 -0.000000 )
(  0.003734  0.000000  0.000000 -0.000000  0.000000 -0.000000 )
(  0.005679  0.000000  0.000000 -0.000000 -0.000000  0.000000 )
(  0.005679  0.000000 -0.000000  0.000000 -0.000000  0.000000 )
( -0.247989 -0.000000  0.000000  0.000000  0.000000 -0.000000 )
(  0.005679  0.000000 -0.000000  0.000000 -0.000000  0.000000 )
(  0.005679  0.000000  0.000000 -0.000000 -0.000000  0.000000 )
(  0.003734  0.000000  0.000000 -0.000000  0.000000 -0.000000 )
(  0.003734  0.000000 -0.000000  0.000000  0.000000 -0.000000 )
( -0.000000 -0.000000  0.000000  0.000000  0.000000 -0.000000 )
( -0.003125  0.000000 -0.003036 -0.000000 -0.014984  0.000000 )
( -0.003125  0.000000  0.003036  0.000000 -0.014984  0.000000 )
( -0.003125 -0.000000 -0.003036  0.000000  0.014984  0.000000 )
( -0.003125 -0.000000  0.003036 -0.000000  0.014984  0.000000 )
(  0.000000 -0.000000  0.000000 -0.000000  0.000000  0.000000 )
( -0.003125 -0.000000  0.003036 -0.000000  0.014984  0.000000 )
( -0.003125 -0.000000 -0.003036  0.000000  0.014984  0.000000 )
( -0.003125  0.000000  0.003036  0.000000 -0.014984  0.000000 )
( -0.003125  0.000000 -0.003036 -0.000000 -0.014984  0.000000 )
     freq (  90) =       7.491487 [THz] =     249.889109 [cm-1]
( -0.000000 -0.000000  0.000000 -0.000000  0.006319 -0.000000 )
( -0.000000 -0.000000 -0.000000 -0.000000  0.006319 -0.000000 )
( -0.000000  0.000000  0.001318  0.000000  0.000000  0.000000 )
(  0.000000 -0.000000  0.001318  0.000000 -0.000000 -0.000000 )
(  0.034189  0.000000  0.000000 -0.000000 -0.303571 -0.000000 )
( -0.034189 -0.000000  0.000000 -0.000000 -0.303571 -0.000000 )
( -0.000000 -0.000000 -0.000000 -0.000000 -0.239117 -0.000000 )
( -0.111858  0.000000  0.000000  0.000000  0.187772 -0.000000 )
(  0.111858 -0.000000 -0.000000  0.000000  0.187772 -0.000000 )
( -0.000000 -0.000000  0.000000  0.000000 -0.239117  0.000000 )
( -0.111858 -0.000000 -0.000000 -0.000000  0.187772  0.000000 )
( -0.034189  0.000000 -0.000000  0.000000 -0.303571  0.000000 )
(  0.000000  0.000000  0.000000  0.000000  0.156412  0.000000 )
(  0.034189 -0.000000  0.000000 -0.000000 -0.303571  0.000000 )
(  0.111858  0.000000  0.000000  0.000000  0.187772  0.000000 )
( -0.000000 -0.000000  0.000000  0.000000  0.156412 -0.000000 )
(  0.000000  0.000000 -0.000000 -0.000000 -0.348822  0.000000 )
(  0.000000  0.000000  0.065935  0.000000 -0.012891 -0.000000 )
( -0.000000 -0.000000 -0.065935  0.000000 -0.012891  0.000000 )
(  0.000000  0.000000 -0.029269  0.000000  0.000459 -0.000000 )
(  0.000000 -0.000000  0.029269  0.000000  0.000459  0.000000 )
( -0.000000 -0.000000  0.000000 -0.000000 -0.323144  0.000000 )
(  0.000000  0.000000  0.029269 -0.000000  0.000459 -0.000000 )
(  0.000000 -0.000000 -0.029269 -0.000000  0.000459  0.000000 )
(  0.000000  0.000000 -0.065935 -0.000000 -0.012891 -0.000000 )
( -0.000000 -0.000000  0.065935 -0.000000 -0.012891  0.000000 )
(  0.000000  0.000000 -0.000000  0.000000 -0.000000 -0.000000 )
(  0.004842 -0.000000 -0.051689  0.000000  0.019724  0.000000 )
(  0.004842  0.000000  0.051689  0.000000  0.019724 -0.000000 )
( -0.004842 -0.000000  0.051689  0.000000  0.019724 -0.000000 )
( -0.004842  0.000000 -0.051689  0.000000  0.019724  0.000000 )
( -0.000000 -0.000000 -0.000000  0.000000 -0.000000 -0.000000 )
( -0.004842 -0.000000 -0.051689 -0.000000  0.019724 -0.000000 )
( -0.004842  0.000000  0.051689 -0.000000  0.019724  0.000000 )
(  0.004842 -0.000000  0.051689 -0.000000  0.019724  0.000000 )
(  0.004842  0.000000 -0.051689 -0.000000  0.019724 -0.000000 )
     freq (  91) =       7.614250 [THz] =     253.984049 [cm-1]
(  0.000000  0.000000 -0.000111 -0.000000  0.000000  0.000000 )
(  0.000000  0.000000  0.000111  0.000000  0.000000  0.000000 )
(  0.000092 -0.000000  0.000000  0.000000  0.000000 -0.000000 )
( -0.000092  0.000000  0.000000  0.000000 -0.000000  0.000000 )
(  0.206336 -0.000000  0.000000 -0.000000 -0.336918  0.000000 )
(  0.206336  0.000000  0.000000 -0.000000  0.336918  0.000000 )
( -0.002756  0.000000  0.000000  0.000000 -0.000000 -0.000000 )
(  0.160340 -0.000000  0.000000 -0.000000 -0.159553  0.000000 )
(  0.160340  0.000000  0.000000  0.000000  0.159553  0.000000 )
(  0.002756  0.000000  0.000000 -0.000000 -0.000000 -0.000000 )
( -0.160340 -0.000000 -0.000000 -0.000000  0.159553  0.000000 )
( -0.206336  0.000000 -0.000000 -0.000000 -0.336918 -0.000000 )
( -0.000000  0.000000 -0.000000  0.000000  0.140846  0.000000 )
( -0.206336 -0.000000 -0.000000 -0.000000  0.336918  0.000000 )
( -0.160340  0.000000 -0.000000 -0.000000 -0.159553 -0.000000 )
(  0.000000 -0.000000 -0.000000 -0.000000 -0.140846 -0.000000 )
( -0.000000 -0.000000  0.000000  0.000000 -0.000000  0.000000 )
(  0.000000  0.000000  0.024509  0.000000 -0.025847 -0.000000 )
(  0.000000  0.000000  0.024509 -0.000000  0.025847  0.000000 )
(  0.000000 -0.000000  0.033103 -0.000000 -0.004191  0.000000 )
( -0.000000 -0.000000  0.033103  0.000000  0.004191  0.000000 )
( -0.000000  0.000000  0.000000 -0.000000 -0.000000 -0.000000 )
( -0.000000 -0.000000 -0.033103  0.000000 -0.004191  0.000000 )
( -0.000000 -0.000000 -0.033103 -0.000000  0.004191  0.000000 )
(  0.000000  0.000000 -0.024509 -0.000000 -0.025847 -0.000000 )
(  0.000000  0.000000 -0.024509  0.000000  0.025847  0.000000 )
(  0.209838  0.000000  0.000000  0.000000  0.128849  0.000000 )
( -0.001366  0.000000  0.007726 -0.000000 -0.000564  0.000000 )
(  0.001366  0.000000  0.007726  0.000000  0.000564  0.000000 )
(  0.001366  0.000000 -0.007726  0.000000 -0.000564 -0.000000 )
( -0.001366  0.000000 -0.007726 -0.000000  0.000564 -0.000000 )
(  0.209838  0.000000 -0.000000 -0.000000 -0.128849 -0.000000 )
(  0.001366  0.000000  0.007726 -0.000000 -0.000564 -0.000000 )
( -0.001366  0.000000  0.007726  0.000000  0.000564 -0.000000 )
( -0.001366  0.000000 -0.007726  0.000000 -0.000564  0.000000 )
(  0.001366  0.000000 -0.007726 -0.000000  0.000564  0.000000 )
     freq (  92) =       7.627242 [THz] =     254.417402 [cm-1]
( -0.000000  0.000000  0.000000 -0.000000  0.005834  0.000000 )
( -0.000000  0.000000  0.000000 -0.000000  0.005834  0.000000 )
( -0.000000  0.000000  0.001181  0.000000 -0.000000  0.000000 )
(  0.000000 -0.000000  0.001181 -0.000000  0.000000 -0.000000 )
( -0.244721  0.000000  0.000000  0.000000  0.201072 -0.000000 )
(  0.244721  0.000000  0.000000 -0.000000  0.201072  0.000000 )
(  0.000000 -0.000000 -0.000000 -0.000000 -0.010842  0.000000 )
( -0.195878  0.000000  0.000000  0.000000  0.200852 -0.000000 )
(  0.195878  0.000000 -0.000000 -0.000000  0.200852  0.000000 )
(  0.000000  0.000000 -0.000000  0.000000 -0.010842  0.000000 )
( -0.195878 -0.000000 -0.000000 -0.000000  0.200852  0.000000 )
(  0.244721 -0.000000  0.000000 -0.000000  0.201072 -0.000000 )
( -0.000000 -0.000000  0.000000 -0.000000  0.052151  0.000000 )
( -0.244721 -0.000000  0.000000 -0.000000  0.201072  0.000000 )
(  0.195878 -0.000000 -0.000000  0.000000  0.200852 -0.000000 )
(  0.000000  0.000000 -0.000000 -0.000000  0.052151 -0.000000 )
( -0.000000  0.000000  0.000000 -0.000000  0.352384  0.000000 )
( -0.000000 -0.000000  0.055472  0.000000  0.010509 -0.000000 )
(  0.000000  0.000000 -0.055472  0.000000  0.010509  0.000000 )
(  0.000000  0.000000 -0.038411  0.000000  0.002742 -0.000000 )
(  0.000000 -0.000000  0.038411  0.000000  0.002742  0.000000 )
( -0.000000 -0.000000  0.000000  0.000000 -0.367206  0.000000 )
(  0.000000  0.000000  0.038411 -0.000000  0.002742 -0.000000 )
( -0.000000 -0.000000 -0.038411 -0.000000  0.002742  0.000000 )
(  0.000000 -0.000000 -0.055472 -0.000000  0.010509 -0.000000 )
(  0.000000  0.000000  0.055472 -0.000000  0.010509  0.000000 )
( -0.000000  0.000000 -0.000000  0.000000  0.000000  0.000000 )
(  0.000221  0.000000 -0.007411  0.000000  0.000926 -0.000000 )
(  0.000221  0.000000  0.007411  0.000000  0.000926 -0.000000 )
( -0.000221  0.000000  0.007411 -0.000000  0.000926 -0.000000 )
( -0.000221 -0.000000 -0.007411 -0.000000  0.000926 -0.000000 )
( -0.000000  0.000000  0.000000  0.000000  0.000000 -0.000000 )
( -0.000221  0.000000 -0.007411  0.000000  0.000926 -0.000000 )
( -0.000221 -0.000000  0.007411  0.000000  0.000926  0.000000 )
(  0.000221  0.000000  0.007411 -0.000000  0.000926 -0.000000 )
(  0.000221  0.000000 -0.007411 -0.000000  0.000926 -0.000000 )
     freq (  93) =       7.698788 [THz] =     256.803917 [cm-1]
( -0.000000  0.000000 -0.000000  0.000000 -0.000000 -0.000000 )
( -0.000000 -0.000000  0.000000 -0.000000  0.000000 -0.000000 )
( -0.000000 -0.000000 -0.000000 -0.000000 -0.001482  0.000000 )
(  0.000000  0.000000  0.000000 -0.000000  0.001482 -0.000000 )
( -0.208436 -0.000000 -0.000000 -0.000000  0.336379  0.000000 )
(  0.208436 -0.000000  0.000000 -0.000000  0.336379 -0.000000 )
( -0.000000 -0.000000 -0.000000  0.000000  0.012029 -0.000000 )
(  0.037480  0.000000 -0.000000  0.000000 -0.149873 -0.000000 )
( -0.037480  0.000000  0.000000  0.000000 -0.149873  0.000000 )
( -0.000000 -0.000000  0.000000  0.000000 -0.012029 -0.000000 )
( -0.037480  0.000000 -0.000000 -0.000000  0.149873 -0.000000 )
( -0.208436 -0.000000 -0.000000 -0.000000 -0.336379 -0.000000 )
(  0.337383 -0.000000 -0.000000 -0.000000  0.000000 -0.000000 )
(  0.208436  0.000000  0.000000 -0.000000 -0.336379  0.000000 )
(  0.037480  0.000000 -0.000000  0.000000  0.149873  0.000000 )
( -0.337383  0.000000 -0.000000 -0.000000  0.000000 -0.000000 )
( -0.000000  0.000000  0.000000  0.000000 -0.000000 -0.000000 )
(  0.015729 -0.000000  0.000000 -0.000000 -0.000000 -0.000000 )
( -0.015729 -0.000000 -0.000000  0.000000  0.000000 -0.000000 )
( -0.014275  0.000000 -0.000000  0.000000  0.000000 -0.000000 )
(  0.014275  0.000000  0.000000 -0.000000 -0.000000 -0.000000 )
( -0.000000  0.000000  0.000000  0.000000 -0.000000  0.000000 )
( -0.014275  0.000000  0.000000 -0.000000 -0.000000 -0.000000 )
(  0.014275  0.000000 -0.000000  0.000000  0.000000 -0.000000 )
(  0.015729 -0.000000 -0.000000  0.000000 -0.000000 -0.000000 )
( -0.015729 -0.000000 -0.000000 -0.000000  0.000000 -0.000000 )
( -0.008282  0.000000 -0.000000  0.000000  0.153198  0.000000 )
( -0.008934 -0.000000 -0.009029 -0.000000 -0.001896 -0.000000 )
(  0.008934 -0.000000 -0.009029  0.000000  0.001896 -0.000000 )
( -0.008934 -0.000000 -0.009029 -0.000000  0.001896  0.000000 )
(  0.008934 -0.000000 -0.009029  0.000000 -0.001896  0.000000 )
(  0.008282 -0.000000  0.000000 -0.000000  0.153198  0.000000 )
( -0.008934 -0.000000  0.009029 -0.000000  0.001896  0.000000 )
(  0.008934 -0.000000  0.009029 -0.000000 -0.001896  0.000000 )
( -0.008934 -0.000000  0.009029  0.000000 -0.001896 -0.000000 )
(  0.008934 -0.000000  0.009029 -0.000000  0.001896 -0.000000 )
     freq (  94) =       7.730876 [THz] =     257.874260 [cm-1]
(  0.000146 -0.000000  0.000000  0.000000 -0.000000 -0.000000 )
(  0.000146 -0.000000  0.000000 -0.000000  0.000000 -0.000000 )
(  0.000000 -0.000000  0.000000 -0.000000  0.000000 -0.000000 )
( -0.000000 -0.000000 -0.000000 -0.000000  0.000000  0.000000 )
( -0.111960 -0.000000 -0.000000  0.000000  0.262101  0.000000 )
( -0.111960  0.000000 -0.000000  0.000000 -0.262101  0.000000 )
( -0.468436 -0.000000 -0.000000 -0.000000 -0.000000  0.000000 )
(  0.102745 -0.000000  0.000000  0.000000 -0.202818 -0.000000 )
(  0.102745 -0.000000 -0.000000  0.000000  0.202818 -0.000000 )
( -0.468436  0.000000  0.000000  0.000000 -0.000000 -0.000000 )
(  0.102745 -0.000000 -0.000000 -0.000000 -0.202818  0.000000 )
( -0.111960 -0.000000 -0.000000  0.000000 -0.262101 -0.000000 )
( -0.030982  0.000000 -0.000000  0.000000  0.000000 -0.000000 )
( -0.111960  0.000000 -0.000000 -0.000000  0.262101 -0.000000 )
(  0.102745  0.000000 -0.000000  0.000000  0.202818  0.000000 )
( -0.030982 -0.000000 -0.000000  0.000000 -0.000000  0.000000 )
(  0.050380 -0.000000  0.000000 -0.000000 -0.000000  0.000000 )
( -0.014788  0.000000  0.000000 -0.000000 -0.000000  0.000000 )
( -0.014788 -0.000000  0.000000 -0.000000  0.000000 -0.000000 )
(  0.014029 -0.000000  0.000000 -0.000000 -0.000000 -0.000000 )
(  0.014029  0.000000  0.000000 -0.000000  0.000000  0.000000 )
(  0.143587  0.000000 -0.000000  0.000000 -0.000000 -0.000000 )
(  0.014029 -0.000000 -0.000000  0.000000 -0.000000 -0.000000 )
(  0.014029  0.000000 -0.000000  0.000000  0.000000  0.000000 )
( -0.014788  0.000000 -0.000000  0.000000 -0.000000  0.000000 )
( -0.014788 -0.000000  0.000000  0.000000  0.000000 -0.000000 )
(  0.000000 -0.000000 -0.000000 -0.000000  0.000000  0.000000 )
( -0.018175 -0.000000 -0.002783 -0.000000  0.000045 -0.000000 )
( -0.018175  0.000000  0.002783 -0.000000  0.000045  0.000000 )
( -0.018175 -0.000000 -0.002783 -0.000000 -0.000045  0.000000 )
( -0.018175  0.000000  0.002783 -0.000000 -0.000045 -0.000000 )
(  0.000000 -0.000000  0.000000  0.000000 -0.000000  0.000000 )
( -0.018175 -0.000000  0.002783  0.000000 -0.000045  0.000000 )
( -0.018175  0.000000 -0.002783  0.000000 -0.000045 -0.000000 )
( -0.018175 -0.000000  0.002783  0.000000  0.000045 -0.000000 )
( -0.018175  0.000000 -0.002783  0.000000  0.000045  0.000000 )
     freq (  95) =       7.894750 [THz] =     263.340501 [cm-1]
( -0.000000 -0.000000 -0.004504 -0.000000  0.000000 -0.000000 )
(  0.000000  0.000000 -0.004504 -0.000000 -0.000000  0.000000 )
(  0.000000  0.000000  0.000000 -0.000000  0.015637  0.000000 )
(  0.000000 -0.000000  0.000000 -0.000000  0.015637  0.000000 )
(  0.000000 -0.000000 -0.360145 -0.000000 -0.000000  0.000000 )
(  0.000000  0.000000 -0.360145  0.000000 -0.000000  0.000000 )
( -0.000000  0.000000  0.120281  0.000000  0.000000 -0.000000 )
( -0.000000 -0.000000 -0.076213  0.000000  0.000000  0.000000 )
(  0.000000  0.000000 -0.076213 -0.000000 -0.000000  0.000000 )
( -0.000000  0.000000  0.120281  0.000000 -0.000000 -0.000000 )
( -0.000000 -0.000000 -0.076213 -0.000000  0.000000 -0.000000 )
(  0.000000 -0.000000 -0.360145 -0.000000  0.000000 -0.000000 )
(  0.000000  0.000000 -0.305016 -0.000000 -0.000000  0.000000 )
( -0.000000 -0.000000 -0.360145  0.000000  0.000000  0.000000 )
( -0.000000 -0.000000 -0.076213  0.000000 -0.000000 -0.000000 )
( -0.000000 -0.000000 -0.305016  0.000000  0.000000  0.000000 )
(  0.000000 -0.000000  0.004859  0.000000 -0.000000  0.000000 )
(  0.000000 -0.000000  0.195040  0.000000  0.003892  0.000000 )
(  0.000000  0.000000  0.195040 -0.000000 -0.003892 -0.000000 )
( -0.000000  0.000000  0.078459 -0.000000  0.033935 -0.000000 )
( -0.000000  0.000000  0.078459  0.000000 -0.033935 -0.000000 )
(  0.000000 -0.000000 -0.001843  0.000000 -0.000000 -0.000000 )
(  0.000000 -0.000000  0.078459 -0.000000 -0.033935  0.000000 )
(  0.000000 -0.000000  0.078459  0.000000  0.033935  0.000000 )
( -0.000000  0.000000  0.195040  0.000000 -0.003892 -0.000000 )
( -0.000000 -0.000000  0.195040 -0.000000  0.003892  0.000000 )
( -0.000000 -0.000000  0.000000 -0.000000 -0.000000  0.000000 )
(  0.055458  0.000000 -0.067218  0.000000 -0.004787  0.000000 )
( -0.055458 -0.000000 -0.067218 -0.000000  0.004787  0.000000 )
(  0.055458  0.000000 -0.067218  0.000000  0.004787 -0.000000 )
( -0.055458 -0.000000 -0.067218 -0.000000 -0.004787 -0.000000 )
(  0.000000  0.000000 -0.000000  0.000000 -0.000000  0.000000 )
( -0.055458 -0.000000 -0.067218  0.000000 -0.004787  0.000000 )
(  0.055458  0.000000 -0.067218 -0.000000  0.004787  0.000000 )
( -0.055458 -0.000000 -0.067218  0.000000  0.004787 -0.000000 )
(  0.055458  0.000000 -0.067218 -0.000000 -0.004787 -0.000000 )
     freq (  96) =       7.924032 [THz] =     264.317245 [cm-1]
( -0.000000 -0.000000 -0.000000  0.000000 -0.029504  0.000000 )
(  0.000000  0.000000  0.000000 -0.000000  0.029504 -0.000000 )
(  0.000000 -0.000000  0.000000  0.000000  0.000000  0.000000 )
(  0.000000  0.000000 -0.000000 -0.000000  0.000000  0.000000 )
( -0.000000 -0.000000 -0.353737  0.000000  0.000000 -0.000000 )
( -0.000000  0.000000  0.353737 -0.000000 -0.000000  0.000000 )
(  0.000000 -0.000000  0.000000  0.000000  0.000000 -0.000000 )
(  0.000000  0.000000  0.090772 -0.000000 -0.000000  0.000000 )
(  0.000000 -0.000000 -0.090772  0.000000  0.000000 -0.000000 )
(  0.000000 -0.000000  0.000000  0.000000 -0.000000  0.000000 )
(  0.000000  0.000000 -0.090772  0.000000 -0.000000  0.000000 )
( -0.000000  0.000000 -0.353737  0.000000 -0.000000  0.000000 )
(  0.000000 -0.000000 -0.328896  0.000000 -0.000000 -0.000000 )
( -0.000000  0.000000  0.353737 -0.000000  0.000000 -0.000000 )
(  0.000000 -0.000000  0.090772  0.000000  0.000000 -0.000000 )
(  0.000000  0.000000  0.328896 -0.000000 -0.000000 -0.000000 )
( -0.000000  0.000000  0.000000  0.000000  0.000000  0.000000 )
(  0.000000  0.000000  0.197989 -0.000000  0.002466  0.000000 )
(  0.000000  0.000000 -0.197989  0.000000  0.002466 -0.000000 )
( -0.000000 -0.000000 -0.081167  0.000000 -0.034479  0.000000 )
( -0.000000 -0.000000  0.081167 -0.000000 -0.034479 -0.000000 )
( -0.000000  0.000000  0.000000  0.000000  0.000000  0.000000 )
(  0.000000  0.000000 -0.081167  0.000000  0.034479 -0.000000 )
(  0.000000  0.000000  0.081167 -0.000000  0.034479 -0.000000 )
( -0.000000 -0.000000  0.197989 -0.000000 -0.002466 -0.000000 )
( -0.000000 -0.000000 -0.197989  0.000000 -0.002466  0.000000 )
( -0.000000  0.000000 -0.006114  0.000000 -0.000000  0.000000 )
( -0.036015  0.000000  0.073073 -0.000000  0.030282 -0.000000 )
( -0.036015  0.000000 -0.073073  0.000000  0.030282 -0.000000 )
( -0.036015  0.000000  0.073073 -0.000000 -0.030282  0.000000 )
( -0.036015  0.000000 -0.073073 -0.000000 -0.030282  0.000000 )
(  0.000000 -0.000000  0.006114 -0.000000 -0.000000  0.000000 )
(  0.036015 -0.000000  0.073073 -0.000000  0.030282 -0.000000 )
(  0.036015 -0.000000 -0.073073 -0.000000  0.030282 -0.000000 )
(  0.036015 -0.000000  0.073073 -0.000000 -0.030282  0.000000 )
(  0.036015 -0.000000 -0.073073  0.000000 -0.030282  0.000000 )
     freq (  97) =       7.971316 [THz] =     265.894470 [cm-1]
(  0.001140  0.000000 -0.000000  0.000000  0.000000  0.000000 )
(  0.001140  0.000000 -0.000000 -0.000000 -0.000000 -0.000000 )
(  0.000000  0.000000  0.000000 -0.000000  0.000000  0.000000 )
( -0.000000 -0.000000 -0.000000 -0.000000  0.000000 -0.000000 )
( -0.087291  0.000000 -0.000000  0.000000  0.203620 -0.000000 )
( -0.087291  0.000000 -0.000000 -0.000000 -0.203620 -0.000000 )
(  0.391621  0.000000  0.000000  0.000000 -0.000000  0.000000 )
(  0.021080  0.000000 -0.000000  0.000000 -0.229127  0.000000 )
(  0.021080 -0.000000 -0.000000  0.000000  0.229127  0.000000 )
(  0.391621  0.000000 -0.000000  0.000000 -0.000000 -0.000000 )
(  0.021080 -0.000000  0.000000  0.000000 -0.229127 -0.000000 )
( -0.087291  0.000000  0.000000 -0.000000 -0.203620  0.000000 )
(  0.054059  0.000000  0.000000  0.000000  0.000000 -0.000000 )
( -0.087291  0.000000 -0.000000 -0.000000  0.203620 -0.000000 )
(  0.021080 -0.000000  0.000000 -0.000000  0.229127 -0.000000 )
(  0.054059 -0.000000 -0.000000 -0.000000  0.000000  0.000000 )
( -0.329817  0.000000 -0.000000  0.000000 -0.000000 -0.000000 )
(  0.002467  0.000000 -0.000000 -0.000000  0.000000  0.000000 )
(  0.002467 -0.000000  0.000000  0.000000  0.000000 -0.000000 )
(  0.007753 -0.000000  0.000000 -0.000000  0.000000  0.000000 )
(  0.007753  0.000000 -0.000000 -0.000000  0.000000  0.000000 )
( -0.410840  0.000000 -0.000000  0.000000 -0.000000  0.000000 )
(  0.007753 -0.000000  0.000000  0.000000 -0.000000 -0.000000 )
(  0.007753  0.000000 -0.000000  0.000000  0.000000  0.000000 )
(  0.002467  0.000000 -0.000000  0.000000 -0.000000  0.000000 )
(  0.002467 -0.000000  0.000000  0.000000 -0.000000 -0.000000 )
(  0.000000 -0.000000  0.000000  0.000000 -0.000000 -0.000000 )
(  0.009249  0.000000  0.009218  0.000000  0.003923 -0.000000 )
(  0.009249 -0.000000 -0.009218  0.000000  0.003923 -0.000000 )
(  0.009249 -0.000000  0.009218  0.000000 -0.003923  0.000000 )
(  0.009249  0.000000 -0.009218  0.000000 -0.003923 -0.000000 )
( -0.000000  0.000000 -0.000000 -0.000000 -0.000000  0.000000 )
(  0.009249 -0.000000 -0.009218 -0.000000 -0.003923  0.000000 )
(  0.009249  0.000000  0.009218 -0.000000 -0.003923 -0.000000 )
(  0.009249 -0.000000 -0.009218 -0.000000  0.003923 -0.000000 )
(  0.009249 -0.000000  0.009218 -0.000000  0.003923 -0.000000 )
     freq (  98) =       7.995858 [THz] =     266.713105 [cm-1]
(  0.000000 -0.000000 -0.000000  0.000000 -0.000000 -0.000000 )
( -0.000000 -0.000000  0.000000  0.000000  0.000000  0.000000 )
(  0.000000  0.000000 -0.000000 -0.000000 -0.001708  0.000000 )
(  0.000000 -0.000000  0.000000  0.000000  0.001708  0.000000 )
( -0.041563  0.000000  0.000000 -0.000000  0.166822 -0.000000 )
(  0.041563  0.000000  0.000000 -0.000000  0.166822  0.000000 )
( -0.000000 -0.000000 -0.000000  0.000000 -0.054878  0.000000 )
( -0.000714 -0.000000  0.000000 -0.000000 -0.132889  0.000000 )
(  0.000714 -0.000000  0.000000 -0.000000 -0.132889 -0.000000 )
( -0.000000 -0.000000  0.000000 -0.000000  0.054878  0.000000 )
(  0.000714 -0.000000 -0.000000  0.000000  0.132889  0.000000 )
( -0.041563  0.000000 -0.000000  0.000000 -0.166822  0.000000 )
( -0.506951  0.000000 -0.000000  0.000000  0.000000 -0.000000 )
(  0.041563  0.000000 -0.000000  0.000000 -0.166822 -0.000000 )
( -0.000714 -0.000000 -0.000000  0.000000  0.132889 -0.000000 )
(  0.506951 -0.000000 -0.000000  0.000000 -0.000000  0.000000 )
(  0.000000  0.000000 -0.000000  0.000000 -0.000000 -0.000000 )
( -0.014423  0.000000  0.000000  0.000000 -0.000000  0.000000 )
(  0.014423  0.000000  0.000000 -0.000000  0.000000 -0.000000 )
(  0.012979 -0.000000  0.000000 -0.000000  0.000000 -0.000000 )
( -0.012979 -0.000000  0.000000 -0.000000 -0.000000 -0.000000 )
(  0.000000  0.000000  0.000000  0.000000 -0.000000  0.000000 )
(  0.012979 -0.000000  0.000000 -0.000000 -0.000000  0.000000 )
( -0.012979 -0.000000  0.000000 -0.000000  0.000000  0.000000 )
( -0.014423 -0.000000  0.000000 -0.000000  0.000000 -0.000000 )
(  0.014423 -0.000000  0.000000 -0.000000 -0.000000  0.000000 )
(  0.377809 -0.000000 -0.000000  0.000000  0.039211  0.000000 )
(  0.001565 -0.000000 -0.010711 -0.000000  0.003651 -0.000000 )
( -0.001565 -0.000000 -0.010711  0.000000 -0.003651 -0.000000 )
(  0.001565 -0.000000 -0.010711 -0.000000 -0.003651  0.000000 )
( -0.001565 -0.000000 -0.010711 -0.000000  0.003651  0.000000 )
( -0.377809  0.000000  0.000000  0.000000  0.039211  0.000000 )
(  0.001565 -0.000000  0.010711  0.000000 -0.003651  0.000000 )
( -0.001565 -0.000000  0.010711 -0.000000  0.003651  0.000000 )
(  0.001565 -0.000000  0.010711  0.000000  0.003651 -0.000000 )
( -0.001565 -0.000000  0.010711 -0.000000 -0.003651 -0.000000 )
     freq (  99) =       8.040719 [THz] =     268.209527 [cm-1]
( -0.001750  0.000000 -0.000000  0.000000  0.000000 -0.000000 )
(  0.001750 -0.000000 -0.000000  0.000000 -0.000000  0.000000 )
( -0.000000 -0.000000  0.004336  0.000000 -0.000000  0.000000 )
( -0.000000 -0.000000 -0.004336 -0.000000 -0.000000  0.000000 )
( -0.000000  0.000000 -0.302983 -0.000000  0.000000  0.000000 )
(  0.000000  0.000000 -0.302983 -0.000000  0.000000  0.000000 )
( -0.000000 -0.000000  0.330008  0.000000 -0.000000 -0.000000 )
( -0.000000  0.000000 -0.225536  0.000000 -0.000000 -0.000000 )
(  0.000000 -0.000000 -0.225536  0.000000 -0.000000 -0.000000 )
( -0.000000 -0.000000 -0.330008  0.000000  0.000000  0.000000 )
( -0.000000  0.000000  0.225536  0.000000  0.000000  0.000000 )
( -0.000000 -0.000000  0.302983 -0.000000 -0.000000 -0.000000 )
( -0.000000 -0.000000 -0.000000  0.000000  0.000000  0.000000 )
(  0.000000  0.000000  0.302983  0.000000 -0.000000 -0.000000 )
( -0.000000 -0.000000  0.225536  0.000000 -0.000000  0.000000 )
(  0.000000  0.000000 -0.000000  0.000000  0.000000 -0.000000 )
(  0.000000  0.000000  0.000000 -0.000000 -0.000000 -0.000000 )
(  0.074571  0.000000 -0.000000  0.000000 -0.000000  0.000000 )
(  0.074571  0.000000  0.000000 -0.000000  0.000000 -0.000000 )
( -0.060006 -0.000000  0.000000 -0.000000 -0.000000 -0.000000 )
( -0.060006 -0.000000  0.000000 -0.000000  0.000000  0.000000 )
(  0.000000  0.000000 -0.000000  0.000000 -0.000000  0.000000 )
(  0.060006  0.000000  0.000000 -0.000000  0.000000  0.000000 )
(  0.060006  0.000000  0.000000 -0.000000 -0.000000 -0.000000 )
( -0.074571 -0.000000 -0.000000  0.000000  0.000000 -0.000000 )
( -0.074571 -0.000000  0.000000 -0.000000 -0.000000  0.000000 )
(  0.000000  0.000000  0.001860 -0.000000  0.000000  0.000000 )
(  0.003747 -0.000000 -0.147082 -0.000000  0.014377  0.000000 )
(  0.003747 -0.000000  0.147082 -0.000000  0.014377  0.000000 )
( -0.003747 -0.000000  0.147082  0.000000  0.014377 -0.000000 )
( -0.003747  0.000000 -0.147082 -0.000000  0.014377  0.000000 )
( -0.000000 -0.000000  0.001860  0.000000  0.000000 -0.000000 )
(  0.003747  0.000000  0.147082  0.000000 -0.014377  0.000000 )
(  0.003747 -0.000000 -0.147082 -0.000000 -0.014377 -0.000000 )
( -0.003747  0.000000 -0.147082 -0.000000 -0.014377 -0.000000 )
( -0.003747  0.000000  0.147082 -0.000000 -0.014377 -0.000000 )
     freq ( 100) =       8.077678 [THz] =     269.442349 [cm-1]
(  0.000000  0.000000 -0.003596  0.000000 -0.000000  0.000000 )
( -0.000000 -0.000000 -0.003596  0.000000  0.000000 -0.000000 )
( -0.000000 -0.000000 -0.000000 -0.000000 -0.026780  0.000000 )
( -0.000000 -0.000000  0.000000  0.000000 -0.026780  0.000000 )
(  0.000000  0.000000  0.091539  0.000000 -0.000000 -0.000000 )
( -0.000000 -0.000000  0.091539 -0.000000 -0.000000 -0.000000 )
(  0.000000 -0.000000 -0.347239  0.000000 -0.000000  0.000000 )
( -0.000000 -0.000000 -0.316924  0.000000  0.000000  0.000000 )
(  0.000000  0.000000 -0.316924  0.000000  0.000000  0.000000 )
(  0.000000 -0.000000 -0.347239  0.000000 -0.000000 -0.000000 )
( -0.000000 -0.000000 -0.316924  0.000000 -0.000000 -0.000000 )
( -0.000000  0.000000  0.091539 -0.000000  0.000000  0.000000 )
(  0.000000  0.000000 -0.208082  0.000000  0.000000 -0.000000 )
( -0.000000 -0.000000  0.091539 -0.000000  0.000000  0.000000 )
( -0.000000 -0.000000 -0.316924 -0.000000 -0.000000 -0.000000 )
( -0.000000 -0.000000 -0.208082 -0.000000  0.000000  0.000000 )
( -0.000000  0.000000  0.002648 -0.000000 -0.000000  0.000000 )
( -0.000000 -0.000000  0.007089 -0.000000 -0.038611  0.000000 )
( -0.000000  0.000000  0.007089  0.000000  0.038611  0.000000 )
(  0.000000  0.000000  0.141129 -0.000000 -0.015998  0.000000 )
(  0.000000  0.000000  0.141129 -0.000000  0.015998  0.000000 )
( -0.000000  0.000000 -0.011666  0.000000 -0.000000  0.000000 )
( -0.000000 -0.000000  0.141129 -0.000000  0.015998 -0.000000 )
( -0.000000 -0.000000  0.141129 -0.000000 -0.015998 -0.000000 )
(  0.000000  0.000000  0.007089 -0.000000  0.038611 -0.000000 )
(  0.000000 -0.000000  0.007089  0.000000 -0.038611 -0.000000 )
( -0.000000 -0.000000  0.000000 -0.000000 -0.000000 -0.000000 )
(  0.032706 -0.000000  0.129952 -0.000000 -0.024632 -0.000000 )
( -0.032706  0.000000  0.129952 -0.000000  0.024632 -0.000000 )
(  0.032706 -0.000000  0.129952 -0.000000  0.024632 -0.000000 )
( -0.032706  0.000000  0.129952  0.000000 -0.024632  0.000000 )
(  0.000000  0.000000 -0.000000 -0.000000 -0.000000 -0.000000 )
( -0.032706  0.000000  0.129952 -0.000000 -0.024632  0.000000 )
(  0.032706 -0.000000  0.129952  0.000000  0.024632 -0.000000 )
( -0.032706  0.000000  0.129952 -0.000000  0.024632  0.000000 )
(  0.032706 -0.000000  0.129952 -0.000000 -0.024632  0.000000 )
     freq ( 101) =       8.244963 [THz] =     275.022354 [cm-1]
( -0.000000 -0.000000  0.000000  0.000000  0.000000 -0.000000 )
( -0.000000 -0.000000 -0.000000  0.000000 -0.000000  0.000000 )
(  0.003341  0.000000 -0.000000 -0.000000  0.000000  0.000000 )
(  0.003341  0.000000 -0.000000 -0.000000  0.000000  0.000000 )
(  0.000000 -0.000000 -0.402438  0.000000 -0.000000 -0.000000 )
(  0.000000 -0.000000  0.402438  0.000000 -0.000000  0.000000 )
(  0.000000  0.000000  0.000000  0.000000 -0.000000  0.000000 )
( -0.000000  0.000000 -0.216922  0.000000  0.000000 -0.000000 )
(  0.000000  0.000000  0.216922 -0.000000  0.000000 -0.000000 )
(  0.000000 -0.000000 -0.000000  0.000000 -0.000000 -0.000000 )
( -0.000000 -0.000000 -0.216922 -0.000000  0.000000 -0.000000 )
( -0.000000  0.000000  0.402438  0.000000 -0.000000 -0.000000 )
(  0.000000 -0.000000  0.000000 -0.000000  0.000000  0.000000 )
( -0.000000 -0.000000 -0.402438 -0.000000  0.000000 -0.000000 )
(  0.000000  0.000000  0.216922  0.000000 -0.000000 -0.000000 )
(  0.000000 -0.000000 -0.000000  0.000000  0.000000 -0.000000 )
( -0.000000  0.000000  0.000000 -0.000000 -0.000000  0.000000 )
(  0.098702  0.000000  0.000000 -0.000000  0.000000 -0.000000 )
( -0.098702 -0.000000 -0.000000  0.000000  0.000000 -0.000000 )
( -0.063414 -0.000000  0.000000 -0.000000 -0.000000  0.000000 )
(  0.063414  0.000000 -0.000000  0.000000 -0.000000  0.000000 )
( -0.000000  0.000000  0.000000  0.000000 -0.000000  0.000000 )
(  0.063414  0.000000  0.000000 -0.000000  0.000000 -0.000000 )
( -0.063414 -0.000000 -0.000000  0.000000  0.000000 -0.000000 )
( -0.098702 -0.000000  0.000000 -0.000000 -0.000000  0.000000 )
(  0.098702  0.000000 -0.000000  0.000000 -0.000000  0.000000 )
( -0.000000  0.000000  0.000000  0.000000  0.000000  0.000000 )
( -0.019873  0.000000  0.107079  0.000000  0.041819  0.000000 )
(  0.019873  0.000000  0.107079  0.000000 -0.041819 -0.000000 )
(  0.019873  0.000000 -0.107079 -0.000000  0.041819  0.000000 )
( -0.019873  0.000000 -0.107079 -0.000000 -0.041819 -0.000000 )
(  0.000000  0.000000 -0.000000 -0.000000 -0.000000 -0.000000 )
( -0.019873 -0.000000 -0.107079 -0.000000 -0.041819 -0.000000 )
(  0.019873 -0.000000 -0.107079 -0.000000  0.041819  0.000000 )
(  0.019873 -0.000000  0.107079  0.000000 -0.041819 -0.000000 )
( -0.019873 -0.000000  0.107079  0.000000  0.041819  0.000000 )
     freq ( 102) =       8.259748 [THz] =     275.515539 [cm-1]
( -0.000000 -0.000000 -0.000000 -0.000000 -0.012849  0.000000 )
( -0.000000  0.000000  0.000000 -0.000000  0.012849 -0.000000 )
(  0.000000  0.000000 -0.000000 -0.000000 -0.000000  0.000000 )
(  0.000000  0.000000 -0.000000  0.000000 -0.000000  0.000000 )
( -0.000000 -0.000000  0.236576 -0.000000 -0.000000  0.000000 )
( -0.000000  0.000000 -0.236576  0.000000 -0.000000 -0.000000 )
(  0.000000 -0.000000 -0.000000  0.000000 -0.000000  0.000000 )
(  0.000000 -0.000000  0.318179 -0.000000 -0.000000  0.000000 )
(  0.000000  0.000000 -0.318179  0.000000  0.000000  0.000000 )
(  0.000000 -0.000000  0.000000  0.000000  0.000000 -0.000000 )
(  0.000000 -0.000000 -0.318179  0.000000 -0.000000 -0.000000 )
(  0.000000  0.000000  0.236576  0.000000  0.000000 -0.000000 )
(  0.000000  0.000000 -0.311252  0.000000  0.000000  0.000000 )
(  0.000000 -0.000000 -0.236576 -0.000000  0.000000 -0.000000 )
( -0.000000  0.000000  0.318179  0.000000  0.000000  0.000000 )
( -0.000000 -0.000000  0.311252 -0.000000 -0.000000  0.000000 )
( -0.000000 -0.000000 -0.000000 -0.000000  0.000000  0.000000 )
(  0.000000  0.000000 -0.031735  0.000000 -0.075027  0.000000 )
( -0.000000 -0.000000  0.031735 -0.000000 -0.075027  0.000000 )
( -0.000000 -0.000000 -0.163634  0.000000  0.003955  0.000000 )
(  0.000000  0.000000  0.163634 -0.000000  0.003955 -0.000000 )
( -0.000000 -0.000000 -0.000000  0.000000  0.000000 -0.000000 )
(  0.000000  0.000000 -0.163634  0.000000 -0.003955 -0.000000 )
( -0.000000 -0.000000  0.163634 -0.000000 -0.003955  0.000000 )
( -0.000000 -0.000000 -0.031735  0.000000  0.075027 -0.000000 )
(  0.000000  0.000000  0.031735 -0.000000  0.075027 -0.000000 )
( -0.000000 -0.000000  0.001029 -0.000000  0.000000  0.000000 )
(  0.072463 -0.000000  0.013027  0.000000  0.001175  0.000000 )
(  0.072463 -0.000000 -0.013027  0.000000  0.001175 -0.000000 )
(  0.072463 -0.000000  0.013027 -0.000000 -0.001175  0.000000 )
(  0.072463 -0.000000 -0.013027 -0.000000 -0.001175 -0.000000 )
(  0.000000  0.000000 -0.001029 -0.000000  0.000000  0.000000 )
( -0.072463  0.000000  0.013027 -0.000000  0.001175 -0.000000 )
( -0.072463  0.000000 -0.013027 -0.000000  0.001175  0.000000 )
( -0.072463  0.000000  0.013027  0.000000 -0.001175 -0.000000 )
( -0.072463  0.000000 -0.013027  0.000000 -0.001175  0.000000 )
     freq ( 103) =       8.709314 [THz] =     290.511450 [cm-1]
(  0.000000  0.000000 -0.010399 -0.000000 -0.000000  0.000000 )
( -0.000000 -0.000000 -0.010399 -0.000000  0.000000  0.000000 )
(  0.000000 -0.000000  0.000000 -0.000000  0.003206  0.000000 )
(  0.000000 -0.000000 -0.000000 -0.000000  0.003206  0.000000 )
( -0.000000  0.000000  0.232832  0.000000  0.000000  0.000000 )
(  0.000000 -0.000000  0.232832  0.000000 -0.000000 -0.000000 )
(  0.000000  0.000000  0.164781  0.000000 -0.000000  0.000000 )
( -0.000000  0.000000  0.148465  0.000000  0.000000  0.000000 )
(  0.000000 -0.000000  0.148465 -0.000000 -0.000000  0.000000 )
( -0.000000  0.000000  0.164781  0.000000 -0.000000  0.000000 )
( -0.000000  0.000000  0.148465 -0.000000  0.000000 -0.000000 )
( -0.000000 -0.000000  0.232832  0.000000  0.000000  0.000000 )
( -0.000000  0.000000 -0.532141  0.000000  0.000000 -0.000000 )
(  0.000000  0.000000  0.232832  0.000000 -0.000000  0.000000 )
( -0.000000 -0.000000  0.148465  0.000000 -0.000000 -0.000000 )
( -0.000000 -0.000000 -0.532141 -0.000000 -0.000000 -0.000000 )
(  0.000000 -0.000000 -0.006599 -0.000000  0.000000  0.000000 )
( -0.000000 -0.000000  0.007499 -0.000000 -0.086678 -0.000000 )
( -0.000000 -0.000000  0.007499  0.000000  0.086678  0.000000 )
(  0.000000 -0.000000  0.030870 -0.000000  0.076098  0.000000 )
( -0.000000  0.000000  0.030870  0.000000 -0.076098  0.000000 )
(  0.000000 -0.000000  0.004740  0.000000 -0.000000  0.000000 )
( -0.000000 -0.000000  0.030870 -0.000000 -0.076098 -0.000000 )
(  0.000000 -0.000000  0.030870  0.000000  0.076098 -0.000000 )
(  0.000000  0.000000  0.007499 -0.000000  0.086678  0.000000 )
(  0.000000  0.000000  0.007499  0.000000 -0.086678 -0.000000 )
(  0.000000 -0.000000 -0.000000  0.000000  0.000000 -0.000000 )
( -0.035001  0.000000 -0.015310  0.000000  0.025262  0.000000 )
(  0.035001  0.000000 -0.015310 -0.000000 -0.025262  0.000000 )
( -0.035001 -0.000000 -0.015310  0.000000 -0.025262 -0.000000 )
(  0.035001  0.000000 -0.015310 -0.000000  0.025262  0.000000 )
( -0.000000  0.000000 -0.000000 -0.000000  0.000000 -0.000000 )
(  0.035001  0.000000 -0.015310  0.000000  0.025262  0.000000 )
( -0.035001 -0.000000 -0.015310 -0.000000 -0.025262 -0.000000 )
(  0.035001 -0.000000 -0.015310  0.000000 -0.025262 -0.000000 )
( -0.035001 -0.000000 -0.015310 -0.000000  0.025262 -0.000000 )
     freq ( 104) =       8.769386 [THz] =     292.515240 [cm-1]
( -0.000000 -0.000000 -0.000000 -0.000000  0.001625  0.000000 )
(  0.000000  0.000000 -0.000000 -0.000000 -0.001625 -0.000000 )
(  0.000000  0.000000 -0.000000 -0.000000  0.000000  0.000000 )
( -0.000000  0.000000  0.000000  0.000000  0.000000  0.000000 )
( -0.000000 -0.000000 -0.131557  0.000000 -0.000000 -0.000000 )
(  0.000000  0.000000  0.131557 -0.000000  0.000000  0.000000 )
(  0.000000  0.000000 -0.000000 -0.000000 -0.000000  0.000000 )
(  0.000000  0.000000  0.309741 -0.000000  0.000000  0.000000 )
( -0.000000  0.000000 -0.309741  0.000000  0.000000  0.000000 )
(  0.000000  0.000000  0.000000  0.000000  0.000000 -0.000000 )
( -0.000000 -0.000000 -0.309741  0.000000 -0.000000 -0.000000 )
( -0.000000  0.000000 -0.131557  0.000000  0.000000 -0.000000 )
(  0.000000  0.000000  0.463729 -0.000000  0.000000  0.000000 )
( -0.000000 -0.000000  0.131557  0.000000  0.000000  0.000000 )
( -0.000000 -0.000000  0.309741 -0.000000 -0.000000  0.000000 )
( -0.000000 -0.000000 -0.463729  0.000000 -0.000000 -0.000000 )
(  0.000000  0.000000 -0.000000 -0.000000  0.000000  0.000000 )
(  0.000000  0.000000 -0.037995  0.000000  0.073661 -0.000000 )
(  0.000000  0.000000  0.037995 -0.000000  0.073661 -0.000000 )
( -0.000000  0.000000 -0.023585  0.000000  0.098080 -0.000000 )
(  0.000000 -0.000000  0.023585  0.000000  0.098080 -0.000000 )
( -0.000000 -0.000000  0.000000  0.000000  0.000000 -0.000000 )
(  0.000000 -0.000000 -0.023585  0.000000 -0.098080  0.000000 )
(  0.000000  0.000000  0.023585  0.000000 -0.098080  0.000000 )
( -0.000000 -0.000000 -0.037995  0.000000 -0.073661  0.000000 )
( -0.000000 -0.000000  0.037995 -0.000000 -0.073661  0.000000 )
(  0.000000 -0.000000  0.006733 -0.000000  0.000000  0.000000 )
(  0.020153 -0.000000  0.070459 -0.000000  0.026649 -0.000000 )
(  0.020153  0.000000 -0.070459  0.000000  0.026649 -0.000000 )
(  0.020153 -0.000000  0.070459 -0.000000 -0.026649 -0.000000 )
(  0.020153 -0.000000 -0.070459  0.000000 -0.026649  0.000000 )
(  0.000000  0.000000 -0.006733  0.000000  0.000000 -0.000000 )
( -0.020153  0.000000  0.070459 -0.000000  0.026649  0.000000 )
( -0.020153  0.000000 -0.070459  0.000000  0.026649 -0.000000 )
( -0.020153  0.000000  0.070459 -0.000000 -0.026649  0.000000 )
( -0.020153 -0.000000 -0.070459  0.000000 -0.026649  0.000000 )
     freq ( 105) =       8.803281 [THz] =     293.645843 [cm-1]
(  0.006781  0.000000  0.000000 -0.000000  0.000000  0.000000 )
( -0.006781 -0.000000  0.000000 -0.000000 -0.000000 -0.000000 )
(  0.000000  0.000000  0.009048  0.000000 -0.000000  0.000000 )
(  0.000000  0.000000 -0.009048 -0.000000 -0.000000  0.000000 )
( -0.000000  0.000000  0.319270  0.000000  0.000000  0.000000 )
( -0.000000  0.000000  0.319270  0.000000 -0.000000  0.000000 )
(  0.000000 -0.000000  0.507455  0.000000  0.000000  0.000000 )
( -0.000000 -0.000000 -0.024627 -0.000000  0.000000  0.000000 )
(  0.000000  0.000000 -0.024627  0.000000 -0.000000 -0.000000 )
( -0.000000  0.000000 -0.507455  0.000000 -0.000000  0.000000 )
(  0.000000 -0.000000  0.024627  0.000000  0.000000  0.000000 )
(  0.000000 -0.000000 -0.319270  0.000000 -0.000000 -0.000000 )
( -0.000000 -0.000000  0.000000 -0.000000  0.000000 -0.000000 )
(  0.000000  0.000000 -0.319270 -0.000000  0.000000  0.000000 )
( -0.000000  0.000000  0.024627 -0.000000  0.000000  0.000000 )
( -0.000000  0.000000 -0.000000  0.000000  0.000000 -0.000000 )
( -0.000000 -0.000000  0.000000 -0.000000 -0.000000  0.000000 )
( -0.058555 -0.000000 -0.000000 -0.000000  0.000000 -0.000000 )
( -0.058555 -0.000000  0.000000 -0.000000  0.000000 -0.000000 )
( -0.005450 -0.000000 -0.000000  0.000000  0.000000 -0.000000 )
( -0.005450 -0.000000 -0.000000 -0.000000  0.000000 -0.000000 )
(  0.000000  0.000000 -0.000000  0.000000 -0.000000 -0.000000 )
(  0.005450  0.000000 -0.000000  0.000000 -0.000000  0.000000 )
(  0.005450  0.000000 -0.000000 -0.000000 -0.000000  0.000000 )
(  0.058555  0.000000 -0.000000 -0.000000 -0.000000  0.000000 )
(  0.058555  0.000000  0.000000 -0.000000 -0.000000  0.000000 )
( -0.000000  0.000000 -0.005626 -0.000000 -0.000000  0.000000 )
( -0.032564 -0.000000 -0.032628 -0.000000  0.073880  0.000000 )
( -0.032564 -0.000000  0.032628  0.000000  0.073880 -0.000000 )
(  0.032564  0.000000  0.032628 -0.000000  0.073880  0.000000 )
(  0.032564  0.000000 -0.032628  0.000000  0.073880  0.000000 )
( -0.000000 -0.000000 -0.005626 -0.000000  0.000000  0.000000 )
( -0.032564 -0.000000  0.032628 -0.000000 -0.073880 -0.000000 )
( -0.032564 -0.000000 -0.032628  0.000000 -0.073880 -0.000000 )
(  0.032564  0.000000 -0.032628 -0.000000 -0.073880 -0.000000 )
(  0.032564  0.000000  0.032628  0.000000 -0.073880  0.000000 )
     freq ( 106) =       8.945771 [THz] =     298.398800 [cm-1]
( -0.000000  0.000000 -0.001901 -0.000000 -0.000000  0.000000 )
(  0.000000 -0.000000 -0.001901 -0.000000  0.000000  0.000000 )
( -0.000000 -0.000000 -0.000000 -0.000000 -0.003459  0.000000 )
( -0.000000 -0.000000  0.000000  0.000000 -0.003459  0.000000 )
(  0.000000 -0.000000 -0.099651  0.000000  0.000000 -0.000000 )
(  0.000000  0.000000 -0.099651 -0.000000  0.000000 -0.000000 )
( -0.000000  0.000000 -0.510894  0.000000 -0.000000 -0.000000 )
(  0.000000  0.000000  0.279748 -0.000000 -0.000000  0.000000 )
( -0.000000  0.000000  0.279748 -0.000000  0.000000  0.000000 )
(  0.000000  0.000000 -0.510894  0.000000  0.000000 -0.000000 )
( -0.000000 -0.000000  0.279748 -0.000000 -0.000000  0.000000 )
(  0.000000 -0.000000 -0.099651  0.000000 -0.000000 -0.000000 )
(  0.000000  0.000000 -0.099462 -0.000000 -0.000000  0.000000 )
( -0.000000 -0.000000 -0.099651  0.000000 -0.000000 -0.000000 )
(  0.000000  0.000000  0.279748  0.000000 -0.000000  0.000000 )
(  0.000000 -0.000000 -0.099462  0.000000  0.000000 -0.000000 )
(  0.000000 -0.000000 -0.002466 -0.000000  0.000000  0.000000 )
( -0.000000 -0.000000  0.050683 -0.000000  0.003891 -0.000000 )
(  0.000000  0.000000  0.050683 -0.000000 -0.003891 -0.000000 )
( -0.000000 -0.000000 -0.074433  0.000000  0.044552 -0.000000 )
(  0.000000 -0.000000 -0.074433  0.000000 -0.044552  0.000000 )
( -0.000000 -0.000000 -0.001655  0.000000  0.000000 -0.000000 )
(  0.000000  0.000000 -0.074433  0.000000 -0.044552  0.000000 )
( -0.000000  0.000000 -0.074433  0.000000  0.044552 -0.000000 )
(  0.000000  0.000000  0.050683 -0.000000 -0.003891  0.000000 )
( -0.000000 -0.000000  0.050683 -0.000000  0.003891  0.000000 )
(  0.000000  0.000000  0.000000  0.000000  0.000000  0.000000 )
( -0.017374  0.000000  0.025604  0.000000 -0.084629  0.000000 )
(  0.017374 -0.000000  0.025604  0.000000  0.084629 -0.000000 )
( -0.017374 -0.000000  0.025604 -0.000000  0.084629 -0.000000 )
(  0.017374  0.000000  0.025604  0.000000 -0.084629  0.000000 )
(  0.000000  0.000000  0.000000  0.000000 -0.000000  0.000000 )
(  0.017374  0.000000  0.025604 -0.000000 -0.084629  0.000000 )
( -0.017374 -0.000000  0.025604  0.000000  0.084629 -0.000000 )
(  0.017374 -0.000000  0.025604  0.000000  0.084629 -0.000000 )
( -0.017374  0.000000  0.025604  0.000000 -0.084629  0.000000 )
     freq ( 107) =       8.996027 [THz] =     300.075172 [cm-1]
( -0.000000  0.000000 -0.000000 -0.000000 -0.000000 -0.000000 )
( -0.000000 -0.000000  0.000000 -0.000000  0.000000  0.000000 )
( -0.010305 -0.000000 -0.000000 -0.000000  0.000000 -0.000000 )
( -0.010305 -0.000000 -0.000000  0.000000  0.000000 -0.000000 )
(  0.000000 -0.000000  0.239393  0.000000  0.000000 -0.000000 )
(  0.000000 -0.000000 -0.239393 -0.000000  0.000000 -0.000000 )
( -0.000000 -0.000000  0.000000 -0.000000  0.000000 -0.000000 )
( -0.000000 -0.000000 -0.417528 -0.000000 -0.000000 -0.000000 )
( -0.000000 -0.000000  0.417528  0.000000 -0.000000  0.000000 )
(  0.000000  0.000000  0.000000 -0.000000  0.000000 -0.000000 )
(  0.000000 -0.000000 -0.417528 -0.000000 -0.000000 -0.000000 )
( -0.000000  0.000000 -0.239393 -0.000000  0.000000 -0.000000 )
(  0.000000  0.000000 -0.000000 -0.000000  0.000000  0.000000 )
(  0.000000 -0.000000  0.239393  0.000000  0.000000  0.000000 )
(  0.000000 -0.000000  0.417528  0.000000 -0.000000  0.000000 )
(  0.000000 -0.000000 -0.000000  0.000000 -0.000000  0.000000 )
( -0.000000 -0.000000 -0.000000 -0.000000  0.000000 -0.000000 )
( -0.041954 -0.000000 -0.000000  0.000000 -0.000000 -0.000000 )
(  0.041954  0.000000 -0.000000  0.000000  0.000000 -0.000000 )
( -0.081572 -0.000000  0.000000 -0.000000 -0.000000 -0.000000 )
(  0.081572  0.000000  0.000000 -0.000000  0.000000 -0.000000 )
( -0.000000 -0.000000  0.000000 -0.000000  0.000000  0.000000 )
(  0.081572  0.000000  0.000000 -0.000000  0.000000  0.000000 )
( -0.081572 -0.000000  0.000000 -0.000000 -0.000000  0.000000 )
(  0.041954  0.000000 -0.000000  0.000000  0.000000  0.000000 )
( -0.041954 -0.000000 -0.000000  0.000000 -0.000000  0.000000 )
(  0.000000 -0.000000 -0.000000  0.000000 -0.000000 -0.000000 )
(  0.062863  0.000000  0.029318  0.000000  0.011659 -0.000000 )
( -0.062863 -0.000000  0.029318  0.000000 -0.011659 -0.000000 )
( -0.062863 -0.000000 -0.029318 -0.000000  0.011659  0.000000 )
(  0.062863  0.000000 -0.029318 -0.000000 -0.011659 -0.000000 )
(  0.000000  0.000000  0.000000  0.000000 -0.000000 -0.000000 )
(  0.062863  0.000000 -0.029318 -0.000000 -0.011659 -0.000000 )
( -0.062863 -0.000000 -0.029318 -0.000000  0.011659  0.000000 )
( -0.062863 -0.000000  0.029318  0.000000 -0.011659  0.000000 )
(  0.062863  0.000000  0.029318  0.000000  0.011659  0.000000 )
     freq ( 108) =       9.092205 [THz] =     303.283298 [cm-1]
( -0.008861  0.000000  0.000000 -0.000000  0.000000 -0.000000 )
(  0.008861 -0.000000  0.000000 -0.000000 -0.000000  0.000000 )
(  0.000000  0.000000  0.003759 -0.000000  0.000000  0.000000 )
(  0.000000  0.000000 -0.003759  0.000000  0.000000  0.000000 )
( -0.000000 -0.000000 -0.171499  0.000000 -0.000000 -0.000000 )
(  0.000000  0.000000 -0.171499  0.000000 -0.000000 -0.000000 )
(  0.000000  0.000000  0.255465 -0.000000  0.000000 -0.000000 )
( -0.000000  0.000000  0.414210 -0.000000  0.000000 -0.000000 )
(  0.000000 -0.000000  0.414210 -0.000000 -0.000000  0.000000 )
( -0.000000  0.000000 -0.255465  0.000000 -0.000000 -0.000000 )
(  0.000000 -0.000000 -0.414210  0.000000  0.000000  0.000000 )
( -0.000000  0.000000  0.171499  0.000000  0.000000 -0.000000 )
( -0.000000 -0.000000  0.000000 -0.000000  0.000000 -0.000000 )
(  0.000000  0.000000  0.171499 -0.000000  0.000000  0.000000 )
(  0.000000  0.000000 -0.414210  0.000000 -0.000000 -0.000000 )
( -0.000000 -0.000000 -0.000000  0.000000 -0.000000  0.000000 )
(  0.000000 -0.000000  0.000000 -0.000000 -0.000000  0.000000 )
(  0.033478  0.000000 -0.000000 -0.000000  0.000000 -0.000000 )
(  0.033478 -0.000000 -0.000000 -0.000000  0.000000  0.000000 )
(  0.078463 -0.000000  0.000000  0.000000 -0.000000 -0.000000 )
(  0.078463 -0.000000  0.000000  0.000000  0.000000  0.000000 )
(  0.000000 -0.000000  0.000000  0.000000 -0.000000 -0.000000 )
( -0.078463  0.000000  0.000000  0.000000  0.000000  0.000000 )
( -0.078463  0.000000  0.000000  0.000000 -0.000000 -0.000000 )
( -0.033478 -0.000000 -0.000000 -0.000000 -0.000000  0.000000 )
( -0.033478  0.000000 -0.000000 -0.000000 -0.000000 -0.000000 )
( -0.000000 -0.000000 -0.000498  0.000000 -0.000000 -0.000000 )
(  0.053498 -0.000000  0.000252  0.000000  0.040856 -0.000000 )
(  0.053498 -0.000000 -0.000252 -0.000000  0.040856 -0.000000 )
( -0.053498  0.000000 -0.000252 -0.000000  0.040856 -0.000000 )
( -0.053498 -0.000000  0.000252  0.000000  0.040856 -0.000000 )
(  0.000000  0.000000 -0.000498  0.000000  0.000000 -0.000000 )
(  0.053498 -0.000000 -0.000252 -0.000000 -0.040856  0.000000 )
(  0.053498  0.000000  0.000252  0.000000 -0.040856  0.000000 )
( -0.053498  0.000000  0.000252 -0.000000 -0.040856  0.000000 )
( -0.053498  0.000000 -0.000252 -0.000000 -0.040856  0.000000 )
 **************************************************************************
