Dynamical matrix file

  3   36   0    23.7692718     0.0000000     0.0000000     0.0000000     0.0000000     0.0000000
Basis vectors
      0.000000000    0.665746584    0.746177919
      0.430812850    0.000000000    0.746177919
      0.430812850    0.665746584    0.000000000
            1  'Cs  '    121135.913129338
            2  'V   '     46430.338453521
            3  'Sb  '    110977.454729458
    1    1     0.4308128500     0.3338992753     0.7461779187
    2    1     0.4308128500     0.9975938920     0.7461779187
    3    1     0.2154064250     0.3328732918     0.3730889594
    4    1     0.6462192750     0.9986198754     1.1192668781
    5    2     0.5359602711     0.6657465836     1.3040767120
    6    2     0.5359602711     0.6657465836     0.1882791254
    7    2     0.2169207145     0.6657465836     0.7461779187
    8    2     0.5382847316     0.6657465836     0.5609852964
    9    2     0.5382847316     0.6657465836     0.9313705411
   10    2     0.6447049855     0.6657465836     0.7461779187
   11    2     0.3233409684     0.6657465836     0.9313705411
   12    2     0.3256654289     0.6657465836     1.3040767120
   13    2     0.4308128500     0.6657465836     1.1226151661
   14    2     0.3256654289     0.6657465836     0.1882791254
   15    2     0.3233409684     0.6657465836     0.5609852964
   16    2     0.4308128500     0.6657465836     0.3697406714
   17    3     0.0000000000     0.0000000000     0.0000000000
   18    3     0.4308128500     0.4858729417     1.2437138154
   19    3     0.4308128500     0.4858729417     0.2486420221
   20    3     0.4308128500     0.8428540979     0.4970706946
   21    3     0.4308128500     0.8428540979     0.9952851429
   22    3     0.4308128500     0.6657465836     0.7461779187
   23    3     0.4308128500     0.4886390694     0.4970706946
   24    3     0.4308128500     0.4886390694     0.9952851429
   25    3     0.4308128500     0.8456202256     1.2437138154
   26    3     0.4308128500     0.8456202256     0.2486420221
   27    3     0.2154064250     0.0000000000     0.3730889594
   28    3     0.2147801082     0.4881004654     0.8706679737
   29    3     0.6468455918     0.4881004654     0.6216878638
   30    3     0.6468455918     0.8433927019     0.8706679737
   31    3     0.2147801082     0.8433927019     0.6216878638
   32    3     0.2154064250     0.6657465836     0.3730889594
   33    3     0.6468455918     0.4881004654     0.8706679737
   34    3     0.2147801082     0.4881004654     0.6216878638
   35    3     0.2147801082     0.8433927019     0.8706679737
   36    3     0.6468455918     0.8433927019     0.6216878638

     Dynamical  Matrix in cartesian axes

     q = (    0.000000000   0.751036524   0.000000000 )

    1    1
  0.05031190   0.00000000     0.00000000   0.00000000    -0.00000000   0.00000000
  0.00000000   0.00000000     0.04267517  -0.00000000    -0.00000000   0.00000000
 -0.00000000   0.00000000    -0.00000000   0.00000000     0.07246063  -0.00000000
    1    2
  0.00229755  -0.00000000     0.00000000   0.00000000     0.00000000  -0.00000000
  0.00000000   0.00000000    -0.00086732   0.00000000     0.00000000   0.00000000
  0.00000000  -0.00000000     0.00000000   0.00000000    -0.00039542   0.00000000
    1    3
 -0.00020319   0.00000000    -0.00000000  -0.00000000    -0.00124901   0.00000000
 -0.00000000   0.00000000     0.00062022  -0.00000000     0.00000000  -0.00000000
 -0.00127095   0.00000000     0.00000000   0.00000000    -0.00165515  -0.00000000
    1    4
  0.00020319   0.00000000     0.00000000  -0.00000000    -0.00124901   0.00000000
  0.00000000  -0.00000000    -0.00062022   0.00000000    -0.00000000  -0.00000000
 -0.00127095   0.00000000     0.00000000  -0.00000000     0.00165515  -0.00000000
    1    5
  0.00021097   0.00000000    -0.00120463  -0.00000000     0.00081019  -0.00000000
 -0.00101717  -0.00000000    -0.00131730   0.00000000    -0.00085841   0.00000000
  0.00044365  -0.00000000    -0.00161868   0.00000000    -0.00067258   0.00000000
    1    6
  0.00021097   0.00000000    -0.00120463  -0.00000000    -0.00081019   0.00000000
 -0.00101717  -0.00000000    -0.00131730   0.00000000     0.00085841  -0.00000000
 -0.00044365   0.00000000     0.00161868  -0.00000000    -0.00067258   0.00000000
    1    7
 -0.00063766   0.00000000     0.00012395  -0.00000000    -0.00000000  -0.00000000
  0.00049220  -0.00000000     0.00014879   0.00000000     0.00000000   0.00000000
  0.00000000   0.00000000     0.00000000   0.00000000     0.00037575  -0.00000000
    1    8
  0.00024160   0.00000000    -0.00087538   0.00000000    -0.00008038   0.00000000
 -0.00033429   0.00000000     0.00150649   0.00000000    -0.00026232   0.00000000
 -0.00039551   0.00000000    -0.00140177   0.00000000     0.00024434   0.00000000
    1    9
  0.00024160   0.00000000    -0.00087538   0.00000000     0.00008038  -0.00000000
 -0.00033429   0.00000000     0.00150649   0.00000000     0.00026232  -0.00000000
  0.00039551  -0.00000000     0.00140177  -0.00000000     0.00024434   0.00000000
    1   10
 -0.00063766   0.00000000    -0.00012395   0.00000000    -0.00000000  -0.00000000
 -0.00049220   0.00000000     0.00014879   0.00000000    -0.00000000  -0.00000000
  0.00000000   0.00000000    -0.00000000  -0.00000000     0.00037575  -0.00000000
    1   11
  0.00024160   0.00000000     0.00087538  -0.00000000    -0.00008038   0.00000000
  0.00033429  -0.00000000     0.00150649   0.00000000     0.00026232  -0.00000000
 -0.00039551   0.00000000     0.00140177  -0.00000000     0.00024434   0.00000000
    1   12
  0.00021097   0.00000000     0.00120463   0.00000000    -0.00081019   0.00000000
  0.00101717   0.00000000    -0.00131730   0.00000000    -0.00085841   0.00000000
 -0.00044365   0.00000000    -0.00161868   0.00000000    -0.00067258   0.00000000
    1   13
 -0.00040817   0.00000000     0.00000000   0.00000000    -0.00000000  -0.00000000
 -0.00000000   0.00000000     0.00013987   0.00000000     0.00082931   0.00000000
  0.00000000  -0.00000000     0.00033478   0.00000000     0.00047314   0.00000000
    1   14
  0.00021097   0.00000000     0.00120463   0.00000000     0.00081019  -0.00000000
  0.00101717   0.00000000    -0.00131730   0.00000000     0.00085841  -0.00000000
  0.00044365  -0.00000000     0.00161868  -0.00000000    -0.00067258   0.00000000
    1   15
  0.00024160   0.00000000     0.00087538  -0.00000000     0.00008038  -0.00000000
  0.00033429  -0.00000000     0.00150649   0.00000000    -0.00026232   0.00000000
  0.00039551  -0.00000000    -0.00140177   0.00000000     0.00024434   0.00000000
    1   16
 -0.00040817   0.00000000    -0.00000000  -0.00000000     0.00000000  -0.00000000
  0.00000000  -0.00000000     0.00013987   0.00000000    -0.00082931  -0.00000000
  0.00000000  -0.00000000    -0.00033478  -0.00000000     0.00047314   0.00000000
    1   17
  0.00151840  -0.00000000    -0.00000000   0.00000000     0.00000000  -0.00000000
  0.00000000  -0.00000000    -0.00499916   0.00000000     0.00000000   0.00000000
  0.00000000  -0.00000000     0.00000000  -0.00000000     0.00079046   0.00000000
    1   18
  0.00046194   0.00000000    -0.00000000  -0.00000000     0.00000000   0.00000000
  0.00000000   0.00000000     0.00059367  -0.00000000     0.00011290  -0.00000000
  0.00000000   0.00000000    -0.00005180   0.00000000     0.00046601  -0.00000000
    1   19
  0.00046194   0.00000000     0.00000000   0.00000000     0.00000000   0.00000000
  0.00000000  -0.00000000     0.00059367  -0.00000000    -0.00011290   0.00000000
 -0.00000000   0.00000000     0.00005180  -0.00000000     0.00046601  -0.00000000
    1   20
 -0.00036555   0.00000000     0.00000000  -0.00000000     0.00000000  -0.00000000
  0.00000000   0.00000000    -0.00026567   0.00000000    -0.00014417   0.00000000
  0.00000000  -0.00000000    -0.00010547  -0.00000000    -0.00070618   0.00000000
    1   21
 -0.00036555   0.00000000    -0.00000000   0.00000000    -0.00000000  -0.00000000
 -0.00000000  -0.00000000    -0.00026567   0.00000000     0.00014417  -0.00000000
  0.00000000  -0.00000000     0.00010547   0.00000000    -0.00070618   0.00000000
    1   22
  0.00177948  -0.00000000     0.00000000   0.00000000     0.00000000  -0.00000000
  0.00000000   0.00000000    -0.00525355   0.00000000    -0.00000000   0.00000000
  0.00000000  -0.00000000    -0.00000000   0.00000000     0.00075780   0.00000000
    1   23
  0.00221452   0.00000000    -0.00000000  -0.00000000    -0.00000000  -0.00000000
 -0.00000000  -0.00000000    -0.00552009   0.00000000     0.01070755   0.00000000
 -0.00000000  -0.00000000     0.01081371   0.00000000    -0.01446037  -0.00000000
    1   24
  0.00221452   0.00000000    -0.00000000   0.00000000     0.00000000  -0.00000000
 -0.00000000   0.00000000    -0.00552009   0.00000000    -0.01070755  -0.00000000
  0.00000000  -0.00000000    -0.01081371  -0.00000000    -0.01446037  -0.00000000
    1   25
 -0.00211194   0.00000000     0.00000000   0.00000000     0.00000000  -0.00000000
  0.00000000   0.00000000     0.00504574  -0.00000000     0.01115308  -0.00000000
  0.00000000  -0.00000000     0.01115854  -0.00000000     0.01492631  -0.00000000
    1   26
 -0.00211194   0.00000000     0.00000000  -0.00000000    -0.00000000  -0.00000000
  0.00000000  -0.00000000     0.00504574  -0.00000000    -0.01115308   0.00000000
  0.00000000  -0.00000000    -0.01115854   0.00000000     0.01492631  -0.00000000
    1   27
  0.00012025   0.00000000     0.00000000   0.00000000    -0.00085633   0.00000000
 -0.00000000   0.00000000    -0.00010595   0.00000000    -0.00000000   0.00000000
 -0.00072885   0.00000000    -0.00000000   0.00000000    -0.00010049  -0.00000000
    1   28
 -0.01023238   0.00000000     0.00945936  -0.00000000     0.00724686  -0.00000000
  0.00925622   0.00000000    -0.00513859  -0.00000000    -0.00539878  -0.00000000
  0.00723583  -0.00000000    -0.00532753  -0.00000000    -0.00197042  -0.00000000
    1   29
 -0.01023238   0.00000000    -0.00945936   0.00000000     0.00724686  -0.00000000
 -0.00925622  -0.00000000    -0.00513859  -0.00000000     0.00539878   0.00000000
  0.00723583  -0.00000000     0.00532753   0.00000000    -0.00197042  -0.00000000
    1   30
  0.01006247  -0.00000000     0.00938236  -0.00000000    -0.00716871   0.00000000
  0.00943030  -0.00000000     0.00502139  -0.00000000    -0.00540034   0.00000000
 -0.00724451   0.00000000    -0.00541518   0.00000000     0.00200936  -0.00000000
    1   31
  0.01006247  -0.00000000    -0.00938236   0.00000000    -0.00716871   0.00000000
 -0.00943030   0.00000000     0.00502139  -0.00000000     0.00540034  -0.00000000
 -0.00724451   0.00000000     0.00541518  -0.00000000     0.00200936  -0.00000000
    1   32
 -0.00012025   0.00000000     0.00000000  -0.00000000    -0.00085633   0.00000000
 -0.00000000   0.00000000     0.00010595   0.00000000    -0.00000000  -0.00000000
 -0.00072885   0.00000000     0.00000000   0.00000000     0.00010049  -0.00000000
    1   33
 -0.01023238   0.00000000    -0.00945936   0.00000000    -0.00724686   0.00000000
 -0.00925622  -0.00000000    -0.00513859  -0.00000000    -0.00539878  -0.00000000
 -0.00723583   0.00000000    -0.00532753  -0.00000000    -0.00197042  -0.00000000
    1   34
 -0.01023238   0.00000000     0.00945936  -0.00000000    -0.00724686   0.00000000
  0.00925622   0.00000000    -0.00513859  -0.00000000     0.00539878   0.00000000
 -0.00723583   0.00000000     0.00532753   0.00000000    -0.00197042  -0.00000000
    1   35
  0.01006247  -0.00000000    -0.00938236   0.00000000     0.00716871  -0.00000000
 -0.00943030   0.00000000     0.00502139  -0.00000000    -0.00540034   0.00000000
  0.00724451  -0.00000000    -0.00541518   0.00000000     0.00200936  -0.00000000
    1   36
  0.01006247  -0.00000000     0.00938236  -0.00000000     0.00716871  -0.00000000
  0.00943030  -0.00000000     0.00502139  -0.00000000     0.00540034  -0.00000000
  0.00724451  -0.00000000     0.00541518  -0.00000000     0.00200936  -0.00000000
    2    1
  0.00229755  -0.00000000     0.00000000   0.00000000     0.00000000  -0.00000000
  0.00000000   0.00000000    -0.00086732   0.00000000     0.00000000   0.00000000
  0.00000000  -0.00000000     0.00000000   0.00000000    -0.00039542   0.00000000
    2    2
  0.05031190   0.00000000     0.00000000   0.00000000     0.00000000   0.00000000
  0.00000000   0.00000000     0.04267517  -0.00000000     0.00000000   0.00000000
  0.00000000   0.00000000     0.00000000   0.00000000     0.07246063  -0.00000000
    2    3
  0.00020319   0.00000000     0.00000000  -0.00000000    -0.00124901   0.00000000
  0.00000000  -0.00000000    -0.00062022   0.00000000     0.00000000  -0.00000000
 -0.00127095   0.00000000     0.00000000  -0.00000000     0.00165515  -0.00000000
    2    4
 -0.00020319   0.00000000     0.00000000  -0.00000000    -0.00124901   0.00000000
  0.00000000   0.00000000     0.00062022  -0.00000000     0.00000000  -0.00000000
 -0.00127095   0.00000000    -0.00000000   0.00000000    -0.00165515  -0.00000000
    2    5
  0.00021097   0.00000000     0.00120463   0.00000000     0.00081019  -0.00000000
  0.00101717   0.00000000    -0.00131730   0.00000000     0.00085841  -0.00000000
  0.00044365  -0.00000000     0.00161868  -0.00000000    -0.00067258   0.00000000
    2    6
  0.00021097   0.00000000     0.00120463   0.00000000    -0.00081019   0.00000000
  0.00101717   0.00000000    -0.00131730   0.00000000    -0.00085841   0.00000000
 -0.00044365   0.00000000    -0.00161868   0.00000000    -0.00067258   0.00000000
    2    7
 -0.00063766   0.00000000    -0.00012395   0.00000000     0.00000000  -0.00000000
 -0.00049220   0.00000000     0.00014879   0.00000000    -0.00000000  -0.00000000
  0.00000000   0.00000000    -0.00000000  -0.00000000     0.00037575  -0.00000000
    2    8
  0.00024160   0.00000000     0.00087538  -0.00000000    -0.00008038   0.00000000
  0.00033429  -0.00000000     0.00150649   0.00000000     0.00026232  -0.00000000
 -0.00039551   0.00000000     0.00140177  -0.00000000     0.00024434   0.00000000
    2    9
  0.00024160   0.00000000     0.00087538  -0.00000000     0.00008038  -0.00000000
  0.00033429  -0.00000000     0.00150649   0.00000000    -0.00026232   0.00000000
  0.00039551  -0.00000000    -0.00140177   0.00000000     0.00024434   0.00000000
    2   10
 -0.00063766   0.00000000     0.00012395  -0.00000000     0.00000000  -0.00000000
  0.00049220  -0.00000000     0.00014879   0.00000000     0.00000000   0.00000000
  0.00000000   0.00000000     0.00000000   0.00000000     0.00037575  -0.00000000
    2   11
  0.00024160   0.00000000    -0.00087538   0.00000000    -0.00008038   0.00000000
 -0.00033429   0.00000000     0.00150649   0.00000000    -0.00026232   0.00000000
 -0.00039551   0.00000000    -0.00140177   0.00000000     0.00024434   0.00000000
    2   12
  0.00021097   0.00000000    -0.00120463  -0.00000000    -0.00081019   0.00000000
 -0.00101717  -0.00000000    -0.00131730   0.00000000     0.00085841  -0.00000000
 -0.00044365   0.00000000     0.00161868  -0.00000000    -0.00067258   0.00000000
    2   13
 -0.00040817   0.00000000     0.00000000  -0.00000000     0.00000000  -0.00000000
  0.00000000  -0.00000000     0.00013987   0.00000000    -0.00082931  -0.00000000
  0.00000000  -0.00000000    -0.00033478  -0.00000000     0.00047314   0.00000000
    2   14
  0.00021097   0.00000000    -0.00120463  -0.00000000     0.00081019  -0.00000000
 -0.00101717  -0.00000000    -0.00131730   0.00000000    -0.00085841   0.00000000
  0.00044365  -0.00000000    -0.00161868   0.00000000    -0.00067258   0.00000000
    2   15
  0.00024160   0.00000000    -0.00087538   0.00000000     0.00008038  -0.00000000
 -0.00033429   0.00000000     0.00150649   0.00000000     0.00026232  -0.00000000
  0.00039551  -0.00000000     0.00140177  -0.00000000     0.00024434   0.00000000
    2   16
 -0.00040817   0.00000000     0.00000000   0.00000000     0.00000000  -0.00000000
  0.00000000   0.00000000     0.00013987   0.00000000     0.00082931   0.00000000
  0.00000000  -0.00000000     0.00033478   0.00000000     0.00047314   0.00000000
    2   17
  0.00151840  -0.00000000     0.00000000   0.00000000     0.00000000   0.00000000
  0.00000000   0.00000000    -0.00499916   0.00000000     0.00000000   0.00000000
  0.00000000   0.00000000     0.00000000   0.00000000     0.00079046   0.00000000
    2   18
 -0.00211194   0.00000000     0.00000000  -0.00000000     0.00000000  -0.00000000
  0.00000000  -0.00000000     0.00504574  -0.00000000    -0.01115308   0.00000000
  0.00000000  -0.00000000    -0.01115854   0.00000000     0.01492631  -0.00000000
    2   19
 -0.00211194   0.00000000    -0.00000000   0.00000000    -0.00000000  -0.00000000
 -0.00000000   0.00000000     0.00504574  -0.00000000     0.01115308  -0.00000000
 -0.00000000  -0.00000000     0.01115854  -0.00000000     0.01492631  -0.00000000
    2   20
  0.00221452   0.00000000    -0.00000000   0.00000000     0.00000000  -0.00000000
  0.00000000   0.00000000    -0.00552009   0.00000000    -0.01070755  -0.00000000
 -0.00000000  -0.00000000    -0.01081371  -0.00000000    -0.01446037  -0.00000000
    2   21
  0.00221452   0.00000000    -0.00000000  -0.00000000    -0.00000000  -0.00000000
  0.00000000  -0.00000000    -0.00552009   0.00000000     0.01070755   0.00000000
  0.00000000  -0.00000000     0.01081371   0.00000000    -0.01446037  -0.00000000
    2   22
  0.00177948  -0.00000000     0.00000000   0.00000000     0.00000000  -0.00000000
  0.00000000   0.00000000    -0.00525355   0.00000000     0.00000000   0.00000000
  0.00000000  -0.00000000     0.00000000   0.00000000     0.00075780   0.00000000
    2   23
 -0.00036555   0.00000000    -0.00000000   0.00000000     0.00000000  -0.00000000
  0.00000000  -0.00000000    -0.00026567   0.00000000     0.00014417  -0.00000000
  0.00000000  -0.00000000     0.00010547   0.00000000    -0.00070618   0.00000000
    2   24
 -0.00036555   0.00000000    -0.00000000  -0.00000000    -0.00000000  -0.00000000
  0.00000000   0.00000000    -0.00026567   0.00000000    -0.00014417   0.00000000
 -0.00000000  -0.00000000    -0.00010547  -0.00000000    -0.00070618   0.00000000
    2   25
  0.00046194   0.00000000    -0.00000000   0.00000000     0.00000000   0.00000000
  0.00000000  -0.00000000     0.00059367  -0.00000000    -0.00011290   0.00000000
  0.00000000   0.00000000     0.00005180  -0.00000000     0.00046601  -0.00000000
    2   26
  0.00046194   0.00000000     0.00000000  -0.00000000    -0.00000000   0.00000000
 -0.00000000   0.00000000     0.00059367  -0.00000000     0.00011290  -0.00000000
  0.00000000   0.00000000    -0.00005180   0.00000000     0.00046601  -0.00000000
    2   27
  0.00012025   0.00000000    -0.00000000   0.00000000    -0.00085633   0.00000000
  0.00000000  -0.00000000    -0.00010595   0.00000000     0.00000000  -0.00000000
 -0.00072885   0.00000000     0.00000000  -0.00000000    -0.00010049  -0.00000000
    2   28
  0.01006247  -0.00000000     0.00938236  -0.00000000     0.00716871  -0.00000000
  0.00943030  -0.00000000     0.00502139  -0.00000000     0.00540034  -0.00000000
  0.00724451  -0.00000000     0.00541518  -0.00000000     0.00200936  -0.00000000
    2   29
  0.01006247  -0.00000000    -0.00938236   0.00000000     0.00716871  -0.00000000
 -0.00943030   0.00000000     0.00502139  -0.00000000    -0.00540034   0.00000000
  0.00724451  -0.00000000    -0.00541518   0.00000000     0.00200936  -0.00000000
    2   30
 -0.01023238   0.00000000     0.00945936  -0.00000000    -0.00724686   0.00000000
  0.00925622   0.00000000    -0.00513859  -0.00000000     0.00539878   0.00000000
 -0.00723583   0.00000000     0.00532753   0.00000000    -0.00197042  -0.00000000
    2   31
 -0.01023238   0.00000000    -0.00945936   0.00000000    -0.00724686   0.00000000
 -0.00925622  -0.00000000    -0.00513859  -0.00000000    -0.00539878  -0.00000000
 -0.00723583   0.00000000    -0.00532753  -0.00000000    -0.00197042  -0.00000000
    2   32
 -0.00012025   0.00000000    -0.00000000   0.00000000    -0.00085633   0.00000000
  0.00000000  -0.00000000     0.00010595   0.00000000    -0.00000000   0.00000000
 -0.00072885   0.00000000     0.00000000  -0.00000000     0.00010049  -0.00000000
    2   33
  0.01006247  -0.00000000    -0.00938236   0.00000000    -0.00716871   0.00000000
 -0.00943030   0.00000000     0.00502139  -0.00000000     0.00540034  -0.00000000
 -0.00724451   0.00000000     0.00541518  -0.00000000     0.00200936  -0.00000000
    2   34
  0.01006247  -0.00000000     0.00938236  -0.00000000    -0.00716871   0.00000000
  0.00943030  -0.00000000     0.00502139  -0.00000000    -0.00540034   0.00000000
 -0.00724451   0.00000000    -0.00541518   0.00000000     0.00200936  -0.00000000
    2   35
 -0.01023238   0.00000000    -0.00945936   0.00000000     0.00724686  -0.00000000
 -0.00925622  -0.00000000    -0.00513859  -0.00000000     0.00539878   0.00000000
  0.00723583  -0.00000000     0.00532753   0.00000000    -0.00197042  -0.00000000
    2   36
 -0.01023238   0.00000000     0.00945936  -0.00000000     0.00724686  -0.00000000
  0.00925622   0.00000000    -0.00513859  -0.00000000    -0.00539878  -0.00000000
  0.00723583  -0.00000000    -0.00532753  -0.00000000    -0.00197042  -0.00000000
    3    1
 -0.00020319   0.00000000    -0.00000000   0.00000000    -0.00127095   0.00000000
 -0.00000000  -0.00000000     0.00062022  -0.00000000     0.00000000   0.00000000
 -0.00124901   0.00000000     0.00000000  -0.00000000    -0.00165515  -0.00000000
    3    2
  0.00020319   0.00000000     0.00000000  -0.00000000    -0.00127095   0.00000000
  0.00000000  -0.00000000    -0.00062022   0.00000000     0.00000000  -0.00000000
 -0.00124901   0.00000000     0.00000000  -0.00000000     0.00165515  -0.00000000
    3    3
  0.05040660   0.00000000     0.00000000  -0.00000000     0.00000000   0.00000000
  0.00000000  -0.00000000     0.04156739   0.00000000    -0.00000000   0.00000000
  0.00000000   0.00000000    -0.00000000   0.00000000     0.07177527  -0.00000000
    3    4
  0.00254674  -0.00000000     0.00000000   0.00000000     0.00000000  -0.00000000
  0.00000000   0.00000000    -0.00093313   0.00000000    -0.00000000   0.00000000
  0.00000000  -0.00000000     0.00000000   0.00000000    -0.00042302   0.00000000
    3    5
  0.00018980   0.00000000     0.00090791  -0.00000000    -0.00015302   0.00000000
  0.00068629  -0.00000000     0.00149566   0.00000000     0.00078642  -0.00000000
 -0.00053643   0.00000000     0.00145660  -0.00000000     0.00039943  -0.00000000
    3    6
 -0.00018980   0.00000000     0.00090791   0.00000000    -0.00015302  -0.00000000
  0.00068629   0.00000000    -0.00149566   0.00000000    -0.00078642   0.00000000
 -0.00053643   0.00000000    -0.00145660   0.00000000    -0.00039943   0.00000000
    3    7
 -0.00000000  -0.00000000     0.00014694  -0.00000000    -0.00056894   0.00000000
 -0.00001750   0.00000000     0.00000000   0.00000000     0.00000000   0.00000000
  0.00011134  -0.00000000     0.00000000   0.00000000     0.00000000   0.00000000
    3    8
  0.00007693   0.00000000     0.00084066   0.00000000     0.00071917  -0.00000000
  0.00039777   0.00000000    -0.00144338   0.00000000     0.00075487  -0.00000000
  0.00040033  -0.00000000     0.00169072  -0.00000000    -0.00081083   0.00000000
    3    9
 -0.00007693   0.00000000     0.00084066  -0.00000000     0.00071917  -0.00000000
  0.00039777  -0.00000000     0.00144338   0.00000000    -0.00075487   0.00000000
  0.00040033  -0.00000000    -0.00169072   0.00000000     0.00081083  -0.00000000
    3   10
  0.00000000  -0.00000000    -0.00014694   0.00000000    -0.00056894   0.00000000
  0.00001750  -0.00000000    -0.00000000   0.00000000     0.00000000  -0.00000000
  0.00011134  -0.00000000     0.00000000  -0.00000000    -0.00000000   0.00000000
    3   11
  0.00007693   0.00000000    -0.00084066  -0.00000000     0.00071917  -0.00000000
 -0.00039777  -0.00000000    -0.00144338   0.00000000    -0.00075487   0.00000000
  0.00040033  -0.00000000    -0.00169072   0.00000000    -0.00081083   0.00000000
    3   12
 -0.00018980   0.00000000    -0.00090791  -0.00000000    -0.00015302  -0.00000000
 -0.00068629  -0.00000000    -0.00149566   0.00000000     0.00078642  -0.00000000
 -0.00053643   0.00000000     0.00145660  -0.00000000    -0.00039943   0.00000000
    3   13
 -0.00000000   0.00000000     0.00000000  -0.00000000    -0.00047929   0.00000000
  0.00000000  -0.00000000    -0.00000000   0.00000000    -0.00023880   0.00000000
  0.00026741  -0.00000000     0.00010533   0.00000000    -0.00000000   0.00000000
    3   14
  0.00018980   0.00000000    -0.00090791   0.00000000    -0.00015302   0.00000000
 -0.00068629   0.00000000     0.00149566   0.00000000    -0.00078642   0.00000000
 -0.00053643   0.00000000    -0.00145660   0.00000000     0.00039943   0.00000000
    3   15
 -0.00007693   0.00000000    -0.00084066   0.00000000     0.00071917  -0.00000000
 -0.00039777   0.00000000     0.00144338   0.00000000     0.00075487  -0.00000000
  0.00040033  -0.00000000     0.00169072  -0.00000000     0.00081083  -0.00000000
    3   16
  0.00000000   0.00000000    -0.00000000   0.00000000    -0.00047929   0.00000000
 -0.00000000   0.00000000     0.00000000   0.00000000     0.00023880  -0.00000000
  0.00026741  -0.00000000    -0.00010533   0.00000000     0.00000000   0.00000000
    3   17
 -0.00000000   0.00000000     0.00000000   0.00000000    -0.00079292   0.00000000
 -0.00000000  -0.00000000    -0.00000000   0.00000000    -0.00000000  -0.00000000
 -0.00103596   0.00000000     0.00000000  -0.00000000    -0.00000000  -0.00000000
    3   18
 -0.01068610   0.00000000     0.00982496  -0.00000000     0.00751611  -0.00000000
  0.00975386  -0.00000000    -0.00512897   0.00000000    -0.00555085  -0.00000000
  0.00750033  -0.00000000    -0.00560302  -0.00000000    -0.00206375  -0.00000000
    3   19
 -0.01068610   0.00000000    -0.00982496   0.00000000     0.00751611  -0.00000000
 -0.00975386   0.00000000    -0.00512897   0.00000000     0.00555085  -0.00000000
  0.00750033   0.00000000     0.00560302   0.00000000    -0.00206375  -0.00000000
    3   20
  0.01011534  -0.00000000     0.00940068  -0.00000000    -0.00717233   0.00000000
  0.00936623  -0.00000000     0.00506087  -0.00000000    -0.00537577   0.00000000
 -0.00713026   0.00000000    -0.00529307   0.00000000     0.00191850  -0.00000000
    3   21
  0.01011534  -0.00000000    -0.00940068   0.00000000    -0.00717233   0.00000000
 -0.00936623   0.00000000     0.00506087  -0.00000000     0.00537577  -0.00000000
 -0.00713026   0.00000000     0.00529307  -0.00000000     0.00191850  -0.00000000
    3   22
  0.00000000   0.00000000     0.00000000   0.00000000    -0.00081247   0.00000000
 -0.00000000  -0.00000000    -0.00000000   0.00000000    -0.00000000  -0.00000000
 -0.00080210   0.00000000     0.00000000   0.00000000    -0.00000000  -0.00000000
    3   23
 -0.01011534   0.00000000    -0.00940068   0.00000000    -0.00717233   0.00000000
 -0.00936623   0.00000000    -0.00506087   0.00000000    -0.00537577   0.00000000
 -0.00713026   0.00000000    -0.00529307  -0.00000000    -0.00191850  -0.00000000
    3   24
 -0.01011534   0.00000000     0.00940068  -0.00000000    -0.00717233   0.00000000
  0.00936623  -0.00000000    -0.00506087   0.00000000     0.00537577  -0.00000000
 -0.00713026   0.00000000     0.00529307   0.00000000    -0.00191850  -0.00000000
    3   25
  0.01068610  -0.00000000    -0.00982496   0.00000000     0.00751611  -0.00000000
 -0.00975386   0.00000000     0.00512897  -0.00000000    -0.00555085   0.00000000
  0.00750033  -0.00000000    -0.00560302   0.00000000     0.00206375  -0.00000000
    3   26
  0.01068610  -0.00000000     0.00982496  -0.00000000     0.00751611  -0.00000000
  0.00975386  -0.00000000     0.00512897  -0.00000000     0.00555085  -0.00000000
  0.00750033  -0.00000000     0.00560302  -0.00000000     0.00206375  -0.00000000
    3   27
  0.00172594  -0.00000000     0.00000000  -0.00000000    -0.00008154   0.00000000
 -0.00000000   0.00000000    -0.00507248   0.00000000     0.00000000  -0.00000000
  0.00004927  -0.00000000    -0.00000000   0.00000000     0.00072511   0.00000000
    3   28
  0.00054916   0.00000000    -0.00007765   0.00000000    -0.00006705   0.00000000
 -0.00009275   0.00000000     0.00057334  -0.00000000    -0.00002316   0.00000000
 -0.00004346   0.00000000    -0.00008226   0.00000000     0.00062209  -0.00000000
    3   29
  0.00054916  -0.00000000     0.00007765   0.00000000    -0.00006705   0.00000000
  0.00009275   0.00000000     0.00057334  -0.00000000     0.00002316  -0.00000000
 -0.00004346   0.00000000     0.00008226  -0.00000000     0.00062209  -0.00000000
    3   30
 -0.00054916   0.00000000     0.00007765  -0.00000000    -0.00006705   0.00000000
  0.00009275  -0.00000000    -0.00057334   0.00000000    -0.00002316   0.00000000
 -0.00004346   0.00000000    -0.00008226  -0.00000000    -0.00062209   0.00000000
    3   31
 -0.00054916   0.00000000    -0.00007765   0.00000000    -0.00006705   0.00000000
 -0.00009275   0.00000000    -0.00057334   0.00000000     0.00002316   0.00000000
 -0.00004346   0.00000000     0.00008226   0.00000000    -0.00062209   0.00000000
    3   32
  0.00172594  -0.00000000    -0.00000000   0.00000000     0.00008154  -0.00000000
  0.00000000   0.00000000    -0.00507248   0.00000000     0.00000000   0.00000000
 -0.00004927   0.00000000     0.00000000  -0.00000000     0.00072511   0.00000000
    3   33
  0.00206877   0.00000000    -0.00007880   0.00000000     0.00003303  -0.00000000
 -0.00000083  -0.00000000    -0.00518616   0.00000000     0.01084939  -0.00000000
 -0.00002679  -0.00000000     0.01082493  -0.00000000    -0.01443968  -0.00000000
    3   34
  0.00206877   0.00000000     0.00007880  -0.00000000     0.00003303   0.00000000
  0.00000083   0.00000000    -0.00518616   0.00000000    -0.01084939   0.00000000
 -0.00002679   0.00000000    -0.01082493  -0.00000000    -0.01443968  -0.00000000
    3   35
 -0.00206877   0.00000000     0.00007880  -0.00000000     0.00003303  -0.00000000
  0.00000083  -0.00000000     0.00518616  -0.00000000     0.01084939  -0.00000000
 -0.00002679  -0.00000000     0.01082493  -0.00000000     0.01443968  -0.00000000
    3   36
 -0.00206877   0.00000000    -0.00007880   0.00000000     0.00003303  -0.00000000
 -0.00000083  -0.00000000     0.00518616  -0.00000000    -0.01084939   0.00000000
 -0.00002679  -0.00000000    -0.01082493   0.00000000     0.01443968  -0.00000000
    4    1
  0.00020319   0.00000000     0.00000000  -0.00000000    -0.00127095   0.00000000
  0.00000000  -0.00000000    -0.00062022   0.00000000     0.00000000  -0.00000000
 -0.00124901   0.00000000    -0.00000000  -0.00000000     0.00165515  -0.00000000
    4    2
 -0.00020319   0.00000000     0.00000000   0.00000000    -0.00127095   0.00000000
  0.00000000  -0.00000000     0.00062022  -0.00000000    -0.00000000   0.00000000
 -0.00124901   0.00000000     0.00000000  -0.00000000    -0.00165515  -0.00000000
    4    3
  0.00254674  -0.00000000     0.00000000   0.00000000     0.00000000  -0.00000000
  0.00000000   0.00000000    -0.00093313   0.00000000     0.00000000   0.00000000
  0.00000000  -0.00000000    -0.00000000   0.00000000    -0.00042302   0.00000000
    4    4
  0.05040660   0.00000000     0.00000000   0.00000000     0.00000000   0.00000000
  0.00000000   0.00000000     0.04156739   0.00000000     0.00000000   0.00000000
  0.00000000   0.00000000     0.00000000   0.00000000     0.07177527  -0.00000000
    4    5
  0.00018980   0.00000000    -0.00090791   0.00000000    -0.00015302   0.00000000
 -0.00068629   0.00000000     0.00149566   0.00000000    -0.00078642   0.00000000
 -0.00053643   0.00000000    -0.00145660   0.00000000     0.00039943   0.00000000
    4    6
 -0.00018980   0.00000000    -0.00090791  -0.00000000    -0.00015302  -0.00000000
 -0.00068629  -0.00000000    -0.00149566   0.00000000     0.00078642  -0.00000000
 -0.00053643   0.00000000     0.00145660  -0.00000000    -0.00039943   0.00000000
    4    7
 -0.00000000  -0.00000000    -0.00014694   0.00000000    -0.00056894   0.00000000
  0.00001750  -0.00000000     0.00000000   0.00000000    -0.00000000  -0.00000000
  0.00011134  -0.00000000    -0.00000000  -0.00000000     0.00000000   0.00000000
    4    8
  0.00007693   0.00000000    -0.00084066  -0.00000000     0.00071917  -0.00000000
 -0.00039777  -0.00000000    -0.00144338   0.00000000    -0.00075487   0.00000000
  0.00040033  -0.00000000    -0.00169072   0.00000000    -0.00081083   0.00000000
    4    9
 -0.00007693   0.00000000    -0.00084066   0.00000000     0.00071917  -0.00000000
 -0.00039777   0.00000000     0.00144338   0.00000000     0.00075487  -0.00000000
  0.00040033  -0.00000000     0.00169072  -0.00000000     0.00081083  -0.00000000
    4   10
  0.00000000  -0.00000000     0.00014694  -0.00000000    -0.00056894   0.00000000
 -0.00001750   0.00000000     0.00000000   0.00000000     0.00000000   0.00000000
  0.00011134  -0.00000000    -0.00000000   0.00000000     0.00000000   0.00000000
    4   11
  0.00007693   0.00000000     0.00084066   0.00000000     0.00071917  -0.00000000
  0.00039777   0.00000000    -0.00144338   0.00000000     0.00075487  -0.00000000
  0.00040033  -0.00000000     0.00169072  -0.00000000    -0.00081083   0.00000000
    4   12
 -0.00018980   0.00000000     0.00090791   0.00000000    -0.00015302  -0.00000000
  0.00068629   0.00000000    -0.00149566   0.00000000    -0.00078642   0.00000000
 -0.00053643   0.00000000    -0.00145660   0.00000000    -0.00039943   0.00000000
    4   13
  0.00000000   0.00000000     0.00000000   0.00000000    -0.00047929   0.00000000
  0.00000000   0.00000000     0.00000000   0.00000000     0.00023880  -0.00000000
  0.00026741  -0.00000000    -0.00010533   0.00000000     0.00000000   0.00000000
    4   14
  0.00018980   0.00000000     0.00090791  -0.00000000    -0.00015302   0.00000000
  0.00068629  -0.00000000     0.00149566   0.00000000     0.00078642  -0.00000000
 -0.00053643   0.00000000     0.00145660  -0.00000000     0.00039943  -0.00000000
    4   15
 -0.00007693   0.00000000     0.00084066  -0.00000000     0.00071917  -0.00000000
  0.00039777  -0.00000000     0.00144338   0.00000000    -0.00075487   0.00000000
  0.00040033  -0.00000000    -0.00169072   0.00000000     0.00081083  -0.00000000
    4   16
  0.00000000   0.00000000     0.00000000  -0.00000000    -0.00047929   0.00000000
 -0.00000000  -0.00000000    -0.00000000   0.00000000    -0.00023880   0.00000000
  0.00026741  -0.00000000     0.00010533   0.00000000    -0.00000000   0.00000000
    4   17
  0.00000000   0.00000000     0.00000000  -0.00000000    -0.00079292   0.00000000
 -0.00000000   0.00000000     0.00000000   0.00000000     0.00000000   0.00000000
 -0.00103596   0.00000000     0.00000000  -0.00000000     0.00000000  -0.00000000
    4   18
  0.01068610  -0.00000000     0.00982496  -0.00000000     0.00751611  -0.00000000
  0.00975386  -0.00000000     0.00512897  -0.00000000     0.00555085  -0.00000000
  0.00750033  -0.00000000     0.00560302  -0.00000000     0.00206375  -0.00000000
    4   19
  0.01068610  -0.00000000    -0.00982496   0.00000000     0.00751611  -0.00000000
 -0.00975386   0.00000000     0.00512897  -0.00000000    -0.00555085   0.00000000
  0.00750033  -0.00000000    -0.00560302   0.00000000     0.00206375  -0.00000000
    4   20
 -0.01011534   0.00000000     0.00940068  -0.00000000    -0.00717233   0.00000000
  0.00936623  -0.00000000    -0.00506087   0.00000000     0.00537577  -0.00000000
 -0.00713026   0.00000000     0.00529307   0.00000000    -0.00191850  -0.00000000
    4   21
 -0.01011534   0.00000000    -0.00940068   0.00000000    -0.00717233   0.00000000
 -0.00936623   0.00000000    -0.00506087   0.00000000    -0.00537577   0.00000000
 -0.00713026   0.00000000    -0.00529307  -0.00000000    -0.00191850  -0.00000000
    4   22
  0.00000000   0.00000000    -0.00000000   0.00000000    -0.00081247   0.00000000
  0.00000000  -0.00000000     0.00000000   0.00000000     0.00000000  -0.00000000
 -0.00080210   0.00000000    -0.00000000   0.00000000     0.00000000  -0.00000000
    4   23
  0.01011534  -0.00000000    -0.00940068   0.00000000    -0.00717233   0.00000000
 -0.00936623   0.00000000     0.00506087  -0.00000000     0.00537577  -0.00000000
 -0.00713026   0.00000000     0.00529307  -0.00000000     0.00191850  -0.00000000
    4   24
  0.01011534  -0.00000000     0.00940068  -0.00000000    -0.00717233   0.00000000
  0.00936623  -0.00000000     0.00506087  -0.00000000    -0.00537577   0.00000000
 -0.00713026   0.00000000    -0.00529307   0.00000000     0.00191850  -0.00000000
    4   25
 -0.01068610   0.00000000    -0.00982496   0.00000000     0.00751611  -0.00000000
 -0.00975386   0.00000000    -0.00512897   0.00000000     0.00555085  -0.00000000
  0.00750033   0.00000000     0.00560302   0.00000000    -0.00206375  -0.00000000
    4   26
 -0.01068610   0.00000000     0.00982496  -0.00000000     0.00751611  -0.00000000
  0.00975386  -0.00000000    -0.00512897   0.00000000    -0.00555085  -0.00000000
  0.00750033  -0.00000000    -0.00560302  -0.00000000    -0.00206375  -0.00000000
    4   27
  0.00172594  -0.00000000    -0.00000000  -0.00000000    -0.00008154   0.00000000
  0.00000000  -0.00000000    -0.00507248   0.00000000    -0.00000000  -0.00000000
  0.00004927  -0.00000000     0.00000000   0.00000000     0.00072511   0.00000000
    4   28
 -0.00206877   0.00000000    -0.00007880   0.00000000     0.00003303  -0.00000000
 -0.00000083  -0.00000000     0.00518616  -0.00000000    -0.01084939   0.00000000
 -0.00002679  -0.00000000    -0.01082493   0.00000000     0.01443968  -0.00000000
    4   29
 -0.00206877   0.00000000     0.00007880  -0.00000000     0.00003303  -0.00000000
  0.00000083  -0.00000000     0.00518616  -0.00000000     0.01084939  -0.00000000
 -0.00002679  -0.00000000     0.01082493  -0.00000000     0.01443968  -0.00000000
    4   30
  0.00206877   0.00000000     0.00007880  -0.00000000     0.00003303   0.00000000
  0.00000083   0.00000000    -0.00518616   0.00000000    -0.01084939   0.00000000
 -0.00002679   0.00000000    -0.01082493  -0.00000000    -0.01443968  -0.00000000
    4   31
  0.00206877   0.00000000    -0.00007880   0.00000000     0.00003303  -0.00000000
 -0.00000083  -0.00000000    -0.00518616   0.00000000     0.01084939  -0.00000000
 -0.00002679  -0.00000000     0.01082493  -0.00000000    -0.01443968  -0.00000000
    4   32
  0.00172594  -0.00000000     0.00000000   0.00000000     0.00008154  -0.00000000
  0.00000000  -0.00000000    -0.00507248   0.00000000     0.00000000  -0.00000000
 -0.00004927   0.00000000     0.00000000   0.00000000     0.00072511   0.00000000
    4   33
 -0.00054916   0.00000000    -0.00007765   0.00000000    -0.00006705   0.00000000
 -0.00009275   0.00000000    -0.00057334   0.00000000     0.00002316   0.00000000
 -0.00004346   0.00000000     0.00008226   0.00000000    -0.00062209   0.00000000
    4   34
 -0.00054916   0.00000000     0.00007765  -0.00000000    -0.00006705   0.00000000
  0.00009275  -0.00000000    -0.00057334   0.00000000    -0.00002316   0.00000000
 -0.00004346   0.00000000    -0.00008226  -0.00000000    -0.00062209   0.00000000
    4   35
  0.00054916  -0.00000000     0.00007765   0.00000000    -0.00006705   0.00000000
  0.00009275   0.00000000     0.00057334  -0.00000000     0.00002316  -0.00000000
 -0.00004346   0.00000000     0.00008226  -0.00000000     0.00062209  -0.00000000
    4   36
  0.00054916   0.00000000    -0.00007765   0.00000000    -0.00006705   0.00000000
 -0.00009275   0.00000000     0.00057334  -0.00000000    -0.00002316   0.00000000
 -0.00004346   0.00000000    -0.00008226   0.00000000     0.00062209  -0.00000000
    5    1
  0.00021097   0.00000000    -0.00101717  -0.00000000     0.00044365  -0.00000000
 -0.00120463  -0.00000000    -0.00131730   0.00000000    -0.00161868   0.00000000
  0.00081019  -0.00000000    -0.00085841   0.00000000    -0.00067258   0.00000000
    5    2
  0.00021097   0.00000000     0.00101717   0.00000000     0.00044365  -0.00000000
  0.00120463   0.00000000    -0.00131730   0.00000000     0.00161868  -0.00000000
  0.00081019  -0.00000000     0.00085841  -0.00000000    -0.00067258   0.00000000
    5    3
  0.00018980   0.00000000     0.00068629  -0.00000000    -0.00053643   0.00000000
  0.00090791  -0.00000000     0.00149566   0.00000000     0.00145660  -0.00000000
 -0.00015302   0.00000000     0.00078642  -0.00000000     0.00039943  -0.00000000
    5    4
  0.00018980   0.00000000    -0.00068629   0.00000000    -0.00053643   0.00000000
 -0.00090791   0.00000000     0.00149566   0.00000000    -0.00145660   0.00000000
 -0.00015302   0.00000000    -0.00078642   0.00000000     0.00039943   0.00000000
    5    5
  0.15037144   0.00000000     0.00000000  -0.00000000    -0.03146472  -0.00000000
  0.00000000  -0.00000000     0.25663374   0.00000000    -0.00000000   0.00000000
 -0.03146472  -0.00000000    -0.00000000   0.00000000     0.18917080  -0.00000000
    5    6
 -0.01346484   0.00000000     0.00000000  -0.00000000     0.00475010  -0.00000000
 -0.00000000   0.00000000    -0.00267043  -0.00000000    -0.00000000   0.00000000
 -0.00475010   0.00000000    -0.00000000   0.00000000    -0.00601080   0.00000000
    5    7
 -0.00443690  -0.00000000     0.00000000  -0.00000000    -0.00137110  -0.00000000
  0.00000000  -0.00000000    -0.02032629   0.00000000    -0.00000000   0.00000000
  0.01755992   0.00000000    -0.00000000   0.00000000    -0.00569271   0.00000000
    5    8
 -0.01845150  -0.00000000    -0.00000000   0.00000000     0.00723267  -0.00000000
  0.00000000  -0.00000000     0.01664641  -0.00000000    -0.00000000   0.00000000
  0.00473076  -0.00000000    -0.00000000   0.00000000     0.01073607  -0.00000000
    5    9
 -0.00578037   0.00000000    -0.00000000   0.00000000    -0.00123087  -0.00000000
  0.00000000  -0.00000000    -0.00200689   0.00000000     0.00000000   0.00000000
 -0.00312622   0.00000000    -0.00000000   0.00000000    -0.01267699   0.00000000
    5   10
 -0.01152553   0.00000000     0.00000000  -0.00000000    -0.00018782   0.00000000
 -0.00000000   0.00000000    -0.00005378  -0.00000000     0.00000000  -0.00000000
  0.00644084  -0.00000000    -0.00000000   0.00000000    -0.00477857   0.00000000
    5   11
  0.01053733  -0.00000000     0.00000000  -0.00000000    -0.01215077   0.00000000
  0.00000000  -0.00000000     0.01679343  -0.00000000     0.00000000  -0.00000000
 -0.00969994  -0.00000000     0.00000000  -0.00000000    -0.01286718  -0.00000000
    5   12
 -0.00513154  -0.00000000     0.00000000  -0.00000000     0.00787747  -0.00000000
 -0.00000000   0.00000000    -0.02356895  -0.00000000    -0.00000000   0.00000000
 -0.00787747   0.00000000     0.00000000  -0.00000000    -0.01428754   0.00000000
    5   13
 -0.01347436   0.00000000     0.00000000  -0.00000000    -0.00142004  -0.00000000
  0.00000000  -0.00000000    -0.02612967   0.00000000    -0.00000000   0.00000000
  0.00853565   0.00000000    -0.00000000   0.00000000    -0.01141899   0.00000000
    5   14
  0.02409185  -0.00000000    -0.00000000   0.00000000     0.00179510  -0.00000000
  0.00000000  -0.00000000     0.00201476   0.00000000    -0.00000000   0.00000000
  0.00179510  -0.00000000     0.00000000  -0.00000000     0.01826519  -0.00000000
    5   15
  0.00279770  -0.00000000    -0.00000000   0.00000000     0.01607842  -0.00000000
 -0.00000000   0.00000000    -0.01993081  -0.00000000    -0.00000000   0.00000000
 -0.00569693   0.00000000    -0.00000000   0.00000000    -0.01285372   0.00000000
    5   16
 -0.00718987   0.00000000    -0.00000000   0.00000000    -0.00788241   0.00000000
  0.00000000  -0.00000000    -0.00140070   0.00000000     0.00000000  -0.00000000
  0.00390204   0.00000000     0.00000000  -0.00000000    -0.00858541   0.00000000
    5   17
  0.01654458  -0.00000000     0.00000000   0.00000000    -0.03458544   0.00000000
 -0.00000000  -0.00000000     0.00026306  -0.00000000    -0.00000000  -0.00000000
 -0.03119560   0.00000000     0.00000000   0.00000000     0.05345660  -0.00000000
    5   18
 -0.01576305  -0.00000000    -0.03525739   0.00000000    -0.01046094   0.00000000
 -0.04068567   0.00000000    -0.05352713   0.00000000    -0.02278674  -0.00000000
 -0.00928284  -0.00000000    -0.01921790  -0.00000000    -0.00405533  -0.00000000
    5   19
 -0.00176261   0.00000000     0.00064580  -0.00000000    -0.00147862   0.00000000
  0.00171156  -0.00000000    -0.00093092   0.00000000     0.00112405  -0.00000000
 -0.00249552   0.00000000     0.00118872  -0.00000000     0.00077185   0.00000000
    5   20
 -0.00301182   0.00000000     0.00189765  -0.00000000    -0.00091328   0.00000000
 -0.00332873   0.00000000     0.00220066  -0.00000000     0.00157630   0.00000000
  0.00039658   0.00000000     0.00104388  -0.00000000     0.00145235  -0.00000000
    5   21
 -0.00007662  -0.00000000     0.00106158  -0.00000000    -0.00085620  -0.00000000
 -0.00042785  -0.00000000     0.00145698   0.00000000     0.00342545  -0.00000000
 -0.00146392  -0.00000000     0.00074220  -0.00000000    -0.00308169   0.00000000
    5   22
 -0.00000044  -0.00000000     0.00000000   0.00000000     0.00179021  -0.00000000
  0.00000000  -0.00000000    -0.00094139   0.00000000    -0.00000000   0.00000000
  0.00226619  -0.00000000     0.00000000  -0.00000000    -0.00246396   0.00000000
    5   23
 -0.00301182   0.00000000    -0.00189765   0.00000000    -0.00091328   0.00000000
  0.00332873  -0.00000000     0.00220066  -0.00000000    -0.00157630  -0.00000000
  0.00039658   0.00000000    -0.00104388   0.00000000     0.00145235  -0.00000000
    5   24
 -0.00007662  -0.00000000    -0.00106158   0.00000000    -0.00085620  -0.00000000
  0.00042785   0.00000000     0.00145698   0.00000000    -0.00342545   0.00000000
 -0.00146392  -0.00000000    -0.00074220   0.00000000    -0.00308169   0.00000000
    5   25
 -0.01576305  -0.00000000     0.03525739  -0.00000000    -0.01046094   0.00000000
  0.04068567  -0.00000000    -0.05352713   0.00000000     0.02278674   0.00000000
 -0.00928284  -0.00000000     0.01921790   0.00000000    -0.00405533  -0.00000000
    5   26
 -0.00176261   0.00000000    -0.00064580   0.00000000    -0.00147862   0.00000000
 -0.00171156   0.00000000    -0.00093092   0.00000000    -0.00112405   0.00000000
 -0.00249552   0.00000000    -0.00118872   0.00000000     0.00077185   0.00000000
    5   27
  0.00144318  -0.00000000     0.00000000  -0.00000000    -0.00001203   0.00000000
 -0.00000000  -0.00000000     0.00082444  -0.00000000     0.00000000   0.00000000
  0.00023753  -0.00000000    -0.00000000  -0.00000000     0.00114312  -0.00000000
    5   28
  0.00095238  -0.00000000    -0.00045180  -0.00000000    -0.00091688   0.00000000
 -0.00019097  -0.00000000     0.00102579  -0.00000000     0.00359202  -0.00000000
 -0.00209980  -0.00000000    -0.00015019  -0.00000000    -0.00194079   0.00000000
    5   29
 -0.00405486   0.00000000     0.00067520  -0.00000000    -0.00045866  -0.00000000
 -0.00263421   0.00000000     0.00224132  -0.00000000     0.00244789   0.00000000
  0.00042260   0.00000000     0.00047249  -0.00000000     0.00054539   0.00000000
    5   30
 -0.00203283   0.00000000     0.00078629  -0.00000000    -0.00139400  -0.00000000
  0.00097584  -0.00000000    -0.00092741   0.00000000     0.00099843  -0.00000000
 -0.00210191   0.00000000     0.00105169  -0.00000000     0.00059031  -0.00000000
    5   31
 -0.01410091  -0.00000000    -0.03138008   0.00000000    -0.00957490   0.00000000
 -0.03968207   0.00000000    -0.04986515   0.00000000    -0.02298052  -0.00000000
 -0.00859304  -0.00000000    -0.01747325  -0.00000000    -0.00490964   0.00000000
    5   32
 -0.01611367  -0.00000000    -0.00000000   0.00000000     0.03213890   0.00000000
  0.00000000  -0.00000000     0.00017564  -0.00000000     0.00000000  -0.00000000
  0.03528177  -0.00000000    -0.00000000   0.00000000    -0.05562944  -0.00000000
    5   33
 -0.00203283   0.00000000    -0.00078629   0.00000000    -0.00139400  -0.00000000
 -0.00097584   0.00000000    -0.00092741   0.00000000    -0.00099843   0.00000000
 -0.00210191   0.00000000    -0.00105169   0.00000000     0.00059031  -0.00000000
    5   34
 -0.01410091  -0.00000000     0.03138008  -0.00000000    -0.00957490   0.00000000
  0.03968207  -0.00000000    -0.04986515   0.00000000     0.02298052   0.00000000
 -0.00859304  -0.00000000     0.01747325   0.00000000    -0.00490964   0.00000000
    5   35
  0.00095238  -0.00000000     0.00045180   0.00000000    -0.00091688   0.00000000
  0.00019097   0.00000000     0.00102579  -0.00000000    -0.00359202   0.00000000
 -0.00209980  -0.00000000     0.00015019   0.00000000    -0.00194079   0.00000000
    5   36
 -0.00405486   0.00000000    -0.00067520   0.00000000    -0.00045866  -0.00000000
  0.00263421  -0.00000000     0.00224132  -0.00000000    -0.00244789  -0.00000000
  0.00042260   0.00000000    -0.00047249   0.00000000     0.00054539   0.00000000
    6    1
  0.00021097   0.00000000    -0.00101717  -0.00000000    -0.00044365   0.00000000
 -0.00120463  -0.00000000    -0.00131730   0.00000000     0.00161868  -0.00000000
 -0.00081019   0.00000000     0.00085841  -0.00000000    -0.00067258   0.00000000
    6    2
  0.00021097   0.00000000     0.00101717   0.00000000    -0.00044365   0.00000000
  0.00120463   0.00000000    -0.00131730   0.00000000    -0.00161868   0.00000000
 -0.00081019   0.00000000    -0.00085841   0.00000000    -0.00067258   0.00000000
    6    3
 -0.00018980   0.00000000     0.00068629   0.00000000    -0.00053643   0.00000000
  0.00090791   0.00000000    -0.00149566   0.00000000    -0.00145660   0.00000000
 -0.00015302  -0.00000000    -0.00078642   0.00000000    -0.00039943   0.00000000
    6    4
 -0.00018980   0.00000000    -0.00068629  -0.00000000    -0.00053643   0.00000000
 -0.00090791  -0.00000000    -0.00149566   0.00000000     0.00145660  -0.00000000
 -0.00015302  -0.00000000     0.00078642  -0.00000000    -0.00039943   0.00000000
    6    5
 -0.01346484   0.00000000    -0.00000000   0.00000000    -0.00475010   0.00000000
  0.00000000  -0.00000000    -0.00267043  -0.00000000    -0.00000000   0.00000000
  0.00475010  -0.00000000    -0.00000000   0.00000000    -0.00601080   0.00000000
    6    6
  0.15037144   0.00000000    -0.00000000   0.00000000     0.03146472   0.00000000
 -0.00000000   0.00000000     0.25663374   0.00000000     0.00000000   0.00000000
  0.03146472   0.00000000     0.00000000   0.00000000     0.18917080  -0.00000000
    6    7
 -0.00443690   0.00000000    -0.00000000  -0.00000000     0.00137110   0.00000000
 -0.00000000   0.00000000    -0.02032629   0.00000000    -0.00000000  -0.00000000
 -0.01755992   0.00000000     0.00000000   0.00000000    -0.00569271   0.00000000
    6    8
 -0.00578037   0.00000000    -0.00000000   0.00000000     0.00123087   0.00000000
  0.00000000   0.00000000    -0.00200689   0.00000000    -0.00000000   0.00000000
  0.00312622  -0.00000000    -0.00000000   0.00000000    -0.01267699   0.00000000
    6    9
 -0.01845150  -0.00000000     0.00000000  -0.00000000    -0.00723267   0.00000000
  0.00000000   0.00000000     0.01664641  -0.00000000     0.00000000   0.00000000
 -0.00473076   0.00000000    -0.00000000  -0.00000000     0.01073607  -0.00000000
    6   10
 -0.01152553   0.00000000     0.00000000   0.00000000     0.00018782  -0.00000000
 -0.00000000   0.00000000    -0.00005378  -0.00000000     0.00000000   0.00000000
 -0.00644084   0.00000000    -0.00000000   0.00000000    -0.00477857   0.00000000
    6   11
  0.00279770  -0.00000000     0.00000000  -0.00000000    -0.01607842   0.00000000
  0.00000000   0.00000000    -0.01993081   0.00000000     0.00000000   0.00000000
  0.00569693  -0.00000000     0.00000000   0.00000000    -0.01285372   0.00000000
    6   12
  0.02409185  -0.00000000    -0.00000000  -0.00000000    -0.00179510   0.00000000
 -0.00000000  -0.00000000     0.00201476   0.00000000    -0.00000000   0.00000000
 -0.00179510   0.00000000    -0.00000000   0.00000000     0.01826519  -0.00000000
    6   13
 -0.00718987   0.00000000    -0.00000000   0.00000000     0.00788241  -0.00000000
  0.00000000   0.00000000    -0.00140070   0.00000000     0.00000000   0.00000000
 -0.00390204  -0.00000000     0.00000000   0.00000000    -0.00858541   0.00000000
    6   14
 -0.00513154  -0.00000000    -0.00000000   0.00000000    -0.00787747   0.00000000
 -0.00000000   0.00000000    -0.02356895  -0.00000000    -0.00000000  -0.00000000
  0.00787747  -0.00000000     0.00000000   0.00000000    -0.01428754   0.00000000
    6   15
  0.01053733  -0.00000000     0.00000000   0.00000000     0.01215077  -0.00000000
  0.00000000   0.00000000     0.01679343  -0.00000000     0.00000000   0.00000000
  0.00969994  -0.00000000    -0.00000000   0.00000000    -0.01286718  -0.00000000
    6   16
 -0.01347436   0.00000000    -0.00000000   0.00000000     0.00142004   0.00000000
 -0.00000000   0.00000000    -0.02612967   0.00000000     0.00000000  -0.00000000
 -0.00853565  -0.00000000     0.00000000   0.00000000    -0.01141899   0.00000000
    6   17
  0.01654458  -0.00000000     0.00000000  -0.00000000     0.03458544  -0.00000000
  0.00000000   0.00000000     0.00026306  -0.00000000     0.00000000  -0.00000000
  0.03119560  -0.00000000     0.00000000   0.00000000     0.05345660  -0.00000000
    6   18
 -0.00176261   0.00000000     0.00064580  -0.00000000     0.00147862  -0.00000000
  0.00171156  -0.00000000    -0.00093092   0.00000000    -0.00112405   0.00000000
  0.00249552  -0.00000000    -0.00118872   0.00000000     0.00077185   0.00000000
    6   19
 -0.01576305  -0.00000000    -0.03525739   0.00000000     0.01046094  -0.00000000
 -0.04068567   0.00000000    -0.05352713   0.00000000     0.02278674   0.00000000
  0.00928284   0.00000000     0.01921790   0.00000000    -0.00405533  -0.00000000
    6   20
 -0.00007662  -0.00000000     0.00106158  -0.00000000     0.00085620   0.00000000
 -0.00042785  -0.00000000     0.00145698   0.00000000    -0.00342545   0.00000000
  0.00146392   0.00000000    -0.00074220   0.00000000    -0.00308169   0.00000000
    6   21
 -0.00301182   0.00000000     0.00189765  -0.00000000     0.00091328  -0.00000000
 -0.00332873   0.00000000     0.00220066  -0.00000000    -0.00157630   0.00000000
 -0.00039658  -0.00000000    -0.00104388   0.00000000     0.00145235  -0.00000000
    6   22
 -0.00000044  -0.00000000     0.00000000   0.00000000    -0.00179021   0.00000000
  0.00000000  -0.00000000    -0.00094139   0.00000000     0.00000000  -0.00000000
 -0.00226619   0.00000000     0.00000000   0.00000000    -0.00246396   0.00000000
    6   23
 -0.00007662  -0.00000000    -0.00106158   0.00000000     0.00085620   0.00000000
  0.00042785   0.00000000     0.00145698   0.00000000     0.00342545  -0.00000000
  0.00146392   0.00000000     0.00074220  -0.00000000    -0.00308169   0.00000000
    6   24
 -0.00301182   0.00000000    -0.00189765   0.00000000     0.00091328  -0.00000000
  0.00332873  -0.00000000     0.00220066  -0.00000000     0.00157630  -0.00000000
 -0.00039658  -0.00000000     0.00104388  -0.00000000     0.00145235  -0.00000000
    6   25
 -0.00176261   0.00000000    -0.00064580   0.00000000     0.00147862  -0.00000000
 -0.00171156   0.00000000    -0.00093092   0.00000000     0.00112405  -0.00000000
  0.00249552  -0.00000000     0.00118872  -0.00000000     0.00077185   0.00000000
    6   26
 -0.01576305  -0.00000000     0.03525739  -0.00000000     0.01046094  -0.00000000
  0.04068567  -0.00000000    -0.05352713   0.00000000    -0.02278674  -0.00000000
  0.00928284   0.00000000    -0.01921790  -0.00000000    -0.00405533  -0.00000000
    6   27
  0.01611367  -0.00000000     0.00000000  -0.00000000     0.03213890  -0.00000000
  0.00000000   0.00000000    -0.00017564   0.00000000     0.00000000  -0.00000000
  0.03528177  -0.00000000     0.00000000   0.00000000     0.05562944  -0.00000000
    6   28
 -0.01410091   0.00000000     0.03138008  -0.00000000     0.00957490  -0.00000000
  0.03968207  -0.00000000    -0.04986515   0.00000000    -0.02298052   0.00000000
  0.00859304  -0.00000000    -0.01747325   0.00000000    -0.00490964   0.00000000
    6   29
 -0.00203283  -0.00000000    -0.00078629   0.00000000     0.00139400   0.00000000
 -0.00097584  -0.00000000    -0.00092741   0.00000000     0.00099843  -0.00000000
  0.00210191  -0.00000000     0.00105169  -0.00000000     0.00059031  -0.00000000
    6   30
 -0.00405486   0.00000000    -0.00067520   0.00000000     0.00045866  -0.00000000
  0.00263421  -0.00000000     0.00224132  -0.00000000     0.00244789   0.00000000
 -0.00042260  -0.00000000     0.00047249  -0.00000000     0.00054539  -0.00000000
    6   31
  0.00095238  -0.00000000     0.00045180   0.00000000     0.00091688  -0.00000000
  0.00019097   0.00000000     0.00102579  -0.00000000     0.00359202  -0.00000000
  0.00209980  -0.00000000    -0.00015019  -0.00000000    -0.00194079   0.00000000
    6   32
 -0.00144318   0.00000000    -0.00000000   0.00000000    -0.00001203  -0.00000000
 -0.00000000   0.00000000    -0.00082444   0.00000000     0.00000000   0.00000000
  0.00023753   0.00000000     0.00000000   0.00000000    -0.00114312   0.00000000
    6   33
 -0.00405486   0.00000000     0.00067520  -0.00000000     0.00045866  -0.00000000
 -0.00263421   0.00000000     0.00224132  -0.00000000    -0.00244789  -0.00000000
 -0.00042260  -0.00000000    -0.00047249   0.00000000     0.00054539  -0.00000000
    6   34
  0.00095238  -0.00000000    -0.00045180  -0.00000000     0.00091688  -0.00000000
 -0.00019097  -0.00000000     0.00102579  -0.00000000    -0.00359202   0.00000000
  0.00209980  -0.00000000     0.00015019   0.00000000    -0.00194079   0.00000000
    6   35
 -0.01410091   0.00000000    -0.03138008   0.00000000     0.00957490  -0.00000000
 -0.03968207   0.00000000    -0.04986515   0.00000000     0.02298052  -0.00000000
  0.00859304  -0.00000000     0.01747325  -0.00000000    -0.00490964   0.00000000
    6   36
 -0.00203283  -0.00000000     0.00078629  -0.00000000     0.00139400   0.00000000
  0.00097584   0.00000000    -0.00092741   0.00000000    -0.00099843   0.00000000
  0.00210191  -0.00000000    -0.00105169   0.00000000     0.00059031  -0.00000000
    7    1
 -0.00063766   0.00000000     0.00049220  -0.00000000     0.00000000   0.00000000
  0.00012395  -0.00000000     0.00014879   0.00000000     0.00000000   0.00000000
 -0.00000000  -0.00000000     0.00000000   0.00000000     0.00037575  -0.00000000
    7    2
 -0.00063766   0.00000000    -0.00049220   0.00000000     0.00000000   0.00000000
 -0.00012395   0.00000000     0.00014879   0.00000000    -0.00000000  -0.00000000
  0.00000000  -0.00000000    -0.00000000  -0.00000000     0.00037575  -0.00000000
    7    3
 -0.00000000  -0.00000000    -0.00001750   0.00000000     0.00011134  -0.00000000
  0.00014694  -0.00000000     0.00000000   0.00000000     0.00000000   0.00000000
 -0.00056894   0.00000000     0.00000000   0.00000000     0.00000000   0.00000000
    7    4
 -0.00000000  -0.00000000     0.00001750  -0.00000000     0.00011134  -0.00000000
 -0.00014694   0.00000000     0.00000000   0.00000000    -0.00000000  -0.00000000
 -0.00056894   0.00000000    -0.00000000  -0.00000000     0.00000000   0.00000000
    7    5
 -0.00443690  -0.00000000     0.00000000  -0.00000000     0.01755992   0.00000000
  0.00000000  -0.00000000    -0.02032629   0.00000000    -0.00000000   0.00000000
 -0.00137110  -0.00000000    -0.00000000   0.00000000    -0.00569271   0.00000000
    7    6
 -0.00443690   0.00000000    -0.00000000   0.00000000    -0.01755992   0.00000000
 -0.00000000  -0.00000000    -0.02032629   0.00000000     0.00000000   0.00000000
  0.00137110   0.00000000    -0.00000000  -0.00000000    -0.00569271   0.00000000
    7    7
  0.20012944   0.00000000     0.00000000   0.00000000     0.00000000  -0.00000000
  0.00000000   0.00000000     0.27867222  -0.00000000     0.00000000   0.00000000
  0.00000000  -0.00000000     0.00000000   0.00000000     0.13978146  -0.00000000
    7    8
 -0.00911475   0.00000000     0.00000000  -0.00000000     0.00605016   0.00000000
 -0.00000000   0.00000000    -0.00066537  -0.00000000     0.00000000  -0.00000000
  0.00638422   0.00000000    -0.00000000   0.00000000    -0.00233340   0.00000000
    7    9
 -0.00911475   0.00000000     0.00000000   0.00000000    -0.00605016  -0.00000000
  0.00000000  -0.00000000    -0.00066537  -0.00000000     0.00000000   0.00000000
 -0.00638422  -0.00000000     0.00000000   0.00000000    -0.00233340   0.00000000
    7   10
  0.02057741  -0.00000000     0.00000000   0.00000000     0.00000000  -0.00000000
  0.00000000   0.00000000    -0.00025639   0.00000000     0.00000000  -0.00000000
  0.00000000  -0.00000000     0.00000000   0.00000000     0.01069155  -0.00000000
    7   11
 -0.01376763  -0.00000000     0.00000000  -0.00000000     0.01197542   0.00000000
  0.00000000  -0.00000000    -0.02754676   0.00000000    -0.00000000   0.00000000
  0.00149564  -0.00000000    -0.00000000   0.00000000    -0.00548679   0.00000000
    7   12
 -0.01152553   0.00000000     0.00000000  -0.00000000    -0.00644084   0.00000000
 -0.00000000  -0.00000000    -0.00005378  -0.00000000    -0.00000000   0.00000000
  0.00018782  -0.00000000     0.00000000  -0.00000000    -0.00477857   0.00000000
    7   13
  0.00068213  -0.00000000     0.00000000  -0.00000000    -0.01425986  -0.00000000
  0.00000000  -0.00000000     0.01645827   0.00000000    -0.00000000   0.00000000
 -0.01387451  -0.00000000    -0.00000000   0.00000000    -0.00524718  -0.00000000
    7   14
 -0.01152553   0.00000000     0.00000000  -0.00000000     0.00644084  -0.00000000
  0.00000000   0.00000000    -0.00005378  -0.00000000    -0.00000000   0.00000000
 -0.00018782   0.00000000     0.00000000  -0.00000000    -0.00477857   0.00000000
    7   15
 -0.01376763  -0.00000000     0.00000000   0.00000000    -0.01197542  -0.00000000
 -0.00000000  -0.00000000    -0.02754676   0.00000000    -0.00000000  -0.00000000
 -0.00149564   0.00000000    -0.00000000   0.00000000    -0.00548679   0.00000000
    7   16
  0.00068213  -0.00000000     0.00000000  -0.00000000     0.01425986  -0.00000000
 -0.00000000   0.00000000     0.01645827  -0.00000000    -0.00000000  -0.00000000
  0.01387451  -0.00000000     0.00000000   0.00000000    -0.00524718  -0.00000000
    7   17
  0.06370579  -0.00000000    -0.00000000   0.00000000    -0.00000000   0.00000000
  0.00000000  -0.00000000     0.00288687  -0.00000000     0.00000000   0.00000000
 -0.00000000   0.00000000    -0.00000000   0.00000000     0.00069178  -0.00000000
    7   18
  0.00038342  -0.00000000    -0.00070282   0.00000000    -0.00202442  -0.00000000
 -0.00290374  -0.00000000     0.00061936   0.00000000    -0.00011541   0.00000000
 -0.00009625   0.00000000     0.00124632  -0.00000000    -0.00156162   0.00000000
    7   19
  0.00038342  -0.00000000    -0.00070282   0.00000000     0.00202442   0.00000000
 -0.00290374   0.00000000     0.00061936   0.00000000     0.00011541   0.00000000
  0.00009625  -0.00000000    -0.00124632   0.00000000    -0.00156162   0.00000000
    7   20
 -0.00080282   0.00000000    -0.00121692   0.00000000     0.00173575   0.00000000
 -0.00151135   0.00000000     0.00138239   0.00000000     0.00095319   0.00000000
  0.00028434  -0.00000000    -0.00019062   0.00000000    -0.00143754  -0.00000000
    7   21
 -0.00080282   0.00000000    -0.00121692   0.00000000    -0.00173575  -0.00000000
 -0.00151135   0.00000000     0.00138239   0.00000000    -0.00095319  -0.00000000
 -0.00028434   0.00000000     0.00019062  -0.00000000    -0.00143754  -0.00000000
    7   22
 -0.08173149   0.00000000     0.00000000   0.00000000     0.00000000  -0.00000000
  0.00000000   0.00000000    -0.00045139  -0.00000000     0.00000000  -0.00000000
  0.00000000  -0.00000000     0.00000000  -0.00000000     0.00321485  -0.00000000
    7   23
 -0.00080282   0.00000000     0.00121692  -0.00000000     0.00173575   0.00000000
  0.00151135  -0.00000000     0.00138239   0.00000000    -0.00095319  -0.00000000
  0.00028434  -0.00000000     0.00019062  -0.00000000    -0.00143754  -0.00000000
    7   24
 -0.00080282   0.00000000     0.00121692  -0.00000000    -0.00173575  -0.00000000
  0.00151135  -0.00000000     0.00138239   0.00000000     0.00095319   0.00000000
 -0.00028434   0.00000000    -0.00019062   0.00000000    -0.00143754  -0.00000000
    7   25
  0.00038342  -0.00000000     0.00070282  -0.00000000    -0.00202442  -0.00000000
  0.00290374   0.00000000     0.00061936   0.00000000     0.00011541  -0.00000000
 -0.00009625   0.00000000    -0.00124632   0.00000000    -0.00156162   0.00000000
    7   26
  0.00038342  -0.00000000     0.00070282  -0.00000000     0.00202442   0.00000000
  0.00290374  -0.00000000     0.00061936   0.00000000    -0.00011541  -0.00000000
  0.00009625  -0.00000000     0.00124632  -0.00000000    -0.00156162   0.00000000
    7   27
  0.00331438  -0.00000000    -0.00000000   0.00000000     0.00011756   0.00000000
  0.00000000   0.00000000     0.00142358  -0.00000000     0.00000000   0.00000000
 -0.00158529   0.00000000    -0.00000000  -0.00000000    -0.00151738   0.00000000
    7   28
  0.00060831   0.00000000    -0.00101934   0.00000000     0.00169149   0.00000000
 -0.00072034   0.00000000    -0.05386980  -0.00000000     0.04888150   0.00000000
  0.00196885  -0.00000000     0.03966423   0.00000000    -0.02254750  -0.00000000
    7   29
  0.00156525  -0.00000000    -0.00038833   0.00000000    -0.00062574   0.00000000
  0.00042409  -0.00000000     0.00064944  -0.00000000    -0.00075202   0.00000000
  0.00003029  -0.00000000    -0.00163305   0.00000000    -0.00243892   0.00000000
    7   30
  0.00156525  -0.00000000     0.00038833  -0.00000000     0.00062574  -0.00000000
 -0.00042409   0.00000000     0.00064944  -0.00000000    -0.00075202   0.00000000
 -0.00003029   0.00000000    -0.00163305   0.00000000    -0.00243892   0.00000000
    7   31
  0.00060831   0.00000000     0.00101934   0.00000000    -0.00169149  -0.00000000
  0.00072034  -0.00000000    -0.05386980  -0.00000000     0.04888150   0.00000000
 -0.00196885   0.00000000     0.03966423   0.00000000    -0.02254750  -0.00000000
    7   32
 -0.00331438   0.00000000    -0.00000000   0.00000000     0.00011756  -0.00000000
  0.00000000  -0.00000000    -0.00142358   0.00000000    -0.00000000   0.00000000
 -0.00158529   0.00000000    -0.00000000  -0.00000000     0.00151738  -0.00000000
    7   33
  0.00156525  -0.00000000    -0.00038833   0.00000000     0.00062574  -0.00000000
  0.00042409  -0.00000000     0.00064944  -0.00000000     0.00075202  -0.00000000
 -0.00003029   0.00000000     0.00163305  -0.00000000    -0.00243892   0.00000000
    7   34
  0.00060831   0.00000000    -0.00101934  -0.00000000    -0.00169149  -0.00000000
 -0.00072034   0.00000000    -0.05386980  -0.00000000    -0.04888150  -0.00000000
 -0.00196885   0.00000000    -0.03966423  -0.00000000    -0.02254750  -0.00000000
    7   35
  0.00060831   0.00000000     0.00101934  -0.00000000     0.00169149   0.00000000
  0.00072034  -0.00000000    -0.05386980  -0.00000000    -0.04888150  -0.00000000
  0.00196885  -0.00000000    -0.03966423  -0.00000000    -0.02254750  -0.00000000
    7   36
  0.00156525  -0.00000000     0.00038833  -0.00000000    -0.00062574   0.00000000
 -0.00042409   0.00000000     0.00064944  -0.00000000     0.00075202  -0.00000000
  0.00003029  -0.00000000     0.00163305  -0.00000000    -0.00243892   0.00000000
    8    1
  0.00024160   0.00000000    -0.00033429   0.00000000    -0.00039551   0.00000000
 -0.00087538   0.00000000     0.00150649   0.00000000    -0.00140177   0.00000000
 -0.00008038   0.00000000    -0.00026232   0.00000000     0.00024434   0.00000000
    8    2
  0.00024160   0.00000000     0.00033429  -0.00000000    -0.00039551   0.00000000
  0.00087538  -0.00000000     0.00150649   0.00000000     0.00140177  -0.00000000
 -0.00008038   0.00000000     0.00026232  -0.00000000     0.00024434   0.00000000
    8    3
  0.00007693   0.00000000     0.00039777   0.00000000     0.00040033  -0.00000000
  0.00084066   0.00000000    -0.00144338   0.00000000     0.00169072  -0.00000000
  0.00071917  -0.00000000     0.00075487  -0.00000000    -0.00081083   0.00000000
    8    4
  0.00007693   0.00000000    -0.00039777  -0.00000000     0.00040033  -0.00000000
 -0.00084066  -0.00000000    -0.00144338   0.00000000    -0.00169072   0.00000000
  0.00071917  -0.00000000    -0.00075487   0.00000000    -0.00081083   0.00000000
    8    5
 -0.01845150  -0.00000000     0.00000000  -0.00000000     0.00473076  -0.00000000
 -0.00000000   0.00000000     0.01664641  -0.00000000    -0.00000000   0.00000000
  0.00723267  -0.00000000    -0.00000000   0.00000000     0.01073607  -0.00000000
    8    6
 -0.00578037   0.00000000     0.00000000   0.00000000     0.00312622  -0.00000000
 -0.00000000   0.00000000    -0.00200689   0.00000000    -0.00000000   0.00000000
  0.00123087   0.00000000    -0.00000000   0.00000000    -0.01267699   0.00000000
    8    7
 -0.00911475   0.00000000    -0.00000000   0.00000000     0.00638422   0.00000000
  0.00000000  -0.00000000    -0.00066537  -0.00000000    -0.00000000   0.00000000
  0.00605016   0.00000000     0.00000000  -0.00000000    -0.00233340   0.00000000
    8    8
  0.15188441   0.00000000     0.00000000  -0.00000000    -0.02248687  -0.00000000
  0.00000000  -0.00000000     0.28005084   0.00000000    -0.00000000   0.00000000
 -0.02248687  -0.00000000    -0.00000000   0.00000000     0.18387211  -0.00000000
    8    9
  0.00030086   0.00000000    -0.00000000   0.00000000    -0.00356729   0.00000000
  0.00000000   0.00000000    -0.00187569  -0.00000000    -0.00000000   0.00000000
  0.00356729  -0.00000000     0.00000000  -0.00000000    -0.01413920   0.00000000
    8   10
 -0.01376763  -0.00000000     0.00000000  -0.00000000     0.00149564  -0.00000000
  0.00000000  -0.00000000    -0.02754676   0.00000000    -0.00000000   0.00000000
  0.01197542   0.00000000    -0.00000000   0.00000000    -0.00548679   0.00000000
    8   11
  0.01392140  -0.00000000     0.00000000  -0.00000000    -0.00766657   0.00000000
 -0.00000000   0.00000000     0.00044385  -0.00000000     0.00000000  -0.00000000
 -0.00766657   0.00000000     0.00000000  -0.00000000     0.01773195  -0.00000000
    8   12
  0.00279770  -0.00000000     0.00000000  -0.00000000     0.00569693  -0.00000000
  0.00000000  -0.00000000    -0.01993081   0.00000000     0.00000000  -0.00000000
 -0.01607842   0.00000000     0.00000000   0.00000000    -0.01285372   0.00000000
    8   13
 -0.00936247   0.00000000     0.00000000  -0.00000000     0.00571154   0.00000000
 -0.00000000   0.00000000    -0.00017819  -0.00000000     0.00000000  -0.00000000
  0.00789715  -0.00000000    -0.00000000   0.00000000    -0.00531147   0.00000000
    8   14
  0.01053733  -0.00000000    -0.00000000   0.00000000    -0.00969994  -0.00000000
  0.00000000   0.00000000     0.01679343  -0.00000000     0.00000000  -0.00000000
 -0.01215077   0.00000000     0.00000000   0.00000000    -0.01286718  -0.00000000
    8   15
  0.00049989  -0.00000000     0.00000000  -0.00000000     0.00906169  -0.00000000
 -0.00000000   0.00000000    -0.02448483  -0.00000000    -0.00000000   0.00000000
 -0.00906169   0.00000000     0.00000000  -0.00000000    -0.01609555   0.00000000
    8   16
 -0.01259192  -0.00000000     0.00000000  -0.00000000    -0.00766087   0.00000000
  0.00000000  -0.00000000    -0.02035976   0.00000000    -0.00000000   0.00000000
  0.01309226   0.00000000    -0.00000000   0.00000000     0.00010488   0.00000000
    8   17
  0.00080246  -0.00000000     0.00000000   0.00000000    -0.00239658   0.00000000
  0.00000000   0.00000000     0.00165188  -0.00000000    -0.00000000   0.00000000
 -0.00153605   0.00000000     0.00000000   0.00000000     0.00106704  -0.00000000
    8   18
 -0.00232272   0.00000000    -0.00146194   0.00000000    -0.00258617   0.00000000
  0.00226553  -0.00000000     0.00176078  -0.00000000    -0.00187042  -0.00000000
  0.00067743   0.00000000    -0.00075832   0.00000000     0.00020559   0.00000000
    8   19
  0.00004198  -0.00000000     0.00055028   0.00000000     0.00098625   0.00000000
  0.00049644   0.00000000     0.00088641  -0.00000000    -0.00273982   0.00000000
 -0.00234705  -0.00000000     0.00026775   0.00000000    -0.00048718  -0.00000000
    8   20
 -0.01606227  -0.00000000     0.03653261  -0.00000000    -0.01198975   0.00000000
  0.04361850  -0.00000000    -0.05416176   0.00000000     0.02537165   0.00000000
 -0.01082627  -0.00000000     0.02082159   0.00000000    -0.00659092  -0.00000000
    8   21
 -0.00137780   0.00000000    -0.00018283  -0.00000000    -0.00106830  -0.00000000
 -0.00089260  -0.00000000    -0.00039471   0.00000000    -0.00094866   0.00000000
 -0.00132015   0.00000000    -0.00096443   0.00000000     0.00097228  -0.00000000
    8   22
 -0.01751073   0.00000000    -0.00000000   0.00000000     0.03633981  -0.00000000
 -0.00000000   0.00000000    -0.00031195  -0.00000000     0.00000000  -0.00000000
  0.03668068  -0.00000000    -0.00000000   0.00000000    -0.05960963   0.00000000
    8   23
 -0.01606227  -0.00000000    -0.03653261   0.00000000    -0.01198975   0.00000000
 -0.04361850   0.00000000    -0.05416176   0.00000000    -0.02537165  -0.00000000
 -0.01082627  -0.00000000    -0.02082159  -0.00000000    -0.00659092  -0.00000000
    8   24
 -0.00137780   0.00000000     0.00018283   0.00000000    -0.00106830  -0.00000000
  0.00089260   0.00000000    -0.00039471   0.00000000     0.00094866  -0.00000000
 -0.00132015   0.00000000     0.00096443  -0.00000000     0.00097228  -0.00000000
    8   25
 -0.00232272   0.00000000     0.00146194  -0.00000000    -0.00258617   0.00000000
 -0.00226553   0.00000000     0.00176078  -0.00000000     0.00187042   0.00000000
  0.00067743   0.00000000     0.00075832  -0.00000000     0.00020559   0.00000000
    8   26
  0.00004198  -0.00000000    -0.00055028  -0.00000000     0.00098625   0.00000000
 -0.00049644  -0.00000000     0.00088641  -0.00000000     0.00273982  -0.00000000
 -0.00234705  -0.00000000    -0.00026775  -0.00000000    -0.00048718  -0.00000000
    8   27
  0.01625502  -0.00000000    -0.00000000  -0.00000000    -0.02890057   0.00000000
 -0.00000000   0.00000000     0.00208879  -0.00000000     0.00000000   0.00000000
 -0.02799045   0.00000000    -0.00000000  -0.00000000     0.04887391  -0.00000000
    8   28
 -0.00052351  -0.00000000    -0.00065433   0.00000000    -0.00039322  -0.00000000
 -0.00110556   0.00000000    -0.00062293   0.00000000    -0.00073842   0.00000000
 -0.00193943   0.00000000    -0.00118977   0.00000000     0.00069153  -0.00000000
    8   29
 -0.01826768  -0.00000000     0.03666275  -0.00000000    -0.01072080   0.00000000
  0.04307830  -0.00000000    -0.05386399   0.00000000     0.02400155   0.00000000
 -0.00970195  -0.00000000     0.01921092   0.00000000    -0.00373809  -0.00000000
    8   30
 -0.00071495  -0.00000000    -0.00068340   0.00000000     0.00108711  -0.00000000
 -0.00044229   0.00000000     0.00130365   0.00000000    -0.00199128   0.00000000
 -0.00169567  -0.00000000    -0.00072767   0.00000000    -0.00147603   0.00000000
    8   31
 -0.00151794   0.00000000    -0.00089395   0.00000000    -0.00207049   0.00000000
  0.00197288  -0.00000000     0.00229984  -0.00000000    -0.00038897  -0.00000000
  0.00125466  -0.00000000    -0.00082418   0.00000000    -0.00019252  -0.00000000
    8   32
  0.00078185  -0.00000000    -0.00000000   0.00000000     0.00112865   0.00000000
  0.00000000  -0.00000000    -0.00207932   0.00000000    -0.00000000   0.00000000
  0.00232474  -0.00000000    -0.00000000   0.00000000    -0.00297091   0.00000000
    8   33
 -0.00071495  -0.00000000     0.00068340  -0.00000000     0.00108711  -0.00000000
  0.00044229  -0.00000000     0.00130365   0.00000000     0.00199128  -0.00000000
 -0.00169567  -0.00000000     0.00072767  -0.00000000    -0.00147603   0.00000000
    8   34
 -0.00151794   0.00000000     0.00089395  -0.00000000    -0.00207049   0.00000000
 -0.00197288   0.00000000     0.00229984  -0.00000000     0.00038897   0.00000000
  0.00125466  -0.00000000     0.00082418  -0.00000000    -0.00019252  -0.00000000
    8   35
 -0.00052351  -0.00000000     0.00065433  -0.00000000    -0.00039322  -0.00000000
  0.00110556  -0.00000000    -0.00062293   0.00000000     0.00073842  -0.00000000
 -0.00193943   0.00000000     0.00118977  -0.00000000     0.00069153  -0.00000000
    8   36
 -0.01826768  -0.00000000    -0.03666275   0.00000000    -0.01072080   0.00000000
 -0.04307830   0.00000000    -0.05386399   0.00000000    -0.02400155  -0.00000000
 -0.00970195  -0.00000000    -0.01921092  -0.00000000    -0.00373809  -0.00000000
    9    1
  0.00024160   0.00000000    -0.00033429   0.00000000     0.00039551  -0.00000000
 -0.00087538   0.00000000     0.00150649   0.00000000     0.00140177  -0.00000000
  0.00008038  -0.00000000     0.00026232  -0.00000000     0.00024434   0.00000000
    9    2
  0.00024160   0.00000000     0.00033429  -0.00000000     0.00039551  -0.00000000
  0.00087538  -0.00000000     0.00150649   0.00000000    -0.00140177   0.00000000
  0.00008038  -0.00000000    -0.00026232   0.00000000     0.00024434   0.00000000
    9    3
 -0.00007693   0.00000000     0.00039777  -0.00000000     0.00040033  -0.00000000
  0.00084066  -0.00000000     0.00144338   0.00000000    -0.00169072   0.00000000
  0.00071917  -0.00000000    -0.00075487   0.00000000     0.00081083  -0.00000000
    9    4
 -0.00007693   0.00000000    -0.00039777   0.00000000     0.00040033  -0.00000000
 -0.00084066   0.00000000     0.00144338   0.00000000     0.00169072  -0.00000000
  0.00071917  -0.00000000     0.00075487  -0.00000000     0.00081083  -0.00000000
    9    5
 -0.00578037   0.00000000     0.00000000  -0.00000000    -0.00312622   0.00000000
 -0.00000000   0.00000000    -0.00200689   0.00000000    -0.00000000   0.00000000
 -0.00123087  -0.00000000     0.00000000   0.00000000    -0.01267699   0.00000000
    9    6
 -0.01845150  -0.00000000     0.00000000   0.00000000    -0.00473076   0.00000000
  0.00000000  -0.00000000     0.01664641  -0.00000000    -0.00000000  -0.00000000
 -0.00723267   0.00000000     0.00000000   0.00000000     0.01073607  -0.00000000
    9    7
 -0.00911475   0.00000000     0.00000000  -0.00000000    -0.00638422  -0.00000000
  0.00000000   0.00000000    -0.00066537  -0.00000000     0.00000000   0.00000000
 -0.00605016  -0.00000000     0.00000000   0.00000000    -0.00233340   0.00000000
    9    8
  0.00030086   0.00000000     0.00000000   0.00000000     0.00356729  -0.00000000
 -0.00000000   0.00000000    -0.00187569  -0.00000000     0.00000000  -0.00000000
 -0.00356729   0.00000000    -0.00000000   0.00000000    -0.01413920   0.00000000
    9    9
  0.15188441   0.00000000     0.00000000  -0.00000000     0.02248687  -0.00000000
  0.00000000  -0.00000000     0.28005084   0.00000000     0.00000000   0.00000000
  0.02248687  -0.00000000     0.00000000   0.00000000     0.18387211  -0.00000000
    9   10
 -0.01376763  -0.00000000    -0.00000000   0.00000000    -0.00149564   0.00000000
  0.00000000   0.00000000    -0.02754676   0.00000000    -0.00000000  -0.00000000
 -0.01197542  -0.00000000     0.00000000   0.00000000    -0.00548679   0.00000000
    9   11
  0.00049989  -0.00000000     0.00000000   0.00000000    -0.00906169   0.00000000
  0.00000000   0.00000000    -0.02448483  -0.00000000     0.00000000   0.00000000
  0.00906169  -0.00000000     0.00000000   0.00000000    -0.01609555   0.00000000
    9   12
  0.01053733  -0.00000000     0.00000000   0.00000000     0.00969994  -0.00000000
  0.00000000   0.00000000     0.01679343  -0.00000000     0.00000000   0.00000000
  0.01215077  -0.00000000     0.00000000   0.00000000    -0.01286718  -0.00000000
    9   13
 -0.01259192  -0.00000000     0.00000000   0.00000000     0.00766087  -0.00000000
  0.00000000   0.00000000    -0.02035976   0.00000000     0.00000000   0.00000000
 -0.01309226  -0.00000000     0.00000000   0.00000000     0.00010488   0.00000000
    9   14
  0.00279770  -0.00000000    -0.00000000  -0.00000000    -0.00569693   0.00000000
  0.00000000  -0.00000000    -0.01993081  -0.00000000    -0.00000000   0.00000000
  0.01607842  -0.00000000     0.00000000  -0.00000000    -0.01285372   0.00000000
    9   15
  0.01392140  -0.00000000     0.00000000  -0.00000000     0.00766657  -0.00000000
  0.00000000  -0.00000000     0.00044385  -0.00000000    -0.00000000   0.00000000
  0.00766657  -0.00000000    -0.00000000   0.00000000     0.01773195  -0.00000000
    9   16
 -0.00936247   0.00000000     0.00000000  -0.00000000    -0.00571154  -0.00000000
  0.00000000   0.00000000    -0.00017819  -0.00000000     0.00000000  -0.00000000
 -0.00789715   0.00000000     0.00000000   0.00000000    -0.00531147   0.00000000
    9   17
  0.00080246  -0.00000000     0.00000000  -0.00000000     0.00239658  -0.00000000
 -0.00000000   0.00000000     0.00165188  -0.00000000     0.00000000   0.00000000
  0.00153605  -0.00000000     0.00000000  -0.00000000     0.00106704  -0.00000000
    9   18
  0.00004198  -0.00000000     0.00055028   0.00000000    -0.00098625   0.00000000
  0.00049644   0.00000000     0.00088641   0.00000000     0.00273982  -0.00000000
  0.00234705   0.00000000    -0.00026775  -0.00000000    -0.00048718  -0.00000000
    9   19
 -0.00232272   0.00000000    -0.00146194   0.00000000     0.00258617  -0.00000000
  0.00226553  -0.00000000     0.00176078  -0.00000000     0.00187042   0.00000000
 -0.00067743  -0.00000000     0.00075832  -0.00000000     0.00020559  -0.00000000
    9   20
 -0.00137780  -0.00000000    -0.00018283  -0.00000000     0.00106830   0.00000000
 -0.00089260  -0.00000000    -0.00039471   0.00000000     0.00094866  -0.00000000
  0.00132015  -0.00000000     0.00096443  -0.00000000     0.00097228   0.00000000
    9   21
 -0.01606227  -0.00000000     0.03653261  -0.00000000     0.01198975  -0.00000000
  0.04361850  -0.00000000    -0.05416176   0.00000000    -0.02537165  -0.00000000
  0.01082627   0.00000000    -0.02082159  -0.00000000    -0.00659092  -0.00000000
    9   22
 -0.01751073   0.00000000     0.00000000   0.00000000    -0.03633981   0.00000000
  0.00000000   0.00000000    -0.00031195  -0.00000000     0.00000000   0.00000000
 -0.03668068   0.00000000     0.00000000   0.00000000    -0.05960963   0.00000000
    9   23
 -0.00137780  -0.00000000     0.00018283   0.00000000     0.00106830   0.00000000
  0.00089260   0.00000000    -0.00039471   0.00000000    -0.00094866   0.00000000
  0.00132015  -0.00000000    -0.00096443   0.00000000     0.00097228   0.00000000
    9   24
 -0.01606227  -0.00000000    -0.03653261   0.00000000     0.01198975  -0.00000000
 -0.04361850   0.00000000    -0.05416176   0.00000000     0.02537165   0.00000000
  0.01082627   0.00000000     0.02082159   0.00000000    -0.00659092  -0.00000000
    9   25
  0.00004198  -0.00000000    -0.00055028  -0.00000000    -0.00098625   0.00000000
 -0.00049644  -0.00000000     0.00088641   0.00000000    -0.00273982   0.00000000
  0.00234705   0.00000000     0.00026775   0.00000000    -0.00048718  -0.00000000
    9   26
 -0.00232272   0.00000000     0.00146194  -0.00000000     0.00258617  -0.00000000
 -0.00226553   0.00000000     0.00176078  -0.00000000    -0.00187042  -0.00000000
 -0.00067743  -0.00000000    -0.00075832   0.00000000     0.00020559  -0.00000000
    9   27
 -0.00078185   0.00000000     0.00000000  -0.00000000     0.00112865  -0.00000000
  0.00000000  -0.00000000     0.00207932  -0.00000000     0.00000000  -0.00000000
  0.00232474  -0.00000000     0.00000000   0.00000000     0.00297091  -0.00000000
    9   28
 -0.00151794   0.00000000     0.00089395  -0.00000000     0.00207049  -0.00000000
 -0.00197288   0.00000000     0.00229984  -0.00000000    -0.00038897  -0.00000000
 -0.00125466   0.00000000    -0.00082418   0.00000000    -0.00019252  -0.00000000
    9   29
 -0.00071495  -0.00000000     0.00068340  -0.00000000    -0.00108711   0.00000000
  0.00044229  -0.00000000     0.00130365   0.00000000    -0.00199128   0.00000000
  0.00169567   0.00000000    -0.00072767   0.00000000    -0.00147603   0.00000000
    9   30
 -0.01826768  -0.00000000    -0.03666275   0.00000000     0.01072080  -0.00000000
 -0.04307830   0.00000000    -0.05386399   0.00000000     0.02400155   0.00000000
  0.00970195   0.00000000     0.01921092   0.00000000    -0.00373809  -0.00000000
    9   31
 -0.00052351  -0.00000000     0.00065433  -0.00000000     0.00039322   0.00000000
  0.00110556  -0.00000000    -0.00062293  -0.00000000    -0.00073842   0.00000000
  0.00193943  -0.00000000    -0.00118977   0.00000000     0.00069153  -0.00000000
    9   32
 -0.01625502  -0.00000000    -0.00000000  -0.00000000    -0.02890057   0.00000000
  0.00000000   0.00000000    -0.00208879  -0.00000000     0.00000000  -0.00000000
 -0.02799045  -0.00000000     0.00000000  -0.00000000    -0.04887391   0.00000000
    9   33
 -0.01826768  -0.00000000     0.03666275  -0.00000000     0.01072080  -0.00000000
  0.04307830  -0.00000000    -0.05386399   0.00000000    -0.02400155  -0.00000000
  0.00970195   0.00000000    -0.01921092  -0.00000000    -0.00373809  -0.00000000
    9   34
 -0.00052351  -0.00000000    -0.00065433   0.00000000     0.00039322   0.00000000
 -0.00110556   0.00000000    -0.00062293  -0.00000000     0.00073842  -0.00000000
  0.00193943  -0.00000000     0.00118977  -0.00000000     0.00069153  -0.00000000
    9   35
 -0.00151794   0.00000000    -0.00089395   0.00000000     0.00207049  -0.00000000
  0.00197288  -0.00000000     0.00229984  -0.00000000     0.00038897   0.00000000
 -0.00125466   0.00000000     0.00082418  -0.00000000    -0.00019252  -0.00000000
    9   36
 -0.00071495  -0.00000000    -0.00068340   0.00000000    -0.00108711   0.00000000
 -0.00044229   0.00000000     0.00130365   0.00000000     0.00199128  -0.00000000
  0.00169567   0.00000000     0.00072767  -0.00000000    -0.00147603   0.00000000
   10    1
 -0.00063766   0.00000000    -0.00049220   0.00000000     0.00000000   0.00000000
 -0.00012395   0.00000000     0.00014879   0.00000000    -0.00000000  -0.00000000
 -0.00000000  -0.00000000    -0.00000000  -0.00000000     0.00037575  -0.00000000
   10    2
 -0.00063766   0.00000000     0.00049220  -0.00000000     0.00000000   0.00000000
  0.00012395  -0.00000000     0.00014879   0.00000000     0.00000000   0.00000000
  0.00000000  -0.00000000     0.00000000   0.00000000     0.00037575  -0.00000000
   10    3
  0.00000000  -0.00000000     0.00001750  -0.00000000     0.00011134  -0.00000000
 -0.00014694   0.00000000    -0.00000000   0.00000000     0.00000000  -0.00000000
 -0.00056894   0.00000000     0.00000000  -0.00000000    -0.00000000   0.00000000
   10    4
  0.00000000  -0.00000000    -0.00001750   0.00000000     0.00011134  -0.00000000
  0.00014694  -0.00000000     0.00000000   0.00000000    -0.00000000   0.00000000
 -0.00056894   0.00000000     0.00000000   0.00000000     0.00000000   0.00000000
   10    5
 -0.01152553   0.00000000    -0.00000000   0.00000000     0.00644084  -0.00000000
  0.00000000  -0.00000000    -0.00005378  -0.00000000    -0.00000000   0.00000000
 -0.00018782   0.00000000     0.00000000  -0.00000000    -0.00477857   0.00000000
   10    6
 -0.01152553   0.00000000    -0.00000000   0.00000000    -0.00644084   0.00000000
  0.00000000   0.00000000    -0.00005378  -0.00000000    -0.00000000   0.00000000
  0.00018782  -0.00000000     0.00000000   0.00000000    -0.00477857   0.00000000
   10    7
  0.02057741  -0.00000000     0.00000000   0.00000000     0.00000000  -0.00000000
  0.00000000   0.00000000    -0.00025639   0.00000000     0.00000000   0.00000000
  0.00000000  -0.00000000     0.00000000  -0.00000000     0.01069155  -0.00000000
   10    8
 -0.01376763  -0.00000000     0.00000000  -0.00000000     0.01197542   0.00000000
  0.00000000  -0.00000000    -0.02754676   0.00000000    -0.00000000   0.00000000
  0.00149564  -0.00000000    -0.00000000   0.00000000    -0.00548679   0.00000000
   10    9
 -0.01376763  -0.00000000     0.00000000   0.00000000    -0.01197542  -0.00000000
 -0.00000000   0.00000000    -0.02754676   0.00000000     0.00000000   0.00000000
 -0.00149564   0.00000000    -0.00000000  -0.00000000    -0.00548679   0.00000000
   10   10
  0.20012944   0.00000000     0.00000000   0.00000000     0.00000000  -0.00000000
  0.00000000   0.00000000     0.27867222  -0.00000000     0.00000000   0.00000000
  0.00000000  -0.00000000     0.00000000   0.00000000     0.13978146  -0.00000000
   10   11
 -0.00911475   0.00000000     0.00000000   0.00000000     0.00605016   0.00000000
  0.00000000   0.00000000    -0.00066537  -0.00000000    -0.00000000   0.00000000
  0.00638422   0.00000000    -0.00000000   0.00000000    -0.00233340   0.00000000
   10   12
 -0.00443690   0.00000000     0.00000000  -0.00000000    -0.01755992   0.00000000
  0.00000000  -0.00000000    -0.02032629   0.00000000     0.00000000   0.00000000
  0.00137110   0.00000000     0.00000000   0.00000000    -0.00569271   0.00000000
   10   13
  0.00068213  -0.00000000     0.00000000   0.00000000     0.01425986  -0.00000000
  0.00000000   0.00000000     0.01645827  -0.00000000    -0.00000000  -0.00000000
  0.01387451  -0.00000000     0.00000000   0.00000000    -0.00524718  -0.00000000
   10   14
 -0.00443690  -0.00000000     0.00000000   0.00000000     0.01755992   0.00000000
  0.00000000   0.00000000    -0.02032629   0.00000000    -0.00000000  -0.00000000
 -0.00137110  -0.00000000     0.00000000   0.00000000    -0.00569271   0.00000000
   10   15
 -0.00911475   0.00000000     0.00000000  -0.00000000    -0.00605016  -0.00000000
 -0.00000000   0.00000000    -0.00066537  -0.00000000     0.00000000   0.00000000
 -0.00638422  -0.00000000     0.00000000  -0.00000000    -0.00233340   0.00000000
   10   16
  0.00068213  -0.00000000     0.00000000   0.00000000    -0.01425986  -0.00000000
  0.00000000  -0.00000000     0.01645827   0.00000000     0.00000000  -0.00000000
 -0.01387451  -0.00000000     0.00000000   0.00000000    -0.00524718  -0.00000000
   10   17
  0.06370579  -0.00000000     0.00000000  -0.00000000     0.00000000   0.00000000
  0.00000000   0.00000000     0.00288687  -0.00000000     0.00000000  -0.00000000
  0.00000000   0.00000000     0.00000000  -0.00000000     0.00069178  -0.00000000
   10   18
  0.00038342  -0.00000000     0.00070282  -0.00000000     0.00202442   0.00000000
  0.00290374  -0.00000000     0.00061936   0.00000000    -0.00011541  -0.00000000
  0.00009625  -0.00000000     0.00124632  -0.00000000    -0.00156162   0.00000000
   10   19
  0.00038342  -0.00000000     0.00070282  -0.00000000    -0.00202442  -0.00000000
  0.00290374   0.00000000     0.00061936   0.00000000     0.00011541  -0.00000000
 -0.00009625   0.00000000    -0.00124632   0.00000000    -0.00156162   0.00000000
   10   20
 -0.00080282   0.00000000     0.00121692  -0.00000000    -0.00173575  -0.00000000
  0.00151135  -0.00000000     0.00138239   0.00000000     0.00095319   0.00000000
 -0.00028434   0.00000000    -0.00019062   0.00000000    -0.00143754  -0.00000000
   10   21
 -0.00080282   0.00000000     0.00121692  -0.00000000     0.00173575   0.00000000
  0.00151135  -0.00000000     0.00138239   0.00000000    -0.00095319  -0.00000000
  0.00028434  -0.00000000     0.00019062  -0.00000000    -0.00143754  -0.00000000
   10   22
 -0.08173149   0.00000000     0.00000000   0.00000000     0.00000000  -0.00000000
  0.00000000   0.00000000    -0.00045139  -0.00000000     0.00000000   0.00000000
  0.00000000  -0.00000000     0.00000000   0.00000000     0.00321485  -0.00000000
   10   23
 -0.00080282   0.00000000    -0.00121692   0.00000000    -0.00173575  -0.00000000
 -0.00151135   0.00000000     0.00138239   0.00000000    -0.00095319  -0.00000000
 -0.00028434   0.00000000     0.00019062  -0.00000000    -0.00143754  -0.00000000
   10   24
 -0.00080282   0.00000000    -0.00121692   0.00000000     0.00173575   0.00000000
 -0.00151135   0.00000000     0.00138239   0.00000000     0.00095319   0.00000000
  0.00028434  -0.00000000    -0.00019062   0.00000000    -0.00143754  -0.00000000
   10   25
  0.00038342  -0.00000000    -0.00070282   0.00000000     0.00202442   0.00000000
 -0.00290374   0.00000000     0.00061936   0.00000000     0.00011541   0.00000000
  0.00009625  -0.00000000    -0.00124632   0.00000000    -0.00156162   0.00000000
   10   26
  0.00038342  -0.00000000    -0.00070282   0.00000000    -0.00202442  -0.00000000
 -0.00290374  -0.00000000     0.00061936   0.00000000    -0.00011541   0.00000000
 -0.00009625   0.00000000     0.00124632  -0.00000000    -0.00156162   0.00000000
   10   27
  0.00331438  -0.00000000     0.00000000   0.00000000     0.00011756  -0.00000000
  0.00000000  -0.00000000     0.00142358  -0.00000000     0.00000000   0.00000000
 -0.00158529   0.00000000     0.00000000   0.00000000    -0.00151738   0.00000000
   10   28
  0.00156525  -0.00000000     0.00038833  -0.00000000    -0.00062574   0.00000000
 -0.00042409   0.00000000     0.00064944  -0.00000000     0.00075202  -0.00000000
  0.00003029  -0.00000000     0.00163305  -0.00000000    -0.00243892   0.00000000
   10   29
  0.00060831   0.00000000     0.00101934  -0.00000000     0.00169149   0.00000000
  0.00072034  -0.00000000    -0.05386980  -0.00000000    -0.04888150  -0.00000000
  0.00196885  -0.00000000    -0.03966423  -0.00000000    -0.02254750  -0.00000000
   10   30
  0.00060831   0.00000000    -0.00101934  -0.00000000    -0.00169149  -0.00000000
 -0.00072034   0.00000000    -0.05386980  -0.00000000    -0.04888150  -0.00000000
 -0.00196885   0.00000000    -0.03966423  -0.00000000    -0.02254750  -0.00000000
   10   31
  0.00156525  -0.00000000    -0.00038833   0.00000000     0.00062574  -0.00000000
  0.00042409  -0.00000000     0.00064944  -0.00000000     0.00075202  -0.00000000
 -0.00003029   0.00000000     0.00163305  -0.00000000    -0.00243892   0.00000000
   10   32
 -0.00331438   0.00000000     0.00000000  -0.00000000     0.00011756  -0.00000000
 -0.00000000   0.00000000    -0.00142358  -0.00000000     0.00000000   0.00000000
 -0.00158529   0.00000000     0.00000000  -0.00000000     0.00151738  -0.00000000
   10   33
  0.00060831   0.00000000     0.00101934   0.00000000    -0.00169149  -0.00000000
  0.00072034  -0.00000000    -0.05386980  -0.00000000     0.04888150   0.00000000
 -0.00196885   0.00000000     0.03966423   0.00000000    -0.02254750  -0.00000000
   10   34
  0.00156525  -0.00000000     0.00038833  -0.00000000     0.00062574  -0.00000000
 -0.00042409   0.00000000     0.00064944  -0.00000000    -0.00075202   0.00000000
 -0.00003029   0.00000000    -0.00163305   0.00000000    -0.00243892   0.00000000
   10   35
  0.00156525  -0.00000000    -0.00038833   0.00000000    -0.00062574   0.00000000
  0.00042409  -0.00000000     0.00064944  -0.00000000    -0.00075202   0.00000000
  0.00003029  -0.00000000    -0.00163305   0.00000000    -0.00243892   0.00000000
   10   36
  0.00060831   0.00000000    -0.00101934   0.00000000     0.00169149   0.00000000
 -0.00072034   0.00000000    -0.05386980  -0.00000000     0.04888150   0.00000000
  0.00196885  -0.00000000     0.03966423   0.00000000    -0.02254750  -0.00000000
   11    1
  0.00024160   0.00000000     0.00033429  -0.00000000    -0.00039551   0.00000000
  0.00087538  -0.00000000     0.00150649   0.00000000     0.00140177  -0.00000000
 -0.00008038   0.00000000     0.00026232  -0.00000000     0.00024434   0.00000000
   11    2
  0.00024160   0.00000000    -0.00033429   0.00000000    -0.00039551   0.00000000
 -0.00087538   0.00000000     0.00150649   0.00000000    -0.00140177   0.00000000
 -0.00008038   0.00000000    -0.00026232   0.00000000     0.00024434   0.00000000
   11    3
  0.00007693   0.00000000    -0.00039777  -0.00000000     0.00040033  -0.00000000
 -0.00084066  -0.00000000    -0.00144338   0.00000000    -0.00169072   0.00000000
  0.00071917  -0.00000000    -0.00075487   0.00000000    -0.00081083   0.00000000
   11    4
  0.00007693   0.00000000     0.00039777   0.00000000     0.00040033  -0.00000000
  0.00084066   0.00000000    -0.00144338   0.00000000     0.00169072  -0.00000000
  0.00071917  -0.00000000     0.00075487  -0.00000000    -0.00081083   0.00000000
   11    5
  0.01053733  -0.00000000     0.00000000  -0.00000000    -0.00969994  -0.00000000
  0.00000000  -0.00000000     0.01679343  -0.00000000     0.00000000  -0.00000000
 -0.01215077   0.00000000     0.00000000  -0.00000000    -0.01286718  -0.00000000
   11    6
  0.00279770  -0.00000000     0.00000000   0.00000000     0.00569693  -0.00000000
  0.00000000  -0.00000000    -0.01993081   0.00000000     0.00000000   0.00000000
 -0.01607842   0.00000000     0.00000000   0.00000000    -0.01285372   0.00000000
   11    7
 -0.01376763  -0.00000000     0.00000000  -0.00000000     0.00149564  -0.00000000
  0.00000000  -0.00000000    -0.02754676   0.00000000    -0.00000000   0.00000000
  0.01197542   0.00000000    -0.00000000   0.00000000    -0.00548679   0.00000000
   11    8
  0.01392140  -0.00000000    -0.00000000   0.00000000    -0.00766657   0.00000000
  0.00000000  -0.00000000     0.00044385  -0.00000000     0.00000000  -0.00000000
 -0.00766657   0.00000000     0.00000000  -0.00000000     0.01773195  -0.00000000
   11    9
  0.00049989  -0.00000000     0.00000000   0.00000000     0.00906169  -0.00000000
  0.00000000   0.00000000    -0.02448483  -0.00000000     0.00000000   0.00000000
 -0.00906169   0.00000000     0.00000000   0.00000000    -0.01609555   0.00000000
   11   10
 -0.00911475   0.00000000     0.00000000   0.00000000     0.00638422   0.00000000
  0.00000000   0.00000000    -0.00066537  -0.00000000    -0.00000000   0.00000000
  0.00605016   0.00000000    -0.00000000   0.00000000    -0.00233340   0.00000000
   11   11
  0.15188441   0.00000000    -0.00000000   0.00000000    -0.02248687  -0.00000000
 -0.00000000   0.00000000     0.28005084   0.00000000     0.00000000  -0.00000000
 -0.02248687  -0.00000000     0.00000000  -0.00000000     0.18387211  -0.00000000
   11   12
 -0.00578037   0.00000000     0.00000000   0.00000000     0.00312622  -0.00000000
  0.00000000  -0.00000000    -0.00200689   0.00000000     0.00000000   0.00000000
  0.00123087   0.00000000     0.00000000  -0.00000000    -0.01267699   0.00000000
   11   13
 -0.01259192  -0.00000000     0.00000000   0.00000000    -0.00766087   0.00000000
  0.00000000   0.00000000    -0.02035976   0.00000000     0.00000000   0.00000000
  0.01309226   0.00000000     0.00000000   0.00000000     0.00010488   0.00000000
   11   14
 -0.01845150  -0.00000000     0.00000000   0.00000000     0.00473076  -0.00000000
  0.00000000   0.00000000     0.01664641  -0.00000000    -0.00000000  -0.00000000
  0.00723267  -0.00000000     0.00000000   0.00000000     0.01073607  -0.00000000
   11   15
  0.00030086   0.00000000    -0.00000000  -0.00000000    -0.00356729   0.00000000
  0.00000000   0.00000000    -0.00187569  -0.00000000     0.00000000   0.00000000
  0.00356729  -0.00000000     0.00000000   0.00000000    -0.01413920   0.00000000
   11   16
 -0.00936247   0.00000000     0.00000000   0.00000000     0.00571154   0.00000000
  0.00000000  -0.00000000    -0.00017819  -0.00000000    -0.00000000   0.00000000
  0.00789715  -0.00000000    -0.00000000   0.00000000    -0.00531147   0.00000000
   11   17
  0.00080246  -0.00000000     0.00000000  -0.00000000    -0.00239658   0.00000000
  0.00000000  -0.00000000     0.00165188  -0.00000000     0.00000000  -0.00000000
 -0.00153605   0.00000000     0.00000000  -0.00000000     0.00106704  -0.00000000
   11   18
  0.00004198  -0.00000000    -0.00055028  -0.00000000     0.00098625   0.00000000
 -0.00049644  -0.00000000     0.00088641  -0.00000000     0.00273982  -0.00000000
 -0.00234705  -0.00000000    -0.00026775  -0.00000000    -0.00048718  -0.00000000
   11   19
 -0.00232272   0.00000000     0.00146194  -0.00000000    -0.00258617   0.00000000
 -0.00226553   0.00000000     0.00176078  -0.00000000     0.00187042   0.00000000
  0.00067743   0.00000000     0.00075832  -0.00000000     0.00020559   0.00000000
   11   20
 -0.00137780   0.00000000     0.00018283   0.00000000    -0.00106830  -0.00000000
  0.00089260   0.00000000    -0.00039471   0.00000000     0.00094866  -0.00000000
 -0.00132015   0.00000000     0.00096443  -0.00000000     0.00097228  -0.00000000
   11   21
 -0.01606227  -0.00000000    -0.03653261   0.00000000    -0.01198975   0.00000000
 -0.04361850   0.00000000    -0.05416176   0.00000000    -0.02537165  -0.00000000
 -0.01082627  -0.00000000    -0.02082159  -0.00000000    -0.00659092  -0.00000000
   11   22
 -0.01751073   0.00000000     0.00000000  -0.00000000     0.03633981  -0.00000000
  0.00000000   0.00000000    -0.00031195  -0.00000000    -0.00000000  -0.00000000
  0.03668068  -0.00000000    -0.00000000   0.00000000    -0.05960963   0.00000000
   11   23
 -0.00137780   0.00000000    -0.00018283  -0.00000000    -0.00106830  -0.00000000
 -0.00089260  -0.00000000    -0.00039471   0.00000000    -0.00094866   0.00000000
 -0.00132015   0.00000000    -0.00096443   0.00000000     0.00097228  -0.00000000
   11   24
 -0.01606227  -0.00000000     0.03653261  -0.00000000    -0.01198975   0.00000000
  0.04361850  -0.00000000    -0.05416176   0.00000000     0.02537165   0.00000000
 -0.01082627  -0.00000000     0.02082159   0.00000000    -0.00659092  -0.00000000
   11   25
  0.00004198  -0.00000000     0.00055028   0.00000000     0.00098625   0.00000000
  0.00049644   0.00000000     0.00088641  -0.00000000    -0.00273982   0.00000000
 -0.00234705  -0.00000000     0.00026775   0.00000000    -0.00048718  -0.00000000
   11   26
 -0.00232272   0.00000000    -0.00146194   0.00000000    -0.00258617   0.00000000
  0.00226553  -0.00000000     0.00176078  -0.00000000    -0.00187042  -0.00000000
  0.00067743   0.00000000    -0.00075832   0.00000000     0.00020559   0.00000000
   11   27
  0.01625502  -0.00000000    -0.00000000  -0.00000000    -0.02890057   0.00000000
  0.00000000   0.00000000     0.00208879  -0.00000000     0.00000000  -0.00000000
 -0.02799045   0.00000000     0.00000000   0.00000000     0.04887391  -0.00000000
   11   28
 -0.01826768  -0.00000000    -0.03666275   0.00000000    -0.01072080   0.00000000
 -0.04307830   0.00000000    -0.05386399   0.00000000    -0.02400155  -0.00000000
 -0.00970195  -0.00000000    -0.01921092  -0.00000000    -0.00373809  -0.00000000
   11   29
 -0.00052351  -0.00000000     0.00065433  -0.00000000    -0.00039322  -0.00000000
  0.00110556  -0.00000000    -0.00062293   0.00000000     0.00073842  -0.00000000
 -0.00193943   0.00000000     0.00118977  -0.00000000     0.00069153  -0.00000000
   11   30
 -0.00151794   0.00000000     0.00089395  -0.00000000    -0.00207049   0.00000000
 -0.00197288   0.00000000     0.00229984  -0.00000000     0.00038897   0.00000000
  0.00125466  -0.00000000     0.00082418  -0.00000000    -0.00019252  -0.00000000
   11   31
 -0.00071495  -0.00000000     0.00068340  -0.00000000     0.00108711  -0.00000000
  0.00044229  -0.00000000     0.00130365   0.00000000     0.00199128  -0.00000000
 -0.00169567  -0.00000000     0.00072767  -0.00000000    -0.00147603   0.00000000
   11   32
  0.00078185  -0.00000000    -0.00000000   0.00000000     0.00112865   0.00000000
  0.00000000   0.00000000    -0.00207932   0.00000000     0.00000000  -0.00000000
  0.00232474  -0.00000000     0.00000000   0.00000000    -0.00297091   0.00000000
   11   33
 -0.00151794   0.00000000    -0.00089395   0.00000000    -0.00207049   0.00000000
  0.00197288  -0.00000000     0.00229984  -0.00000000    -0.00038897  -0.00000000
  0.00125466  -0.00000000    -0.00082418   0.00000000    -0.00019252  -0.00000000
   11   34
 -0.00071495  -0.00000000    -0.00068340   0.00000000     0.00108711  -0.00000000
 -0.00044229   0.00000000     0.00130365   0.00000000    -0.00199128   0.00000000
 -0.00169567  -0.00000000    -0.00072767   0.00000000    -0.00147603   0.00000000
   11   35
 -0.01826768  -0.00000000     0.03666275  -0.00000000    -0.01072080   0.00000000
  0.04307830  -0.00000000    -0.05386399   0.00000000     0.02400155   0.00000000
 -0.00970195  -0.00000000     0.01921092   0.00000000    -0.00373809  -0.00000000
   11   36
 -0.00052351  -0.00000000    -0.00065433   0.00000000    -0.00039322  -0.00000000
 -0.00110556   0.00000000    -0.00062293   0.00000000    -0.00073842   0.00000000
 -0.00193943   0.00000000    -0.00118977   0.00000000     0.00069153  -0.00000000
   12    1
  0.00021097   0.00000000     0.00101717   0.00000000    -0.00044365   0.00000000
  0.00120463   0.00000000    -0.00131730   0.00000000    -0.00161868   0.00000000
 -0.00081019   0.00000000    -0.00085841   0.00000000    -0.00067258   0.00000000
   12    2
  0.00021097   0.00000000    -0.00101717  -0.00000000    -0.00044365   0.00000000
 -0.00120463  -0.00000000    -0.00131730   0.00000000     0.00161868  -0.00000000
 -0.00081019   0.00000000     0.00085841  -0.00000000    -0.00067258   0.00000000
   12    3
 -0.00018980   0.00000000    -0.00068629  -0.00000000    -0.00053643   0.00000000
 -0.00090791  -0.00000000    -0.00149566   0.00000000     0.00145660  -0.00000000
 -0.00015302  -0.00000000     0.00078642  -0.00000000    -0.00039943   0.00000000
   12    4
 -0.00018980   0.00000000     0.00068629   0.00000000    -0.00053643   0.00000000
  0.00090791   0.00000000    -0.00149566   0.00000000    -0.00145660   0.00000000
 -0.00015302  -0.00000000    -0.00078642   0.00000000    -0.00039943   0.00000000
   12    5
 -0.00513154  -0.00000000    -0.00000000   0.00000000    -0.00787747   0.00000000
  0.00000000  -0.00000000    -0.02356895  -0.00000000     0.00000000  -0.00000000
  0.00787747  -0.00000000    -0.00000000   0.00000000    -0.01428754   0.00000000
   12    6
  0.02409185  -0.00000000    -0.00000000  -0.00000000    -0.00179510   0.00000000
 -0.00000000  -0.00000000     0.00201476   0.00000000    -0.00000000   0.00000000
 -0.00179510   0.00000000    -0.00000000   0.00000000     0.01826519  -0.00000000
   12    7
 -0.01152553   0.00000000    -0.00000000  -0.00000000     0.00018782  -0.00000000
  0.00000000  -0.00000000    -0.00005378  -0.00000000     0.00000000  -0.00000000
 -0.00644084   0.00000000    -0.00000000   0.00000000    -0.00477857   0.00000000
   12    8
  0.00279770  -0.00000000     0.00000000  -0.00000000    -0.01607842   0.00000000
  0.00000000  -0.00000000    -0.01993081   0.00000000     0.00000000   0.00000000
  0.00569693  -0.00000000     0.00000000  -0.00000000    -0.01285372   0.00000000
   12    9
  0.01053733  -0.00000000     0.00000000   0.00000000     0.01215077  -0.00000000
  0.00000000   0.00000000     0.01679343  -0.00000000     0.00000000   0.00000000
  0.00969994  -0.00000000     0.00000000   0.00000000    -0.01286718  -0.00000000
   12   10
 -0.00443690   0.00000000     0.00000000  -0.00000000     0.00137110   0.00000000
  0.00000000  -0.00000000    -0.02032629   0.00000000     0.00000000   0.00000000
 -0.01755992   0.00000000     0.00000000   0.00000000    -0.00569271   0.00000000
   12   11
 -0.00578037   0.00000000     0.00000000  -0.00000000     0.00123087   0.00000000
  0.00000000   0.00000000    -0.00200689   0.00000000     0.00000000  -0.00000000
  0.00312622  -0.00000000     0.00000000   0.00000000    -0.01267699   0.00000000
   12   12
  0.15037144   0.00000000    -0.00000000  -0.00000000     0.03146472   0.00000000
 -0.00000000  -0.00000000     0.25663374   0.00000000    -0.00000000   0.00000000
  0.03146472   0.00000000    -0.00000000   0.00000000     0.18917080  -0.00000000
   12   13
 -0.01347436   0.00000000    -0.00000000   0.00000000     0.00142004   0.00000000
 -0.00000000  -0.00000000    -0.02612967   0.00000000     0.00000000   0.00000000
 -0.00853565  -0.00000000    -0.00000000   0.00000000    -0.01141899   0.00000000
   12   14
 -0.01346484   0.00000000     0.00000000   0.00000000    -0.00475010   0.00000000
  0.00000000  -0.00000000    -0.00267043  -0.00000000    -0.00000000   0.00000000
  0.00475010  -0.00000000     0.00000000  -0.00000000    -0.00601080   0.00000000
   12   15
 -0.01845150  -0.00000000    -0.00000000  -0.00000000    -0.00723267   0.00000000
 -0.00000000  -0.00000000     0.01664641  -0.00000000    -0.00000000   0.00000000
 -0.00473076   0.00000000     0.00000000   0.00000000     0.01073607  -0.00000000
   12   16
 -0.00718987   0.00000000    -0.00000000  -0.00000000     0.00788241  -0.00000000
  0.00000000   0.00000000    -0.00140070   0.00000000     0.00000000   0.00000000
 -0.00390204  -0.00000000     0.00000000  -0.00000000    -0.00858541   0.00000000
   12   17
  0.01654458  -0.00000000     0.00000000   0.00000000     0.03458544  -0.00000000
  0.00000000  -0.00000000     0.00026306  -0.00000000     0.00000000   0.00000000
  0.03119560  -0.00000000     0.00000000  -0.00000000     0.05345660  -0.00000000
   12   18
 -0.01576305  -0.00000000     0.03525739  -0.00000000     0.01046094  -0.00000000
  0.04068567  -0.00000000    -0.05352713   0.00000000    -0.02278674  -0.00000000
  0.00928284   0.00000000    -0.01921790  -0.00000000    -0.00405533  -0.00000000
   12   19
 -0.00176261   0.00000000    -0.00064580   0.00000000     0.00147862  -0.00000000
 -0.00171156   0.00000000    -0.00093092   0.00000000     0.00112405  -0.00000000
  0.00249552  -0.00000000     0.00118872  -0.00000000     0.00077185   0.00000000
   12   20
 -0.00301182   0.00000000    -0.00189765   0.00000000     0.00091328  -0.00000000
  0.00332873  -0.00000000     0.00220066  -0.00000000     0.00157630  -0.00000000
 -0.00039658  -0.00000000     0.00104388  -0.00000000     0.00145235  -0.00000000
   12   21
 -0.00007662  -0.00000000    -0.00106158   0.00000000     0.00085620   0.00000000
  0.00042785   0.00000000     0.00145698   0.00000000     0.00342545  -0.00000000
  0.00146392   0.00000000     0.00074220  -0.00000000    -0.00308169   0.00000000
   12   22
 -0.00000044  -0.00000000    -0.00000000  -0.00000000    -0.00179021   0.00000000
  0.00000000   0.00000000    -0.00094139   0.00000000     0.00000000  -0.00000000
 -0.00226619   0.00000000    -0.00000000  -0.00000000    -0.00246396   0.00000000
   12   23
 -0.00301182   0.00000000     0.00189765  -0.00000000     0.00091328  -0.00000000
 -0.00332873   0.00000000     0.00220066  -0.00000000    -0.00157630   0.00000000
 -0.00039658  -0.00000000    -0.00104388   0.00000000     0.00145235  -0.00000000
   12   24
 -0.00007662  -0.00000000     0.00106158  -0.00000000     0.00085620   0.00000000
 -0.00042785  -0.00000000     0.00145698   0.00000000    -0.00342545   0.00000000
  0.00146392   0.00000000    -0.00074220   0.00000000    -0.00308169   0.00000000
   12   25
 -0.01576305  -0.00000000    -0.03525739   0.00000000     0.01046094  -0.00000000
 -0.04068567   0.00000000    -0.05352713   0.00000000     0.02278674   0.00000000
  0.00928284   0.00000000     0.01921790   0.00000000    -0.00405533  -0.00000000
   12   26
 -0.00176261   0.00000000     0.00064580  -0.00000000     0.00147862  -0.00000000
  0.00171156  -0.00000000    -0.00093092   0.00000000    -0.00112405   0.00000000
  0.00249552  -0.00000000    -0.00118872   0.00000000     0.00077185   0.00000000
   12   27
  0.01611367  -0.00000000     0.00000000   0.00000000     0.03213890  -0.00000000
  0.00000000  -0.00000000    -0.00017564   0.00000000     0.00000000   0.00000000
  0.03528177  -0.00000000     0.00000000   0.00000000     0.05562944  -0.00000000
   12   28
 -0.00203283  -0.00000000     0.00078629  -0.00000000     0.00139400   0.00000000
  0.00097584   0.00000000    -0.00092741   0.00000000    -0.00099843   0.00000000
  0.00210191  -0.00000000    -0.00105169   0.00000000     0.00059031  -0.00000000
   12   29
 -0.01410091   0.00000000    -0.03138008   0.00000000     0.00957490  -0.00000000
 -0.03968207   0.00000000    -0.04986515   0.00000000     0.02298052  -0.00000000
  0.00859304  -0.00000000     0.01747325  -0.00000000    -0.00490964   0.00000000
   12   30
  0.00095238  -0.00000000    -0.00045180  -0.00000000     0.00091688  -0.00000000
 -0.00019097  -0.00000000     0.00102579  -0.00000000    -0.00359202   0.00000000
  0.00209980  -0.00000000     0.00015019   0.00000000    -0.00194079   0.00000000
   12   31
 -0.00405486   0.00000000     0.00067520  -0.00000000     0.00045866  -0.00000000
 -0.00263421   0.00000000     0.00224132  -0.00000000    -0.00244789  -0.00000000
 -0.00042260  -0.00000000    -0.00047249   0.00000000     0.00054539  -0.00000000
   12   32
 -0.00144318  -0.00000000     0.00000000  -0.00000000    -0.00001203   0.00000000
  0.00000000   0.00000000    -0.00082444   0.00000000     0.00000000   0.00000000
  0.00023753  -0.00000000     0.00000000   0.00000000    -0.00114312   0.00000000
   12   33
  0.00095238  -0.00000000     0.00045180   0.00000000     0.00091688  -0.00000000
  0.00019097   0.00000000     0.00102579  -0.00000000     0.00359202  -0.00000000
  0.00209980  -0.00000000    -0.00015019  -0.00000000    -0.00194079   0.00000000
   12   34
 -0.00405486   0.00000000    -0.00067520   0.00000000     0.00045866  -0.00000000
  0.00263421  -0.00000000     0.00224132  -0.00000000     0.00244789   0.00000000
 -0.00042260  -0.00000000     0.00047249  -0.00000000     0.00054539  -0.00000000
   12   35
 -0.00203283  -0.00000000    -0.00078629   0.00000000     0.00139400   0.00000000
 -0.00097584  -0.00000000    -0.00092741   0.00000000     0.00099843  -0.00000000
  0.00210191  -0.00000000     0.00105169  -0.00000000     0.00059031  -0.00000000
   12   36
 -0.01410091   0.00000000     0.03138008  -0.00000000     0.00957490  -0.00000000
  0.03968207  -0.00000000    -0.04986515   0.00000000    -0.02298052   0.00000000
  0.00859304  -0.00000000    -0.01747325   0.00000000    -0.00490964   0.00000000
   13    1
 -0.00040817   0.00000000    -0.00000000   0.00000000     0.00000000  -0.00000000
  0.00000000   0.00000000     0.00013987   0.00000000     0.00033478   0.00000000
 -0.00000000  -0.00000000     0.00082931   0.00000000     0.00047314   0.00000000
   13    2
 -0.00040817   0.00000000     0.00000000  -0.00000000     0.00000000  -0.00000000
  0.00000000  -0.00000000     0.00013987   0.00000000    -0.00033478  -0.00000000
  0.00000000  -0.00000000    -0.00082931  -0.00000000     0.00047314   0.00000000
   13    3
 -0.00000000   0.00000000     0.00000000  -0.00000000     0.00026741  -0.00000000
  0.00000000  -0.00000000    -0.00000000   0.00000000     0.00010533   0.00000000
 -0.00047929   0.00000000    -0.00023880   0.00000000    -0.00000000   0.00000000
   13    4
  0.00000000   0.00000000     0.00000000   0.00000000     0.00026741  -0.00000000
  0.00000000   0.00000000     0.00000000   0.00000000    -0.00010533   0.00000000
 -0.00047929   0.00000000     0.00023880  -0.00000000     0.00000000   0.00000000
   13    5
 -0.01347436   0.00000000     0.00000000  -0.00000000     0.00853565   0.00000000
  0.00000000  -0.00000000    -0.02612967   0.00000000    -0.00000000   0.00000000
 -0.00142004  -0.00000000    -0.00000000   0.00000000    -0.01141899   0.00000000
   13    6
 -0.00718987   0.00000000     0.00000000   0.00000000    -0.00390204  -0.00000000
 -0.00000000   0.00000000    -0.00140070   0.00000000     0.00000000   0.00000000
  0.00788241  -0.00000000     0.00000000   0.00000000    -0.00858541   0.00000000
   13    7
  0.00068213  -0.00000000     0.00000000  -0.00000000    -0.01387451  -0.00000000
  0.00000000  -0.00000000     0.01645827   0.00000000    -0.00000000   0.00000000
 -0.01425986  -0.00000000    -0.00000000   0.00000000    -0.00524718  -0.00000000
   13    8
 -0.00936247   0.00000000    -0.00000000   0.00000000     0.00789715  -0.00000000
  0.00000000  -0.00000000    -0.00017819  -0.00000000    -0.00000000   0.00000000
  0.00571154   0.00000000     0.00000000  -0.00000000    -0.00531147   0.00000000
   13    9
 -0.01259192  -0.00000000     0.00000000   0.00000000    -0.01309226  -0.00000000
  0.00000000   0.00000000    -0.02035976   0.00000000     0.00000000   0.00000000
  0.00766087  -0.00000000     0.00000000   0.00000000     0.00010488   0.00000000
   13   10
  0.00068213  -0.00000000     0.00000000   0.00000000     0.01387451  -0.00000000
  0.00000000   0.00000000     0.01645827  -0.00000000     0.00000000   0.00000000
  0.01425986  -0.00000000    -0.00000000  -0.00000000    -0.00524718  -0.00000000
   13   11
 -0.01259192  -0.00000000     0.00000000   0.00000000     0.01309226   0.00000000
  0.00000000   0.00000000    -0.02035976   0.00000000     0.00000000   0.00000000
 -0.00766087   0.00000000     0.00000000   0.00000000     0.00010488   0.00000000
   13   12
 -0.01347436   0.00000000    -0.00000000  -0.00000000    -0.00853565  -0.00000000
 -0.00000000   0.00000000    -0.02612967   0.00000000    -0.00000000   0.00000000
  0.00142004   0.00000000     0.00000000   0.00000000    -0.01141899   0.00000000
   13   13
  0.20900358   0.00000000     0.00000000   0.00000000     0.00000000  -0.00000000
  0.00000000   0.00000000     0.26478030   0.00000000     0.00000000  -0.00000000
  0.00000000  -0.00000000     0.00000000  -0.00000000     0.13853807  -0.00000000
   13   14
 -0.00718987   0.00000000     0.00000000   0.00000000     0.00390204   0.00000000
  0.00000000   0.00000000    -0.00140070   0.00000000     0.00000000  -0.00000000
 -0.00788241   0.00000000    -0.00000000  -0.00000000    -0.00858541   0.00000000
   13   15
 -0.00936247   0.00000000     0.00000000   0.00000000    -0.00789715   0.00000000
  0.00000000  -0.00000000    -0.00017819  -0.00000000     0.00000000   0.00000000
 -0.00571154  -0.00000000     0.00000000  -0.00000000    -0.00531147   0.00000000
   13   16
  0.01595862  -0.00000000    -0.00000000   0.00000000     0.00000000  -0.00000000
  0.00000000   0.00000000     0.00144032  -0.00000000    -0.00000000   0.00000000
  0.00000000  -0.00000000     0.00000000   0.00000000     0.01962300  -0.00000000
   13   17
  0.00129999  -0.00000000     0.00000000  -0.00000000    -0.00000000   0.00000000
 -0.00000000   0.00000000     0.00022134  -0.00000000     0.00000000   0.00000000
  0.00000000  -0.00000000     0.00000000  -0.00000000     0.00104912  -0.00000000
   13   18
  0.00134118   0.00000000     0.00000000   0.00000000    -0.00000000  -0.00000000
 -0.00000000  -0.00000000    -0.05354271   0.00000000     0.04601925   0.00000000
  0.00000000   0.00000000     0.03960535   0.00000000    -0.02157227  -0.00000000
   13   19
  0.00232929  -0.00000000    -0.00000000   0.00000000     0.00000000   0.00000000
 -0.00000000  -0.00000000     0.00041640  -0.00000000    -0.00134765  -0.00000000
 -0.00000000  -0.00000000    -0.00184027   0.00000000    -0.00254846   0.00000000
   13   20
  0.00188088  -0.00000000     0.00000000  -0.00000000    -0.00000000  -0.00000000
  0.00000000   0.00000000     0.00053069  -0.00000000    -0.00045631  -0.00000000
  0.00000000   0.00000000    -0.00133681   0.00000000    -0.00322062   0.00000000
   13   21
  0.00011545   0.00000000     0.00000000   0.00000000    -0.00000000  -0.00000000
 -0.00000000   0.00000000    -0.04999738   0.00000000     0.04638543   0.00000000
  0.00000000   0.00000000     0.03571786   0.00000000    -0.01963262  -0.00000000
   13   22
 -0.00423404   0.00000000    -0.00000000   0.00000000     0.00000000  -0.00000000
  0.00000000  -0.00000000    -0.00095228  -0.00000000     0.00000000  -0.00000000
 -0.00000000   0.00000000     0.00000000   0.00000000     0.00197724  -0.00000000
   13   23
  0.00188088  -0.00000000     0.00000000   0.00000000     0.00000000  -0.00000000
  0.00000000  -0.00000000     0.00053069  -0.00000000     0.00045631   0.00000000
  0.00000000   0.00000000     0.00133681  -0.00000000    -0.00322062   0.00000000
   13   24
  0.00011545   0.00000000     0.00000000  -0.00000000     0.00000000  -0.00000000
  0.00000000  -0.00000000    -0.04999738   0.00000000    -0.04638543  -0.00000000
 -0.00000000   0.00000000    -0.03571786  -0.00000000    -0.01963262  -0.00000000
   13   25
  0.00134118   0.00000000     0.00000000  -0.00000000     0.00000000  -0.00000000
  0.00000000   0.00000000    -0.05354271   0.00000000    -0.04601925  -0.00000000
 -0.00000000   0.00000000    -0.03960535  -0.00000000    -0.02157227  -0.00000000
   13   26
  0.00232929  -0.00000000     0.00000000  -0.00000000     0.00000000   0.00000000
  0.00000000   0.00000000     0.00041640  -0.00000000     0.00134765   0.00000000
  0.00000000  -0.00000000     0.00184027  -0.00000000    -0.00254846   0.00000000
   13   27
  0.07331140  -0.00000000     0.00000000   0.00000000     0.00146827  -0.00000000
 -0.00000000  -0.00000000     0.00046734  -0.00000000    -0.00000000   0.00000000
 -0.00241447   0.00000000     0.00000000   0.00000000    -0.00231490   0.00000000
   13   28
  0.00035543  -0.00000000    -0.00085296   0.00000000    -0.00198936  -0.00000000
 -0.00321712   0.00000000     0.00111316  -0.00000000    -0.00121542  -0.00000000
 -0.00116081   0.00000000     0.00173690  -0.00000000    -0.00088774  -0.00000000
   13   29
 -0.00094607   0.00000000    -0.00080218   0.00000000     0.00164429   0.00000000
 -0.00339750   0.00000000     0.00124831  -0.00000000     0.00060187   0.00000000
  0.00153494  -0.00000000     0.00012744   0.00000000    -0.00268171   0.00000000
   13   30
  0.00035543  -0.00000000    -0.00085296   0.00000000     0.00198936  -0.00000000
 -0.00321712   0.00000000     0.00111316  -0.00000000     0.00121542  -0.00000000
  0.00116081  -0.00000000    -0.00173690   0.00000000    -0.00088774  -0.00000000
   13   31
 -0.00094607  -0.00000000    -0.00080218   0.00000000    -0.00164429  -0.00000000
 -0.00339750   0.00000000     0.00124831   0.00000000    -0.00060187  -0.00000000
 -0.00153494   0.00000000    -0.00012744  -0.00000000    -0.00268171   0.00000000
   13   32
 -0.07331140   0.00000000    -0.00000000  -0.00000000     0.00146827  -0.00000000
  0.00000000  -0.00000000    -0.00046734  -0.00000000    -0.00000000  -0.00000000
 -0.00241447   0.00000000    -0.00000000   0.00000000     0.00231490   0.00000000
   13   33
  0.00035543  -0.00000000     0.00085296  -0.00000000     0.00198936  -0.00000000
  0.00321712  -0.00000000     0.00111316  -0.00000000    -0.00121542   0.00000000
  0.00116081  -0.00000000     0.00173690  -0.00000000    -0.00088774  -0.00000000
   13   34
 -0.00094607  -0.00000000     0.00080218  -0.00000000    -0.00164429  -0.00000000
  0.00339750  -0.00000000     0.00124831   0.00000000     0.00060187   0.00000000
 -0.00153494   0.00000000     0.00012744   0.00000000    -0.00268171   0.00000000
   13   35
  0.00035543  -0.00000000     0.00085296  -0.00000000    -0.00198936  -0.00000000
  0.00321712  -0.00000000     0.00111316  -0.00000000     0.00121542   0.00000000
 -0.00116081   0.00000000    -0.00173690   0.00000000    -0.00088774  -0.00000000
   13   36
 -0.00094607   0.00000000     0.00080218  -0.00000000     0.00164429   0.00000000
  0.00339750  -0.00000000     0.00124831  -0.00000000    -0.00060187  -0.00000000
  0.00153494  -0.00000000    -0.00012744  -0.00000000    -0.00268171   0.00000000
   14    1
  0.00021097   0.00000000     0.00101717   0.00000000     0.00044365  -0.00000000
  0.00120463   0.00000000    -0.00131730   0.00000000     0.00161868  -0.00000000
  0.00081019  -0.00000000     0.00085841  -0.00000000    -0.00067258   0.00000000
   14    2
  0.00021097   0.00000000    -0.00101717  -0.00000000     0.00044365  -0.00000000
 -0.00120463  -0.00000000    -0.00131730   0.00000000    -0.00161868   0.00000000
  0.00081019  -0.00000000    -0.00085841   0.00000000    -0.00067258   0.00000000
   14    3
  0.00018980   0.00000000    -0.00068629   0.00000000    -0.00053643   0.00000000
 -0.00090791   0.00000000     0.00149566   0.00000000    -0.00145660   0.00000000
 -0.00015302   0.00000000    -0.00078642   0.00000000     0.00039943   0.00000000
   14    4
  0.00018980   0.00000000     0.00068629  -0.00000000    -0.00053643   0.00000000
  0.00090791  -0.00000000     0.00149566   0.00000000     0.00145660  -0.00000000
 -0.00015302   0.00000000     0.00078642  -0.00000000     0.00039943  -0.00000000
   14    5
  0.02409185  -0.00000000     0.00000000  -0.00000000     0.00179510  -0.00000000
 -0.00000000   0.00000000     0.00201476   0.00000000     0.00000000  -0.00000000
  0.00179510  -0.00000000    -0.00000000   0.00000000     0.01826519  -0.00000000
   14    6
 -0.00513154  -0.00000000    -0.00000000   0.00000000     0.00787747  -0.00000000
 -0.00000000   0.00000000    -0.02356895  -0.00000000     0.00000000   0.00000000
 -0.00787747   0.00000000    -0.00000000  -0.00000000    -0.01428754   0.00000000
   14    7
 -0.01152553   0.00000000     0.00000000   0.00000000    -0.00018782   0.00000000
  0.00000000  -0.00000000    -0.00005378  -0.00000000     0.00000000  -0.00000000
  0.00644084  -0.00000000    -0.00000000   0.00000000    -0.00477857   0.00000000
   14    8
  0.01053733  -0.00000000     0.00000000   0.00000000    -0.01215077   0.00000000
 -0.00000000   0.00000000     0.01679343  -0.00000000     0.00000000   0.00000000
 -0.00969994  -0.00000000     0.00000000  -0.00000000    -0.01286718  -0.00000000
   14    9
  0.00279770  -0.00000000     0.00000000  -0.00000000     0.01607842  -0.00000000
 -0.00000000  -0.00000000    -0.01993081  -0.00000000     0.00000000  -0.00000000
 -0.00569693   0.00000000    -0.00000000   0.00000000    -0.01285372   0.00000000
   14   10
 -0.00443690  -0.00000000     0.00000000   0.00000000    -0.00137110  -0.00000000
  0.00000000   0.00000000    -0.02032629   0.00000000     0.00000000   0.00000000
  0.01755992   0.00000000    -0.00000000  -0.00000000    -0.00569271   0.00000000
   14   11
 -0.01845150  -0.00000000     0.00000000   0.00000000     0.00723267  -0.00000000
  0.00000000   0.00000000     0.01664641  -0.00000000     0.00000000   0.00000000
  0.00473076  -0.00000000    -0.00000000  -0.00000000     0.01073607  -0.00000000
   14   12
 -0.01346484   0.00000000     0.00000000  -0.00000000     0.00475010  -0.00000000
  0.00000000   0.00000000    -0.00267043  -0.00000000     0.00000000  -0.00000000
 -0.00475010   0.00000000    -0.00000000   0.00000000    -0.00601080   0.00000000
   14   13
 -0.00718987   0.00000000     0.00000000   0.00000000    -0.00788241   0.00000000
  0.00000000   0.00000000    -0.00140070   0.00000000    -0.00000000  -0.00000000
  0.00390204   0.00000000     0.00000000  -0.00000000    -0.00858541   0.00000000
   14   14
  0.15037144   0.00000000     0.00000000   0.00000000    -0.03146472  -0.00000000
  0.00000000   0.00000000     0.25663374   0.00000000     0.00000000  -0.00000000
 -0.03146472  -0.00000000     0.00000000  -0.00000000     0.18917080  -0.00000000
   14   15
 -0.00578037   0.00000000     0.00000000   0.00000000    -0.00123087  -0.00000000
 -0.00000000   0.00000000    -0.00200689   0.00000000     0.00000000   0.00000000
 -0.00312622   0.00000000    -0.00000000  -0.00000000    -0.01267699   0.00000000
   14   16
 -0.01347436   0.00000000     0.00000000   0.00000000    -0.00142004  -0.00000000
  0.00000000  -0.00000000    -0.02612967   0.00000000     0.00000000   0.00000000
  0.00853565   0.00000000    -0.00000000  -0.00000000    -0.01141899   0.00000000
   14   17
  0.01654458  -0.00000000     0.00000000  -0.00000000    -0.03458544   0.00000000
  0.00000000   0.00000000     0.00026306  -0.00000000     0.00000000   0.00000000
 -0.03119560   0.00000000     0.00000000  -0.00000000     0.05345660  -0.00000000
   14   18
 -0.00176261   0.00000000    -0.00064580   0.00000000    -0.00147862   0.00000000
 -0.00171156   0.00000000    -0.00093092   0.00000000    -0.00112405   0.00000000
 -0.00249552   0.00000000    -0.00118872   0.00000000     0.00077185   0.00000000
   14   19
 -0.01576305  -0.00000000     0.03525739  -0.00000000    -0.01046094   0.00000000
  0.04068567  -0.00000000    -0.05352713   0.00000000     0.02278674   0.00000000
 -0.00928284  -0.00000000     0.01921790   0.00000000    -0.00405533  -0.00000000
   14   20
 -0.00007662  -0.00000000    -0.00106158   0.00000000    -0.00085620  -0.00000000
  0.00042785   0.00000000     0.00145698   0.00000000    -0.00342545   0.00000000
 -0.00146392  -0.00000000    -0.00074220   0.00000000    -0.00308169   0.00000000
   14   21
 -0.00301182   0.00000000    -0.00189765   0.00000000    -0.00091328   0.00000000
  0.00332873  -0.00000000     0.00220066  -0.00000000    -0.00157630  -0.00000000
  0.00039658   0.00000000    -0.00104388   0.00000000     0.00145235  -0.00000000
   14   22
 -0.00000044  -0.00000000     0.00000000   0.00000000     0.00179021  -0.00000000
  0.00000000   0.00000000    -0.00094139   0.00000000     0.00000000   0.00000000
  0.00226619  -0.00000000    -0.00000000  -0.00000000    -0.00246396   0.00000000
   14   23
 -0.00007662  -0.00000000     0.00106158  -0.00000000    -0.00085620  -0.00000000
 -0.00042785  -0.00000000     0.00145698   0.00000000     0.00342545  -0.00000000
 -0.00146392  -0.00000000     0.00074220  -0.00000000    -0.00308169   0.00000000
   14   24
 -0.00301182   0.00000000     0.00189765  -0.00000000    -0.00091328   0.00000000
 -0.00332873   0.00000000     0.00220066  -0.00000000     0.00157630   0.00000000
  0.00039658   0.00000000     0.00104388  -0.00000000     0.00145235  -0.00000000
   14   25
 -0.00176261   0.00000000     0.00064580  -0.00000000    -0.00147862   0.00000000
  0.00171156  -0.00000000    -0.00093092   0.00000000     0.00112405  -0.00000000
 -0.00249552   0.00000000     0.00118872  -0.00000000     0.00077185   0.00000000
   14   26
 -0.01576305  -0.00000000    -0.03525739   0.00000000    -0.01046094   0.00000000
 -0.04068567   0.00000000    -0.05352713   0.00000000    -0.02278674  -0.00000000
 -0.00928284  -0.00000000    -0.01921790  -0.00000000    -0.00405533  -0.00000000
   14   27
  0.00144318  -0.00000000     0.00000000  -0.00000000    -0.00001203   0.00000000
  0.00000000   0.00000000     0.00082444  -0.00000000     0.00000000  -0.00000000
  0.00023753   0.00000000     0.00000000   0.00000000     0.00114312  -0.00000000
   14   28
 -0.00405486   0.00000000    -0.00067520   0.00000000    -0.00045866  -0.00000000
  0.00263421  -0.00000000     0.00224132  -0.00000000    -0.00244789  -0.00000000
  0.00042260   0.00000000    -0.00047249   0.00000000     0.00054539   0.00000000
   14   29
  0.00095238  -0.00000000     0.00045180   0.00000000    -0.00091688   0.00000000
  0.00019097   0.00000000     0.00102579  -0.00000000    -0.00359202   0.00000000
 -0.00209980  -0.00000000     0.00015019   0.00000000    -0.00194079   0.00000000
   14   30
 -0.01410091  -0.00000000     0.03138008  -0.00000000    -0.00957490   0.00000000
  0.03968207  -0.00000000    -0.04986515   0.00000000     0.02298052   0.00000000
 -0.00859304  -0.00000000     0.01747325   0.00000000    -0.00490964   0.00000000
   14   31
 -0.00203283   0.00000000    -0.00078629   0.00000000    -0.00139400  -0.00000000
 -0.00097584   0.00000000    -0.00092741   0.00000000    -0.00099843   0.00000000
 -0.00210191   0.00000000    -0.00105169   0.00000000     0.00059031  -0.00000000
   14   32
 -0.01611367   0.00000000     0.00000000   0.00000000     0.03213890   0.00000000
  0.00000000   0.00000000     0.00017564  -0.00000000    -0.00000000   0.00000000
  0.03528177  -0.00000000     0.00000000   0.00000000    -0.05562944   0.00000000
   14   33
 -0.01410091  -0.00000000    -0.03138008   0.00000000    -0.00957490   0.00000000
 -0.03968207   0.00000000    -0.04986515   0.00000000    -0.02298052  -0.00000000
 -0.00859304  -0.00000000    -0.01747325  -0.00000000    -0.00490964   0.00000000
   14   34
 -0.00203283   0.00000000     0.00078629  -0.00000000    -0.00139400  -0.00000000
  0.00097584  -0.00000000    -0.00092741   0.00000000     0.00099843  -0.00000000
 -0.00210191   0.00000000     0.00105169  -0.00000000     0.00059031  -0.00000000
   14   35
 -0.00405486   0.00000000     0.00067520  -0.00000000    -0.00045866  -0.00000000
 -0.00263421   0.00000000     0.00224132  -0.00000000     0.00244789   0.00000000
  0.00042260   0.00000000     0.00047249  -0.00000000     0.00054539   0.00000000
   14   36
  0.00095238  -0.00000000    -0.00045180  -0.00000000    -0.00091688   0.00000000
 -0.00019097  -0.00000000     0.00102579  -0.00000000     0.00359202  -0.00000000
 -0.00209980  -0.00000000    -0.00015019  -0.00000000    -0.00194079   0.00000000
   15    1
  0.00024160   0.00000000     0.00033429  -0.00000000     0.00039551  -0.00000000
  0.00087538  -0.00000000     0.00150649   0.00000000    -0.00140177   0.00000000
  0.00008038  -0.00000000    -0.00026232   0.00000000     0.00024434   0.00000000
   15    2
  0.00024160   0.00000000    -0.00033429   0.00000000     0.00039551  -0.00000000
 -0.00087538   0.00000000     0.00150649   0.00000000     0.00140177  -0.00000000
  0.00008038  -0.00000000     0.00026232  -0.00000000     0.00024434   0.00000000
   15    3
 -0.00007693   0.00000000    -0.00039777   0.00000000     0.00040033  -0.00000000
 -0.00084066   0.00000000     0.00144338   0.00000000     0.00169072  -0.00000000
  0.00071917  -0.00000000     0.00075487  -0.00000000     0.00081083  -0.00000000
   15    4
 -0.00007693   0.00000000     0.00039777  -0.00000000     0.00040033  -0.00000000
  0.00084066  -0.00000000     0.00144338   0.00000000    -0.00169072   0.00000000
  0.00071917  -0.00000000    -0.00075487   0.00000000     0.00081083  -0.00000000
   15    5
  0.00279770  -0.00000000    -0.00000000   0.00000000    -0.00569693   0.00000000
 -0.00000000   0.00000000    -0.01993081  -0.00000000    -0.00000000   0.00000000
  0.01607842  -0.00000000    -0.00000000   0.00000000    -0.01285372   0.00000000
   15    6
  0.01053733  -0.00000000     0.00000000   0.00000000     0.00969994  -0.00000000
  0.00000000   0.00000000     0.01679343  -0.00000000    -0.00000000   0.00000000
  0.01215077  -0.00000000     0.00000000   0.00000000    -0.01286718  -0.00000000
   15    7
 -0.01376763  -0.00000000    -0.00000000  -0.00000000    -0.00149564   0.00000000
  0.00000000   0.00000000    -0.02754676   0.00000000    -0.00000000   0.00000000
 -0.01197542  -0.00000000    -0.00000000  -0.00000000    -0.00548679   0.00000000
   15    8
  0.00049989  -0.00000000    -0.00000000   0.00000000    -0.00906169   0.00000000
  0.00000000  -0.00000000    -0.02448483  -0.00000000     0.00000000  -0.00000000
  0.00906169  -0.00000000    -0.00000000   0.00000000    -0.01609555   0.00000000
   15    9
  0.01392140  -0.00000000     0.00000000  -0.00000000     0.00766657  -0.00000000
  0.00000000  -0.00000000     0.00044385  -0.00000000    -0.00000000   0.00000000
  0.00766657  -0.00000000    -0.00000000   0.00000000     0.01773195  -0.00000000
   15   10
 -0.00911475   0.00000000    -0.00000000   0.00000000    -0.00638422  -0.00000000
  0.00000000  -0.00000000    -0.00066537  -0.00000000     0.00000000  -0.00000000
 -0.00605016  -0.00000000     0.00000000   0.00000000    -0.00233340   0.00000000
   15   11
  0.00030086   0.00000000     0.00000000   0.00000000     0.00356729  -0.00000000
 -0.00000000  -0.00000000    -0.00187569  -0.00000000     0.00000000   0.00000000
 -0.00356729   0.00000000     0.00000000   0.00000000    -0.01413920   0.00000000
   15   12
 -0.01845150  -0.00000000    -0.00000000  -0.00000000    -0.00473076   0.00000000
 -0.00000000  -0.00000000     0.01664641  -0.00000000     0.00000000   0.00000000
 -0.00723267   0.00000000    -0.00000000   0.00000000     0.01073607  -0.00000000
   15   13
 -0.00936247   0.00000000     0.00000000  -0.00000000    -0.00571154  -0.00000000
  0.00000000   0.00000000    -0.00017819  -0.00000000     0.00000000  -0.00000000
 -0.00789715   0.00000000     0.00000000   0.00000000    -0.00531147   0.00000000
   15   14
 -0.00578037   0.00000000    -0.00000000   0.00000000    -0.00312622   0.00000000
  0.00000000   0.00000000    -0.00200689   0.00000000    -0.00000000  -0.00000000
 -0.00123087  -0.00000000     0.00000000   0.00000000    -0.01267699   0.00000000
   15   15
  0.15188441   0.00000000    -0.00000000   0.00000000     0.02248687  -0.00000000
 -0.00000000   0.00000000     0.28005084   0.00000000    -0.00000000   0.00000000
  0.02248687  -0.00000000    -0.00000000   0.00000000     0.18387211  -0.00000000
   15   16
 -0.01259192  -0.00000000     0.00000000  -0.00000000     0.00766087  -0.00000000
 -0.00000000  -0.00000000    -0.02035976   0.00000000    -0.00000000  -0.00000000
 -0.01309226  -0.00000000     0.00000000  -0.00000000     0.00010488   0.00000000
   15   17
  0.00080246  -0.00000000     0.00000000   0.00000000     0.00239658  -0.00000000
 -0.00000000  -0.00000000     0.00165188  -0.00000000     0.00000000  -0.00000000
  0.00153605  -0.00000000    -0.00000000   0.00000000     0.00106704  -0.00000000
   15   18
 -0.00232272   0.00000000     0.00146194  -0.00000000     0.00258617  -0.00000000
 -0.00226553   0.00000000     0.00176078  -0.00000000    -0.00187042  -0.00000000
 -0.00067743  -0.00000000    -0.00075832   0.00000000     0.00020559  -0.00000000
   15   19
  0.00004198  -0.00000000    -0.00055028  -0.00000000    -0.00098625   0.00000000
 -0.00049644  -0.00000000     0.00088641   0.00000000    -0.00273982   0.00000000
  0.00234705   0.00000000     0.00026775   0.00000000    -0.00048718  -0.00000000
   15   20
 -0.01606227  -0.00000000    -0.03653261   0.00000000     0.01198975  -0.00000000
 -0.04361850   0.00000000    -0.05416176   0.00000000     0.02537165   0.00000000
  0.01082627   0.00000000     0.02082159   0.00000000    -0.00659092  -0.00000000
   15   21
 -0.00137780  -0.00000000     0.00018283   0.00000000     0.00106830   0.00000000
  0.00089260   0.00000000    -0.00039471   0.00000000    -0.00094866   0.00000000
  0.00132015  -0.00000000    -0.00096443   0.00000000     0.00097228   0.00000000
   15   22
 -0.01751073   0.00000000     0.00000000  -0.00000000    -0.03633981   0.00000000
  0.00000000  -0.00000000    -0.00031195  -0.00000000     0.00000000   0.00000000
 -0.03668068   0.00000000     0.00000000   0.00000000    -0.05960963   0.00000000
   15   23
 -0.01606227  -0.00000000     0.03653261  -0.00000000     0.01198975  -0.00000000
  0.04361850  -0.00000000    -0.05416176   0.00000000    -0.02537165  -0.00000000
  0.01082627   0.00000000    -0.02082159  -0.00000000    -0.00659092  -0.00000000
   15   24
 -0.00137780  -0.00000000    -0.00018283  -0.00000000     0.00106830   0.00000000
 -0.00089260  -0.00000000    -0.00039471   0.00000000     0.00094866  -0.00000000
  0.00132015  -0.00000000     0.00096443  -0.00000000     0.00097228   0.00000000
   15   25
 -0.00232272   0.00000000    -0.00146194   0.00000000     0.00258617  -0.00000000
  0.00226553  -0.00000000     0.00176078  -0.00000000     0.00187042   0.00000000
 -0.00067743  -0.00000000     0.00075832  -0.00000000     0.00020559  -0.00000000
   15   26
  0.00004198  -0.00000000     0.00055028   0.00000000    -0.00098625   0.00000000
  0.00049644   0.00000000     0.00088641   0.00000000     0.00273982  -0.00000000
  0.00234705   0.00000000    -0.00026775  -0.00000000    -0.00048718  -0.00000000
   15   27
 -0.00078185   0.00000000     0.00000000  -0.00000000     0.00112865  -0.00000000
  0.00000000   0.00000000     0.00207932  -0.00000000     0.00000000   0.00000000
  0.00232474  -0.00000000     0.00000000   0.00000000     0.00297091  -0.00000000
   15   28
 -0.00071495  -0.00000000    -0.00068340   0.00000000    -0.00108711   0.00000000
 -0.00044229   0.00000000     0.00130365   0.00000000     0.00199128  -0.00000000
  0.00169567   0.00000000     0.00072767  -0.00000000    -0.00147603   0.00000000
   15   29
 -0.00151794   0.00000000    -0.00089395   0.00000000     0.00207049  -0.00000000
  0.00197288  -0.00000000     0.00229984  -0.00000000     0.00038897   0.00000000
 -0.00125466   0.00000000     0.00082418  -0.00000000    -0.00019252  -0.00000000
   15   30
 -0.00052351  -0.00000000    -0.00065433   0.00000000     0.00039322   0.00000000
 -0.00110556   0.00000000    -0.00062293  -0.00000000     0.00073842  -0.00000000
  0.00193943  -0.00000000     0.00118977  -0.00000000     0.00069153  -0.00000000
   15   31
 -0.01826768  -0.00000000     0.03666275  -0.00000000     0.01072080  -0.00000000
  0.04307830  -0.00000000    -0.05386399   0.00000000    -0.02400155  -0.00000000
  0.00970195   0.00000000    -0.01921092  -0.00000000    -0.00373809  -0.00000000
   15   32
 -0.01625502   0.00000000     0.00000000   0.00000000    -0.02890057  -0.00000000
 -0.00000000   0.00000000    -0.00208879  -0.00000000     0.00000000  -0.00000000
 -0.02799045   0.00000000     0.00000000   0.00000000    -0.04887391  -0.00000000
   15   33
 -0.00052351  -0.00000000     0.00065433  -0.00000000     0.00039322   0.00000000
  0.00110556  -0.00000000    -0.00062293  -0.00000000    -0.00073842   0.00000000
  0.00193943  -0.00000000    -0.00118977   0.00000000     0.00069153  -0.00000000
   15   34
 -0.01826768  -0.00000000    -0.03666275   0.00000000     0.01072080  -0.00000000
 -0.04307830   0.00000000    -0.05386399   0.00000000     0.02400155   0.00000000
  0.00970195   0.00000000     0.01921092   0.00000000    -0.00373809  -0.00000000
   15   35
 -0.00071495  -0.00000000     0.00068340  -0.00000000    -0.00108711   0.00000000
  0.00044229  -0.00000000     0.00130365   0.00000000    -0.00199128   0.00000000
  0.00169567   0.00000000    -0.00072767   0.00000000    -0.00147603   0.00000000
   15   36
 -0.00151794   0.00000000     0.00089395  -0.00000000     0.00207049  -0.00000000
 -0.00197288   0.00000000     0.00229984  -0.00000000    -0.00038897  -0.00000000
 -0.00125466   0.00000000    -0.00082418   0.00000000    -0.00019252  -0.00000000
   16    1
 -0.00040817   0.00000000     0.00000000  -0.00000000     0.00000000  -0.00000000
 -0.00000000  -0.00000000     0.00013987   0.00000000    -0.00033478  -0.00000000
  0.00000000  -0.00000000    -0.00082931  -0.00000000     0.00047314   0.00000000
   16    2
 -0.00040817   0.00000000     0.00000000   0.00000000     0.00000000  -0.00000000
  0.00000000   0.00000000     0.00013987   0.00000000     0.00033478   0.00000000
  0.00000000  -0.00000000     0.00082931   0.00000000     0.00047314   0.00000000
   16    3
  0.00000000   0.00000000    -0.00000000   0.00000000     0.00026741  -0.00000000
 -0.00000000   0.00000000     0.00000000   0.00000000    -0.00010533   0.00000000
 -0.00047929   0.00000000     0.00023880  -0.00000000     0.00000000   0.00000000
   16    4
  0.00000000   0.00000000    -0.00000000  -0.00000000     0.00026741  -0.00000000
  0.00000000  -0.00000000    -0.00000000   0.00000000     0.00010533   0.00000000
 -0.00047929   0.00000000    -0.00023880   0.00000000    -0.00000000   0.00000000
   16    5
 -0.00718987   0.00000000     0.00000000  -0.00000000     0.00390204   0.00000000
 -0.00000000   0.00000000    -0.00140070   0.00000000     0.00000000  -0.00000000
 -0.00788241   0.00000000     0.00000000  -0.00000000    -0.00858541   0.00000000
   16    6
 -0.01347436   0.00000000    -0.00000000   0.00000000    -0.00853565  -0.00000000
 -0.00000000   0.00000000    -0.02612967   0.00000000     0.00000000   0.00000000
  0.00142004   0.00000000     0.00000000  -0.00000000    -0.01141899   0.00000000
   16    7
  0.00068213  -0.00000000    -0.00000000   0.00000000     0.01387451  -0.00000000
  0.00000000  -0.00000000     0.01645827  -0.00000000     0.00000000   0.00000000
  0.01425986  -0.00000000    -0.00000000  -0.00000000    -0.00524718  -0.00000000
   16    8
 -0.01259192  -0.00000000     0.00000000  -0.00000000     0.01309226   0.00000000
  0.00000000  -0.00000000    -0.02035976   0.00000000    -0.00000000   0.00000000
 -0.00766087   0.00000000    -0.00000000   0.00000000     0.00010488   0.00000000
   16    9
 -0.00936247   0.00000000     0.00000000   0.00000000    -0.00789715   0.00000000
  0.00000000  -0.00000000    -0.00017819  -0.00000000     0.00000000   0.00000000
 -0.00571154  -0.00000000     0.00000000  -0.00000000    -0.00531147   0.00000000
   16   10
  0.00068213  -0.00000000     0.00000000  -0.00000000    -0.01387451  -0.00000000
  0.00000000   0.00000000     0.01645827   0.00000000     0.00000000   0.00000000
 -0.01425986  -0.00000000     0.00000000  -0.00000000    -0.00524718  -0.00000000
   16   11
 -0.00936247   0.00000000     0.00000000  -0.00000000     0.00789715  -0.00000000
  0.00000000   0.00000000    -0.00017819  -0.00000000    -0.00000000   0.00000000
  0.00571154   0.00000000    -0.00000000   0.00000000    -0.00531147   0.00000000
   16   12
 -0.00718987   0.00000000     0.00000000   0.00000000    -0.00390204  -0.00000000
 -0.00000000  -0.00000000    -0.00140070   0.00000000     0.00000000  -0.00000000
  0.00788241  -0.00000000     0.00000000   0.00000000    -0.00858541   0.00000000
   16   13
  0.01595862  -0.00000000     0.00000000   0.00000000     0.00000000  -0.00000000
 -0.00000000   0.00000000     0.00144032  -0.00000000     0.00000000   0.00000000
  0.00000000  -0.00000000    -0.00000000   0.00000000     0.01962300  -0.00000000
   16   14
 -0.01347436   0.00000000     0.00000000  -0.00000000     0.00853565   0.00000000
  0.00000000   0.00000000    -0.02612967   0.00000000    -0.00000000  -0.00000000
 -0.00142004  -0.00000000     0.00000000   0.00000000    -0.01141899   0.00000000
   16   15
 -0.01259192  -0.00000000    -0.00000000  -0.00000000    -0.01309226  -0.00000000
  0.00000000  -0.00000000    -0.02035976   0.00000000     0.00000000  -0.00000000
  0.00766087  -0.00000000    -0.00000000  -0.00000000     0.00010488   0.00000000
   16   16
  0.20900358   0.00000000     0.00000000   0.00000000     0.00000000  -0.00000000
  0.00000000   0.00000000     0.26478030   0.00000000     0.00000000   0.00000000
  0.00000000  -0.00000000     0.00000000   0.00000000     0.13853807  -0.00000000
   16   17
  0.00129999  -0.00000000     0.00000000   0.00000000     0.00000000   0.00000000
  0.00000000  -0.00000000     0.00022134  -0.00000000     0.00000000  -0.00000000
  0.00000000   0.00000000     0.00000000   0.00000000     0.00104912  -0.00000000
   16   18
  0.00232929  -0.00000000    -0.00000000  -0.00000000     0.00000000   0.00000000
  0.00000000   0.00000000     0.00041640  -0.00000000     0.00134765   0.00000000
 -0.00000000  -0.00000000     0.00184027  -0.00000000    -0.00254846   0.00000000
   16   19
  0.00134118   0.00000000     0.00000000  -0.00000000     0.00000000  -0.00000000
  0.00000000   0.00000000    -0.05354271   0.00000000    -0.04601925  -0.00000000
  0.00000000   0.00000000    -0.03960535  -0.00000000    -0.02157227  -0.00000000
   16   20
  0.00011545   0.00000000    -0.00000000  -0.00000000     0.00000000  -0.00000000
  0.00000000  -0.00000000    -0.04999738   0.00000000    -0.04638543  -0.00000000
  0.00000000   0.00000000    -0.03571786  -0.00000000    -0.01963262  -0.00000000
   16   21
  0.00188088  -0.00000000     0.00000000   0.00000000     0.00000000  -0.00000000
  0.00000000  -0.00000000     0.00053069  -0.00000000     0.00045631   0.00000000
  0.00000000   0.00000000     0.00133681  -0.00000000    -0.00322062   0.00000000
   16   22
 -0.00423404   0.00000000     0.00000000   0.00000000     0.00000000  -0.00000000
  0.00000000   0.00000000    -0.00095228  -0.00000000     0.00000000   0.00000000
  0.00000000   0.00000000    -0.00000000   0.00000000     0.00197724  -0.00000000
   16   23
  0.00011545   0.00000000     0.00000000   0.00000000     0.00000000  -0.00000000
 -0.00000000   0.00000000    -0.04999738   0.00000000     0.04638543   0.00000000
 -0.00000000   0.00000000     0.03571786   0.00000000    -0.01963262  -0.00000000
   16   24
  0.00188088  -0.00000000    -0.00000000  -0.00000000    -0.00000000  -0.00000000
  0.00000000   0.00000000     0.00053069  -0.00000000    -0.00045631  -0.00000000
 -0.00000000   0.00000000    -0.00133681   0.00000000    -0.00322062   0.00000000
   16   25
  0.00232929  -0.00000000     0.00000000   0.00000000     0.00000000   0.00000000
  0.00000000  -0.00000000     0.00041640  -0.00000000    -0.00134765  -0.00000000
 -0.00000000  -0.00000000    -0.00184027   0.00000000    -0.00254846   0.00000000
   16   26
  0.00134118   0.00000000    -0.00000000   0.00000000     0.00000000  -0.00000000
  0.00000000  -0.00000000    -0.05354271   0.00000000     0.04601925   0.00000000
 -0.00000000   0.00000000     0.03960535   0.00000000    -0.02157227  -0.00000000
   16   27
  0.07331140  -0.00000000    -0.00000000  -0.00000000     0.00146827  -0.00000000
  0.00000000   0.00000000     0.00046734  -0.00000000     0.00000000   0.00000000
 -0.00241447   0.00000000     0.00000000  -0.00000000    -0.00231490   0.00000000
   16   28
 -0.00094607   0.00000000     0.00080218  -0.00000000     0.00164429   0.00000000
  0.00339750  -0.00000000     0.00124831  -0.00000000    -0.00060187  -0.00000000
  0.00153494  -0.00000000    -0.00012744  -0.00000000    -0.00268171   0.00000000
   16   29
  0.00035543  -0.00000000     0.00085296  -0.00000000    -0.00198936  -0.00000000
  0.00321712  -0.00000000     0.00111316  -0.00000000     0.00121542   0.00000000
 -0.00116081   0.00000000    -0.00173690   0.00000000    -0.00088774  -0.00000000
   16   30
 -0.00094607  -0.00000000     0.00080218  -0.00000000    -0.00164429  -0.00000000
  0.00339750  -0.00000000     0.00124831   0.00000000     0.00060187   0.00000000
 -0.00153494   0.00000000     0.00012744   0.00000000    -0.00268171   0.00000000
   16   31
  0.00035543  -0.00000000     0.00085296  -0.00000000     0.00198936  -0.00000000
  0.00321712  -0.00000000     0.00111316  -0.00000000    -0.00121542   0.00000000
  0.00116081  -0.00000000     0.00173690  -0.00000000    -0.00088774  -0.00000000
   16   32
 -0.07331140  -0.00000000    -0.00000000   0.00000000     0.00146827  -0.00000000
  0.00000000   0.00000000    -0.00046734  -0.00000000     0.00000000   0.00000000
 -0.00241447   0.00000000    -0.00000000  -0.00000000     0.00231490  -0.00000000
   16   33
 -0.00094607  -0.00000000    -0.00080218   0.00000000    -0.00164429  -0.00000000
 -0.00339750   0.00000000     0.00124831   0.00000000    -0.00060187  -0.00000000
 -0.00153494   0.00000000    -0.00012744  -0.00000000    -0.00268171   0.00000000
   16   34
  0.00035543  -0.00000000    -0.00085296   0.00000000     0.00198936  -0.00000000
 -0.00321712   0.00000000     0.00111316  -0.00000000     0.00121542  -0.00000000
  0.00116081  -0.00000000    -0.00173690   0.00000000    -0.00088774  -0.00000000
   16   35
 -0.00094607   0.00000000    -0.00080218   0.00000000     0.00164429   0.00000000
 -0.00339750   0.00000000     0.00124831  -0.00000000     0.00060187   0.00000000
  0.00153494  -0.00000000     0.00012744   0.00000000    -0.00268171   0.00000000
   16   36
  0.00035543  -0.00000000    -0.00085296   0.00000000    -0.00198936  -0.00000000
 -0.00321712   0.00000000     0.00111316  -0.00000000    -0.00121542  -0.00000000
 -0.00116081   0.00000000     0.00173690  -0.00000000    -0.00088774  -0.00000000
   17    1
  0.00151840  -0.00000000     0.00000000  -0.00000000     0.00000000  -0.00000000
 -0.00000000   0.00000000    -0.00499916   0.00000000     0.00000000  -0.00000000
  0.00000000  -0.00000000     0.00000000   0.00000000     0.00079046   0.00000000
   17    2
  0.00151840  -0.00000000     0.00000000   0.00000000     0.00000000   0.00000000
  0.00000000   0.00000000    -0.00499916   0.00000000     0.00000000   0.00000000
  0.00000000   0.00000000     0.00000000   0.00000000     0.00079046   0.00000000
   17    3
 -0.00000000   0.00000000    -0.00000000  -0.00000000    -0.00103596   0.00000000
  0.00000000   0.00000000    -0.00000000   0.00000000     0.00000000  -0.00000000
 -0.00079292   0.00000000    -0.00000000  -0.00000000    -0.00000000  -0.00000000
   17    4
  0.00000000   0.00000000    -0.00000000   0.00000000    -0.00103596   0.00000000
  0.00000000  -0.00000000     0.00000000   0.00000000     0.00000000  -0.00000000
 -0.00079292   0.00000000     0.00000000   0.00000000     0.00000000  -0.00000000
   17    5
  0.01654458  -0.00000000    -0.00000000  -0.00000000    -0.03119560   0.00000000
  0.00000000   0.00000000     0.00026306  -0.00000000     0.00000000   0.00000000
 -0.03458544   0.00000000    -0.00000000  -0.00000000     0.05345660  -0.00000000
   17    6
  0.01654458  -0.00000000     0.00000000   0.00000000     0.03119560  -0.00000000
  0.00000000  -0.00000000     0.00026306  -0.00000000     0.00000000   0.00000000
  0.03458544  -0.00000000     0.00000000  -0.00000000     0.05345660  -0.00000000
   17    7
  0.06370579  -0.00000000     0.00000000  -0.00000000    -0.00000000   0.00000000
 -0.00000000   0.00000000     0.00288687  -0.00000000    -0.00000000   0.00000000
 -0.00000000   0.00000000     0.00000000   0.00000000     0.00069178  -0.00000000
   17    8
  0.00080246  -0.00000000     0.00000000   0.00000000    -0.00153605   0.00000000
  0.00000000   0.00000000     0.00165188  -0.00000000     0.00000000   0.00000000
 -0.00239658   0.00000000    -0.00000000   0.00000000     0.00106704  -0.00000000
   17    9
  0.00080246  -0.00000000    -0.00000000   0.00000000     0.00153605  -0.00000000
  0.00000000  -0.00000000     0.00165188  -0.00000000     0.00000000  -0.00000000
  0.00239658  -0.00000000     0.00000000   0.00000000     0.00106704  -0.00000000
   17   10
  0.06370579  -0.00000000     0.00000000   0.00000000     0.00000000   0.00000000
  0.00000000  -0.00000000     0.00288687  -0.00000000     0.00000000  -0.00000000
  0.00000000   0.00000000     0.00000000  -0.00000000     0.00069178  -0.00000000
   17   11
  0.00080246  -0.00000000     0.00000000  -0.00000000    -0.00153605   0.00000000
  0.00000000  -0.00000000     0.00165188  -0.00000000     0.00000000  -0.00000000
 -0.00239658   0.00000000     0.00000000  -0.00000000     0.00106704  -0.00000000
   17   12
  0.01654458  -0.00000000     0.00000000  -0.00000000     0.03119560  -0.00000000
  0.00000000   0.00000000     0.00026306  -0.00000000     0.00000000  -0.00000000
  0.03458544  -0.00000000     0.00000000   0.00000000     0.05345660  -0.00000000
   17   13
  0.00129999  -0.00000000    -0.00000000   0.00000000     0.00000000  -0.00000000
  0.00000000  -0.00000000     0.00022134  -0.00000000     0.00000000  -0.00000000
 -0.00000000   0.00000000     0.00000000   0.00000000     0.00104912  -0.00000000
   17   14
  0.01654458  -0.00000000     0.00000000   0.00000000    -0.03119560   0.00000000
  0.00000000  -0.00000000     0.00026306  -0.00000000     0.00000000  -0.00000000
 -0.03458544   0.00000000     0.00000000   0.00000000     0.05345660  -0.00000000
   17   15
  0.00080246  -0.00000000    -0.00000000  -0.00000000     0.00153605  -0.00000000
  0.00000000   0.00000000     0.00165188  -0.00000000    -0.00000000   0.00000000
  0.00239658  -0.00000000     0.00000000  -0.00000000     0.00106704  -0.00000000
   17   16
  0.00129999  -0.00000000     0.00000000  -0.00000000     0.00000000   0.00000000
  0.00000000   0.00000000     0.00022134  -0.00000000     0.00000000   0.00000000
  0.00000000   0.00000000     0.00000000  -0.00000000     0.00104912  -0.00000000
   17   17
  0.25227860   0.00000000     0.00000000   0.00000000     0.00000000   0.00000000
  0.00000000   0.00000000     0.06380919   0.00000000     0.00000000   0.00000000
  0.00000000   0.00000000     0.00000000   0.00000000     0.27066377  -0.00000000
   17   18
 -0.00171663   0.00000000     0.00000000   0.00000000     0.00000000  -0.00000000
  0.00000000   0.00000000     0.00346679  -0.00000000     0.00765185  -0.00000000
 -0.00000000  -0.00000000     0.00374883  -0.00000000     0.01169385  -0.00000000
   17   19
 -0.00171663   0.00000000     0.00000000  -0.00000000    -0.00000000  -0.00000000
  0.00000000  -0.00000000     0.00346679  -0.00000000    -0.00765185   0.00000000
 -0.00000000  -0.00000000    -0.00374883   0.00000000     0.01169385  -0.00000000
   17   20
 -0.00140777   0.00000000     0.00000000  -0.00000000     0.00000000   0.00000000
 -0.00000000  -0.00000000     0.00185845  -0.00000000     0.00003709  -0.00000000
  0.00000000  -0.00000000     0.00063397  -0.00000000    -0.00142703   0.00000000
   17   21
 -0.00140777   0.00000000    -0.00000000   0.00000000     0.00000000   0.00000000
  0.00000000   0.00000000     0.00185845  -0.00000000    -0.00003709   0.00000000
  0.00000000  -0.00000000    -0.00063397   0.00000000    -0.00142703   0.00000000
   17   22
  0.00264608  -0.00000000     0.00000000   0.00000000     0.00000000   0.00000000
  0.00000000   0.00000000    -0.00083151   0.00000000     0.00000000   0.00000000
  0.00000000   0.00000000     0.00000000   0.00000000    -0.00281499   0.00000000
   17   23
 -0.00140777   0.00000000    -0.00000000  -0.00000000     0.00000000  -0.00000000
 -0.00000000  -0.00000000     0.00185845  -0.00000000    -0.00003709   0.00000000
 -0.00000000   0.00000000    -0.00063397   0.00000000    -0.00142703   0.00000000
   17   24
 -0.00140777   0.00000000     0.00000000   0.00000000     0.00000000  -0.00000000
  0.00000000   0.00000000     0.00185845  -0.00000000     0.00003709  -0.00000000
  0.00000000   0.00000000     0.00063397  -0.00000000    -0.00142703   0.00000000
   17   25
 -0.00171663   0.00000000     0.00000000   0.00000000     0.00000000   0.00000000
  0.00000000   0.00000000     0.00346679  -0.00000000    -0.00765185   0.00000000
  0.00000000   0.00000000    -0.00374883   0.00000000     0.01169385  -0.00000000
   17   26
 -0.00171663   0.00000000     0.00000000  -0.00000000    -0.00000000   0.00000000
 -0.00000000  -0.00000000     0.00346679  -0.00000000     0.00765185  -0.00000000
  0.00000000   0.00000000     0.00374883  -0.00000000     0.01169385  -0.00000000
   17   27
  0.00202851  -0.00000000    -0.00000000   0.00000000    -0.00318083   0.00000000
 -0.00000000   0.00000000     0.00068410   0.00000000    -0.00000000   0.00000000
 -0.00261981   0.00000000     0.00000000  -0.00000000    -0.00190912  -0.00000000
   17   28
  0.00826907  -0.00000000    -0.00281882   0.00000000     0.00643951  -0.00000000
 -0.00638121   0.00000000     0.00339146  -0.00000000    -0.00395965   0.00000000
  0.00534521  -0.00000000    -0.00141192   0.00000000     0.00113137  -0.00000000
   17   29
  0.00826907  -0.00000000     0.00281882  -0.00000000     0.00643951  -0.00000000
  0.00638121  -0.00000000     0.00339146  -0.00000000     0.00395965  -0.00000000
  0.00534521  -0.00000000     0.00141192  -0.00000000     0.00113137  -0.00000000
   17   30
  0.00826907  -0.00000000    -0.00281882   0.00000000    -0.00643951   0.00000000
 -0.00638121   0.00000000     0.00339146  -0.00000000     0.00395965  -0.00000000
 -0.00534521   0.00000000     0.00141192  -0.00000000     0.00113137  -0.00000000
   17   31
  0.00826907  -0.00000000     0.00281882  -0.00000000    -0.00643951   0.00000000
  0.00638121  -0.00000000     0.00339146  -0.00000000    -0.00395965   0.00000000
 -0.00534521   0.00000000    -0.00141192   0.00000000     0.00113137  -0.00000000
   17   32
 -0.00202851   0.00000000     0.00000000  -0.00000000    -0.00318083   0.00000000
  0.00000000  -0.00000000    -0.00068410   0.00000000     0.00000000  -0.00000000
 -0.00261981   0.00000000     0.00000000  -0.00000000     0.00190912  -0.00000000
   17   33
  0.00826907  -0.00000000     0.00281882  -0.00000000    -0.00643951   0.00000000
  0.00638121  -0.00000000     0.00339146  -0.00000000    -0.00395965   0.00000000
 -0.00534521   0.00000000    -0.00141192   0.00000000     0.00113137  -0.00000000
   17   34
  0.00826907  -0.00000000    -0.00281882   0.00000000    -0.00643951   0.00000000
 -0.00638121   0.00000000     0.00339146  -0.00000000     0.00395965  -0.00000000
 -0.00534521   0.00000000     0.00141192  -0.00000000     0.00113137  -0.00000000
   17   35
  0.00826907  -0.00000000     0.00281882  -0.00000000     0.00643951  -0.00000000
  0.00638121  -0.00000000     0.00339146  -0.00000000     0.00395965  -0.00000000
  0.00534521  -0.00000000     0.00141192  -0.00000000     0.00113137  -0.00000000
   17   36
  0.00826907  -0.00000000    -0.00281882   0.00000000     0.00643951  -0.00000000
 -0.00638121   0.00000000     0.00339146  -0.00000000    -0.00395965   0.00000000
  0.00534521  -0.00000000    -0.00141192   0.00000000     0.00113137  -0.00000000
   18    1
  0.00046194   0.00000000     0.00000000   0.00000000     0.00000000   0.00000000
 -0.00000000  -0.00000000     0.00059367  -0.00000000    -0.00005180   0.00000000
  0.00000000   0.00000000     0.00011290  -0.00000000     0.00046601  -0.00000000
   18    2
 -0.00211194   0.00000000     0.00000000  -0.00000000     0.00000000  -0.00000000
  0.00000000  -0.00000000     0.00504574  -0.00000000    -0.01115854   0.00000000
  0.00000000  -0.00000000    -0.01115308   0.00000000     0.01492631  -0.00000000
   18    3
 -0.01068610   0.00000000     0.00975386  -0.00000000     0.00750033  -0.00000000
  0.00982496  -0.00000000    -0.00512897   0.00000000    -0.00560302  -0.00000000
  0.00751611  -0.00000000    -0.00555085  -0.00000000    -0.00206375  -0.00000000
   18    4
  0.01068610  -0.00000000     0.00975386  -0.00000000     0.00750033  -0.00000000
  0.00982496  -0.00000000     0.00512897  -0.00000000     0.00560302  -0.00000000
  0.00751611  -0.00000000     0.00555085  -0.00000000     0.00206375  -0.00000000
   18    5
 -0.01576305  -0.00000000    -0.04068567   0.00000000    -0.00928284  -0.00000000
 -0.03525739   0.00000000    -0.05352713   0.00000000    -0.01921790  -0.00000000
 -0.01046094   0.00000000    -0.02278674  -0.00000000    -0.00405533  -0.00000000
   18    6
 -0.00176261   0.00000000     0.00171156  -0.00000000     0.00249552  -0.00000000
  0.00064580  -0.00000000    -0.00093092   0.00000000    -0.00118872   0.00000000
  0.00147862  -0.00000000    -0.00112405   0.00000000     0.00077185   0.00000000
   18    7
  0.00038342  -0.00000000    -0.00290374  -0.00000000    -0.00009625   0.00000000
 -0.00070282   0.00000000     0.00061936   0.00000000     0.00124632  -0.00000000
 -0.00202442  -0.00000000    -0.00011541   0.00000000    -0.00156162   0.00000000
   18    8
 -0.00232272   0.00000000     0.00226553  -0.00000000     0.00067743   0.00000000
 -0.00146194   0.00000000     0.00176078  -0.00000000    -0.00075832   0.00000000
 -0.00258617   0.00000000    -0.00187042  -0.00000000     0.00020559   0.00000000
   18    9
  0.00004198  -0.00000000     0.00049644   0.00000000     0.00234705   0.00000000
  0.00055028   0.00000000     0.00088641   0.00000000    -0.00026775  -0.00000000
 -0.00098625   0.00000000     0.00273982  -0.00000000    -0.00048718  -0.00000000
   18   10
  0.00038342  -0.00000000     0.00290374  -0.00000000     0.00009625  -0.00000000
  0.00070282  -0.00000000     0.00061936   0.00000000     0.00124632  -0.00000000
  0.00202442   0.00000000    -0.00011541  -0.00000000    -0.00156162   0.00000000
   18   11
  0.00004198  -0.00000000    -0.00049644  -0.00000000    -0.00234705  -0.00000000
 -0.00055028  -0.00000000     0.00088641  -0.00000000    -0.00026775  -0.00000000
  0.00098625   0.00000000     0.00273982  -0.00000000    -0.00048718  -0.00000000
   18   12
 -0.01576305  -0.00000000     0.04068567  -0.00000000     0.00928284   0.00000000
  0.03525739  -0.00000000    -0.05352713   0.00000000    -0.01921790  -0.00000000
  0.01046094  -0.00000000    -0.02278674  -0.00000000    -0.00405533  -0.00000000
   18   13
  0.00134118   0.00000000    -0.00000000  -0.00000000     0.00000000   0.00000000
  0.00000000   0.00000000    -0.05354271   0.00000000     0.03960535   0.00000000
 -0.00000000  -0.00000000     0.04601925   0.00000000    -0.02157227  -0.00000000
   18   14
 -0.00176261   0.00000000    -0.00171156   0.00000000    -0.00249552   0.00000000
 -0.00064580   0.00000000    -0.00093092   0.00000000    -0.00118872   0.00000000
 -0.00147862   0.00000000    -0.00112405   0.00000000     0.00077185   0.00000000
   18   15
 -0.00232272   0.00000000    -0.00226553   0.00000000    -0.00067743  -0.00000000
  0.00146194  -0.00000000     0.00176078  -0.00000000    -0.00075832   0.00000000
  0.00258617  -0.00000000    -0.00187042  -0.00000000     0.00020559  -0.00000000
   18   16
  0.00232929  -0.00000000     0.00000000   0.00000000    -0.00000000  -0.00000000
 -0.00000000  -0.00000000     0.00041640  -0.00000000     0.00184027  -0.00000000
  0.00000000   0.00000000     0.00134765   0.00000000    -0.00254846   0.00000000
   18   17
 -0.00171663   0.00000000     0.00000000   0.00000000    -0.00000000  -0.00000000
  0.00000000   0.00000000     0.00346679  -0.00000000     0.00374883  -0.00000000
  0.00000000  -0.00000000     0.00765185  -0.00000000     0.01169385  -0.00000000
   18   18
  0.12455026   0.00000000    -0.00000000  -0.00000000    -0.00000000  -0.00000000
 -0.00000000  -0.00000000     0.21812151  -0.00000000    -0.00132209   0.00000000
 -0.00000000  -0.00000000    -0.00132209   0.00000000     0.12481693   0.00000000
   18   19
  0.00010741  -0.00000000     0.00000000   0.00000000     0.00000000   0.00000000
  0.00000000  -0.00000000     0.00040047  -0.00000000    -0.00000253   0.00000000
 -0.00000000   0.00000000     0.00000253  -0.00000000    -0.00007550   0.00000000
   18   20
 -0.00204410   0.00000000    -0.00000000  -0.00000000    -0.00000000  -0.00000000
 -0.00000000  -0.00000000     0.00984623  -0.00000000    -0.00009640  -0.00000000
  0.00000000   0.00000000    -0.00046577   0.00000000     0.00002483   0.00000000
   18   21
  0.00063647   0.00000000    -0.00000000  -0.00000000     0.00000000   0.00000000
  0.00000000  -0.00000000    -0.00118188   0.00000000     0.00038617  -0.00000000
  0.00000000   0.00000000     0.00004767   0.00000000    -0.00186041   0.00000000
   18   22
  0.00185441   0.00000000     0.00000000   0.00000000     0.00000000   0.00000000
 -0.00000000  -0.00000000    -0.00161796   0.00000000    -0.00009682   0.00000000
  0.00000000   0.00000000     0.00009172  -0.00000000     0.00192710   0.00000000
   18   23
 -0.00493369   0.00000000     0.00000000   0.00000000     0.00000000   0.00000000
 -0.00000000  -0.00000000    -0.00076196   0.00000000    -0.00268224   0.00000000
 -0.00000000  -0.00000000    -0.00270121   0.00000000     0.00169273  -0.00000000
   18   24
 -0.00084657   0.00000000     0.00000000   0.00000000     0.00000000   0.00000000
  0.00000000  -0.00000000    -0.00540615  -0.00000000     0.00245996  -0.00000000
  0.00000000   0.00000000    -0.00130096  -0.00000000    -0.03627865   0.00000000
   18   25
  0.00119829   0.00000000     0.00000000   0.00000000    -0.00000000  -0.00000000
  0.00000000  -0.00000000    -0.00537822   0.00000000     0.00020858  -0.00000000
 -0.00000000  -0.00000000    -0.00020858   0.00000000     0.00181895   0.00000000
   18   26
  0.00018044  -0.00000000     0.00000000   0.00000000    -0.00000000  -0.00000000
  0.00000000   0.00000000    -0.00106777   0.00000000     0.00044020  -0.00000000
  0.00000000  -0.00000000     0.00044020  -0.00000000     0.00023010  -0.00000000
   18   27
  0.00837380  -0.00000000    -0.00655930   0.00000000     0.00572351  -0.00000000
 -0.00320828   0.00000000     0.00358896  -0.00000000    -0.00190038   0.00000000
  0.00583246  -0.00000000    -0.00383394   0.00000000     0.00181569  -0.00000000
   18   28
  0.00039018  -0.00000000    -0.00247630   0.00000000    -0.00275078  -0.00000000
 -0.00216442   0.00000000     0.00005194  -0.00000000     0.00130864  -0.00000000
 -0.00293912  -0.00000000     0.00123417  -0.00000000    -0.00325406  -0.00000000
   18   29
 -0.02720135   0.00000000    -0.00171199   0.00000000     0.01549205  -0.00000000
  0.00226016  -0.00000000    -0.00515546   0.00000000    -0.00122770   0.00000000
  0.01588207  -0.00000000     0.00089281  -0.00000000    -0.00944351   0.00000000
   18   30
  0.00026447   0.00000000    -0.00000472   0.00000000     0.00074310   0.00000000
  0.00041611  -0.00000000    -0.00068070   0.00000000    -0.00003370   0.00000000
  0.00069347   0.00000000     0.00017243   0.00000000    -0.00060649   0.00000000
   18   31
 -0.00077708  -0.00000000     0.00004654  -0.00000000    -0.00112256  -0.00000000
 -0.00001270  -0.00000000    -0.00193207   0.00000000    -0.00042109   0.00000000
 -0.00119395   0.00000000    -0.00015905   0.00000000     0.00054979  -0.00000000
   18   32
 -0.00837380   0.00000000    -0.00655930  -0.00000000     0.00572351  -0.00000000
 -0.00320828  -0.00000000    -0.00358896  -0.00000000     0.00190038  -0.00000000
  0.00583246   0.00000000     0.00383394  -0.00000000    -0.00181569   0.00000000
   18   33
  0.00039018  -0.00000000     0.00247630  -0.00000000     0.00275078  -0.00000000
  0.00216442  -0.00000000     0.00005194  -0.00000000     0.00130864  -0.00000000
  0.00293912   0.00000000     0.00123417  -0.00000000    -0.00325406   0.00000000
   18   34
 -0.02720135  -0.00000000     0.00171199  -0.00000000    -0.01549205   0.00000000
 -0.00226016   0.00000000    -0.00515546  -0.00000000    -0.00122770  -0.00000000
 -0.01588207   0.00000000     0.00089281   0.00000000    -0.00944351   0.00000000
   18   35
  0.00026447   0.00000000     0.00000472  -0.00000000    -0.00074310  -0.00000000
 -0.00041611   0.00000000    -0.00068070   0.00000000    -0.00003370   0.00000000
 -0.00069347  -0.00000000     0.00017243  -0.00000000    -0.00060649  -0.00000000
   18   36
 -0.00077708   0.00000000    -0.00004654   0.00000000     0.00112256  -0.00000000
  0.00001270   0.00000000    -0.00193207   0.00000000    -0.00042109   0.00000000
  0.00119395  -0.00000000    -0.00015905   0.00000000     0.00054979  -0.00000000
   19    1
  0.00046194   0.00000000     0.00000000  -0.00000000    -0.00000000   0.00000000
  0.00000000   0.00000000     0.00059367  -0.00000000     0.00005180  -0.00000000
  0.00000000   0.00000000    -0.00011290   0.00000000     0.00046601  -0.00000000
   19    2
 -0.00211194   0.00000000    -0.00000000   0.00000000    -0.00000000  -0.00000000
 -0.00000000   0.00000000     0.00504574  -0.00000000     0.01115854  -0.00000000
 -0.00000000  -0.00000000     0.01115308  -0.00000000     0.01492631  -0.00000000
   19    3
 -0.01068610   0.00000000    -0.00975386   0.00000000     0.00750033   0.00000000
 -0.00982496   0.00000000    -0.00512897   0.00000000     0.00560302   0.00000000
  0.00751611  -0.00000000     0.00555085  -0.00000000    -0.00206375  -0.00000000
   19    4
  0.01068610  -0.00000000    -0.00975386   0.00000000     0.00750033  -0.00000000
 -0.00982496   0.00000000     0.00512897  -0.00000000    -0.00560302   0.00000000
  0.00751611  -0.00000000    -0.00555085   0.00000000     0.00206375  -0.00000000
   19    5
 -0.00176261   0.00000000     0.00171156  -0.00000000    -0.00249552   0.00000000
  0.00064580  -0.00000000    -0.00093092   0.00000000     0.00118872  -0.00000000
 -0.00147862   0.00000000     0.00112405  -0.00000000     0.00077185   0.00000000
   19    6
 -0.01576305  -0.00000000    -0.04068567   0.00000000     0.00928284   0.00000000
 -0.03525739   0.00000000    -0.05352713   0.00000000     0.01921790   0.00000000
  0.01046094  -0.00000000     0.02278674   0.00000000    -0.00405533  -0.00000000
   19    7
  0.00038342  -0.00000000    -0.00290374   0.00000000     0.00009625  -0.00000000
 -0.00070282   0.00000000     0.00061936   0.00000000    -0.00124632   0.00000000
  0.00202442   0.00000000     0.00011541   0.00000000    -0.00156162   0.00000000
   19    8
  0.00004198  -0.00000000     0.00049644   0.00000000    -0.00234705  -0.00000000
  0.00055028   0.00000000     0.00088641  -0.00000000     0.00026775   0.00000000
  0.00098625   0.00000000    -0.00273982   0.00000000    -0.00048718  -0.00000000
   19    9
 -0.00232272   0.00000000     0.00226553  -0.00000000    -0.00067743  -0.00000000
 -0.00146194   0.00000000     0.00176078  -0.00000000     0.00075832  -0.00000000
  0.00258617  -0.00000000     0.00187042   0.00000000     0.00020559  -0.00000000
   19   10
  0.00038342  -0.00000000     0.00290374   0.00000000    -0.00009625   0.00000000
  0.00070282  -0.00000000     0.00061936   0.00000000    -0.00124632   0.00000000
 -0.00202442  -0.00000000     0.00011541  -0.00000000    -0.00156162   0.00000000
   19   11
 -0.00232272   0.00000000    -0.00226553   0.00000000     0.00067743   0.00000000
  0.00146194  -0.00000000     0.00176078  -0.00000000     0.00075832  -0.00000000
 -0.00258617   0.00000000     0.00187042   0.00000000     0.00020559   0.00000000
   19   12
 -0.00176261   0.00000000    -0.00171156   0.00000000     0.00249552  -0.00000000
 -0.00064580   0.00000000    -0.00093092   0.00000000     0.00118872  -0.00000000
  0.00147862  -0.00000000     0.00112405  -0.00000000     0.00077185   0.00000000
   19   13
  0.00232929  -0.00000000    -0.00000000  -0.00000000    -0.00000000  -0.00000000
 -0.00000000   0.00000000     0.00041640  -0.00000000    -0.00184027   0.00000000
  0.00000000   0.00000000    -0.00134765  -0.00000000    -0.00254846   0.00000000
   19   14
 -0.01576305  -0.00000000     0.04068567  -0.00000000    -0.00928284  -0.00000000
  0.03525739  -0.00000000    -0.05352713   0.00000000     0.01921790   0.00000000
 -0.01046094   0.00000000     0.02278674   0.00000000    -0.00405533  -0.00000000
   19   15
  0.00004198  -0.00000000    -0.00049644  -0.00000000     0.00234705   0.00000000
 -0.00055028  -0.00000000     0.00088641   0.00000000     0.00026775   0.00000000
 -0.00098625   0.00000000    -0.00273982   0.00000000    -0.00048718  -0.00000000
   19   16
  0.00134118   0.00000000     0.00000000   0.00000000     0.00000000   0.00000000
  0.00000000  -0.00000000    -0.05354271   0.00000000    -0.03960535  -0.00000000
  0.00000000  -0.00000000    -0.04601925  -0.00000000    -0.02157227  -0.00000000
   19   17
 -0.00171663   0.00000000     0.00000000  -0.00000000    -0.00000000  -0.00000000
  0.00000000  -0.00000000     0.00346679  -0.00000000    -0.00374883   0.00000000
 -0.00000000  -0.00000000    -0.00765185   0.00000000     0.01169385  -0.00000000
   19   18
  0.00010741  -0.00000000     0.00000000  -0.00000000    -0.00000000   0.00000000
  0.00000000   0.00000000     0.00040047  -0.00000000     0.00000253  -0.00000000
  0.00000000   0.00000000    -0.00000253   0.00000000    -0.00007550   0.00000000
   19   19
  0.12455026   0.00000000    -0.00000000   0.00000000     0.00000000  -0.00000000
 -0.00000000   0.00000000     0.21812151  -0.00000000     0.00132209  -0.00000000
  0.00000000  -0.00000000     0.00132209  -0.00000000     0.12481693   0.00000000
   19   20
  0.00063647   0.00000000     0.00000000   0.00000000     0.00000000   0.00000000
 -0.00000000   0.00000000    -0.00118188   0.00000000    -0.00038617   0.00000000
 -0.00000000   0.00000000    -0.00004767  -0.00000000    -0.00186041   0.00000000
   19   21
 -0.00204410   0.00000000     0.00000000   0.00000000    -0.00000000  -0.00000000
  0.00000000   0.00000000     0.00984623  -0.00000000     0.00009640   0.00000000
  0.00000000   0.00000000     0.00046577  -0.00000000     0.00002483   0.00000000
   19   22
  0.00185441   0.00000000    -0.00000000  -0.00000000     0.00000000   0.00000000
 -0.00000000   0.00000000    -0.00161796   0.00000000     0.00009682  -0.00000000
  0.00000000   0.00000000    -0.00009172   0.00000000     0.00192710   0.00000000
   19   23
 -0.00084657   0.00000000     0.00000000  -0.00000000    -0.00000000   0.00000000
  0.00000000   0.00000000    -0.00540615  -0.00000000    -0.00245996   0.00000000
 -0.00000000   0.00000000     0.00130096   0.00000000    -0.03627865   0.00000000
   19   24
 -0.00493369   0.00000000     0.00000000  -0.00000000     0.00000000   0.00000000
  0.00000000   0.00000000    -0.00076196   0.00000000     0.00268224  -0.00000000
  0.00000000  -0.00000000     0.00270121  -0.00000000     0.00169273  -0.00000000
   19   25
  0.00018044  -0.00000000     0.00000000  -0.00000000    -0.00000000  -0.00000000
  0.00000000  -0.00000000    -0.00106777   0.00000000    -0.00044020   0.00000000
 -0.00000000  -0.00000000    -0.00044020   0.00000000     0.00023010  -0.00000000
   19   26
  0.00119829   0.00000000    -0.00000000  -0.00000000    -0.00000000  -0.00000000
  0.00000000   0.00000000    -0.00537822   0.00000000    -0.00020858   0.00000000
  0.00000000  -0.00000000     0.00020858  -0.00000000     0.00181895   0.00000000
   19   27
  0.00837380  -0.00000000     0.00655930  -0.00000000     0.00572351  -0.00000000
  0.00320828  -0.00000000     0.00358896  -0.00000000     0.00190038  -0.00000000
  0.00583246  -0.00000000     0.00383394  -0.00000000     0.00181569  -0.00000000
   19   28
 -0.02720135   0.00000000     0.00171199  -0.00000000     0.01549205  -0.00000000
 -0.00226016   0.00000000    -0.00515546   0.00000000     0.00122770  -0.00000000
  0.01588207  -0.00000000    -0.00089281   0.00000000    -0.00944351   0.00000000
   19   29
  0.00039018  -0.00000000     0.00247630  -0.00000000    -0.00275078  -0.00000000
  0.00216442  -0.00000000     0.00005194  -0.00000000    -0.00130864   0.00000000
 -0.00293912  -0.00000000    -0.00123417   0.00000000    -0.00325406  -0.00000000
   19   30
 -0.00077708  -0.00000000    -0.00004654   0.00000000    -0.00112256  -0.00000000
  0.00001270   0.00000000    -0.00193207   0.00000000     0.00042109  -0.00000000
 -0.00119395   0.00000000     0.00015905  -0.00000000     0.00054979  -0.00000000
   19   31
  0.00026447   0.00000000     0.00000472  -0.00000000     0.00074310   0.00000000
 -0.00041611   0.00000000    -0.00068070   0.00000000     0.00003370  -0.00000000
  0.00069347   0.00000000    -0.00017243  -0.00000000    -0.00060649   0.00000000
   19   32
 -0.00837380   0.00000000     0.00655930   0.00000000     0.00572351   0.00000000
  0.00320828  -0.00000000    -0.00358896   0.00000000    -0.00190038  -0.00000000
  0.00583246  -0.00000000    -0.00383394  -0.00000000    -0.00181569   0.00000000
   19   33
 -0.02720135  -0.00000000    -0.00171199   0.00000000    -0.01549205   0.00000000
  0.00226016  -0.00000000    -0.00515546  -0.00000000     0.00122770   0.00000000
 -0.01588207   0.00000000    -0.00089281  -0.00000000    -0.00944351   0.00000000
   19   34
  0.00039018  -0.00000000    -0.00247630   0.00000000     0.00275078  -0.00000000
 -0.00216442   0.00000000     0.00005194  -0.00000000    -0.00130864   0.00000000
  0.00293912   0.00000000    -0.00123417   0.00000000    -0.00325406   0.00000000
   19   35
 -0.00077708   0.00000000     0.00004654  -0.00000000     0.00112256  -0.00000000
 -0.00001270  -0.00000000    -0.00193207   0.00000000     0.00042109  -0.00000000
  0.00119395  -0.00000000     0.00015905  -0.00000000     0.00054979  -0.00000000
   19   36
  0.00026447   0.00000000    -0.00000472   0.00000000    -0.00074310  -0.00000000
  0.00041611  -0.00000000    -0.00068070   0.00000000     0.00003370  -0.00000000
 -0.00069347  -0.00000000    -0.00017243   0.00000000    -0.00060649  -0.00000000
   20    1
 -0.00036555   0.00000000     0.00000000   0.00000000     0.00000000  -0.00000000
  0.00000000  -0.00000000    -0.00026567   0.00000000    -0.00010547  -0.00000000
  0.00000000  -0.00000000    -0.00014417   0.00000000    -0.00070618   0.00000000
   20    2
  0.00221452   0.00000000     0.00000000   0.00000000    -0.00000000  -0.00000000
 -0.00000000   0.00000000    -0.00552009   0.00000000    -0.01081371  -0.00000000
  0.00000000  -0.00000000    -0.01070755  -0.00000000    -0.01446037  -0.00000000
   20    3
  0.01011534  -0.00000000     0.00936623  -0.00000000    -0.00713026   0.00000000
  0.00940068  -0.00000000     0.00506087  -0.00000000    -0.00529307   0.00000000
 -0.00717233   0.00000000    -0.00537577   0.00000000     0.00191850  -0.00000000
   20    4
 -0.01011534   0.00000000     0.00936623  -0.00000000    -0.00713026   0.00000000
  0.00940068  -0.00000000    -0.00506087   0.00000000     0.00529307   0.00000000
 -0.00717233   0.00000000     0.00537577  -0.00000000    -0.00191850  -0.00000000
   20    5
 -0.00301182   0.00000000    -0.00332873   0.00000000     0.00039658   0.00000000
  0.00189765  -0.00000000     0.00220066  -0.00000000     0.00104388  -0.00000000
 -0.00091328   0.00000000     0.00157630   0.00000000     0.00145235  -0.00000000
   20    6
 -0.00007662  -0.00000000    -0.00042785  -0.00000000     0.00146392   0.00000000
  0.00106158  -0.00000000     0.00145698   0.00000000    -0.00074220   0.00000000
  0.00085620   0.00000000    -0.00342545   0.00000000    -0.00308169   0.00000000
   20    7
 -0.00080282   0.00000000    -0.00151135   0.00000000     0.00028434  -0.00000000
 -0.00121692   0.00000000     0.00138239   0.00000000    -0.00019062   0.00000000
  0.00173575   0.00000000     0.00095319   0.00000000    -0.00143754  -0.00000000
   20    8
 -0.01606227  -0.00000000     0.04361850  -0.00000000    -0.01082627  -0.00000000
  0.03653261  -0.00000000    -0.05416176   0.00000000     0.02082159   0.00000000
 -0.01198975   0.00000000     0.02537165   0.00000000    -0.00659092  -0.00000000
   20    9
 -0.00137780  -0.00000000    -0.00089260  -0.00000000     0.00132015  -0.00000000
 -0.00018283  -0.00000000    -0.00039471   0.00000000     0.00096443  -0.00000000
  0.00106830   0.00000000     0.00094866  -0.00000000     0.00097228   0.00000000
   20   10
 -0.00080282   0.00000000     0.00151135  -0.00000000    -0.00028434   0.00000000
  0.00121692  -0.00000000     0.00138239   0.00000000    -0.00019062   0.00000000
 -0.00173575  -0.00000000     0.00095319   0.00000000    -0.00143754  -0.00000000
   20   11
 -0.00137780   0.00000000     0.00089260   0.00000000    -0.00132015   0.00000000
  0.00018283   0.00000000    -0.00039471   0.00000000     0.00096443  -0.00000000
 -0.00106830  -0.00000000     0.00094866  -0.00000000     0.00097228  -0.00000000
   20   12
 -0.00301182   0.00000000     0.00332873  -0.00000000    -0.00039658  -0.00000000
 -0.00189765   0.00000000     0.00220066  -0.00000000     0.00104388  -0.00000000
  0.00091328  -0.00000000     0.00157630  -0.00000000     0.00145235  -0.00000000
   20   13
  0.00188088  -0.00000000     0.00000000   0.00000000     0.00000000   0.00000000
  0.00000000  -0.00000000     0.00053069  -0.00000000    -0.00133681   0.00000000
 -0.00000000  -0.00000000    -0.00045631  -0.00000000    -0.00322062   0.00000000
   20   14
 -0.00007662  -0.00000000     0.00042785   0.00000000    -0.00146392  -0.00000000
 -0.00106158   0.00000000     0.00145698   0.00000000    -0.00074220   0.00000000
 -0.00085620  -0.00000000    -0.00342545   0.00000000    -0.00308169   0.00000000
   20   15
 -0.01606227  -0.00000000    -0.04361850   0.00000000     0.01082627   0.00000000
 -0.03653261   0.00000000    -0.05416176   0.00000000     0.02082159   0.00000000
  0.01198975  -0.00000000     0.02537165   0.00000000    -0.00659092  -0.00000000
   20   16
  0.00011545   0.00000000     0.00000000  -0.00000000     0.00000000   0.00000000
 -0.00000000  -0.00000000    -0.04999738   0.00000000    -0.03571786  -0.00000000
  0.00000000  -0.00000000    -0.04638543  -0.00000000    -0.01963262  -0.00000000
   20   17
 -0.00140777   0.00000000    -0.00000000  -0.00000000     0.00000000  -0.00000000
  0.00000000  -0.00000000     0.00185845  -0.00000000     0.00063397  -0.00000000
  0.00000000   0.00000000     0.00003709  -0.00000000    -0.00142703   0.00000000
   20   18
 -0.00204410   0.00000000    -0.00000000  -0.00000000     0.00000000   0.00000000
 -0.00000000  -0.00000000     0.00984623  -0.00000000    -0.00046577   0.00000000
 -0.00000000  -0.00000000    -0.00009640  -0.00000000     0.00002483   0.00000000
   20   19
  0.00063647   0.00000000    -0.00000000   0.00000000    -0.00000000   0.00000000
  0.00000000   0.00000000    -0.00118188   0.00000000    -0.00004767  -0.00000000
  0.00000000   0.00000000    -0.00038617   0.00000000    -0.00186041   0.00000000
   20   20
  0.12437422   0.00000000     0.00000000   0.00000000    -0.00000000  -0.00000000
  0.00000000   0.00000000     0.20764526   0.00000000    -0.00580079  -0.00000000
 -0.00000000  -0.00000000    -0.00580079  -0.00000000     0.12915272   0.00000000
   20   21
 -0.00044905  -0.00000000     0.00000000   0.00000000    -0.00000000  -0.00000000
  0.00000000  -0.00000000    -0.00025841   0.00000000     0.00008563  -0.00000000
  0.00000000  -0.00000000    -0.00008563   0.00000000    -0.00037169  -0.00000000
   20   22
  0.00192035  -0.00000000     0.00000000   0.00000000     0.00000000   0.00000000
  0.00000000   0.00000000    -0.00396927  -0.00000000     0.00340999   0.00000000
 -0.00000000  -0.00000000     0.00741788  -0.00000000    -0.01090700  -0.00000000
   20   23
  0.00214484   0.00000000    -0.00000000  -0.00000000     0.00000000  -0.00000000
 -0.00000000   0.00000000    -0.00463082   0.00000000    -0.00135724   0.00000000
  0.00000000  -0.00000000     0.00135724  -0.00000000     0.00124220   0.00000000
   20   24
  0.00021294   0.00000000     0.00000000   0.00000000     0.00000000   0.00000000
 -0.00000000   0.00000000    -0.00057452   0.00000000    -0.00041709   0.00000000
 -0.00000000   0.00000000    -0.00041709   0.00000000     0.00028952  -0.00000000
   20   25
 -0.00493369   0.00000000     0.00000000   0.00000000    -0.00000000  -0.00000000
  0.00000000  -0.00000000    -0.00076196   0.00000000     0.00270121  -0.00000000
  0.00000000   0.00000000     0.00268224  -0.00000000     0.00169273  -0.00000000
   20   26
 -0.00084657   0.00000000     0.00000000  -0.00000000    -0.00000000   0.00000000
  0.00000000   0.00000000    -0.00540615  -0.00000000    -0.00130096  -0.00000000
  0.00000000   0.00000000     0.00245996  -0.00000000    -0.03627865   0.00000000
   20   27
  0.00781855  -0.00000000    -0.00647395   0.00000000    -0.00647771   0.00000000
 -0.00277826   0.00000000     0.00343141  -0.00000000     0.00148147  -0.00000000
 -0.00546624   0.00000000     0.00353545  -0.00000000     0.00135023  -0.00000000
   20   28
  0.00066952  -0.00000000     0.00007125  -0.00000000     0.00113964  -0.00000000
 -0.00023646   0.00000000     0.00004380   0.00000000     0.00034910  -0.00000000
  0.00098855   0.00000000     0.00005630   0.00000000    -0.00068143   0.00000000
   20   29
 -0.00029670  -0.00000000    -0.00052915   0.00000000    -0.00071848  -0.00000000
 -0.00017780   0.00000000    -0.00098874   0.00000000    -0.00023250  -0.00000000
 -0.00005546   0.00000000     0.00040686  -0.00000000     0.00007546   0.00000000
   20   30
  0.00023195  -0.00000000     0.00207246  -0.00000000    -0.00243874  -0.00000000
  0.00211660  -0.00000000     0.00038269  -0.00000000    -0.00102780  -0.00000000
 -0.00292608  -0.00000000    -0.00125655   0.00000000    -0.00307157  -0.00000000
   20   31
 -0.02591014  -0.00000000     0.00206652  -0.00000000     0.01598193   0.00000000
 -0.00171084   0.00000000    -0.00579371  -0.00000000     0.00091208   0.00000000
  0.01380701  -0.00000000    -0.00105972   0.00000000    -0.00892491   0.00000000
   20   32
 -0.00781855   0.00000000    -0.00647395  -0.00000000    -0.00647771   0.00000000
 -0.00277826   0.00000000    -0.00343141   0.00000000    -0.00148147  -0.00000000
 -0.00546624   0.00000000    -0.00353545  -0.00000000    -0.00135023   0.00000000
   20   33
  0.00066952  -0.00000000    -0.00007125   0.00000000    -0.00113964   0.00000000
  0.00023646  -0.00000000     0.00004380   0.00000000     0.00034910  -0.00000000
 -0.00098855  -0.00000000     0.00005630  -0.00000000    -0.00068143  -0.00000000
   20   34
 -0.00029670  -0.00000000     0.00052915  -0.00000000     0.00071848   0.00000000
  0.00017780  -0.00000000    -0.00098874   0.00000000    -0.00023250  -0.00000000
  0.00005546   0.00000000     0.00040686  -0.00000000     0.00007546  -0.00000000
   20   35
  0.00023195  -0.00000000    -0.00207246   0.00000000     0.00243874   0.00000000
 -0.00211660   0.00000000     0.00038269  -0.00000000    -0.00102780   0.00000000
  0.00292608  -0.00000000    -0.00125655   0.00000000    -0.00307157   0.00000000
   20   36
 -0.02591014  -0.00000000    -0.00206652   0.00000000    -0.01598193  -0.00000000
  0.00171084  -0.00000000    -0.00579371  -0.00000000     0.00091208   0.00000000
 -0.01380701   0.00000000    -0.00105972   0.00000000    -0.00892491   0.00000000
   21    1
 -0.00036555   0.00000000    -0.00000000  -0.00000000     0.00000000  -0.00000000
 -0.00000000   0.00000000    -0.00026567   0.00000000     0.00010547   0.00000000
 -0.00000000  -0.00000000     0.00014417  -0.00000000    -0.00070618   0.00000000
   21    2
  0.00221452   0.00000000     0.00000000  -0.00000000     0.00000000  -0.00000000
 -0.00000000  -0.00000000    -0.00552009   0.00000000     0.01081371   0.00000000
 -0.00000000  -0.00000000     0.01070755   0.00000000    -0.01446037  -0.00000000
   21    3
  0.01011534  -0.00000000    -0.00936623   0.00000000    -0.00713026   0.00000000
 -0.00940068   0.00000000     0.00506087  -0.00000000     0.00529307  -0.00000000
 -0.00717233   0.00000000     0.00537577  -0.00000000     0.00191850  -0.00000000
   21    4
 -0.01011534   0.00000000    -0.00936623   0.00000000    -0.00713026   0.00000000
 -0.00940068   0.00000000    -0.00506087   0.00000000    -0.00529307  -0.00000000
 -0.00717233   0.00000000    -0.00537577   0.00000000    -0.00191850  -0.00000000
   21    5
 -0.00007662  -0.00000000    -0.00042785  -0.00000000    -0.00146392  -0.00000000
  0.00106158  -0.00000000     0.00145698   0.00000000     0.00074220  -0.00000000
 -0.00085620  -0.00000000     0.00342545  -0.00000000    -0.00308169   0.00000000
   21    6
 -0.00301182   0.00000000    -0.00332873   0.00000000    -0.00039658  -0.00000000
  0.00189765  -0.00000000     0.00220066  -0.00000000    -0.00104388   0.00000000
  0.00091328  -0.00000000    -0.00157630   0.00000000     0.00145235  -0.00000000
   21    7
 -0.00080282   0.00000000    -0.00151135   0.00000000    -0.00028434   0.00000000
 -0.00121692   0.00000000     0.00138239   0.00000000     0.00019062  -0.00000000
 -0.00173575  -0.00000000    -0.00095319  -0.00000000    -0.00143754  -0.00000000
   21    8
 -0.00137780   0.00000000    -0.00089260  -0.00000000    -0.00132015   0.00000000
 -0.00018283  -0.00000000    -0.00039471   0.00000000    -0.00096443   0.00000000
 -0.00106830  -0.00000000    -0.00094866   0.00000000     0.00097228  -0.00000000
   21    9
 -0.01606227  -0.00000000     0.04361850  -0.00000000     0.01082627   0.00000000
  0.03653261  -0.00000000    -0.05416176   0.00000000    -0.02082159  -0.00000000
  0.01198975  -0.00000000    -0.02537165  -0.00000000    -0.00659092  -0.00000000
   21   10
 -0.00080282   0.00000000     0.00151135  -0.00000000     0.00028434  -0.00000000
  0.00121692  -0.00000000     0.00138239   0.00000000     0.00019062  -0.00000000
  0.00173575   0.00000000    -0.00095319  -0.00000000    -0.00143754  -0.00000000
   21   11
 -0.01606227  -0.00000000    -0.04361850   0.00000000    -0.01082627  -0.00000000
 -0.03653261   0.00000000    -0.05416176   0.00000000    -0.02082159  -0.00000000
 -0.01198975   0.00000000    -0.02537165  -0.00000000    -0.00659092  -0.00000000
   21   12
 -0.00007662  -0.00000000     0.00042785   0.00000000     0.00146392   0.00000000
 -0.00106158   0.00000000     0.00145698   0.00000000     0.00074220  -0.00000000
  0.00085620   0.00000000     0.00342545  -0.00000000    -0.00308169   0.00000000
   21   13
  0.00011545   0.00000000    -0.00000000   0.00000000     0.00000000   0.00000000
  0.00000000   0.00000000    -0.04999738   0.00000000     0.03571786   0.00000000
 -0.00000000  -0.00000000     0.04638543   0.00000000    -0.01963262  -0.00000000
   21   14
 -0.00301182   0.00000000     0.00332873  -0.00000000     0.00039658   0.00000000
 -0.00189765   0.00000000     0.00220066  -0.00000000    -0.00104388   0.00000000
 -0.00091328   0.00000000    -0.00157630  -0.00000000     0.00145235  -0.00000000
   21   15
 -0.00137780  -0.00000000     0.00089260   0.00000000     0.00132015  -0.00000000
  0.00018283   0.00000000    -0.00039471   0.00000000    -0.00096443   0.00000000
  0.00106830   0.00000000    -0.00094866   0.00000000     0.00097228   0.00000000
   21   16
  0.00188088  -0.00000000     0.00000000  -0.00000000     0.00000000   0.00000000
  0.00000000   0.00000000     0.00053069  -0.00000000     0.00133681  -0.00000000
  0.00000000  -0.00000000     0.00045631   0.00000000    -0.00322062   0.00000000
   21   17
 -0.00140777   0.00000000     0.00000000   0.00000000     0.00000000  -0.00000000
 -0.00000000   0.00000000     0.00185845  -0.00000000    -0.00063397   0.00000000
  0.00000000   0.00000000    -0.00003709   0.00000000    -0.00142703   0.00000000
   21   18
  0.00063647   0.00000000     0.00000000  -0.00000000     0.00000000   0.00000000
 -0.00000000  -0.00000000    -0.00118188   0.00000000     0.00004767   0.00000000
  0.00000000   0.00000000     0.00038617  -0.00000000    -0.00186041   0.00000000
   21   19
 -0.00204410   0.00000000     0.00000000   0.00000000     0.00000000   0.00000000
  0.00000000   0.00000000     0.00984623  -0.00000000     0.00046577  -0.00000000
 -0.00000000  -0.00000000     0.00009640   0.00000000     0.00002483   0.00000000
   21   20
 -0.00044905  -0.00000000     0.00000000  -0.00000000     0.00000000  -0.00000000
  0.00000000   0.00000000    -0.00025841   0.00000000    -0.00008563   0.00000000
 -0.00000000  -0.00000000     0.00008563  -0.00000000    -0.00037169  -0.00000000
   21   21
  0.12437422   0.00000000     0.00000000  -0.00000000     0.00000000  -0.00000000
  0.00000000  -0.00000000     0.20764526   0.00000000     0.00580079   0.00000000
  0.00000000  -0.00000000     0.00580079   0.00000000     0.12915272   0.00000000
   21   22
  0.00192035  -0.00000000     0.00000000  -0.00000000    -0.00000000   0.00000000
 -0.00000000  -0.00000000    -0.00396927  -0.00000000    -0.00340999  -0.00000000
  0.00000000  -0.00000000    -0.00741788   0.00000000    -0.01090700  -0.00000000
   21   23
  0.00021294   0.00000000     0.00000000  -0.00000000     0.00000000   0.00000000
  0.00000000  -0.00000000    -0.00057452   0.00000000     0.00041709  -0.00000000
  0.00000000   0.00000000     0.00041709  -0.00000000     0.00028952  -0.00000000
   21   24
  0.00214484   0.00000000     0.00000000   0.00000000     0.00000000  -0.00000000
 -0.00000000  -0.00000000    -0.00463082   0.00000000     0.00135724  -0.00000000
  0.00000000  -0.00000000    -0.00135724   0.00000000     0.00124220   0.00000000
   21   25
 -0.00084657   0.00000000     0.00000000   0.00000000     0.00000000   0.00000000
  0.00000000  -0.00000000    -0.00540615  -0.00000000     0.00130096   0.00000000
  0.00000000   0.00000000    -0.00245996   0.00000000    -0.03627865   0.00000000
   21   26
 -0.00493369   0.00000000     0.00000000  -0.00000000    -0.00000000  -0.00000000
  0.00000000   0.00000000    -0.00076196   0.00000000    -0.00270121   0.00000000
  0.00000000   0.00000000    -0.00268224   0.00000000     0.00169273  -0.00000000
   21   27
  0.00781855  -0.00000000     0.00647395  -0.00000000    -0.00647771   0.00000000
  0.00277826  -0.00000000     0.00343141  -0.00000000    -0.00148147   0.00000000
 -0.00546624   0.00000000    -0.00353545   0.00000000     0.00135023  -0.00000000
   21   28
 -0.00029670  -0.00000000     0.00052915  -0.00000000    -0.00071848  -0.00000000
  0.00017780  -0.00000000    -0.00098874   0.00000000     0.00023250   0.00000000
 -0.00005546   0.00000000    -0.00040686   0.00000000     0.00007546   0.00000000
   21   29
  0.00066952  -0.00000000    -0.00007125   0.00000000     0.00113964  -0.00000000
  0.00023646  -0.00000000     0.00004380   0.00000000    -0.00034910   0.00000000
  0.00098855   0.00000000    -0.00005630  -0.00000000    -0.00068143   0.00000000
   21   30
 -0.02591014  -0.00000000    -0.00206652   0.00000000     0.01598193   0.00000000
  0.00171084  -0.00000000    -0.00579371  -0.00000000    -0.00091208  -0.00000000
  0.01380701  -0.00000000     0.00105972  -0.00000000    -0.00892491   0.00000000
   21   31
  0.00023195  -0.00000000    -0.00207246   0.00000000    -0.00243874  -0.00000000
 -0.00211660   0.00000000     0.00038269  -0.00000000     0.00102780   0.00000000
 -0.00292608  -0.00000000     0.00125655  -0.00000000    -0.00307157  -0.00000000
   21   32
 -0.00781855  -0.00000000     0.00647395   0.00000000    -0.00647771   0.00000000
  0.00277826  -0.00000000    -0.00343141  -0.00000000     0.00148147   0.00000000
 -0.00546624   0.00000000     0.00353545  -0.00000000    -0.00135023  -0.00000000
   21   33
 -0.00029670  -0.00000000    -0.00052915   0.00000000     0.00071848   0.00000000
 -0.00017780   0.00000000    -0.00098874   0.00000000     0.00023250   0.00000000
  0.00005546   0.00000000    -0.00040686   0.00000000     0.00007546  -0.00000000
   21   34
  0.00066952  -0.00000000     0.00007125  -0.00000000    -0.00113964   0.00000000
 -0.00023646   0.00000000     0.00004380   0.00000000    -0.00034910   0.00000000
 -0.00098855  -0.00000000    -0.00005630   0.00000000    -0.00068143  -0.00000000
   21   35
 -0.02591014  -0.00000000     0.00206652  -0.00000000    -0.01598193  -0.00000000
 -0.00171084   0.00000000    -0.00579371  -0.00000000    -0.00091208  -0.00000000
 -0.01380701   0.00000000     0.00105972  -0.00000000    -0.00892491   0.00000000
   21   36
  0.00023195  -0.00000000     0.00207246  -0.00000000     0.00243874   0.00000000
  0.00211660  -0.00000000     0.00038269  -0.00000000     0.00102780  -0.00000000
  0.00292608  -0.00000000     0.00125655  -0.00000000    -0.00307157   0.00000000
   22    1
  0.00177948  -0.00000000     0.00000000   0.00000000     0.00000000  -0.00000000
  0.00000000   0.00000000    -0.00525355   0.00000000    -0.00000000   0.00000000
  0.00000000  -0.00000000    -0.00000000   0.00000000     0.00075780   0.00000000
   22    2
  0.00177948  -0.00000000     0.00000000   0.00000000     0.00000000  -0.00000000
  0.00000000   0.00000000    -0.00525355   0.00000000     0.00000000   0.00000000
  0.00000000  -0.00000000     0.00000000   0.00000000     0.00075780   0.00000000
   22    3
  0.00000000   0.00000000    -0.00000000  -0.00000000    -0.00080210   0.00000000
  0.00000000   0.00000000    -0.00000000   0.00000000     0.00000000   0.00000000
 -0.00081247   0.00000000    -0.00000000  -0.00000000    -0.00000000  -0.00000000
   22    4
  0.00000000   0.00000000     0.00000000  -0.00000000    -0.00080210   0.00000000
 -0.00000000   0.00000000     0.00000000   0.00000000    -0.00000000   0.00000000
 -0.00081247   0.00000000     0.00000000  -0.00000000     0.00000000  -0.00000000
   22    5
 -0.00000044  -0.00000000     0.00000000  -0.00000000     0.00226619  -0.00000000
  0.00000000   0.00000000    -0.00094139   0.00000000     0.00000000  -0.00000000
  0.00179021  -0.00000000    -0.00000000   0.00000000    -0.00246396   0.00000000
   22    6
 -0.00000044  -0.00000000     0.00000000  -0.00000000    -0.00226619   0.00000000
  0.00000000   0.00000000    -0.00094139   0.00000000     0.00000000   0.00000000
 -0.00179021   0.00000000     0.00000000  -0.00000000    -0.00246396   0.00000000
   22    7
 -0.08173149   0.00000000     0.00000000   0.00000000     0.00000000  -0.00000000
  0.00000000   0.00000000    -0.00045139  -0.00000000     0.00000000  -0.00000000
  0.00000000  -0.00000000     0.00000000  -0.00000000     0.00321485  -0.00000000
   22    8
 -0.01751073   0.00000000    -0.00000000   0.00000000     0.03668068  -0.00000000
 -0.00000000   0.00000000    -0.00031195  -0.00000000    -0.00000000   0.00000000
  0.03633981  -0.00000000     0.00000000  -0.00000000    -0.05960963   0.00000000
   22    9
 -0.01751073   0.00000000     0.00000000   0.00000000    -0.03668068   0.00000000
  0.00000000   0.00000000    -0.00031195  -0.00000000     0.00000000   0.00000000
 -0.03633981   0.00000000     0.00000000   0.00000000    -0.05960963   0.00000000
   22   10
 -0.08173149   0.00000000     0.00000000   0.00000000     0.00000000  -0.00000000
  0.00000000   0.00000000    -0.00045139  -0.00000000     0.00000000   0.00000000
  0.00000000  -0.00000000     0.00000000   0.00000000     0.00321485  -0.00000000
   22   11
 -0.01751073   0.00000000     0.00000000   0.00000000     0.03668068  -0.00000000
  0.00000000  -0.00000000    -0.00031195  -0.00000000    -0.00000000   0.00000000
  0.03633981  -0.00000000    -0.00000000  -0.00000000    -0.05960963   0.00000000
   22   12
 -0.00000044  -0.00000000     0.00000000   0.00000000    -0.00226619   0.00000000
 -0.00000000  -0.00000000    -0.00094139   0.00000000    -0.00000000  -0.00000000
 -0.00179021   0.00000000     0.00000000  -0.00000000    -0.00246396   0.00000000
   22   13
 -0.00423404   0.00000000     0.00000000  -0.00000000    -0.00000000   0.00000000
 -0.00000000   0.00000000    -0.00095228  -0.00000000     0.00000000   0.00000000
  0.00000000  -0.00000000     0.00000000  -0.00000000     0.00197724  -0.00000000
   22   14
 -0.00000044  -0.00000000     0.00000000   0.00000000     0.00226619  -0.00000000
  0.00000000   0.00000000    -0.00094139   0.00000000    -0.00000000  -0.00000000
  0.00179021  -0.00000000     0.00000000   0.00000000    -0.00246396   0.00000000
   22   15
 -0.01751073   0.00000000     0.00000000  -0.00000000    -0.03668068   0.00000000
  0.00000000  -0.00000000    -0.00031195  -0.00000000     0.00000000   0.00000000
 -0.03633981   0.00000000     0.00000000   0.00000000    -0.05960963   0.00000000
   22   16
 -0.00423404   0.00000000     0.00000000   0.00000000     0.00000000   0.00000000
  0.00000000   0.00000000    -0.00095228  -0.00000000    -0.00000000   0.00000000
  0.00000000  -0.00000000     0.00000000   0.00000000     0.00197724  -0.00000000
   22   17
  0.00264608  -0.00000000     0.00000000   0.00000000     0.00000000   0.00000000
  0.00000000   0.00000000    -0.00083151   0.00000000     0.00000000   0.00000000
  0.00000000   0.00000000     0.00000000   0.00000000    -0.00281499   0.00000000
   22   18
  0.00185441   0.00000000    -0.00000000  -0.00000000     0.00000000   0.00000000
  0.00000000   0.00000000    -0.00161796   0.00000000     0.00009172  -0.00000000
  0.00000000   0.00000000    -0.00009682   0.00000000     0.00192710   0.00000000
   22   19
  0.00185441   0.00000000    -0.00000000   0.00000000     0.00000000   0.00000000
 -0.00000000  -0.00000000    -0.00161796   0.00000000    -0.00009172   0.00000000
  0.00000000   0.00000000     0.00009682  -0.00000000     0.00192710   0.00000000
   22   20
  0.00192035  -0.00000000     0.00000000   0.00000000    -0.00000000  -0.00000000
  0.00000000   0.00000000    -0.00396927  -0.00000000     0.00741788  -0.00000000
  0.00000000   0.00000000     0.00340999   0.00000000    -0.01090700  -0.00000000
   22   21
  0.00192035  -0.00000000    -0.00000000  -0.00000000     0.00000000  -0.00000000
  0.00000000  -0.00000000    -0.00396927  -0.00000000    -0.00741788   0.00000000
 -0.00000000   0.00000000    -0.00340999  -0.00000000    -0.01090700  -0.00000000
   22   22
  0.28707117  -0.00000000     0.00000000   0.00000000     0.00000000   0.00000000
  0.00000000   0.00000000     0.06387361   0.00000000     0.00000000   0.00000000
  0.00000000   0.00000000     0.00000000   0.00000000     0.28321028  -0.00000000
   22   23
  0.00192035  -0.00000000     0.00000000  -0.00000000     0.00000000  -0.00000000
 -0.00000000  -0.00000000    -0.00396927  -0.00000000    -0.00741788   0.00000000
  0.00000000   0.00000000    -0.00340999  -0.00000000    -0.01090700  -0.00000000
   22   24
  0.00192035  -0.00000000     0.00000000   0.00000000     0.00000000  -0.00000000
  0.00000000   0.00000000    -0.00396927  -0.00000000     0.00741788  -0.00000000
 -0.00000000   0.00000000     0.00340999   0.00000000    -0.01090700  -0.00000000
   22   25
  0.00185441   0.00000000     0.00000000   0.00000000     0.00000000   0.00000000
  0.00000000  -0.00000000    -0.00161796   0.00000000    -0.00009172   0.00000000
 -0.00000000   0.00000000     0.00009682  -0.00000000     0.00192710   0.00000000
   22   26
  0.00185441   0.00000000    -0.00000000  -0.00000000     0.00000000   0.00000000
 -0.00000000   0.00000000    -0.00161796   0.00000000     0.00009172  -0.00000000
 -0.00000000   0.00000000    -0.00009682   0.00000000     0.00192710   0.00000000
   22   27
 -0.00204355   0.00000000    -0.00000000  -0.00000000    -0.00214532   0.00000000
 -0.00000000  -0.00000000    -0.00142680   0.00000000    -0.00000000  -0.00000000
 -0.00196819   0.00000000    -0.00000000  -0.00000000     0.00079616  -0.00000000
   22   28
 -0.00794504   0.00000000    -0.00308489   0.00000000     0.00557096  -0.00000000
 -0.00647308  -0.00000000    -0.00403439   0.00000000     0.00369484   0.00000000
  0.00562233  -0.00000000     0.00165004   0.00000000    -0.00159099   0.00000000
   22   29
 -0.00794504   0.00000000     0.00308489  -0.00000000     0.00557096  -0.00000000
  0.00647308   0.00000000    -0.00403439   0.00000000    -0.00369484  -0.00000000
  0.00562233  -0.00000000    -0.00165004  -0.00000000    -0.00159099   0.00000000
   22   30
 -0.00794504   0.00000000    -0.00308489   0.00000000    -0.00557096   0.00000000
 -0.00647308  -0.00000000    -0.00403439   0.00000000    -0.00369484  -0.00000000
 -0.00562233   0.00000000    -0.00165004  -0.00000000    -0.00159099   0.00000000
   22   31
 -0.00794504   0.00000000     0.00308489  -0.00000000    -0.00557096   0.00000000
  0.00647308   0.00000000    -0.00403439   0.00000000     0.00369484   0.00000000
 -0.00562233   0.00000000     0.00165004   0.00000000    -0.00159099   0.00000000
   22   32
  0.00204355  -0.00000000     0.00000000   0.00000000    -0.00214532   0.00000000
  0.00000000   0.00000000     0.00142680   0.00000000     0.00000000   0.00000000
 -0.00196819   0.00000000     0.00000000   0.00000000    -0.00079616  -0.00000000
   22   33
 -0.00794504   0.00000000     0.00308489  -0.00000000    -0.00557096   0.00000000
  0.00647308   0.00000000    -0.00403439   0.00000000     0.00369484   0.00000000
 -0.00562233   0.00000000     0.00165004   0.00000000    -0.00159099   0.00000000
   22   34
 -0.00794504   0.00000000    -0.00308489   0.00000000    -0.00557096   0.00000000
 -0.00647308  -0.00000000    -0.00403439   0.00000000    -0.00369484  -0.00000000
 -0.00562233   0.00000000    -0.00165004  -0.00000000    -0.00159099   0.00000000
   22   35
 -0.00794504   0.00000000     0.00308489  -0.00000000     0.00557096  -0.00000000
  0.00647308   0.00000000    -0.00403439   0.00000000    -0.00369484  -0.00000000
  0.00562233  -0.00000000    -0.00165004  -0.00000000    -0.00159099   0.00000000
   22   36
 -0.00794504   0.00000000    -0.00308489   0.00000000     0.00557096  -0.00000000
 -0.00647308  -0.00000000    -0.00403439   0.00000000     0.00369484   0.00000000
  0.00562233  -0.00000000     0.00165004   0.00000000    -0.00159099   0.00000000
   23    1
  0.00221452   0.00000000    -0.00000000  -0.00000000    -0.00000000  -0.00000000
 -0.00000000  -0.00000000    -0.00552009   0.00000000     0.01081371   0.00000000
 -0.00000000  -0.00000000     0.01070755   0.00000000    -0.01446037  -0.00000000
   23    2
 -0.00036555   0.00000000     0.00000000  -0.00000000     0.00000000  -0.00000000
 -0.00000000   0.00000000    -0.00026567   0.00000000     0.00010547   0.00000000
  0.00000000  -0.00000000     0.00014417  -0.00000000    -0.00070618   0.00000000
   23    3
 -0.01011534   0.00000000    -0.00936623   0.00000000    -0.00713026   0.00000000
 -0.00940068   0.00000000    -0.00506087   0.00000000    -0.00529307  -0.00000000
 -0.00717233   0.00000000    -0.00537577   0.00000000    -0.00191850  -0.00000000
   23    4
  0.01011534  -0.00000000    -0.00936623   0.00000000    -0.00713026   0.00000000
 -0.00940068   0.00000000     0.00506087  -0.00000000     0.00529307  -0.00000000
 -0.00717233   0.00000000     0.00537577  -0.00000000     0.00191850  -0.00000000
   23    5
 -0.00301182   0.00000000     0.00332873  -0.00000000     0.00039658   0.00000000
 -0.00189765   0.00000000     0.00220066  -0.00000000    -0.00104388   0.00000000
 -0.00091328   0.00000000    -0.00157630  -0.00000000     0.00145235  -0.00000000
   23    6
 -0.00007662  -0.00000000     0.00042785   0.00000000     0.00146392   0.00000000
 -0.00106158   0.00000000     0.00145698   0.00000000     0.00074220  -0.00000000
  0.00085620   0.00000000     0.00342545  -0.00000000    -0.00308169   0.00000000
   23    7
 -0.00080282   0.00000000     0.00151135  -0.00000000     0.00028434  -0.00000000
  0.00121692  -0.00000000     0.00138239   0.00000000     0.00019062  -0.00000000
  0.00173575   0.00000000    -0.00095319  -0.00000000    -0.00143754  -0.00000000
   23    8
 -0.01606227  -0.00000000    -0.04361850   0.00000000    -0.01082627  -0.00000000
 -0.03653261   0.00000000    -0.05416176   0.00000000    -0.02082159  -0.00000000
 -0.01198975   0.00000000    -0.02537165  -0.00000000    -0.00659092  -0.00000000
   23    9
 -0.00137780  -0.00000000     0.00089260   0.00000000     0.00132015  -0.00000000
  0.00018283   0.00000000    -0.00039471   0.00000000    -0.00096443   0.00000000
  0.00106830   0.00000000    -0.00094866   0.00000000     0.00097228   0.00000000
   23   10
 -0.00080282   0.00000000    -0.00151135   0.00000000    -0.00028434   0.00000000
 -0.00121692   0.00000000     0.00138239   0.00000000     0.00019062  -0.00000000
 -0.00173575  -0.00000000    -0.00095319  -0.00000000    -0.00143754  -0.00000000
   23   11
 -0.00137780   0.00000000    -0.00089260  -0.00000000    -0.00132015   0.00000000
 -0.00018283  -0.00000000    -0.00039471   0.00000000    -0.00096443   0.00000000
 -0.00106830  -0.00000000    -0.00094866   0.00000000     0.00097228  -0.00000000
   23   12
 -0.00301182   0.00000000    -0.00332873   0.00000000    -0.00039658  -0.00000000
  0.00189765  -0.00000000     0.00220066  -0.00000000    -0.00104388   0.00000000
  0.00091328  -0.00000000    -0.00157630   0.00000000     0.00145235  -0.00000000
   23   13
  0.00188088  -0.00000000     0.00000000  -0.00000000     0.00000000   0.00000000
  0.00000000   0.00000000     0.00053069  -0.00000000     0.00133681  -0.00000000
  0.00000000  -0.00000000     0.00045631   0.00000000    -0.00322062   0.00000000
   23   14
 -0.00007662  -0.00000000    -0.00042785  -0.00000000    -0.00146392  -0.00000000
  0.00106158  -0.00000000     0.00145698   0.00000000     0.00074220  -0.00000000
 -0.00085620  -0.00000000     0.00342545  -0.00000000    -0.00308169   0.00000000
   23   15
 -0.01606227  -0.00000000     0.04361850  -0.00000000     0.01082627   0.00000000
  0.03653261  -0.00000000    -0.05416176   0.00000000    -0.02082159  -0.00000000
  0.01198975  -0.00000000    -0.02537165  -0.00000000    -0.00659092  -0.00000000
   23   16
  0.00011545   0.00000000    -0.00000000   0.00000000    -0.00000000   0.00000000
  0.00000000   0.00000000    -0.04999738   0.00000000     0.03571786   0.00000000
  0.00000000  -0.00000000     0.04638543   0.00000000    -0.01963262  -0.00000000
   23   17
 -0.00140777   0.00000000    -0.00000000  -0.00000000    -0.00000000   0.00000000
 -0.00000000  -0.00000000     0.00185845  -0.00000000    -0.00063397   0.00000000
  0.00000000  -0.00000000    -0.00003709   0.00000000    -0.00142703   0.00000000
   23   18
 -0.00493369   0.00000000    -0.00000000  -0.00000000    -0.00000000  -0.00000000
  0.00000000   0.00000000    -0.00076196   0.00000000    -0.00270121   0.00000000
  0.00000000   0.00000000    -0.00268224   0.00000000     0.00169273  -0.00000000
   23   19
 -0.00084657   0.00000000     0.00000000   0.00000000    -0.00000000   0.00000000
  0.00000000  -0.00000000    -0.00540615  -0.00000000     0.00130096   0.00000000
 -0.00000000   0.00000000    -0.00245996   0.00000000    -0.03627865   0.00000000
   23   20
  0.00214484   0.00000000    -0.00000000   0.00000000     0.00000000  -0.00000000
 -0.00000000  -0.00000000    -0.00463082   0.00000000     0.00135724  -0.00000000
  0.00000000  -0.00000000    -0.00135724   0.00000000     0.00124220   0.00000000
   23   21
  0.00021294   0.00000000     0.00000000  -0.00000000     0.00000000   0.00000000
  0.00000000  -0.00000000    -0.00057452   0.00000000     0.00041709  -0.00000000
  0.00000000   0.00000000     0.00041709  -0.00000000     0.00028952  -0.00000000
   23   22
  0.00192035  -0.00000000    -0.00000000  -0.00000000     0.00000000   0.00000000
  0.00000000  -0.00000000    -0.00396927  -0.00000000    -0.00340999  -0.00000000
  0.00000000  -0.00000000    -0.00741788   0.00000000    -0.01090700  -0.00000000
   23   23
  0.12437422   0.00000000    -0.00000000  -0.00000000    -0.00000000  -0.00000000
 -0.00000000  -0.00000000     0.20764526   0.00000000     0.00580079   0.00000000
 -0.00000000  -0.00000000     0.00580079   0.00000000     0.12915272   0.00000000
   23   24
 -0.00044905  -0.00000000    -0.00000000  -0.00000000     0.00000000  -0.00000000
  0.00000000   0.00000000    -0.00025841   0.00000000    -0.00008563   0.00000000
  0.00000000  -0.00000000     0.00008563  -0.00000000    -0.00037169  -0.00000000
   23   25
 -0.00204410   0.00000000    -0.00000000   0.00000000     0.00000000   0.00000000
  0.00000000   0.00000000     0.00984623  -0.00000000     0.00046577  -0.00000000
  0.00000000  -0.00000000     0.00009640   0.00000000     0.00002483   0.00000000
   23   26
  0.00063647   0.00000000    -0.00000000  -0.00000000     0.00000000   0.00000000
 -0.00000000  -0.00000000    -0.00118188   0.00000000     0.00004767   0.00000000
  0.00000000   0.00000000     0.00038617  -0.00000000    -0.00186041   0.00000000
   23   27
  0.00781855  -0.00000000     0.00647395  -0.00000000    -0.00647771   0.00000000
  0.00277826  -0.00000000     0.00343141  -0.00000000    -0.00148147   0.00000000
 -0.00546624   0.00000000    -0.00353545   0.00000000     0.00135023  -0.00000000
   23   28
  0.00023195  -0.00000000     0.00207246  -0.00000000     0.00243874   0.00000000
  0.00211660  -0.00000000     0.00038269  -0.00000000     0.00102780  -0.00000000
  0.00292608  -0.00000000     0.00125655  -0.00000000    -0.00307157   0.00000000
   23   29
 -0.02591014  -0.00000000     0.00206652  -0.00000000    -0.01598193  -0.00000000
 -0.00171084   0.00000000    -0.00579371  -0.00000000    -0.00091208  -0.00000000
 -0.01380701   0.00000000     0.00105972  -0.00000000    -0.00892491   0.00000000
   23   30
  0.00066952  -0.00000000     0.00007125  -0.00000000    -0.00113964   0.00000000
 -0.00023646   0.00000000     0.00004380   0.00000000    -0.00034910   0.00000000
 -0.00098855  -0.00000000    -0.00005630   0.00000000    -0.00068143  -0.00000000
   23   31
 -0.00029670  -0.00000000    -0.00052915   0.00000000     0.00071848   0.00000000
 -0.00017780   0.00000000    -0.00098874   0.00000000     0.00023250   0.00000000
  0.00005546   0.00000000    -0.00040686   0.00000000     0.00007546  -0.00000000
   23   32
 -0.00781855   0.00000000     0.00647395   0.00000000    -0.00647771   0.00000000
  0.00277826  -0.00000000    -0.00343141   0.00000000     0.00148147   0.00000000
 -0.00546624   0.00000000     0.00353545   0.00000000    -0.00135023   0.00000000
   23   33
  0.00023195  -0.00000000    -0.00207246   0.00000000    -0.00243874  -0.00000000
 -0.00211660   0.00000000     0.00038269  -0.00000000     0.00102780   0.00000000
 -0.00292608  -0.00000000     0.00125655  -0.00000000    -0.00307157  -0.00000000
   23   34
 -0.02591014  -0.00000000    -0.00206652   0.00000000     0.01598193   0.00000000
  0.00171084  -0.00000000    -0.00579371  -0.00000000    -0.00091208  -0.00000000
  0.01380701  -0.00000000     0.00105972  -0.00000000    -0.00892491   0.00000000
   23   35
  0.00066952  -0.00000000    -0.00007125   0.00000000     0.00113964  -0.00000000
  0.00023646  -0.00000000     0.00004380   0.00000000    -0.00034910   0.00000000
  0.00098855   0.00000000    -0.00005630  -0.00000000    -0.00068143   0.00000000
   23   36
 -0.00029670  -0.00000000     0.00052915  -0.00000000    -0.00071848  -0.00000000
  0.00017780  -0.00000000    -0.00098874   0.00000000     0.00023250   0.00000000
 -0.00005546   0.00000000    -0.00040686   0.00000000     0.00007546   0.00000000
   24    1
  0.00221452   0.00000000    -0.00000000   0.00000000     0.00000000  -0.00000000
 -0.00000000   0.00000000    -0.00552009   0.00000000    -0.01081371  -0.00000000
  0.00000000  -0.00000000    -0.01070755  -0.00000000    -0.01446037  -0.00000000
   24    2
 -0.00036555   0.00000000     0.00000000   0.00000000    -0.00000000  -0.00000000
 -0.00000000  -0.00000000    -0.00026567   0.00000000    -0.00010547  -0.00000000
 -0.00000000  -0.00000000    -0.00014417   0.00000000    -0.00070618   0.00000000
   24    3
 -0.01011534   0.00000000     0.00936623  -0.00000000    -0.00713026   0.00000000
  0.00940068  -0.00000000    -0.00506087   0.00000000     0.00529307   0.00000000
 -0.00717233   0.00000000     0.00537577  -0.00000000    -0.00191850  -0.00000000
   24    4
  0.01011534  -0.00000000     0.00936623  -0.00000000    -0.00713026   0.00000000
  0.00940068  -0.00000000     0.00506087  -0.00000000    -0.00529307   0.00000000
 -0.00717233   0.00000000    -0.00537577   0.00000000     0.00191850  -0.00000000
   24    5
 -0.00007662  -0.00000000     0.00042785   0.00000000    -0.00146392  -0.00000000
 -0.00106158   0.00000000     0.00145698   0.00000000    -0.00074220   0.00000000
 -0.00085620  -0.00000000    -0.00342545   0.00000000    -0.00308169   0.00000000
   24    6
 -0.00301182   0.00000000     0.00332873  -0.00000000    -0.00039658  -0.00000000
 -0.00189765   0.00000000     0.00220066  -0.00000000     0.00104388  -0.00000000
  0.00091328  -0.00000000     0.00157630  -0.00000000     0.00145235  -0.00000000
   24    7
 -0.00080282   0.00000000     0.00151135  -0.00000000    -0.00028434   0.00000000
  0.00121692  -0.00000000     0.00138239   0.00000000    -0.00019062   0.00000000
 -0.00173575  -0.00000000     0.00095319   0.00000000    -0.00143754  -0.00000000
   24    8
 -0.00137780   0.00000000     0.00089260   0.00000000    -0.00132015   0.00000000
  0.00018283   0.00000000    -0.00039471   0.00000000     0.00096443  -0.00000000
 -0.00106830  -0.00000000     0.00094866  -0.00000000     0.00097228  -0.00000000
   24    9
 -0.01606227  -0.00000000    -0.04361850   0.00000000     0.01082627   0.00000000
 -0.03653261   0.00000000    -0.05416176   0.00000000     0.02082159   0.00000000
  0.01198975  -0.00000000     0.02537165   0.00000000    -0.00659092  -0.00000000
   24   10
 -0.00080282   0.00000000    -0.00151135   0.00000000     0.00028434  -0.00000000
 -0.00121692   0.00000000     0.00138239   0.00000000    -0.00019062   0.00000000
  0.00173575   0.00000000     0.00095319   0.00000000    -0.00143754  -0.00000000
   24   11
 -0.01606227  -0.00000000     0.04361850  -0.00000000    -0.01082627  -0.00000000
  0.03653261  -0.00000000    -0.05416176   0.00000000     0.02082159   0.00000000
 -0.01198975   0.00000000     0.02537165   0.00000000    -0.00659092  -0.00000000
   24   12
 -0.00007662  -0.00000000    -0.00042785  -0.00000000     0.00146392   0.00000000
  0.00106158  -0.00000000     0.00145698   0.00000000    -0.00074220   0.00000000
  0.00085620   0.00000000    -0.00342545   0.00000000    -0.00308169   0.00000000
   24   13
  0.00011545   0.00000000     0.00000000  -0.00000000    -0.00000000   0.00000000
  0.00000000  -0.00000000    -0.04999738   0.00000000    -0.03571786  -0.00000000
  0.00000000  -0.00000000    -0.04638543  -0.00000000    -0.01963262  -0.00000000
   24   14
 -0.00301182   0.00000000    -0.00332873   0.00000000     0.00039658   0.00000000
  0.00189765  -0.00000000     0.00220066  -0.00000000     0.00104388  -0.00000000
 -0.00091328   0.00000000     0.00157630   0.00000000     0.00145235  -0.00000000
   24   15
 -0.00137780  -0.00000000    -0.00089260  -0.00000000     0.00132015  -0.00000000
 -0.00018283  -0.00000000    -0.00039471   0.00000000     0.00096443  -0.00000000
  0.00106830   0.00000000     0.00094866  -0.00000000     0.00097228   0.00000000
   24   16
  0.00188088  -0.00000000     0.00000000   0.00000000    -0.00000000   0.00000000
 -0.00000000  -0.00000000     0.00053069  -0.00000000    -0.00133681   0.00000000
 -0.00000000  -0.00000000    -0.00045631  -0.00000000    -0.00322062   0.00000000
   24   17
 -0.00140777   0.00000000     0.00000000   0.00000000     0.00000000   0.00000000
  0.00000000   0.00000000     0.00185845  -0.00000000     0.00063397  -0.00000000
  0.00000000  -0.00000000     0.00003709  -0.00000000    -0.00142703   0.00000000
   24   18
 -0.00084657   0.00000000     0.00000000  -0.00000000     0.00000000   0.00000000
  0.00000000   0.00000000    -0.00540615  -0.00000000    -0.00130096  -0.00000000
  0.00000000   0.00000000     0.00245996  -0.00000000    -0.03627865   0.00000000
   24   19
 -0.00493369   0.00000000     0.00000000   0.00000000     0.00000000  -0.00000000
  0.00000000  -0.00000000    -0.00076196   0.00000000     0.00270121  -0.00000000
  0.00000000   0.00000000     0.00268224  -0.00000000     0.00169273  -0.00000000
   24   20
  0.00021294   0.00000000    -0.00000000   0.00000000    -0.00000000   0.00000000
  0.00000000   0.00000000    -0.00057452   0.00000000    -0.00041709   0.00000000
  0.00000000   0.00000000    -0.00041709   0.00000000     0.00028952  -0.00000000
   24   21
  0.00214484   0.00000000    -0.00000000  -0.00000000     0.00000000  -0.00000000
  0.00000000   0.00000000    -0.00463082   0.00000000    -0.00135724   0.00000000
  0.00000000  -0.00000000     0.00135724  -0.00000000     0.00124220   0.00000000
   24   22
  0.00192035  -0.00000000     0.00000000   0.00000000    -0.00000000   0.00000000
  0.00000000   0.00000000    -0.00396927  -0.00000000     0.00340999   0.00000000
  0.00000000  -0.00000000     0.00741788  -0.00000000    -0.01090700  -0.00000000
   24   23
 -0.00044905  -0.00000000     0.00000000   0.00000000     0.00000000  -0.00000000
 -0.00000000  -0.00000000    -0.00025841   0.00000000     0.00008563  -0.00000000
  0.00000000  -0.00000000    -0.00008563   0.00000000    -0.00037169  -0.00000000
   24   24
  0.12437422   0.00000000    -0.00000000   0.00000000    -0.00000000  -0.00000000
 -0.00000000   0.00000000     0.20764526   0.00000000    -0.00580079  -0.00000000
 -0.00000000  -0.00000000    -0.00580079  -0.00000000     0.12915272   0.00000000
   24   25
  0.00063647   0.00000000     0.00000000   0.00000000    -0.00000000   0.00000000
  0.00000000   0.00000000    -0.00118188   0.00000000    -0.00004767  -0.00000000
 -0.00000000   0.00000000    -0.00038617   0.00000000    -0.00186041   0.00000000
   24   26
 -0.00204410   0.00000000    -0.00000000  -0.00000000    -0.00000000   0.00000000
  0.00000000  -0.00000000     0.00984623  -0.00000000    -0.00046577   0.00000000
 -0.00000000  -0.00000000    -0.00009640  -0.00000000     0.00002483   0.00000000
   24   27
  0.00781855  -0.00000000    -0.00647395   0.00000000    -0.00647771   0.00000000
 -0.00277826   0.00000000     0.00343141  -0.00000000     0.00148147  -0.00000000
 -0.00546624   0.00000000     0.00353545  -0.00000000     0.00135023  -0.00000000
   24   28
 -0.02591014  -0.00000000    -0.00206652   0.00000000    -0.01598193  -0.00000000
  0.00171084  -0.00000000    -0.00579371  -0.00000000     0.00091208   0.00000000
 -0.01380701   0.00000000    -0.00105972   0.00000000    -0.00892491   0.00000000
   24   29
  0.00023195  -0.00000000    -0.00207246   0.00000000     0.00243874   0.00000000
 -0.00211660   0.00000000     0.00038269  -0.00000000    -0.00102780   0.00000000
  0.00292608  -0.00000000    -0.00125655   0.00000000    -0.00307157   0.00000000
   24   30
 -0.00029670  -0.00000000     0.00052915  -0.00000000     0.00071848   0.00000000
  0.00017780  -0.00000000    -0.00098874   0.00000000    -0.00023250  -0.00000000
  0.00005546   0.00000000     0.00040686  -0.00000000     0.00007546  -0.00000000
   24   31
  0.00066952  -0.00000000    -0.00007125   0.00000000    -0.00113964   0.00000000
  0.00023646  -0.00000000     0.00004380   0.00000000     0.00034910  -0.00000000
 -0.00098855  -0.00000000     0.00005630  -0.00000000    -0.00068143  -0.00000000
   24   32
 -0.00781855  -0.00000000    -0.00647395  -0.00000000    -0.00647771   0.00000000
 -0.00277826   0.00000000    -0.00343141  -0.00000000    -0.00148147  -0.00000000
 -0.00546624   0.00000000    -0.00353545   0.00000000    -0.00135023  -0.00000000
   24   33
 -0.02591014  -0.00000000     0.00206652  -0.00000000     0.01598193   0.00000000
 -0.00171084   0.00000000    -0.00579371  -0.00000000     0.00091208   0.00000000
  0.01380701  -0.00000000    -0.00105972   0.00000000    -0.00892491   0.00000000
   24   34
  0.00023195  -0.00000000     0.00207246  -0.00000000    -0.00243874  -0.00000000
  0.00211660  -0.00000000     0.00038269  -0.00000000    -0.00102780  -0.00000000
 -0.00292608  -0.00000000    -0.00125655   0.00000000    -0.00307157  -0.00000000
   24   35
 -0.00029670  -0.00000000    -0.00052915   0.00000000    -0.00071848  -0.00000000
 -0.00017780   0.00000000    -0.00098874   0.00000000    -0.00023250  -0.00000000
 -0.00005546   0.00000000     0.00040686  -0.00000000     0.00007546   0.00000000
   24   36
  0.00066952  -0.00000000     0.00007125  -0.00000000     0.00113964  -0.00000000
 -0.00023646   0.00000000     0.00004380   0.00000000     0.00034910  -0.00000000
  0.00098855   0.00000000     0.00005630   0.00000000    -0.00068143   0.00000000
   25    1
 -0.00211194   0.00000000     0.00000000   0.00000000     0.00000000  -0.00000000
  0.00000000   0.00000000     0.00504574  -0.00000000     0.01115854  -0.00000000
  0.00000000  -0.00000000     0.01115308  -0.00000000     0.01492631  -0.00000000
   25    2
  0.00046194   0.00000000     0.00000000  -0.00000000     0.00000000   0.00000000
 -0.00000000   0.00000000     0.00059367  -0.00000000     0.00005180  -0.00000000
  0.00000000   0.00000000    -0.00011290   0.00000000     0.00046601  -0.00000000
   25    3
  0.01068610  -0.00000000    -0.00975386   0.00000000     0.00750033  -0.00000000
 -0.00982496   0.00000000     0.00512897  -0.00000000    -0.00560302   0.00000000
  0.00751611  -0.00000000    -0.00555085   0.00000000     0.00206375  -0.00000000
   25    4
 -0.01068610   0.00000000    -0.00975386   0.00000000     0.00750033   0.00000000
 -0.00982496   0.00000000    -0.00512897   0.00000000     0.00560302   0.00000000
  0.00751611  -0.00000000     0.00555085  -0.00000000    -0.00206375  -0.00000000
   25    5
 -0.01576305  -0.00000000     0.04068567  -0.00000000    -0.00928284  -0.00000000
  0.03525739  -0.00000000    -0.05352713   0.00000000     0.01921790   0.00000000
 -0.01046094   0.00000000     0.02278674   0.00000000    -0.00405533  -0.00000000
   25    6
 -0.00176261   0.00000000    -0.00171156   0.00000000     0.00249552  -0.00000000
 -0.00064580   0.00000000    -0.00093092   0.00000000     0.00118872  -0.00000000
  0.00147862  -0.00000000     0.00112405  -0.00000000     0.00077185   0.00000000
   25    7
  0.00038342  -0.00000000     0.00290374   0.00000000    -0.00009625   0.00000000
  0.00070282  -0.00000000     0.00061936   0.00000000    -0.00124632   0.00000000
 -0.00202442  -0.00000000     0.00011541  -0.00000000    -0.00156162   0.00000000
   25    8
 -0.00232272   0.00000000    -0.00226553   0.00000000     0.00067743   0.00000000
  0.00146194  -0.00000000     0.00176078  -0.00000000     0.00075832  -0.00000000
 -0.00258617   0.00000000     0.00187042   0.00000000     0.00020559   0.00000000
   25    9
  0.00004198  -0.00000000    -0.00049644  -0.00000000     0.00234705   0.00000000
 -0.00055028  -0.00000000     0.00088641   0.00000000     0.00026775   0.00000000
 -0.00098625   0.00000000    -0.00273982   0.00000000    -0.00048718  -0.00000000
   25   10
  0.00038342  -0.00000000    -0.00290374   0.00000000     0.00009625  -0.00000000
 -0.00070282   0.00000000     0.00061936   0.00000000    -0.00124632   0.00000000
  0.00202442   0.00000000     0.00011541   0.00000000    -0.00156162   0.00000000
   25   11
  0.00004198  -0.00000000     0.00049644   0.00000000    -0.00234705  -0.00000000
  0.00055028   0.00000000     0.00088641  -0.00000000     0.00026775   0.00000000
  0.00098625   0.00000000    -0.00273982   0.00000000    -0.00048718  -0.00000000
   25   12
 -0.01576305  -0.00000000    -0.04068567   0.00000000     0.00928284   0.00000000
 -0.03525739   0.00000000    -0.05352713   0.00000000     0.01921790   0.00000000
  0.01046094  -0.00000000     0.02278674   0.00000000    -0.00405533  -0.00000000
   25   13
  0.00134118   0.00000000     0.00000000   0.00000000    -0.00000000   0.00000000
  0.00000000  -0.00000000    -0.05354271   0.00000000    -0.03960535  -0.00000000
  0.00000000  -0.00000000    -0.04601925  -0.00000000    -0.02157227  -0.00000000
   25   14
 -0.00176261   0.00000000     0.00171156  -0.00000000    -0.00249552   0.00000000
  0.00064580  -0.00000000    -0.00093092   0.00000000     0.00118872  -0.00000000
 -0.00147862   0.00000000     0.00112405  -0.00000000     0.00077185   0.00000000
   25   15
 -0.00232272   0.00000000     0.00226553  -0.00000000    -0.00067743  -0.00000000
 -0.00146194   0.00000000     0.00176078  -0.00000000     0.00075832  -0.00000000
  0.00258617  -0.00000000     0.00187042   0.00000000     0.00020559  -0.00000000
   25   16
  0.00232929  -0.00000000     0.00000000  -0.00000000    -0.00000000  -0.00000000
  0.00000000   0.00000000     0.00041640  -0.00000000    -0.00184027   0.00000000
  0.00000000   0.00000000    -0.00134765  -0.00000000    -0.00254846   0.00000000
   25   17
 -0.00171663   0.00000000     0.00000000   0.00000000     0.00000000   0.00000000
  0.00000000   0.00000000     0.00346679  -0.00000000    -0.00374883   0.00000000
  0.00000000   0.00000000    -0.00765185   0.00000000     0.01169385  -0.00000000
   25   18
  0.00119829   0.00000000     0.00000000  -0.00000000    -0.00000000  -0.00000000
  0.00000000   0.00000000    -0.00537822   0.00000000    -0.00020858   0.00000000
 -0.00000000  -0.00000000     0.00020858  -0.00000000     0.00181895   0.00000000
   25   19
  0.00018044  -0.00000000     0.00000000  -0.00000000    -0.00000000  -0.00000000
  0.00000000  -0.00000000    -0.00106777   0.00000000    -0.00044020   0.00000000
 -0.00000000  -0.00000000    -0.00044020   0.00000000     0.00023010  -0.00000000
   25   20
 -0.00493369   0.00000000     0.00000000  -0.00000000     0.00000000   0.00000000
  0.00000000   0.00000000    -0.00076196   0.00000000     0.00268224  -0.00000000
 -0.00000000  -0.00000000     0.00270121  -0.00000000     0.00169273  -0.00000000
   25   21
 -0.00084657   0.00000000     0.00000000  -0.00000000     0.00000000   0.00000000
  0.00000000   0.00000000    -0.00540615  -0.00000000    -0.00245996   0.00000000
  0.00000000   0.00000000     0.00130096   0.00000000    -0.03627865   0.00000000
   25   22
  0.00185441   0.00000000     0.00000000  -0.00000000    -0.00000000   0.00000000
  0.00000000   0.00000000    -0.00161796   0.00000000     0.00009682  -0.00000000
  0.00000000   0.00000000    -0.00009172   0.00000000     0.00192710   0.00000000
   25   23
 -0.00204410   0.00000000     0.00000000   0.00000000     0.00000000  -0.00000000
 -0.00000000   0.00000000     0.00984623  -0.00000000     0.00009640   0.00000000
  0.00000000   0.00000000     0.00046577  -0.00000000     0.00002483   0.00000000
   25   24
  0.00063647   0.00000000     0.00000000   0.00000000    -0.00000000   0.00000000
  0.00000000   0.00000000    -0.00118188   0.00000000    -0.00038617   0.00000000
 -0.00000000   0.00000000    -0.00004767  -0.00000000    -0.00186041   0.00000000
   25   25
  0.12455026   0.00000000    -0.00000000   0.00000000     0.00000000  -0.00000000
 -0.00000000   0.00000000     0.21812151  -0.00000000     0.00132209  -0.00000000
  0.00000000  -0.00000000     0.00132209  -0.00000000     0.12481693   0.00000000
   25   26
  0.00010741  -0.00000000    -0.00000000  -0.00000000     0.00000000   0.00000000
  0.00000000   0.00000000     0.00040047  -0.00000000     0.00000253  -0.00000000
  0.00000000   0.00000000    -0.00000253   0.00000000    -0.00007550   0.00000000
   25   27
  0.00837380  -0.00000000     0.00655930  -0.00000000     0.00572351  -0.00000000
  0.00320828  -0.00000000     0.00358896  -0.00000000     0.00190038  -0.00000000
  0.00583246  -0.00000000     0.00383394  -0.00000000     0.00181569  -0.00000000
   25   28
  0.00026447   0.00000000    -0.00000472   0.00000000    -0.00074310  -0.00000000
  0.00041611  -0.00000000    -0.00068070   0.00000000     0.00003370  -0.00000000
 -0.00069347  -0.00000000    -0.00017243   0.00000000    -0.00060649  -0.00000000
   25   29
 -0.00077708   0.00000000     0.00004654  -0.00000000     0.00112256  -0.00000000
 -0.00001270  -0.00000000    -0.00193207   0.00000000     0.00042109  -0.00000000
  0.00119395  -0.00000000     0.00015905  -0.00000000     0.00054979  -0.00000000
   25   30
  0.00039018  -0.00000000    -0.00247630   0.00000000     0.00275078  -0.00000000
 -0.00216442   0.00000000     0.00005194  -0.00000000    -0.00130864   0.00000000
  0.00293912   0.00000000    -0.00123417   0.00000000    -0.00325406   0.00000000
   25   31
 -0.02720135  -0.00000000    -0.00171199   0.00000000    -0.01549205   0.00000000
  0.00226016  -0.00000000    -0.00515546  -0.00000000     0.00122770   0.00000000
 -0.01588207   0.00000000    -0.00089281  -0.00000000    -0.00944351   0.00000000
   25   32
 -0.00837380   0.00000000     0.00655930   0.00000000     0.00572351  -0.00000000
  0.00320828   0.00000000    -0.00358896  -0.00000000    -0.00190038   0.00000000
  0.00583246   0.00000000    -0.00383394   0.00000000    -0.00181569   0.00000000
   25   33
  0.00026447   0.00000000     0.00000472  -0.00000000     0.00074310   0.00000000
 -0.00041611   0.00000000    -0.00068070   0.00000000     0.00003370  -0.00000000
  0.00069347   0.00000000    -0.00017243  -0.00000000    -0.00060649   0.00000000
   25   34
 -0.00077708  -0.00000000    -0.00004654   0.00000000    -0.00112256  -0.00000000
  0.00001270   0.00000000    -0.00193207   0.00000000     0.00042109  -0.00000000
 -0.00119395   0.00000000     0.00015905  -0.00000000     0.00054979  -0.00000000
   25   35
  0.00039018  -0.00000000     0.00247630  -0.00000000    -0.00275078  -0.00000000
  0.00216442  -0.00000000     0.00005194  -0.00000000    -0.00130864   0.00000000
 -0.00293912  -0.00000000    -0.00123417   0.00000000    -0.00325406  -0.00000000
   25   36
 -0.02720135   0.00000000     0.00171199  -0.00000000     0.01549205  -0.00000000
 -0.00226016   0.00000000    -0.00515546   0.00000000     0.00122770  -0.00000000
  0.01588207  -0.00000000    -0.00089281   0.00000000    -0.00944351   0.00000000
   26    1
 -0.00211194   0.00000000     0.00000000  -0.00000000     0.00000000  -0.00000000
  0.00000000  -0.00000000     0.00504574  -0.00000000    -0.01115854   0.00000000
 -0.00000000  -0.00000000    -0.01115308   0.00000000     0.01492631  -0.00000000
   26    2
  0.00046194   0.00000000    -0.00000000   0.00000000     0.00000000   0.00000000
  0.00000000  -0.00000000     0.00059367  -0.00000000    -0.00005180   0.00000000
 -0.00000000   0.00000000     0.00011290  -0.00000000     0.00046601  -0.00000000
   26    3
  0.01068610  -0.00000000     0.00975386  -0.00000000     0.00750033  -0.00000000
  0.00982496  -0.00000000     0.00512897  -0.00000000     0.00560302  -0.00000000
  0.00751611  -0.00000000     0.00555085  -0.00000000     0.00206375  -0.00000000
   26    4
 -0.01068610   0.00000000     0.00975386  -0.00000000     0.00750033  -0.00000000
  0.00982496  -0.00000000    -0.00512897   0.00000000    -0.00560302  -0.00000000
  0.00751611  -0.00000000    -0.00555085  -0.00000000    -0.00206375  -0.00000000
   26    5
 -0.00176261   0.00000000    -0.00171156   0.00000000    -0.00249552   0.00000000
 -0.00064580   0.00000000    -0.00093092   0.00000000    -0.00118872   0.00000000
 -0.00147862   0.00000000    -0.00112405   0.00000000     0.00077185   0.00000000
   26    6
 -0.01576305  -0.00000000     0.04068567  -0.00000000     0.00928284   0.00000000
  0.03525739  -0.00000000    -0.05352713   0.00000000    -0.01921790  -0.00000000
  0.01046094  -0.00000000    -0.02278674  -0.00000000    -0.00405533  -0.00000000
   26    7
  0.00038342  -0.00000000     0.00290374  -0.00000000     0.00009625  -0.00000000
  0.00070282  -0.00000000     0.00061936   0.00000000     0.00124632  -0.00000000
  0.00202442   0.00000000    -0.00011541  -0.00000000    -0.00156162   0.00000000
   26    8
  0.00004198  -0.00000000    -0.00049644  -0.00000000    -0.00234705  -0.00000000
 -0.00055028  -0.00000000     0.00088641  -0.00000000    -0.00026775  -0.00000000
  0.00098625   0.00000000     0.00273982  -0.00000000    -0.00048718  -0.00000000
   26    9
 -0.00232272   0.00000000    -0.00226553   0.00000000    -0.00067743  -0.00000000
  0.00146194  -0.00000000     0.00176078  -0.00000000    -0.00075832   0.00000000
  0.00258617  -0.00000000    -0.00187042  -0.00000000     0.00020559  -0.00000000
   26   10
  0.00038342  -0.00000000    -0.00290374  -0.00000000    -0.00009625   0.00000000
 -0.00070282   0.00000000     0.00061936   0.00000000     0.00124632  -0.00000000
 -0.00202442  -0.00000000    -0.00011541   0.00000000    -0.00156162   0.00000000
   26   11
 -0.00232272   0.00000000     0.00226553  -0.00000000     0.00067743   0.00000000
 -0.00146194   0.00000000     0.00176078  -0.00000000    -0.00075832   0.00000000
 -0.00258617   0.00000000    -0.00187042  -0.00000000     0.00020559   0.00000000
   26   12
 -0.00176261   0.00000000     0.00171156  -0.00000000     0.00249552  -0.00000000
  0.00064580  -0.00000000    -0.00093092   0.00000000    -0.00118872   0.00000000
  0.00147862  -0.00000000    -0.00112405   0.00000000     0.00077185   0.00000000
   26   13
  0.00232929  -0.00000000     0.00000000   0.00000000     0.00000000  -0.00000000
  0.00000000  -0.00000000     0.00041640  -0.00000000     0.00184027  -0.00000000
  0.00000000   0.00000000     0.00134765   0.00000000    -0.00254846   0.00000000
   26   14
 -0.01576305  -0.00000000    -0.04068567   0.00000000    -0.00928284  -0.00000000
 -0.03525739   0.00000000    -0.05352713   0.00000000    -0.01921790  -0.00000000
 -0.01046094   0.00000000    -0.02278674  -0.00000000    -0.00405533  -0.00000000
   26   15
  0.00004198  -0.00000000     0.00049644   0.00000000     0.00234705   0.00000000
  0.00055028   0.00000000     0.00088641   0.00000000    -0.00026775  -0.00000000
 -0.00098625   0.00000000     0.00273982  -0.00000000    -0.00048718  -0.00000000
   26   16
  0.00134118   0.00000000     0.00000000  -0.00000000    -0.00000000   0.00000000
 -0.00000000   0.00000000    -0.05354271   0.00000000     0.03960535   0.00000000
  0.00000000  -0.00000000     0.04601925   0.00000000    -0.02157227  -0.00000000
   26   17
 -0.00171663   0.00000000    -0.00000000  -0.00000000     0.00000000   0.00000000
  0.00000000  -0.00000000     0.00346679  -0.00000000     0.00374883  -0.00000000
 -0.00000000   0.00000000     0.00765185  -0.00000000     0.01169385  -0.00000000
   26   18
  0.00018044  -0.00000000     0.00000000   0.00000000     0.00000000  -0.00000000
  0.00000000   0.00000000    -0.00106777   0.00000000     0.00044020  -0.00000000
 -0.00000000  -0.00000000     0.00044020  -0.00000000     0.00023010  -0.00000000
   26   19
  0.00119829   0.00000000     0.00000000   0.00000000     0.00000000  -0.00000000
 -0.00000000  -0.00000000    -0.00537822   0.00000000     0.00020858  -0.00000000
 -0.00000000  -0.00000000    -0.00020858   0.00000000     0.00181895   0.00000000
   26   20
 -0.00084657   0.00000000     0.00000000   0.00000000     0.00000000   0.00000000
  0.00000000  -0.00000000    -0.00540615  -0.00000000     0.00245996  -0.00000000
 -0.00000000   0.00000000    -0.00130096  -0.00000000    -0.03627865   0.00000000
   26   21
 -0.00493369   0.00000000     0.00000000   0.00000000     0.00000000   0.00000000
  0.00000000  -0.00000000    -0.00076196   0.00000000    -0.00268224   0.00000000
 -0.00000000  -0.00000000    -0.00270121   0.00000000     0.00169273  -0.00000000
   26   22
  0.00185441   0.00000000    -0.00000000   0.00000000    -0.00000000   0.00000000
 -0.00000000  -0.00000000    -0.00161796   0.00000000    -0.00009682   0.00000000
  0.00000000   0.00000000     0.00009172  -0.00000000     0.00192710   0.00000000
   26   23
  0.00063647   0.00000000    -0.00000000  -0.00000000     0.00000000   0.00000000
 -0.00000000  -0.00000000    -0.00118188   0.00000000     0.00038617  -0.00000000
  0.00000000   0.00000000     0.00004767   0.00000000    -0.00186041   0.00000000
   26   24
 -0.00204410   0.00000000     0.00000000  -0.00000000     0.00000000  -0.00000000
 -0.00000000  -0.00000000     0.00984623  -0.00000000    -0.00009640  -0.00000000
 -0.00000000   0.00000000    -0.00046577   0.00000000     0.00002483   0.00000000
   26   25
  0.00010741  -0.00000000     0.00000000   0.00000000     0.00000000   0.00000000
 -0.00000000  -0.00000000     0.00040047  -0.00000000    -0.00000253   0.00000000
  0.00000000   0.00000000     0.00000253  -0.00000000    -0.00007550   0.00000000
   26   26
  0.12455026   0.00000000    -0.00000000  -0.00000000     0.00000000  -0.00000000
 -0.00000000  -0.00000000     0.21812151  -0.00000000    -0.00132209   0.00000000
  0.00000000  -0.00000000    -0.00132209   0.00000000     0.12481693   0.00000000
   26   27
  0.00837380  -0.00000000    -0.00655930   0.00000000     0.00572351  -0.00000000
 -0.00320828   0.00000000     0.00358896  -0.00000000    -0.00190038   0.00000000
  0.00583246  -0.00000000    -0.00383394   0.00000000     0.00181569  -0.00000000
   26   28
 -0.00077708   0.00000000    -0.00004654   0.00000000     0.00112256  -0.00000000
  0.00001270   0.00000000    -0.00193207   0.00000000    -0.00042109   0.00000000
  0.00119395  -0.00000000    -0.00015905   0.00000000     0.00054979  -0.00000000
   26   29
  0.00026447   0.00000000     0.00000472  -0.00000000    -0.00074310  -0.00000000
 -0.00041611   0.00000000    -0.00068070   0.00000000    -0.00003370   0.00000000
 -0.00069347  -0.00000000     0.00017243  -0.00000000    -0.00060649  -0.00000000
   26   30
 -0.02720135  -0.00000000     0.00171199  -0.00000000    -0.01549205   0.00000000
 -0.00226016   0.00000000    -0.00515546  -0.00000000    -0.00122770  -0.00000000
 -0.01588207   0.00000000     0.00089281   0.00000000    -0.00944351   0.00000000
   26   31
  0.00039018  -0.00000000     0.00247630  -0.00000000     0.00275078  -0.00000000
  0.00216442  -0.00000000     0.00005194  -0.00000000     0.00130864  -0.00000000
  0.00293912   0.00000000     0.00123417  -0.00000000    -0.00325406   0.00000000
   26   32
 -0.00837380   0.00000000    -0.00655930  -0.00000000     0.00572351   0.00000000
 -0.00320828   0.00000000    -0.00358896   0.00000000     0.00190038   0.00000000
  0.00583246  -0.00000000     0.00383394   0.00000000    -0.00181569   0.00000000
   26   33
 -0.00077708  -0.00000000     0.00004654  -0.00000000    -0.00112256  -0.00000000
 -0.00001270  -0.00000000    -0.00193207   0.00000000    -0.00042109   0.00000000
 -0.00119395   0.00000000    -0.00015905   0.00000000     0.00054979  -0.00000000
   26   34
  0.00026447   0.00000000    -0.00000472   0.00000000     0.00074310   0.00000000
  0.00041611  -0.00000000    -0.00068070   0.00000000    -0.00003370   0.00000000
  0.00069347   0.00000000     0.00017243   0.00000000    -0.00060649   0.00000000
   26   35
 -0.02720135   0.00000000    -0.00171199   0.00000000     0.01549205  -0.00000000
  0.00226016  -0.00000000    -0.00515546   0.00000000    -0.00122770   0.00000000
  0.01588207  -0.00000000     0.00089281  -0.00000000    -0.00944351   0.00000000
   26   36
  0.00039018  -0.00000000    -0.00247630   0.00000000    -0.00275078  -0.00000000
 -0.00216442   0.00000000     0.00005194  -0.00000000     0.00130864  -0.00000000
 -0.00293912  -0.00000000     0.00123417  -0.00000000    -0.00325406  -0.00000000
   27    1
  0.00012025   0.00000000    -0.00000000   0.00000000    -0.00072885   0.00000000
  0.00000000   0.00000000    -0.00010595   0.00000000    -0.00000000   0.00000000
 -0.00085633   0.00000000    -0.00000000   0.00000000    -0.00010049  -0.00000000
   27    2
  0.00012025   0.00000000     0.00000000  -0.00000000    -0.00072885   0.00000000
 -0.00000000   0.00000000    -0.00010595   0.00000000     0.00000000  -0.00000000
 -0.00085633   0.00000000     0.00000000  -0.00000000    -0.00010049  -0.00000000
   27    3
  0.00172594  -0.00000000    -0.00000000   0.00000000     0.00004927  -0.00000000
  0.00000000  -0.00000000    -0.00507248   0.00000000    -0.00000000   0.00000000
 -0.00008154   0.00000000     0.00000000  -0.00000000     0.00072511   0.00000000
   27    4
  0.00172594  -0.00000000     0.00000000  -0.00000000     0.00004927  -0.00000000
 -0.00000000  -0.00000000    -0.00507248   0.00000000     0.00000000   0.00000000
 -0.00008154   0.00000000    -0.00000000  -0.00000000     0.00072511   0.00000000
   27    5
  0.00144318  -0.00000000    -0.00000000  -0.00000000     0.00023753  -0.00000000
  0.00000000  -0.00000000     0.00082444  -0.00000000    -0.00000000  -0.00000000
 -0.00001203   0.00000000     0.00000000   0.00000000     0.00114312  -0.00000000
   27    6
  0.01611367  -0.00000000     0.00000000   0.00000000     0.03528177  -0.00000000
  0.00000000  -0.00000000    -0.00017564   0.00000000     0.00000000   0.00000000
  0.03213890  -0.00000000     0.00000000  -0.00000000     0.05562944  -0.00000000
   27    7
  0.00331438  -0.00000000     0.00000000   0.00000000    -0.00158529   0.00000000
 -0.00000000   0.00000000     0.00142358  -0.00000000    -0.00000000  -0.00000000
  0.00011756   0.00000000     0.00000000   0.00000000    -0.00151738   0.00000000
   27    8
  0.01625502  -0.00000000    -0.00000000   0.00000000    -0.02799045   0.00000000
 -0.00000000  -0.00000000     0.00208879  -0.00000000    -0.00000000  -0.00000000
 -0.02890057   0.00000000     0.00000000   0.00000000     0.04887391  -0.00000000
   27    9
 -0.00078185   0.00000000     0.00000000  -0.00000000     0.00232474  -0.00000000
  0.00000000  -0.00000000     0.00207932  -0.00000000     0.00000000   0.00000000
  0.00112865  -0.00000000     0.00000000  -0.00000000     0.00297091  -0.00000000
   27   10
  0.00331438  -0.00000000     0.00000000  -0.00000000    -0.00158529   0.00000000
  0.00000000   0.00000000     0.00142358  -0.00000000     0.00000000   0.00000000
  0.00011756  -0.00000000     0.00000000   0.00000000    -0.00151738   0.00000000
   27   11
  0.01625502  -0.00000000     0.00000000   0.00000000    -0.02799045   0.00000000
 -0.00000000  -0.00000000     0.00208879  -0.00000000     0.00000000   0.00000000
 -0.02890057   0.00000000     0.00000000  -0.00000000     0.04887391  -0.00000000
   27   12
  0.01611367  -0.00000000     0.00000000  -0.00000000     0.03528177  -0.00000000
  0.00000000   0.00000000    -0.00017564   0.00000000     0.00000000   0.00000000
  0.03213890  -0.00000000     0.00000000   0.00000000     0.05562944  -0.00000000
   27   13
  0.07331140  -0.00000000    -0.00000000  -0.00000000    -0.00241447   0.00000000
  0.00000000   0.00000000     0.00046734  -0.00000000     0.00000000   0.00000000
  0.00146827  -0.00000000    -0.00000000   0.00000000    -0.00231490   0.00000000
   27   14
  0.00144318  -0.00000000     0.00000000   0.00000000     0.00023753   0.00000000
  0.00000000  -0.00000000     0.00082444  -0.00000000     0.00000000   0.00000000
 -0.00001203   0.00000000     0.00000000  -0.00000000     0.00114312  -0.00000000
   27   15
 -0.00078185   0.00000000     0.00000000   0.00000000     0.00232474  -0.00000000
  0.00000000  -0.00000000     0.00207932  -0.00000000     0.00000000   0.00000000
  0.00112865  -0.00000000     0.00000000   0.00000000     0.00297091  -0.00000000
   27   16
  0.07331140  -0.00000000     0.00000000   0.00000000    -0.00241447   0.00000000
 -0.00000000  -0.00000000     0.00046734  -0.00000000     0.00000000  -0.00000000
  0.00146827  -0.00000000     0.00000000   0.00000000    -0.00231490   0.00000000
   27   17
  0.00202851  -0.00000000    -0.00000000   0.00000000    -0.00261981   0.00000000
 -0.00000000   0.00000000     0.00068410   0.00000000     0.00000000  -0.00000000
 -0.00318083   0.00000000    -0.00000000   0.00000000    -0.00190912  -0.00000000
   27   18
  0.00837380  -0.00000000    -0.00320828   0.00000000     0.00583246  -0.00000000
 -0.00655930   0.00000000     0.00358896  -0.00000000    -0.00383394   0.00000000
  0.00572351  -0.00000000    -0.00190038   0.00000000     0.00181569  -0.00000000
   27   19
  0.00837380  -0.00000000     0.00320828  -0.00000000     0.00583246  -0.00000000
  0.00655930  -0.00000000     0.00358896  -0.00000000     0.00383394  -0.00000000
  0.00572351  -0.00000000     0.00190038  -0.00000000     0.00181569  -0.00000000
   27   20
  0.00781855  -0.00000000    -0.00277826   0.00000000    -0.00546624   0.00000000
 -0.00647395   0.00000000     0.00343141  -0.00000000     0.00353545  -0.00000000
 -0.00647771   0.00000000     0.00148147  -0.00000000     0.00135023  -0.00000000
   27   21
  0.00781855  -0.00000000     0.00277826  -0.00000000    -0.00546624   0.00000000
  0.00647395  -0.00000000     0.00343141  -0.00000000    -0.00353545   0.00000000
 -0.00647771   0.00000000    -0.00148147   0.00000000     0.00135023  -0.00000000
   27   22
 -0.00204355   0.00000000    -0.00000000  -0.00000000    -0.00196819   0.00000000
 -0.00000000  -0.00000000    -0.00142680   0.00000000    -0.00000000  -0.00000000
 -0.00214532   0.00000000    -0.00000000  -0.00000000     0.00079616  -0.00000000
   27   23
  0.00781855  -0.00000000     0.00277826  -0.00000000    -0.00546624   0.00000000
  0.00647395  -0.00000000     0.00343141  -0.00000000    -0.00353545   0.00000000
 -0.00647771   0.00000000    -0.00148147   0.00000000     0.00135023  -0.00000000
   27   24
  0.00781855  -0.00000000    -0.00277826   0.00000000    -0.00546624   0.00000000
 -0.00647395   0.00000000     0.00343141  -0.00000000     0.00353545  -0.00000000
 -0.00647771   0.00000000     0.00148147  -0.00000000     0.00135023  -0.00000000
   27   25
  0.00837380  -0.00000000     0.00320828  -0.00000000     0.00583246  -0.00000000
  0.00655930  -0.00000000     0.00358896  -0.00000000     0.00383394  -0.00000000
  0.00572351  -0.00000000     0.00190038  -0.00000000     0.00181569  -0.00000000
   27   26
  0.00837380  -0.00000000    -0.00320828   0.00000000     0.00583246  -0.00000000
 -0.00655930   0.00000000     0.00358896  -0.00000000    -0.00383394   0.00000000
  0.00572351  -0.00000000    -0.00190038   0.00000000     0.00181569  -0.00000000
   27   27
  0.26889316  -0.00000000     0.00000000   0.00000000     0.01169428  -0.00000000
  0.00000000   0.00000000     0.06662013   0.00000000    -0.00000000   0.00000000
  0.01169428  -0.00000000    -0.00000000   0.00000000     0.25885743  -0.00000000
   27   28
 -0.00228535   0.00000000    -0.00002896   0.00000000    -0.00076086   0.00000000
  0.00023529  -0.00000000     0.00346953  -0.00000000     0.00747404  -0.00000000
  0.00039746  -0.00000000     0.00322261  -0.00000000     0.01130287  -0.00000000
   27   29
 -0.00228535   0.00000000     0.00002896  -0.00000000    -0.00076086   0.00000000
 -0.00023529   0.00000000     0.00346953  -0.00000000    -0.00747404   0.00000000
  0.00039746  -0.00000000    -0.00322261   0.00000000     0.01130287  -0.00000000
   27   30
 -0.00144435   0.00000000    -0.00046624   0.00000000    -0.00002359   0.00000000
  0.00002987   0.00000000     0.00175743  -0.00000000    -0.00006369   0.00000000
  0.00001126  -0.00000000    -0.00003330   0.00000000    -0.00152040   0.00000000
   27   31
 -0.00144435   0.00000000     0.00046624  -0.00000000    -0.00002359   0.00000000
 -0.00002987   0.00000000     0.00175743  -0.00000000     0.00006369   0.00000000
  0.00001126  -0.00000000     0.00003330  -0.00000000    -0.00152040   0.00000000
   27   32
  0.00356056  -0.00000000     0.00000000   0.00000000     0.00015439  -0.00000000
  0.00000000   0.00000000    -0.00040143   0.00000000     0.00000000   0.00000000
 -0.00015439   0.00000000     0.00000000   0.00000000    -0.00332456   0.00000000
   27   33
 -0.00144435   0.00000000     0.00046624  -0.00000000    -0.00002359  -0.00000000
 -0.00002987   0.00000000     0.00175743  -0.00000000     0.00006369  -0.00000000
  0.00001126  -0.00000000     0.00003330  -0.00000000    -0.00152040   0.00000000
   27   34
 -0.00144435   0.00000000    -0.00046624   0.00000000    -0.00002359   0.00000000
  0.00002987  -0.00000000     0.00175743  -0.00000000    -0.00006369   0.00000000
  0.00001126  -0.00000000    -0.00003330   0.00000000    -0.00152040   0.00000000
   27   35
 -0.00228535   0.00000000     0.00002896  -0.00000000    -0.00076086   0.00000000
 -0.00023529   0.00000000     0.00346953  -0.00000000    -0.00747404   0.00000000
  0.00039746  -0.00000000    -0.00322261   0.00000000     0.01130287  -0.00000000
   27   36
 -0.00228535   0.00000000    -0.00002896  -0.00000000    -0.00076086   0.00000000
  0.00023529  -0.00000000     0.00346953  -0.00000000     0.00747404  -0.00000000
  0.00039746  -0.00000000     0.00322261  -0.00000000     0.01130287  -0.00000000
   28    1
 -0.01023238   0.00000000     0.00925622   0.00000000     0.00723583  -0.00000000
  0.00945936  -0.00000000    -0.00513859  -0.00000000    -0.00532753  -0.00000000
  0.00724686  -0.00000000    -0.00539878  -0.00000000    -0.00197042  -0.00000000
   28    2
  0.01006247  -0.00000000     0.00943030  -0.00000000     0.00724451  -0.00000000
  0.00938236  -0.00000000     0.00502139  -0.00000000     0.00541518  -0.00000000
  0.00716871  -0.00000000     0.00540034  -0.00000000     0.00200936  -0.00000000
   28    3
  0.00054916   0.00000000    -0.00009275   0.00000000    -0.00004346   0.00000000
 -0.00007765   0.00000000     0.00057334  -0.00000000    -0.00008226   0.00000000
 -0.00006705   0.00000000    -0.00002316   0.00000000     0.00062209  -0.00000000
   28    4
 -0.00206877   0.00000000    -0.00000083  -0.00000000    -0.00002679  -0.00000000
 -0.00007880   0.00000000     0.00518616  -0.00000000    -0.01082493   0.00000000
  0.00003303  -0.00000000    -0.01084939   0.00000000     0.01443968  -0.00000000
   28    5
  0.00095238  -0.00000000    -0.00019097  -0.00000000    -0.00209980  -0.00000000
 -0.00045180  -0.00000000     0.00102579  -0.00000000    -0.00015019  -0.00000000
 -0.00091688   0.00000000     0.00359202  -0.00000000    -0.00194079   0.00000000
   28    6
 -0.01410091   0.00000000     0.03968207  -0.00000000     0.00859304  -0.00000000
  0.03138008  -0.00000000    -0.04986515   0.00000000    -0.01747325   0.00000000
  0.00957490  -0.00000000    -0.02298052   0.00000000    -0.00490964   0.00000000
   28    7
  0.00060831   0.00000000    -0.00072034   0.00000000     0.00196885  -0.00000000
 -0.00101934   0.00000000    -0.05386980  -0.00000000     0.03966423   0.00000000
  0.00169149   0.00000000     0.04888150   0.00000000    -0.02254750  -0.00000000
   28    8
 -0.00052351  -0.00000000    -0.00110556   0.00000000    -0.00193943   0.00000000
 -0.00065433   0.00000000    -0.00062293   0.00000000    -0.00118977   0.00000000
 -0.00039322  -0.00000000    -0.00073842   0.00000000     0.00069153  -0.00000000
   28    9
 -0.00151794   0.00000000    -0.00197288   0.00000000    -0.00125466   0.00000000
  0.00089395  -0.00000000     0.00229984  -0.00000000    -0.00082418   0.00000000
  0.00207049  -0.00000000    -0.00038897  -0.00000000    -0.00019252  -0.00000000
   28   10
  0.00156525  -0.00000000    -0.00042409   0.00000000     0.00003029  -0.00000000
  0.00038833  -0.00000000     0.00064944  -0.00000000     0.00163305  -0.00000000
 -0.00062574   0.00000000     0.00075202  -0.00000000    -0.00243892   0.00000000
   28   11
 -0.01826768  -0.00000000    -0.04307830   0.00000000    -0.00970195  -0.00000000
 -0.03666275   0.00000000    -0.05386399   0.00000000    -0.01921092  -0.00000000
 -0.01072080   0.00000000    -0.02400155  -0.00000000    -0.00373809  -0.00000000
   28   12
 -0.00203283  -0.00000000     0.00097584   0.00000000     0.00210191  -0.00000000
  0.00078629  -0.00000000    -0.00092741   0.00000000    -0.00105169   0.00000000
  0.00139400   0.00000000    -0.00099843   0.00000000     0.00059031  -0.00000000
   28   13
  0.00035543  -0.00000000    -0.00321712   0.00000000    -0.00116081   0.00000000
 -0.00085296   0.00000000     0.00111316  -0.00000000     0.00173690  -0.00000000
 -0.00198936  -0.00000000    -0.00121542  -0.00000000    -0.00088774  -0.00000000
   28   14
 -0.00405486   0.00000000     0.00263421  -0.00000000     0.00042260   0.00000000
 -0.00067520   0.00000000     0.00224132  -0.00000000    -0.00047249   0.00000000
 -0.00045866  -0.00000000    -0.00244789  -0.00000000     0.00054539   0.00000000
   28   15
 -0.00071495  -0.00000000    -0.00044229   0.00000000     0.00169567   0.00000000
 -0.00068340   0.00000000     0.00130365   0.00000000     0.00072767  -0.00000000
 -0.00108711   0.00000000     0.00199128  -0.00000000    -0.00147603   0.00000000
   28   16
 -0.00094607   0.00000000     0.00339750  -0.00000000     0.00153494  -0.00000000
  0.00080218  -0.00000000     0.00124831  -0.00000000    -0.00012744  -0.00000000
  0.00164429   0.00000000    -0.00060187  -0.00000000    -0.00268171   0.00000000
   28   17
  0.00826907  -0.00000000    -0.00638121   0.00000000     0.00534521  -0.00000000
 -0.00281882   0.00000000     0.00339146  -0.00000000    -0.00141192   0.00000000
  0.00643951  -0.00000000    -0.00395965   0.00000000     0.00113137  -0.00000000
   28   18
  0.00039018  -0.00000000    -0.00216442   0.00000000    -0.00293912  -0.00000000
 -0.00247630   0.00000000     0.00005194  -0.00000000     0.00123417  -0.00000000
 -0.00275078  -0.00000000     0.00130864  -0.00000000    -0.00325406  -0.00000000
   28   19
 -0.02720135   0.00000000    -0.00226016   0.00000000     0.01588207  -0.00000000
  0.00171199  -0.00000000    -0.00515546   0.00000000    -0.00089281   0.00000000
  0.01549205  -0.00000000     0.00122770  -0.00000000    -0.00944351   0.00000000
   28   20
  0.00066952  -0.00000000    -0.00023646   0.00000000     0.00098855   0.00000000
  0.00007125  -0.00000000     0.00004380   0.00000000     0.00005630   0.00000000
  0.00113964  -0.00000000     0.00034910  -0.00000000    -0.00068143   0.00000000
   28   21
 -0.00029670  -0.00000000     0.00017780  -0.00000000    -0.00005546   0.00000000
  0.00052915  -0.00000000    -0.00098874   0.00000000    -0.00040686   0.00000000
 -0.00071848  -0.00000000     0.00023250   0.00000000     0.00007546   0.00000000
   28   22
 -0.00794504   0.00000000    -0.00647308  -0.00000000     0.00562233  -0.00000000
 -0.00308489   0.00000000    -0.00403439   0.00000000     0.00165004   0.00000000
  0.00557096  -0.00000000     0.00369484   0.00000000    -0.00159099   0.00000000
   28   23
  0.00023195  -0.00000000     0.00211660  -0.00000000     0.00292608  -0.00000000
  0.00207246  -0.00000000     0.00038269  -0.00000000     0.00125655  -0.00000000
  0.00243874   0.00000000     0.00102780  -0.00000000    -0.00307157   0.00000000
   28   24
 -0.02591014  -0.00000000     0.00171084  -0.00000000    -0.01380701   0.00000000
 -0.00206652   0.00000000    -0.00579371  -0.00000000    -0.00105972   0.00000000
 -0.01598193  -0.00000000     0.00091208   0.00000000    -0.00892491   0.00000000
   28   25
  0.00026447   0.00000000     0.00041611  -0.00000000    -0.00069347  -0.00000000
 -0.00000472   0.00000000    -0.00068070   0.00000000    -0.00017243   0.00000000
 -0.00074310  -0.00000000     0.00003370  -0.00000000    -0.00060649  -0.00000000
   28   26
 -0.00077708   0.00000000     0.00001270   0.00000000     0.00119395  -0.00000000
 -0.00004654   0.00000000    -0.00193207   0.00000000    -0.00015905   0.00000000
  0.00112256  -0.00000000    -0.00042109   0.00000000     0.00054979  -0.00000000
   28   27
 -0.00228535   0.00000000     0.00023529  -0.00000000     0.00039746  -0.00000000
 -0.00002896   0.00000000     0.00346953  -0.00000000     0.00322261  -0.00000000
 -0.00076086   0.00000000     0.00747404  -0.00000000     0.01130287  -0.00000000
   28   28
  0.12729795   0.00000000     0.00478783  -0.00000000    -0.00295200   0.00000000
  0.00478783  -0.00000000     0.20706002   0.00000000    -0.00209294  -0.00000000
 -0.00295200   0.00000000    -0.00209294  -0.00000000     0.12565271  -0.00000000
   28   29
 -0.00070571   0.00000000     0.00004786   0.00000000    -0.00001538   0.00000000
 -0.00004786  -0.00000000    -0.00024527   0.00000000    -0.00024601   0.00000000
 -0.00001538   0.00000000     0.00024601  -0.00000000    -0.00041859  -0.00000000
   28   30
 -0.00227852   0.00000000    -0.00027248  -0.00000000    -0.00003657  -0.00000000
 -0.00027248  -0.00000000     0.00964483  -0.00000000     0.00005235  -0.00000000
  0.00003657   0.00000000    -0.00005235   0.00000000     0.00033511   0.00000000
   28   31
  0.00028528   0.00000000    -0.00038685  -0.00000000    -0.00033027   0.00000000
  0.00038685   0.00000000    -0.00076347   0.00000000    -0.00018726  -0.00000000
  0.00033027   0.00000000    -0.00018726  -0.00000000    -0.00099682   0.00000000
   28   32
  0.00144435   0.00000000    -0.00002987   0.00000000     0.00001126   0.00000000
  0.00046624  -0.00000000    -0.00175743   0.00000000    -0.00003330  -0.00000000
 -0.00002359   0.00000000    -0.00006369   0.00000000     0.00152040   0.00000000
   28   33
 -0.00507473   0.00000000     0.00020467   0.00000000    -0.00021420   0.00000000
 -0.00020467  -0.00000000    -0.00015023   0.00000000    -0.00235387   0.00000000
  0.00021420  -0.00000000    -0.00235387   0.00000000     0.00187428  -0.00000000
   28   34
 -0.00049626   0.00000000    -0.00008843   0.00000000    -0.00125228  -0.00000000
 -0.00008843   0.00000000    -0.00543025  -0.00000000     0.00218692  -0.00000000
  0.00125228   0.00000000    -0.00218692   0.00000000    -0.03545646   0.00000000
   28   35
  0.00135329   0.00000000    -0.00098164   0.00000000     0.00056549   0.00000000
  0.00098164  -0.00000000    -0.00421976   0.00000000    -0.00016848  -0.00000000
  0.00056549   0.00000000     0.00016848   0.00000000     0.00189522   0.00000000
   28   36
  0.00014235  -0.00000000     0.00014866   0.00000000     0.00010585  -0.00000000
  0.00014866   0.00000000    -0.00043390   0.00000000     0.00023469  -0.00000000
  0.00010585  -0.00000000     0.00023469  -0.00000000     0.00015053  -0.00000000
   29    1
 -0.01023238   0.00000000    -0.00925622  -0.00000000     0.00723583  -0.00000000
 -0.00945936   0.00000000    -0.00513859  -0.00000000     0.00532753   0.00000000
  0.00724686  -0.00000000     0.00539878   0.00000000    -0.00197042  -0.00000000
   29    2
  0.01006247  -0.00000000    -0.00943030   0.00000000     0.00724451  -0.00000000
 -0.00938236   0.00000000     0.00502139  -0.00000000    -0.00541518   0.00000000
  0.00716871  -0.00000000    -0.00540034   0.00000000     0.00200936  -0.00000000
   29    3
  0.00054916  -0.00000000     0.00009275   0.00000000    -0.00004346   0.00000000
  0.00007765   0.00000000     0.00057334  -0.00000000     0.00008226  -0.00000000
 -0.00006705   0.00000000     0.00002316  -0.00000000     0.00062209  -0.00000000
   29    4
 -0.00206877   0.00000000     0.00000083  -0.00000000    -0.00002679  -0.00000000
  0.00007880  -0.00000000     0.00518616  -0.00000000     0.01082493  -0.00000000
  0.00003303  -0.00000000     0.01084939  -0.00000000     0.01443968  -0.00000000
   29    5
 -0.00405486   0.00000000    -0.00263421   0.00000000     0.00042260   0.00000000
  0.00067520  -0.00000000     0.00224132  -0.00000000     0.00047249  -0.00000000
 -0.00045866  -0.00000000     0.00244789   0.00000000     0.00054539   0.00000000
   29    6
 -0.00203283  -0.00000000    -0.00097584  -0.00000000     0.00210191  -0.00000000
 -0.00078629   0.00000000    -0.00092741   0.00000000     0.00105169  -0.00000000
  0.00139400   0.00000000     0.00099843  -0.00000000     0.00059031  -0.00000000
   29    7
  0.00156525  -0.00000000     0.00042409  -0.00000000     0.00003029  -0.00000000
 -0.00038833   0.00000000     0.00064944  -0.00000000    -0.00163305   0.00000000
 -0.00062574   0.00000000    -0.00075202   0.00000000    -0.00243892   0.00000000
   29    8
 -0.01826768  -0.00000000     0.04307830  -0.00000000    -0.00970195  -0.00000000
  0.03666275  -0.00000000    -0.05386399   0.00000000     0.01921092   0.00000000
 -0.01072080   0.00000000     0.02400155   0.00000000    -0.00373809  -0.00000000
   29    9
 -0.00071495  -0.00000000     0.00044229  -0.00000000     0.00169567   0.00000000
  0.00068340  -0.00000000     0.00130365   0.00000000    -0.00072767   0.00000000
 -0.00108711   0.00000000    -0.00199128   0.00000000    -0.00147603   0.00000000
   29   10
  0.00060831   0.00000000     0.00072034  -0.00000000     0.00196885  -0.00000000
  0.00101934  -0.00000000    -0.05386980  -0.00000000    -0.03966423  -0.00000000
  0.00169149   0.00000000    -0.04888150  -0.00000000    -0.02254750  -0.00000000
   29   11
 -0.00052351  -0.00000000     0.00110556  -0.00000000    -0.00193943   0.00000000
  0.00065433  -0.00000000    -0.00062293   0.00000000     0.00118977  -0.00000000
 -0.00039322  -0.00000000     0.00073842  -0.00000000     0.00069153  -0.00000000
   29   12
 -0.01410091   0.00000000    -0.03968207   0.00000000     0.00859304  -0.00000000
 -0.03138008   0.00000000    -0.04986515   0.00000000     0.01747325  -0.00000000
  0.00957490  -0.00000000     0.02298052  -0.00000000    -0.00490964   0.00000000
   29   13
 -0.00094607   0.00000000    -0.00339750   0.00000000     0.00153494  -0.00000000
 -0.00080218   0.00000000     0.00124831  -0.00000000     0.00012744   0.00000000
  0.00164429   0.00000000     0.00060187   0.00000000    -0.00268171   0.00000000
   29   14
  0.00095238  -0.00000000     0.00019097   0.00000000    -0.00209980  -0.00000000
  0.00045180   0.00000000     0.00102579  -0.00000000     0.00015019   0.00000000
 -0.00091688   0.00000000    -0.00359202   0.00000000    -0.00194079   0.00000000
   29   15
 -0.00151794   0.00000000     0.00197288  -0.00000000    -0.00125466   0.00000000
 -0.00089395   0.00000000     0.00229984  -0.00000000     0.00082418  -0.00000000
  0.00207049  -0.00000000     0.00038897   0.00000000    -0.00019252  -0.00000000
   29   16
  0.00035543  -0.00000000     0.00321712  -0.00000000    -0.00116081   0.00000000
  0.00085296  -0.00000000     0.00111316  -0.00000000    -0.00173690   0.00000000
 -0.00198936  -0.00000000     0.00121542   0.00000000    -0.00088774  -0.00000000
   29   17
  0.00826907  -0.00000000     0.00638121  -0.00000000     0.00534521  -0.00000000
  0.00281882  -0.00000000     0.00339146  -0.00000000     0.00141192  -0.00000000
  0.00643951  -0.00000000     0.00395965  -0.00000000     0.00113137  -0.00000000
   29   18
 -0.02720135   0.00000000     0.00226016  -0.00000000     0.01588207  -0.00000000
 -0.00171199   0.00000000    -0.00515546   0.00000000     0.00089281  -0.00000000
  0.01549205  -0.00000000    -0.00122770   0.00000000    -0.00944351   0.00000000
   29   19
  0.00039018  -0.00000000     0.00216442  -0.00000000    -0.00293912  -0.00000000
  0.00247630  -0.00000000     0.00005194  -0.00000000    -0.00123417   0.00000000
 -0.00275078  -0.00000000    -0.00130864   0.00000000    -0.00325406  -0.00000000
   29   20
 -0.00029670  -0.00000000    -0.00017780   0.00000000    -0.00005546   0.00000000
 -0.00052915   0.00000000    -0.00098874   0.00000000     0.00040686  -0.00000000
 -0.00071848  -0.00000000    -0.00023250  -0.00000000     0.00007546   0.00000000
   29   21
  0.00066952  -0.00000000     0.00023646  -0.00000000     0.00098855   0.00000000
 -0.00007125   0.00000000     0.00004380   0.00000000    -0.00005630  -0.00000000
  0.00113964  -0.00000000    -0.00034910   0.00000000    -0.00068143   0.00000000
   29   22
 -0.00794504   0.00000000     0.00647308   0.00000000     0.00562233  -0.00000000
  0.00308489  -0.00000000    -0.00403439   0.00000000    -0.00165004  -0.00000000
  0.00557096  -0.00000000    -0.00369484  -0.00000000    -0.00159099   0.00000000
   29   23
 -0.02591014  -0.00000000    -0.00171084   0.00000000    -0.01380701   0.00000000
  0.00206652  -0.00000000    -0.00579371  -0.00000000     0.00105972  -0.00000000
 -0.01598193  -0.00000000    -0.00091208  -0.00000000    -0.00892491   0.00000000
   29   24
  0.00023195  -0.00000000    -0.00211660   0.00000000     0.00292608  -0.00000000
 -0.00207246   0.00000000     0.00038269  -0.00000000    -0.00125655   0.00000000
  0.00243874   0.00000000    -0.00102780   0.00000000    -0.00307157   0.00000000
   29   25
 -0.00077708   0.00000000    -0.00001270  -0.00000000     0.00119395  -0.00000000
  0.00004654  -0.00000000    -0.00193207   0.00000000     0.00015905  -0.00000000
  0.00112256  -0.00000000     0.00042109  -0.00000000     0.00054979  -0.00000000
   29   26
  0.00026447   0.00000000    -0.00041611   0.00000000    -0.00069347  -0.00000000
  0.00000472  -0.00000000    -0.00068070   0.00000000     0.00017243  -0.00000000
 -0.00074310  -0.00000000    -0.00003370   0.00000000    -0.00060649  -0.00000000
   29   27
 -0.00228535   0.00000000    -0.00023529   0.00000000     0.00039746  -0.00000000
  0.00002896  -0.00000000     0.00346953  -0.00000000    -0.00322261   0.00000000
 -0.00076086   0.00000000    -0.00747404   0.00000000     0.01130287  -0.00000000
   29   28
 -0.00070571   0.00000000    -0.00004786  -0.00000000    -0.00001538   0.00000000
  0.00004786   0.00000000    -0.00024527   0.00000000     0.00024601  -0.00000000
 -0.00001538   0.00000000    -0.00024601   0.00000000    -0.00041859  -0.00000000
   29   29
  0.12729795   0.00000000    -0.00478783   0.00000000    -0.00295200   0.00000000
 -0.00478783   0.00000000     0.20706002   0.00000000     0.00209294   0.00000000
 -0.00295200   0.00000000     0.00209294   0.00000000     0.12565271  -0.00000000
   29   30
  0.00028528   0.00000000     0.00038685   0.00000000    -0.00033027   0.00000000
 -0.00038685  -0.00000000    -0.00076347   0.00000000     0.00018726   0.00000000
  0.00033027   0.00000000     0.00018726   0.00000000    -0.00099682   0.00000000
   29   31
 -0.00227852   0.00000000     0.00027248   0.00000000    -0.00003657  -0.00000000
  0.00027248   0.00000000     0.00964483  -0.00000000    -0.00005235   0.00000000
  0.00003657   0.00000000     0.00005235  -0.00000000     0.00033511   0.00000000
   29   32
  0.00144435  -0.00000000     0.00002987  -0.00000000     0.00001126   0.00000000
 -0.00046624   0.00000000    -0.00175743   0.00000000     0.00003330  -0.00000000
 -0.00002359   0.00000000     0.00006369   0.00000000     0.00152040  -0.00000000
   29   33
 -0.00049626   0.00000000     0.00008843  -0.00000000    -0.00125228  -0.00000000
  0.00008843  -0.00000000    -0.00543025  -0.00000000    -0.00218692   0.00000000
  0.00125228   0.00000000     0.00218692  -0.00000000    -0.03545646   0.00000000
   29   34
 -0.00507473   0.00000000    -0.00020467  -0.00000000    -0.00021420   0.00000000
  0.00020467   0.00000000    -0.00015023   0.00000000     0.00235387  -0.00000000
  0.00021420  -0.00000000     0.00235387  -0.00000000     0.00187428  -0.00000000
   29   35
  0.00014235  -0.00000000    -0.00014866  -0.00000000     0.00010585  -0.00000000
 -0.00014866  -0.00000000    -0.00043390   0.00000000    -0.00023469   0.00000000
  0.00010585  -0.00000000    -0.00023469   0.00000000     0.00015053  -0.00000000
   29   36
  0.00135329   0.00000000     0.00098164  -0.00000000     0.00056549   0.00000000
 -0.00098164   0.00000000    -0.00421976   0.00000000     0.00016848   0.00000000
  0.00056549   0.00000000    -0.00016848  -0.00000000     0.00189522   0.00000000
   30    1
  0.01006247  -0.00000000     0.00943030  -0.00000000    -0.00724451   0.00000000
  0.00938236  -0.00000000     0.00502139  -0.00000000    -0.00541518   0.00000000
 -0.00716871   0.00000000    -0.00540034   0.00000000     0.00200936  -0.00000000
   30    2
 -0.01023238   0.00000000     0.00925622   0.00000000    -0.00723583   0.00000000
  0.00945936  -0.00000000    -0.00513859  -0.00000000     0.00532753   0.00000000
 -0.00724686   0.00000000     0.00539878   0.00000000    -0.00197042  -0.00000000
   30    3
 -0.00054916   0.00000000     0.00009275  -0.00000000    -0.00004346   0.00000000
  0.00007765  -0.00000000    -0.00057334   0.00000000    -0.00008226  -0.00000000
 -0.00006705   0.00000000    -0.00002316   0.00000000    -0.00062209   0.00000000
   30    4
  0.00206877   0.00000000     0.00000083   0.00000000    -0.00002679   0.00000000
  0.00007880  -0.00000000    -0.00518616   0.00000000    -0.01082493  -0.00000000
  0.00003303   0.00000000    -0.01084939   0.00000000    -0.01443968  -0.00000000
   30    5
 -0.00203283   0.00000000     0.00097584  -0.00000000    -0.00210191   0.00000000
  0.00078629  -0.00000000    -0.00092741   0.00000000     0.00105169  -0.00000000
 -0.00139400  -0.00000000     0.00099843  -0.00000000     0.00059031  -0.00000000
   30    6
 -0.00405486   0.00000000     0.00263421  -0.00000000    -0.00042260  -0.00000000
 -0.00067520   0.00000000     0.00224132  -0.00000000     0.00047249  -0.00000000
  0.00045866  -0.00000000     0.00244789   0.00000000     0.00054539  -0.00000000
   30    7
  0.00156525  -0.00000000    -0.00042409   0.00000000    -0.00003029   0.00000000
  0.00038833  -0.00000000     0.00064944  -0.00000000    -0.00163305   0.00000000
  0.00062574  -0.00000000    -0.00075202   0.00000000    -0.00243892   0.00000000
   30    8
 -0.00071495  -0.00000000    -0.00044229   0.00000000    -0.00169567  -0.00000000
 -0.00068340   0.00000000     0.00130365   0.00000000    -0.00072767   0.00000000
  0.00108711  -0.00000000    -0.00199128   0.00000000    -0.00147603   0.00000000
   30    9
 -0.01826768  -0.00000000    -0.04307830   0.00000000     0.00970195   0.00000000
 -0.03666275   0.00000000    -0.05386399   0.00000000     0.01921092   0.00000000
  0.01072080  -0.00000000     0.02400155   0.00000000    -0.00373809  -0.00000000
   30   10
  0.00060831   0.00000000    -0.00072034   0.00000000    -0.00196885   0.00000000
 -0.00101934  -0.00000000    -0.05386980  -0.00000000    -0.03966423  -0.00000000
 -0.00169149  -0.00000000    -0.04888150  -0.00000000    -0.02254750  -0.00000000
   30   11
 -0.00151794   0.00000000    -0.00197288   0.00000000     0.00125466  -0.00000000
  0.00089395  -0.00000000     0.00229984  -0.00000000     0.00082418  -0.00000000
 -0.00207049   0.00000000     0.00038897   0.00000000    -0.00019252  -0.00000000
   30   12
  0.00095238  -0.00000000    -0.00019097  -0.00000000     0.00209980  -0.00000000
 -0.00045180  -0.00000000     0.00102579  -0.00000000     0.00015019   0.00000000
  0.00091688  -0.00000000    -0.00359202   0.00000000    -0.00194079   0.00000000
   30   13
  0.00035543  -0.00000000    -0.00321712   0.00000000     0.00116081  -0.00000000
 -0.00085296   0.00000000     0.00111316  -0.00000000    -0.00173690   0.00000000
  0.00198936  -0.00000000     0.00121542  -0.00000000    -0.00088774  -0.00000000
   30   14
 -0.01410091  -0.00000000     0.03968207  -0.00000000    -0.00859304  -0.00000000
  0.03138008  -0.00000000    -0.04986515   0.00000000     0.01747325   0.00000000
 -0.00957490   0.00000000     0.02298052   0.00000000    -0.00490964   0.00000000
   30   15
 -0.00052351  -0.00000000    -0.00110556   0.00000000     0.00193943  -0.00000000
 -0.00065433   0.00000000    -0.00062293  -0.00000000     0.00118977  -0.00000000
  0.00039322   0.00000000     0.00073842  -0.00000000     0.00069153  -0.00000000
   30   16
 -0.00094607  -0.00000000     0.00339750  -0.00000000    -0.00153494   0.00000000
  0.00080218  -0.00000000     0.00124831   0.00000000     0.00012744   0.00000000
 -0.00164429  -0.00000000     0.00060187   0.00000000    -0.00268171   0.00000000
   30   17
  0.00826907  -0.00000000    -0.00638121   0.00000000    -0.00534521   0.00000000
 -0.00281882   0.00000000     0.00339146  -0.00000000     0.00141192  -0.00000000
 -0.00643951   0.00000000     0.00395965  -0.00000000     0.00113137  -0.00000000
   30   18
  0.00026447   0.00000000     0.00041611  -0.00000000     0.00069347   0.00000000
 -0.00000472   0.00000000    -0.00068070   0.00000000     0.00017243   0.00000000
  0.00074310   0.00000000    -0.00003370   0.00000000    -0.00060649   0.00000000
   30   19
 -0.00077708  -0.00000000     0.00001270   0.00000000    -0.00119395   0.00000000
 -0.00004654   0.00000000    -0.00193207   0.00000000     0.00015905  -0.00000000
 -0.00112256  -0.00000000     0.00042109  -0.00000000     0.00054979  -0.00000000
   30   20
  0.00023195  -0.00000000     0.00211660  -0.00000000    -0.00292608  -0.00000000
  0.00207246  -0.00000000     0.00038269  -0.00000000    -0.00125655   0.00000000
 -0.00243874  -0.00000000    -0.00102780  -0.00000000    -0.00307157  -0.00000000
   30   21
 -0.02591014  -0.00000000     0.00171084  -0.00000000     0.01380701  -0.00000000
 -0.00206652   0.00000000    -0.00579371  -0.00000000     0.00105972  -0.00000000
  0.01598193   0.00000000    -0.00091208  -0.00000000    -0.00892491   0.00000000
   30   22
 -0.00794504   0.00000000    -0.00647308  -0.00000000    -0.00562233   0.00000000
 -0.00308489   0.00000000    -0.00403439   0.00000000    -0.00165004  -0.00000000
 -0.00557096   0.00000000    -0.00369484  -0.00000000    -0.00159099   0.00000000
   30   23
  0.00066952  -0.00000000    -0.00023646   0.00000000    -0.00098855  -0.00000000
  0.00007125  -0.00000000     0.00004380   0.00000000    -0.00005630   0.00000000
 -0.00113964   0.00000000    -0.00034910   0.00000000    -0.00068143  -0.00000000
   30   24
 -0.00029670  -0.00000000     0.00017780  -0.00000000     0.00005546   0.00000000
  0.00052915  -0.00000000    -0.00098874   0.00000000     0.00040686  -0.00000000
  0.00071848   0.00000000    -0.00023250  -0.00000000     0.00007546  -0.00000000
   30   25
  0.00039018  -0.00000000    -0.00216442   0.00000000     0.00293912   0.00000000
 -0.00247630   0.00000000     0.00005194  -0.00000000    -0.00123417   0.00000000
  0.00275078  -0.00000000    -0.00130864   0.00000000    -0.00325406   0.00000000
   30   26
 -0.02720135  -0.00000000    -0.00226016   0.00000000    -0.01588207   0.00000000
  0.00171199  -0.00000000    -0.00515546  -0.00000000     0.00089281   0.00000000
 -0.01549205   0.00000000    -0.00122770  -0.00000000    -0.00944351   0.00000000
   30   27
 -0.00144435   0.00000000     0.00002987   0.00000000     0.00001126  -0.00000000
 -0.00046624   0.00000000     0.00175743  -0.00000000    -0.00003330   0.00000000
 -0.00002359   0.00000000    -0.00006369   0.00000000    -0.00152040   0.00000000
   30   28
 -0.00227852   0.00000000    -0.00027248  -0.00000000     0.00003657   0.00000000
 -0.00027248  -0.00000000     0.00964483  -0.00000000    -0.00005235   0.00000000
 -0.00003657  -0.00000000     0.00005235  -0.00000000     0.00033511   0.00000000
   30   29
  0.00028528   0.00000000    -0.00038685  -0.00000000     0.00033027   0.00000000
  0.00038685   0.00000000    -0.00076347   0.00000000     0.00018726   0.00000000
 -0.00033027   0.00000000     0.00018726   0.00000000    -0.00099682   0.00000000
   30   30
  0.12729795   0.00000000     0.00478783  -0.00000000     0.00295200  -0.00000000
  0.00478783  -0.00000000     0.20706002   0.00000000     0.00209294   0.00000000
  0.00295200  -0.00000000     0.00209294   0.00000000     0.12565271  -0.00000000
   30   31
 -0.00070571   0.00000000     0.00004786   0.00000000     0.00001538  -0.00000000
 -0.00004786  -0.00000000    -0.00024527   0.00000000     0.00024601  -0.00000000
  0.00001538  -0.00000000    -0.00024601   0.00000000    -0.00041859  -0.00000000
   30   32
  0.00228535  -0.00000000    -0.00023529   0.00000000     0.00039746   0.00000000
  0.00002896   0.00000000    -0.00346953   0.00000000     0.00322261  -0.00000000
 -0.00076086   0.00000000     0.00747404   0.00000000    -0.01130287   0.00000000
   30   33
  0.00135329   0.00000000    -0.00098164   0.00000000    -0.00056549  -0.00000000
  0.00098164  -0.00000000    -0.00421976   0.00000000     0.00016848   0.00000000
 -0.00056549  -0.00000000    -0.00016848  -0.00000000     0.00189522   0.00000000
   30   34
  0.00014235  -0.00000000     0.00014866   0.00000000    -0.00010585   0.00000000
  0.00014866   0.00000000    -0.00043390   0.00000000    -0.00023469   0.00000000
 -0.00010585   0.00000000    -0.00023469   0.00000000     0.00015053   0.00000000
   30   35
 -0.00507473   0.00000000     0.00020467   0.00000000     0.00021420  -0.00000000
 -0.00020467  -0.00000000    -0.00015023   0.00000000     0.00235387  -0.00000000
 -0.00021420   0.00000000     0.00235387  -0.00000000     0.00187428  -0.00000000
   30   36
 -0.00049626   0.00000000    -0.00008843   0.00000000     0.00125228   0.00000000
 -0.00008843   0.00000000    -0.00543025  -0.00000000    -0.00218692   0.00000000
 -0.00125228  -0.00000000     0.00218692  -0.00000000    -0.03545646   0.00000000
   31    1
  0.01006247  -0.00000000    -0.00943030   0.00000000    -0.00724451   0.00000000
 -0.00938236   0.00000000     0.00502139  -0.00000000     0.00541518  -0.00000000
 -0.00716871   0.00000000     0.00540034  -0.00000000     0.00200936  -0.00000000
   31    2
 -0.01023238   0.00000000    -0.00925622  -0.00000000    -0.00723583   0.00000000
 -0.00945936   0.00000000    -0.00513859  -0.00000000    -0.00532753  -0.00000000
 -0.00724686   0.00000000    -0.00539878  -0.00000000    -0.00197042  -0.00000000
   31    3
 -0.00054916   0.00000000    -0.00009275   0.00000000    -0.00004346   0.00000000
 -0.00007765   0.00000000    -0.00057334   0.00000000     0.00008226   0.00000000
 -0.00006705   0.00000000     0.00002316   0.00000000    -0.00062209   0.00000000
   31    4
  0.00206877   0.00000000    -0.00000083  -0.00000000    -0.00002679  -0.00000000
 -0.00007880   0.00000000    -0.00518616   0.00000000     0.01082493  -0.00000000
  0.00003303  -0.00000000     0.01084939  -0.00000000    -0.01443968  -0.00000000
   31    5
 -0.01410091  -0.00000000    -0.03968207   0.00000000    -0.00859304  -0.00000000
 -0.03138008   0.00000000    -0.04986515   0.00000000    -0.01747325  -0.00000000
 -0.00957490   0.00000000    -0.02298052  -0.00000000    -0.00490964   0.00000000
   31    6
  0.00095238  -0.00000000     0.00019097   0.00000000     0.00209980  -0.00000000
  0.00045180   0.00000000     0.00102579  -0.00000000    -0.00015019  -0.00000000
  0.00091688  -0.00000000     0.00359202  -0.00000000    -0.00194079   0.00000000
   31    7
  0.00060831   0.00000000     0.00072034  -0.00000000    -0.00196885   0.00000000
  0.00101934   0.00000000    -0.05386980  -0.00000000     0.03966423   0.00000000
 -0.00169149  -0.00000000     0.04888150   0.00000000    -0.02254750  -0.00000000
   31    8
 -0.00151794   0.00000000     0.00197288  -0.00000000     0.00125466  -0.00000000
 -0.00089395   0.00000000     0.00229984  -0.00000000    -0.00082418   0.00000000
 -0.00207049   0.00000000    -0.00038897  -0.00000000    -0.00019252  -0.00000000
   31    9
 -0.00052351  -0.00000000     0.00110556  -0.00000000     0.00193943  -0.00000000
  0.00065433  -0.00000000    -0.00062293  -0.00000000    -0.00118977   0.00000000
  0.00039322   0.00000000    -0.00073842   0.00000000     0.00069153  -0.00000000
   31   10
  0.00156525  -0.00000000     0.00042409  -0.00000000    -0.00003029   0.00000000
 -0.00038833   0.00000000     0.00064944  -0.00000000     0.00163305  -0.00000000
  0.00062574  -0.00000000     0.00075202  -0.00000000    -0.00243892   0.00000000
   31   11
 -0.00071495  -0.00000000     0.00044229  -0.00000000    -0.00169567  -0.00000000
  0.00068340  -0.00000000     0.00130365   0.00000000     0.00072767  -0.00000000
  0.00108711  -0.00000000     0.00199128  -0.00000000    -0.00147603   0.00000000
   31   12
 -0.00405486   0.00000000    -0.00263421   0.00000000    -0.00042260  -0.00000000
  0.00067520  -0.00000000     0.00224132  -0.00000000    -0.00047249   0.00000000
  0.00045866  -0.00000000    -0.00244789  -0.00000000     0.00054539  -0.00000000
   31   13
 -0.00094607  -0.00000000    -0.00339750   0.00000000    -0.00153494   0.00000000
 -0.00080218   0.00000000     0.00124831   0.00000000    -0.00012744  -0.00000000
 -0.00164429  -0.00000000    -0.00060187  -0.00000000    -0.00268171   0.00000000
   31   14
 -0.00203283   0.00000000    -0.00097584   0.00000000    -0.00210191   0.00000000
 -0.00078629   0.00000000    -0.00092741   0.00000000    -0.00105169   0.00000000
 -0.00139400  -0.00000000    -0.00099843   0.00000000     0.00059031  -0.00000000
   31   15
 -0.01826768  -0.00000000     0.04307830  -0.00000000     0.00970195   0.00000000
  0.03666275  -0.00000000    -0.05386399   0.00000000    -0.01921092  -0.00000000
  0.01072080  -0.00000000    -0.02400155  -0.00000000    -0.00373809  -0.00000000
   31   16
  0.00035543  -0.00000000     0.00321712  -0.00000000     0.00116081  -0.00000000
  0.00085296  -0.00000000     0.00111316  -0.00000000     0.00173690  -0.00000000
  0.00198936  -0.00000000    -0.00121542   0.00000000    -0.00088774  -0.00000000
   31   17
  0.00826907  -0.00000000     0.00638121  -0.00000000    -0.00534521   0.00000000
  0.00281882  -0.00000000     0.00339146  -0.00000000    -0.00141192   0.00000000
 -0.00643951   0.00000000    -0.00395965   0.00000000     0.00113137  -0.00000000
   31   18
 -0.00077708  -0.00000000    -0.00001270  -0.00000000    -0.00119395   0.00000000
  0.00004654  -0.00000000    -0.00193207   0.00000000    -0.00015905   0.00000000
 -0.00112256  -0.00000000    -0.00042109   0.00000000     0.00054979  -0.00000000
   31   19
  0.00026447   0.00000000    -0.00041611   0.00000000     0.00069347   0.00000000
  0.00000472  -0.00000000    -0.00068070   0.00000000    -0.00017243  -0.00000000
  0.00074310   0.00000000     0.00003370  -0.00000000    -0.00060649   0.00000000
   31   20
 -0.02591014  -0.00000000    -0.00171084   0.00000000     0.01380701  -0.00000000
  0.00206652  -0.00000000    -0.00579371  -0.00000000    -0.00105972   0.00000000
  0.01598193   0.00000000     0.00091208   0.00000000    -0.00892491   0.00000000
   31   21
  0.00023195  -0.00000000    -0.00211660   0.00000000    -0.00292608  -0.00000000
 -0.00207246   0.00000000     0.00038269  -0.00000000     0.00125655  -0.00000000
 -0.00243874  -0.00000000     0.00102780   0.00000000    -0.00307157  -0.00000000
   31   22
 -0.00794504   0.00000000     0.00647308   0.00000000    -0.00562233   0.00000000
  0.00308489  -0.00000000    -0.00403439   0.00000000     0.00165004   0.00000000
 -0.00557096   0.00000000     0.00369484   0.00000000    -0.00159099   0.00000000
   31   23
 -0.00029670  -0.00000000    -0.00017780   0.00000000     0.00005546   0.00000000
 -0.00052915   0.00000000    -0.00098874   0.00000000    -0.00040686   0.00000000
  0.00071848   0.00000000     0.00023250   0.00000000     0.00007546  -0.00000000
   31   24
  0.00066952  -0.00000000     0.00023646  -0.00000000    -0.00098855  -0.00000000
 -0.00007125   0.00000000     0.00004380   0.00000000     0.00005630  -0.00000000
 -0.00113964   0.00000000     0.00034910  -0.00000000    -0.00068143  -0.00000000
   31   25
 -0.02720135  -0.00000000     0.00226016  -0.00000000    -0.01588207   0.00000000
 -0.00171199   0.00000000    -0.00515546  -0.00000000    -0.00089281  -0.00000000
 -0.01549205   0.00000000     0.00122770   0.00000000    -0.00944351   0.00000000
   31   26
  0.00039018  -0.00000000     0.00216442  -0.00000000     0.00293912   0.00000000
  0.00247630  -0.00000000     0.00005194  -0.00000000     0.00123417  -0.00000000
  0.00275078  -0.00000000     0.00130864  -0.00000000    -0.00325406   0.00000000
   31   27
 -0.00144435   0.00000000    -0.00002987   0.00000000     0.00001126  -0.00000000
  0.00046624  -0.00000000     0.00175743  -0.00000000     0.00003330  -0.00000000
 -0.00002359   0.00000000     0.00006369   0.00000000    -0.00152040   0.00000000
   31   28
  0.00028528   0.00000000     0.00038685   0.00000000     0.00033027   0.00000000
 -0.00038685  -0.00000000    -0.00076347   0.00000000    -0.00018726  -0.00000000
 -0.00033027   0.00000000    -0.00018726  -0.00000000    -0.00099682   0.00000000
   31   29
 -0.00227852   0.00000000     0.00027248   0.00000000     0.00003657   0.00000000
  0.00027248   0.00000000     0.00964483  -0.00000000     0.00005235  -0.00000000
 -0.00003657  -0.00000000    -0.00005235   0.00000000     0.00033511   0.00000000
   31   30
 -0.00070571   0.00000000    -0.00004786  -0.00000000     0.00001538  -0.00000000
  0.00004786   0.00000000    -0.00024527   0.00000000    -0.00024601   0.00000000
  0.00001538  -0.00000000     0.00024601  -0.00000000    -0.00041859  -0.00000000
   31   31
  0.12729795   0.00000000    -0.00478783   0.00000000     0.00295200  -0.00000000
 -0.00478783   0.00000000     0.20706002   0.00000000    -0.00209294  -0.00000000
  0.00295200  -0.00000000    -0.00209294  -0.00000000     0.12565271  -0.00000000
   31   32
  0.00228535  -0.00000000     0.00023529  -0.00000000     0.00039746  -0.00000000
 -0.00002896  -0.00000000    -0.00346953  -0.00000000    -0.00322261  -0.00000000
 -0.00076086   0.00000000    -0.00747404   0.00000000    -0.01130287  -0.00000000
   31   33
  0.00014235  -0.00000000    -0.00014866  -0.00000000    -0.00010585   0.00000000
 -0.00014866  -0.00000000    -0.00043390   0.00000000     0.00023469  -0.00000000
 -0.00010585   0.00000000     0.00023469  -0.00000000     0.00015053   0.00000000
   31   34
  0.00135329   0.00000000     0.00098164  -0.00000000    -0.00056549  -0.00000000
 -0.00098164   0.00000000    -0.00421976   0.00000000    -0.00016848  -0.00000000
 -0.00056549  -0.00000000     0.00016848   0.00000000     0.00189522   0.00000000
   31   35
 -0.00049626   0.00000000     0.00008843  -0.00000000     0.00125228   0.00000000
  0.00008843  -0.00000000    -0.00543025  -0.00000000     0.00218692  -0.00000000
 -0.00125228  -0.00000000    -0.00218692   0.00000000    -0.03545646   0.00000000
   31   36
 -0.00507473   0.00000000    -0.00020467  -0.00000000     0.00021420  -0.00000000
  0.00020467   0.00000000    -0.00015023   0.00000000    -0.00235387   0.00000000
 -0.00021420   0.00000000    -0.00235387   0.00000000     0.00187428  -0.00000000
   32    1
 -0.00012025   0.00000000    -0.00000000   0.00000000    -0.00072885   0.00000000
  0.00000000  -0.00000000     0.00010595   0.00000000     0.00000000   0.00000000
 -0.00085633   0.00000000    -0.00000000  -0.00000000     0.00010049  -0.00000000
   32    2
 -0.00012025   0.00000000     0.00000000  -0.00000000    -0.00072885   0.00000000
 -0.00000000   0.00000000     0.00010595   0.00000000     0.00000000  -0.00000000
 -0.00085633   0.00000000    -0.00000000   0.00000000     0.00010049  -0.00000000
   32    3
  0.00172594  -0.00000000     0.00000000   0.00000000    -0.00004927   0.00000000
 -0.00000000   0.00000000    -0.00507248   0.00000000     0.00000000  -0.00000000
  0.00008154  -0.00000000     0.00000000   0.00000000     0.00072511   0.00000000
   32    4
  0.00172594  -0.00000000     0.00000000  -0.00000000    -0.00004927   0.00000000
  0.00000000   0.00000000    -0.00507248   0.00000000     0.00000000   0.00000000
  0.00008154  -0.00000000     0.00000000  -0.00000000     0.00072511   0.00000000
   32    5
 -0.01611367  -0.00000000     0.00000000  -0.00000000     0.03528177  -0.00000000
 -0.00000000   0.00000000     0.00017564  -0.00000000    -0.00000000   0.00000000
  0.03213890   0.00000000     0.00000000  -0.00000000    -0.05562944  -0.00000000
   32    6
 -0.00144318   0.00000000    -0.00000000   0.00000000     0.00023753   0.00000000
 -0.00000000   0.00000000    -0.00082444   0.00000000     0.00000000   0.00000000
 -0.00001203  -0.00000000     0.00000000   0.00000000    -0.00114312   0.00000000
   32    7
 -0.00331438   0.00000000     0.00000000  -0.00000000    -0.00158529   0.00000000
 -0.00000000   0.00000000    -0.00142358   0.00000000    -0.00000000  -0.00000000
  0.00011756  -0.00000000    -0.00000000   0.00000000     0.00151738  -0.00000000
   32    8
  0.00078185  -0.00000000     0.00000000  -0.00000000     0.00232474  -0.00000000
 -0.00000000   0.00000000    -0.00207932   0.00000000    -0.00000000   0.00000000
  0.00112865   0.00000000    -0.00000000   0.00000000    -0.00297091   0.00000000
   32    9
 -0.01625502  -0.00000000     0.00000000   0.00000000    -0.02799045  -0.00000000
 -0.00000000  -0.00000000    -0.00208879  -0.00000000     0.00000000  -0.00000000
 -0.02890057   0.00000000     0.00000000  -0.00000000    -0.04887391   0.00000000
   32   10
 -0.00331438   0.00000000    -0.00000000   0.00000000    -0.00158529   0.00000000
  0.00000000  -0.00000000    -0.00142358  -0.00000000     0.00000000  -0.00000000
  0.00011756  -0.00000000     0.00000000   0.00000000     0.00151738  -0.00000000
   32   11
  0.00078185  -0.00000000     0.00000000   0.00000000     0.00232474  -0.00000000
 -0.00000000   0.00000000    -0.00207932   0.00000000     0.00000000   0.00000000
  0.00112865   0.00000000     0.00000000  -0.00000000    -0.00297091   0.00000000
   32   12
 -0.00144318  -0.00000000     0.00000000   0.00000000     0.00023753  -0.00000000
  0.00000000  -0.00000000    -0.00082444   0.00000000     0.00000000   0.00000000
 -0.00001203   0.00000000     0.00000000   0.00000000    -0.00114312   0.00000000
   32   13
 -0.07331140   0.00000000     0.00000000  -0.00000000    -0.00241447   0.00000000
 -0.00000000  -0.00000000    -0.00046734  -0.00000000    -0.00000000   0.00000000
  0.00146827  -0.00000000    -0.00000000  -0.00000000     0.00231490   0.00000000
   32   14
 -0.01611367   0.00000000     0.00000000   0.00000000     0.03528177  -0.00000000
  0.00000000   0.00000000     0.00017564  -0.00000000     0.00000000   0.00000000
  0.03213890   0.00000000    -0.00000000   0.00000000    -0.05562944   0.00000000
   32   15
 -0.01625502   0.00000000    -0.00000000   0.00000000    -0.02799045   0.00000000
  0.00000000   0.00000000    -0.00208879  -0.00000000     0.00000000   0.00000000
 -0.02890057  -0.00000000     0.00000000  -0.00000000    -0.04887391  -0.00000000
   32   16
 -0.07331140  -0.00000000     0.00000000   0.00000000    -0.00241447   0.00000000
 -0.00000000   0.00000000    -0.00046734  -0.00000000    -0.00000000  -0.00000000
  0.00146827  -0.00000000     0.00000000   0.00000000     0.00231490  -0.00000000
   32   17
 -0.00202851   0.00000000     0.00000000  -0.00000000    -0.00261981   0.00000000
  0.00000000  -0.00000000    -0.00068410   0.00000000     0.00000000  -0.00000000
 -0.00318083   0.00000000     0.00000000  -0.00000000     0.00190912  -0.00000000
   32   18
 -0.00837380   0.00000000    -0.00320828  -0.00000000     0.00583246   0.00000000
 -0.00655930  -0.00000000    -0.00358896  -0.00000000     0.00383394  -0.00000000
  0.00572351  -0.00000000     0.00190038  -0.00000000    -0.00181569   0.00000000
   32   19
 -0.00837380   0.00000000     0.00320828  -0.00000000     0.00583246  -0.00000000
  0.00655930   0.00000000    -0.00358896   0.00000000    -0.00383394  -0.00000000
  0.00572351   0.00000000    -0.00190038  -0.00000000    -0.00181569   0.00000000
   32   20
 -0.00781855   0.00000000    -0.00277826   0.00000000    -0.00546624   0.00000000
 -0.00647395  -0.00000000    -0.00343141   0.00000000    -0.00353545  -0.00000000
 -0.00647771   0.00000000    -0.00148147  -0.00000000    -0.00135023   0.00000000
   32   21
 -0.00781855  -0.00000000     0.00277826  -0.00000000    -0.00546624   0.00000000
  0.00647395   0.00000000    -0.00343141  -0.00000000     0.00353545  -0.00000000
 -0.00647771   0.00000000     0.00148147   0.00000000    -0.00135023  -0.00000000
   32   22
  0.00204355  -0.00000000     0.00000000   0.00000000    -0.00196819   0.00000000
  0.00000000   0.00000000     0.00142680   0.00000000     0.00000000   0.00000000
 -0.00214532   0.00000000     0.00000000   0.00000000    -0.00079616  -0.00000000
   32   23
 -0.00781855   0.00000000     0.00277826  -0.00000000    -0.00546624   0.00000000
  0.00647395   0.00000000    -0.00343141   0.00000000     0.00353545   0.00000000
 -0.00647771   0.00000000     0.00148147   0.00000000    -0.00135023   0.00000000
   32   24
 -0.00781855  -0.00000000    -0.00277826   0.00000000    -0.00546624   0.00000000
 -0.00647395  -0.00000000    -0.00343141  -0.00000000    -0.00353545   0.00000000
 -0.00647771   0.00000000    -0.00148147  -0.00000000    -0.00135023  -0.00000000
   32   25
 -0.00837380   0.00000000     0.00320828   0.00000000     0.00583246   0.00000000
  0.00655930   0.00000000    -0.00358896  -0.00000000    -0.00383394   0.00000000
  0.00572351  -0.00000000    -0.00190038   0.00000000    -0.00181569   0.00000000
   32   26
 -0.00837380   0.00000000    -0.00320828   0.00000000     0.00583246  -0.00000000
 -0.00655930  -0.00000000    -0.00358896   0.00000000     0.00383394   0.00000000
  0.00572351   0.00000000     0.00190038   0.00000000    -0.00181569   0.00000000
   32   27
  0.00356056  -0.00000000     0.00000000   0.00000000    -0.00015439   0.00000000
  0.00000000   0.00000000    -0.00040143   0.00000000     0.00000000   0.00000000
  0.00015439  -0.00000000     0.00000000   0.00000000    -0.00332456   0.00000000
   32   28
  0.00144435   0.00000000     0.00046624  -0.00000000    -0.00002359   0.00000000
 -0.00002987   0.00000000    -0.00175743   0.00000000    -0.00006369   0.00000000
  0.00001126   0.00000000    -0.00003330  -0.00000000     0.00152040   0.00000000
   32   29
  0.00144435  -0.00000000    -0.00046624   0.00000000    -0.00002359   0.00000000
  0.00002987  -0.00000000    -0.00175743   0.00000000     0.00006369   0.00000000
  0.00001126   0.00000000     0.00003330  -0.00000000     0.00152040  -0.00000000
   32   30
  0.00228535  -0.00000000     0.00002896   0.00000000    -0.00076086   0.00000000
 -0.00023529   0.00000000    -0.00346953   0.00000000     0.00747404   0.00000000
  0.00039746   0.00000000     0.00322261  -0.00000000    -0.01130287   0.00000000
   32   31
  0.00228535  -0.00000000    -0.00002896  -0.00000000    -0.00076086   0.00000000
  0.00023529  -0.00000000    -0.00346953  -0.00000000    -0.00747404   0.00000000
  0.00039746  -0.00000000    -0.00322261  -0.00000000    -0.01130287  -0.00000000
   32   32
  0.26889316  -0.00000000     0.00000000   0.00000000    -0.01169428   0.00000000
  0.00000000   0.00000000     0.06662013   0.00000000    -0.00000000  -0.00000000
 -0.01169428   0.00000000    -0.00000000  -0.00000000     0.25885743  -0.00000000
   32   33
  0.00228535  -0.00000000    -0.00002896  -0.00000000    -0.00076086   0.00000000
  0.00023529  -0.00000000    -0.00346953   0.00000000    -0.00747404  -0.00000000
  0.00039746   0.00000000    -0.00322261   0.00000000    -0.01130287   0.00000000
   32   34
  0.00228535  -0.00000000     0.00002896   0.00000000    -0.00076086   0.00000000
 -0.00023529   0.00000000    -0.00346953  -0.00000000     0.00747404  -0.00000000
  0.00039746  -0.00000000     0.00322261   0.00000000    -0.01130287  -0.00000000
   32   35
  0.00144435   0.00000000    -0.00046624   0.00000000    -0.00002359   0.00000000
  0.00002987  -0.00000000    -0.00175743   0.00000000     0.00006369  -0.00000000
  0.00001126   0.00000000     0.00003330   0.00000000     0.00152040   0.00000000
   32   36
  0.00144435  -0.00000000     0.00046624  -0.00000000    -0.00002359   0.00000000
 -0.00002987   0.00000000    -0.00175743   0.00000000    -0.00006369  -0.00000000
  0.00001126   0.00000000    -0.00003330   0.00000000     0.00152040  -0.00000000
   33    1
 -0.01023238   0.00000000    -0.00925622  -0.00000000    -0.00723583   0.00000000
 -0.00945936   0.00000000    -0.00513859  -0.00000000    -0.00532753  -0.00000000
 -0.00724686   0.00000000    -0.00539878  -0.00000000    -0.00197042  -0.00000000
   33    2
  0.01006247  -0.00000000    -0.00943030   0.00000000    -0.00724451   0.00000000
 -0.00938236   0.00000000     0.00502139  -0.00000000     0.00541518  -0.00000000
 -0.00716871   0.00000000     0.00540034  -0.00000000     0.00200936  -0.00000000
   33    3
  0.00206877   0.00000000    -0.00000083  -0.00000000    -0.00002679  -0.00000000
 -0.00007880   0.00000000    -0.00518616   0.00000000     0.01082493  -0.00000000
  0.00003303  -0.00000000     0.01084939  -0.00000000    -0.01443968  -0.00000000
   33    4
 -0.00054916   0.00000000    -0.00009275   0.00000000    -0.00004346   0.00000000
 -0.00007765   0.00000000    -0.00057334   0.00000000     0.00008226   0.00000000
 -0.00006705   0.00000000     0.00002316   0.00000000    -0.00062209   0.00000000
   33    5
 -0.00203283   0.00000000    -0.00097584   0.00000000    -0.00210191   0.00000000
 -0.00078629   0.00000000    -0.00092741   0.00000000    -0.00105169   0.00000000
 -0.00139400  -0.00000000    -0.00099843   0.00000000     0.00059031  -0.00000000
   33    6
 -0.00405486   0.00000000    -0.00263421   0.00000000    -0.00042260  -0.00000000
  0.00067520  -0.00000000     0.00224132  -0.00000000    -0.00047249   0.00000000
  0.00045866  -0.00000000    -0.00244789  -0.00000000     0.00054539  -0.00000000
   33    7
  0.00156525  -0.00000000     0.00042409  -0.00000000    -0.00003029   0.00000000
 -0.00038833   0.00000000     0.00064944  -0.00000000     0.00163305  -0.00000000
  0.00062574  -0.00000000     0.00075202  -0.00000000    -0.00243892   0.00000000
   33    8
 -0.00071495  -0.00000000     0.00044229  -0.00000000    -0.00169567  -0.00000000
  0.00068340  -0.00000000     0.00130365   0.00000000     0.00072767  -0.00000000
  0.00108711  -0.00000000     0.00199128  -0.00000000    -0.00147603   0.00000000
   33    9
 -0.01826768  -0.00000000     0.04307830  -0.00000000     0.00970195   0.00000000
  0.03666275  -0.00000000    -0.05386399   0.00000000    -0.01921092  -0.00000000
  0.01072080  -0.00000000    -0.02400155  -0.00000000    -0.00373809  -0.00000000
   33   10
  0.00060831   0.00000000     0.00072034  -0.00000000    -0.00196885   0.00000000
  0.00101934   0.00000000    -0.05386980  -0.00000000     0.03966423   0.00000000
 -0.00169149  -0.00000000     0.04888150   0.00000000    -0.02254750  -0.00000000
   33   11
 -0.00151794   0.00000000     0.00197288  -0.00000000     0.00125466  -0.00000000
 -0.00089395   0.00000000     0.00229984  -0.00000000    -0.00082418   0.00000000
 -0.00207049   0.00000000    -0.00038897  -0.00000000    -0.00019252  -0.00000000
   33   12
  0.00095238  -0.00000000     0.00019097   0.00000000     0.00209980  -0.00000000
  0.00045180   0.00000000     0.00102579  -0.00000000    -0.00015019  -0.00000000
  0.00091688  -0.00000000     0.00359202  -0.00000000    -0.00194079   0.00000000
   33   13
  0.00035543  -0.00000000     0.00321712  -0.00000000     0.00116081  -0.00000000
  0.00085296  -0.00000000     0.00111316  -0.00000000     0.00173690  -0.00000000
  0.00198936  -0.00000000    -0.00121542   0.00000000    -0.00088774  -0.00000000
   33   14
 -0.01410091  -0.00000000    -0.03968207   0.00000000    -0.00859304  -0.00000000
 -0.03138008   0.00000000    -0.04986515   0.00000000    -0.01747325  -0.00000000
 -0.00957490   0.00000000    -0.02298052  -0.00000000    -0.00490964   0.00000000
   33   15
 -0.00052351  -0.00000000     0.00110556  -0.00000000     0.00193943  -0.00000000
  0.00065433  -0.00000000    -0.00062293  -0.00000000    -0.00118977   0.00000000
  0.00039322   0.00000000    -0.00073842   0.00000000     0.00069153  -0.00000000
   33   16
 -0.00094607  -0.00000000    -0.00339750   0.00000000    -0.00153494   0.00000000
 -0.00080218   0.00000000     0.00124831   0.00000000    -0.00012744  -0.00000000
 -0.00164429  -0.00000000    -0.00060187  -0.00000000    -0.00268171   0.00000000
   33   17
  0.00826907  -0.00000000     0.00638121  -0.00000000    -0.00534521   0.00000000
  0.00281882  -0.00000000     0.00339146  -0.00000000    -0.00141192   0.00000000
 -0.00643951   0.00000000    -0.00395965   0.00000000     0.00113137  -0.00000000
   33   18
  0.00039018  -0.00000000     0.00216442  -0.00000000     0.00293912   0.00000000
  0.00247630  -0.00000000     0.00005194  -0.00000000     0.00123417  -0.00000000
  0.00275078  -0.00000000     0.00130864  -0.00000000    -0.00325406   0.00000000
   33   19
 -0.02720135  -0.00000000     0.00226016  -0.00000000    -0.01588207   0.00000000
 -0.00171199   0.00000000    -0.00515546  -0.00000000    -0.00089281  -0.00000000
 -0.01549205   0.00000000     0.00122770   0.00000000    -0.00944351   0.00000000
   33   20
  0.00066952  -0.00000000     0.00023646  -0.00000000    -0.00098855  -0.00000000
 -0.00007125   0.00000000     0.00004380   0.00000000     0.00005630  -0.00000000
 -0.00113964   0.00000000     0.00034910  -0.00000000    -0.00068143  -0.00000000
   33   21
 -0.00029670  -0.00000000    -0.00017780   0.00000000     0.00005546   0.00000000
 -0.00052915   0.00000000    -0.00098874   0.00000000    -0.00040686   0.00000000
  0.00071848   0.00000000     0.00023250   0.00000000     0.00007546  -0.00000000
   33   22
 -0.00794504   0.00000000     0.00647308   0.00000000    -0.00562233   0.00000000
  0.00308489  -0.00000000    -0.00403439   0.00000000     0.00165004   0.00000000
 -0.00557096   0.00000000     0.00369484   0.00000000    -0.00159099   0.00000000
   33   23
  0.00023195  -0.00000000    -0.00211660   0.00000000    -0.00292608  -0.00000000
 -0.00207246   0.00000000     0.00038269  -0.00000000     0.00125655  -0.00000000
 -0.00243874  -0.00000000     0.00102780   0.00000000    -0.00307157  -0.00000000
   33   24
 -0.02591014  -0.00000000    -0.00171084   0.00000000     0.01380701  -0.00000000
  0.00206652  -0.00000000    -0.00579371  -0.00000000    -0.00105972   0.00000000
  0.01598193   0.00000000     0.00091208   0.00000000    -0.00892491   0.00000000
   33   25
  0.00026447   0.00000000    -0.00041611   0.00000000     0.00069347   0.00000000
  0.00000472  -0.00000000    -0.00068070   0.00000000    -0.00017243  -0.00000000
  0.00074310   0.00000000     0.00003370  -0.00000000    -0.00060649   0.00000000
   33   26
 -0.00077708  -0.00000000    -0.00001270  -0.00000000    -0.00119395   0.00000000
  0.00004654  -0.00000000    -0.00193207   0.00000000    -0.00015905   0.00000000
 -0.00112256  -0.00000000    -0.00042109   0.00000000     0.00054979  -0.00000000
   33   27
 -0.00144435   0.00000000    -0.00002987   0.00000000     0.00001126  -0.00000000
  0.00046624  -0.00000000     0.00175743  -0.00000000     0.00003330  -0.00000000
 -0.00002359  -0.00000000     0.00006369  -0.00000000    -0.00152040   0.00000000
   33   28
 -0.00507473   0.00000000    -0.00020467  -0.00000000     0.00021420  -0.00000000
  0.00020467   0.00000000    -0.00015023   0.00000000    -0.00235387   0.00000000
 -0.00021420   0.00000000    -0.00235387   0.00000000     0.00187428  -0.00000000
   33   29
 -0.00049626   0.00000000     0.00008843  -0.00000000     0.00125228   0.00000000
  0.00008843  -0.00000000    -0.00543025  -0.00000000     0.00218692  -0.00000000
 -0.00125228  -0.00000000    -0.00218692   0.00000000    -0.03545646   0.00000000
   33   30
  0.00135329   0.00000000     0.00098164  -0.00000000    -0.00056549  -0.00000000
 -0.00098164   0.00000000    -0.00421976   0.00000000    -0.00016848  -0.00000000
 -0.00056549  -0.00000000     0.00016848   0.00000000     0.00189522   0.00000000
   33   31
  0.00014235  -0.00000000    -0.00014866  -0.00000000    -0.00010585   0.00000000
 -0.00014866  -0.00000000    -0.00043390   0.00000000     0.00023469  -0.00000000
 -0.00010585   0.00000000     0.00023469  -0.00000000     0.00015053   0.00000000
   33   32
  0.00228535  -0.00000000     0.00023529  -0.00000000     0.00039746   0.00000000
 -0.00002896  -0.00000000    -0.00346953   0.00000000    -0.00322261   0.00000000
 -0.00076086   0.00000000    -0.00747404  -0.00000000    -0.01130287   0.00000000
   33   33
  0.12729795   0.00000000    -0.00478783   0.00000000     0.00295200  -0.00000000
 -0.00478783   0.00000000     0.20706002   0.00000000    -0.00209294  -0.00000000
  0.00295200  -0.00000000    -0.00209294  -0.00000000     0.12565271  -0.00000000
   33   34
 -0.00070571   0.00000000    -0.00004786  -0.00000000     0.00001538  -0.00000000
  0.00004786   0.00000000    -0.00024527   0.00000000    -0.00024601   0.00000000
  0.00001538  -0.00000000     0.00024601  -0.00000000    -0.00041859  -0.00000000
   33   35
 -0.00227852   0.00000000     0.00027248   0.00000000     0.00003657   0.00000000
  0.00027248   0.00000000     0.00964483  -0.00000000     0.00005235  -0.00000000
 -0.00003657  -0.00000000    -0.00005235   0.00000000     0.00033511   0.00000000
   33   36
  0.00028528   0.00000000     0.00038685   0.00000000     0.00033027   0.00000000
 -0.00038685  -0.00000000    -0.00076347   0.00000000    -0.00018726  -0.00000000
 -0.00033027   0.00000000    -0.00018726  -0.00000000    -0.00099682   0.00000000
   34    1
 -0.01023238   0.00000000     0.00925622   0.00000000    -0.00723583   0.00000000
  0.00945936  -0.00000000    -0.00513859  -0.00000000     0.00532753   0.00000000
 -0.00724686   0.00000000     0.00539878   0.00000000    -0.00197042  -0.00000000
   34    2
  0.01006247  -0.00000000     0.00943030  -0.00000000    -0.00724451   0.00000000
  0.00938236  -0.00000000     0.00502139  -0.00000000    -0.00541518   0.00000000
 -0.00716871   0.00000000    -0.00540034   0.00000000     0.00200936  -0.00000000
   34    3
  0.00206877   0.00000000     0.00000083   0.00000000    -0.00002679   0.00000000
  0.00007880  -0.00000000    -0.00518616   0.00000000    -0.01082493  -0.00000000
  0.00003303   0.00000000    -0.01084939   0.00000000    -0.01443968  -0.00000000
   34    4
 -0.00054916   0.00000000     0.00009275  -0.00000000    -0.00004346   0.00000000
  0.00007765  -0.00000000    -0.00057334   0.00000000    -0.00008226  -0.00000000
 -0.00006705   0.00000000    -0.00002316   0.00000000    -0.00062209   0.00000000
   34    5
 -0.01410091  -0.00000000     0.03968207  -0.00000000    -0.00859304  -0.00000000
  0.03138008  -0.00000000    -0.04986515   0.00000000     0.01747325   0.00000000
 -0.00957490   0.00000000     0.02298052   0.00000000    -0.00490964   0.00000000
   34    6
  0.00095238  -0.00000000    -0.00019097  -0.00000000     0.00209980  -0.00000000
 -0.00045180  -0.00000000     0.00102579  -0.00000000     0.00015019   0.00000000
  0.00091688  -0.00000000    -0.00359202   0.00000000    -0.00194079   0.00000000
   34    7
  0.00060831   0.00000000    -0.00072034   0.00000000    -0.00196885   0.00000000
 -0.00101934  -0.00000000    -0.05386980  -0.00000000    -0.03966423  -0.00000000
 -0.00169149  -0.00000000    -0.04888150  -0.00000000    -0.02254750  -0.00000000
   34    8
 -0.00151794   0.00000000    -0.00197288   0.00000000     0.00125466  -0.00000000
  0.00089395  -0.00000000     0.00229984  -0.00000000     0.00082418  -0.00000000
 -0.00207049   0.00000000     0.00038897   0.00000000    -0.00019252  -0.00000000
   34    9
 -0.00052351  -0.00000000    -0.00110556   0.00000000     0.00193943  -0.00000000
 -0.00065433   0.00000000    -0.00062293  -0.00000000     0.00118977  -0.00000000
  0.00039322   0.00000000     0.00073842  -0.00000000     0.00069153  -0.00000000
   34   10
  0.00156525  -0.00000000    -0.00042409   0.00000000    -0.00003029   0.00000000
  0.00038833  -0.00000000     0.00064944  -0.00000000    -0.00163305   0.00000000
  0.00062574  -0.00000000    -0.00075202   0.00000000    -0.00243892   0.00000000
   34   11
 -0.00071495  -0.00000000    -0.00044229   0.00000000    -0.00169567  -0.00000000
 -0.00068340   0.00000000     0.00130365   0.00000000    -0.00072767   0.00000000
  0.00108711  -0.00000000    -0.00199128   0.00000000    -0.00147603   0.00000000
   34   12
 -0.00405486   0.00000000     0.00263421  -0.00000000    -0.00042260  -0.00000000
 -0.00067520   0.00000000     0.00224132  -0.00000000     0.00047249  -0.00000000
  0.00045866  -0.00000000     0.00244789   0.00000000     0.00054539  -0.00000000
   34   13
 -0.00094607  -0.00000000     0.00339750  -0.00000000    -0.00153494   0.00000000
  0.00080218  -0.00000000     0.00124831   0.00000000     0.00012744   0.00000000
 -0.00164429  -0.00000000     0.00060187   0.00000000    -0.00268171   0.00000000
   34   14
 -0.00203283   0.00000000     0.00097584  -0.00000000    -0.00210191   0.00000000
  0.00078629  -0.00000000    -0.00092741   0.00000000     0.00105169  -0.00000000
 -0.00139400  -0.00000000     0.00099843  -0.00000000     0.00059031  -0.00000000
   34   15
 -0.01826768  -0.00000000    -0.04307830   0.00000000     0.00970195   0.00000000
 -0.03666275   0.00000000    -0.05386399   0.00000000     0.01921092   0.00000000
  0.01072080  -0.00000000     0.02400155   0.00000000    -0.00373809  -0.00000000
   34   16
  0.00035543  -0.00000000    -0.00321712   0.00000000     0.00116081  -0.00000000
 -0.00085296   0.00000000     0.00111316  -0.00000000    -0.00173690   0.00000000
  0.00198936  -0.00000000     0.00121542  -0.00000000    -0.00088774  -0.00000000
   34   17
  0.00826907  -0.00000000    -0.00638121   0.00000000    -0.00534521   0.00000000
 -0.00281882   0.00000000     0.00339146  -0.00000000     0.00141192  -0.00000000
 -0.00643951   0.00000000     0.00395965  -0.00000000     0.00113137  -0.00000000
   34   18
 -0.02720135  -0.00000000    -0.00226016   0.00000000    -0.01588207   0.00000000
  0.00171199  -0.00000000    -0.00515546  -0.00000000     0.00089281   0.00000000
 -0.01549205   0.00000000    -0.00122770  -0.00000000    -0.00944351   0.00000000
   34   19
  0.00039018  -0.00000000    -0.00216442   0.00000000     0.00293912   0.00000000
 -0.00247630   0.00000000     0.00005194  -0.00000000    -0.00123417   0.00000000
  0.00275078  -0.00000000    -0.00130864   0.00000000    -0.00325406   0.00000000
   34   20
 -0.00029670  -0.00000000     0.00017780  -0.00000000     0.00005546   0.00000000
  0.00052915  -0.00000000    -0.00098874   0.00000000     0.00040686  -0.00000000
  0.00071848   0.00000000    -0.00023250  -0.00000000     0.00007546  -0.00000000
   34   21
  0.00066952  -0.00000000    -0.00023646   0.00000000    -0.00098855  -0.00000000
  0.00007125  -0.00000000     0.00004380   0.00000000    -0.00005630   0.00000000
 -0.00113964   0.00000000    -0.00034910   0.00000000    -0.00068143  -0.00000000
   34   22
 -0.00794504   0.00000000    -0.00647308  -0.00000000    -0.00562233   0.00000000
 -0.00308489   0.00000000    -0.00403439   0.00000000    -0.00165004  -0.00000000
 -0.00557096   0.00000000    -0.00369484  -0.00000000    -0.00159099   0.00000000
   34   23
 -0.02591014  -0.00000000     0.00171084  -0.00000000     0.01380701  -0.00000000
 -0.00206652   0.00000000    -0.00579371  -0.00000000     0.00105972  -0.00000000
  0.01598193   0.00000000    -0.00091208  -0.00000000    -0.00892491   0.00000000
   34   24
  0.00023195  -0.00000000     0.00211660  -0.00000000    -0.00292608  -0.00000000
  0.00207246  -0.00000000     0.00038269  -0.00000000    -0.00125655   0.00000000
 -0.00243874  -0.00000000    -0.00102780  -0.00000000    -0.00307157  -0.00000000
   34   25
 -0.00077708  -0.00000000     0.00001270   0.00000000    -0.00119395   0.00000000
 -0.00004654   0.00000000    -0.00193207   0.00000000     0.00015905  -0.00000000
 -0.00112256  -0.00000000     0.00042109  -0.00000000     0.00054979  -0.00000000
   34   26
  0.00026447   0.00000000     0.00041611  -0.00000000     0.00069347   0.00000000
 -0.00000472   0.00000000    -0.00068070   0.00000000     0.00017243   0.00000000
  0.00074310   0.00000000    -0.00003370   0.00000000    -0.00060649   0.00000000
   34   27
 -0.00144435   0.00000000     0.00002987  -0.00000000     0.00001126  -0.00000000
 -0.00046624   0.00000000     0.00175743  -0.00000000    -0.00003330   0.00000000
 -0.00002359   0.00000000    -0.00006369   0.00000000    -0.00152040   0.00000000
   34   28
 -0.00049626   0.00000000    -0.00008843   0.00000000     0.00125228   0.00000000
 -0.00008843   0.00000000    -0.00543025  -0.00000000    -0.00218692   0.00000000
 -0.00125228  -0.00000000     0.00218692  -0.00000000    -0.03545646   0.00000000
   34   29
 -0.00507473   0.00000000     0.00020467   0.00000000     0.00021420  -0.00000000
 -0.00020467  -0.00000000    -0.00015023   0.00000000     0.00235387  -0.00000000
 -0.00021420   0.00000000     0.00235387  -0.00000000     0.00187428  -0.00000000
   34   30
  0.00014235  -0.00000000     0.00014866   0.00000000    -0.00010585   0.00000000
  0.00014866   0.00000000    -0.00043390   0.00000000    -0.00023469   0.00000000
 -0.00010585   0.00000000    -0.00023469   0.00000000     0.00015053   0.00000000
   34   31
  0.00135329   0.00000000    -0.00098164   0.00000000    -0.00056549  -0.00000000
  0.00098164  -0.00000000    -0.00421976   0.00000000     0.00016848   0.00000000
 -0.00056549  -0.00000000    -0.00016848  -0.00000000     0.00189522   0.00000000
   34   32
  0.00228535  -0.00000000    -0.00023529   0.00000000     0.00039746  -0.00000000
  0.00002896   0.00000000    -0.00346953  -0.00000000     0.00322261   0.00000000
 -0.00076086   0.00000000     0.00747404  -0.00000000    -0.01130287  -0.00000000
   34   33
 -0.00070571   0.00000000     0.00004786   0.00000000     0.00001538  -0.00000000
 -0.00004786  -0.00000000    -0.00024527   0.00000000     0.00024601  -0.00000000
  0.00001538  -0.00000000    -0.00024601   0.00000000    -0.00041859  -0.00000000
   34   34
  0.12729795   0.00000000     0.00478783  -0.00000000     0.00295200  -0.00000000
  0.00478783  -0.00000000     0.20706002   0.00000000     0.00209294   0.00000000
  0.00295200  -0.00000000     0.00209294   0.00000000     0.12565271  -0.00000000
   34   35
  0.00028528   0.00000000    -0.00038685  -0.00000000     0.00033027   0.00000000
  0.00038685   0.00000000    -0.00076347   0.00000000     0.00018726   0.00000000
 -0.00033027   0.00000000     0.00018726   0.00000000    -0.00099682   0.00000000
   34   36
 -0.00227852   0.00000000    -0.00027248  -0.00000000     0.00003657   0.00000000
 -0.00027248  -0.00000000     0.00964483  -0.00000000    -0.00005235   0.00000000
 -0.00003657  -0.00000000     0.00005235  -0.00000000     0.00033511   0.00000000
   35    1
  0.01006247  -0.00000000    -0.00943030   0.00000000     0.00724451  -0.00000000
 -0.00938236   0.00000000     0.00502139  -0.00000000    -0.00541518   0.00000000
  0.00716871  -0.00000000    -0.00540034   0.00000000     0.00200936  -0.00000000
   35    2
 -0.01023238   0.00000000    -0.00925622  -0.00000000     0.00723583  -0.00000000
 -0.00945936   0.00000000    -0.00513859  -0.00000000     0.00532753   0.00000000
  0.00724686  -0.00000000     0.00539878   0.00000000    -0.00197042  -0.00000000
   35    3
 -0.00206877   0.00000000     0.00000083  -0.00000000    -0.00002679  -0.00000000
  0.00007880  -0.00000000     0.00518616  -0.00000000     0.01082493  -0.00000000
  0.00003303  -0.00000000     0.01084939  -0.00000000     0.01443968  -0.00000000
   35    4
  0.00054916  -0.00000000     0.00009275   0.00000000    -0.00004346   0.00000000
  0.00007765   0.00000000     0.00057334  -0.00000000     0.00008226  -0.00000000
 -0.00006705   0.00000000     0.00002316  -0.00000000     0.00062209  -0.00000000
   35    5
  0.00095238  -0.00000000     0.00019097   0.00000000    -0.00209980  -0.00000000
  0.00045180   0.00000000     0.00102579  -0.00000000     0.00015019   0.00000000
 -0.00091688   0.00000000    -0.00359202   0.00000000    -0.00194079   0.00000000
   35    6
 -0.01410091   0.00000000    -0.03968207   0.00000000     0.00859304  -0.00000000
 -0.03138008   0.00000000    -0.04986515   0.00000000     0.01747325  -0.00000000
  0.00957490  -0.00000000     0.02298052  -0.00000000    -0.00490964   0.00000000
   35    7
  0.00060831   0.00000000     0.00072034  -0.00000000     0.00196885  -0.00000000
  0.00101934  -0.00000000    -0.05386980  -0.00000000    -0.03966423  -0.00000000
  0.00169149   0.00000000    -0.04888150  -0.00000000    -0.02254750  -0.00000000
   35    8
 -0.00052351  -0.00000000     0.00110556  -0.00000000    -0.00193943   0.00000000
  0.00065433  -0.00000000    -0.00062293   0.00000000     0.00118977  -0.00000000
 -0.00039322  -0.00000000     0.00073842  -0.00000000     0.00069153  -0.00000000
   35    9
 -0.00151794   0.00000000     0.00197288  -0.00000000    -0.00125466   0.00000000
 -0.00089395   0.00000000     0.00229984  -0.00000000     0.00082418  -0.00000000
  0.00207049  -0.00000000     0.00038897   0.00000000    -0.00019252  -0.00000000
   35   10
  0.00156525  -0.00000000     0.00042409  -0.00000000     0.00003029  -0.00000000
 -0.00038833   0.00000000     0.00064944  -0.00000000    -0.00163305   0.00000000
 -0.00062574   0.00000000    -0.00075202   0.00000000    -0.00243892   0.00000000
   35   11
 -0.01826768  -0.00000000     0.04307830  -0.00000000    -0.00970195  -0.00000000
  0.03666275  -0.00000000    -0.05386399   0.00000000     0.01921092   0.00000000
 -0.01072080   0.00000000     0.02400155   0.00000000    -0.00373809  -0.00000000
   35   12
 -0.00203283  -0.00000000    -0.00097584  -0.00000000     0.00210191  -0.00000000
 -0.00078629   0.00000000    -0.00092741   0.00000000     0.00105169  -0.00000000
  0.00139400   0.00000000     0.00099843  -0.00000000     0.00059031  -0.00000000
   35   13
  0.00035543  -0.00000000     0.00321712  -0.00000000    -0.00116081   0.00000000
  0.00085296  -0.00000000     0.00111316  -0.00000000    -0.00173690   0.00000000
 -0.00198936  -0.00000000     0.00121542   0.00000000    -0.00088774  -0.00000000
   35   14
 -0.00405486   0.00000000    -0.00263421   0.00000000     0.00042260   0.00000000
  0.00067520  -0.00000000     0.00224132  -0.00000000     0.00047249  -0.00000000
 -0.00045866  -0.00000000     0.00244789   0.00000000     0.00054539   0.00000000
   35   15
 -0.00071495  -0.00000000     0.00044229  -0.00000000     0.00169567   0.00000000
  0.00068340  -0.00000000     0.00130365   0.00000000    -0.00072767   0.00000000
 -0.00108711   0.00000000    -0.00199128   0.00000000    -0.00147603   0.00000000
   35   16
 -0.00094607   0.00000000    -0.00339750   0.00000000     0.00153494  -0.00000000
 -0.00080218   0.00000000     0.00124831  -0.00000000     0.00012744   0.00000000
  0.00164429   0.00000000     0.00060187   0.00000000    -0.00268171   0.00000000
   35   17
  0.00826907  -0.00000000     0.00638121  -0.00000000     0.00534521  -0.00000000
  0.00281882  -0.00000000     0.00339146  -0.00000000     0.00141192  -0.00000000
  0.00643951  -0.00000000     0.00395965  -0.00000000     0.00113137  -0.00000000
   35   18
  0.00026447   0.00000000    -0.00041611   0.00000000    -0.00069347  -0.00000000
  0.00000472  -0.00000000    -0.00068070   0.00000000     0.00017243  -0.00000000
 -0.00074310  -0.00000000    -0.00003370   0.00000000    -0.00060649  -0.00000000
   35   19
 -0.00077708   0.00000000    -0.00001270  -0.00000000     0.00119395  -0.00000000
  0.00004654  -0.00000000    -0.00193207   0.00000000     0.00015905  -0.00000000
  0.00112256  -0.00000000     0.00042109  -0.00000000     0.00054979  -0.00000000
   35   20
  0.00023195  -0.00000000    -0.00211660   0.00000000     0.00292608  -0.00000000
 -0.00207246   0.00000000     0.00038269  -0.00000000    -0.00125655   0.00000000
  0.00243874   0.00000000    -0.00102780   0.00000000    -0.00307157   0.00000000
   35   21
 -0.02591014  -0.00000000    -0.00171084   0.00000000    -0.01380701   0.00000000
  0.00206652  -0.00000000    -0.00579371  -0.00000000     0.00105972  -0.00000000
 -0.01598193  -0.00000000    -0.00091208  -0.00000000    -0.00892491   0.00000000
   35   22
 -0.00794504   0.00000000     0.00647308   0.00000000     0.00562233  -0.00000000
  0.00308489  -0.00000000    -0.00403439   0.00000000    -0.00165004  -0.00000000
  0.00557096  -0.00000000    -0.00369484  -0.00000000    -0.00159099   0.00000000
   35   23
  0.00066952  -0.00000000     0.00023646  -0.00000000     0.00098855   0.00000000
 -0.00007125   0.00000000     0.00004380   0.00000000    -0.00005630  -0.00000000
  0.00113964  -0.00000000    -0.00034910   0.00000000    -0.00068143   0.00000000
   35   24
 -0.00029670  -0.00000000    -0.00017780   0.00000000    -0.00005546   0.00000000
 -0.00052915   0.00000000    -0.00098874   0.00000000     0.00040686  -0.00000000
 -0.00071848  -0.00000000    -0.00023250  -0.00000000     0.00007546   0.00000000
   35   25
  0.00039018  -0.00000000     0.00216442  -0.00000000    -0.00293912  -0.00000000
  0.00247630  -0.00000000     0.00005194  -0.00000000    -0.00123417   0.00000000
 -0.00275078  -0.00000000    -0.00130864   0.00000000    -0.00325406  -0.00000000
   35   26
 -0.02720135   0.00000000     0.00226016  -0.00000000     0.01588207  -0.00000000
 -0.00171199   0.00000000    -0.00515546   0.00000000     0.00089281  -0.00000000
  0.01549205  -0.00000000    -0.00122770   0.00000000    -0.00944351   0.00000000
   35   27
 -0.00228535   0.00000000    -0.00023529   0.00000000     0.00039746  -0.00000000
  0.00002896  -0.00000000     0.00346953  -0.00000000    -0.00322261   0.00000000
 -0.00076086   0.00000000    -0.00747404   0.00000000     0.01130287  -0.00000000
   35   28
  0.00135329   0.00000000     0.00098164  -0.00000000     0.00056549   0.00000000
 -0.00098164   0.00000000    -0.00421976   0.00000000     0.00016848   0.00000000
  0.00056549   0.00000000    -0.00016848  -0.00000000     0.00189522   0.00000000
   35   29
  0.00014235  -0.00000000    -0.00014866  -0.00000000     0.00010585  -0.00000000
 -0.00014866  -0.00000000    -0.00043390   0.00000000    -0.00023469   0.00000000
  0.00010585  -0.00000000    -0.00023469   0.00000000     0.00015053  -0.00000000
   35   30
 -0.00507473   0.00000000    -0.00020467  -0.00000000    -0.00021420   0.00000000
  0.00020467   0.00000000    -0.00015023   0.00000000     0.00235387  -0.00000000
  0.00021420  -0.00000000     0.00235387  -0.00000000     0.00187428  -0.00000000
   35   31
 -0.00049626   0.00000000     0.00008843  -0.00000000    -0.00125228  -0.00000000
  0.00008843  -0.00000000    -0.00543025  -0.00000000    -0.00218692   0.00000000
  0.00125228   0.00000000     0.00218692  -0.00000000    -0.03545646   0.00000000
   35   32
  0.00144435   0.00000000     0.00002987  -0.00000000     0.00001126   0.00000000
 -0.00046624   0.00000000    -0.00175743   0.00000000     0.00003330   0.00000000
 -0.00002359   0.00000000     0.00006369  -0.00000000     0.00152040   0.00000000
   35   33
 -0.00227852   0.00000000     0.00027248   0.00000000    -0.00003657  -0.00000000
  0.00027248   0.00000000     0.00964483  -0.00000000    -0.00005235   0.00000000
  0.00003657   0.00000000     0.00005235  -0.00000000     0.00033511   0.00000000
   35   34
  0.00028528   0.00000000     0.00038685   0.00000000    -0.00033027   0.00000000
 -0.00038685  -0.00000000    -0.00076347   0.00000000     0.00018726   0.00000000
  0.00033027   0.00000000     0.00018726   0.00000000    -0.00099682   0.00000000
   35   35
  0.12729795   0.00000000    -0.00478783   0.00000000    -0.00295200   0.00000000
 -0.00478783   0.00000000     0.20706002   0.00000000     0.00209294   0.00000000
 -0.00295200   0.00000000     0.00209294   0.00000000     0.12565271  -0.00000000
   35   36
 -0.00070571   0.00000000    -0.00004786  -0.00000000    -0.00001538   0.00000000
  0.00004786   0.00000000    -0.00024527   0.00000000     0.00024601  -0.00000000
 -0.00001538   0.00000000    -0.00024601   0.00000000    -0.00041859  -0.00000000
   36    1
  0.01006247  -0.00000000     0.00943030  -0.00000000     0.00724451  -0.00000000
  0.00938236  -0.00000000     0.00502139  -0.00000000     0.00541518  -0.00000000
  0.00716871  -0.00000000     0.00540034  -0.00000000     0.00200936  -0.00000000
   36    2
 -0.01023238   0.00000000     0.00925622   0.00000000     0.00723583  -0.00000000
  0.00945936  -0.00000000    -0.00513859  -0.00000000    -0.00532753  -0.00000000
  0.00724686  -0.00000000    -0.00539878  -0.00000000    -0.00197042  -0.00000000
   36    3
 -0.00206877   0.00000000    -0.00000083  -0.00000000    -0.00002679  -0.00000000
 -0.00007880   0.00000000     0.00518616  -0.00000000    -0.01082493   0.00000000
  0.00003303  -0.00000000    -0.01084939   0.00000000     0.01443968  -0.00000000
   36    4
  0.00054916   0.00000000    -0.00009275   0.00000000    -0.00004346   0.00000000
 -0.00007765   0.00000000     0.00057334  -0.00000000    -0.00008226   0.00000000
 -0.00006705   0.00000000    -0.00002316   0.00000000     0.00062209  -0.00000000
   36    5
 -0.00405486   0.00000000     0.00263421  -0.00000000     0.00042260   0.00000000
 -0.00067520   0.00000000     0.00224132  -0.00000000    -0.00047249   0.00000000
 -0.00045866  -0.00000000    -0.00244789  -0.00000000     0.00054539   0.00000000
   36    6
 -0.00203283  -0.00000000     0.00097584   0.00000000     0.00210191  -0.00000000
  0.00078629  -0.00000000    -0.00092741   0.00000000    -0.00105169   0.00000000
  0.00139400   0.00000000    -0.00099843   0.00000000     0.00059031  -0.00000000
   36    7
  0.00156525  -0.00000000    -0.00042409   0.00000000     0.00003029  -0.00000000
  0.00038833  -0.00000000     0.00064944  -0.00000000     0.00163305  -0.00000000
 -0.00062574   0.00000000     0.00075202  -0.00000000    -0.00243892   0.00000000
   36    8
 -0.01826768  -0.00000000    -0.04307830   0.00000000    -0.00970195  -0.00000000
 -0.03666275   0.00000000    -0.05386399   0.00000000    -0.01921092  -0.00000000
 -0.01072080   0.00000000    -0.02400155  -0.00000000    -0.00373809  -0.00000000
   36    9
 -0.00071495  -0.00000000    -0.00044229   0.00000000     0.00169567   0.00000000
 -0.00068340   0.00000000     0.00130365   0.00000000     0.00072767  -0.00000000
 -0.00108711   0.00000000     0.00199128  -0.00000000    -0.00147603   0.00000000
   36   10
  0.00060831   0.00000000    -0.00072034   0.00000000     0.00196885  -0.00000000
 -0.00101934   0.00000000    -0.05386980  -0.00000000     0.03966423   0.00000000
  0.00169149   0.00000000     0.04888150   0.00000000    -0.02254750  -0.00000000
   36   11
 -0.00052351  -0.00000000    -0.00110556   0.00000000    -0.00193943   0.00000000
 -0.00065433   0.00000000    -0.00062293   0.00000000    -0.00118977   0.00000000
 -0.00039322  -0.00000000    -0.00073842   0.00000000     0.00069153  -0.00000000
   36   12
 -0.01410091   0.00000000     0.03968207  -0.00000000     0.00859304  -0.00000000
  0.03138008  -0.00000000    -0.04986515   0.00000000    -0.01747325   0.00000000
  0.00957490  -0.00000000    -0.02298052   0.00000000    -0.00490964   0.00000000
   36   13
 -0.00094607   0.00000000     0.00339750  -0.00000000     0.00153494  -0.00000000
  0.00080218  -0.00000000     0.00124831  -0.00000000    -0.00012744  -0.00000000
  0.00164429   0.00000000    -0.00060187  -0.00000000    -0.00268171   0.00000000
   36   14
  0.00095238  -0.00000000    -0.00019097  -0.00000000    -0.00209980  -0.00000000
 -0.00045180  -0.00000000     0.00102579  -0.00000000    -0.00015019  -0.00000000
 -0.00091688   0.00000000     0.00359202  -0.00000000    -0.00194079   0.00000000
   36   15
 -0.00151794   0.00000000    -0.00197288   0.00000000    -0.00125466   0.00000000
  0.00089395  -0.00000000     0.00229984  -0.00000000    -0.00082418   0.00000000
  0.00207049  -0.00000000    -0.00038897  -0.00000000    -0.00019252  -0.00000000
   36   16
  0.00035543  -0.00000000    -0.00321712   0.00000000    -0.00116081   0.00000000
 -0.00085296   0.00000000     0.00111316  -0.00000000     0.00173690  -0.00000000
 -0.00198936  -0.00000000    -0.00121542  -0.00000000    -0.00088774  -0.00000000
   36   17
  0.00826907  -0.00000000    -0.00638121   0.00000000     0.00534521  -0.00000000
 -0.00281882   0.00000000     0.00339146  -0.00000000    -0.00141192   0.00000000
  0.00643951  -0.00000000    -0.00395965   0.00000000     0.00113137  -0.00000000
   36   18
 -0.00077708   0.00000000     0.00001270   0.00000000     0.00119395  -0.00000000
 -0.00004654   0.00000000    -0.00193207   0.00000000    -0.00015905   0.00000000
  0.00112256  -0.00000000    -0.00042109   0.00000000     0.00054979  -0.00000000
   36   19
  0.00026447   0.00000000     0.00041611  -0.00000000    -0.00069347  -0.00000000
 -0.00000472   0.00000000    -0.00068070   0.00000000    -0.00017243   0.00000000
 -0.00074310  -0.00000000     0.00003370  -0.00000000    -0.00060649  -0.00000000
   36   20
 -0.02591014  -0.00000000     0.00171084  -0.00000000    -0.01380701   0.00000000
 -0.00206652   0.00000000    -0.00579371  -0.00000000    -0.00105972   0.00000000
 -0.01598193  -0.00000000     0.00091208   0.00000000    -0.00892491   0.00000000
   36   21
  0.00023195  -0.00000000     0.00211660  -0.00000000     0.00292608  -0.00000000
  0.00207246  -0.00000000     0.00038269  -0.00000000     0.00125655  -0.00000000
  0.00243874   0.00000000     0.00102780  -0.00000000    -0.00307157   0.00000000
   36   22
 -0.00794504   0.00000000    -0.00647308  -0.00000000     0.00562233  -0.00000000
 -0.00308489   0.00000000    -0.00403439   0.00000000     0.00165004   0.00000000
  0.00557096  -0.00000000     0.00369484   0.00000000    -0.00159099   0.00000000
   36   23
 -0.00029670  -0.00000000     0.00017780  -0.00000000    -0.00005546   0.00000000
  0.00052915  -0.00000000    -0.00098874   0.00000000    -0.00040686   0.00000000
 -0.00071848  -0.00000000     0.00023250   0.00000000     0.00007546   0.00000000
   36   24
  0.00066952  -0.00000000    -0.00023646   0.00000000     0.00098855   0.00000000
  0.00007125  -0.00000000     0.00004380   0.00000000     0.00005630   0.00000000
  0.00113964  -0.00000000     0.00034910  -0.00000000    -0.00068143   0.00000000
   36   25
 -0.02720135   0.00000000    -0.00226016   0.00000000     0.01588207  -0.00000000
  0.00171199  -0.00000000    -0.00515546   0.00000000    -0.00089281   0.00000000
  0.01549205  -0.00000000     0.00122770  -0.00000000    -0.00944351   0.00000000
   36   26
  0.00039018  -0.00000000    -0.00216442   0.00000000    -0.00293912  -0.00000000
 -0.00247630   0.00000000     0.00005194  -0.00000000     0.00123417  -0.00000000
 -0.00275078  -0.00000000     0.00130864  -0.00000000    -0.00325406  -0.00000000
   36   27
 -0.00228535   0.00000000     0.00023529  -0.00000000     0.00039746  -0.00000000
 -0.00002896  -0.00000000     0.00346953  -0.00000000     0.00322261  -0.00000000
 -0.00076086   0.00000000     0.00747404  -0.00000000     0.01130287  -0.00000000
   36   28
  0.00014235  -0.00000000     0.00014866   0.00000000     0.00010585  -0.00000000
  0.00014866   0.00000000    -0.00043390   0.00000000     0.00023469  -0.00000000
  0.00010585  -0.00000000     0.00023469  -0.00000000     0.00015053  -0.00000000
   36   29
  0.00135329   0.00000000    -0.00098164   0.00000000     0.00056549   0.00000000
  0.00098164  -0.00000000    -0.00421976   0.00000000    -0.00016848  -0.00000000
  0.00056549   0.00000000     0.00016848   0.00000000     0.00189522   0.00000000
   36   30
 -0.00049626   0.00000000    -0.00008843   0.00000000    -0.00125228  -0.00000000
 -0.00008843   0.00000000    -0.00543025  -0.00000000     0.00218692  -0.00000000
  0.00125228   0.00000000    -0.00218692   0.00000000    -0.03545646   0.00000000
   36   31
 -0.00507473   0.00000000     0.00020467   0.00000000    -0.00021420   0.00000000
 -0.00020467  -0.00000000    -0.00015023   0.00000000    -0.00235387   0.00000000
  0.00021420  -0.00000000    -0.00235387   0.00000000     0.00187428  -0.00000000
   36   32
  0.00144435  -0.00000000    -0.00002987   0.00000000     0.00001126   0.00000000
  0.00046624  -0.00000000    -0.00175743   0.00000000    -0.00003330   0.00000000
 -0.00002359   0.00000000    -0.00006369  -0.00000000     0.00152040  -0.00000000
   36   33
  0.00028528   0.00000000    -0.00038685  -0.00000000    -0.00033027   0.00000000
  0.00038685   0.00000000    -0.00076347   0.00000000    -0.00018726  -0.00000000
  0.00033027   0.00000000    -0.00018726  -0.00000000    -0.00099682   0.00000000
   36   34
 -0.00227852   0.00000000    -0.00027248  -0.00000000    -0.00003657  -0.00000000
 -0.00027248  -0.00000000     0.00964483  -0.00000000     0.00005235  -0.00000000
  0.00003657   0.00000000    -0.00005235   0.00000000     0.00033511   0.00000000
   36   35
 -0.00070571   0.00000000     0.00004786   0.00000000    -0.00001538   0.00000000
 -0.00004786  -0.00000000    -0.00024527   0.00000000    -0.00024601   0.00000000
 -0.00001538   0.00000000     0.00024601  -0.00000000    -0.00041859  -0.00000000
   36   36
  0.12729795   0.00000000     0.00478783  -0.00000000    -0.00295200   0.00000000
  0.00478783  -0.00000000     0.20706002   0.00000000    -0.00209294  -0.00000000
 -0.00295200   0.00000000    -0.00209294  -0.00000000     0.12565271  -0.00000000

     Diagonalizing the dynamical matrix

     q = (    0.000000000   0.751036524   0.000000000 )

 **************************************************************************
     freq (   1) =       0.807476 [THz] =      26.934516 [cm-1]
( -0.000000  0.000000 -0.000000 -0.000000  0.000859 -0.000000 )
( -0.000000  0.000000  0.000000  0.000000  0.000859 -0.000000 )
(  0.008401  0.000000  0.000000  0.000000 -0.000000 -0.000000 )
(  0.008401  0.000000  0.000000 -0.000000 -0.000000 -0.000000 )
(  0.014284 -0.000000 -0.000000 -0.000000 -0.154482  0.000000 )
( -0.014284 -0.000000  0.000000  0.000000 -0.154482 -0.000000 )
(  0.000000 -0.000000  0.000000  0.000000 -0.130412 -0.000000 )
(  0.017397 -0.000000  0.000000 -0.000000 -0.156123 -0.000000 )
( -0.017397 -0.000000 -0.000000 -0.000000 -0.156123 -0.000000 )
(  0.000000 -0.000000  0.000000 -0.000000 -0.130412 -0.000000 )
(  0.017397 -0.000000  0.000000 -0.000000 -0.156123  0.000000 )
( -0.014284 -0.000000  0.000000 -0.000000 -0.154482  0.000000 )
(  0.000000 -0.000000  0.000000 -0.000000 -0.129628 -0.000000 )
(  0.014284 -0.000000 -0.000000 -0.000000 -0.154482 -0.000000 )
( -0.017397 -0.000000 -0.000000  0.000000 -0.156123 -0.000000 )
(  0.000000 -0.000000  0.000000  0.000000 -0.129628 -0.000000 )
( -0.000000  0.000000  0.000000 -0.000000  0.246583  0.000000 )
(  0.000000 -0.000000 -0.000699  0.000000 -0.173182 -0.000000 )
(  0.000000 -0.000000  0.000699  0.000000 -0.173182 -0.000000 )
(  0.000000 -0.000000 -0.000795 -0.000000 -0.174648 -0.000000 )
(  0.000000 -0.000000  0.000795 -0.000000 -0.174648 -0.000000 )
(  0.000000 -0.000000  0.000000 -0.000000 -0.253491  0.000000 )
(  0.000000 -0.000000  0.000795  0.000000 -0.174648 -0.000000 )
(  0.000000 -0.000000 -0.000795 -0.000000 -0.174648 -0.000000 )
(  0.000000 -0.000000  0.000699 -0.000000 -0.173182 -0.000000 )
(  0.000000 -0.000000 -0.000699 -0.000000 -0.173182 -0.000000 )
( -0.001481  0.000000 -0.000000  0.000000  0.248094  0.000000 )
( -0.000390 -0.000000  0.001791 -0.000000 -0.175741 -0.000000 )
( -0.000390 -0.000000 -0.001791  0.000000 -0.175741 -0.000000 )
(  0.000390 -0.000000 -0.001791 -0.000000 -0.175741 -0.000000 )
(  0.000390 -0.000000  0.001791  0.000000 -0.175741 -0.000000 )
( -0.001481 -0.000000 -0.000000 -0.000000 -0.248094 -0.000000 )
(  0.000390 -0.000000  0.001791 -0.000000 -0.175741 -0.000000 )
(  0.000390 -0.000000 -0.001791 -0.000000 -0.175741 -0.000000 )
( -0.000390 -0.000000 -0.001791  0.000000 -0.175741 -0.000000 )
( -0.000390 -0.000000  0.001791 -0.000000 -0.175741 -0.000000 )
     freq (   2) =       0.846988 [THz] =      28.252474 [cm-1]
(  0.001628 -0.000000 -0.000000  0.000000  0.000000 -0.000000 )
(  0.001628 -0.000000 -0.000000 -0.000000 -0.000000  0.000000 )
(  0.000000 -0.000000  0.000000 -0.000000  0.003618  0.000000 )
( -0.000000 -0.000000 -0.000000  0.000000  0.003618  0.000000 )
( -0.136783 -0.000000 -0.000000  0.000000  0.011290 -0.000000 )
( -0.136783 -0.000000 -0.000000 -0.000000 -0.011290  0.000000 )
( -0.159061  0.000000  0.000000 -0.000000 -0.000000 -0.000000 )
( -0.140237 -0.000000  0.000000 -0.000000  0.013021 -0.000000 )
( -0.140237 -0.000000  0.000000  0.000000 -0.013021 -0.000000 )
( -0.159061 -0.000000  0.000000  0.000000 -0.000000 -0.000000 )
( -0.140237  0.000000  0.000000  0.000000  0.013021 -0.000000 )
( -0.136783  0.000000 -0.000000  0.000000 -0.011290 -0.000000 )
( -0.157916 -0.000000  0.000000  0.000000 -0.000000  0.000000 )
( -0.136783  0.000000 -0.000000 -0.000000  0.011290 -0.000000 )
( -0.140237  0.000000  0.000000  0.000000 -0.013021 -0.000000 )
( -0.157916 -0.000000  0.000000 -0.000000 -0.000000 -0.000000 )
(  0.237657  0.000000  0.000000  0.000000  0.000000  0.000000 )
( -0.177448 -0.000000  0.000000 -0.000000 -0.000000 -0.000000 )
( -0.177448 -0.000000  0.000000 -0.000000 -0.000000  0.000000 )
( -0.180959 -0.000000  0.000000  0.000000 -0.000000 -0.000000 )
( -0.180959 -0.000000 -0.000000  0.000000 -0.000000 -0.000000 )
( -0.246241  0.000000  0.000000  0.000000 -0.000000 -0.000000 )
( -0.180959 -0.000000  0.000000 -0.000000 -0.000000 -0.000000 )
( -0.180959 -0.000000  0.000000 -0.000000 -0.000000 -0.000000 )
( -0.177448 -0.000000 -0.000000  0.000000 -0.000000 -0.000000 )
( -0.177448 -0.000000 -0.000000  0.000000 -0.000000  0.000000 )
(  0.240227  0.000000 -0.000000  0.000000 -0.001974  0.000000 )
( -0.178627 -0.000000 -0.002533  0.000000 -0.001154  0.000000 )
( -0.178627 -0.000000  0.002533  0.000000 -0.001154 -0.000000 )
( -0.178627 -0.000000 -0.002533 -0.000000  0.001154  0.000000 )
( -0.178627 -0.000000  0.002533 -0.000000  0.001154 -0.000000 )
( -0.240227 -0.000000  0.000000  0.000000 -0.001974 -0.000000 )
( -0.178627 -0.000000  0.002533  0.000000  0.001154 -0.000000 )
( -0.178627 -0.000000 -0.002533  0.000000  0.001154 -0.000000 )
( -0.178627 -0.000000  0.002533 -0.000000 -0.001154  0.000000 )
( -0.178627 -0.000000 -0.002533 -0.000000 -0.001154 -0.000000 )
     freq (   3) =       1.043098 [THz] =      34.793993 [cm-1]
(  0.000000 -0.000000  0.000000 -0.000000 -0.000000  0.000000 )
( -0.000000  0.000000 -0.000000  0.000000  0.000000 -0.000000 )
(  0.000000 -0.000000 -0.572413  0.000000  0.000000 -0.000000 )
( -0.000000  0.000000 -0.572413 -0.000000 -0.000000  0.000000 )
( -0.000000  0.000000  0.070156  0.000000 -0.000000  0.000000 )
( -0.000000  0.000000 -0.070156 -0.000000  0.000000 -0.000000 )
(  0.000000 -0.000000  0.000000  0.000000 -0.000000 -0.000000 )
( -0.000000  0.000000 -0.068897 -0.000000  0.000000 -0.000000 )
( -0.000000  0.000000  0.068897  0.000000 -0.000000  0.000000 )
( -0.000000  0.000000  0.000000  0.000000 -0.000000  0.000000 )
(  0.000000 -0.000000 -0.068897 -0.000000 -0.000000  0.000000 )
(  0.000000 -0.000000 -0.070156 -0.000000 -0.000000  0.000000 )
(  0.000000 -0.000000  0.000000  0.000000  0.000000 -0.000000 )
(  0.000000 -0.000000  0.070156  0.000000  0.000000 -0.000000 )
(  0.000000 -0.000000  0.068897  0.000000  0.000000 -0.000000 )
(  0.000000 -0.000000  0.000000  0.000000 -0.000000  0.000000 )
( -0.000000  0.000000  0.000000 -0.000000  0.000000 -0.000000 )
(  0.165692  0.000000 -0.000000  0.000000 -0.000000  0.000000 )
( -0.165692 -0.000000 -0.000000  0.000000  0.000000 -0.000000 )
(  0.158849  0.000000  0.000000 -0.000000 -0.000000  0.000000 )
( -0.158849 -0.000000  0.000000 -0.000000  0.000000 -0.000000 )
(  0.000000 -0.000000  0.000000  0.000000 -0.000000  0.000000 )
( -0.158849 -0.000000 -0.000000  0.000000 -0.000000  0.000000 )
(  0.158849  0.000000 -0.000000  0.000000  0.000000 -0.000000 )
( -0.165692 -0.000000  0.000000 -0.000000 -0.000000  0.000000 )
(  0.165692  0.000000  0.000000 -0.000000  0.000000 -0.000000 )
( -0.000000  0.000000  0.101202  0.000000  0.000000 -0.000000 )
( -0.008485 -0.000000 -0.038919 -0.000000 -0.088096 -0.000000 )
(  0.008485  0.000000 -0.038919 -0.000000  0.088096  0.000000 )
(  0.008485 -0.000000  0.038919  0.000000 -0.088096 -0.000000 )
( -0.008485  0.000000  0.038919  0.000000  0.088096  0.000000 )
(  0.000000 -0.000000  0.101202  0.000000 -0.000000  0.000000 )
( -0.008485 -0.000000  0.038919 -0.000000  0.088096 -0.000000 )
(  0.008485  0.000000  0.038919 -0.000000 -0.088096  0.000000 )
(  0.008485  0.000000 -0.038919  0.000000  0.088096 -0.000000 )
( -0.008485 -0.000000 -0.038919  0.000000 -0.088096  0.000000 )
     freq (   4) =       1.045154 [THz] =      34.862590 [cm-1]
( -0.000000 -0.000000 -0.267975  0.000000 -0.000000 -0.000000 )
( -0.000000 -0.000000  0.267975 -0.000000  0.000000  0.000000 )
(  0.000000 -0.000000  0.322927 -0.000000 -0.000000 -0.000000 )
( -0.000000 -0.000000 -0.322927  0.000000  0.000000  0.000000 )
(  0.201233 -0.000000  0.000000  0.000000  0.066551 -0.000000 )
(  0.201233 -0.000000 -0.000000 -0.000000 -0.066551  0.000000 )
( -0.047266  0.000000  0.000000  0.000000  0.000000 -0.000000 )
(  0.150398 -0.000000 -0.000000 -0.000000 -0.023403  0.000000 )
(  0.150398 -0.000000  0.000000  0.000000  0.023403 -0.000000 )
(  0.047266 -0.000000  0.000000  0.000000  0.000000 -0.000000 )
( -0.150398  0.000000 -0.000000 -0.000000  0.023403 -0.000000 )
( -0.201233  0.000000 -0.000000 -0.000000  0.066551 -0.000000 )
(  0.000000  0.000000 -0.000000 -0.000000 -0.093322  0.000000 )
( -0.201233  0.000000  0.000000  0.000000 -0.066551  0.000000 )
( -0.150398  0.000000  0.000000  0.000000 -0.023403  0.000000 )
(  0.000000  0.000000 -0.000000 -0.000000  0.093322 -0.000000 )
( -0.000000 -0.000000  0.000000  0.000000 -0.000000  0.000000 )
(  0.000000  0.000000  0.162870 -0.000000  0.087393 -0.000000 )
( -0.000000 -0.000000  0.162870 -0.000000 -0.087393  0.000000 )
(  0.000000  0.000000 -0.079540  0.000000  0.088598 -0.000000 )
( -0.000000 -0.000000 -0.079540  0.000000 -0.088598  0.000000 )
(  0.000000  0.000000  0.000000  0.000000  0.000000 -0.000000 )
( -0.000000 -0.000000  0.079540 -0.000000  0.088598 -0.000000 )
(  0.000000  0.000000  0.079540 -0.000000 -0.088598  0.000000 )
( -0.000000 -0.000000 -0.162870  0.000000  0.087393 -0.000000 )
(  0.000000  0.000000 -0.162870  0.000000 -0.087393  0.000000 )
( -0.000000 -0.000000  0.000000  0.000000 -0.000000  0.000000 )
(  0.003422  0.000000 -0.110989  0.000000 -0.087722  0.000000 )
( -0.003422  0.000000 -0.110989  0.000000  0.087722 -0.000000 )
( -0.003422  0.000000  0.110989 -0.000000 -0.087722  0.000000 )
(  0.003422  0.000000  0.110989 -0.000000  0.087722 -0.000000 )
(  0.000000  0.000000  0.000000  0.000000  0.000000 -0.000000 )
( -0.003422  0.000000 -0.110989  0.000000 -0.087722  0.000000 )
(  0.003422  0.000000 -0.110989  0.000000  0.087722 -0.000000 )
(  0.003422  0.000000  0.110989 -0.000000 -0.087722  0.000000 )
( -0.003422  0.000000  0.110989 -0.000000  0.087722 -0.000000 )
     freq (   5) =       1.113473 [THz] =      37.141463 [cm-1]
( -0.000000 -0.000000 -0.568064 -0.000000  0.000000 -0.000000 )
(  0.000000  0.000000 -0.568064  0.000000 -0.000000  0.000000 )
( -0.000000 -0.000000 -0.000000  0.000000 -0.000000  0.000000 )
(  0.000000 -0.000000  0.000000  0.000000  0.000000 -0.000000 )
( -0.000000  0.000000 -0.076412  0.000000 -0.000000  0.000000 )
( -0.000000  0.000000 -0.076412  0.000000  0.000000 -0.000000 )
(  0.000000 -0.000000  0.008029  0.000000  0.000000 -0.000000 )
( -0.000000  0.000000  0.071493  0.000000  0.000000 -0.000000 )
( -0.000000  0.000000  0.071493  0.000000 -0.000000  0.000000 )
( -0.000000  0.000000  0.008029  0.000000 -0.000000  0.000000 )
(  0.000000 -0.000000  0.071493  0.000000 -0.000000  0.000000 )
(  0.000000 -0.000000 -0.076412  0.000000 -0.000000  0.000000 )
(  0.000000 -0.000000 -0.011130  0.000000  0.000000 -0.000000 )
(  0.000000 -0.000000 -0.076412  0.000000  0.000000 -0.000000 )
(  0.000000 -0.000000  0.071493  0.000000  0.000000 -0.000000 )
(  0.000000 -0.000000 -0.011130  0.000000 -0.000000  0.000000 )
( -0.000000  0.000000  0.101380 -0.000000 -0.000000 -0.000000 )
( -0.000000 -0.000000 -0.049371  0.000000 -0.090974 -0.000000 )
(  0.000000  0.000000 -0.049371  0.000000  0.090974  0.000000 )
(  0.000000 -0.000000  0.038430  0.000000 -0.100383 -0.000000 )
(  0.000000  0.000000  0.038430  0.000000  0.100383  0.000000 )
(  0.000000 -0.000000  0.108351  0.000000 -0.000000  0.000000 )
(  0.000000  0.000000  0.038430  0.000000  0.100383  0.000000 )
( -0.000000 -0.000000  0.038430  0.000000 -0.100383 -0.000000 )
(  0.000000  0.000000 -0.049371  0.000000  0.090974  0.000000 )
(  0.000000 -0.000000 -0.049371  0.000000 -0.090974 -0.000000 )
( -0.000000  0.000000 -0.013670 -0.000000  0.000000 -0.000000 )
(  0.157696  0.000000  0.000664  0.000000 -0.001669  0.000000 )
( -0.157696 -0.000000  0.000664  0.000000  0.001669 -0.000000 )
(  0.157696  0.000000  0.000664  0.000000  0.001669  0.000000 )
( -0.157696 -0.000000  0.000664  0.000000 -0.001669  0.000000 )
(  0.000000 -0.000000  0.013670  0.000000  0.000000  0.000000 )
( -0.157696 -0.000000  0.000664  0.000000 -0.001669  0.000000 )
(  0.157696  0.000000  0.000664  0.000000  0.001669 -0.000000 )
( -0.157696 -0.000000  0.000664  0.000000  0.001669 -0.000000 )
(  0.157696  0.000000  0.000664  0.000000 -0.001669  0.000000 )
     freq (   6) =       1.360861 [THz] =      45.393445 [cm-1]
( -0.361694 -0.000000  0.000000  0.000000  0.000000 -0.000000 )
(  0.361694  0.000000  0.000000  0.000000 -0.000000  0.000000 )
( -0.447965  0.000000 -0.000000 -0.000000 -0.000000  0.000000 )
(  0.447965  0.000000 -0.000000 -0.000000 -0.000000 -0.000000 )
(  0.000000  0.000000 -0.000290 -0.000000  0.000000  0.000000 )
( -0.000000  0.000000 -0.000290 -0.000000 -0.000000  0.000000 )
( -0.000000  0.000000  0.006818 -0.000000  0.000000  0.000000 )
( -0.000000  0.000000 -0.005972  0.000000 -0.000000  0.000000 )
( -0.000000  0.000000 -0.005972  0.000000  0.000000  0.000000 )
( -0.000000  0.000000 -0.006818  0.000000 -0.000000  0.000000 )
( -0.000000  0.000000  0.005972 -0.000000  0.000000  0.000000 )
( -0.000000  0.000000  0.000290  0.000000  0.000000  0.000000 )
( -0.000000  0.000000  0.000000 -0.000000 -0.000000  0.000000 )
( -0.000000  0.000000  0.000290  0.000000 -0.000000  0.000000 )
( -0.000000  0.000000  0.005972 -0.000000 -0.000000  0.000000 )
( -0.000000  0.000000 -0.000000  0.000000  0.000000  0.000000 )
(  0.000000 -0.000000  0.000000  0.000000 -0.000000 -0.000000 )
( -0.150733 -0.000000  0.000000 -0.000000  0.000000 -0.000000 )
( -0.150733 -0.000000 -0.000000  0.000000 -0.000000 -0.000000 )
(  0.160011  0.000000 -0.000000  0.000000  0.000000  0.000000 )
(  0.160011  0.000000 -0.000000 -0.000000 -0.000000  0.000000 )
( -0.000000  0.000000 -0.000000 -0.000000  0.000000  0.000000 )
( -0.160011 -0.000000 -0.000000  0.000000 -0.000000  0.000000 )
( -0.160011 -0.000000 -0.000000 -0.000000  0.000000  0.000000 )
(  0.150733  0.000000 -0.000000 -0.000000  0.000000  0.000000 )
(  0.150733  0.000000 -0.000000  0.000000  0.000000  0.000000 )
(  0.000000 -0.000000  0.000000  0.000000 -0.000000 -0.000000 )
( -0.133492 -0.000000  0.007624 -0.000000 -0.007508  0.000000 )
( -0.133492 -0.000000 -0.007624  0.000000 -0.007508  0.000000 )
(  0.133492  0.000000 -0.007624  0.000000 -0.007508  0.000000 )
(  0.133492  0.000000  0.007624 -0.000000 -0.007508  0.000000 )
( -0.000000  0.000000 -0.000000 -0.000000 -0.000000  0.000000 )
( -0.133492 -0.000000 -0.007624  0.000000  0.007508  0.000000 )
( -0.133492 -0.000000  0.007624 -0.000000  0.007508  0.000000 )
(  0.133492  0.000000  0.007624 -0.000000  0.007508 -0.000000 )
(  0.133492  0.000000 -0.007624  0.000000  0.007508 -0.000000 )
     freq (   7) =       1.409771 [THz] =      47.024904 [cm-1]
( -0.000000  0.000000 -0.006419 -0.000000 -0.000000  0.000000 )
(  0.000000 -0.000000 -0.006419 -0.000000  0.000000 -0.000000 )
( -0.000000  0.000000  0.000000 -0.000000  0.000000  0.000000 )
(  0.000000 -0.000000  0.000000 -0.000000 -0.000000 -0.000000 )
(  0.000000 -0.000000  0.129226  0.000000  0.000000 -0.000000 )
( -0.000000 -0.000000  0.129226 -0.000000  0.000000  0.000000 )
(  0.000000  0.000000  0.130439  0.000000 -0.000000 -0.000000 )
( -0.000000  0.000000  0.123437  0.000000  0.000000  0.000000 )
( -0.000000 -0.000000  0.123437  0.000000  0.000000  0.000000 )
(  0.000000 -0.000000  0.130439  0.000000  0.000000  0.000000 )
(  0.000000 -0.000000  0.123437  0.000000 -0.000000 -0.000000 )
(  0.000000  0.000000  0.129226  0.000000 -0.000000  0.000000 )
(  0.000000 -0.000000  0.119708  0.000000  0.000000  0.000000 )
(  0.000000  0.000000  0.129226  0.000000  0.000000  0.000000 )
(  0.000000  0.000000  0.123437  0.000000  0.000000  0.000000 )
(  0.000000  0.000000  0.119708  0.000000  0.000000 -0.000000 )
( -0.000000  0.000000 -0.270419  0.000000 -0.000000 -0.000000 )
(  0.000000  0.000000  0.187398  0.000000  0.008432 -0.000000 )
( -0.000000 -0.000000  0.187398  0.000000 -0.008432  0.000000 )
(  0.000000  0.000000  0.181690  0.000000 -0.003047 -0.000000 )
(  0.000000 -0.000000  0.181690  0.000000  0.003047  0.000000 )
(  0.000000 -0.000000  0.254612  0.000000  0.000000  0.000000 )
( -0.000000 -0.000000  0.181690  0.000000  0.003047  0.000000 )
( -0.000000  0.000000  0.181690  0.000000 -0.003047 -0.000000 )
(  0.000000 -0.000000  0.187398  0.000000 -0.008432  0.000000 )
(  0.000000  0.000000  0.187398  0.000000  0.008432 -0.000000 )
( -0.000000  0.000000 -0.233437 -0.000000 -0.000000 -0.000000 )
(  0.000609  0.000000  0.190230  0.000000 -0.005034 -0.000000 )
( -0.000609 -0.000000  0.190230  0.000000  0.005034  0.000000 )
(  0.000609  0.000000  0.190230  0.000000  0.005034  0.000000 )
( -0.000609 -0.000000  0.190230  0.000000 -0.005034 -0.000000 )
(  0.000000  0.000000  0.233437  0.000000  0.000000  0.000000 )
( -0.000609 -0.000000  0.190230  0.000000 -0.005034  0.000000 )
(  0.000609  0.000000  0.190230  0.000000  0.005034  0.000000 )
( -0.000609 -0.000000  0.190230  0.000000  0.005034  0.000000 )
(  0.000609  0.000000  0.190230  0.000000 -0.005034  0.000000 )
     freq (   8) =       1.581011 [THz] =      52.736843 [cm-1]
( -0.000000  0.000000  0.000000 -0.000000  0.011621  0.000000 )
(  0.000000 -0.000000 -0.000000 -0.000000 -0.011621 -0.000000 )
(  0.000000 -0.000000 -0.000000  0.000000  0.055810  0.000000 )
( -0.000000  0.000000  0.000000  0.000000 -0.055810 -0.000000 )
(  0.000000 -0.000000  0.142154 -0.000000 -0.000000  0.000000 )
( -0.000000  0.000000 -0.142154 -0.000000 -0.000000 -0.000000 )
( -0.000000 -0.000000  0.000000 -0.000000 -0.000000 -0.000000 )
(  0.000000  0.000000 -0.082223  0.000000  0.000000  0.000000 )
( -0.000000 -0.000000  0.082223  0.000000  0.000000  0.000000 )
( -0.000000 -0.000000 -0.000000  0.000000  0.000000 -0.000000 )
( -0.000000  0.000000  0.082223 -0.000000 -0.000000  0.000000 )
(  0.000000  0.000000  0.142154  0.000000 -0.000000 -0.000000 )
( -0.000000 -0.000000  0.221577  0.000000 -0.000000 -0.000000 )
( -0.000000 -0.000000 -0.142154  0.000000 -0.000000  0.000000 )
(  0.000000 -0.000000 -0.082223 -0.000000 -0.000000  0.000000 )
( -0.000000 -0.000000 -0.221577 -0.000000 -0.000000 -0.000000 )
( -0.000000  0.000000  0.000000 -0.000000  0.000000  0.000000 )
(  0.000000 -0.000000  0.242241  0.000000 -0.065249 -0.000000 )
(  0.000000 -0.000000 -0.242241  0.000000 -0.065249 -0.000000 )
(  0.000000 -0.000000 -0.196267 -0.000000 -0.149956 -0.000000 )
( -0.000000 -0.000000  0.196267  0.000000 -0.149956 -0.000000 )
( -0.000000 -0.000000 -0.000000  0.000000 -0.000000  0.000000 )
(  0.000000  0.000000 -0.196267  0.000000  0.149956  0.000000 )
( -0.000000  0.000000  0.196267  0.000000  0.149956  0.000000 )
( -0.000000  0.000000  0.242241  0.000000  0.065249 -0.000000 )
( -0.000000  0.000000 -0.242241 -0.000000  0.065249 -0.000000 )
(  0.000000  0.000000  0.000000 -0.000000  0.000000 -0.000000 )
(  0.188980  0.000000 -0.026926 -0.000000 -0.004289  0.000000 )
(  0.188980  0.000000  0.026926  0.000000 -0.004289  0.000000 )
(  0.188980 -0.000000 -0.026926  0.000000  0.004289  0.000000 )
(  0.188980 -0.000000  0.026926 -0.000000  0.004289  0.000000 )
(  0.000000 -0.000000 -0.000000  0.000000 -0.000000  0.000000 )
( -0.188980  0.000000 -0.026926  0.000000 -0.004289 -0.000000 )
( -0.188980  0.000000  0.026926 -0.000000 -0.004289 -0.000000 )
( -0.188980 -0.000000 -0.026926 -0.000000  0.004289 -0.000000 )
( -0.188980 -0.000000  0.026926  0.000000  0.004289 -0.000000 )
     freq (   9) =       1.623931 [THz] =      54.168503 [cm-1]
(  0.023432 -0.000000  0.000000  0.000000 -0.000000  0.000000 )
( -0.023432  0.000000  0.000000  0.000000  0.000000 -0.000000 )
(  0.013462  0.000000  0.000000  0.000000 -0.000000  0.000000 )
( -0.013462 -0.000000 -0.000000  0.000000  0.000000 -0.000000 )
(  0.000000  0.000000  0.110583  0.000000  0.000000  0.000000 )
( -0.000000  0.000000  0.110583  0.000000  0.000000 -0.000000 )
(  0.000000 -0.000000  0.217159  0.000000 -0.000000 -0.000000 )
(  0.000000 -0.000000 -0.110470  0.000000  0.000000 -0.000000 )
(  0.000000 -0.000000 -0.110470  0.000000  0.000000  0.000000 )
(  0.000000 -0.000000 -0.217159 -0.000000 -0.000000 -0.000000 )
( -0.000000 -0.000000  0.110470 -0.000000  0.000000 -0.000000 )
( -0.000000  0.000000 -0.110583 -0.000000  0.000000 -0.000000 )
(  0.000000 -0.000000 -0.000000 -0.000000 -0.000000 -0.000000 )
( -0.000000  0.000000 -0.110583 -0.000000 -0.000000  0.000000 )
(  0.000000 -0.000000  0.110470 -0.000000 -0.000000  0.000000 )
(  0.000000 -0.000000  0.000000  0.000000  0.000000 -0.000000 )
( -0.000000  0.000000  0.000000 -0.000000  0.000000  0.000000 )
(  0.196057  0.000000 -0.000000 -0.000000 -0.000000  0.000000 )
(  0.196057  0.000000  0.000000  0.000000  0.000000  0.000000 )
(  0.195823 -0.000000  0.000000  0.000000  0.000000  0.000000 )
(  0.195823 -0.000000 -0.000000 -0.000000  0.000000  0.000000 )
(  0.000000 -0.000000 -0.000000  0.000000 -0.000000 -0.000000 )
( -0.195823  0.000000  0.000000  0.000000 -0.000000 -0.000000 )
( -0.195823  0.000000 -0.000000 -0.000000 -0.000000 -0.000000 )
( -0.196057 -0.000000 -0.000000 -0.000000  0.000000 -0.000000 )
( -0.196057 -0.000000  0.000000  0.000000  0.000000 -0.000000 )
( -0.000000  0.000000 -0.000000 -0.000000  0.000000  0.000000 )
(  0.003690 -0.000000  0.223178  0.000000 -0.112237 -0.000000 )
(  0.003690 -0.000000 -0.223178 -0.000000 -0.112237 -0.000000 )
( -0.003690  0.000000 -0.223178 -0.000000 -0.112237 -0.000000 )
( -0.003690  0.000000  0.223178  0.000000 -0.112237 -0.000000 )
(  0.000000 -0.000000  0.000000  0.000000 -0.000000  0.000000 )
(  0.003690 -0.000000 -0.223178  0.000000  0.112237  0.000000 )
(  0.003690 -0.000000  0.223178 -0.000000  0.112237  0.000000 )
( -0.003690  0.000000  0.223178  0.000000  0.112237 -0.000000 )
( -0.003690  0.000000 -0.223178 -0.000000  0.112237 -0.000000 )
     freq (  10) =       1.631153 [THz] =      54.409403 [cm-1]
(  0.502501 -0.000000 -0.000000  0.000000 -0.000000 -0.000000 )
( -0.502501  0.000000 -0.000000  0.000000 -0.000000  0.000000 )
( -0.418996  0.000000  0.000000  0.000000  0.000000  0.000000 )
(  0.418996  0.000000 -0.000000  0.000000  0.000000 -0.000000 )
( -0.000000 -0.000000 -0.026913 -0.000000 -0.000000 -0.000000 )
( -0.000000 -0.000000 -0.026913 -0.000000  0.000000  0.000000 )
(  0.000000  0.000000 -0.003647 -0.000000 -0.000000 -0.000000 )
(  0.000000  0.000000 -0.026702  0.000000  0.000000  0.000000 )
(  0.000000  0.000000 -0.026702  0.000000 -0.000000 -0.000000 )
(  0.000000  0.000000  0.003647  0.000000  0.000000 -0.000000 )
(  0.000000  0.000000  0.026702 -0.000000  0.000000  0.000000 )
( -0.000000 -0.000000  0.026913  0.000000  0.000000  0.000000 )
( -0.000000 -0.000000  0.000000  0.000000 -0.000000 -0.000000 )
( -0.000000 -0.000000  0.026913  0.000000 -0.000000 -0.000000 )
(  0.000000  0.000000  0.026702 -0.000000 -0.000000 -0.000000 )
(  0.000000 -0.000000 -0.000000 -0.000000  0.000000 -0.000000 )
( -0.000000 -0.000000  0.000000  0.000000  0.000000  0.000000 )
( -0.081620 -0.000000  0.000000  0.000000 -0.000000 -0.000000 )
( -0.081620 -0.000000 -0.000000 -0.000000 -0.000000 -0.000000 )
(  0.078115 -0.000000 -0.000000 -0.000000  0.000000 -0.000000 )
(  0.078115 -0.000000  0.000000  0.000000 -0.000000 -0.000000 )
(  0.000000  0.000000 -0.000000 -0.000000  0.000000  0.000000 )
( -0.078115  0.000000 -0.000000 -0.000000  0.000000  0.000000 )
( -0.078115  0.000000  0.000000  0.000000  0.000000  0.000000 )
(  0.081620  0.000000  0.000000  0.000000  0.000000  0.000000 )
(  0.081620  0.000000 -0.000000 -0.000000  0.000000  0.000000 )
(  0.000000  0.000000 -0.000000  0.000000  0.000000 -0.000000 )
(  0.104142  0.000000 -0.003858 -0.000000  0.004392  0.000000 )
(  0.104142  0.000000  0.003858  0.000000  0.004392  0.000000 )
( -0.104142  0.000000  0.003858  0.000000  0.004392  0.000000 )
( -0.104142  0.000000 -0.003858 -0.000000  0.004392  0.000000 )
(  0.000000 -0.000000 -0.000000  0.000000  0.000000 -0.000000 )
(  0.104142 -0.000000  0.003858  0.000000 -0.004392 -0.000000 )
(  0.104142 -0.000000 -0.003858 -0.000000 -0.004392 -0.000000 )
( -0.104142 -0.000000 -0.003858 -0.000000 -0.004392 -0.000000 )
( -0.104142 -0.000000  0.003858  0.000000 -0.004392 -0.000000 )
     freq (  11) =       1.691538 [THz] =      56.423631 [cm-1]
( -0.639232  0.000000  0.000000 -0.000000  0.000000  0.000000 )
( -0.639232 -0.000000 -0.000000  0.000000 -0.000000 -0.000000 )
(  0.000000 -0.000000 -0.000000  0.000000  0.010549 -0.000000 )
( -0.000000 -0.000000  0.000000 -0.000000  0.010549 -0.000000 )
( -0.039330 -0.000000  0.000000 -0.000000 -0.025086  0.000000 )
( -0.039330 -0.000000  0.000000 -0.000000  0.025086  0.000000 )
(  0.008415 -0.000000 -0.000000 -0.000000  0.000000  0.000000 )
(  0.043214 -0.000000  0.000000  0.000000  0.021822  0.000000 )
(  0.043214  0.000000  0.000000  0.000000 -0.021822 -0.000000 )
(  0.008415 -0.000000  0.000000  0.000000  0.000000  0.000000 )
(  0.043214 -0.000000 -0.000000 -0.000000  0.021822 -0.000000 )
( -0.039330 -0.000000 -0.000000  0.000000  0.025086 -0.000000 )
( -0.001860 -0.000000 -0.000000 -0.000000  0.000000  0.000000 )
( -0.039330 -0.000000 -0.000000  0.000000 -0.025086  0.000000 )
(  0.043214  0.000000 -0.000000 -0.000000 -0.021822 -0.000000 )
( -0.001860 -0.000000 -0.000000  0.000000  0.000000  0.000000 )
( -0.013505  0.000000 -0.000000 -0.000000 -0.000000 -0.000000 )
( -0.060759 -0.000000 -0.000000  0.000000  0.000000  0.000000 )
( -0.060759 -0.000000 -0.000000 -0.000000  0.000000  0.000000 )
(  0.053642 -0.000000  0.000000  0.000000 -0.000000 -0.000000 )
(  0.053642 -0.000000 -0.000000 -0.000000 -0.000000 -0.000000 )
(  0.008795 -0.000000  0.000000  0.000000  0.000000 -0.000000 )
(  0.053642  0.000000 -0.000000 -0.000000  0.000000 -0.000000 )
(  0.053642  0.000000  0.000000  0.000000  0.000000 -0.000000 )
( -0.060759  0.000000 -0.000000 -0.000000 -0.000000  0.000000 )
( -0.060759  0.000000  0.000000  0.000000 -0.000000  0.000000 )
(  0.003584  0.000000  0.000000 -0.000000 -0.017249  0.000000 )
( -0.006189  0.000000  0.094019 -0.000000  0.090922  0.000000 )
( -0.006189  0.000000 -0.094019  0.000000  0.090922  0.000000 )
( -0.006189 -0.000000  0.094019  0.000000 -0.090922  0.000000 )
( -0.006189 -0.000000 -0.094019 -0.000000 -0.090922  0.000000 )
( -0.003584 -0.000000 -0.000000 -0.000000 -0.017249 -0.000000 )
( -0.006189  0.000000 -0.094019  0.000000 -0.090922 -0.000000 )
( -0.006189  0.000000  0.094019 -0.000000 -0.090922 -0.000000 )
( -0.006189 -0.000000 -0.094019 -0.000000  0.090922  0.000000 )
( -0.006189 -0.000000  0.094019  0.000000  0.090922  0.000000 )
     freq (  12) =       1.709008 [THz] =      57.006383 [cm-1]
(  0.000000 -0.000000  0.000000 -0.000000  0.000903  0.000000 )
(  0.000000 -0.000000 -0.000000  0.000000  0.000903  0.000000 )
( -0.637422  0.000000 -0.000000  0.000000 -0.000000 -0.000000 )
( -0.637422 -0.000000  0.000000 -0.000000  0.000000  0.000000 )
(  0.029073 -0.000000  0.000000 -0.000000  0.012300  0.000000 )
( -0.029073 -0.000000 -0.000000  0.000000  0.012300  0.000000 )
( -0.000000 -0.000000 -0.000000  0.000000  0.018663  0.000000 )
( -0.054645 -0.000000 -0.000000  0.000000 -0.045905  0.000000 )
(  0.054645  0.000000  0.000000 -0.000000 -0.045905 -0.000000 )
(  0.000000 -0.000000  0.000000 -0.000000  0.018663  0.000000 )
( -0.054645 -0.000000  0.000000 -0.000000 -0.045905  0.000000 )
( -0.029073 -0.000000  0.000000 -0.000000  0.012300  0.000000 )
(  0.000000 -0.000000  0.000000 -0.000000  0.017406  0.000000 )
(  0.029073 -0.000000 -0.000000  0.000000  0.012300  0.000000 )
(  0.054645  0.000000 -0.000000  0.000000 -0.045905 -0.000000 )
(  0.000000 -0.000000 -0.000000  0.000000  0.017406  0.000000 )
( -0.000000  0.000000 -0.000000 -0.000000 -0.015979  0.000000 )
( -0.000000  0.000000  0.072366 -0.000000  0.097631  0.000000 )
(  0.000000  0.000000 -0.072366  0.000000  0.097631  0.000000 )
( -0.000000  0.000000  0.111740  0.000000 -0.079788  0.000000 )
( -0.000000  0.000000 -0.111740 -0.000000 -0.079788  0.000000 )
(  0.000000 -0.000000 -0.000000 -0.000000 -0.036556 -0.000000 )
( -0.000000  0.000000 -0.111740 -0.000000 -0.079788 -0.000000 )
( -0.000000  0.000000  0.111740  0.000000 -0.079788 -0.000000 )
( -0.000000 -0.000000 -0.072366 -0.000000  0.097631  0.000000 )
(  0.000000 -0.000000  0.072366  0.000000  0.097631  0.000000 )
( -0.003034  0.000000  0.000000 -0.000000  0.013603 -0.000000 )
( -0.052522 -0.000000 -0.019943  0.000000 -0.001174  0.000000 )
( -0.052522 -0.000000  0.019943 -0.000000 -0.001174  0.000000 )
(  0.052522 -0.000000  0.019943  0.000000 -0.001174 -0.000000 )
(  0.052522 -0.000000 -0.019943 -0.000000 -0.001174 -0.000000 )
( -0.003034 -0.000000 -0.000000  0.000000 -0.013603 -0.000000 )
(  0.052522  0.000000 -0.019943 -0.000000 -0.001174 -0.000000 )
(  0.052522  0.000000  0.019943  0.000000 -0.001174 -0.000000 )
( -0.052522  0.000000  0.019943 -0.000000 -0.001174  0.000000 )
( -0.052522 -0.000000 -0.019943  0.000000 -0.001174  0.000000 )
     freq (  13) =       1.735659 [THz] =      57.895343 [cm-1]
( -0.000000  0.000000  0.000000 -0.000000 -0.366015  0.000000 )
( -0.000000 -0.000000 -0.000000  0.000000  0.366015 -0.000000 )
(  0.000000 -0.000000 -0.000000  0.000000 -0.356168 -0.000000 )
(  0.000000  0.000000  0.000000  0.000000  0.356168  0.000000 )
( -0.000000 -0.000000  0.017747 -0.000000 -0.000000  0.000000 )
(  0.000000 -0.000000 -0.017747 -0.000000 -0.000000 -0.000000 )
( -0.000000 -0.000000 -0.000000 -0.000000 -0.000000  0.000000 )
(  0.000000 -0.000000 -0.004921  0.000000  0.000000  0.000000 )
( -0.000000 -0.000000  0.004921  0.000000  0.000000  0.000000 )
( -0.000000 -0.000000  0.000000  0.000000 -0.000000  0.000000 )
(  0.000000 -0.000000  0.004921 -0.000000  0.000000  0.000000 )
(  0.000000 -0.000000  0.017747  0.000000 -0.000000 -0.000000 )
( -0.000000 -0.000000  0.023245 -0.000000 -0.000000  0.000000 )
( -0.000000 -0.000000 -0.017747  0.000000 -0.000000  0.000000 )
( -0.000000 -0.000000 -0.004921 -0.000000  0.000000  0.000000 )
( -0.000000 -0.000000 -0.023245  0.000000 -0.000000 -0.000000 )
(  0.000000  0.000000 -0.000000 -0.000000  0.000000 -0.000000 )
( -0.000000 -0.000000  0.027277 -0.000000 -0.180608 -0.000000 )
( -0.000000 -0.000000 -0.027277  0.000000 -0.180608 -0.000000 )
( -0.000000 -0.000000 -0.014685 -0.000000  0.146630  0.000000 )
(  0.000000 -0.000000  0.014685  0.000000  0.146630  0.000000 )
( -0.000000 -0.000000  0.000000  0.000000  0.000000  0.000000 )
(  0.000000  0.000000 -0.014685 -0.000000 -0.146630 -0.000000 )
(  0.000000  0.000000  0.014685  0.000000 -0.146630 -0.000000 )
(  0.000000  0.000000  0.027277 -0.000000  0.180608  0.000000 )
( -0.000000  0.000000 -0.027277  0.000000  0.180608  0.000000 )
(  0.000000  0.000000  0.000000  0.000000 -0.000000 -0.000000 )
(  0.014177 -0.000000 -0.007263 -0.000000 -0.178035 -0.000000 )
(  0.014177 -0.000000  0.007263  0.000000 -0.178035 -0.000000 )
(  0.014177 -0.000000 -0.007263  0.000000  0.178035  0.000000 )
(  0.014177 -0.000000  0.007263 -0.000000  0.178035  0.000000 )
( -0.000000 -0.000000 -0.000000  0.000000  0.000000  0.000000 )
( -0.014177  0.000000 -0.007263  0.000000 -0.178035 -0.000000 )
( -0.014177  0.000000  0.007263 -0.000000 -0.178035 -0.000000 )
( -0.014177  0.000000 -0.007263 -0.000000  0.178035  0.000000 )
( -0.014177  0.000000  0.007263  0.000000  0.178035  0.000000 )
     freq (  14) =       1.796988 [THz] =      59.941064 [cm-1]
(  0.000000  0.000000  0.556678 -0.000000  0.000000  0.000000 )
(  0.000000  0.000000 -0.556678  0.000000 -0.000000 -0.000000 )
(  0.000000  0.000000 -0.105357 -0.000000  0.000000  0.000000 )
(  0.000000  0.000000  0.105357  0.000000 -0.000000  0.000000 )
(  0.166877  0.000000 -0.000000  0.000000  0.066523  0.000000 )
(  0.166877  0.000000 -0.000000  0.000000 -0.066523 -0.000000 )
( -0.060372 -0.000000  0.000000  0.000000  0.000000  0.000000 )
(  0.086786  0.000000  0.000000  0.000000 -0.042002 -0.000000 )
(  0.086786  0.000000  0.000000  0.000000  0.042002  0.000000 )
(  0.060372  0.000000  0.000000  0.000000 -0.000000 -0.000000 )
( -0.086786 -0.000000  0.000000  0.000000  0.042002  0.000000 )
( -0.166877 -0.000000 -0.000000  0.000000  0.066523  0.000000 )
(  0.000000  0.000000 -0.000000 -0.000000 -0.143353 -0.000000 )
( -0.166877 -0.000000 -0.000000  0.000000 -0.066523 -0.000000 )
( -0.086786 -0.000000  0.000000  0.000000 -0.042002 -0.000000 )
(  0.000000  0.000000  0.000000 -0.000000  0.143353  0.000000 )
( -0.000000 -0.000000  0.000000 -0.000000 -0.000000  0.000000 )
(  0.000000 -0.000000  0.163639  0.000000 -0.054469 -0.000000 )
( -0.000000  0.000000  0.163639  0.000000  0.054469  0.000000 )
(  0.000000 -0.000000 -0.028547  0.000000  0.011681  0.000000 )
( -0.000000  0.000000 -0.028547 -0.000000 -0.011681 -0.000000 )
(  0.000000  0.000000  0.000000  0.000000  0.000000 -0.000000 )
(  0.000000 -0.000000  0.028547 -0.000000  0.011681  0.000000 )
( -0.000000  0.000000  0.028547 -0.000000 -0.011681 -0.000000 )
(  0.000000 -0.000000 -0.163639 -0.000000 -0.054469 -0.000000 )
( -0.000000  0.000000 -0.163639 -0.000000  0.054469  0.000000 )
( -0.000000 -0.000000 -0.000000  0.000000 -0.000000  0.000000 )
(  0.002272  0.000000 -0.045556 -0.000000  0.022148  0.000000 )
( -0.002272 -0.000000 -0.045556 -0.000000 -0.022148 -0.000000 )
( -0.002272  0.000000  0.045556  0.000000  0.022148  0.000000 )
(  0.002272  0.000000  0.045556  0.000000 -0.022148 -0.000000 )
(  0.000000  0.000000 -0.000000 -0.000000  0.000000 -0.000000 )
( -0.002272  0.000000 -0.045556 -0.000000  0.022148  0.000000 )
(  0.002272  0.000000 -0.045556 -0.000000 -0.022148  0.000000 )
(  0.002272  0.000000  0.045556  0.000000  0.022148  0.000000 )
( -0.002272 -0.000000  0.045556  0.000000 -0.022148 -0.000000 )
     freq (  15) =       1.874468 [THz] =      62.525525 [cm-1]
( -0.000000 -0.000000  0.280400 -0.000000 -0.000000 -0.000000 )
(  0.000000 -0.000000 -0.280400  0.000000  0.000000 -0.000000 )
( -0.000000 -0.000000  0.591248 -0.000000  0.000000 -0.000000 )
( -0.000000 -0.000000 -0.591248  0.000000 -0.000000 -0.000000 )
( -0.093739  0.000000  0.000000  0.000000 -0.033980  0.000000 )
( -0.093739 -0.000000  0.000000  0.000000  0.033980  0.000000 )
(  0.032359  0.000000 -0.000000  0.000000  0.000000 -0.000000 )
( -0.060655  0.000000 -0.000000  0.000000  0.016281  0.000000 )
( -0.060655 -0.000000 -0.000000  0.000000 -0.016281  0.000000 )
( -0.032359 -0.000000 -0.000000 -0.000000 -0.000000  0.000000 )
(  0.060655 -0.000000 -0.000000  0.000000 -0.016281 -0.000000 )
(  0.093739  0.000000  0.000000  0.000000 -0.033980 -0.000000 )
(  0.000000 -0.000000  0.000000  0.000000  0.076731  0.000000 )
(  0.093739 -0.000000  0.000000  0.000000  0.033980  0.000000 )
(  0.060655  0.000000 -0.000000  0.000000  0.016281 -0.000000 )
(  0.000000  0.000000  0.000000  0.000000 -0.076731 -0.000000 )
( -0.000000  0.000000 -0.000000  0.000000 -0.000000 -0.000000 )
( -0.000000  0.000000 -0.046069 -0.000000  0.031090  0.000000 )
(  0.000000 -0.000000 -0.046069 -0.000000 -0.031090 -0.000000 )
( -0.000000  0.000000 -0.025775  0.000000 -0.025023 -0.000000 )
(  0.000000 -0.000000 -0.025775  0.000000  0.025023  0.000000 )
(  0.000000 -0.000000 -0.000000  0.000000 -0.000000  0.000000 )
( -0.000000  0.000000  0.025775  0.000000 -0.025023 -0.000000 )
(  0.000000 -0.000000  0.025775 -0.000000  0.025023  0.000000 )
( -0.000000  0.000000  0.046069  0.000000  0.031090  0.000000 )
(  0.000000 -0.000000  0.046069  0.000000 -0.031090 -0.000000 )
( -0.000000  0.000000  0.000000 -0.000000  0.000000 -0.000000 )
(  0.005068 -0.000000  0.083938  0.000000 -0.003586 -0.000000 )
( -0.005068  0.000000  0.083938  0.000000  0.003586  0.000000 )
( -0.005068 -0.000000 -0.083938 -0.000000 -0.003586  0.000000 )
(  0.005068  0.000000 -0.083938 -0.000000  0.003586 -0.000000 )
(  0.000000 -0.000000  0.000000  0.000000 -0.000000 -0.000000 )
( -0.005068 -0.000000  0.083938  0.000000 -0.003586  0.000000 )
(  0.005068  0.000000  0.083938  0.000000  0.003586 -0.000000 )
(  0.005068 -0.000000 -0.083938 -0.000000 -0.003586 -0.000000 )
( -0.005068  0.000000 -0.083938 -0.000000  0.003586  0.000000 )
     freq (  16) =       1.880754 [THz] =      62.735217 [cm-1]
( -0.000000  0.000000  0.000000 -0.000000  0.000000 -0.000000 )
(  0.000000  0.000000 -0.000000  0.000000 -0.000000 -0.000000 )
(  0.000000 -0.000000 -0.000000 -0.000000 -0.000000  0.000000 )
(  0.000000 -0.000000  0.000000  0.000000 -0.000000  0.000000 )
( -0.084166  0.000000  0.000000  0.000000 -0.005999  0.000000 )
(  0.084166  0.000000  0.000000 -0.000000 -0.005999 -0.000000 )
( -0.000000 -0.000000 -0.000000 -0.000000  0.059461 -0.000000 )
( -0.125173  0.000000 -0.000000 -0.000000 -0.053815 -0.000000 )
(  0.125173  0.000000 -0.000000 -0.000000 -0.053815  0.000000 )
( -0.000000  0.000000 -0.000000 -0.000000 -0.059461 -0.000000 )
(  0.125173 -0.000000  0.000000 -0.000000  0.053815  0.000000 )
( -0.084166 -0.000000  0.000000  0.000000  0.005999  0.000000 )
(  0.009311 -0.000000  0.000000  0.000000 -0.000000 -0.000000 )
(  0.084166 -0.000000 -0.000000 -0.000000  0.005999 -0.000000 )
( -0.125173 -0.000000  0.000000 -0.000000  0.053815 -0.000000 )
( -0.009311 -0.000000  0.000000  0.000000  0.000000  0.000000 )
(  0.000000  0.000000  0.000000  0.000000 -0.000000  0.000000 )
( -0.156430  0.000000  0.000000  0.000000 -0.000000 -0.000000 )
(  0.156430 -0.000000  0.000000  0.000000  0.000000  0.000000 )
( -0.280901 -0.000000  0.000000  0.000000 -0.000000  0.000000 )
(  0.280901  0.000000  0.000000  0.000000 -0.000000 -0.000000 )
( -0.000000 -0.000000 -0.000000 -0.000000  0.000000 -0.000000 )
( -0.280901  0.000000  0.000000 -0.000000 -0.000000  0.000000 )
(  0.280901  0.000000  0.000000 -0.000000  0.000000 -0.000000 )
( -0.156430 -0.000000  0.000000 -0.000000 -0.000000 -0.000000 )
(  0.156430  0.000000 -0.000000 -0.000000 -0.000000  0.000000 )
(  0.000000  0.000000 -0.000000 -0.000000 -0.000000  0.000000 )
(  0.216602 -0.000000 -0.002348 -0.000000  0.112438  0.000000 )
( -0.216602  0.000000 -0.002348 -0.000000 -0.112438 -0.000000 )
(  0.216602  0.000000 -0.002348  0.000000 -0.112438 -0.000000 )
( -0.216602 -0.000000 -0.002348  0.000000  0.112438  0.000000 )
( -0.000000 -0.000000  0.000000  0.000000  0.000000 -0.000000 )
(  0.216602  0.000000  0.002348 -0.000000 -0.112438  0.000000 )
( -0.216602 -0.000000  0.002348 -0.000000  0.112438 -0.000000 )
(  0.216602  0.000000  0.002348  0.000000  0.112438 -0.000000 )
( -0.216602  0.000000  0.002348  0.000000 -0.112438 -0.000000 )
     freq (  17) =       1.961653 [THz] =      65.433691 [cm-1]
( -0.000000 -0.000000  0.000000  0.000000  0.142791 -0.000000 )
(  0.000000 -0.000000 -0.000000  0.000000 -0.142791  0.000000 )
( -0.000000  0.000000  0.000000 -0.000000 -0.168556  0.000000 )
( -0.000000 -0.000000 -0.000000 -0.000000  0.168556 -0.000000 )
( -0.000000  0.000000 -0.126113 -0.000000 -0.000000  0.000000 )
(  0.000000  0.000000  0.126113 -0.000000 -0.000000  0.000000 )
( -0.000000  0.000000  0.000000  0.000000 -0.000000 -0.000000 )
(  0.000000  0.000000 -0.156988  0.000000  0.000000  0.000000 )
( -0.000000 -0.000000  0.156988  0.000000  0.000000  0.000000 )
(  0.000000  0.000000  0.000000  0.000000  0.000000 -0.000000 )
( -0.000000  0.000000  0.156988  0.000000 -0.000000  0.000000 )
( -0.000000 -0.000000 -0.126113  0.000000  0.000000  0.000000 )
( -0.000000  0.000000  0.029457 -0.000000 -0.000000  0.000000 )
(  0.000000  0.000000  0.126113  0.000000  0.000000  0.000000 )
(  0.000000 -0.000000 -0.156988 -0.000000 -0.000000  0.000000 )
(  0.000000  0.000000 -0.029457 -0.000000  0.000000  0.000000 )
( -0.000000 -0.000000 -0.000000 -0.000000 -0.000000  0.000000 )
( -0.000000 -0.000000 -0.117968 -0.000000 -0.166030  0.000000 )
(  0.000000 -0.000000  0.117968  0.000000 -0.166030 -0.000000 )
(  0.000000 -0.000000 -0.191814  0.000000  0.128266  0.000000 )
( -0.000000 -0.000000  0.191814 -0.000000  0.128266  0.000000 )
(  0.000000  0.000000  0.000000  0.000000 -0.000000 -0.000000 )
(  0.000000  0.000000 -0.191814 -0.000000 -0.128266 -0.000000 )
( -0.000000  0.000000  0.191814  0.000000 -0.128266 -0.000000 )
( -0.000000  0.000000 -0.117968 -0.000000  0.166030  0.000000 )
(  0.000000  0.000000  0.117968 -0.000000  0.166030  0.000000 )
( -0.000000 -0.000000  0.000000  0.000000  0.000000 -0.000000 )
(  0.038274  0.000000  0.154144  0.000000  0.140425 -0.000000 )
(  0.038274  0.000000 -0.154144 -0.000000  0.140425  0.000000 )
(  0.038274  0.000000  0.154144  0.000000 -0.140425  0.000000 )
(  0.038274  0.000000 -0.154144  0.000000 -0.140425 -0.000000 )
( -0.000000  0.000000 -0.000000 -0.000000 -0.000000  0.000000 )
( -0.038274 -0.000000  0.154144  0.000000  0.140425 -0.000000 )
( -0.038274 -0.000000 -0.154144 -0.000000  0.140425  0.000000 )
( -0.038274 -0.000000  0.154144 -0.000000 -0.140425  0.000000 )
( -0.038274 -0.000000 -0.154144  0.000000 -0.140425 -0.000000 )
     freq (  18) =       1.963442 [THz] =      65.493360 [cm-1]
( -0.000000  0.000000  0.000000 -0.000000 -0.000000 -0.000000 )
(  0.000000  0.000000 -0.000000 -0.000000  0.000000 -0.000000 )
(  0.000000 -0.000000 -0.000000 -0.000000  0.000000  0.000000 )
(  0.000000 -0.000000  0.000000  0.000000 -0.000000  0.000000 )
( -0.101219  0.000000  0.000000  0.000000 -0.063374 -0.000000 )
(  0.101219 -0.000000 -0.000000  0.000000 -0.063374 -0.000000 )
(  0.000000 -0.000000  0.000000 -0.000000 -0.140013 -0.000000 )
(  0.013104  0.000000  0.000000 -0.000000  0.036997  0.000000 )
( -0.013104 -0.000000 -0.000000  0.000000  0.036997 -0.000000 )
( -0.000000  0.000000  0.000000 -0.000000  0.140013  0.000000 )
( -0.013104  0.000000 -0.000000  0.000000 -0.036997 -0.000000 )
( -0.101219 -0.000000  0.000000  0.000000  0.063374 -0.000000 )
( -0.042825 -0.000000 -0.000000  0.000000  0.000000 -0.000000 )
(  0.101219  0.000000 -0.000000  0.000000  0.063374  0.000000 )
(  0.013104 -0.000000  0.000000 -0.000000 -0.036997 -0.000000 )
(  0.042825  0.000000  0.000000  0.000000 -0.000000  0.000000 )
(  0.000000  0.000000 -0.000000  0.000000 -0.000000  0.000000 )
( -0.249288 -0.000000  0.000000  0.000000  0.000000 -0.000000 )
(  0.249288  0.000000 -0.000000  0.000000  0.000000  0.000000 )
(  0.065522  0.000000  0.000000  0.000000 -0.000000  0.000000 )
( -0.065522  0.000000 -0.000000  0.000000 -0.000000 -0.000000 )
( -0.000000 -0.000000  0.000000 -0.000000  0.000000 -0.000000 )
(  0.065522  0.000000  0.000000  0.000000  0.000000  0.000000 )
( -0.065522 -0.000000 -0.000000 -0.000000  0.000000 -0.000000 )
( -0.249288 -0.000000  0.000000 -0.000000 -0.000000 -0.000000 )
(  0.249288  0.000000 -0.000000  0.000000 -0.000000  0.000000 )
(  0.000000  0.000000  0.000000 -0.000000 -0.000000  0.000000 )
(  0.088333 -0.000000 -0.005410 -0.000000 -0.265874  0.000000 )
( -0.088333  0.000000 -0.005410 -0.000000  0.265874 -0.000000 )
(  0.088333  0.000000 -0.005410 -0.000000  0.265874 -0.000000 )
( -0.088333 -0.000000 -0.005410  0.000000 -0.265874  0.000000 )
(  0.000000 -0.000000 -0.000000  0.000000  0.000000 -0.000000 )
(  0.088333  0.000000  0.005410  0.000000  0.265874  0.000000 )
( -0.088333 -0.000000  0.005410 -0.000000 -0.265874 -0.000000 )
(  0.088333  0.000000  0.005410 -0.000000 -0.265874 -0.000000 )
( -0.088333 -0.000000  0.005410  0.000000  0.265874  0.000000 )
     freq (  19) =       1.984001 [THz] =      66.179158 [cm-1]
( -0.000000 -0.000000 -0.022582  0.000000 -0.000000  0.000000 )
(  0.000000 -0.000000  0.022582 -0.000000  0.000000  0.000000 )
(  0.000000 -0.000000  0.056376 -0.000000  0.000000 -0.000000 )
(  0.000000 -0.000000 -0.056376  0.000000 -0.000000 -0.000000 )
( -0.074519  0.000000  0.000000 -0.000000 -0.074154  0.000000 )
( -0.074519  0.000000 -0.000000  0.000000  0.074154 -0.000000 )
( -0.026214 -0.000000 -0.000000  0.000000 -0.000000 -0.000000 )
(  0.052219  0.000000  0.000000  0.000000  0.058526  0.000000 )
(  0.052219  0.000000 -0.000000 -0.000000 -0.058526  0.000000 )
(  0.026214  0.000000 -0.000000  0.000000  0.000000  0.000000 )
( -0.052219 -0.000000 -0.000000  0.000000 -0.058526  0.000000 )
(  0.074519 -0.000000  0.000000  0.000000 -0.074154  0.000000 )
( -0.000000 -0.000000  0.000000 -0.000000 -0.141428 -0.000000 )
(  0.074519 -0.000000 -0.000000 -0.000000  0.074154  0.000000 )
( -0.052219 -0.000000  0.000000  0.000000  0.058526 -0.000000 )
(  0.000000 -0.000000  0.000000 -0.000000  0.141428  0.000000 )
(  0.000000  0.000000  0.000000 -0.000000 -0.000000  0.000000 )
( -0.000000 -0.000000 -0.019597  0.000000 -0.285810 -0.000000 )
(  0.000000  0.000000 -0.019597  0.000000  0.285810  0.000000 )
(  0.000000 -0.000000  0.002787 -0.000000  0.287446  0.000000 )
( -0.000000  0.000000  0.002787 -0.000000 -0.287446  0.000000 )
( -0.000000 -0.000000 -0.000000  0.000000  0.000000  0.000000 )
(  0.000000 -0.000000 -0.002787 -0.000000  0.287446  0.000000 )
( -0.000000  0.000000 -0.002787  0.000000 -0.287446 -0.000000 )
( -0.000000 -0.000000  0.019597 -0.000000 -0.285810 -0.000000 )
(  0.000000  0.000000  0.019597 -0.000000  0.285810  0.000000 )
(  0.000000  0.000000 -0.000000  0.000000 -0.000000 -0.000000 )
( -0.166719 -0.000000  0.011709 -0.000000 -0.004354 -0.000000 )
(  0.166719 -0.000000  0.011709 -0.000000  0.004354  0.000000 )
(  0.166719  0.000000 -0.011709  0.000000 -0.004354  0.000000 )
( -0.166719 -0.000000 -0.011709  0.000000  0.004354 -0.000000 )
( -0.000000 -0.000000  0.000000 -0.000000 -0.000000  0.000000 )
(  0.166719  0.000000  0.011709 -0.000000 -0.004354  0.000000 )
( -0.166719 -0.000000  0.011709 -0.000000  0.004354 -0.000000 )
( -0.166719  0.000000 -0.011709  0.000000 -0.004354 -0.000000 )
(  0.166719 -0.000000 -0.011709  0.000000  0.004354  0.000000 )
     freq (  20) =       2.036438 [THz] =      67.928246 [cm-1]
( -0.000000  0.000000 -0.019606  0.000000 -0.000000 -0.000000 )
( -0.000000 -0.000000 -0.019606  0.000000  0.000000  0.000000 )
( -0.000000 -0.000000 -0.000000  0.000000 -0.000000  0.000000 )
( -0.000000 -0.000000  0.000000 -0.000000  0.000000 -0.000000 )
(  0.000000 -0.000000  0.017767 -0.000000  0.000000 -0.000000 )
(  0.000000  0.000000  0.017767 -0.000000 -0.000000 -0.000000 )
(  0.000000  0.000000 -0.102111 -0.000000 -0.000000 -0.000000 )
( -0.000000 -0.000000  0.001445  0.000000  0.000000  0.000000 )
( -0.000000 -0.000000  0.001445 -0.000000  0.000000  0.000000 )
(  0.000000 -0.000000 -0.102111 -0.000000  0.000000  0.000000 )
( -0.000000  0.000000  0.001445  0.000000  0.000000 -0.000000 )
( -0.000000 -0.000000  0.017767  0.000000  0.000000  0.000000 )
( -0.000000 -0.000000  0.116644  0.000000  0.000000  0.000000 )
( -0.000000  0.000000  0.017767 -0.000000 -0.000000  0.000000 )
(  0.000000  0.000000  0.001445  0.000000 -0.000000 -0.000000 )
(  0.000000  0.000000  0.116644  0.000000 -0.000000 -0.000000 )
( -0.000000  0.000000  0.397642  0.000000 -0.000000 -0.000000 )
( -0.000000 -0.000000  0.067840 -0.000000 -0.132055 -0.000000 )
(  0.000000  0.000000  0.067840 -0.000000  0.132055  0.000000 )
(  0.000000 -0.000000  0.052231  0.000000  0.126700  0.000000 )
( -0.000000  0.000000  0.052231  0.000000 -0.126700 -0.000000 )
(  0.000000 -0.000000 -0.409748  0.000000  0.000000 -0.000000 )
(  0.000000  0.000000  0.052231  0.000000 -0.126700 -0.000000 )
( -0.000000 -0.000000  0.052231  0.000000  0.126700  0.000000 )
( -0.000000 -0.000000  0.067840  0.000000  0.132055  0.000000 )
(  0.000000  0.000000  0.067840 -0.000000 -0.132055 -0.000000 )
( -0.000000  0.000000 -0.386638 -0.000000 -0.000000 -0.000000 )
( -0.007367  0.000000 -0.037691  0.000000  0.136848  0.000000 )
(  0.007367 -0.000000 -0.037691  0.000000 -0.136848 -0.000000 )
( -0.007367  0.000000 -0.037691 -0.000000 -0.136848  0.000000 )
(  0.007367 -0.000000 -0.037691 -0.000000  0.136848 -0.000000 )
(  0.000000 -0.000000  0.386638  0.000000  0.000000  0.000000 )
(  0.007367 -0.000000 -0.037691 -0.000000  0.136848  0.000000 )
( -0.007367  0.000000 -0.037691 -0.000000 -0.136848 -0.000000 )
(  0.007367 -0.000000 -0.037691 -0.000000 -0.136848 -0.000000 )
( -0.007367  0.000000 -0.037691  0.000000  0.136848  0.000000 )
     freq (  21) =       2.127415 [THz] =      70.962924 [cm-1]
( -0.060462 -0.000000  0.000000  0.000000 -0.000000 -0.000000 )
( -0.060462 -0.000000  0.000000  0.000000 -0.000000 -0.000000 )
( -0.000000 -0.000000 -0.000000  0.000000 -0.634285  0.000000 )
(  0.000000 -0.000000 -0.000000 -0.000000 -0.634285 -0.000000 )
(  0.032660  0.000000 -0.000000 -0.000000  0.022719 -0.000000 )
(  0.032660 -0.000000 -0.000000 -0.000000 -0.022719 -0.000000 )
( -0.034249 -0.000000  0.000000  0.000000 -0.000000 -0.000000 )
( -0.035876  0.000000  0.000000  0.000000  0.004599  0.000000 )
( -0.035876 -0.000000  0.000000  0.000000 -0.004599 -0.000000 )
( -0.034249 -0.000000 -0.000000 -0.000000 -0.000000 -0.000000 )
( -0.035876  0.000000  0.000000  0.000000  0.004599  0.000000 )
(  0.032660 -0.000000 -0.000000 -0.000000 -0.022719 -0.000000 )
( -0.021321 -0.000000  0.000000 -0.000000 -0.000000 -0.000000 )
(  0.032660  0.000000 -0.000000 -0.000000  0.022719 -0.000000 )
( -0.035876 -0.000000  0.000000  0.000000 -0.004599 -0.000000 )
( -0.021321 -0.000000  0.000000  0.000000 -0.000000 -0.000000 )
(  0.007265  0.000000  0.000000  0.000000 -0.000000  0.000000 )
(  0.131094  0.000000 -0.000000 -0.000000  0.000000  0.000000 )
(  0.131094  0.000000 -0.000000  0.000000  0.000000  0.000000 )
( -0.092766  0.000000 -0.000000 -0.000000 -0.000000 -0.000000 )
( -0.092766  0.000000  0.000000  0.000000  0.000000 -0.000000 )
( -0.075325 -0.000000  0.000000  0.000000 -0.000000 -0.000000 )
( -0.092766 -0.000000  0.000000  0.000000  0.000000 -0.000000 )
( -0.092766 -0.000000  0.000000 -0.000000 -0.000000 -0.000000 )
(  0.131094  0.000000 -0.000000  0.000000  0.000000  0.000000 )
(  0.131094  0.000000 -0.000000 -0.000000 -0.000000  0.000000 )
(  0.033759 -0.000000 -0.000000  0.000000 -0.050635  0.000000 )
(  0.019413  0.000000 -0.056176  0.000000  0.059872  0.000000 )
(  0.019413  0.000000  0.056176 -0.000000  0.059872  0.000000 )
(  0.019413 -0.000000 -0.056176 -0.000000 -0.059872  0.000000 )
(  0.019413 -0.000000  0.056176  0.000000 -0.059872  0.000000 )
( -0.033759 -0.000000 -0.000000  0.000000 -0.050635 -0.000000 )
(  0.019413 -0.000000  0.056176  0.000000 -0.059872  0.000000 )
(  0.019413 -0.000000 -0.056176 -0.000000 -0.059872  0.000000 )
(  0.019413  0.000000  0.056176 -0.000000  0.059872  0.000000 )
(  0.019413  0.000000 -0.056176  0.000000  0.059872  0.000000 )
     freq (  22) =       2.131443 [THz] =      71.097285 [cm-1]
( -0.000000  0.000000 -0.296097 -0.000000  0.000000  0.000000 )
( -0.000000  0.000000 -0.296097 -0.000000  0.000000  0.000000 )
(  0.000000  0.000000 -0.000000 -0.000000 -0.000000  0.000000 )
(  0.000000  0.000000  0.000000 -0.000000 -0.000000  0.000000 )
(  0.000000 -0.000000  0.056414 -0.000000  0.000000 -0.000000 )
(  0.000000  0.000000  0.056414  0.000000 -0.000000 -0.000000 )
( -0.000000  0.000000  0.002110  0.000000  0.000000 -0.000000 )
( -0.000000  0.000000 -0.054352 -0.000000 -0.000000  0.000000 )
(  0.000000  0.000000 -0.054352 -0.000000 -0.000000 -0.000000 )
( -0.000000  0.000000  0.002110  0.000000  0.000000  0.000000 )
( -0.000000 -0.000000 -0.054352 -0.000000 -0.000000 -0.000000 )
( -0.000000 -0.000000  0.056414  0.000000  0.000000  0.000000 )
( -0.000000 -0.000000  0.001137 -0.000000  0.000000 -0.000000 )
( -0.000000  0.000000  0.056414 -0.000000  0.000000  0.000000 )
(  0.000000 -0.000000 -0.054352 -0.000000 -0.000000  0.000000 )
( -0.000000  0.000000  0.001137 -0.000000  0.000000  0.000000 )
(  0.000000 -0.000000 -0.575174 -0.000000  0.000000  0.000000 )
(  0.000000 -0.000000  0.071203  0.000000  0.058213  0.000000 )
(  0.000000  0.000000  0.071203 -0.000000 -0.058213 -0.000000 )
( -0.000000 -0.000000 -0.075493 -0.000000  0.052825 -0.000000 )
( -0.000000  0.000000 -0.075493 -0.000000 -0.052825  0.000000 )
( -0.000000  0.000000 -0.578219  0.000000  0.000000  0.000000 )
( -0.000000  0.000000 -0.075493 -0.000000 -0.052825  0.000000 )
( -0.000000 -0.000000 -0.075493 -0.000000  0.052825 -0.000000 )
(  0.000000  0.000000  0.071203  0.000000 -0.058213 -0.000000 )
(  0.000000 -0.000000  0.071203 -0.000000  0.058213  0.000000 )
(  0.000000 -0.000000  0.027705  0.000000 -0.000000  0.000000 )
( -0.090307 -0.000000 -0.001303  0.000000 -0.006590 -0.000000 )
(  0.090307  0.000000 -0.001303  0.000000  0.006590  0.000000 )
( -0.090307 -0.000000 -0.001303  0.000000  0.006590  0.000000 )
(  0.090307  0.000000 -0.001303 -0.000000 -0.006590 -0.000000 )
(  0.000000  0.000000 -0.027705 -0.000000 -0.000000  0.000000 )
(  0.090307  0.000000 -0.001303 -0.000000 -0.006590 -0.000000 )
( -0.090307 -0.000000 -0.001303 -0.000000  0.006590  0.000000 )
(  0.090307  0.000000 -0.001303  0.000000  0.006590  0.000000 )
( -0.090307 -0.000000 -0.001303  0.000000 -0.006590 -0.000000 )
     freq (  23) =       2.134403 [THz] =      71.196017 [cm-1]
(  0.000000 -0.000000 -0.000000  0.000000 -0.622422  0.000000 )
(  0.000000 -0.000000 -0.000000  0.000000 -0.622422  0.000000 )
( -0.061298  0.000000  0.000000 -0.000000 -0.000000 -0.000000 )
( -0.061298  0.000000  0.000000 -0.000000  0.000000 -0.000000 )
(  0.003301  0.000000  0.000000  0.000000 -0.007860  0.000000 )
( -0.003301  0.000000 -0.000000 -0.000000 -0.007860 -0.000000 )
(  0.000000 -0.000000 -0.000000 -0.000000 -0.036213 -0.000000 )
(  0.077836 -0.000000  0.000000  0.000000  0.018415 -0.000000 )
( -0.077836 -0.000000 -0.000000  0.000000  0.018415 -0.000000 )
(  0.000000 -0.000000  0.000000 -0.000000 -0.036213 -0.000000 )
(  0.077836 -0.000000 -0.000000  0.000000  0.018415 -0.000000 )
( -0.003301  0.000000  0.000000  0.000000 -0.007860 -0.000000 )
(  0.000000 -0.000000 -0.000000  0.000000 -0.019304  0.000000 )
(  0.003301  0.000000 -0.000000 -0.000000 -0.007860  0.000000 )
( -0.077836 -0.000000  0.000000 -0.000000  0.018415 -0.000000 )
(  0.000000 -0.000000  0.000000 -0.000000 -0.019304  0.000000 )
( -0.000000  0.000000 -0.000000  0.000000 -0.010977  0.000000 )
( -0.000000  0.000000 -0.019208 -0.000000  0.073841  0.000000 )
( -0.000000  0.000000  0.019208  0.000000  0.073841  0.000000 )
(  0.000000 -0.000000 -0.098656 -0.000000 -0.047244  0.000000 )
(  0.000000 -0.000000  0.098656  0.000000 -0.047244  0.000000 )
(  0.000000 -0.000000 -0.000000  0.000000 -0.068948 -0.000000 )
(  0.000000 -0.000000  0.098656  0.000000 -0.047244  0.000000 )
(  0.000000 -0.000000 -0.098656 -0.000000 -0.047244  0.000000 )
( -0.000000  0.000000  0.019208  0.000000  0.073841  0.000000 )
( -0.000000  0.000000 -0.019208 -0.000000  0.073841  0.000000 )
( -0.030103  0.000000  0.000000 -0.000000  0.022467 -0.000000 )
(  0.108978  0.000000  0.040287 -0.000000  0.014068  0.000000 )
(  0.108978  0.000000 -0.040287  0.000000  0.014068  0.000000 )
( -0.108978  0.000000 -0.040287 -0.000000  0.014068 -0.000000 )
( -0.108978  0.000000  0.040287  0.000000  0.014068 -0.000000 )
( -0.030103 -0.000000 -0.000000 -0.000000 -0.022467 -0.000000 )
( -0.108978  0.000000  0.040287  0.000000  0.014068 -0.000000 )
( -0.108978  0.000000 -0.040287 -0.000000  0.014068 -0.000000 )
(  0.108978  0.000000 -0.040287  0.000000  0.014068  0.000000 )
(  0.108978  0.000000  0.040287 -0.000000  0.014068  0.000000 )
     freq (  24) =       2.176845 [THz] =      72.611733 [cm-1]
( -0.000000 -0.000000  0.000000 -0.000000  0.000000 -0.000000 )
(  0.000000 -0.000000  0.000000 -0.000000 -0.000000 -0.000000 )
( -0.000000  0.000000 -0.295975  0.000000  0.000000  0.000000 )
( -0.000000  0.000000 -0.295975  0.000000  0.000000  0.000000 )
( -0.000000 -0.000000 -0.055990 -0.000000 -0.000000 -0.000000 )
(  0.000000  0.000000  0.055990  0.000000  0.000000 -0.000000 )
(  0.000000 -0.000000  0.000000 -0.000000 -0.000000  0.000000 )
(  0.000000  0.000000  0.057608  0.000000  0.000000  0.000000 )
( -0.000000 -0.000000 -0.057608 -0.000000  0.000000  0.000000 )
(  0.000000  0.000000  0.000000 -0.000000  0.000000 -0.000000 )
(  0.000000 -0.000000  0.057608  0.000000  0.000000 -0.000000 )
( -0.000000 -0.000000  0.055990  0.000000  0.000000 -0.000000 )
(  0.000000  0.000000 -0.000000  0.000000 -0.000000 -0.000000 )
( -0.000000 -0.000000 -0.055990  0.000000 -0.000000 -0.000000 )
(  0.000000  0.000000 -0.057608 -0.000000  0.000000 -0.000000 )
(  0.000000 -0.000000 -0.000000  0.000000 -0.000000  0.000000 )
( -0.000000 -0.000000 -0.000000 -0.000000 -0.000000  0.000000 )
( -0.098193  0.000000 -0.000000  0.000000  0.000000 -0.000000 )
(  0.098193 -0.000000 -0.000000  0.000000 -0.000000  0.000000 )
( -0.102745  0.000000 -0.000000 -0.000000 -0.000000  0.000000 )
(  0.102745 -0.000000  0.000000 -0.000000  0.000000 -0.000000 )
(  0.000000  0.000000  0.000000 -0.000000  0.000000 -0.000000 )
(  0.102745 -0.000000  0.000000 -0.000000  0.000000 -0.000000 )
( -0.102745  0.000000 -0.000000 -0.000000  0.000000  0.000000 )
(  0.098193 -0.000000 -0.000000  0.000000 -0.000000 -0.000000 )
( -0.098193  0.000000 -0.000000  0.000000 -0.000000  0.000000 )
( -0.000000 -0.000000 -0.569799 -0.000000 -0.000000  0.000000 )
(  0.005253 -0.000000  0.075668  0.000000  0.053413  0.000000 )
( -0.005253  0.000000  0.075668  0.000000 -0.053413 -0.000000 )
( -0.005253 -0.000000 -0.075668 -0.000000  0.053413  0.000000 )
(  0.005253  0.000000 -0.075668 -0.000000 -0.053413 -0.000000 )
(  0.000000  0.000000 -0.569799  0.000000  0.000000 -0.000000 )
(  0.005253  0.000000 -0.075668 -0.000000 -0.053413 -0.000000 )
( -0.005253 -0.000000 -0.075668 -0.000000  0.053413  0.000000 )
( -0.005253  0.000000  0.075668  0.000000 -0.053413 -0.000000 )
(  0.005253 -0.000000  0.075668  0.000000  0.053413  0.000000 )
     freq (  25) =       2.293447 [THz] =      76.501173 [cm-1]
(  0.000000 -0.000000 -0.000000 -0.000000 -0.435845  0.000000 )
(  0.000000  0.000000 -0.000000 -0.000000  0.435845  0.000000 )
(  0.000000 -0.000000 -0.000000 -0.000000  0.434249  0.000000 )
(  0.000000  0.000000 -0.000000 -0.000000 -0.434249 -0.000000 )
(  0.000000 -0.000000 -0.038286 -0.000000 -0.000000 -0.000000 )
( -0.000000  0.000000  0.038286  0.000000 -0.000000  0.000000 )
(  0.000000  0.000000 -0.000000 -0.000000 -0.000000  0.000000 )
(  0.000000 -0.000000 -0.036026 -0.000000  0.000000 -0.000000 )
( -0.000000  0.000000  0.036026  0.000000  0.000000  0.000000 )
(  0.000000  0.000000 -0.000000  0.000000 -0.000000  0.000000 )
(  0.000000 -0.000000  0.036026  0.000000  0.000000 -0.000000 )
( -0.000000  0.000000 -0.038286 -0.000000 -0.000000  0.000000 )
(  0.000000  0.000000 -0.001502  0.000000 -0.000000 -0.000000 )
(  0.000000 -0.000000  0.038286  0.000000 -0.000000 -0.000000 )
( -0.000000  0.000000 -0.036026 -0.000000  0.000000  0.000000 )
(  0.000000  0.000000  0.001502 -0.000000 -0.000000 -0.000000 )
( -0.000000 -0.000000  0.000000 -0.000000  0.000000 -0.000000 )
(  0.000000  0.000000  0.015667  0.000000 -0.121232 -0.000000 )
( -0.000000  0.000000 -0.015667 -0.000000 -0.121232 -0.000000 )
( -0.000000  0.000000  0.021926  0.000000  0.118639  0.000000 )
( -0.000000  0.000000 -0.021926 -0.000000  0.118639  0.000000 )
(  0.000000  0.000000  0.000000 -0.000000 -0.000000  0.000000 )
( -0.000000 -0.000000  0.021926  0.000000 -0.118639 -0.000000 )
( -0.000000 -0.000000 -0.021926 -0.000000 -0.118639 -0.000000 )
(  0.000000 -0.000000  0.015667  0.000000  0.121232  0.000000 )
( -0.000000 -0.000000 -0.015667 -0.000000  0.121232  0.000000 )
( -0.000000 -0.000000 -0.000000 -0.000000  0.000000 -0.000000 )
(  0.009143 -0.000000 -0.018608 -0.000000  0.117495  0.000000 )
(  0.009143 -0.000000  0.018608  0.000000  0.117495  0.000000 )
(  0.009143 -0.000000 -0.018608  0.000000 -0.117495 -0.000000 )
(  0.009143 -0.000000  0.018608 -0.000000 -0.117495 -0.000000 )
( -0.000000  0.000000 -0.000000  0.000000 -0.000000  0.000000 )
( -0.009143  0.000000 -0.018608 -0.000000  0.117495  0.000000 )
( -0.009143  0.000000  0.018608  0.000000  0.117495  0.000000 )
( -0.009143  0.000000 -0.018608 -0.000000 -0.117495 -0.000000 )
( -0.009143  0.000000  0.018608  0.000000 -0.117495 -0.000000 )
     freq (  26) =       2.366724 [THz] =      78.945417 [cm-1]
( -0.000000 -0.000000  0.000000 -0.000000  0.130270 -0.000000 )
( -0.000000 -0.000000  0.000000  0.000000  0.130270 -0.000000 )
( -0.011446 -0.000000 -0.000000  0.000000 -0.000000 -0.000000 )
( -0.011446 -0.000000 -0.000000 -0.000000  0.000000 -0.000000 )
(  0.142654  0.000000  0.000000 -0.000000 -0.064973  0.000000 )
( -0.142654 -0.000000 -0.000000  0.000000 -0.064973 -0.000000 )
( -0.000000 -0.000000 -0.000000  0.000000 -0.065539 -0.000000 )
(  0.178775  0.000000  0.000000 -0.000000 -0.082823  0.000000 )
( -0.178775 -0.000000 -0.000000  0.000000 -0.082823  0.000000 )
( -0.000000 -0.000000 -0.000000 -0.000000 -0.065539 -0.000000 )
(  0.178775  0.000000 -0.000000  0.000000 -0.082823  0.000000 )
( -0.142654 -0.000000  0.000000 -0.000000 -0.064973 -0.000000 )
( -0.000000 -0.000000  0.000000 -0.000000  0.022698 -0.000000 )
(  0.142654  0.000000 -0.000000  0.000000 -0.064973  0.000000 )
( -0.178775 -0.000000  0.000000 -0.000000 -0.082823  0.000000 )
( -0.000000 -0.000000  0.000000  0.000000  0.022698 -0.000000 )
(  0.000000  0.000000  0.000000  0.000000  0.227794  0.000000 )
( -0.000000  0.000000  0.076463  0.000000  0.155034  0.000000 )
(  0.000000  0.000000 -0.076463 -0.000000  0.155034  0.000000 )
( -0.000000 -0.000000 -0.067192 -0.000000  0.169957  0.000000 )
(  0.000000  0.000000  0.067192  0.000000  0.169957  0.000000 )
( -0.000000 -0.000000 -0.000000  0.000000 -0.289288  0.000000 )
( -0.000000 -0.000000  0.067192  0.000000  0.169957  0.000000 )
(  0.000000  0.000000 -0.067192 -0.000000  0.169957  0.000000 )
(  0.000000  0.000000 -0.076463 -0.000000  0.155034  0.000000 )
(  0.000000  0.000000  0.076463  0.000000  0.155034  0.000000 )
( -0.021639  0.000000 -0.000000  0.000000  0.242111  0.000000 )
( -0.010765  0.000000  0.114571  0.000000  0.105943  0.000000 )
( -0.010765  0.000000 -0.114571 -0.000000  0.105943  0.000000 )
(  0.010765 -0.000000 -0.114571 -0.000000  0.105943  0.000000 )
(  0.010765 -0.000000  0.114571  0.000000  0.105943  0.000000 )
( -0.021639 -0.000000  0.000000  0.000000 -0.242111  0.000000 )
(  0.010765 -0.000000  0.114571  0.000000  0.105943  0.000000 )
(  0.010765 -0.000000 -0.114571 -0.000000  0.105943  0.000000 )
( -0.010765  0.000000 -0.114571 -0.000000  0.105943  0.000000 )
( -0.010765  0.000000  0.114571  0.000000  0.105943  0.000000 )
     freq (  27) =       2.413054 [THz] =      80.490834 [cm-1]
( -0.030704 -0.000000  0.000000 -0.000000  0.000000 -0.000000 )
( -0.030704 -0.000000 -0.000000  0.000000  0.000000 -0.000000 )
( -0.000000 -0.000000 -0.000000  0.000000  0.108591 -0.000000 )
( -0.000000 -0.000000 -0.000000 -0.000000  0.108591 -0.000000 )
(  0.013842  0.000000 -0.000000  0.000000  0.110081 -0.000000 )
(  0.013842 -0.000000  0.000000 -0.000000 -0.110081 -0.000000 )
( -0.214085 -0.000000 -0.000000  0.000000 -0.000000  0.000000 )
( -0.019650  0.000000  0.000000 -0.000000  0.114707 -0.000000 )
( -0.019650 -0.000000  0.000000 -0.000000 -0.114707 -0.000000 )
( -0.214085  0.000000 -0.000000 -0.000000 -0.000000  0.000000 )
( -0.019650  0.000000  0.000000  0.000000  0.114707 -0.000000 )
(  0.013842 -0.000000 -0.000000  0.000000 -0.110081 -0.000000 )
( -0.178581  0.000000  0.000000  0.000000 -0.000000  0.000000 )
(  0.013842  0.000000 -0.000000 -0.000000  0.110081 -0.000000 )
( -0.019650  0.000000 -0.000000  0.000000 -0.114707 -0.000000 )
( -0.178581  0.000000  0.000000 -0.000000 -0.000000  0.000000 )
(  0.296391  0.000000  0.000000 -0.000000 -0.000000  0.000000 )
(  0.162486  0.000000  0.000000 -0.000000 -0.000000  0.000000 )
(  0.162486  0.000000 -0.000000  0.000000 -0.000000  0.000000 )
(  0.149407 -0.000000 -0.000000  0.000000 -0.000000  0.000000 )
(  0.149407  0.000000  0.000000 -0.000000 -0.000000  0.000000 )
( -0.344723  0.000000  0.000000 -0.000000  0.000000 -0.000000 )
(  0.149407 -0.000000  0.000000 -0.000000 -0.000000  0.000000 )
(  0.149407  0.000000 -0.000000  0.000000 -0.000000  0.000000 )
(  0.162486  0.000000 -0.000000  0.000000 -0.000000  0.000000 )
(  0.162486  0.000000  0.000000 -0.000000 -0.000000  0.000000 )
(  0.274019  0.000000 -0.000000  0.000000 -0.012692  0.000000 )
(  0.142296 -0.000000 -0.003959  0.000000 -0.013627  0.000000 )
(  0.142296 -0.000000  0.003959  0.000000 -0.013627  0.000000 )
(  0.142296 -0.000000 -0.003959  0.000000  0.013627  0.000000 )
(  0.142296 -0.000000  0.003959 -0.000000  0.013627  0.000000 )
( -0.274019  0.000000 -0.000000  0.000000 -0.012692 -0.000000 )
(  0.142296 -0.000000  0.003959 -0.000000  0.013627  0.000000 )
(  0.142296 -0.000000 -0.003959  0.000000  0.013627  0.000000 )
(  0.142296 -0.000000  0.003959 -0.000000 -0.013627  0.000000 )
(  0.142296 -0.000000 -0.003959 -0.000000 -0.013627  0.000000 )
     freq (  28) =       2.426999 [THz] =      80.955968 [cm-1]
(  0.000000  0.000000 -0.000000 -0.000000  0.117948  0.000000 )
(  0.000000  0.000000  0.000000  0.000000  0.117948  0.000000 )
( -0.116051  0.000000  0.000000  0.000000 -0.000000  0.000000 )
( -0.116051  0.000000  0.000000 -0.000000  0.000000  0.000000 )
(  0.026595  0.000000  0.000000  0.000000  0.103895 -0.000000 )
( -0.026595 -0.000000 -0.000000 -0.000000  0.103895 -0.000000 )
(  0.000000  0.000000  0.000000  0.000000 -0.205829  0.000000 )
(  0.091220 -0.000000  0.000000 -0.000000  0.160733 -0.000000 )
( -0.091220  0.000000 -0.000000  0.000000  0.160733 -0.000000 )
(  0.000000  0.000000  0.000000 -0.000000 -0.205829  0.000000 )
(  0.091220  0.000000 -0.000000  0.000000  0.160733 -0.000000 )
( -0.026595 -0.000000  0.000000  0.000000  0.103895 -0.000000 )
(  0.000000  0.000000  0.000000  0.000000 -0.123397  0.000000 )
(  0.026595  0.000000 -0.000000  0.000000  0.103895 -0.000000 )
( -0.091220  0.000000  0.000000 -0.000000  0.160733 -0.000000 )
(  0.000000  0.000000 -0.000000 -0.000000 -0.123397  0.000000 )
( -0.000000 -0.000000 -0.000000  0.000000 -0.112303  0.000000 )
( -0.000000 -0.000000  0.136224 -0.000000 -0.078839  0.000000 )
( -0.000000 -0.000000 -0.136224  0.000000 -0.078839  0.000000 )
( -0.000000 -0.000000 -0.161514  0.000000 -0.032039  0.000000 )
( -0.000000  0.000000  0.161514 -0.000000 -0.032039  0.000000 )
(  0.000000  0.000000 -0.000000 -0.000000  0.178057 -0.000000 )
( -0.000000 -0.000000  0.161514 -0.000000 -0.032039  0.000000 )
( -0.000000  0.000000 -0.161514  0.000000 -0.032039  0.000000 )
( -0.000000 -0.000000 -0.136224  0.000000 -0.078839  0.000000 )
( -0.000000 -0.000000  0.136224 -0.000000 -0.078839  0.000000 )
( -0.006264 -0.000000  0.000000  0.000000 -0.152342  0.000000 )
(  0.010906 -0.000000  0.182731  0.000000 -0.100621  0.000000 )
(  0.010906 -0.000000 -0.182731  0.000000 -0.100621  0.000000 )
( -0.010906 -0.000000 -0.182731  0.000000 -0.100621  0.000000 )
( -0.010906 -0.000000  0.182731 -0.000000 -0.100621  0.000000 )
( -0.006264  0.000000  0.000000  0.000000  0.152342 -0.000000 )
( -0.010906 -0.000000  0.182731 -0.000000 -0.100621  0.000000 )
( -0.010906 -0.000000 -0.182731  0.000000 -0.100621  0.000000 )
(  0.010906 -0.000000 -0.182731 -0.000000 -0.100621  0.000000 )
(  0.010906 -0.000000  0.182731 -0.000000 -0.100621  0.000000 )
     freq (  29) =       2.566775 [THz] =      85.618387 [cm-1]
( -0.000000 -0.000000  0.000000 -0.000000 -0.000000 -0.000000 )
( -0.000000  0.000000  0.000000 -0.000000  0.000000  0.000000 )
( -0.000000 -0.000000  0.000710 -0.000000 -0.000000 -0.000000 )
(  0.000000  0.000000  0.000710 -0.000000  0.000000 -0.000000 )
( -0.000000  0.000000  0.002978  0.000000 -0.000000  0.000000 )
( -0.000000 -0.000000 -0.002978  0.000000  0.000000  0.000000 )
( -0.000000 -0.000000  0.000000 -0.000000 -0.000000  0.000000 )
(  0.000000 -0.000000 -0.001429  0.000000  0.000000 -0.000000 )
( -0.000000 -0.000000  0.001429 -0.000000  0.000000  0.000000 )
( -0.000000  0.000000  0.000000 -0.000000  0.000000 -0.000000 )
(  0.000000  0.000000 -0.001429  0.000000  0.000000  0.000000 )
( -0.000000  0.000000 -0.002978  0.000000 -0.000000  0.000000 )
( -0.000000  0.000000  0.000000  0.000000  0.000000 -0.000000 )
(  0.000000 -0.000000  0.002978  0.000000  0.000000 -0.000000 )
(  0.000000  0.000000  0.001429 -0.000000  0.000000 -0.000000 )
(  0.000000 -0.000000  0.000000  0.000000 -0.000000  0.000000 )
(  0.000000 -0.000000  0.000000  0.000000  0.000000 -0.000000 )
(  0.033165 -0.000000  0.000000  0.000000 -0.000000 -0.000000 )
( -0.033165  0.000000 -0.000000  0.000000  0.000000  0.000000 )
(  0.274556 -0.000000  0.000000  0.000000 -0.000000  0.000000 )
( -0.274556 -0.000000  0.000000  0.000000  0.000000 -0.000000 )
(  0.000000  0.000000 -0.000000 -0.000000  0.000000 -0.000000 )
( -0.274556  0.000000  0.000000  0.000000  0.000000 -0.000000 )
(  0.274556 -0.000000 -0.000000  0.000000 -0.000000  0.000000 )
( -0.033165  0.000000  0.000000  0.000000  0.000000  0.000000 )
(  0.033165 -0.000000  0.000000  0.000000 -0.000000 -0.000000 )
(  0.000000 -0.000000 -0.009018 -0.000000 -0.000000 -0.000000 )
(  0.126405  0.000000 -0.003240  0.000000  0.265979  0.000000 )
( -0.126405 -0.000000 -0.003240  0.000000 -0.265979 -0.000000 )
( -0.126405 -0.000000  0.003240 -0.000000  0.265979  0.000000 )
(  0.126405  0.000000  0.003240 -0.000000 -0.265979 -0.000000 )
( -0.000000  0.000000 -0.009018 -0.000000 -0.000000  0.000000 )
(  0.126405  0.000000  0.003240 -0.000000 -0.265979 -0.000000 )
( -0.126405 -0.000000  0.003240 -0.000000  0.265979  0.000000 )
( -0.126405 -0.000000 -0.003240  0.000000 -0.265979 -0.000000 )
(  0.126405  0.000000 -0.003240  0.000000  0.265979  0.000000 )
     freq (  30) =       2.632988 [THz] =      87.827040 [cm-1]
(  0.000000 -0.000000 -0.003528 -0.000000  0.000000 -0.000000 )
( -0.000000 -0.000000 -0.003528  0.000000  0.000000  0.000000 )
(  0.000000 -0.000000  0.000000 -0.000000 -0.000000 -0.000000 )
( -0.000000  0.000000  0.000000 -0.000000  0.000000  0.000000 )
( -0.000000  0.000000  0.000835  0.000000  0.000000  0.000000 )
(  0.000000 -0.000000  0.000835  0.000000  0.000000  0.000000 )
( -0.000000 -0.000000 -0.010576 -0.000000 -0.000000 -0.000000 )
(  0.000000 -0.000000  0.004848  0.000000  0.000000  0.000000 )
( -0.000000 -0.000000  0.004848 -0.000000  0.000000 -0.000000 )
(  0.000000 -0.000000 -0.010576 -0.000000 -0.000000  0.000000 )
(  0.000000  0.000000  0.004848  0.000000  0.000000  0.000000 )
(  0.000000  0.000000  0.000835  0.000000  0.000000 -0.000000 )
(  0.000000 -0.000000  0.001631  0.000000 -0.000000  0.000000 )
(  0.000000 -0.000000  0.000835  0.000000  0.000000 -0.000000 )
(  0.000000  0.000000  0.004848 -0.000000  0.000000  0.000000 )
(  0.000000 -0.000000  0.001631  0.000000  0.000000 -0.000000 )
(  0.000000  0.000000  0.014752  0.000000 -0.000000  0.000000 )
(  0.000000 -0.000000  0.002434  0.000000  0.314397  0.000000 )
( -0.000000  0.000000  0.002434  0.000000 -0.314397 -0.000000 )
(  0.000000  0.000000  0.016606  0.000000  0.293999  0.000000 )
(  0.000000 -0.000000  0.016606 -0.000000 -0.293999 -0.000000 )
( -0.000000 -0.000000 -0.009623 -0.000000  0.000000  0.000000 )
(  0.000000 -0.000000  0.016606  0.000000 -0.293999 -0.000000 )
( -0.000000  0.000000  0.016606  0.000000  0.293999  0.000000 )
( -0.000000  0.000000  0.002434  0.000000 -0.314397  0.000000 )
(  0.000000 -0.000000  0.002434  0.000000  0.314397 -0.000000 )
( -0.000000  0.000000  0.006177  0.000000 -0.000000 -0.000000 )
(  0.178645  0.000000 -0.008199  0.000000  0.012057 -0.000000 )
( -0.178645 -0.000000 -0.008199  0.000000 -0.012057  0.000000 )
(  0.178645 -0.000000 -0.008199  0.000000 -0.012057 -0.000000 )
( -0.178645  0.000000 -0.008199  0.000000  0.012057  0.000000 )
(  0.000000 -0.000000 -0.006177 -0.000000  0.000000 -0.000000 )
( -0.178645  0.000000 -0.008199 -0.000000  0.012057  0.000000 )
(  0.178645 -0.000000 -0.008199 -0.000000 -0.012057 -0.000000 )
( -0.178645 -0.000000 -0.008199  0.000000 -0.012057  0.000000 )
(  0.178645  0.000000 -0.008199  0.000000  0.012057 -0.000000 )
     freq (  31) =       2.660610 [THz] =      88.748398 [cm-1]
(  0.000000  0.000000 -0.000000 -0.000000 -0.000000 -0.000000 )
( -0.000000 -0.000000 -0.000000 -0.000000  0.000000  0.000000 )
(  0.000000  0.000000  0.009150 -0.000000  0.000000 -0.000000 )
( -0.000000 -0.000000  0.009150 -0.000000  0.000000 -0.000000 )
( -0.000000 -0.000000 -0.002273  0.000000 -0.000000 -0.000000 )
( -0.000000  0.000000  0.002273  0.000000  0.000000 -0.000000 )
( -0.000000 -0.000000  0.000000  0.000000 -0.000000  0.000000 )
(  0.000000 -0.000000  0.011851  0.000000  0.000000 -0.000000 )
(  0.000000 -0.000000 -0.011851  0.000000 -0.000000  0.000000 )
( -0.000000  0.000000 -0.000000  0.000000  0.000000 -0.000000 )
(  0.000000  0.000000  0.011851  0.000000 -0.000000 -0.000000 )
( -0.000000 -0.000000  0.002273  0.000000 -0.000000  0.000000 )
( -0.000000  0.000000 -0.000000  0.000000  0.000000 -0.000000 )
(  0.000000  0.000000 -0.002273  0.000000  0.000000  0.000000 )
( -0.000000  0.000000 -0.011851  0.000000  0.000000 -0.000000 )
(  0.000000  0.000000  0.000000  0.000000 -0.000000  0.000000 )
(  0.000000 -0.000000 -0.000000  0.000000  0.000000  0.000000 )
(  0.310709 -0.000000 -0.000000  0.000000 -0.000000 -0.000000 )
( -0.310709  0.000000 -0.000000  0.000000  0.000000  0.000000 )
( -0.145267 -0.000000 -0.000000  0.000000 -0.000000 -0.000000 )
(  0.145267  0.000000 -0.000000  0.000000  0.000000  0.000000 )
( -0.000000  0.000000  0.000000 -0.000000 -0.000000 -0.000000 )
(  0.145267  0.000000  0.000000  0.000000  0.000000  0.000000 )
( -0.145267 -0.000000 -0.000000  0.000000 -0.000000 -0.000000 )
( -0.310709  0.000000  0.000000  0.000000  0.000000  0.000000 )
(  0.310709  0.000000  0.000000  0.000000 -0.000000 -0.000000 )
(  0.000000 -0.000000  0.002911  0.000000  0.000000  0.000000 )
( -0.205416 -0.000000  0.017953  0.000000  0.153509  0.000000 )
(  0.205416  0.000000  0.017953  0.000000 -0.153509 -0.000000 )
(  0.205416  0.000000 -0.017953 -0.000000  0.153509  0.000000 )
( -0.205416  0.000000 -0.017953 -0.000000 -0.153509 -0.000000 )
( -0.000000 -0.000000  0.002911 -0.000000 -0.000000  0.000000 )
( -0.205416  0.000000 -0.017953  0.000000 -0.153509 -0.000000 )
(  0.205416 -0.000000 -0.017953  0.000000  0.153509  0.000000 )
(  0.205416  0.000000  0.017953  0.000000 -0.153509 -0.000000 )
( -0.205416 -0.000000  0.017953  0.000000  0.153509  0.000000 )
     freq (  32) =       2.836432 [THz] =      94.613204 [cm-1]
( -0.000000  0.000000  0.075031 -0.000000 -0.000000  0.000000 )
(  0.000000 -0.000000  0.075031 -0.000000 -0.000000  0.000000 )
( -0.000000  0.000000  0.000000  0.000000  0.000000 -0.000000 )
(  0.000000  0.000000  0.000000 -0.000000 -0.000000 -0.000000 )
(  0.000000  0.000000 -0.108648 -0.000000 -0.000000  0.000000 )
( -0.000000  0.000000 -0.108648 -0.000000  0.000000 -0.000000 )
(  0.000000 -0.000000 -0.049764 -0.000000 -0.000000  0.000000 )
(  0.000000 -0.000000 -0.033653 -0.000000  0.000000 -0.000000 )
(  0.000000 -0.000000 -0.033653 -0.000000 -0.000000  0.000000 )
( -0.000000  0.000000 -0.049764 -0.000000  0.000000 -0.000000 )
( -0.000000  0.000000 -0.033653 -0.000000 -0.000000  0.000000 )
(  0.000000 -0.000000 -0.108648 -0.000000 -0.000000  0.000000 )
(  0.000000  0.000000 -0.088393 -0.000000  0.000000 -0.000000 )
(  0.000000 -0.000000 -0.108648 -0.000000  0.000000 -0.000000 )
( -0.000000  0.000000 -0.033653 -0.000000  0.000000 -0.000000 )
(  0.000000 -0.000000 -0.088393 -0.000000 -0.000000  0.000000 )
(  0.000000  0.000000 -0.483964  0.000000  0.000000 -0.000000 )
(  0.000000 -0.000000 -0.162646 -0.000000 -0.003303 -0.000000 )
(  0.000000  0.000000 -0.162646 -0.000000  0.003303  0.000000 )
(  0.000000 -0.000000 -0.055162 -0.000000 -0.020151 -0.000000 )
( -0.000000  0.000000 -0.055162 -0.000000  0.020151  0.000000 )
(  0.000000 -0.000000  0.233592  0.000000  0.000000 -0.000000 )
( -0.000000  0.000000 -0.055162 -0.000000  0.020151  0.000000 )
(  0.000000 -0.000000 -0.055162 -0.000000 -0.020151 -0.000000 )
( -0.000000  0.000000 -0.162646 -0.000000  0.003303 -0.000000 )
(  0.000000 -0.000000 -0.162646 -0.000000 -0.003303  0.000000 )
(  0.000000 -0.000000 -0.465398 -0.000000 -0.000000  0.000000 )
(  0.030855  0.000000 -0.090982 -0.000000 -0.010863 -0.000000 )
( -0.030855 -0.000000 -0.090982 -0.000000  0.010863  0.000000 )
(  0.030855 -0.000000 -0.090982 -0.000000  0.010863 -0.000000 )
( -0.030855  0.000000 -0.090982 -0.000000 -0.010863  0.000000 )
(  0.000000 -0.000000  0.465398  0.000000  0.000000 -0.000000 )
( -0.030855 -0.000000 -0.090982 -0.000000 -0.010863  0.000000 )
(  0.030855  0.000000 -0.090982 -0.000000  0.010863 -0.000000 )
( -0.030855  0.000000 -0.090982 -0.000000  0.010863  0.000000 )
(  0.030855 -0.000000 -0.090982 -0.000000 -0.010863 -0.000000 )
     freq (  33) =       2.901947 [THz] =      96.798545 [cm-1]
(  0.000000  0.000000 -0.108661  0.000000 -0.000000  0.000000 )
( -0.000000  0.000000  0.108661 -0.000000  0.000000 -0.000000 )
(  0.000000  0.000000  0.090552 -0.000000 -0.000000 -0.000000 )
( -0.000000  0.000000 -0.090552  0.000000  0.000000 -0.000000 )
(  0.037152  0.000000  0.000000  0.000000  0.060215  0.000000 )
(  0.037152 -0.000000 -0.000000  0.000000 -0.060215  0.000000 )
( -0.056815  0.000000 -0.000000 -0.000000 -0.000000 -0.000000 )
( -0.168585 -0.000000 -0.000000 -0.000000 -0.123849 -0.000000 )
( -0.168585  0.000000 -0.000000 -0.000000  0.123849 -0.000000 )
(  0.056815 -0.000000 -0.000000 -0.000000  0.000000  0.000000 )
(  0.168585  0.000000 -0.000000 -0.000000  0.123849  0.000000 )
( -0.037152  0.000000 -0.000000  0.000000  0.060215 -0.000000 )
( -0.000000 -0.000000  0.000000  0.000000 -0.256257  0.000000 )
( -0.037152 -0.000000  0.000000  0.000000 -0.060215 -0.000000 )
(  0.168585 -0.000000 -0.000000 -0.000000 -0.123849  0.000000 )
(  0.000000  0.000000  0.000000  0.000000  0.256257 -0.000000 )
(  0.000000  0.000000 -0.000000 -0.000000 -0.000000 -0.000000 )
(  0.000000  0.000000  0.135114 -0.000000 -0.096218  0.000000 )
( -0.000000 -0.000000  0.135114  0.000000  0.096218  0.000000 )
( -0.000000 -0.000000  0.298924 -0.000000  0.031519  0.000000 )
(  0.000000  0.000000  0.298924 -0.000000 -0.031519  0.000000 )
( -0.000000 -0.000000  0.000000  0.000000  0.000000 -0.000000 )
( -0.000000 -0.000000 -0.298924  0.000000  0.031519 -0.000000 )
(  0.000000  0.000000 -0.298924  0.000000 -0.031519  0.000000 )
(  0.000000  0.000000 -0.135114  0.000000 -0.096218  0.000000 )
( -0.000000 -0.000000 -0.135114  0.000000  0.096218  0.000000 )
( -0.000000  0.000000 -0.000000 -0.000000  0.000000 -0.000000 )
(  0.106857 -0.000000  0.080120  0.000000  0.040281 -0.000000 )
( -0.106857  0.000000  0.080120  0.000000 -0.040281  0.000000 )
( -0.106857  0.000000 -0.080120  0.000000  0.040281  0.000000 )
(  0.106857 -0.000000 -0.080120  0.000000 -0.040281 -0.000000 )
(  0.000000 -0.000000  0.000000  0.000000  0.000000 -0.000000 )
( -0.106857  0.000000  0.080120 -0.000000  0.040281  0.000000 )
(  0.106857 -0.000000  0.080120 -0.000000 -0.040281 -0.000000 )
(  0.106857 -0.000000 -0.080120 -0.000000  0.040281 -0.000000 )
( -0.106857  0.000000 -0.080120 -0.000000 -0.040281  0.000000 )
     freq (  34) =       2.908129 [THz] =      97.004736 [cm-1]
( -0.000000  0.000000 -0.000000  0.000000  0.000000 -0.000000 )
(  0.000000  0.000000  0.000000 -0.000000 -0.000000 -0.000000 )
( -0.000000  0.000000  0.000000 -0.000000  0.000000 -0.000000 )
(  0.000000  0.000000 -0.000000  0.000000  0.000000 -0.000000 )
( -0.111485 -0.000000  0.000000  0.000000 -0.092236 -0.000000 )
(  0.111485 -0.000000 -0.000000 -0.000000 -0.092236  0.000000 )
( -0.000000  0.000000 -0.000000  0.000000  0.293137 -0.000000 )
(  0.117984  0.000000  0.000000 -0.000000  0.088654  0.000000 )
( -0.117984  0.000000  0.000000  0.000000  0.088654 -0.000000 )
(  0.000000 -0.000000 -0.000000  0.000000 -0.293137  0.000000 )
( -0.117984 -0.000000  0.000000 -0.000000 -0.088654 -0.000000 )
( -0.111485  0.000000 -0.000000 -0.000000  0.092236 -0.000000 )
(  0.044500  0.000000  0.000000 -0.000000 -0.000000  0.000000 )
(  0.111485  0.000000  0.000000  0.000000  0.092236  0.000000 )
(  0.117984 -0.000000  0.000000  0.000000 -0.088654  0.000000 )
( -0.044500  0.000000  0.000000 -0.000000  0.000000 -0.000000 )
(  0.000000 -0.000000 -0.000000  0.000000 -0.000000 -0.000000 )
( -0.118557  0.000000  0.000000 -0.000000 -0.000000  0.000000 )
(  0.118557 -0.000000  0.000000 -0.000000  0.000000 -0.000000 )
(  0.126915 -0.000000  0.000000 -0.000000  0.000000 -0.000000 )
( -0.126915  0.000000  0.000000 -0.000000 -0.000000  0.000000 )
(  0.000000  0.000000 -0.000000 -0.000000 -0.000000 -0.000000 )
(  0.126915 -0.000000 -0.000000  0.000000  0.000000 -0.000000 )
( -0.126915  0.000000 -0.000000  0.000000 -0.000000  0.000000 )
( -0.118557 -0.000000 -0.000000  0.000000 -0.000000  0.000000 )
(  0.118557 -0.000000 -0.000000  0.000000  0.000000 -0.000000 )
( -0.000000 -0.000000 -0.000000 -0.000000  0.000000  0.000000 )
( -0.001414 -0.000000 -0.246380 -0.000000  0.076668 -0.000000 )
(  0.001414  0.000000 -0.246380 -0.000000 -0.076668  0.000000 )
( -0.001414  0.000000 -0.246380  0.000000 -0.076668 -0.000000 )
(  0.001414 -0.000000 -0.246380  0.000000  0.076668  0.000000 )
( -0.000000 -0.000000 -0.000000 -0.000000 -0.000000  0.000000 )
( -0.001414  0.000000  0.246380 -0.000000 -0.076668 -0.000000 )
(  0.001414 -0.000000  0.246380 -0.000000  0.076668  0.000000 )
( -0.001414 -0.000000  0.246380  0.000000  0.076668 -0.000000 )
(  0.001414  0.000000  0.246380  0.000000 -0.076668  0.000000 )
     freq (  35) =       2.989428 [THz] =      99.716577 [cm-1]
(  0.000000  0.000000 -0.000000  0.000000  0.065547  0.000000 )
( -0.000000 -0.000000 -0.000000 -0.000000  0.065547  0.000000 )
( -0.079892  0.000000 -0.000000 -0.000000  0.000000 -0.000000 )
( -0.079892 -0.000000 -0.000000  0.000000  0.000000 -0.000000 )
(  0.010752  0.000000  0.000000  0.000000 -0.030213  0.000000 )
( -0.010752 -0.000000  0.000000 -0.000000 -0.030213  0.000000 )
( -0.000000  0.000000 -0.000000 -0.000000  0.137934 -0.000000 )
(  0.038360 -0.000000 -0.000000  0.000000  0.025068 -0.000000 )
( -0.038360  0.000000 -0.000000  0.000000  0.025068 -0.000000 )
(  0.000000 -0.000000 -0.000000  0.000000  0.137934  0.000000 )
(  0.038360 -0.000000 -0.000000 -0.000000  0.025068 -0.000000 )
( -0.010752  0.000000  0.000000  0.000000 -0.030213 -0.000000 )
(  0.000000  0.000000  0.000000  0.000000 -0.170344  0.000000 )
(  0.010752 -0.000000  0.000000  0.000000 -0.030213  0.000000 )
( -0.038360 -0.000000 -0.000000 -0.000000  0.025068  0.000000 )
(  0.000000  0.000000  0.000000  0.000000 -0.170344 -0.000000 )
(  0.000000  0.000000 -0.000000  0.000000  0.091785  0.000000 )
( -0.000000 -0.000000  0.103057 -0.000000 -0.230959  0.000000 )
( -0.000000 -0.000000 -0.103057 -0.000000 -0.230959 -0.000000 )
(  0.000000  0.000000 -0.129040 -0.000000 -0.154085 -0.000000 )
(  0.000000  0.000000  0.129040 -0.000000 -0.154085 -0.000000 )
(  0.000000  0.000000  0.000000  0.000000 -0.012495  0.000000 )
( -0.000000 -0.000000  0.129040  0.000000 -0.154085 -0.000000 )
( -0.000000 -0.000000 -0.129040  0.000000 -0.154085  0.000000 )
(  0.000000  0.000000 -0.103057  0.000000 -0.230959 -0.000000 )
(  0.000000  0.000000  0.103057  0.000000 -0.230959 -0.000000 )
(  0.036314 -0.000000  0.000000  0.000000  0.007091  0.000000 )
(  0.059650 -0.000000 -0.056831  0.000000  0.219942 -0.000000 )
(  0.059650 -0.000000  0.056831  0.000000  0.219942  0.000000 )
( -0.059650  0.000000  0.056831  0.000000  0.219942  0.000000 )
( -0.059650  0.000000 -0.056831  0.000000  0.219942  0.000000 )
(  0.036314  0.000000 -0.000000 -0.000000 -0.007091  0.000000 )
( -0.059650 -0.000000 -0.056831 -0.000000  0.219942  0.000000 )
( -0.059650 -0.000000  0.056831 -0.000000  0.219942  0.000000 )
(  0.059650  0.000000  0.056831 -0.000000  0.219942  0.000000 )
(  0.059650  0.000000 -0.056831 -0.000000  0.219942  0.000000 )
     freq (  36) =       2.992272 [THz] =      99.811434 [cm-1]
( -0.284058 -0.000000 -0.000000  0.000000  0.000000 -0.000000 )
(  0.284058  0.000000 -0.000000  0.000000  0.000000 -0.000000 )
( -0.295509  0.000000  0.000000  0.000000  0.000000 -0.000000 )
(  0.295509  0.000000  0.000000  0.000000  0.000000  0.000000 )
(  0.000000 -0.000000  0.003681 -0.000000 -0.000000  0.000000 )
( -0.000000  0.000000  0.003681 -0.000000 -0.000000  0.000000 )
( -0.000000  0.000000  0.005801  0.000000  0.000000 -0.000000 )
(  0.000000 -0.000000 -0.004427  0.000000  0.000000 -0.000000 )
( -0.000000  0.000000 -0.004427  0.000000  0.000000 -0.000000 )
( -0.000000  0.000000 -0.005801 -0.000000  0.000000 -0.000000 )
(  0.000000 -0.000000  0.004427 -0.000000  0.000000 -0.000000 )
( -0.000000  0.000000 -0.003681 -0.000000 -0.000000  0.000000 )
( -0.000000 -0.000000  0.000000  0.000000 -0.000000  0.000000 )
( -0.000000 -0.000000 -0.003681  0.000000 -0.000000  0.000000 )
( -0.000000  0.000000  0.004427  0.000000  0.000000 -0.000000 )
( -0.000000 -0.000000  0.000000 -0.000000 -0.000000  0.000000 )
(  0.000000 -0.000000 -0.000000  0.000000  0.000000 -0.000000 )
(  0.206277  0.000000  0.000000 -0.000000 -0.000000  0.000000 )
(  0.206277  0.000000  0.000000  0.000000 -0.000000  0.000000 )
( -0.203058 -0.000000 -0.000000  0.000000 -0.000000  0.000000 )
( -0.203058 -0.000000  0.000000 -0.000000 -0.000000  0.000000 )
(  0.000000  0.000000  0.000000 -0.000000 -0.000000  0.000000 )
(  0.203058  0.000000  0.000000 -0.000000 -0.000000  0.000000 )
(  0.203058  0.000000 -0.000000  0.000000 -0.000000  0.000000 )
( -0.206277 -0.000000  0.000000  0.000000 -0.000000  0.000000 )
( -0.206277 -0.000000  0.000000 -0.000000 -0.000000  0.000000 )
(  0.000000 -0.000000  0.000000 -0.000000  0.000000 -0.000000 )
(  0.202281  0.000000  0.008432  0.000000  0.009551 -0.000000 )
(  0.202281  0.000000 -0.008432 -0.000000  0.009551 -0.000000 )
( -0.202281 -0.000000 -0.008432 -0.000000  0.009551 -0.000000 )
( -0.202281 -0.000000  0.008432  0.000000  0.009551 -0.000000 )
(  0.000000 -0.000000 -0.000000 -0.000000  0.000000  0.000000 )
(  0.202281  0.000000 -0.008432  0.000000 -0.009551 -0.000000 )
(  0.202281  0.000000  0.008432 -0.000000 -0.009551 -0.000000 )
( -0.202281 -0.000000  0.008432 -0.000000 -0.009551 -0.000000 )
( -0.202281 -0.000000 -0.008432  0.000000 -0.009551 -0.000000 )
     freq (  37) =       2.997807 [THz] =      99.996070 [cm-1]
( -0.000000 -0.000000  0.188152 -0.000000  0.000000 -0.000000 )
(  0.000000  0.000000  0.188152 -0.000000  0.000000 -0.000000 )
( -0.000000 -0.000000  0.000000  0.000000 -0.000000 -0.000000 )
(  0.000000  0.000000 -0.000000  0.000000 -0.000000  0.000000 )
(  0.000000 -0.000000 -0.076757  0.000000 -0.000000 -0.000000 )
( -0.000000 -0.000000 -0.076757 -0.000000 -0.000000  0.000000 )
( -0.000000  0.000000  0.127585  0.000000  0.000000  0.000000 )
(  0.000000  0.000000  0.115222 -0.000000  0.000000  0.000000 )
( -0.000000  0.000000  0.115222  0.000000  0.000000 -0.000000 )
(  0.000000 -0.000000  0.127585  0.000000  0.000000 -0.000000 )
(  0.000000 -0.000000  0.115222 -0.000000  0.000000 -0.000000 )
( -0.000000  0.000000 -0.076757 -0.000000 -0.000000 -0.000000 )
( -0.000000  0.000000 -0.084573 -0.000000 -0.000000  0.000000 )
(  0.000000  0.000000 -0.076757  0.000000 -0.000000  0.000000 )
( -0.000000 -0.000000  0.115222  0.000000  0.000000  0.000000 )
( -0.000000 -0.000000 -0.084573 -0.000000 -0.000000 -0.000000 )
(  0.000000  0.000000  0.033147  0.000000  0.000000 -0.000000 )
(  0.000000  0.000000 -0.165556 -0.000000  0.031099  0.000000 )
(  0.000000 -0.000000 -0.165556 -0.000000 -0.031099 -0.000000 )
( -0.000000  0.000000  0.118731 -0.000000 -0.139957 -0.000000 )
( -0.000000 -0.000000  0.118731 -0.000000  0.139957  0.000000 )
( -0.000000 -0.000000 -0.593262  0.000000 -0.000000  0.000000 )
(  0.000000 -0.000000  0.118731  0.000000  0.139957 -0.000000 )
(  0.000000  0.000000  0.118731  0.000000 -0.139957  0.000000 )
( -0.000000 -0.000000 -0.165556  0.000000 -0.031099  0.000000 )
( -0.000000  0.000000 -0.165556  0.000000  0.031099 -0.000000 )
(  0.000000 -0.000000 -0.053273 -0.000000  0.000000 -0.000000 )
(  0.091447 -0.000000  0.090856 -0.000000 -0.090656 -0.000000 )
( -0.091447  0.000000  0.090856 -0.000000  0.090656  0.000000 )
(  0.091447  0.000000  0.090856  0.000000  0.090656 -0.000000 )
( -0.091447 -0.000000  0.090856  0.000000 -0.090656  0.000000 )
(  0.000000  0.000000  0.053273 -0.000000 -0.000000 -0.000000 )
( -0.091447  0.000000  0.090856  0.000000 -0.090656 -0.000000 )
(  0.091447 -0.000000  0.090856  0.000000  0.090656  0.000000 )
( -0.091447 -0.000000  0.090856 -0.000000  0.090656  0.000000 )
(  0.091447  0.000000  0.090856 -0.000000 -0.090656 -0.000000 )
     freq (  38) =       3.077192 [THz] =     102.644072 [cm-1]
(  0.000000 -0.000000 -0.000000  0.000000  0.000000 -0.000000 )
( -0.000000  0.000000 -0.000000  0.000000  0.000000 -0.000000 )
(  0.000000 -0.000000  0.231815 -0.000000 -0.000000  0.000000 )
( -0.000000  0.000000  0.231815 -0.000000 -0.000000 -0.000000 )
( -0.000000 -0.000000  0.121100 -0.000000 -0.000000 -0.000000 )
( -0.000000  0.000000 -0.121100 -0.000000  0.000000 -0.000000 )
(  0.000000 -0.000000  0.000000  0.000000  0.000000  0.000000 )
(  0.000000  0.000000 -0.117192  0.000000  0.000000  0.000000 )
(  0.000000 -0.000000  0.117192  0.000000 -0.000000  0.000000 )
( -0.000000  0.000000  0.000000  0.000000  0.000000 -0.000000 )
(  0.000000 -0.000000 -0.117192  0.000000  0.000000 -0.000000 )
(  0.000000 -0.000000 -0.121100 -0.000000 -0.000000  0.000000 )
( -0.000000  0.000000 -0.000000 -0.000000  0.000000 -0.000000 )
( -0.000000  0.000000  0.121100 -0.000000 -0.000000  0.000000 )
( -0.000000  0.000000  0.117192  0.000000  0.000000 -0.000000 )
( -0.000000 -0.000000 -0.000000 -0.000000 -0.000000  0.000000 )
( -0.000000 -0.000000  0.000000 -0.000000  0.000000 -0.000000 )
(  0.136282 -0.000000  0.000000 -0.000000  0.000000 -0.000000 )
( -0.136282  0.000000 -0.000000 -0.000000 -0.000000  0.000000 )
(  0.119280  0.000000 -0.000000  0.000000 -0.000000 -0.000000 )
( -0.119280 -0.000000 -0.000000  0.000000  0.000000  0.000000 )
( -0.000000  0.000000  0.000000 -0.000000 -0.000000 -0.000000 )
( -0.119280  0.000000 -0.000000  0.000000  0.000000  0.000000 )
(  0.119280 -0.000000 -0.000000  0.000000 -0.000000 -0.000000 )
( -0.136282 -0.000000  0.000000 -0.000000 -0.000000  0.000000 )
(  0.136282  0.000000  0.000000 -0.000000  0.000000 -0.000000 )
(  0.000000 -0.000000 -0.388575  0.000000 -0.000000  0.000000 )
( -0.012134  0.000000 -0.194972 -0.000000 -0.071109 -0.000000 )
(  0.012134 -0.000000 -0.194972 -0.000000  0.071109  0.000000 )
(  0.012134  0.000000  0.194972 -0.000000 -0.071109 -0.000000 )
( -0.012134 -0.000000  0.194972 -0.000000  0.071109  0.000000 )
( -0.000000 -0.000000 -0.388575 -0.000000 -0.000000  0.000000 )
( -0.012134 -0.000000  0.194972  0.000000  0.071109  0.000000 )
(  0.012134  0.000000  0.194972  0.000000 -0.071109 -0.000000 )
(  0.012134 -0.000000 -0.194972  0.000000  0.071109  0.000000 )
( -0.012134  0.000000 -0.194972  0.000000 -0.071109 -0.000000 )
     freq (  39) =       3.117133 [THz] =     103.976379 [cm-1]
(  0.000000  0.000000  0.000000  0.000000 -0.343689 -0.000000 )
(  0.000000 -0.000000  0.000000  0.000000  0.343689  0.000000 )
(  0.000000 -0.000000 -0.000000 -0.000000 -0.344117  0.000000 )
(  0.000000  0.000000  0.000000 -0.000000  0.344117  0.000000 )
(  0.000000  0.000000  0.000299 -0.000000 -0.000000  0.000000 )
( -0.000000  0.000000 -0.000299 -0.000000 -0.000000 -0.000000 )
(  0.000000 -0.000000 -0.000000 -0.000000  0.000000 -0.000000 )
(  0.000000  0.000000  0.004876  0.000000  0.000000  0.000000 )
(  0.000000  0.000000 -0.004876  0.000000  0.000000  0.000000 )
(  0.000000 -0.000000 -0.000000 -0.000000  0.000000 -0.000000 )
(  0.000000  0.000000 -0.004876  0.000000  0.000000  0.000000 )
( -0.000000  0.000000  0.000299 -0.000000 -0.000000 -0.000000 )
( -0.000000  0.000000 -0.004320  0.000000 -0.000000 -0.000000 )
(  0.000000  0.000000 -0.000299 -0.000000 -0.000000 -0.000000 )
(  0.000000  0.000000  0.004876  0.000000  0.000000  0.000000 )
( -0.000000  0.000000  0.004320  0.000000 -0.000000 -0.000000 )
( -0.000000  0.000000 -0.000000 -0.000000  0.000000  0.000000 )
( -0.000000 -0.000000 -0.001782  0.000000  0.188626 -0.000000 )
( -0.000000 -0.000000  0.001782 -0.000000  0.188626  0.000000 )
(  0.000000 -0.000000  0.008092  0.000000 -0.171489 -0.000000 )
(  0.000000 -0.000000 -0.008092  0.000000 -0.171489 -0.000000 )
( -0.000000 -0.000000  0.000000 -0.000000  0.000000  0.000000 )
(  0.000000  0.000000  0.008092  0.000000  0.171489  0.000000 )
(  0.000000  0.000000 -0.008092  0.000000  0.171489  0.000000 )
( -0.000000  0.000000 -0.001782  0.000000 -0.188626  0.000000 )
( -0.000000  0.000000  0.001782 -0.000000 -0.188626 -0.000000 )
(  0.000000 -0.000000  0.000000  0.000000 -0.000000  0.000000 )
(  0.006603 -0.000000 -0.002191 -0.000000  0.182406  0.000000 )
(  0.006603 -0.000000  0.002191 -0.000000  0.182406 -0.000000 )
(  0.006603 -0.000000 -0.002191 -0.000000 -0.182406 -0.000000 )
(  0.006603 -0.000000  0.002191 -0.000000 -0.182406 -0.000000 )
(  0.000000  0.000000 -0.000000 -0.000000 -0.000000  0.000000 )
( -0.006603  0.000000 -0.002191 -0.000000  0.182406  0.000000 )
( -0.006603  0.000000  0.002191 -0.000000  0.182406  0.000000 )
( -0.006603  0.000000 -0.002191 -0.000000 -0.182406 -0.000000 )
( -0.006603  0.000000  0.002191 -0.000000 -0.182406  0.000000 )
     freq (  40) =       3.118483 [THz] =     104.021380 [cm-1]
( -0.000000 -0.000000  0.133477 -0.000000  0.000000 -0.000000 )
( -0.000000 -0.000000  0.133477 -0.000000 -0.000000  0.000000 )
( -0.000000 -0.000000  0.000000  0.000000  0.000000 -0.000000 )
( -0.000000  0.000000  0.000000  0.000000 -0.000000  0.000000 )
(  0.000000 -0.000000 -0.065898  0.000000  0.000000 -0.000000 )
(  0.000000 -0.000000 -0.065898 -0.000000 -0.000000  0.000000 )
(  0.000000  0.000000 -0.122129 -0.000000 -0.000000 -0.000000 )
( -0.000000  0.000000  0.077138 -0.000000 -0.000000  0.000000 )
( -0.000000  0.000000  0.077138  0.000000  0.000000 -0.000000 )
( -0.000000 -0.000000 -0.122129 -0.000000  0.000000  0.000000 )
( -0.000000 -0.000000  0.077138 -0.000000 -0.000000 -0.000000 )
(  0.000000  0.000000 -0.065898 -0.000000 -0.000000 -0.000000 )
(  0.000000 -0.000000  0.136783  0.000000  0.000000  0.000000 )
(  0.000000  0.000000 -0.065898  0.000000  0.000000  0.000000 )
( -0.000000 -0.000000  0.077138  0.000000  0.000000  0.000000 )
(  0.000000  0.000000  0.136783  0.000000  0.000000 -0.000000 )
(  0.000000  0.000000 -0.418485  0.000000 -0.000000 -0.000000 )
(  0.000000  0.000000 -0.031569  0.000000 -0.173893 -0.000000 )
(  0.000000 -0.000000 -0.031569  0.000000  0.173893  0.000000 )
( -0.000000  0.000000  0.213628  0.000000  0.068597  0.000000 )
( -0.000000 -0.000000  0.213628  0.000000 -0.068597 -0.000000 )
(  0.000000  0.000000 -0.025332  0.000000 -0.000000  0.000000 )
( -0.000000 -0.000000  0.213628  0.000000 -0.068597 -0.000000 )
( -0.000000  0.000000  0.213628  0.000000  0.068597  0.000000 )
(  0.000000 -0.000000 -0.031569  0.000000  0.173893  0.000000 )
(  0.000000  0.000000 -0.031569  0.000000 -0.173893 -0.000000 )
( -0.000000 -0.000000  0.269124  0.000000  0.000000  0.000000 )
(  0.074683  0.000000 -0.068637 -0.000000  0.125847  0.000000 )
( -0.074683 -0.000000 -0.068637 -0.000000 -0.125847 -0.000000 )
(  0.074683  0.000000 -0.068637  0.000000 -0.125847 -0.000000 )
( -0.074683 -0.000000 -0.068637  0.000000  0.125847  0.000000 )
(  0.000000 -0.000000 -0.269124 -0.000000  0.000000  0.000000 )
( -0.074683 -0.000000 -0.068637  0.000000  0.125847  0.000000 )
(  0.074683  0.000000 -0.068637  0.000000 -0.125847 -0.000000 )
( -0.074683 -0.000000 -0.068637 -0.000000 -0.125847 -0.000000 )
(  0.074683  0.000000 -0.068637 -0.000000  0.125847  0.000000 )
     freq (  41) =       3.229262 [THz] =     107.716591 [cm-1]
( -0.228812  0.000000 -0.000000  0.000000 -0.000000  0.000000 )
( -0.228812  0.000000 -0.000000 -0.000000  0.000000  0.000000 )
( -0.000000 -0.000000  0.000000 -0.000000  0.163700 -0.000000 )
(  0.000000 -0.000000  0.000000  0.000000  0.163700 -0.000000 )
(  0.081937  0.000000  0.000000 -0.000000  0.034936 -0.000000 )
(  0.081937  0.000000  0.000000 -0.000000 -0.034936  0.000000 )
( -0.012379  0.000000  0.000000 -0.000000 -0.000000  0.000000 )
( -0.071216 -0.000000 -0.000000 -0.000000 -0.049193  0.000000 )
( -0.071216 -0.000000  0.000000  0.000000  0.049193 -0.000000 )
( -0.012379  0.000000  0.000000  0.000000 -0.000000  0.000000 )
( -0.071216 -0.000000 -0.000000  0.000000 -0.049193  0.000000 )
(  0.081937  0.000000  0.000000  0.000000 -0.034936  0.000000 )
(  0.050777 -0.000000 -0.000000  0.000000  0.000000  0.000000 )
(  0.081937  0.000000  0.000000  0.000000  0.034936 -0.000000 )
( -0.071216 -0.000000 -0.000000  0.000000  0.049193 -0.000000 )
(  0.050777 -0.000000 -0.000000 -0.000000  0.000000 -0.000000 )
(  0.076180 -0.000000  0.000000 -0.000000 -0.000000  0.000000 )
(  0.250633 -0.000000 -0.000000 -0.000000  0.000000 -0.000000 )
(  0.250633 -0.000000  0.000000 -0.000000  0.000000 -0.000000 )
( -0.259826 -0.000000 -0.000000 -0.000000 -0.000000  0.000000 )
( -0.259826  0.000000 -0.000000 -0.000000  0.000000  0.000000 )
(  0.031145 -0.000000 -0.000000 -0.000000 -0.000000 -0.000000 )
( -0.259826 -0.000000 -0.000000  0.000000  0.000000  0.000000 )
( -0.259826 -0.000000 -0.000000  0.000000  0.000000  0.000000 )
(  0.250633 -0.000000  0.000000  0.000000 -0.000000 -0.000000 )
(  0.250633 -0.000000  0.000000  0.000000  0.000000 -0.000000 )
( -0.089418  0.000000 -0.000000  0.000000 -0.029927 -0.000000 )
( -0.026233  0.000000 -0.037958  0.000000 -0.162647  0.000000 )
( -0.026233  0.000000  0.037958  0.000000 -0.162647  0.000000 )
( -0.026233  0.000000 -0.037958  0.000000  0.162647 -0.000000 )
( -0.026233  0.000000  0.037958 -0.000000  0.162647 -0.000000 )
(  0.089418 -0.000000  0.000000 -0.000000 -0.029927 -0.000000 )
( -0.026233  0.000000  0.037958 -0.000000  0.162647 -0.000000 )
( -0.026233  0.000000 -0.037958  0.000000  0.162647 -0.000000 )
( -0.026233  0.000000  0.037958 -0.000000 -0.162647  0.000000 )
( -0.026233  0.000000 -0.037958  0.000000 -0.162647  0.000000 )
     freq (  42) =       3.325509 [THz] =     110.927025 [cm-1]
(  0.000000  0.000000  0.000000  0.000000 -0.129194  0.000000 )
(  0.000000  0.000000 -0.000000 -0.000000 -0.129194  0.000000 )
(  0.192890 -0.000000 -0.000000 -0.000000  0.000000 -0.000000 )
(  0.192890 -0.000000 -0.000000  0.000000 -0.000000 -0.000000 )
(  0.078046  0.000000  0.000000  0.000000  0.062027  0.000000 )
( -0.078046 -0.000000 -0.000000  0.000000  0.062027  0.000000 )
( -0.000000  0.000000 -0.000000 -0.000000  0.015143  0.000000 )
( -0.043391  0.000000  0.000000 -0.000000 -0.028357  0.000000 )
(  0.043391  0.000000 -0.000000 -0.000000 -0.028357 -0.000000 )
( -0.000000  0.000000 -0.000000  0.000000  0.015143 -0.000000 )
( -0.043391  0.000000  0.000000  0.000000 -0.028357 -0.000000 )
( -0.078046 -0.000000  0.000000 -0.000000  0.062027  0.000000 )
( -0.000000 -0.000000  0.000000  0.000000 -0.056777 -0.000000 )
(  0.078046  0.000000 -0.000000 -0.000000  0.062027  0.000000 )
(  0.043391  0.000000 -0.000000  0.000000 -0.028357 -0.000000 )
( -0.000000 -0.000000  0.000000 -0.000000 -0.056777 -0.000000 )
( -0.000000 -0.000000 -0.000000 -0.000000 -0.004685 -0.000000 )
( -0.000000 -0.000000  0.094665  0.000000  0.105853 -0.000000 )
( -0.000000 -0.000000 -0.094665 -0.000000  0.105853 -0.000000 )
( -0.000000  0.000000 -0.043895 -0.000000 -0.219349 -0.000000 )
(  0.000000 -0.000000  0.043895  0.000000 -0.219349 -0.000000 )
( -0.000000  0.000000  0.000000  0.000000  0.009944 -0.000000 )
(  0.000000  0.000000  0.043895 -0.000000 -0.219349 -0.000000 )
(  0.000000  0.000000 -0.043895  0.000000 -0.219349 -0.000000 )
( -0.000000 -0.000000 -0.094665 -0.000000  0.105853 -0.000000 )
(  0.000000 -0.000000  0.094665  0.000000  0.105853 -0.000000 )
( -0.072350 -0.000000  0.000000  0.000000 -0.016783 -0.000000 )
( -0.254787 -0.000000  0.029576  0.000000  0.045394  0.000000 )
( -0.254787 -0.000000 -0.029576 -0.000000  0.045394  0.000000 )
(  0.254787  0.000000 -0.029576 -0.000000  0.045394  0.000000 )
(  0.254787  0.000000  0.029576 -0.000000  0.045394  0.000000 )
( -0.072350 -0.000000 -0.000000 -0.000000  0.016783 -0.000000 )
(  0.254787  0.000000  0.029576  0.000000  0.045394 -0.000000 )
(  0.254787  0.000000 -0.029576  0.000000  0.045394 -0.000000 )
( -0.254787  0.000000 -0.029576 -0.000000  0.045394  0.000000 )
( -0.254787  0.000000  0.029576  0.000000  0.045394  0.000000 )
     freq (  43) =       3.403804 [THz] =     113.538674 [cm-1]
(  0.019802 -0.000000  0.000000 -0.000000  0.000000  0.000000 )
(  0.019802 -0.000000  0.000000 -0.000000 -0.000000 -0.000000 )
( -0.000000  0.000000 -0.000000 -0.000000  0.097535  0.000000 )
(  0.000000  0.000000 -0.000000 -0.000000  0.097535  0.000000 )
(  0.049999  0.000000 -0.000000  0.000000 -0.085424  0.000000 )
(  0.049999  0.000000  0.000000  0.000000  0.085424 -0.000000 )
(  0.143886 -0.000000  0.000000 -0.000000  0.000000 -0.000000 )
( -0.048955 -0.000000 -0.000000 -0.000000  0.071453 -0.000000 )
( -0.048955 -0.000000  0.000000 -0.000000 -0.071453  0.000000 )
(  0.143886 -0.000000 -0.000000  0.000000 -0.000000 -0.000000 )
( -0.048955 -0.000000  0.000000 -0.000000  0.071453 -0.000000 )
(  0.049999  0.000000 -0.000000 -0.000000  0.085424 -0.000000 )
( -0.155408  0.000000 -0.000000  0.000000 -0.000000  0.000000 )
(  0.049999  0.000000 -0.000000 -0.000000 -0.085424  0.000000 )
( -0.048955 -0.000000  0.000000  0.000000 -0.071453  0.000000 )
( -0.155408  0.000000  0.000000 -0.000000  0.000000  0.000000 )
( -0.464541  0.000000 -0.000000  0.000000 -0.000000 -0.000000 )
( -0.029290  0.000000 -0.000000 -0.000000 -0.000000 -0.000000 )
( -0.029290  0.000000 -0.000000  0.000000  0.000000  0.000000 )
( -0.161913 -0.000000  0.000000  0.000000  0.000000 -0.000000 )
( -0.161913 -0.000000  0.000000 -0.000000  0.000000 -0.000000 )
(  0.124753  0.000000  0.000000  0.000000 -0.000000 -0.000000 )
( -0.161913 -0.000000 -0.000000 -0.000000 -0.000000 -0.000000 )
( -0.161913 -0.000000  0.000000  0.000000 -0.000000 -0.000000 )
( -0.029290  0.000000 -0.000000  0.000000 -0.000000  0.000000 )
( -0.029290  0.000000  0.000000 -0.000000 -0.000000  0.000000 )
(  0.296884 -0.000000  0.000000 -0.000000 -0.321392 -0.000000 )
(  0.101042 -0.000000  0.000272 -0.000000  0.046210 -0.000000 )
(  0.101042 -0.000000 -0.000272  0.000000  0.046210 -0.000000 )
(  0.101042 -0.000000  0.000272 -0.000000 -0.046210  0.000000 )
(  0.101042 -0.000000 -0.000272  0.000000 -0.046210  0.000000 )
( -0.296884  0.000000 -0.000000  0.000000 -0.321392  0.000000 )
(  0.101042 -0.000000 -0.000272  0.000000 -0.046210  0.000000 )
(  0.101042 -0.000000  0.000272 -0.000000 -0.046210  0.000000 )
(  0.101042 -0.000000 -0.000272  0.000000  0.046210 -0.000000 )
(  0.101042 -0.000000  0.000272 -0.000000  0.046210 -0.000000 )
     freq (  44) =       3.512055 [THz] =     117.149538 [cm-1]
(  0.033975 -0.000000 -0.000000 -0.000000 -0.000000 -0.000000 )
( -0.033975  0.000000  0.000000 -0.000000 -0.000000  0.000000 )
( -0.038805 -0.000000  0.000000 -0.000000  0.000000 -0.000000 )
(  0.038805  0.000000 -0.000000 -0.000000 -0.000000  0.000000 )
( -0.000000 -0.000000 -0.047360 -0.000000  0.000000  0.000000 )
( -0.000000 -0.000000 -0.047360  0.000000 -0.000000 -0.000000 )
(  0.000000  0.000000  0.125817  0.000000 -0.000000  0.000000 )
(  0.000000  0.000000  0.077249  0.000000 -0.000000 -0.000000 )
(  0.000000  0.000000  0.077249  0.000000  0.000000  0.000000 )
(  0.000000  0.000000 -0.125817 -0.000000 -0.000000  0.000000 )
(  0.000000  0.000000 -0.077249 -0.000000  0.000000 -0.000000 )
( -0.000000 -0.000000  0.047360 -0.000000 -0.000000 -0.000000 )
( -0.000000 -0.000000  0.000000  0.000000 -0.000000  0.000000 )
( -0.000000 -0.000000  0.047360  0.000000  0.000000  0.000000 )
(  0.000000  0.000000 -0.077249 -0.000000  0.000000  0.000000 )
( -0.000000 -0.000000 -0.000000 -0.000000 -0.000000  0.000000 )
( -0.000000  0.000000 -0.000000  0.000000  0.000000  0.000000 )
( -0.121084 -0.000000 -0.000000 -0.000000 -0.000000 -0.000000 )
( -0.121084 -0.000000  0.000000  0.000000 -0.000000 -0.000000 )
( -0.209882 -0.000000 -0.000000 -0.000000 -0.000000 -0.000000 )
( -0.209882 -0.000000  0.000000  0.000000 -0.000000 -0.000000 )
(  0.000000  0.000000  0.000000  0.000000  0.000000  0.000000 )
(  0.209882  0.000000  0.000000 -0.000000  0.000000  0.000000 )
(  0.209882  0.000000  0.000000  0.000000  0.000000  0.000000 )
(  0.121084 -0.000000 -0.000000 -0.000000  0.000000  0.000000 )
(  0.121084  0.000000  0.000000  0.000000  0.000000 -0.000000 )
(  0.000000  0.000000  0.000000  0.000000  0.000000  0.000000 )
( -0.031565 -0.000000 -0.001686  0.000000 -0.293116 -0.000000 )
( -0.031565 -0.000000  0.001686 -0.000000 -0.293116  0.000000 )
(  0.031565 -0.000000  0.001686 -0.000000 -0.293116 -0.000000 )
(  0.031565 -0.000000 -0.001686  0.000000 -0.293116 -0.000000 )
( -0.000000  0.000000 -0.000000 -0.000000  0.000000  0.000000 )
( -0.031565  0.000000  0.001686 -0.000000  0.293116  0.000000 )
( -0.031565 -0.000000 -0.001686  0.000000  0.293116  0.000000 )
(  0.031565  0.000000 -0.001686  0.000000  0.293116 -0.000000 )
(  0.031565  0.000000  0.001686 -0.000000  0.293116 -0.000000 )
     freq (  45) =       3.539399 [THz] =     118.061644 [cm-1]
(  0.058262 -0.000000  0.000000 -0.000000  0.000000  0.000000 )
(  0.058262 -0.000000  0.000000  0.000000  0.000000 -0.000000 )
( -0.000000 -0.000000  0.000000  0.000000  0.095278  0.000000 )
(  0.000000 -0.000000  0.000000 -0.000000  0.095278  0.000000 )
(  0.072749  0.000000  0.000000  0.000000 -0.105299  0.000000 )
(  0.072749  0.000000 -0.000000 -0.000000  0.105299 -0.000000 )
( -0.110553 -0.000000  0.000000 -0.000000 -0.000000 -0.000000 )
( -0.052332 -0.000000  0.000000 -0.000000  0.096635 -0.000000 )
( -0.052332  0.000000  0.000000  0.000000 -0.096635  0.000000 )
( -0.110553 -0.000000 -0.000000  0.000000 -0.000000 -0.000000 )
( -0.052332 -0.000000  0.000000  0.000000  0.096635 -0.000000 )
(  0.072749  0.000000  0.000000  0.000000  0.105299 -0.000000 )
(  0.130273  0.000000 -0.000000 -0.000000  0.000000  0.000000 )
(  0.072749  0.000000 -0.000000 -0.000000 -0.105299  0.000000 )
( -0.052332  0.000000 -0.000000 -0.000000 -0.096635  0.000000 )
(  0.130273  0.000000  0.000000  0.000000  0.000000  0.000000 )
( -0.027625 -0.000000 -0.000000  0.000000 -0.000000 -0.000000 )
(  0.092585  0.000000 -0.000000 -0.000000  0.000000  0.000000 )
(  0.092585  0.000000  0.000000  0.000000  0.000000  0.000000 )
(  0.054047 -0.000000  0.000000  0.000000  0.000000  0.000000 )
(  0.054047 -0.000000 -0.000000 -0.000000  0.000000  0.000000 )
( -0.423367  0.000000  0.000000 -0.000000 -0.000000  0.000000 )
(  0.054047 -0.000000  0.000000 -0.000000 -0.000000 -0.000000 )
(  0.054047 -0.000000  0.000000  0.000000 -0.000000 -0.000000 )
(  0.092585  0.000000 -0.000000  0.000000 -0.000000 -0.000000 )
(  0.092585  0.000000 -0.000000 -0.000000 -0.000000 -0.000000 )
( -0.252516 -0.000000  0.000000 -0.000000 -0.375073 -0.000000 )
( -0.100196  0.000000 -0.002193  0.000000  0.104658  0.000000 )
( -0.100196  0.000000  0.002193 -0.000000  0.104658  0.000000 )
( -0.100196  0.000000 -0.002193 -0.000000 -0.104658  0.000000 )
( -0.100196  0.000000  0.002193  0.000000 -0.104658  0.000000 )
(  0.252516  0.000000 -0.000000 -0.000000 -0.375073  0.000000 )
( -0.100196 -0.000000  0.002193  0.000000 -0.104658 -0.000000 )
( -0.100196 -0.000000 -0.002193 -0.000000 -0.104658 -0.000000 )
( -0.100196 -0.000000  0.002193 -0.000000  0.104658 -0.000000 )
( -0.100196 -0.000000 -0.002193 -0.000000  0.104658 -0.000000 )
     freq (  46) =       3.553925 [THz] =     118.546166 [cm-1]
( -0.000000  0.000000  0.000000 -0.000000  0.015263  0.000000 )
( -0.000000  0.000000  0.000000 -0.000000 -0.015263 -0.000000 )
(  0.000000  0.000000  0.000000 -0.000000 -0.009527  0.000000 )
(  0.000000 -0.000000  0.000000  0.000000  0.009527 -0.000000 )
( -0.000000  0.000000  0.065270  0.000000  0.000000 -0.000000 )
( -0.000000 -0.000000 -0.065270  0.000000  0.000000 -0.000000 )
(  0.000000 -0.000000 -0.000000 -0.000000 -0.000000  0.000000 )
(  0.000000 -0.000000 -0.058668 -0.000000 -0.000000  0.000000 )
( -0.000000  0.000000  0.058668  0.000000 -0.000000  0.000000 )
(  0.000000 -0.000000 -0.000000  0.000000  0.000000  0.000000 )
(  0.000000 -0.000000  0.058668  0.000000 -0.000000  0.000000 )
(  0.000000 -0.000000  0.065270 -0.000000  0.000000 -0.000000 )
( -0.000000  0.000000 -0.129042 -0.000000 -0.000000 -0.000000 )
( -0.000000  0.000000 -0.065270 -0.000000  0.000000 -0.000000 )
( -0.000000  0.000000 -0.058668 -0.000000 -0.000000  0.000000 )
( -0.000000  0.000000  0.129042  0.000000  0.000000 -0.000000 )
(  0.000000 -0.000000  0.000000  0.000000 -0.000000  0.000000 )
( -0.000000  0.000000 -0.003835 -0.000000  0.274391  0.000000 )
(  0.000000  0.000000  0.003835  0.000000  0.274391  0.000000 )
(  0.000000  0.000000  0.024589 -0.000000  0.302227  0.000000 )
( -0.000000  0.000000 -0.024589  0.000000  0.302227  0.000000 )
(  0.000000 -0.000000  0.000000  0.000000 -0.000000  0.000000 )
( -0.000000  0.000000  0.024589 -0.000000 -0.302227 -0.000000 )
(  0.000000  0.000000 -0.024589  0.000000 -0.302227  0.000000 )
(  0.000000  0.000000 -0.003835 -0.000000 -0.274391 -0.000000 )
( -0.000000 -0.000000  0.003835  0.000000 -0.274391 -0.000000 )
( -0.000000 -0.000000 -0.000000 -0.000000  0.000000 -0.000000 )
(  0.182175 -0.000000 -0.008509  0.000000 -0.004403  0.000000 )
(  0.182175 -0.000000  0.008509 -0.000000 -0.004403  0.000000 )
(  0.182175  0.000000 -0.008509  0.000000  0.004403  0.000000 )
(  0.182175  0.000000  0.008509 -0.000000  0.004403  0.000000 )
( -0.000000  0.000000 -0.000000  0.000000  0.000000 -0.000000 )
( -0.182175 -0.000000 -0.008509 -0.000000 -0.004403 -0.000000 )
( -0.182175 -0.000000  0.008509 -0.000000 -0.004403 -0.000000 )
( -0.182175 -0.000000 -0.008509  0.000000  0.004403  0.000000 )
( -0.182175 -0.000000  0.008509 -0.000000  0.004403  0.000000 )
     freq (  47) =       3.558436 [THz] =     118.696637 [cm-1]
( -0.000000 -0.000000 -0.000000  0.000000  0.135120 -0.000000 )
( -0.000000  0.000000 -0.000000 -0.000000  0.135120 -0.000000 )
(  0.051731  0.000000 -0.000000 -0.000000 -0.000000  0.000000 )
(  0.051731 -0.000000 -0.000000  0.000000  0.000000  0.000000 )
( -0.077412  0.000000  0.000000 -0.000000  0.143204 -0.000000 )
(  0.077412 -0.000000 -0.000000  0.000000  0.143204 -0.000000 )
(  0.000000  0.000000  0.000000 -0.000000 -0.001567  0.000000 )
(  0.070988 -0.000000  0.000000  0.000000 -0.121377  0.000000 )
( -0.070988  0.000000 -0.000000 -0.000000 -0.121377  0.000000 )
(  0.000000  0.000000  0.000000  0.000000 -0.001567  0.000000 )
(  0.070988 -0.000000  0.000000 -0.000000 -0.121377  0.000000 )
(  0.077412 -0.000000 -0.000000 -0.000000  0.143204 -0.000000 )
( -0.000000 -0.000000  0.000000  0.000000  0.017642 -0.000000 )
( -0.077412  0.000000  0.000000  0.000000  0.143204 -0.000000 )
( -0.070988  0.000000 -0.000000  0.000000 -0.121377  0.000000 )
( -0.000000 -0.000000 -0.000000 -0.000000  0.017642 -0.000000 )
(  0.000000 -0.000000  0.000000  0.000000 -0.513237  0.000000 )
(  0.000000  0.000000 -0.001666  0.000000  0.056633 -0.000000 )
( -0.000000  0.000000  0.001666 -0.000000  0.056633 -0.000000 )
( -0.000000 -0.000000  0.016187 -0.000000 -0.136184 -0.000000 )
(  0.000000  0.000000 -0.016187  0.000000 -0.136184 -0.000000 )
(  0.000000  0.000000  0.000000  0.000000 -0.461531  0.000000 )
(  0.000000 -0.000000 -0.016187  0.000000 -0.136184  0.000000 )
( -0.000000 -0.000000  0.016187 -0.000000 -0.136184  0.000000 )
( -0.000000 -0.000000  0.001666 -0.000000  0.056633  0.000000 )
(  0.000000  0.000000 -0.001666  0.000000  0.056633  0.000000 )
( -0.267490  0.000000  0.000000 -0.000000 -0.034408 -0.000000 )
(  0.087580 -0.000000  0.005394 -0.000000  0.010372 -0.000000 )
(  0.087580 -0.000000 -0.005394  0.000000  0.010372 -0.000000 )
( -0.087580 -0.000000 -0.005394  0.000000  0.010372 -0.000000 )
( -0.087580 -0.000000  0.005394 -0.000000  0.010372 -0.000000 )
( -0.267490  0.000000  0.000000  0.000000  0.034408 -0.000000 )
( -0.087580  0.000000  0.005394 -0.000000  0.010372 -0.000000 )
( -0.087580  0.000000 -0.005394  0.000000  0.010372 -0.000000 )
(  0.087580  0.000000 -0.005394  0.000000  0.010372 -0.000000 )
(  0.087580  0.000000  0.005394 -0.000000  0.010372 -0.000000 )
     freq (  48) =       3.568595 [THz] =     119.035501 [cm-1]
(  0.000000  0.000000 -0.000000  0.000000  0.000000 -0.000000 )
( -0.000000 -0.000000 -0.000000 -0.000000  0.000000 -0.000000 )
(  0.000000 -0.000000  0.011913 -0.000000 -0.000000  0.000000 )
(  0.000000  0.000000  0.011913  0.000000 -0.000000  0.000000 )
( -0.000000  0.000000 -0.089278  0.000000  0.000000 -0.000000 )
(  0.000000 -0.000000  0.089278  0.000000  0.000000  0.000000 )
( -0.000000 -0.000000  0.000000 -0.000000 -0.000000 -0.000000 )
(  0.000000 -0.000000 -0.081537 -0.000000 -0.000000  0.000000 )
( -0.000000  0.000000  0.081537  0.000000 -0.000000 -0.000000 )
( -0.000000 -0.000000  0.000000 -0.000000 -0.000000  0.000000 )
(  0.000000 -0.000000 -0.081537  0.000000 -0.000000  0.000000 )
(  0.000000  0.000000  0.089278  0.000000  0.000000 -0.000000 )
(  0.000000  0.000000  0.000000 -0.000000  0.000000  0.000000 )
( -0.000000  0.000000 -0.089278 -0.000000  0.000000 -0.000000 )
( -0.000000 -0.000000  0.081537  0.000000 -0.000000  0.000000 )
(  0.000000  0.000000  0.000000 -0.000000  0.000000 -0.000000 )
(  0.000000 -0.000000  0.000000 -0.000000 -0.000000  0.000000 )
( -0.219164 -0.000000  0.000000 -0.000000 -0.000000  0.000000 )
(  0.219164  0.000000 -0.000000  0.000000  0.000000 -0.000000 )
(  0.247920  0.000000  0.000000 -0.000000 -0.000000 -0.000000 )
( -0.247920 -0.000000  0.000000 -0.000000 -0.000000  0.000000 )
( -0.000000 -0.000000  0.000000  0.000000 -0.000000  0.000000 )
( -0.247920 -0.000000 -0.000000 -0.000000 -0.000000  0.000000 )
(  0.247920  0.000000  0.000000 -0.000000  0.000000 -0.000000 )
(  0.219164  0.000000 -0.000000  0.000000  0.000000 -0.000000 )
( -0.219164 -0.000000 -0.000000  0.000000  0.000000  0.000000 )
( -0.000000  0.000000 -0.015275 -0.000000 -0.000000 -0.000000 )
( -0.249771 -0.000000  0.020962  0.000000  0.004807  0.000000 )
(  0.249771  0.000000  0.020962  0.000000 -0.004807 -0.000000 )
(  0.249771  0.000000 -0.020962 -0.000000  0.004807 -0.000000 )
( -0.249771  0.000000 -0.020962  0.000000 -0.004807  0.000000 )
( -0.000000  0.000000 -0.015275 -0.000000  0.000000 -0.000000 )
( -0.249771 -0.000000 -0.020962 -0.000000 -0.004807  0.000000 )
(  0.249771  0.000000 -0.020962  0.000000  0.004807 -0.000000 )
(  0.249771  0.000000  0.020962  0.000000 -0.004807 -0.000000 )
( -0.249771 -0.000000  0.020962  0.000000  0.004807  0.000000 )
     freq (  49) =       3.573653 [THz] =     119.204245 [cm-1]
( -0.000000  0.000000  0.010910 -0.000000  0.000000 -0.000000 )
( -0.000000 -0.000000  0.010910 -0.000000  0.000000 -0.000000 )
(  0.000000 -0.000000  0.000000  0.000000 -0.000000  0.000000 )
(  0.000000 -0.000000  0.000000  0.000000  0.000000 -0.000000 )
( -0.000000  0.000000  0.050140 -0.000000  0.000000 -0.000000 )
(  0.000000 -0.000000  0.050140  0.000000  0.000000 -0.000000 )
(  0.000000 -0.000000 -0.094438  0.000000  0.000000 -0.000000 )
(  0.000000 -0.000000  0.047351 -0.000000 -0.000000  0.000000 )
( -0.000000  0.000000  0.047351  0.000000 -0.000000  0.000000 )
(  0.000000 -0.000000 -0.094438  0.000000  0.000000  0.000000 )
(  0.000000 -0.000000  0.047351 -0.000000 -0.000000  0.000000 )
(  0.000000 -0.000000  0.050140 -0.000000  0.000000 -0.000000 )
( -0.000000  0.000000 -0.103051  0.000000  0.000000 -0.000000 )
( -0.000000  0.000000  0.050140 -0.000000  0.000000 -0.000000 )
( -0.000000  0.000000  0.047351  0.000000 -0.000000  0.000000 )
( -0.000000  0.000000 -0.103051 -0.000000 -0.000000  0.000000 )
( -0.000000  0.000000 -0.016916  0.000000 -0.000000  0.000000 )
( -0.000000 -0.000000  0.003946 -0.000000  0.225354 -0.000000 )
(  0.000000  0.000000  0.003946 -0.000000 -0.225354 -0.000000 )
(  0.000000  0.000000 -0.020406 -0.000000 -0.261511  0.000000 )
( -0.000000 -0.000000 -0.020406 -0.000000  0.261511 -0.000000 )
(  0.000000 -0.000000 -0.007825  0.000000 -0.000000  0.000000 )
( -0.000000 -0.000000 -0.020406 -0.000000  0.261511  0.000000 )
(  0.000000  0.000000 -0.020406 -0.000000 -0.261511  0.000000 )
(  0.000000  0.000000  0.003946 -0.000000 -0.225354  0.000000 )
( -0.000000 -0.000000  0.003946 -0.000000  0.225354  0.000000 )
( -0.000000  0.000000  0.002274 -0.000000  0.000000 -0.000000 )
(  0.000095 -0.000000  0.006176 -0.000000  0.240463 -0.000000 )
( -0.000095  0.000000  0.006176 -0.000000 -0.240463  0.000000 )
(  0.000095  0.000000  0.006176  0.000000 -0.240463  0.000000 )
( -0.000095 -0.000000  0.006176  0.000000  0.240463 -0.000000 )
( -0.000000  0.000000 -0.002274 -0.000000  0.000000 -0.000000 )
( -0.000095 -0.000000  0.006176  0.000000  0.240463 -0.000000 )
(  0.000095  0.000000  0.006176  0.000000 -0.240463  0.000000 )
( -0.000095  0.000000  0.006176 -0.000000 -0.240463  0.000000 )
(  0.000095 -0.000000  0.006176 -0.000000  0.240463 -0.000000 )
     freq (  50) =       3.622254 [THz] =     120.825392 [cm-1]
( -0.024411 -0.000000  0.000000  0.000000 -0.000000  0.000000 )
(  0.024411  0.000000  0.000000  0.000000  0.000000 -0.000000 )
(  0.010724 -0.000000 -0.000000 -0.000000  0.000000  0.000000 )
( -0.010724  0.000000 -0.000000 -0.000000  0.000000 -0.000000 )
(  0.000000 -0.000000 -0.041851  0.000000 -0.000000  0.000000 )
(  0.000000 -0.000000 -0.041851  0.000000  0.000000  0.000000 )
(  0.000000  0.000000 -0.073958 -0.000000  0.000000  0.000000 )
( -0.000000  0.000000  0.028141  0.000000  0.000000 -0.000000 )
( -0.000000 -0.000000  0.028141 -0.000000 -0.000000 -0.000000 )
( -0.000000  0.000000  0.073958  0.000000  0.000000  0.000000 )
( -0.000000  0.000000 -0.028141 -0.000000  0.000000 -0.000000 )
(  0.000000 -0.000000  0.041851 -0.000000  0.000000  0.000000 )
( -0.000000 -0.000000  0.000000 -0.000000 -0.000000 -0.000000 )
(  0.000000 -0.000000  0.041851 -0.000000 -0.000000  0.000000 )
( -0.000000 -0.000000 -0.028141 -0.000000 -0.000000 -0.000000 )
( -0.000000 -0.000000 -0.000000  0.000000 -0.000000 -0.000000 )
( -0.000000  0.000000 -0.000000 -0.000000 -0.000000 -0.000000 )
(  0.209673  0.000000  0.000000 -0.000000  0.000000 -0.000000 )
(  0.209673  0.000000 -0.000000  0.000000  0.000000 -0.000000 )
(  0.241231 -0.000000 -0.000000  0.000000  0.000000 -0.000000 )
(  0.241231 -0.000000  0.000000 -0.000000  0.000000 -0.000000 )
( -0.000000  0.000000  0.000000 -0.000000  0.000000 -0.000000 )
( -0.241231  0.000000 -0.000000  0.000000  0.000000  0.000000 )
( -0.241231 -0.000000  0.000000 -0.000000 -0.000000  0.000000 )
( -0.209673 -0.000000  0.000000 -0.000000 -0.000000  0.000000 )
( -0.209673 -0.000000 -0.000000  0.000000 -0.000000  0.000000 )
( -0.000000 -0.000000 -0.000000  0.000000 -0.000000  0.000000 )
(  0.026589 -0.000000 -0.229513 -0.000000 -0.133125  0.000000 )
(  0.026589 -0.000000  0.229513  0.000000 -0.133125  0.000000 )
( -0.026589  0.000000  0.229513  0.000000 -0.133125  0.000000 )
( -0.026589  0.000000 -0.229513 -0.000000 -0.133125  0.000000 )
( -0.000000 -0.000000  0.000000  0.000000 -0.000000  0.000000 )
(  0.026589 -0.000000  0.229513 -0.000000  0.133125 -0.000000 )
(  0.026589 -0.000000 -0.229513  0.000000  0.133125 -0.000000 )
( -0.026589  0.000000 -0.229513 -0.000000  0.133125 -0.000000 )
( -0.026589  0.000000  0.229513  0.000000  0.133125 -0.000000 )
     freq (  51) =       3.684161 [THz] =     122.890377 [cm-1]
( -0.000000  0.000000  0.000000  0.000000 -0.041564 -0.000000 )
(  0.000000 -0.000000  0.000000  0.000000  0.041564  0.000000 )
(  0.000000 -0.000000 -0.000000 -0.000000  0.031752 -0.000000 )
(  0.000000  0.000000 -0.000000 -0.000000 -0.031752  0.000000 )
(  0.000000 -0.000000  0.030653  0.000000  0.000000  0.000000 )
(  0.000000  0.000000 -0.030653  0.000000  0.000000 -0.000000 )
( -0.000000  0.000000  0.000000 -0.000000 -0.000000  0.000000 )
( -0.000000  0.000000 -0.053602  0.000000 -0.000000 -0.000000 )
(  0.000000  0.000000  0.053602  0.000000  0.000000  0.000000 )
( -0.000000  0.000000 -0.000000  0.000000  0.000000  0.000000 )
(  0.000000  0.000000  0.053602 -0.000000 -0.000000 -0.000000 )
(  0.000000  0.000000  0.030653 -0.000000 -0.000000 -0.000000 )
(  0.000000 -0.000000  0.062180 -0.000000  0.000000  0.000000 )
( -0.000000 -0.000000 -0.030653 -0.000000  0.000000  0.000000 )
(  0.000000  0.000000 -0.053602 -0.000000 -0.000000  0.000000 )
(  0.000000 -0.000000 -0.062180  0.000000  0.000000  0.000000 )
(  0.000000 -0.000000 -0.000000  0.000000 -0.000000  0.000000 )
( -0.000000  0.000000  0.202593  0.000000  0.169948  0.000000 )
( -0.000000  0.000000 -0.202593 -0.000000  0.169948  0.000000 )
( -0.000000 -0.000000 -0.245799 -0.000000  0.128089  0.000000 )
( -0.000000 -0.000000  0.245799  0.000000  0.128089  0.000000 )
( -0.000000  0.000000 -0.000000 -0.000000 -0.000000  0.000000 )
(  0.000000  0.000000 -0.245799  0.000000 -0.128089 -0.000000 )
(  0.000000  0.000000  0.245799 -0.000000 -0.128089 -0.000000 )
(  0.000000 -0.000000  0.202593  0.000000 -0.169948 -0.000000 )
(  0.000000 -0.000000 -0.202593 -0.000000 -0.169948 -0.000000 )
( -0.000000  0.000000  0.000000  0.000000 -0.000000  0.000000 )
( -0.216239 -0.000000  0.032170  0.000000 -0.016549  0.000000 )
( -0.216239 -0.000000 -0.032170 -0.000000 -0.016549  0.000000 )
( -0.216239  0.000000  0.032170 -0.000000  0.016549  0.000000 )
( -0.216239  0.000000 -0.032170  0.000000  0.016549  0.000000 )
(  0.000000 -0.000000  0.000000  0.000000  0.000000  0.000000 )
(  0.216239 -0.000000  0.032170 -0.000000 -0.016549 -0.000000 )
(  0.216239 -0.000000 -0.032170  0.000000 -0.016549 -0.000000 )
(  0.216239  0.000000  0.032170  0.000000  0.016549 -0.000000 )
(  0.216239  0.000000 -0.032170 -0.000000  0.016549 -0.000000 )
     freq (  52) =       3.747974 [THz] =     125.018944 [cm-1]
(  0.183001 -0.000000  0.000000  0.000000 -0.000000 -0.000000 )
( -0.183001  0.000000  0.000000  0.000000 -0.000000  0.000000 )
( -0.185672  0.000000 -0.000000  0.000000 -0.000000  0.000000 )
(  0.185672 -0.000000  0.000000  0.000000 -0.000000 -0.000000 )
(  0.000000  0.000000  0.096546 -0.000000  0.000000 -0.000000 )
( -0.000000 -0.000000  0.096546 -0.000000 -0.000000 -0.000000 )
(  0.000000  0.000000 -0.031629 -0.000000  0.000000  0.000000 )
(  0.000000 -0.000000  0.081008 -0.000000 -0.000000  0.000000 )
(  0.000000  0.000000  0.081008  0.000000  0.000000  0.000000 )
(  0.000000  0.000000  0.031629  0.000000 -0.000000  0.000000 )
( -0.000000 -0.000000 -0.081008  0.000000 -0.000000  0.000000 )
( -0.000000 -0.000000 -0.096546  0.000000 -0.000000 -0.000000 )
( -0.000000 -0.000000 -0.000000  0.000000  0.000000 -0.000000 )
( -0.000000  0.000000 -0.096546  0.000000  0.000000 -0.000000 )
(  0.000000  0.000000 -0.081008 -0.000000  0.000000  0.000000 )
( -0.000000 -0.000000 -0.000000 -0.000000 -0.000000 -0.000000 )
(  0.000000 -0.000000 -0.000000 -0.000000  0.000000  0.000000 )
(  0.266076  0.000000  0.000000  0.000000  0.000000  0.000000 )
(  0.266076  0.000000 -0.000000 -0.000000  0.000000  0.000000 )
( -0.163154  0.000000 -0.000000 -0.000000  0.000000  0.000000 )
( -0.163154  0.000000 -0.000000  0.000000  0.000000  0.000000 )
(  0.000000  0.000000 -0.000000 -0.000000  0.000000  0.000000 )
(  0.163154 -0.000000 -0.000000 -0.000000  0.000000 -0.000000 )
(  0.163154 -0.000000  0.000000  0.000000 -0.000000 -0.000000 )
( -0.266076  0.000000  0.000000  0.000000 -0.000000 -0.000000 )
( -0.266076 -0.000000 -0.000000 -0.000000 -0.000000 -0.000000 )
(  0.000000  0.000000 -0.000000 -0.000000  0.000000  0.000000 )
( -0.221845 -0.000000 -0.020497 -0.000000  0.038392 -0.000000 )
( -0.221845 -0.000000  0.020497  0.000000  0.038392 -0.000000 )
(  0.221845 -0.000000  0.020497  0.000000  0.038392 -0.000000 )
(  0.221845 -0.000000 -0.020497 -0.000000  0.038392 -0.000000 )
(  0.000000 -0.000000  0.000000  0.000000  0.000000 -0.000000 )
( -0.221845  0.000000  0.020497  0.000000 -0.038392  0.000000 )
( -0.221845  0.000000 -0.020497 -0.000000 -0.038392  0.000000 )
(  0.221845  0.000000 -0.020497 -0.000000 -0.038392  0.000000 )
(  0.221845  0.000000  0.020497  0.000000 -0.038392  0.000000 )
     freq (  53) =       3.885828 [THz] =     129.617257 [cm-1]
(  0.000000 -0.000000 -0.000000 -0.000000  0.045922 -0.000000 )
( -0.000000 -0.000000 -0.000000  0.000000  0.045922  0.000000 )
( -0.010660  0.000000  0.000000  0.000000 -0.000000 -0.000000 )
( -0.010660  0.000000 -0.000000 -0.000000  0.000000 -0.000000 )
( -0.013544 -0.000000 -0.000000 -0.000000 -0.008138  0.000000 )
(  0.013544 -0.000000  0.000000  0.000000 -0.008138  0.000000 )
( -0.000000  0.000000  0.000000 -0.000000  0.140703 -0.000000 )
(  0.030330  0.000000 -0.000000 -0.000000  0.015882 -0.000000 )
( -0.030330  0.000000  0.000000  0.000000  0.015882 -0.000000 )
( -0.000000  0.000000 -0.000000  0.000000  0.140703 -0.000000 )
(  0.030330  0.000000  0.000000  0.000000  0.015882 -0.000000 )
(  0.013544 -0.000000 -0.000000 -0.000000 -0.008138  0.000000 )
(  0.000000 -0.000000  0.000000 -0.000000 -0.138928  0.000000 )
( -0.013544 -0.000000 -0.000000  0.000000 -0.008138  0.000000 )
( -0.030330  0.000000 -0.000000 -0.000000  0.015882 -0.000000 )
(  0.000000 -0.000000 -0.000000  0.000000 -0.138928  0.000000 )
( -0.000000  0.000000  0.000000  0.000000 -0.079685 -0.000000 )
( -0.000000  0.000000  0.161759 -0.000000  0.149302  0.000000 )
( -0.000000 -0.000000 -0.161759  0.000000  0.149302  0.000000 )
( -0.000000  0.000000 -0.258067  0.000000  0.079145 -0.000000 )
( -0.000000  0.000000  0.258067 -0.000000  0.079145 -0.000000 )
( -0.000000  0.000000  0.000000 -0.000000  0.037723 -0.000000 )
( -0.000000  0.000000  0.258067 -0.000000  0.079145  0.000000 )
(  0.000000  0.000000 -0.258067  0.000000  0.079145  0.000000 )
(  0.000000 -0.000000 -0.161759 -0.000000  0.149302 -0.000000 )
( -0.000000 -0.000000  0.161759  0.000000  0.149302 -0.000000 )
( -0.032963 -0.000000 -0.000000  0.000000  0.077806  0.000000 )
(  0.003650  0.000000 -0.195492  0.000000 -0.110960 -0.000000 )
(  0.003650  0.000000  0.195492 -0.000000 -0.110960 -0.000000 )
( -0.003650 -0.000000  0.195492  0.000000 -0.110960  0.000000 )
( -0.003650 -0.000000 -0.195492 -0.000000 -0.110960  0.000000 )
( -0.032963 -0.000000  0.000000 -0.000000 -0.077806  0.000000 )
( -0.003650 -0.000000 -0.195492  0.000000 -0.110960 -0.000000 )
( -0.003650 -0.000000  0.195492 -0.000000 -0.110960 -0.000000 )
(  0.003650  0.000000  0.195492  0.000000 -0.110960  0.000000 )
(  0.003650  0.000000 -0.195492 -0.000000 -0.110960  0.000000 )
     freq (  54) =       4.008551 [THz] =     133.710875 [cm-1]
(  0.000000  0.000000 -0.063406 -0.000000  0.000000  0.000000 )
( -0.000000  0.000000  0.063406  0.000000 -0.000000  0.000000 )
( -0.000000 -0.000000  0.026320 -0.000000 -0.000000 -0.000000 )
( -0.000000 -0.000000 -0.026320  0.000000  0.000000 -0.000000 )
(  0.043997 -0.000000  0.000000  0.000000  0.021825 -0.000000 )
(  0.043997 -0.000000 -0.000000 -0.000000 -0.021825  0.000000 )
( -0.025500  0.000000 -0.000000  0.000000  0.000000  0.000000 )
( -0.016531  0.000000  0.000000  0.000000 -0.049131 -0.000000 )
( -0.016531 -0.000000 -0.000000  0.000000  0.049131  0.000000 )
(  0.025500 -0.000000  0.000000  0.000000 -0.000000  0.000000 )
(  0.016531  0.000000 -0.000000  0.000000  0.049131  0.000000 )
( -0.043997 -0.000000  0.000000 -0.000000  0.021825 -0.000000 )
(  0.000000 -0.000000  0.000000  0.000000 -0.085978 -0.000000 )
( -0.043997 -0.000000 -0.000000  0.000000 -0.021825 -0.000000 )
(  0.016531  0.000000  0.000000  0.000000 -0.049131 -0.000000 )
( -0.000000 -0.000000 -0.000000  0.000000  0.085978  0.000000 )
(  0.000000  0.000000 -0.000000 -0.000000 -0.000000  0.000000 )
(  0.000000  0.000000  0.099934 -0.000000  0.075875  0.000000 )
(  0.000000  0.000000  0.099934 -0.000000 -0.075875 -0.000000 )
( -0.000000 -0.000000  0.061403  0.000000 -0.238050  0.000000 )
(  0.000000  0.000000  0.061403  0.000000  0.238050 -0.000000 )
(  0.000000  0.000000 -0.000000 -0.000000 -0.000000  0.000000 )
( -0.000000 -0.000000 -0.061403 -0.000000 -0.238050  0.000000 )
(  0.000000 -0.000000 -0.061403 -0.000000  0.238050 -0.000000 )
( -0.000000  0.000000 -0.099934  0.000000  0.075875  0.000000 )
( -0.000000  0.000000 -0.099934  0.000000 -0.075875 -0.000000 )
( -0.000000  0.000000  0.000000  0.000000 -0.000000 -0.000000 )
( -0.274658  0.000000  0.062231  0.000000  0.043135 -0.000000 )
(  0.274658 -0.000000  0.062231 -0.000000 -0.043135  0.000000 )
(  0.274658 -0.000000 -0.062231  0.000000  0.043135 -0.000000 )
( -0.274658  0.000000 -0.062231 -0.000000 -0.043135  0.000000 )
( -0.000000 -0.000000  0.000000  0.000000  0.000000 -0.000000 )
(  0.274658 -0.000000  0.062231 -0.000000  0.043135 -0.000000 )
( -0.274658  0.000000  0.062231  0.000000 -0.043135  0.000000 )
( -0.274658 -0.000000 -0.062231 -0.000000  0.043135 -0.000000 )
(  0.274658  0.000000 -0.062231  0.000000 -0.043135  0.000000 )
     freq (  55) =       4.035463 [THz] =     134.608554 [cm-1]
( -0.000000 -0.000000  0.000000 -0.000000  0.187163 -0.000000 )
( -0.000000 -0.000000 -0.000000 -0.000000 -0.187163  0.000000 )
( -0.000000  0.000000  0.000000 -0.000000 -0.181856  0.000000 )
(  0.000000 -0.000000  0.000000 -0.000000  0.181856 -0.000000 )
(  0.000000  0.000000  0.072861  0.000000  0.000000  0.000000 )
( -0.000000 -0.000000 -0.072861  0.000000  0.000000 -0.000000 )
(  0.000000  0.000000  0.000000 -0.000000 -0.000000 -0.000000 )
( -0.000000 -0.000000  0.064700  0.000000 -0.000000 -0.000000 )
(  0.000000  0.000000 -0.064700 -0.000000 -0.000000 -0.000000 )
( -0.000000  0.000000 -0.000000  0.000000  0.000000 -0.000000 )
(  0.000000 -0.000000 -0.064700 -0.000000  0.000000 -0.000000 )
(  0.000000 -0.000000  0.072861 -0.000000 -0.000000  0.000000 )
( -0.000000 -0.000000  0.020758  0.000000  0.000000  0.000000 )
( -0.000000  0.000000 -0.072861 -0.000000 -0.000000  0.000000 )
( -0.000000  0.000000  0.064700  0.000000  0.000000 -0.000000 )
(  0.000000 -0.000000 -0.020758 -0.000000 -0.000000  0.000000 )
( -0.000000 -0.000000 -0.000000  0.000000 -0.000000  0.000000 )
( -0.000000  0.000000  0.193396 -0.000000 -0.148414 -0.000000 )
(  0.000000  0.000000 -0.193396  0.000000 -0.148414 -0.000000 )
(  0.000000  0.000000  0.129024  0.000000  0.168492 -0.000000 )
( -0.000000  0.000000 -0.129024 -0.000000  0.168492 -0.000000 )
( -0.000000  0.000000 -0.000000 -0.000000 -0.000000 -0.000000 )
(  0.000000 -0.000000  0.129024 -0.000000 -0.168492 -0.000000 )
( -0.000000 -0.000000 -0.129024  0.000000 -0.168492 -0.000000 )
( -0.000000 -0.000000  0.193396  0.000000  0.148414 -0.000000 )
(  0.000000 -0.000000 -0.193396 -0.000000  0.148414 -0.000000 )
(  0.000000  0.000000 -0.000000 -0.000000  0.000000 -0.000000 )
( -0.043534 -0.000000 -0.157715  0.000000  0.155298  0.000000 )
( -0.043534 -0.000000  0.157715 -0.000000  0.155298  0.000000 )
( -0.043534 -0.000000 -0.157715 -0.000000 -0.155298  0.000000 )
( -0.043534 -0.000000  0.157715  0.000000 -0.155298  0.000000 )
(  0.000000  0.000000 -0.000000  0.000000 -0.000000  0.000000 )
(  0.043534  0.000000 -0.157715  0.000000  0.155298  0.000000 )
(  0.043534  0.000000  0.157715 -0.000000  0.155298  0.000000 )
(  0.043534  0.000000 -0.157715 -0.000000 -0.155298 -0.000000 )
(  0.043534  0.000000  0.157715  0.000000 -0.155298 -0.000000 )
     freq (  56) =       4.041245 [THz] =     134.801430 [cm-1]
(  0.000000 -0.000000 -0.000000 -0.000000 -0.000000  0.000000 )
(  0.000000 -0.000000  0.000000  0.000000  0.000000  0.000000 )
(  0.000000 -0.000000 -0.000000  0.000000  0.000000  0.000000 )
( -0.000000 -0.000000 -0.000000  0.000000 -0.000000  0.000000 )
(  0.052094  0.000000 -0.000000 -0.000000  0.035399  0.000000 )
( -0.052094  0.000000  0.000000  0.000000  0.035399 -0.000000 )
(  0.000000 -0.000000 -0.000000  0.000000 -0.083778 -0.000000 )
( -0.034822 -0.000000 -0.000000 -0.000000 -0.011777 -0.000000 )
(  0.034822  0.000000  0.000000 -0.000000 -0.011777 -0.000000 )
(  0.000000  0.000000 -0.000000  0.000000  0.083778  0.000000 )
(  0.034822  0.000000  0.000000  0.000000  0.011777  0.000000 )
(  0.052094  0.000000 -0.000000 -0.000000 -0.035399 -0.000000 )
( -0.008025 -0.000000 -0.000000 -0.000000 -0.000000  0.000000 )
( -0.052094 -0.000000  0.000000  0.000000 -0.035399 -0.000000 )
( -0.034822 -0.000000 -0.000000 -0.000000  0.011777  0.000000 )
(  0.008025  0.000000  0.000000 -0.000000  0.000000 -0.000000 )
(  0.000000 -0.000000  0.000000 -0.000000 -0.000000  0.000000 )
( -0.244023  0.000000 -0.000000 -0.000000  0.000000 -0.000000 )
(  0.244023 -0.000000  0.000000  0.000000  0.000000  0.000000 )
(  0.307479  0.000000 -0.000000 -0.000000 -0.000000 -0.000000 )
( -0.307479 -0.000000  0.000000 -0.000000 -0.000000  0.000000 )
(  0.000000 -0.000000  0.000000 -0.000000  0.000000 -0.000000 )
(  0.307479  0.000000 -0.000000  0.000000  0.000000 -0.000000 )
( -0.307479  0.000000  0.000000  0.000000  0.000000  0.000000 )
( -0.244023 -0.000000 -0.000000  0.000000 -0.000000 -0.000000 )
(  0.244023  0.000000  0.000000 -0.000000 -0.000000  0.000000 )
(  0.000000 -0.000000  0.000000 -0.000000 -0.000000  0.000000 )
(  0.036062  0.000000  0.132438  0.000000  0.157114  0.000000 )
( -0.036062 -0.000000  0.132438  0.000000 -0.157114 -0.000000 )
(  0.036062  0.000000  0.132438 -0.000000 -0.157114  0.000000 )
( -0.036062  0.000000  0.132438  0.000000  0.157114 -0.000000 )
( -0.000000 -0.000000  0.000000 -0.000000 -0.000000  0.000000 )
(  0.036062  0.000000 -0.132438 -0.000000 -0.157114  0.000000 )
( -0.036062  0.000000 -0.132438 -0.000000  0.157114 -0.000000 )
(  0.036062  0.000000 -0.132438  0.000000  0.157114  0.000000 )
( -0.036062 -0.000000 -0.132438  0.000000 -0.157114 -0.000000 )
     freq (  57) =       4.078261 [THz] =     136.036135 [cm-1]
( -0.146575  0.000000  0.000000  0.000000 -0.000000  0.000000 )
( -0.146575  0.000000  0.000000 -0.000000  0.000000 -0.000000 )
(  0.000000  0.000000  0.000000 -0.000000  0.079577 -0.000000 )
(  0.000000  0.000000  0.000000  0.000000  0.079577  0.000000 )
(  0.109765  0.000000 -0.000000  0.000000  0.056554 -0.000000 )
(  0.109765 -0.000000  0.000000  0.000000 -0.056554  0.000000 )
( -0.031166 -0.000000  0.000000  0.000000 -0.000000 -0.000000 )
( -0.114767 -0.000000 -0.000000 -0.000000 -0.062267 -0.000000 )
( -0.114767  0.000000  0.000000 -0.000000  0.062267 -0.000000 )
( -0.031166 -0.000000  0.000000 -0.000000  0.000000  0.000000 )
( -0.114767 -0.000000  0.000000  0.000000 -0.062267 -0.000000 )
(  0.109765  0.000000 -0.000000 -0.000000 -0.056554  0.000000 )
(  0.039078  0.000000  0.000000  0.000000  0.000000  0.000000 )
(  0.109765  0.000000  0.000000 -0.000000  0.056554 -0.000000 )
( -0.114767 -0.000000 -0.000000  0.000000  0.062267  0.000000 )
(  0.039078  0.000000  0.000000 -0.000000 -0.000000 -0.000000 )
( -0.067656  0.000000 -0.000000  0.000000  0.000000  0.000000 )
( -0.164385 -0.000000  0.000000 -0.000000 -0.000000 -0.000000 )
( -0.164385 -0.000000  0.000000 -0.000000  0.000000 -0.000000 )
(  0.045422 -0.000000 -0.000000  0.000000 -0.000000  0.000000 )
(  0.045422 -0.000000 -0.000000 -0.000000  0.000000 -0.000000 )
( -0.088352  0.000000 -0.000000  0.000000  0.000000 -0.000000 )
(  0.045422 -0.000000 -0.000000  0.000000  0.000000  0.000000 )
(  0.045422 -0.000000  0.000000  0.000000  0.000000 -0.000000 )
( -0.164385 -0.000000 -0.000000  0.000000 -0.000000 -0.000000 )
( -0.164385 -0.000000  0.000000  0.000000 -0.000000  0.000000 )
( -0.051579 -0.000000 -0.000000 -0.000000  0.045212 -0.000000 )
(  0.049834  0.000000 -0.283050  0.000000  0.037498  0.000000 )
(  0.049834  0.000000  0.283050  0.000000  0.037498  0.000000 )
(  0.049834  0.000000 -0.283050 -0.000000 -0.037498 -0.000000 )
(  0.049834  0.000000  0.283050  0.000000 -0.037498 -0.000000 )
(  0.051579  0.000000 -0.000000 -0.000000  0.045212 -0.000000 )
(  0.049834  0.000000  0.283050 -0.000000 -0.037498 -0.000000 )
(  0.049834  0.000000 -0.283050  0.000000 -0.037498 -0.000000 )
(  0.049834  0.000000  0.283050  0.000000  0.037498  0.000000 )
(  0.049834  0.000000 -0.283050 -0.000000  0.037498  0.000000 )
     freq (  58) =       4.141070 [THz] =     138.131216 [cm-1]
(  0.000000  0.000000  0.125512 -0.000000 -0.000000  0.000000 )
(  0.000000  0.000000 -0.125512  0.000000 -0.000000  0.000000 )
(  0.000000 -0.000000 -0.112460  0.000000 -0.000000 -0.000000 )
(  0.000000 -0.000000  0.112460  0.000000  0.000000 -0.000000 )
( -0.017553 -0.000000 -0.000000 -0.000000 -0.014255  0.000000 )
( -0.017553  0.000000 -0.000000  0.000000  0.014255 -0.000000 )
(  0.022425 -0.000000 -0.000000 -0.000000  0.000000  0.000000 )
( -0.029132  0.000000  0.000000  0.000000 -0.017838  0.000000 )
( -0.029132 -0.000000  0.000000 -0.000000  0.017838  0.000000 )
( -0.022425  0.000000 -0.000000 -0.000000 -0.000000 -0.000000 )
(  0.029132  0.000000 -0.000000  0.000000  0.017838  0.000000 )
(  0.017553 -0.000000  0.000000  0.000000 -0.014255  0.000000 )
(  0.000000 -0.000000  0.000000  0.000000 -0.026541  0.000000 )
(  0.017553 -0.000000 -0.000000 -0.000000  0.014255 -0.000000 )
(  0.029132 -0.000000 -0.000000 -0.000000 -0.017838 -0.000000 )
( -0.000000  0.000000  0.000000  0.000000  0.026541  0.000000 )
(  0.000000  0.000000  0.000000  0.000000 -0.000000  0.000000 )
( -0.000000  0.000000 -0.032376  0.000000  0.185483 -0.000000 )
(  0.000000 -0.000000 -0.032376  0.000000 -0.185483  0.000000 )
( -0.000000  0.000000  0.149007 -0.000000  0.119026 -0.000000 )
(  0.000000 -0.000000  0.149007 -0.000000 -0.119026  0.000000 )
(  0.000000 -0.000000  0.000000 -0.000000 -0.000000 -0.000000 )
( -0.000000 -0.000000 -0.149007  0.000000  0.119026 -0.000000 )
(  0.000000  0.000000 -0.149007  0.000000 -0.119026  0.000000 )
( -0.000000  0.000000  0.032376  0.000000  0.185483 -0.000000 )
(  0.000000 -0.000000  0.032376 -0.000000 -0.185483  0.000000 )
(  0.000000 -0.000000 -0.000000 -0.000000  0.000000 -0.000000 )
( -0.051205  0.000000  0.064490  0.000000 -0.272152 -0.000000 )
(  0.051205 -0.000000  0.064490  0.000000  0.272152  0.000000 )
(  0.051205  0.000000 -0.064490 -0.000000 -0.272152  0.000000 )
( -0.051205 -0.000000 -0.064490 -0.000000  0.272152  0.000000 )
(  0.000000 -0.000000 -0.000000 -0.000000  0.000000  0.000000 )
(  0.051205  0.000000  0.064490 -0.000000 -0.272152  0.000000 )
( -0.051205 -0.000000  0.064490 -0.000000  0.272152 -0.000000 )
( -0.051205 -0.000000 -0.064490  0.000000 -0.272152  0.000000 )
(  0.051205  0.000000 -0.064490  0.000000  0.272152 -0.000000 )
     freq (  59) =       4.146418 [THz] =     138.309628 [cm-1]
( -0.000000 -0.000000 -0.000000  0.000000 -0.000000  0.000000 )
( -0.000000 -0.000000  0.000000  0.000000 -0.000000  0.000000 )
(  0.000000 -0.000000 -0.000000  0.000000  0.000000  0.000000 )
(  0.000000 -0.000000 -0.000000  0.000000 -0.000000 -0.000000 )
(  0.013751  0.000000  0.000000  0.000000  0.005172 -0.000000 )
( -0.013751  0.000000 -0.000000  0.000000  0.005172 -0.000000 )
( -0.000000 -0.000000  0.000000 -0.000000  0.013049 -0.000000 )
( -0.001564  0.000000 -0.000000  0.000000 -0.007045  0.000000 )
(  0.001564  0.000000  0.000000 -0.000000 -0.007045 -0.000000 )
(  0.000000  0.000000 -0.000000 -0.000000 -0.013049  0.000000 )
(  0.001564  0.000000 -0.000000  0.000000  0.007045 -0.000000 )
(  0.013751 -0.000000 -0.000000  0.000000 -0.005172  0.000000 )
(  0.013778  0.000000 -0.000000  0.000000  0.000000  0.000000 )
( -0.013751 -0.000000  0.000000  0.000000 -0.005172 -0.000000 )
( -0.001564 -0.000000  0.000000 -0.000000  0.007045  0.000000 )
( -0.013778 -0.000000 -0.000000  0.000000 -0.000000 -0.000000 )
( -0.000000 -0.000000  0.000000 -0.000000 -0.000000  0.000000 )
( -0.285745  0.000000  0.000000  0.000000 -0.000000 -0.000000 )
(  0.285745  0.000000 -0.000000  0.000000  0.000000  0.000000 )
( -0.208368 -0.000000 -0.000000 -0.000000  0.000000 -0.000000 )
(  0.208368  0.000000 -0.000000 -0.000000  0.000000  0.000000 )
( -0.000000  0.000000  0.000000 -0.000000 -0.000000  0.000000 )
( -0.208368 -0.000000  0.000000 -0.000000 -0.000000 -0.000000 )
(  0.208368  0.000000  0.000000 -0.000000  0.000000  0.000000 )
( -0.285745 -0.000000 -0.000000  0.000000 -0.000000 -0.000000 )
(  0.285745  0.000000  0.000000  0.000000  0.000000  0.000000 )
(  0.000000  0.000000  0.000000 -0.000000  0.000000  0.000000 )
( -0.247804 -0.000000  0.021350  0.000000  0.019485  0.000000 )
(  0.247804  0.000000  0.021350  0.000000 -0.019485 -0.000000 )
( -0.247804 -0.000000  0.021350 -0.000000 -0.019485  0.000000 )
(  0.247804  0.000000  0.021350 -0.000000  0.019485 -0.000000 )
(  0.000000 -0.000000  0.000000 -0.000000  0.000000  0.000000 )
( -0.247804 -0.000000 -0.021350 -0.000000 -0.019485  0.000000 )
(  0.247804  0.000000 -0.021350 -0.000000  0.019485 -0.000000 )
( -0.247804 -0.000000 -0.021350  0.000000  0.019485  0.000000 )
(  0.247804  0.000000 -0.021350  0.000000 -0.019485 -0.000000 )
     freq (  60) =       4.157450 [THz] =     138.677603 [cm-1]
( -0.000000  0.000000  0.028039 -0.000000 -0.000000  0.000000 )
( -0.000000  0.000000 -0.028039  0.000000 -0.000000  0.000000 )
(  0.000000 -0.000000 -0.025010 -0.000000 -0.000000  0.000000 )
(  0.000000 -0.000000  0.025010 -0.000000  0.000000  0.000000 )
( -0.004325 -0.000000 -0.000000  0.000000 -0.018824 -0.000000 )
( -0.004325  0.000000  0.000000 -0.000000  0.018824 -0.000000 )
( -0.007448 -0.000000 -0.000000 -0.000000 -0.000000  0.000000 )
(  0.002662  0.000000  0.000000 -0.000000  0.009414  0.000000 )
(  0.002662  0.000000 -0.000000  0.000000 -0.009414  0.000000 )
(  0.007448  0.000000 -0.000000 -0.000000 -0.000000 -0.000000 )
( -0.002662 -0.000000  0.000000 -0.000000 -0.009414  0.000000 )
(  0.004325 -0.000000  0.000000 -0.000000 -0.018824 -0.000000 )
(  0.000000 -0.000000 -0.000000  0.000000 -0.025948  0.000000 )
(  0.004325 -0.000000 -0.000000  0.000000  0.018824 -0.000000 )
( -0.002662 -0.000000 -0.000000  0.000000  0.009414  0.000000 )
(  0.000000 -0.000000 -0.000000  0.000000  0.025948  0.000000 )
( -0.000000 -0.000000  0.000000  0.000000 -0.000000  0.000000 )
(  0.000000 -0.000000 -0.003557 -0.000000  0.313579  0.000000 )
( -0.000000  0.000000 -0.003557  0.000000 -0.313579  0.000000 )
(  0.000000 -0.000000  0.043741 -0.000000  0.264189 -0.000000 )
( -0.000000  0.000000  0.043741 -0.000000 -0.264189  0.000000 )
( -0.000000 -0.000000  0.000000  0.000000 -0.000000 -0.000000 )
( -0.000000  0.000000 -0.043741  0.000000  0.264189 -0.000000 )
(  0.000000 -0.000000 -0.043741  0.000000 -0.264189 -0.000000 )
( -0.000000  0.000000  0.003557  0.000000  0.313579 -0.000000 )
(  0.000000 -0.000000  0.003557 -0.000000 -0.313579  0.000000 )
(  0.000000 -0.000000 -0.000000  0.000000 -0.000000 -0.000000 )
( -0.034281 -0.000000  0.018507 -0.000000  0.194129  0.000000 )
(  0.034281  0.000000  0.018507 -0.000000 -0.194129 -0.000000 )
(  0.034281  0.000000 -0.018507  0.000000  0.194129  0.000000 )
( -0.034281 -0.000000 -0.018507  0.000000 -0.194129 -0.000000 )
(  0.000000 -0.000000 -0.000000  0.000000  0.000000  0.000000 )
(  0.034281 -0.000000  0.018507  0.000000  0.194129 -0.000000 )
( -0.034281  0.000000  0.018507  0.000000 -0.194129  0.000000 )
( -0.034281  0.000000 -0.018507 -0.000000  0.194129 -0.000000 )
(  0.034281 -0.000000 -0.018507 -0.000000 -0.194129  0.000000 )
     freq (  61) =       4.159044 [THz] =     138.730772 [cm-1]
(  0.000000  0.000000 -0.000000 -0.000000 -0.000000  0.000000 )
(  0.000000  0.000000  0.000000  0.000000 -0.000000  0.000000 )
(  0.000000 -0.000000  0.175434  0.000000 -0.000000 -0.000000 )
(  0.000000  0.000000  0.175434 -0.000000 -0.000000 -0.000000 )
(  0.000000  0.000000 -0.018122 -0.000000  0.000000  0.000000 )
( -0.000000 -0.000000  0.018122 -0.000000  0.000000 -0.000000 )
(  0.000000  0.000000 -0.000000  0.000000  0.000000 -0.000000 )
( -0.000000 -0.000000  0.031900  0.000000 -0.000000 -0.000000 )
(  0.000000 -0.000000 -0.031900 -0.000000 -0.000000  0.000000 )
( -0.000000 -0.000000  0.000000  0.000000 -0.000000  0.000000 )
( -0.000000  0.000000  0.031900  0.000000  0.000000  0.000000 )
( -0.000000  0.000000  0.018122 -0.000000  0.000000  0.000000 )
(  0.000000 -0.000000  0.000000 -0.000000  0.000000  0.000000 )
(  0.000000 -0.000000 -0.018122 -0.000000 -0.000000 -0.000000 )
(  0.000000  0.000000 -0.031900 -0.000000 -0.000000 -0.000000 )
( -0.000000  0.000000  0.000000 -0.000000 -0.000000 -0.000000 )
(  0.000000  0.000000  0.000000 -0.000000 -0.000000 -0.000000 )
(  0.193123 -0.000000  0.000000 -0.000000 -0.000000 -0.000000 )
( -0.193123  0.000000 -0.000000 -0.000000  0.000000  0.000000 )
(  0.176854 -0.000000  0.000000 -0.000000 -0.000000 -0.000000 )
( -0.176854  0.000000 -0.000000 -0.000000  0.000000  0.000000 )
(  0.000000  0.000000 -0.000000  0.000000 -0.000000 -0.000000 )
( -0.176854 -0.000000  0.000000 -0.000000 -0.000000 -0.000000 )
(  0.176854  0.000000  0.000000 -0.000000  0.000000  0.000000 )
( -0.193123 -0.000000 -0.000000 -0.000000 -0.000000 -0.000000 )
(  0.193123  0.000000  0.000000 -0.000000  0.000000  0.000000 )
(  0.000000  0.000000 -0.116691 -0.000000 -0.000000  0.000000 )
(  0.024287  0.000000  0.256242  0.000000 -0.112659 -0.000000 )
( -0.024287 -0.000000  0.256242  0.000000  0.112659  0.000000 )
( -0.024287 -0.000000 -0.256242  0.000000 -0.112659 -0.000000 )
(  0.024287  0.000000 -0.256242  0.000000  0.112659  0.000000 )
(  0.000000  0.000000 -0.116691 -0.000000 -0.000000  0.000000 )
(  0.024287 -0.000000 -0.256242  0.000000  0.112659 -0.000000 )
( -0.024287  0.000000 -0.256242  0.000000 -0.112659  0.000000 )
( -0.024287  0.000000  0.256242  0.000000  0.112659 -0.000000 )
(  0.024287 -0.000000  0.256242  0.000000 -0.112659  0.000000 )
     freq (  62) =       4.166427 [THz] =     138.977041 [cm-1]
( -0.000000 -0.000000  0.000000  0.000000  0.102200 -0.000000 )
( -0.000000 -0.000000 -0.000000 -0.000000  0.102200 -0.000000 )
( -0.139845  0.000000  0.000000 -0.000000 -0.000000  0.000000 )
( -0.139845  0.000000  0.000000  0.000000  0.000000 -0.000000 )
( -0.123084  0.000000  0.000000  0.000000 -0.072720 -0.000000 )
(  0.123084 -0.000000 -0.000000 -0.000000 -0.072720 -0.000000 )
(  0.000000  0.000000  0.000000  0.000000 -0.004712 -0.000000 )
(  0.099003 -0.000000  0.000000 -0.000000  0.056400 -0.000000 )
( -0.099003  0.000000 -0.000000  0.000000  0.056400 -0.000000 )
( -0.000000  0.000000  0.000000 -0.000000 -0.004712  0.000000 )
(  0.099003 -0.000000  0.000000  0.000000  0.056400 -0.000000 )
(  0.123084 -0.000000  0.000000  0.000000 -0.072720  0.000000 )
(  0.000000 -0.000000 -0.000000  0.000000  0.043173  0.000000 )
( -0.123084  0.000000 -0.000000 -0.000000 -0.072720 -0.000000 )
( -0.099003 -0.000000 -0.000000 -0.000000  0.056400 -0.000000 )
( -0.000000 -0.000000 -0.000000 -0.000000  0.043173  0.000000 )
( -0.000000 -0.000000 -0.000000 -0.000000  0.051207  0.000000 )
( -0.000000  0.000000 -0.358517  0.000000  0.044981  0.000000 )
(  0.000000  0.000000  0.358517 -0.000000  0.044981 -0.000000 )
(  0.000000  0.000000 -0.219200  0.000000 -0.068484  0.000000 )
(  0.000000  0.000000  0.219200  0.000000 -0.068484  0.000000 )
(  0.000000  0.000000  0.000000 -0.000000  0.013369  0.000000 )
( -0.000000  0.000000  0.219200 -0.000000 -0.068484  0.000000 )
(  0.000000  0.000000 -0.219200  0.000000 -0.068484  0.000000 )
( -0.000000  0.000000  0.358517 -0.000000  0.044981 -0.000000 )
(  0.000000  0.000000 -0.358517  0.000000  0.044981 -0.000000 )
( -0.074819  0.000000 -0.000000 -0.000000 -0.001072  0.000000 )
( -0.081160 -0.000000  0.003938  0.000000  0.017820 -0.000000 )
( -0.081160 -0.000000 -0.003938  0.000000  0.017820 -0.000000 )
(  0.081160 -0.000000 -0.003938  0.000000  0.017820 -0.000000 )
(  0.081160 -0.000000  0.003938  0.000000  0.017820  0.000000 )
( -0.074819 -0.000000 -0.000000 -0.000000  0.001072 -0.000000 )
(  0.081160  0.000000  0.003938  0.000000  0.017820 -0.000000 )
(  0.081160 -0.000000 -0.003938 -0.000000  0.017820  0.000000 )
( -0.081160 -0.000000 -0.003938 -0.000000  0.017820  0.000000 )
( -0.081160 -0.000000  0.003938 -0.000000  0.017820  0.000000 )
     freq (  63) =       4.180458 [THz] =     139.445076 [cm-1]
(  0.000000  0.000000  0.168414 -0.000000 -0.000000 -0.000000 )
(  0.000000  0.000000  0.168414 -0.000000  0.000000  0.000000 )
( -0.000000 -0.000000 -0.000000  0.000000  0.000000  0.000000 )
( -0.000000 -0.000000  0.000000  0.000000 -0.000000 -0.000000 )
( -0.000000  0.000000  0.026063  0.000000 -0.000000  0.000000 )
( -0.000000  0.000000  0.026063  0.000000  0.000000 -0.000000 )
(  0.000000 -0.000000  0.025620 -0.000000  0.000000  0.000000 )
(  0.000000 -0.000000 -0.025903 -0.000000  0.000000 -0.000000 )
(  0.000000 -0.000000 -0.025903 -0.000000 -0.000000  0.000000 )
(  0.000000  0.000000  0.025620 -0.000000  0.000000 -0.000000 )
(  0.000000  0.000000 -0.025903 -0.000000  0.000000  0.000000 )
( -0.000000 -0.000000  0.026063  0.000000 -0.000000  0.000000 )
( -0.000000  0.000000 -0.006832  0.000000 -0.000000 -0.000000 )
( -0.000000 -0.000000  0.026063  0.000000  0.000000 -0.000000 )
(  0.000000  0.000000 -0.025903 -0.000000 -0.000000 -0.000000 )
( -0.000000 -0.000000 -0.006832  0.000000  0.000000  0.000000 )
(  0.000000  0.000000 -0.126706  0.000000 -0.000000 -0.000000 )
(  0.000000 -0.000000  0.190363  0.000000 -0.146335  0.000000 )
(  0.000000  0.000000  0.190363  0.000000  0.146335 -0.000000 )
( -0.000000 -0.000000 -0.300765  0.000000 -0.054154 -0.000000 )
( -0.000000  0.000000 -0.300765  0.000000  0.054154  0.000000 )
(  0.000000 -0.000000 -0.091503 -0.000000  0.000000 -0.000000 )
( -0.000000 -0.000000 -0.300765  0.000000  0.054154  0.000000 )
(  0.000000  0.000000 -0.300765  0.000000 -0.054154 -0.000000 )
( -0.000000 -0.000000  0.190363  0.000000  0.146335 -0.000000 )
(  0.000000  0.000000  0.190363  0.000000 -0.146335  0.000000 )
( -0.000000 -0.000000  0.015779 -0.000000  0.000000  0.000000 )
(  0.188820 -0.000000  0.047936 -0.000000  0.021676 -0.000000 )
( -0.188820  0.000000  0.047936 -0.000000 -0.021676  0.000000 )
(  0.188820 -0.000000  0.047936 -0.000000 -0.021676  0.000000 )
( -0.188820  0.000000  0.047936 -0.000000  0.021676  0.000000 )
( -0.000000  0.000000 -0.015779 -0.000000  0.000000  0.000000 )
( -0.188820 -0.000000  0.047936 -0.000000  0.021676 -0.000000 )
(  0.188820  0.000000  0.047936 -0.000000 -0.021676  0.000000 )
( -0.188820 -0.000000  0.047936 -0.000000 -0.021676  0.000000 )
(  0.188820  0.000000  0.047936 -0.000000  0.021676 -0.000000 )
     freq (  64) =       4.246965 [THz] =     141.663506 [cm-1]
(  0.000000  0.000000 -0.043149 -0.000000 -0.000000 -0.000000 )
(  0.000000 -0.000000 -0.043149 -0.000000  0.000000  0.000000 )
(  0.000000 -0.000000 -0.000000  0.000000  0.000000  0.000000 )
(  0.000000  0.000000  0.000000  0.000000 -0.000000 -0.000000 )
(  0.000000  0.000000 -0.013605 -0.000000  0.000000  0.000000 )
( -0.000000  0.000000 -0.013605  0.000000 -0.000000 -0.000000 )
( -0.000000 -0.000000  0.072578 -0.000000  0.000000 -0.000000 )
( -0.000000  0.000000  0.003692  0.000000 -0.000000  0.000000 )
(  0.000000  0.000000  0.003692 -0.000000  0.000000 -0.000000 )
( -0.000000  0.000000  0.072578 -0.000000 -0.000000  0.000000 )
( -0.000000 -0.000000  0.003692  0.000000 -0.000000 -0.000000 )
( -0.000000 -0.000000 -0.013605  0.000000  0.000000  0.000000 )
(  0.000000 -0.000000 -0.077437  0.000000  0.000000  0.000000 )
(  0.000000 -0.000000 -0.013605 -0.000000  0.000000 -0.000000 )
(  0.000000 -0.000000  0.003692 -0.000000 -0.000000  0.000000 )
(  0.000000  0.000000 -0.077437  0.000000  0.000000 -0.000000 )
(  0.000000  0.000000 -0.020028  0.000000 -0.000000 -0.000000 )
( -0.000000  0.000000 -0.260470  0.000000 -0.091123  0.000000 )
( -0.000000 -0.000000 -0.260470  0.000000  0.091123 -0.000000 )
( -0.000000  0.000000 -0.136731  0.000000  0.165785 -0.000000 )
( -0.000000 -0.000000 -0.136731  0.000000 -0.165785  0.000000 )
( -0.000000  0.000000  0.072008  0.000000 -0.000000  0.000000 )
( -0.000000 -0.000000 -0.136731  0.000000 -0.165785 -0.000000 )
( -0.000000  0.000000 -0.136731  0.000000  0.165785  0.000000 )
( -0.000000 -0.000000 -0.260470  0.000000  0.091123 -0.000000 )
( -0.000000  0.000000 -0.260470  0.000000 -0.091123  0.000000 )
( -0.000000  0.000000  0.052623 -0.000000  0.000000  0.000000 )
( -0.045890 -0.000000  0.203715  0.000000  0.124334 -0.000000 )
(  0.045890  0.000000  0.203715  0.000000 -0.124334  0.000000 )
( -0.045890 -0.000000  0.203715 -0.000000 -0.124334  0.000000 )
(  0.045890  0.000000  0.203715 -0.000000  0.124334 -0.000000 )
(  0.000000 -0.000000 -0.052623 -0.000000  0.000000 -0.000000 )
(  0.045890  0.000000  0.203715 -0.000000  0.124334  0.000000 )
( -0.045890 -0.000000  0.203715 -0.000000 -0.124334 -0.000000 )
(  0.045890  0.000000  0.203715  0.000000 -0.124334  0.000000 )
( -0.045890 -0.000000  0.203715  0.000000  0.124334 -0.000000 )
     freq (  65) =       4.306710 [THz] =     143.656398 [cm-1]
(  0.050760 -0.000000  0.000000  0.000000  0.000000 -0.000000 )
(  0.050760 -0.000000  0.000000 -0.000000  0.000000 -0.000000 )
( -0.000000  0.000000  0.000000  0.000000  0.017851  0.000000 )
(  0.000000  0.000000 -0.000000  0.000000  0.017851  0.000000 )
( -0.026668  0.000000  0.000000 -0.000000  0.002303  0.000000 )
( -0.026668  0.000000 -0.000000 -0.000000 -0.002303  0.000000 )
( -0.141874  0.000000 -0.000000 -0.000000 -0.000000  0.000000 )
(  0.038559 -0.000000  0.000000 -0.000000  0.008145 -0.000000 )
(  0.038559 -0.000000 -0.000000  0.000000 -0.008145 -0.000000 )
( -0.141874  0.000000 -0.000000  0.000000 -0.000000  0.000000 )
(  0.038559 -0.000000 -0.000000  0.000000  0.008145 -0.000000 )
( -0.026668  0.000000  0.000000  0.000000 -0.002303  0.000000 )
(  0.145477 -0.000000  0.000000 -0.000000  0.000000 -0.000000 )
( -0.026668  0.000000  0.000000  0.000000  0.002303  0.000000 )
(  0.038559 -0.000000  0.000000 -0.000000 -0.008145 -0.000000 )
(  0.145477 -0.000000  0.000000  0.000000  0.000000  0.000000 )
(  0.240998  0.000000  0.000000 -0.000000  0.000000 -0.000000 )
( -0.158154 -0.000000  0.000000  0.000000  0.000000 -0.000000 )
( -0.158154 -0.000000  0.000000 -0.000000 -0.000000 -0.000000 )
( -0.247894  0.000000  0.000000  0.000000 -0.000000  0.000000 )
( -0.247894  0.000000  0.000000 -0.000000  0.000000  0.000000 )
( -0.185776  0.000000 -0.000000 -0.000000  0.000000 -0.000000 )
( -0.247894  0.000000  0.000000 -0.000000  0.000000  0.000000 )
( -0.247894  0.000000  0.000000  0.000000 -0.000000  0.000000 )
( -0.158154 -0.000000  0.000000 -0.000000 -0.000000 -0.000000 )
( -0.158154 -0.000000  0.000000  0.000000  0.000000 -0.000000 )
( -0.208075 -0.000000 -0.000000 -0.000000  0.013832 -0.000000 )
(  0.200011  0.000000  0.067936 -0.000000  0.050209  0.000000 )
(  0.200011  0.000000 -0.067936  0.000000  0.050209  0.000000 )
(  0.200011  0.000000  0.067936 -0.000000 -0.050209 -0.000000 )
(  0.200011  0.000000 -0.067936  0.000000 -0.050209 -0.000000 )
(  0.208075 -0.000000  0.000000  0.000000  0.013832 -0.000000 )
(  0.200011  0.000000 -0.067936  0.000000 -0.050209 -0.000000 )
(  0.200011  0.000000  0.067936 -0.000000 -0.050209 -0.000000 )
(  0.200011  0.000000 -0.067936  0.000000  0.050209  0.000000 )
(  0.200011  0.000000  0.067936 -0.000000  0.050209  0.000000 )
     freq (  66) =       4.402847 [THz] =     146.863152 [cm-1]
( -0.000000  0.000000  0.079519 -0.000000  0.000000  0.000000 )
( -0.000000  0.000000 -0.079519  0.000000  0.000000  0.000000 )
( -0.000000  0.000000  0.095054 -0.000000 -0.000000  0.000000 )
(  0.000000  0.000000 -0.095054  0.000000 -0.000000 -0.000000 )
( -0.004281  0.000000  0.000000 -0.000000  0.000853  0.000000 )
( -0.004281 -0.000000  0.000000 -0.000000 -0.000853  0.000000 )
( -0.004298  0.000000  0.000000 -0.000000 -0.000000  0.000000 )
( -0.002410  0.000000  0.000000 -0.000000 -0.001783  0.000000 )
( -0.002410  0.000000 -0.000000 -0.000000  0.001783 -0.000000 )
(  0.004298 -0.000000  0.000000 -0.000000  0.000000 -0.000000 )
(  0.002410 -0.000000  0.000000 -0.000000  0.001783 -0.000000 )
(  0.004281  0.000000  0.000000 -0.000000  0.000853 -0.000000 )
( -0.000000  0.000000 -0.000000 -0.000000  0.002182 -0.000000 )
(  0.004281 -0.000000 -0.000000 -0.000000 -0.000853 -0.000000 )
(  0.002410  0.000000 -0.000000 -0.000000 -0.001783  0.000000 )
( -0.000000 -0.000000 -0.000000 -0.000000 -0.002182  0.000000 )
( -0.000000  0.000000 -0.000000 -0.000000  0.000000 -0.000000 )
( -0.000000 -0.000000 -0.197179  0.000000  0.001366  0.000000 )
(  0.000000  0.000000 -0.197179  0.000000 -0.001366 -0.000000 )
(  0.000000  0.000000  0.256488 -0.000000 -0.049184 -0.000000 )
(  0.000000 -0.000000  0.256488 -0.000000  0.049184  0.000000 )
( -0.000000 -0.000000  0.000000  0.000000  0.000000 -0.000000 )
(  0.000000  0.000000 -0.256488 -0.000000 -0.049184 -0.000000 )
(  0.000000 -0.000000 -0.256488  0.000000  0.049184  0.000000 )
( -0.000000 -0.000000  0.197179 -0.000000  0.001366  0.000000 )
( -0.000000  0.000000  0.197179 -0.000000 -0.001366  0.000000 )
(  0.000000  0.000000  0.000000 -0.000000 -0.000000  0.000000 )
( -0.043160 -0.000000 -0.255705 -0.000000  0.018692  0.000000 )
(  0.043160  0.000000 -0.255705 -0.000000 -0.018692 -0.000000 )
(  0.043160  0.000000  0.255705 -0.000000  0.018692 -0.000000 )
( -0.043160 -0.000000  0.255705 -0.000000 -0.018692 -0.000000 )
(  0.000000  0.000000 -0.000000  0.000000 -0.000000  0.000000 )
(  0.043160  0.000000 -0.255705 -0.000000  0.018692  0.000000 )
( -0.043160 -0.000000 -0.255705 -0.000000 -0.018692 -0.000000 )
( -0.043160 -0.000000  0.255705 -0.000000  0.018692  0.000000 )
(  0.043160  0.000000  0.255705 -0.000000 -0.018692 -0.000000 )
     freq (  67) =       4.461691 [THz] =     148.825984 [cm-1]
( -0.072645  0.000000  0.000000 -0.000000 -0.000000 -0.000000 )
( -0.072645  0.000000  0.000000  0.000000 -0.000000 -0.000000 )
( -0.000000 -0.000000 -0.000000  0.000000 -0.182310  0.000000 )
( -0.000000 -0.000000  0.000000 -0.000000 -0.182310  0.000000 )
(  0.037342 -0.000000  0.000000 -0.000000 -0.078265  0.000000 )
(  0.037342 -0.000000 -0.000000  0.000000  0.078265 -0.000000 )
( -0.026529 -0.000000  0.000000 -0.000000  0.000000 -0.000000 )
( -0.019967  0.000000 -0.000000 -0.000000  0.084462 -0.000000 )
( -0.019967  0.000000  0.000000  0.000000 -0.084462  0.000000 )
( -0.026529 -0.000000  0.000000  0.000000 -0.000000 -0.000000 )
( -0.019967  0.000000 -0.000000  0.000000  0.084462 -0.000000 )
(  0.037342 -0.000000 -0.000000 -0.000000  0.078265 -0.000000 )
(  0.027851  0.000000 -0.000000 -0.000000 -0.000000 -0.000000 )
(  0.037342 -0.000000  0.000000  0.000000 -0.078265  0.000000 )
( -0.019967  0.000000 -0.000000 -0.000000 -0.084462  0.000000 )
(  0.027851  0.000000 -0.000000  0.000000 -0.000000 -0.000000 )
( -0.054343  0.000000 -0.000000 -0.000000 -0.000000 -0.000000 )
( -0.187542  0.000000  0.000000 -0.000000 -0.000000 -0.000000 )
( -0.187542  0.000000  0.000000  0.000000 -0.000000 -0.000000 )
(  0.109638 -0.000000 -0.000000 -0.000000  0.000000  0.000000 )
(  0.109638 -0.000000 -0.000000  0.000000  0.000000  0.000000 )
( -0.150621 -0.000000  0.000000 -0.000000 -0.000000 -0.000000 )
(  0.109638 -0.000000  0.000000  0.000000  0.000000  0.000000 )
(  0.109638 -0.000000  0.000000 -0.000000  0.000000  0.000000 )
( -0.187542  0.000000 -0.000000 -0.000000 -0.000000 -0.000000 )
( -0.187542  0.000000 -0.000000  0.000000 -0.000000 -0.000000 )
( -0.045437 -0.000000  0.000000  0.000000 -0.203556 -0.000000 )
(  0.033904 -0.000000  0.028626 -0.000000 -0.260443 -0.000000 )
(  0.033904 -0.000000 -0.028626  0.000000 -0.260443 -0.000000 )
(  0.033904  0.000000  0.028626  0.000000  0.260443 -0.000000 )
(  0.033904  0.000000 -0.028626 -0.000000  0.260443 -0.000000 )
(  0.045437  0.000000  0.000000  0.000000 -0.203556  0.000000 )
(  0.033904  0.000000 -0.028626 -0.000000  0.260443 -0.000000 )
(  0.033904  0.000000  0.028626  0.000000  0.260443 -0.000000 )
(  0.033904 -0.000000 -0.028626 -0.000000 -0.260443  0.000000 )
(  0.033904 -0.000000  0.028626 -0.000000 -0.260443  0.000000 )
     freq (  68) =       4.474429 [THz] =     149.250896 [cm-1]
(  0.000000 -0.000000  0.000000 -0.000000 -0.171530  0.000000 )
(  0.000000 -0.000000 -0.000000  0.000000 -0.171530  0.000000 )
( -0.095109  0.000000 -0.000000  0.000000  0.000000 -0.000000 )
( -0.095109  0.000000 -0.000000 -0.000000 -0.000000 -0.000000 )
( -0.043331  0.000000 -0.000000  0.000000  0.076184 -0.000000 )
(  0.043331  0.000000  0.000000 -0.000000  0.076184 -0.000000 )
( -0.000000 -0.000000 -0.000000  0.000000  0.031917 -0.000000 )
(  0.055681 -0.000000 -0.000000 -0.000000 -0.064897  0.000000 )
( -0.055681  0.000000  0.000000 -0.000000 -0.064897  0.000000 )
( -0.000000 -0.000000 -0.000000 -0.000000  0.031917 -0.000000 )
(  0.055681 -0.000000  0.000000  0.000000 -0.064897  0.000000 )
(  0.043331  0.000000 -0.000000  0.000000  0.076184 -0.000000 )
(  0.000000  0.000000  0.000000 -0.000000 -0.000733 -0.000000 )
( -0.043331  0.000000  0.000000 -0.000000  0.076184 -0.000000 )
( -0.055681 -0.000000  0.000000  0.000000 -0.064897  0.000000 )
(  0.000000  0.000000  0.000000  0.000000 -0.000733 -0.000000 )
(  0.000000  0.000000 -0.000000  0.000000 -0.212519 -0.000000 )
(  0.000000 -0.000000  0.005057 -0.000000 -0.268436  0.000000 )
(  0.000000 -0.000000 -0.005057  0.000000 -0.268436  0.000000 )
( -0.000000  0.000000 -0.029839 -0.000000  0.258340 -0.000000 )
( -0.000000  0.000000  0.029839  0.000000  0.258340 -0.000000 )
( -0.000000 -0.000000 -0.000000  0.000000 -0.196449  0.000000 )
( -0.000000  0.000000  0.029839  0.000000  0.258340 -0.000000 )
( -0.000000  0.000000 -0.029839 -0.000000  0.258340 -0.000000 )
(  0.000000 -0.000000 -0.005057  0.000000 -0.268436 -0.000000 )
(  0.000000 -0.000000  0.005057 -0.000000 -0.268436 -0.000000 )
( -0.120590  0.000000  0.000000 -0.000000  0.009776  0.000000 )
( -0.152675  0.000000 -0.017692  0.000000 -0.004831 -0.000000 )
( -0.152675  0.000000  0.017692 -0.000000 -0.004831 -0.000000 )
(  0.152675  0.000000  0.017692 -0.000000 -0.004831  0.000000 )
(  0.152675  0.000000 -0.017692  0.000000 -0.004831  0.000000 )
( -0.120590  0.000000 -0.000000 -0.000000 -0.009776 -0.000000 )
(  0.152675  0.000000 -0.017692 -0.000000 -0.004831  0.000000 )
(  0.152675  0.000000  0.017692  0.000000 -0.004831  0.000000 )
( -0.152675  0.000000  0.017692 -0.000000 -0.004831 -0.000000 )
( -0.152675  0.000000 -0.017692  0.000000 -0.004831 -0.000000 )
     freq (  69) =       4.790186 [THz] =     159.783419 [cm-1]
(  0.000000 -0.000000 -0.000000 -0.000000  0.000383 -0.000000 )
(  0.000000 -0.000000  0.000000 -0.000000 -0.000383 -0.000000 )
( -0.000000  0.000000 -0.000000 -0.000000 -0.000961 -0.000000 )
( -0.000000 -0.000000  0.000000  0.000000  0.000961 -0.000000 )
(  0.000000  0.000000 -0.007632  0.000000  0.000000  0.000000 )
( -0.000000 -0.000000  0.007632  0.000000  0.000000  0.000000 )
( -0.000000  0.000000  0.000000 -0.000000 -0.000000 -0.000000 )
(  0.000000  0.000000 -0.000849  0.000000  0.000000  0.000000 )
( -0.000000 -0.000000  0.000849 -0.000000 -0.000000  0.000000 )
( -0.000000  0.000000  0.000000  0.000000  0.000000 -0.000000 )
( -0.000000  0.000000  0.000849 -0.000000 -0.000000  0.000000 )
(  0.000000 -0.000000 -0.007632 -0.000000  0.000000  0.000000 )
(  0.000000 -0.000000 -0.008333  0.000000  0.000000 -0.000000 )
( -0.000000  0.000000  0.007632 -0.000000 -0.000000  0.000000 )
(  0.000000 -0.000000 -0.000849  0.000000 -0.000000  0.000000 )
(  0.000000 -0.000000  0.008333 -0.000000 -0.000000 -0.000000 )
(  0.000000  0.000000  0.000000  0.000000 -0.000000  0.000000 )
( -0.000000 -0.000000 -0.241913  0.000000  0.005081 -0.000000 )
( -0.000000 -0.000000  0.241913 -0.000000  0.005081 -0.000000 )
( -0.000000  0.000000 -0.253387  0.000000  0.004133  0.000000 )
( -0.000000  0.000000  0.253387  0.000000  0.004133  0.000000 )
(  0.000000  0.000000 -0.000000  0.000000 -0.000000 -0.000000 )
( -0.000000  0.000000 -0.253387  0.000000 -0.004133  0.000000 )
( -0.000000  0.000000  0.253387 -0.000000 -0.004133  0.000000 )
( -0.000000  0.000000 -0.241913 -0.000000 -0.005081 -0.000000 )
( -0.000000  0.000000  0.241913  0.000000 -0.005081 -0.000000 )
(  0.000000 -0.000000  0.000000  0.000000 -0.000000 -0.000000 )
( -0.004726  0.000000 -0.252082 -0.000000  0.000593 -0.000000 )
( -0.004726  0.000000  0.252082  0.000000  0.000593 -0.000000 )
( -0.004726  0.000000 -0.252082 -0.000000 -0.000593  0.000000 )
( -0.004726  0.000000  0.252082  0.000000 -0.000593  0.000000 )
(  0.000000 -0.000000  0.000000  0.000000 -0.000000  0.000000 )
(  0.004726  0.000000 -0.252082  0.000000  0.000593  0.000000 )
(  0.004726  0.000000  0.252082 -0.000000  0.000593  0.000000 )
(  0.004726 -0.000000 -0.252082 -0.000000 -0.000593 -0.000000 )
(  0.004726 -0.000000  0.252082  0.000000 -0.000593 -0.000000 )
     freq (  70) =       5.130496 [THz] =     171.134929 [cm-1]
( -0.000000 -0.000000 -0.000000  0.000000 -0.003389  0.000000 )
(  0.000000 -0.000000  0.000000 -0.000000 -0.003389  0.000000 )
(  0.004889  0.000000  0.000000  0.000000  0.000000 -0.000000 )
(  0.004889  0.000000  0.000000  0.000000  0.000000 -0.000000 )
( -0.012934  0.000000 -0.000000  0.000000 -0.011923  0.000000 )
(  0.012934  0.000000  0.000000 -0.000000 -0.011923 -0.000000 )
(  0.000000  0.000000  0.000000 -0.000000  0.013035  0.000000 )
(  0.021578 -0.000000  0.000000  0.000000 -0.018768 -0.000000 )
( -0.021578  0.000000 -0.000000 -0.000000 -0.018768  0.000000 )
( -0.000000  0.000000 -0.000000  0.000000  0.013035 -0.000000 )
(  0.021578 -0.000000  0.000000 -0.000000 -0.018768 -0.000000 )
(  0.012934  0.000000  0.000000  0.000000 -0.011923 -0.000000 )
( -0.000000  0.000000 -0.000000  0.000000 -0.024098 -0.000000 )
( -0.012934  0.000000  0.000000 -0.000000 -0.011923  0.000000 )
( -0.021578 -0.000000 -0.000000  0.000000 -0.018768  0.000000 )
( -0.000000  0.000000 -0.000000 -0.000000 -0.024098 -0.000000 )
( -0.000000  0.000000 -0.000000 -0.000000  0.153923  0.000000 )
( -0.000000 -0.000000  0.003222  0.000000  0.031840  0.000000 )
(  0.000000 -0.000000 -0.003222 -0.000000  0.031840  0.000000 )
(  0.000000  0.000000 -0.040152 -0.000000  0.008781 -0.000000 )
( -0.000000  0.000000  0.040152  0.000000  0.008781 -0.000000 )
( -0.000000  0.000000  0.000000 -0.000000 -0.564726  0.000000 )
(  0.000000  0.000000  0.040152 -0.000000  0.008781 -0.000000 )
( -0.000000  0.000000 -0.040152  0.000000  0.008781 -0.000000 )
( -0.000000 -0.000000 -0.003222 -0.000000  0.031840  0.000000 )
(  0.000000 -0.000000  0.003222  0.000000  0.031840  0.000000 )
(  0.377795  0.000000  0.000000 -0.000000 -0.414959 -0.000000 )
( -0.023453  0.000000 -0.016710 -0.000000 -0.022314 -0.000000 )
( -0.023453  0.000000  0.016710  0.000000 -0.022314 -0.000000 )
(  0.023453 -0.000000  0.016710 -0.000000 -0.022314  0.000000 )
(  0.023453 -0.000000 -0.016710  0.000000 -0.022314  0.000000 )
(  0.377795 -0.000000 -0.000000 -0.000000  0.414959 -0.000000 )
(  0.023453 -0.000000 -0.016710  0.000000 -0.022314  0.000000 )
(  0.023453 -0.000000  0.016710 -0.000000 -0.022314  0.000000 )
( -0.023453  0.000000  0.016710  0.000000 -0.022314 -0.000000 )
( -0.023453  0.000000 -0.016710 -0.000000 -0.022314 -0.000000 )
     freq (  71) =       5.156209 [THz] =     171.992621 [cm-1]
( -0.007789  0.000000 -0.000000  0.000000  0.000000  0.000000 )
( -0.007789  0.000000  0.000000 -0.000000 -0.000000  0.000000 )
( -0.000000 -0.000000  0.000000 -0.000000  0.004246 -0.000000 )
(  0.000000 -0.000000  0.000000  0.000000  0.004246 -0.000000 )
( -0.025934 -0.000000  0.000000 -0.000000 -0.011417 -0.000000 )
( -0.025934 -0.000000  0.000000 -0.000000  0.011417  0.000000 )
( -0.033465  0.000000 -0.000000 -0.000000  0.000000  0.000000 )
(  0.007409 -0.000000 -0.000000 -0.000000  0.023485 -0.000000 )
(  0.007409 -0.000000  0.000000  0.000000 -0.023485  0.000000 )
( -0.033465  0.000000 -0.000000  0.000000 -0.000000  0.000000 )
(  0.007409 -0.000000  0.000000 -0.000000  0.023485 -0.000000 )
( -0.025934 -0.000000 -0.000000  0.000000  0.011417  0.000000 )
( -0.007733 -0.000000  0.000000  0.000000  0.000000  0.000000 )
( -0.025934 -0.000000  0.000000  0.000000 -0.011417  0.000000 )
(  0.007409 -0.000000 -0.000000 -0.000000 -0.023485  0.000000 )
( -0.007733 -0.000000  0.000000 -0.000000 -0.000000  0.000000 )
( -0.644765  0.000000  0.000000 -0.000000 -0.000000  0.000000 )
(  0.034126  0.000000 -0.000000  0.000000 -0.000000 -0.000000 )
(  0.034126  0.000000  0.000000  0.000000  0.000000 -0.000000 )
( -0.038076  0.000000 -0.000000  0.000000  0.000000 -0.000000 )
( -0.038076  0.000000  0.000000 -0.000000 -0.000000 -0.000000 )
( -0.556418  0.000000 -0.000000 -0.000000 -0.000000  0.000000 )
( -0.038076  0.000000 -0.000000 -0.000000  0.000000 -0.000000 )
( -0.038076  0.000000  0.000000  0.000000 -0.000000 -0.000000 )
(  0.034126  0.000000  0.000000 -0.000000 -0.000000 -0.000000 )
(  0.034126  0.000000  0.000000 -0.000000  0.000000 -0.000000 )
( -0.024005 -0.000000  0.000000 -0.000000  0.348362  0.000000 )
( -0.001663 -0.000000  0.031352  0.000000 -0.023226  0.000000 )
( -0.001663 -0.000000 -0.031352 -0.000000 -0.023226  0.000000 )
( -0.001663 -0.000000  0.031352 -0.000000  0.023226  0.000000 )
( -0.001663 -0.000000 -0.031352  0.000000  0.023226  0.000000 )
(  0.024005 -0.000000  0.000000  0.000000  0.348362 -0.000000 )
( -0.001663 -0.000000 -0.031352  0.000000  0.023226  0.000000 )
( -0.001663 -0.000000  0.031352 -0.000000  0.023226  0.000000 )
( -0.001663 -0.000000 -0.031352 -0.000000 -0.023226  0.000000 )
( -0.001663 -0.000000  0.031352  0.000000 -0.023226  0.000000 )
     freq (  72) =       5.252731 [THz] =     175.212247 [cm-1]
( -0.000000  0.000000  0.000000  0.000000 -0.003199 -0.000000 )
( -0.000000  0.000000  0.000000 -0.000000 -0.003199 -0.000000 )
(  0.006007 -0.000000 -0.000000  0.000000  0.000000  0.000000 )
(  0.006007 -0.000000  0.000000 -0.000000  0.000000  0.000000 )
( -0.021120  0.000000  0.000000 -0.000000 -0.019207  0.000000 )
(  0.021120  0.000000  0.000000 -0.000000 -0.019207 -0.000000 )
( -0.000000  0.000000  0.000000 -0.000000 -0.010450 -0.000000 )
(  0.010937 -0.000000  0.000000  0.000000  0.007782 -0.000000 )
( -0.010937 -0.000000 -0.000000  0.000000  0.007782  0.000000 )
(  0.000000 -0.000000  0.000000  0.000000 -0.010450  0.000000 )
(  0.010937 -0.000000  0.000000  0.000000  0.007782 -0.000000 )
(  0.021120 -0.000000 -0.000000  0.000000 -0.019207  0.000000 )
(  0.000000  0.000000 -0.000000  0.000000  0.021965  0.000000 )
( -0.021120  0.000000  0.000000  0.000000 -0.019207 -0.000000 )
( -0.010937  0.000000 -0.000000 -0.000000  0.007782 -0.000000 )
( -0.000000  0.000000  0.000000 -0.000000  0.021965 -0.000000 )
(  0.000000  0.000000 -0.000000 -0.000000 -0.579893  0.000000 )
(  0.000000  0.000000 -0.021789 -0.000000  0.001197 -0.000000 )
( -0.000000 -0.000000  0.021789  0.000000  0.001197 -0.000000 )
(  0.000000 -0.000000 -0.021649  0.000000 -0.031868  0.000000 )
( -0.000000  0.000000  0.021649 -0.000000 -0.031868  0.000000 )
(  0.000000  0.000000  0.000000 -0.000000  0.038621  0.000000 )
(  0.000000 -0.000000  0.021649 -0.000000 -0.031868  0.000000 )
( -0.000000  0.000000 -0.021649  0.000000 -0.031868  0.000000 )
(  0.000000  0.000000  0.021789  0.000000  0.001197 -0.000000 )
( -0.000000 -0.000000 -0.021789 -0.000000  0.001197 -0.000000 )
(  0.476146 -0.000000 -0.000000 -0.000000  0.302075 -0.000000 )
( -0.026415 -0.000000  0.026849 -0.000000  0.015231  0.000000 )
( -0.026415 -0.000000 -0.026849  0.000000  0.015231  0.000000 )
(  0.026415  0.000000 -0.026849  0.000000  0.015231 -0.000000 )
(  0.026415  0.000000  0.026849 -0.000000  0.015231 -0.000000 )
(  0.476146 -0.000000 -0.000000 -0.000000 -0.302075  0.000000 )
(  0.026415  0.000000  0.026849 -0.000000  0.015231 -0.000000 )
(  0.026415  0.000000 -0.026849 -0.000000  0.015231 -0.000000 )
( -0.026415 -0.000000 -0.026849  0.000000  0.015231  0.000000 )
( -0.026415 -0.000000  0.026849 -0.000000  0.015231  0.000000 )
     freq (  73) =       5.275919 [THz] =     175.985702 [cm-1]
( -0.000000  0.000000 -0.000000 -0.000000 -0.000000  0.000000 )
( -0.000000  0.000000 -0.000000  0.000000 -0.000000  0.000000 )
(  0.000000  0.000000  0.000000  0.000000  0.000000 -0.000000 )
(  0.000000  0.000000 -0.000000 -0.000000 -0.000000 -0.000000 )
(  0.175002  0.000000 -0.000000 -0.000000 -0.030369  0.000000 )
( -0.175002  0.000000  0.000000 -0.000000 -0.030369 -0.000000 )
( -0.000000  0.000000 -0.000000 -0.000000 -0.276732 -0.000000 )
(  0.346023 -0.000000  0.000000  0.000000  0.175424 -0.000000 )
( -0.346023 -0.000000  0.000000 -0.000000  0.175424  0.000000 )
(  0.000000 -0.000000 -0.000000 -0.000000  0.276732  0.000000 )
( -0.346023  0.000000  0.000000  0.000000 -0.175424  0.000000 )
(  0.175002 -0.000000 -0.000000 -0.000000  0.030369  0.000000 )
( -0.069939 -0.000000  0.000000  0.000000  0.000000  0.000000 )
( -0.175002 -0.000000  0.000000 -0.000000  0.030369 -0.000000 )
(  0.346023 -0.000000  0.000000 -0.000000 -0.175424 -0.000000 )
(  0.069939  0.000000  0.000000  0.000000  0.000000 -0.000000 )
(  0.000000 -0.000000 -0.000000 -0.000000 -0.000000 -0.000000 )
( -0.033212  0.000000 -0.000000 -0.000000 -0.000000 -0.000000 )
(  0.033212 -0.000000 -0.000000 -0.000000  0.000000  0.000000 )
( -0.108431  0.000000 -0.000000  0.000000 -0.000000  0.000000 )
(  0.108431 -0.000000  0.000000  0.000000 -0.000000 -0.000000 )
(  0.000000 -0.000000  0.000000 -0.000000 -0.000000  0.000000 )
( -0.108431  0.000000  0.000000 -0.000000 -0.000000  0.000000 )
(  0.108431 -0.000000 -0.000000 -0.000000 -0.000000 -0.000000 )
( -0.033212  0.000000  0.000000  0.000000 -0.000000 -0.000000 )
(  0.033212 -0.000000  0.000000  0.000000  0.000000  0.000000 )
(  0.000000  0.000000 -0.000000 -0.000000  0.000000  0.000000 )
(  0.064604 -0.000000 -0.008431  0.000000  0.054133  0.000000 )
( -0.064604  0.000000 -0.008431 -0.000000 -0.054133 -0.000000 )
(  0.064604  0.000000 -0.008431 -0.000000 -0.054133 -0.000000 )
( -0.064604 -0.000000 -0.008431 -0.000000  0.054133  0.000000 )
(  0.000000  0.000000  0.000000 -0.000000 -0.000000 -0.000000 )
(  0.064604  0.000000  0.008431  0.000000 -0.054133 -0.000000 )
( -0.064604 -0.000000  0.008431  0.000000  0.054133  0.000000 )
(  0.064604 -0.000000  0.008431 -0.000000  0.054133  0.000000 )
( -0.064604  0.000000  0.008431  0.000000 -0.054133 -0.000000 )
     freq (  74) =       5.293151 [THz] =     176.560507 [cm-1]
(  0.000000  0.000000  0.000193  0.000000  0.000000 -0.000000 )
(  0.000000  0.000000 -0.000193 -0.000000  0.000000 -0.000000 )
( -0.000000 -0.000000 -0.000766 -0.000000  0.000000 -0.000000 )
( -0.000000 -0.000000  0.000766  0.000000  0.000000 -0.000000 )
( -0.161955 -0.000000  0.000000 -0.000000 -0.204270  0.000000 )
( -0.161955  0.000000 -0.000000  0.000000  0.204270 -0.000000 )
( -0.082327 -0.000000 -0.000000 -0.000000  0.000000  0.000000 )
(  0.148038 -0.000000  0.000000  0.000000  0.146800 -0.000000 )
(  0.148038  0.000000  0.000000  0.000000 -0.146800 -0.000000 )
(  0.082327  0.000000 -0.000000 -0.000000 -0.000000 -0.000000 )
( -0.148038  0.000000 -0.000000  0.000000 -0.146800  0.000000 )
(  0.161955 -0.000000 -0.000000  0.000000 -0.204270 -0.000000 )
(  0.000000  0.000000  0.000000  0.000000 -0.462890  0.000000 )
(  0.161955  0.000000  0.000000 -0.000000  0.204270 -0.000000 )
( -0.148038 -0.000000  0.000000  0.000000  0.146800  0.000000 )
( -0.000000 -0.000000 -0.000000  0.000000  0.462890 -0.000000 )
( -0.000000 -0.000000 -0.000000  0.000000  0.000000  0.000000 )
( -0.000000  0.000000  0.017712  0.000000  0.081299 -0.000000 )
(  0.000000 -0.000000  0.017712  0.000000 -0.081299 -0.000000 )
( -0.000000  0.000000 -0.006035  0.000000 -0.116330  0.000000 )
( -0.000000 -0.000000 -0.006035 -0.000000  0.116330  0.000000 )
( -0.000000 -0.000000 -0.000000 -0.000000  0.000000 -0.000000 )
( -0.000000  0.000000  0.006035 -0.000000 -0.116330  0.000000 )
( -0.000000 -0.000000  0.006035  0.000000  0.116330  0.000000 )
( -0.000000  0.000000 -0.017712 -0.000000  0.081299 -0.000000 )
(  0.000000 -0.000000 -0.017712 -0.000000 -0.081299  0.000000 )
( -0.000000 -0.000000  0.000000  0.000000 -0.000000 -0.000000 )
(  0.060315 -0.000000 -0.010008 -0.000000 -0.006630 -0.000000 )
( -0.060315  0.000000 -0.010008 -0.000000  0.006630  0.000000 )
( -0.060315 -0.000000  0.010008  0.000000 -0.006630  0.000000 )
(  0.060315  0.000000  0.010008  0.000000  0.006630 -0.000000 )
( -0.000000 -0.000000  0.000000  0.000000  0.000000  0.000000 )
( -0.060315 -0.000000 -0.010008 -0.000000 -0.006630  0.000000 )
(  0.060315  0.000000 -0.010008 -0.000000  0.006630 -0.000000 )
(  0.060315 -0.000000  0.010008  0.000000 -0.006630 -0.000000 )
( -0.060315  0.000000  0.010008  0.000000  0.006630  0.000000 )
     freq (  75) =       5.317867 [THz] =     177.384954 [cm-1]
(  0.000000 -0.000000  0.000000 -0.000000  0.000000  0.000000 )
( -0.000000 -0.000000  0.000000 -0.000000 -0.000000  0.000000 )
( -0.000000 -0.000000 -0.000000 -0.000000 -0.000000  0.000000 )
(  0.000000 -0.000000 -0.000000  0.000000  0.000000  0.000000 )
( -0.336744  0.000000  0.000000  0.000000 -0.193121  0.000000 )
(  0.336744  0.000000 -0.000000  0.000000 -0.193121 -0.000000 )
(  0.000000  0.000000 -0.000000 -0.000000 -0.331994 -0.000000 )
( -0.029815  0.000000  0.000000 -0.000000  0.080789  0.000000 )
(  0.029815 -0.000000 -0.000000  0.000000  0.080789  0.000000 )
( -0.000000  0.000000 -0.000000 -0.000000  0.331994  0.000000 )
(  0.029815 -0.000000 -0.000000 -0.000000 -0.080789 -0.000000 )
( -0.336744 -0.000000 -0.000000  0.000000  0.193121  0.000000 )
( -0.131607 -0.000000  0.000000  0.000000 -0.000000  0.000000 )
(  0.336744  0.000000 -0.000000  0.000000  0.193121  0.000000 )
( -0.029815  0.000000 -0.000000 -0.000000 -0.080789 -0.000000 )
(  0.131607  0.000000  0.000000  0.000000  0.000000  0.000000 )
( -0.000000  0.000000 -0.000000  0.000000  0.000000 -0.000000 )
(  0.079373 -0.000000  0.000000 -0.000000  0.000000 -0.000000 )
( -0.079373  0.000000  0.000000  0.000000 -0.000000 -0.000000 )
(  0.001742 -0.000000 -0.000000 -0.000000 -0.000000 -0.000000 )
( -0.001742  0.000000 -0.000000 -0.000000  0.000000 -0.000000 )
( -0.000000  0.000000  0.000000  0.000000 -0.000000 -0.000000 )
(  0.001742 -0.000000  0.000000  0.000000 -0.000000 -0.000000 )
( -0.001742  0.000000  0.000000  0.000000  0.000000 -0.000000 )
(  0.079373 -0.000000 -0.000000  0.000000  0.000000 -0.000000 )
( -0.079373  0.000000 -0.000000 -0.000000 -0.000000 -0.000000 )
( -0.000000  0.000000  0.000000  0.000000  0.000000  0.000000 )
( -0.056451 -0.000000  0.023100 -0.000000  0.084788  0.000000 )
(  0.056451  0.000000  0.023100  0.000000 -0.084788 -0.000000 )
( -0.056451 -0.000000  0.023100 -0.000000 -0.084788 -0.000000 )
(  0.056451 -0.000000  0.023100  0.000000  0.084788  0.000000 )
(  0.000000  0.000000 -0.000000  0.000000  0.000000 -0.000000 )
( -0.056451 -0.000000 -0.023100  0.000000 -0.084788 -0.000000 )
(  0.056451 -0.000000 -0.023100 -0.000000  0.084788  0.000000 )
( -0.056451 -0.000000 -0.023100  0.000000  0.084788  0.000000 )
(  0.056451  0.000000 -0.023100 -0.000000 -0.084788 -0.000000 )
     freq (  76) =       5.399320 [THz] =     180.101938 [cm-1]
( -0.000000  0.000000  0.016829 -0.000000  0.000000  0.000000 )
( -0.000000  0.000000 -0.016829 -0.000000  0.000000  0.000000 )
( -0.000000 -0.000000 -0.018923  0.000000 -0.000000 -0.000000 )
( -0.000000 -0.000000  0.018923 -0.000000  0.000000 -0.000000 )
( -0.150163  0.000000  0.000000 -0.000000  0.017040  0.000000 )
( -0.150163  0.000000  0.000000 -0.000000 -0.017040 -0.000000 )
(  0.178914 -0.000000  0.000000 -0.000000 -0.000000  0.000000 )
( -0.180905  0.000000  0.000000  0.000000  0.234856  0.000000 )
( -0.180905  0.000000 -0.000000  0.000000 -0.234856 -0.000000 )
( -0.178914  0.000000 -0.000000 -0.000000  0.000000 -0.000000 )
(  0.180905  0.000000  0.000000  0.000000 -0.234856  0.000000 )
(  0.150163  0.000000 -0.000000 -0.000000  0.017040 -0.000000 )
(  0.000000  0.000000 -0.000000  0.000000  0.113997 -0.000000 )
(  0.150163  0.000000 -0.000000 -0.000000 -0.017040  0.000000 )
(  0.180905 -0.000000  0.000000  0.000000  0.234856  0.000000 )
( -0.000000  0.000000  0.000000  0.000000 -0.113997  0.000000 )
( -0.000000  0.000000  0.000000  0.000000  0.000000 -0.000000 )
(  0.000000 -0.000000  0.303339 -0.000000  0.014813  0.000000 )
(  0.000000 -0.000000  0.303339 -0.000000 -0.014813 -0.000000 )
( -0.000000 -0.000000  0.020281  0.000000  0.015218 -0.000000 )
(  0.000000 -0.000000  0.020281  0.000000 -0.015218  0.000000 )
( -0.000000 -0.000000 -0.000000 -0.000000  0.000000 -0.000000 )
( -0.000000 -0.000000 -0.020281  0.000000  0.015218 -0.000000 )
(  0.000000 -0.000000 -0.020281  0.000000 -0.015218  0.000000 )
(  0.000000 -0.000000 -0.303339  0.000000  0.014813  0.000000 )
(  0.000000 -0.000000 -0.303339  0.000000 -0.014813 -0.000000 )
( -0.000000  0.000000 -0.000000 -0.000000  0.000000  0.000000 )
( -0.015029 -0.000000 -0.106431  0.000000 -0.015325 -0.000000 )
(  0.015029 -0.000000 -0.106431 -0.000000  0.015325  0.000000 )
(  0.015029 -0.000000  0.106431  0.000000 -0.015325  0.000000 )
( -0.015029 -0.000000  0.106431 -0.000000  0.015325 -0.000000 )
( -0.000000 -0.000000 -0.000000  0.000000  0.000000  0.000000 )
(  0.015029 -0.000000 -0.106431 -0.000000 -0.015325  0.000000 )
( -0.015029 -0.000000 -0.106431  0.000000  0.015325 -0.000000 )
( -0.015029 -0.000000  0.106431 -0.000000 -0.015325 -0.000000 )
(  0.015029 -0.000000  0.106431  0.000000  0.015325  0.000000 )
     freq (  77) =       5.681582 [THz] =     189.517186 [cm-1]
( -0.011377 -0.000000 -0.000000 -0.000000  0.000000  0.000000 )
( -0.011377 -0.000000  0.000000  0.000000  0.000000  0.000000 )
( -0.000000 -0.000000  0.000000  0.000000  0.004777 -0.000000 )
( -0.000000 -0.000000 -0.000000 -0.000000  0.004777 -0.000000 )
( -0.325984  0.000000  0.000000  0.000000 -0.164908  0.000000 )
( -0.325984  0.000000 -0.000000 -0.000000  0.164908 -0.000000 )
( -0.035378 -0.000000 -0.000000  0.000000  0.000000  0.000000 )
( -0.248299  0.000000  0.000000 -0.000000 -0.118556 -0.000000 )
( -0.248299  0.000000 -0.000000 -0.000000  0.118556  0.000000 )
( -0.035378  0.000000  0.000000 -0.000000  0.000000  0.000000 )
( -0.248299  0.000000  0.000000  0.000000 -0.118556  0.000000 )
( -0.325984  0.000000 -0.000000 -0.000000  0.164908  0.000000 )
( -0.046161  0.000000 -0.000000 -0.000000  0.000000  0.000000 )
( -0.325984  0.000000 -0.000000 -0.000000 -0.164908  0.000000 )
( -0.248299 -0.000000  0.000000  0.000000  0.118556 -0.000000 )
( -0.046161 -0.000000  0.000000  0.000000  0.000000  0.000000 )
( -0.055748 -0.000000 -0.000000 -0.000000  0.000000  0.000000 )
(  0.089233 -0.000000 -0.000000 -0.000000 -0.000000 -0.000000 )
(  0.089233 -0.000000 -0.000000 -0.000000 -0.000000 -0.000000 )
(  0.074942 -0.000000 -0.000000 -0.000000 -0.000000 -0.000000 )
(  0.074942 -0.000000 -0.000000 -0.000000 -0.000000 -0.000000 )
(  0.079760 -0.000000 -0.000000 -0.000000 -0.000000 -0.000000 )
(  0.074942 -0.000000  0.000000  0.000000 -0.000000 -0.000000 )
(  0.074942 -0.000000  0.000000  0.000000 -0.000000 -0.000000 )
(  0.089233 -0.000000  0.000000  0.000000 -0.000000 -0.000000 )
(  0.089233 -0.000000  0.000000  0.000000 -0.000000 -0.000000 )
( -0.120624 -0.000000  0.000000 -0.000000 -0.029090  0.000000 )
(  0.085368 -0.000000 -0.018327  0.000000 -0.009295 -0.000000 )
(  0.085368 -0.000000  0.018327  0.000000 -0.009295 -0.000000 )
(  0.085368 -0.000000 -0.018327 -0.000000  0.009295 -0.000000 )
(  0.085368 -0.000000  0.018327 -0.000000  0.009295 -0.000000 )
(  0.120624 -0.000000  0.000000  0.000000 -0.029090  0.000000 )
(  0.085368 -0.000000  0.018327 -0.000000  0.009295 -0.000000 )
(  0.085368 -0.000000 -0.018327  0.000000  0.009295 -0.000000 )
(  0.085368 -0.000000  0.018327 -0.000000 -0.009295 -0.000000 )
(  0.085368 -0.000000 -0.018327 -0.000000 -0.009295 -0.000000 )
     freq (  78) =       5.731047 [THz] =     191.167166 [cm-1]
( -0.000000  0.000000  0.000000  0.000000 -0.007075 -0.000000 )
( -0.000000  0.000000 -0.000000 -0.000000 -0.007075 -0.000000 )
(  0.004331 -0.000000 -0.000000 -0.000000  0.000000 -0.000000 )
(  0.004331 -0.000000 -0.000000  0.000000  0.000000 -0.000000 )
( -0.161992  0.000000  0.000000 -0.000000 -0.141325  0.000000 )
(  0.161992  0.000000 -0.000000  0.000000 -0.141325 -0.000000 )
( -0.000000  0.000000  0.000000  0.000000 -0.321842  0.000000 )
( -0.116847  0.000000 -0.000000 -0.000000 -0.109607  0.000000 )
(  0.116847  0.000000 -0.000000 -0.000000 -0.109607 -0.000000 )
(  0.000000  0.000000  0.000000 -0.000000 -0.321842 -0.000000 )
( -0.116847  0.000000  0.000000  0.000000 -0.109607  0.000000 )
(  0.161992  0.000000  0.000000 -0.000000 -0.141325 -0.000000 )
( -0.000000  0.000000 -0.000000 -0.000000 -0.417261 -0.000000 )
( -0.161992  0.000000  0.000000  0.000000 -0.141325  0.000000 )
(  0.116847  0.000000  0.000000  0.000000 -0.109607 -0.000000 )
( -0.000000 -0.000000 -0.000000  0.000000 -0.417261  0.000000 )
( -0.000000  0.000000 -0.000000 -0.000000 -0.139258 -0.000000 )
(  0.000000 -0.000000  0.002410 -0.000000  0.082902 -0.000000 )
(  0.000000 -0.000000 -0.002410  0.000000  0.082902 -0.000000 )
(  0.000000 -0.000000  0.020345 -0.000000  0.091610  0.000000 )
(  0.000000 -0.000000 -0.020345 -0.000000  0.091610  0.000000 )
(  0.000000 -0.000000 -0.000000  0.000000  0.087712 -0.000000 )
(  0.000000 -0.000000 -0.020345  0.000000  0.091610  0.000000 )
(  0.000000 -0.000000  0.020345  0.000000  0.091610  0.000000 )
(  0.000000 -0.000000 -0.002410  0.000000  0.082902 -0.000000 )
(  0.000000 -0.000000  0.002410 -0.000000  0.082902 -0.000000 )
( -0.035494  0.000000  0.000000 -0.000000 -0.090198 -0.000000 )
( -0.010110 -0.000000  0.006507  0.000000  0.076801 -0.000000 )
( -0.010110 -0.000000 -0.006507 -0.000000  0.076801  0.000000 )
(  0.010110 -0.000000 -0.006507  0.000000  0.076801  0.000000 )
(  0.010110 -0.000000  0.006507 -0.000000  0.076801  0.000000 )
( -0.035494 -0.000000  0.000000 -0.000000  0.090198 -0.000000 )
(  0.010110 -0.000000  0.006507 -0.000000  0.076801  0.000000 )
(  0.010110 -0.000000 -0.006507  0.000000  0.076801  0.000000 )
( -0.010110 -0.000000 -0.006507 -0.000000  0.076801 -0.000000 )
( -0.010110 -0.000000  0.006507  0.000000  0.076801  0.000000 )
     freq (  79) =       6.090300 [THz] =     203.150532 [cm-1]
(  0.000000  0.000000 -0.004357  0.000000  0.000000 -0.000000 )
( -0.000000  0.000000  0.004357 -0.000000  0.000000 -0.000000 )
(  0.000000  0.000000  0.005989 -0.000000 -0.000000 -0.000000 )
( -0.000000  0.000000 -0.005989  0.000000  0.000000 -0.000000 )
(  0.149308  0.000000 -0.000000 -0.000000 -0.292154 -0.000000 )
(  0.149308 -0.000000 -0.000000 -0.000000  0.292154 -0.000000 )
(  0.393447  0.000000 -0.000000  0.000000 -0.000000  0.000000 )
(  0.143497  0.000000  0.000000  0.000000 -0.018176  0.000000 )
(  0.143497 -0.000000  0.000000  0.000000  0.018176  0.000000 )
( -0.393447 -0.000000  0.000000  0.000000  0.000000 -0.000000 )
( -0.143497  0.000000 -0.000000  0.000000  0.018176 -0.000000 )
( -0.149308  0.000000  0.000000 -0.000000 -0.292154  0.000000 )
( -0.000000  0.000000  0.000000 -0.000000  0.165189  0.000000 )
( -0.149308  0.000000 -0.000000 -0.000000  0.292154  0.000000 )
( -0.143497  0.000000  0.000000  0.000000 -0.018176 -0.000000 )
(  0.000000 -0.000000 -0.000000 -0.000000 -0.165189 -0.000000 )
(  0.000000 -0.000000 -0.000000  0.000000 -0.000000 -0.000000 )
( -0.000000 -0.000000  0.068483 -0.000000 -0.037294 -0.000000 )
(  0.000000 -0.000000  0.068483 -0.000000  0.037294 -0.000000 )
(  0.000000 -0.000000  0.138583  0.000000 -0.016267 -0.000000 )
( -0.000000  0.000000  0.138583 -0.000000  0.016267 -0.000000 )
(  0.000000  0.000000 -0.000000  0.000000 -0.000000 -0.000000 )
(  0.000000 -0.000000 -0.138583 -0.000000 -0.016267 -0.000000 )
( -0.000000  0.000000 -0.138583  0.000000  0.016267 -0.000000 )
( -0.000000 -0.000000 -0.068483 -0.000000 -0.037294 -0.000000 )
(  0.000000 -0.000000 -0.068483  0.000000  0.037294 -0.000000 )
(  0.000000 -0.000000 -0.000000  0.000000 -0.000000 -0.000000 )
(  0.018324 -0.000000  0.039665  0.000000  0.022258 -0.000000 )
( -0.018324 -0.000000  0.039665  0.000000 -0.022258 -0.000000 )
( -0.018324  0.000000 -0.039665  0.000000  0.022258  0.000000 )
(  0.018324 -0.000000 -0.039665  0.000000 -0.022258 -0.000000 )
(  0.000000 -0.000000  0.000000 -0.000000 -0.000000 -0.000000 )
( -0.018324  0.000000  0.039665 -0.000000  0.022258  0.000000 )
(  0.018324 -0.000000  0.039665 -0.000000 -0.022258 -0.000000 )
(  0.018324 -0.000000 -0.039665 -0.000000  0.022258 -0.000000 )
( -0.018324 -0.000000 -0.039665 -0.000000 -0.022258 -0.000000 )
     freq (  80) =       6.108442 [THz] =     203.755690 [cm-1]
(  0.000000 -0.000000  0.000000  0.000000  0.000000 -0.000000 )
(  0.000000 -0.000000 -0.000000 -0.000000 -0.000000 -0.000000 )
( -0.000000  0.000000 -0.000000 -0.000000  0.000000  0.000000 )
(  0.000000  0.000000  0.000000  0.000000 -0.000000  0.000000 )
( -0.008935 -0.000000 -0.000000 -0.000000  0.208046  0.000000 )
(  0.008935 -0.000000 -0.000000  0.000000  0.208046 -0.000000 )
( -0.000000 -0.000000  0.000000 -0.000000 -0.236393 -0.000000 )
(  0.018995  0.000000  0.000000  0.000000 -0.259295  0.000000 )
( -0.018995 -0.000000  0.000000 -0.000000 -0.259295 -0.000000 )
(  0.000000  0.000000  0.000000 -0.000000  0.236393  0.000000 )
( -0.018995  0.000000  0.000000  0.000000  0.259295  0.000000 )
( -0.008935  0.000000 -0.000000  0.000000 -0.208046  0.000000 )
( -0.361594  0.000000  0.000000  0.000000 -0.000000 -0.000000 )
(  0.008935  0.000000 -0.000000 -0.000000 -0.208046 -0.000000 )
(  0.018995  0.000000  0.000000 -0.000000  0.259295  0.000000 )
(  0.361594  0.000000 -0.000000  0.000000  0.000000  0.000000 )
( -0.000000  0.000000  0.000000 -0.000000 -0.000000 -0.000000 )
( -0.024088  0.000000 -0.000000  0.000000  0.000000  0.000000 )
(  0.024088 -0.000000 -0.000000 -0.000000 -0.000000 -0.000000 )
(  0.024006 -0.000000 -0.000000 -0.000000  0.000000  0.000000 )
( -0.024006  0.000000 -0.000000 -0.000000 -0.000000 -0.000000 )
(  0.000000 -0.000000 -0.000000  0.000000  0.000000  0.000000 )
(  0.024006 -0.000000  0.000000  0.000000  0.000000  0.000000 )
( -0.024006  0.000000  0.000000  0.000000 -0.000000 -0.000000 )
( -0.024088  0.000000  0.000000 -0.000000  0.000000  0.000000 )
(  0.024088 -0.000000  0.000000  0.000000 -0.000000 -0.000000 )
( -0.000000  0.000000  0.000000 -0.000000  0.000000  0.000000 )
( -0.010033 -0.000000 -0.147735  0.000000  0.018939 -0.000000 )
(  0.010033 -0.000000 -0.147735 -0.000000 -0.018939  0.000000 )
( -0.010033  0.000000 -0.147735 -0.000000 -0.018939 -0.000000 )
(  0.010033 -0.000000 -0.147735  0.000000  0.018939  0.000000 )
( -0.000000 -0.000000  0.000000  0.000000  0.000000  0.000000 )
( -0.010033  0.000000  0.147735  0.000000 -0.018939 -0.000000 )
(  0.010033 -0.000000  0.147735 -0.000000  0.018939 -0.000000 )
( -0.010033 -0.000000  0.147735 -0.000000  0.018939 -0.000000 )
(  0.010033 -0.000000  0.147735  0.000000 -0.018939  0.000000 )
     freq (  81) =       6.669578 [THz] =     222.473190 [cm-1]
(  0.000000  0.000000 -0.000000  0.000000  0.004533  0.000000 )
(  0.000000  0.000000  0.000000 -0.000000  0.004533  0.000000 )
( -0.009226 -0.000000  0.000000 -0.000000 -0.000000 -0.000000 )
( -0.009226 -0.000000  0.000000  0.000000 -0.000000 -0.000000 )
(  0.075094  0.000000  0.000000  0.000000  0.051319  0.000000 )
( -0.075094 -0.000000  0.000000 -0.000000  0.051319  0.000000 )
(  0.000000 -0.000000 -0.000000 -0.000000 -0.486567  0.000000 )
( -0.058772 -0.000000 -0.000000  0.000000 -0.075935  0.000000 )
(  0.058772  0.000000  0.000000 -0.000000 -0.075935  0.000000 )
( -0.000000  0.000000 -0.000000  0.000000 -0.486567  0.000000 )
( -0.058772 -0.000000 -0.000000 -0.000000 -0.075935 -0.000000 )
( -0.075094  0.000000 -0.000000  0.000000  0.051319 -0.000000 )
(  0.000000  0.000000 -0.000000  0.000000  0.352784 -0.000000 )
(  0.075094  0.000000  0.000000 -0.000000  0.051319  0.000000 )
(  0.058772 -0.000000 -0.000000  0.000000 -0.075935 -0.000000 )
( -0.000000 -0.000000  0.000000 -0.000000  0.352784 -0.000000 )
( -0.000000 -0.000000 -0.000000 -0.000000  0.009404 -0.000000 )
( -0.000000 -0.000000  0.033370 -0.000000 -0.041710 -0.000000 )
( -0.000000 -0.000000 -0.033370  0.000000 -0.041710 -0.000000 )
(  0.000000  0.000000 -0.123706 -0.000000 -0.021678  0.000000 )
(  0.000000  0.000000  0.123706  0.000000 -0.021678  0.000000 )
(  0.000000  0.000000  0.000000 -0.000000  0.053247  0.000000 )
(  0.000000  0.000000  0.123706  0.000000 -0.021678  0.000000 )
(  0.000000  0.000000 -0.123706 -0.000000 -0.021678  0.000000 )
( -0.000000 -0.000000 -0.033370  0.000000 -0.041710 -0.000000 )
( -0.000000 -0.000000  0.033370 -0.000000 -0.041710 -0.000000 )
(  0.024187  0.000000 -0.000000 -0.000000 -0.031739 -0.000000 )
(  0.009324  0.000000 -0.116195  0.000000  0.047552 -0.000000 )
(  0.009324  0.000000  0.116195 -0.000000  0.047552 -0.000000 )
( -0.009324 -0.000000  0.116195 -0.000000  0.047552 -0.000000 )
( -0.009324 -0.000000 -0.116195 -0.000000  0.047552 -0.000000 )
(  0.024187  0.000000 -0.000000 -0.000000  0.031739  0.000000 )
( -0.009324 -0.000000 -0.116195  0.000000  0.047552 -0.000000 )
( -0.009324 -0.000000  0.116195  0.000000  0.047552 -0.000000 )
(  0.009324  0.000000  0.116195 -0.000000  0.047552 -0.000000 )
(  0.009324  0.000000 -0.116195  0.000000  0.047552 -0.000000 )
     freq (  82) =       6.700673 [THz] =     223.510390 [cm-1]
(  0.033257  0.000000  0.000000 -0.000000  0.000000 -0.000000 )
(  0.033257  0.000000 -0.000000  0.000000  0.000000 -0.000000 )
( -0.000000  0.000000  0.000000  0.000000 -0.021102 -0.000000 )
( -0.000000  0.000000  0.000000 -0.000000 -0.021102 -0.000000 )
(  0.222515  0.000000 -0.000000 -0.000000  0.135472  0.000000 )
(  0.222515  0.000000  0.000000 -0.000000 -0.135472 -0.000000 )
( -0.053337 -0.000000  0.000000 -0.000000  0.000000  0.000000 )
( -0.310943  0.000000  0.000000  0.000000 -0.157388 -0.000000 )
( -0.310943 -0.000000  0.000000  0.000000  0.157388 -0.000000 )
( -0.053337 -0.000000  0.000000  0.000000  0.000000 -0.000000 )
( -0.310943 -0.000000  0.000000 -0.000000 -0.157388  0.000000 )
(  0.222515  0.000000 -0.000000  0.000000 -0.135472 -0.000000 )
(  0.005846  0.000000  0.000000  0.000000 -0.000000  0.000000 )
(  0.222515  0.000000 -0.000000  0.000000  0.135472  0.000000 )
( -0.310943  0.000000 -0.000000 -0.000000  0.157388  0.000000 )
(  0.005846 -0.000000 -0.000000 -0.000000 -0.000000  0.000000 )
( -0.074055 -0.000000  0.000000 -0.000000 -0.000000  0.000000 )
( -0.043667 -0.000000 -0.000000 -0.000000 -0.000000 -0.000000 )
( -0.043667 -0.000000  0.000000 -0.000000 -0.000000 -0.000000 )
(  0.059056  0.000000 -0.000000 -0.000000  0.000000 -0.000000 )
(  0.059056  0.000000  0.000000 -0.000000  0.000000 -0.000000 )
(  0.057562  0.000000  0.000000  0.000000  0.000000  0.000000 )
(  0.059056  0.000000  0.000000  0.000000  0.000000 -0.000000 )
(  0.059056  0.000000 -0.000000  0.000000  0.000000 -0.000000 )
( -0.043667 -0.000000  0.000000  0.000000 -0.000000 -0.000000 )
( -0.043667 -0.000000 -0.000000  0.000000 -0.000000 -0.000000 )
( -0.010756 -0.000000  0.000000  0.000000  0.021222  0.000000 )
(  0.009437  0.000000  0.156683  0.000000  0.025579  0.000000 )
(  0.009437 -0.000000 -0.156683  0.000000  0.025579  0.000000 )
(  0.009437  0.000000  0.156683  0.000000 -0.025579 -0.000000 )
(  0.009437 -0.000000 -0.156683 -0.000000 -0.025579 -0.000000 )
(  0.010756  0.000000  0.000000  0.000000  0.021222  0.000000 )
(  0.009437  0.000000 -0.156683 -0.000000 -0.025579 -0.000000 )
(  0.009437 -0.000000  0.156683  0.000000 -0.025579 -0.000000 )
(  0.009437  0.000000 -0.156683 -0.000000  0.025579  0.000000 )
(  0.009437 -0.000000  0.156683 -0.000000  0.025579  0.000000 )
     freq (  83) =       6.718744 [THz] =     224.113175 [cm-1]
( -0.000000 -0.000000  0.000000  0.000000  0.000000  0.000000 )
( -0.000000 -0.000000 -0.000000 -0.000000  0.000000  0.000000 )
( -0.000000 -0.000000 -0.000000 -0.000000  0.000000  0.000000 )
( -0.000000 -0.000000  0.000000  0.000000  0.000000  0.000000 )
(  0.127039  0.000000 -0.000000 -0.000000  0.106010 -0.000000 )
( -0.127039 -0.000000  0.000000  0.000000  0.106010  0.000000 )
(  0.000000  0.000000 -0.000000 -0.000000 -0.187967  0.000000 )
( -0.290873 -0.000000 -0.000000  0.000000  0.304651 -0.000000 )
(  0.290873  0.000000 -0.000000 -0.000000  0.304651 -0.000000 )
( -0.000000  0.000000 -0.000000 -0.000000  0.187967 -0.000000 )
(  0.290873 -0.000000 -0.000000  0.000000 -0.304651  0.000000 )
(  0.127039 -0.000000 -0.000000  0.000000 -0.106010  0.000000 )
( -0.036331  0.000000  0.000000  0.000000 -0.000000  0.000000 )
( -0.127039  0.000000  0.000000 -0.000000 -0.106010  0.000000 )
( -0.290873  0.000000  0.000000 -0.000000 -0.304651  0.000000 )
(  0.036331 -0.000000  0.000000  0.000000 -0.000000 -0.000000 )
(  0.000000  0.000000 -0.000000 -0.000000 -0.000000 -0.000000 )
( -0.007616  0.000000 -0.000000 -0.000000 -0.000000 -0.000000 )
(  0.007616 -0.000000  0.000000  0.000000 -0.000000 -0.000000 )
(  0.007152 -0.000000 -0.000000 -0.000000  0.000000  0.000000 )
( -0.007152 -0.000000  0.000000  0.000000  0.000000  0.000000 )
( -0.000000 -0.000000 -0.000000  0.000000  0.000000  0.000000 )
(  0.007152 -0.000000  0.000000  0.000000  0.000000  0.000000 )
( -0.007152 -0.000000 -0.000000 -0.000000  0.000000  0.000000 )
( -0.007616  0.000000  0.000000  0.000000 -0.000000 -0.000000 )
(  0.007616 -0.000000 -0.000000 -0.000000 -0.000000 -0.000000 )
(  0.000000  0.000000  0.000000 -0.000000 -0.000000 -0.000000 )
( -0.009742  0.000000 -0.115068  0.000000  0.006978 -0.000000 )
(  0.009742  0.000000 -0.115068  0.000000 -0.006978 -0.000000 )
( -0.009742 -0.000000 -0.115068 -0.000000 -0.006978  0.000000 )
(  0.009742 -0.000000 -0.115068  0.000000  0.006978 -0.000000 )
(  0.000000  0.000000 -0.000000  0.000000  0.000000  0.000000 )
( -0.009742 -0.000000  0.115068  0.000000 -0.006978  0.000000 )
(  0.009742 -0.000000  0.115068 -0.000000  0.006978 -0.000000 )
( -0.009742  0.000000  0.115068 -0.000000  0.006978 -0.000000 )
(  0.009742  0.000000  0.115068 -0.000000 -0.006978 -0.000000 )
     freq (  84) =       6.720659 [THz] =     224.177052 [cm-1]
(  0.000000  0.000000 -0.000000 -0.000000 -0.019570 -0.000000 )
(  0.000000  0.000000 -0.000000  0.000000 -0.019570 -0.000000 )
(  0.033089  0.000000  0.000000  0.000000 -0.000000 -0.000000 )
(  0.033089  0.000000 -0.000000 -0.000000 -0.000000 -0.000000 )
( -0.156436 -0.000000  0.000000 -0.000000 -0.086191 -0.000000 )
(  0.156436  0.000000  0.000000  0.000000 -0.086191 -0.000000 )
( -0.000000  0.000000  0.000000  0.000000 -0.164357  0.000000 )
(  0.306623  0.000000  0.000000  0.000000  0.191357 -0.000000 )
( -0.306623 -0.000000  0.000000 -0.000000  0.191357 -0.000000 )
( -0.000000 -0.000000  0.000000 -0.000000 -0.164357 -0.000000 )
(  0.306623 -0.000000  0.000000 -0.000000  0.191357  0.000000 )
(  0.156436  0.000000 -0.000000 -0.000000 -0.086191  0.000000 )
( -0.000000  0.000000 -0.000000 -0.000000  0.040016 -0.000000 )
( -0.156436 -0.000000 -0.000000  0.000000 -0.086191  0.000000 )
( -0.306623  0.000000  0.000000  0.000000  0.191357  0.000000 )
(  0.000000 -0.000000  0.000000  0.000000  0.040016 -0.000000 )
( -0.000000 -0.000000 -0.000000  0.000000  0.017525  0.000000 )
( -0.000000  0.000000  0.098055  0.000000  0.014190  0.000000 )
(  0.000000 -0.000000 -0.098055 -0.000000  0.014190  0.000000 )
(  0.000000 -0.000000  0.190958  0.000000 -0.048484 -0.000000 )
( -0.000000  0.000000 -0.190958 -0.000000 -0.048484 -0.000000 )
(  0.000000  0.000000 -0.000000 -0.000000 -0.013072 -0.000000 )
(  0.000000 -0.000000 -0.190958 -0.000000 -0.048484 -0.000000 )
( -0.000000  0.000000  0.190958  0.000000 -0.048484 -0.000000 )
( -0.000000  0.000000 -0.098055 -0.000000  0.014190  0.000000 )
(  0.000000 -0.000000  0.098055  0.000000  0.014190  0.000000 )
( -0.014019 -0.000000  0.000000  0.000000  0.010977  0.000000 )
( -0.050134 -0.000000 -0.095592  0.000000  0.010131 -0.000000 )
( -0.050134 -0.000000  0.095592  0.000000  0.010131  0.000000 )
(  0.050134  0.000000  0.095592  0.000000  0.010131  0.000000 )
(  0.050134  0.000000 -0.095592  0.000000  0.010131 -0.000000 )
( -0.014019 -0.000000 -0.000000 -0.000000 -0.010977 -0.000000 )
(  0.050134  0.000000 -0.095592 -0.000000  0.010131  0.000000 )
(  0.050134  0.000000  0.095592 -0.000000  0.010131 -0.000000 )
( -0.050134 -0.000000  0.095592 -0.000000  0.010131 -0.000000 )
( -0.050134 -0.000000 -0.095592 -0.000000  0.010131  0.000000 )
     freq (  85) =       6.836263 [THz] =     228.033178 [cm-1]
(  0.000000  0.000000 -0.005716  0.000000  0.000000  0.000000 )
(  0.000000  0.000000  0.005716 -0.000000  0.000000  0.000000 )
( -0.000000 -0.000000  0.006364 -0.000000 -0.000000 -0.000000 )
( -0.000000 -0.000000 -0.006364  0.000000 -0.000000 -0.000000 )
(  0.214514  0.000000  0.000000 -0.000000 -0.131365  0.000000 )
(  0.214514 -0.000000 -0.000000 -0.000000  0.131365 -0.000000 )
( -0.414546  0.000000 -0.000000  0.000000 -0.000000 -0.000000 )
( -0.074165 -0.000000  0.000000  0.000000  0.269037 -0.000000 )
( -0.074165  0.000000 -0.000000  0.000000 -0.269037 -0.000000 )
(  0.414546  0.000000 -0.000000  0.000000  0.000000 -0.000000 )
(  0.074165 -0.000000 -0.000000  0.000000 -0.269037 -0.000000 )
( -0.214514 -0.000000  0.000000 -0.000000 -0.131365 -0.000000 )
( -0.000000 -0.000000  0.000000 -0.000000  0.160114  0.000000 )
( -0.214514  0.000000 -0.000000 -0.000000  0.131365  0.000000 )
(  0.074165  0.000000 -0.000000  0.000000  0.269037  0.000000 )
(  0.000000  0.000000 -0.000000 -0.000000 -0.160114  0.000000 )
( -0.000000  0.000000 -0.000000  0.000000 -0.000000  0.000000 )
( -0.000000 -0.000000 -0.018527 -0.000000 -0.014529 -0.000000 )
( -0.000000 -0.000000 -0.018527 -0.000000  0.014529 -0.000000 )
(  0.000000  0.000000  0.073614 -0.000000 -0.012790  0.000000 )
(  0.000000  0.000000  0.073614  0.000000  0.012790  0.000000 )
(  0.000000 -0.000000  0.000000  0.000000 -0.000000  0.000000 )
(  0.000000  0.000000 -0.073614  0.000000 -0.012790  0.000000 )
(  0.000000  0.000000 -0.073614 -0.000000  0.012790  0.000000 )
( -0.000000 -0.000000  0.018527  0.000000 -0.014529 -0.000000 )
( -0.000000 -0.000000  0.018527 -0.000000  0.014529 -0.000000 )
(  0.000000 -0.000000  0.000000  0.000000  0.000000 -0.000000 )
(  0.006149  0.000000  0.043892  0.000000  0.000666 -0.000000 )
( -0.006149  0.000000  0.043892 -0.000000 -0.000666  0.000000 )
( -0.006149 -0.000000 -0.043892  0.000000  0.000666 -0.000000 )
(  0.006149 -0.000000 -0.043892 -0.000000 -0.000666  0.000000 )
(  0.000000  0.000000  0.000000 -0.000000  0.000000 -0.000000 )
( -0.006149 -0.000000  0.043892 -0.000000  0.000666 -0.000000 )
(  0.006149 -0.000000  0.043892  0.000000 -0.000666  0.000000 )
(  0.006149  0.000000 -0.043892 -0.000000  0.000666 -0.000000 )
( -0.006149  0.000000 -0.043892  0.000000 -0.000666  0.000000 )
     freq (  86) =       6.973612 [THz] =     232.614643 [cm-1]
(  0.000000  0.000000 -0.004906 -0.000000  0.000000 -0.000000 )
(  0.000000  0.000000  0.004906  0.000000  0.000000 -0.000000 )
( -0.000000  0.000000  0.007267 -0.000000 -0.000000 -0.000000 )
( -0.000000  0.000000 -0.007267  0.000000 -0.000000 -0.000000 )
(  0.208939 -0.000000 -0.000000  0.000000  0.093221  0.000000 )
(  0.208939  0.000000 -0.000000  0.000000 -0.093221  0.000000 )
(  0.343100 -0.000000 -0.000000  0.000000  0.000000  0.000000 )
( -0.161720  0.000000 -0.000000 -0.000000  0.187191  0.000000 )
( -0.161720 -0.000000  0.000000 -0.000000 -0.187191  0.000000 )
( -0.343100  0.000000 -0.000000  0.000000 -0.000000 -0.000000 )
(  0.161720 -0.000000 -0.000000 -0.000000 -0.187191 -0.000000 )
( -0.208939 -0.000000  0.000000  0.000000  0.093221 -0.000000 )
( -0.000000 -0.000000  0.000000 -0.000000 -0.287656  0.000000 )
( -0.208939  0.000000  0.000000  0.000000 -0.093221 -0.000000 )
(  0.161720  0.000000 -0.000000 -0.000000  0.187191 -0.000000 )
(  0.000000  0.000000  0.000000 -0.000000  0.287656 -0.000000 )
( -0.000000 -0.000000  0.000000 -0.000000  0.000000  0.000000 )
( -0.000000  0.000000 -0.168726  0.000000  0.003786 -0.000000 )
( -0.000000 -0.000000 -0.168726 -0.000000 -0.003786  0.000000 )
( -0.000000 -0.000000 -0.080337  0.000000 -0.004670  0.000000 )
(  0.000000  0.000000 -0.080337  0.000000  0.004670  0.000000 )
(  0.000000  0.000000 -0.000000  0.000000 -0.000000  0.000000 )
( -0.000000 -0.000000  0.080337 -0.000000 -0.004670  0.000000 )
(  0.000000  0.000000  0.080337 -0.000000  0.004670  0.000000 )
(  0.000000  0.000000  0.168726 -0.000000  0.003786  0.000000 )
( -0.000000 -0.000000  0.168726  0.000000 -0.003786  0.000000 )
( -0.000000  0.000000  0.000000  0.000000  0.000000 -0.000000 )
( -0.008018  0.000000  0.023438  0.000000  0.001481 -0.000000 )
(  0.008018 -0.000000  0.023438  0.000000 -0.001481  0.000000 )
(  0.008018 -0.000000 -0.023438  0.000000  0.001481  0.000000 )
( -0.008018 -0.000000 -0.023438  0.000000 -0.001481 -0.000000 )
(  0.000000 -0.000000  0.000000 -0.000000  0.000000  0.000000 )
(  0.008018 -0.000000  0.023438 -0.000000  0.001481  0.000000 )
( -0.008018  0.000000  0.023438 -0.000000 -0.001481 -0.000000 )
( -0.008018  0.000000 -0.023438 -0.000000  0.001481 -0.000000 )
(  0.008018 -0.000000 -0.023438 -0.000000 -0.001481  0.000000 )
     freq (  87) =       6.986809 [THz] =     233.054862 [cm-1]
(  0.000000 -0.000000 -0.000000  0.000000 -0.000000  0.000000 )
(  0.000000 -0.000000  0.000000 -0.000000 -0.000000  0.000000 )
(  0.000000 -0.000000  0.000000 -0.000000  0.000000  0.000000 )
(  0.000000 -0.000000 -0.000000  0.000000  0.000000  0.000000 )
(  0.136558 -0.000000 -0.000000 -0.000000 -0.206008 -0.000000 )
( -0.136558 -0.000000 -0.000000  0.000000 -0.206008 -0.000000 )
(  0.000000 -0.000000 -0.000000 -0.000000 -0.295775 -0.000000 )
( -0.068091  0.000000  0.000000  0.000000 -0.196848 -0.000000 )
(  0.068091  0.000000 -0.000000 -0.000000 -0.196848  0.000000 )
( -0.000000  0.000000  0.000000 -0.000000  0.295775 -0.000000 )
(  0.068091 -0.000000 -0.000000  0.000000  0.196848  0.000000 )
(  0.136558  0.000000  0.000000  0.000000  0.206008  0.000000 )
(  0.399609 -0.000000 -0.000000  0.000000 -0.000000  0.000000 )
( -0.136558  0.000000  0.000000 -0.000000  0.206008  0.000000 )
( -0.068091 -0.000000 -0.000000 -0.000000  0.196848 -0.000000 )
( -0.399609  0.000000  0.000000  0.000000  0.000000 -0.000000 )
( -0.000000 -0.000000  0.000000  0.000000 -0.000000  0.000000 )
( -0.009311 -0.000000 -0.000000  0.000000  0.000000 -0.000000 )
(  0.009311  0.000000 -0.000000  0.000000  0.000000  0.000000 )
(  0.018527  0.000000 -0.000000  0.000000 -0.000000  0.000000 )
( -0.018527 -0.000000 -0.000000  0.000000 -0.000000 -0.000000 )
( -0.000000 -0.000000 -0.000000  0.000000  0.000000  0.000000 )
(  0.018527  0.000000  0.000000 -0.000000 -0.000000  0.000000 )
( -0.018527 -0.000000  0.000000 -0.000000  0.000000 -0.000000 )
( -0.009311 -0.000000  0.000000 -0.000000 -0.000000 -0.000000 )
(  0.009311  0.000000  0.000000 -0.000000  0.000000  0.000000 )
( -0.000000 -0.000000 -0.000000 -0.000000 -0.000000 -0.000000 )
( -0.003902  0.000000 -0.102759 -0.000000  0.013475  0.000000 )
(  0.003902 -0.000000 -0.102759 -0.000000 -0.013475  0.000000 )
( -0.003902 -0.000000 -0.102759 -0.000000 -0.013475  0.000000 )
(  0.003902  0.000000 -0.102759 -0.000000  0.013475  0.000000 )
(  0.000000  0.000000 -0.000000  0.000000  0.000000 -0.000000 )
( -0.003902 -0.000000  0.102759  0.000000 -0.013475  0.000000 )
(  0.003902  0.000000  0.102759  0.000000  0.013475  0.000000 )
( -0.003902  0.000000  0.102759  0.000000  0.013475  0.000000 )
(  0.003902 -0.000000  0.102759  0.000000 -0.013475  0.000000 )
     freq (  88) =       7.058514 [THz] =     235.446691 [cm-1]
(  0.000000  0.000000  0.010782 -0.000000 -0.000000  0.000000 )
(  0.000000  0.000000 -0.010782  0.000000  0.000000  0.000000 )
( -0.000000 -0.000000 -0.013307  0.000000  0.000000 -0.000000 )
(  0.000000 -0.000000  0.013307 -0.000000  0.000000 -0.000000 )
(  0.053976 -0.000000  0.000000  0.000000 -0.276612 -0.000000 )
(  0.053976 -0.000000 -0.000000  0.000000  0.276612 -0.000000 )
( -0.069118 -0.000000  0.000000 -0.000000 -0.000000  0.000000 )
( -0.277488 -0.000000 -0.000000 -0.000000 -0.203411 -0.000000 )
( -0.277488  0.000000  0.000000 -0.000000  0.203411  0.000000 )
(  0.069118  0.000000 -0.000000 -0.000000 -0.000000 -0.000000 )
(  0.277488 -0.000000  0.000000 -0.000000  0.203411 -0.000000 )
( -0.053976 -0.000000 -0.000000  0.000000 -0.276612 -0.000000 )
(  0.000000 -0.000000  0.000000  0.000000 -0.086468  0.000000 )
( -0.053976  0.000000 -0.000000  0.000000  0.276612  0.000000 )
(  0.277488  0.000000 -0.000000 -0.000000 -0.203411 -0.000000 )
( -0.000000  0.000000 -0.000000  0.000000  0.086468  0.000000 )
(  0.000000 -0.000000  0.000000 -0.000000 -0.000000 -0.000000 )
( -0.000000 -0.000000  0.013264  0.000000  0.023316 -0.000000 )
(  0.000000 -0.000000  0.013264  0.000000 -0.023316 -0.000000 )
( -0.000000  0.000000 -0.166229 -0.000000  0.022480  0.000000 )
( -0.000000  0.000000 -0.166229  0.000000 -0.022480 -0.000000 )
(  0.000000  0.000000  0.000000 -0.000000 -0.000000 -0.000000 )
(  0.000000  0.000000  0.166229  0.000000  0.022480  0.000000 )
( -0.000000  0.000000  0.166229 -0.000000 -0.022480 -0.000000 )
(  0.000000 -0.000000 -0.013264 -0.000000  0.023316 -0.000000 )
(  0.000000 -0.000000 -0.013264 -0.000000 -0.023316 -0.000000 )
(  0.000000 -0.000000  0.000000 -0.000000 -0.000000 -0.000000 )
( -0.018572  0.000000 -0.088135  0.000000 -0.020502 -0.000000 )
(  0.018572  0.000000 -0.088135 -0.000000  0.020502  0.000000 )
(  0.018572 -0.000000  0.088135  0.000000 -0.020502 -0.000000 )
( -0.018572 -0.000000  0.088135  0.000000  0.020502  0.000000 )
( -0.000000  0.000000 -0.000000  0.000000  0.000000 -0.000000 )
(  0.018572 -0.000000 -0.088135 -0.000000 -0.020502 -0.000000 )
( -0.018572 -0.000000 -0.088135 -0.000000  0.020502  0.000000 )
( -0.018572  0.000000  0.088135 -0.000000 -0.020502 -0.000000 )
(  0.018572  0.000000  0.088135  0.000000  0.020502  0.000000 )
     freq (  89) =       7.078077 [THz] =     236.099219 [cm-1]
(  0.000000 -0.000000  0.000000  0.000000  0.000000 -0.000000 )
(  0.000000 -0.000000 -0.000000 -0.000000 -0.000000 -0.000000 )
(  0.000000 -0.000000 -0.000000 -0.000000  0.000000  0.000000 )
( -0.000000  0.000000  0.000000  0.000000  0.000000  0.000000 )
(  0.196087  0.000000  0.000000  0.000000 -0.317776 -0.000000 )
( -0.196087 -0.000000  0.000000 -0.000000 -0.317776 -0.000000 )
(  0.000000 -0.000000  0.000000  0.000000  0.135077 -0.000000 )
( -0.093806 -0.000000 -0.000000 -0.000000 -0.039898 -0.000000 )
(  0.093806  0.000000 -0.000000  0.000000 -0.039898 -0.000000 )
( -0.000000  0.000000 -0.000000  0.000000 -0.135077  0.000000 )
(  0.093806  0.000000  0.000000 -0.000000  0.039898  0.000000 )
(  0.196087  0.000000 -0.000000 -0.000000  0.317776  0.000000 )
( -0.426469  0.000000  0.000000 -0.000000  0.000000 -0.000000 )
( -0.196087 -0.000000 -0.000000  0.000000  0.317776  0.000000 )
( -0.093806 -0.000000 -0.000000  0.000000  0.039898  0.000000 )
(  0.426469  0.000000 -0.000000 -0.000000  0.000000 -0.000000 )
(  0.000000 -0.000000 -0.000000 -0.000000 -0.000000  0.000000 )
( -0.002093 -0.000000 -0.000000 -0.000000 -0.000000  0.000000 )
(  0.002093  0.000000  0.000000  0.000000 -0.000000  0.000000 )
(  0.001654  0.000000 -0.000000  0.000000 -0.000000  0.000000 )
( -0.001654 -0.000000  0.000000 -0.000000 -0.000000  0.000000 )
( -0.000000  0.000000  0.000000 -0.000000 -0.000000 -0.000000 )
(  0.001654  0.000000  0.000000 -0.000000  0.000000  0.000000 )
( -0.001654 -0.000000  0.000000  0.000000 -0.000000  0.000000 )
( -0.002093 -0.000000 -0.000000  0.000000  0.000000  0.000000 )
(  0.002093  0.000000 -0.000000 -0.000000 -0.000000  0.000000 )
(  0.000000  0.000000 -0.000000 -0.000000  0.000000  0.000000 )
( -0.000467 -0.000000  0.006013 -0.000000 -0.004243 -0.000000 )
(  0.000467  0.000000  0.006013 -0.000000  0.004243 -0.000000 )
( -0.000467 -0.000000  0.006013 -0.000000  0.004243 -0.000000 )
(  0.000467  0.000000  0.006013 -0.000000 -0.004243  0.000000 )
(  0.000000  0.000000 -0.000000 -0.000000  0.000000 -0.000000 )
( -0.000467 -0.000000 -0.006013  0.000000  0.004243 -0.000000 )
(  0.000467  0.000000 -0.006013  0.000000 -0.004243  0.000000 )
( -0.000467 -0.000000 -0.006013  0.000000 -0.004243 -0.000000 )
(  0.000467  0.000000 -0.006013  0.000000  0.004243 -0.000000 )
     freq (  90) =       7.495435 [THz] =     250.020802 [cm-1]
( -0.000000  0.000000  0.000000 -0.000000  0.002948 -0.000000 )
( -0.000000  0.000000  0.000000  0.000000  0.002948 -0.000000 )
( -0.005059  0.000000 -0.000000  0.000000 -0.000000  0.000000 )
( -0.005059  0.000000 -0.000000 -0.000000  0.000000  0.000000 )
(  0.294798 -0.000000 -0.000000 -0.000000  0.163871 -0.000000 )
( -0.294798  0.000000  0.000000  0.000000  0.163871 -0.000000 )
( -0.000000 -0.000000 -0.000000 -0.000000 -0.124921  0.000000 )
(  0.098140  0.000000  0.000000 -0.000000  0.050154 -0.000000 )
( -0.098140 -0.000000  0.000000  0.000000  0.050154 -0.000000 )
(  0.000000 -0.000000 -0.000000  0.000000 -0.124921 -0.000000 )
(  0.098140 -0.000000  0.000000  0.000000  0.050154  0.000000 )
( -0.294798  0.000000 -0.000000 -0.000000  0.163871  0.000000 )
(  0.000000 -0.000000  0.000000  0.000000 -0.322509  0.000000 )
(  0.294798  0.000000  0.000000  0.000000  0.163871  0.000000 )
( -0.098140 -0.000000  0.000000 -0.000000  0.050154  0.000000 )
(  0.000000  0.000000  0.000000 -0.000000 -0.322509 -0.000000 )
( -0.000000 -0.000000 -0.000000 -0.000000 -0.041672 -0.000000 )
( -0.000000  0.000000 -0.185603 -0.000000 -0.000681 -0.000000 )
(  0.000000 -0.000000  0.185603  0.000000 -0.000681  0.000000 )
(  0.000000  0.000000  0.091894  0.000000  0.008325  0.000000 )
(  0.000000  0.000000 -0.091894  0.000000  0.008325  0.000000 )
( -0.000000  0.000000  0.000000 -0.000000  0.004017 -0.000000 )
(  0.000000  0.000000 -0.091894 -0.000000  0.008325  0.000000 )
(  0.000000  0.000000  0.091894  0.000000  0.008325  0.000000 )
( -0.000000  0.000000  0.185603 -0.000000 -0.000681 -0.000000 )
( -0.000000 -0.000000 -0.185603 -0.000000 -0.000681 -0.000000 )
(  0.032854  0.000000  0.000000 -0.000000  0.007149  0.000000 )
(  0.007715 -0.000000 -0.100323  0.000000 -0.005132 -0.000000 )
(  0.007715 -0.000000  0.100323  0.000000 -0.005132 -0.000000 )
( -0.007715 -0.000000  0.100323  0.000000 -0.005132 -0.000000 )
( -0.007715  0.000000 -0.100323  0.000000 -0.005132 -0.000000 )
(  0.032854 -0.000000 -0.000000 -0.000000 -0.007149  0.000000 )
( -0.007715  0.000000 -0.100323 -0.000000 -0.005132 -0.000000 )
( -0.007715  0.000000  0.100323 -0.000000 -0.005132 -0.000000 )
(  0.007715 -0.000000  0.100323 -0.000000 -0.005132 -0.000000 )
(  0.007715 -0.000000 -0.100323 -0.000000 -0.005132 -0.000000 )
     freq (  91) =       7.774260 [THz] =     259.321413 [cm-1]
( -0.000219  0.000000 -0.000000 -0.000000 -0.000000  0.000000 )
( -0.000219  0.000000  0.000000  0.000000 -0.000000  0.000000 )
(  0.000000 -0.000000  0.000000 -0.000000 -0.001717  0.000000 )
(  0.000000 -0.000000  0.000000 -0.000000 -0.001717  0.000000 )
(  0.132689 -0.000000 -0.000000 -0.000000 -0.203386  0.000000 )
(  0.132689 -0.000000 -0.000000  0.000000  0.203386 -0.000000 )
(  0.248843 -0.000000  0.000000 -0.000000  0.000000  0.000000 )
( -0.129007  0.000000 -0.000000  0.000000  0.216849 -0.000000 )
( -0.129007  0.000000 -0.000000  0.000000 -0.216849  0.000000 )
(  0.248843 -0.000000 -0.000000  0.000000 -0.000000  0.000000 )
( -0.129007  0.000000  0.000000 -0.000000  0.216849 -0.000000 )
(  0.132689 -0.000000 -0.000000  0.000000  0.203386 -0.000000 )
( -0.273303  0.000000 -0.000000 -0.000000 -0.000000  0.000000 )
(  0.132689 -0.000000 -0.000000  0.000000 -0.203386  0.000000 )
( -0.129007 -0.000000 -0.000000 -0.000000 -0.216849 -0.000000 )
( -0.273303 -0.000000 -0.000000  0.000000  0.000000  0.000000 )
(  0.265368  0.000000  0.000000 -0.000000  0.000000 -0.000000 )
( -0.002923 -0.000000  0.000000  0.000000 -0.000000 -0.000000 )
( -0.002923 -0.000000  0.000000  0.000000  0.000000 -0.000000 )
( -0.020241 -0.000000  0.000000  0.000000  0.000000 -0.000000 )
( -0.020241 -0.000000 -0.000000  0.000000 -0.000000 -0.000000 )
(  0.003819  0.000000  0.000000 -0.000000  0.000000  0.000000 )
( -0.020241 -0.000000  0.000000 -0.000000 -0.000000 -0.000000 )
( -0.020241 -0.000000 -0.000000 -0.000000  0.000000 -0.000000 )
( -0.002923 -0.000000  0.000000 -0.000000 -0.000000 -0.000000 )
( -0.002923 -0.000000  0.000000 -0.000000 -0.000000 -0.000000 )
( -0.153018 -0.000000  0.000000 -0.000000  0.238662  0.000000 )
(  0.009226  0.000000  0.002996  0.000000  0.018017  0.000000 )
(  0.009226  0.000000 -0.002996 -0.000000  0.018017  0.000000 )
(  0.009226  0.000000  0.002996 -0.000000 -0.018017 -0.000000 )
(  0.009226  0.000000 -0.002996  0.000000 -0.018017 -0.000000 )
(  0.153018  0.000000 -0.000000  0.000000  0.238662 -0.000000 )
(  0.009226  0.000000 -0.002996  0.000000 -0.018017 -0.000000 )
(  0.009226  0.000000  0.002996 -0.000000 -0.018017 -0.000000 )
(  0.009226  0.000000 -0.002996 -0.000000  0.018017  0.000000 )
(  0.009226  0.000000  0.002996  0.000000  0.018017  0.000000 )
     freq (  92) =       7.885331 [THz] =     263.026315 [cm-1]
( -0.000000  0.000000 -0.000885 -0.000000 -0.000000  0.000000 )
(  0.000000 -0.000000 -0.000885 -0.000000  0.000000 -0.000000 )
(  0.000000 -0.000000 -0.000000 -0.000000  0.000000 -0.000000 )
( -0.000000  0.000000 -0.000000 -0.000000 -0.000000  0.000000 )
( -0.000000 -0.000000 -0.364179 -0.000000  0.000000  0.000000 )
( -0.000000 -0.000000 -0.364179  0.000000 -0.000000 -0.000000 )
( -0.000000 -0.000000 -0.043572 -0.000000 -0.000000 -0.000000 )
(  0.000000  0.000000 -0.031282  0.000000 -0.000000  0.000000 )
(  0.000000  0.000000 -0.031282  0.000000  0.000000 -0.000000 )
( -0.000000  0.000000 -0.043572  0.000000 -0.000000 -0.000000 )
(  0.000000 -0.000000 -0.031282 -0.000000 -0.000000 -0.000000 )
( -0.000000  0.000000 -0.364179  0.000000 -0.000000  0.000000 )
(  0.000000  0.000000 -0.324919 -0.000000 -0.000000  0.000000 )
( -0.000000 -0.000000 -0.364179  0.000000  0.000000  0.000000 )
(  0.000000 -0.000000 -0.031282  0.000000  0.000000  0.000000 )
(  0.000000  0.000000 -0.324919  0.000000 -0.000000 -0.000000 )
( -0.000000 -0.000000  0.009384 -0.000000 -0.000000  0.000000 )
( -0.000000  0.000000  0.205723  0.000000  0.005995 -0.000000 )
( -0.000000  0.000000  0.205723 -0.000000 -0.005995 -0.000000 )
( -0.000000  0.000000  0.057510 -0.000000  0.047892 -0.000000 )
(  0.000000  0.000000  0.057510  0.000000 -0.047892 -0.000000 )
( -0.000000  0.000000  0.005695  0.000000 -0.000000 -0.000000 )
(  0.000000 -0.000000  0.057510 -0.000000 -0.047892  0.000000 )
(  0.000000 -0.000000  0.057510  0.000000  0.047892  0.000000 )
(  0.000000 -0.000000  0.205723  0.000000 -0.005995  0.000000 )
( -0.000000 -0.000000  0.205723 -0.000000  0.005995  0.000000 )
(  0.000000 -0.000000  0.008124  0.000000 -0.000000  0.000000 )
( -0.046044  0.000000  0.067877  0.000000  0.024316 -0.000000 )
(  0.046044  0.000000  0.067877 -0.000000 -0.024316 -0.000000 )
( -0.046044  0.000000  0.067877 -0.000000 -0.024316 -0.000000 )
(  0.046044  0.000000  0.067877  0.000000  0.024316 -0.000000 )
( -0.000000 -0.000000 -0.008124 -0.000000 -0.000000 -0.000000 )
(  0.046044 -0.000000  0.067877 -0.000000  0.024316  0.000000 )
( -0.046044 -0.000000  0.067877  0.000000 -0.024316  0.000000 )
(  0.046044 -0.000000  0.067877  0.000000 -0.024316  0.000000 )
( -0.046044 -0.000000  0.067877 -0.000000  0.024316  0.000000 )
     freq (  93) =       7.942033 [THz] =     264.917714 [cm-1]
(  0.000000  0.000000  0.000000  0.000000 -0.000644  0.000000 )
(  0.000000  0.000000 -0.000000 -0.000000 -0.000644  0.000000 )
(  0.000923 -0.000000 -0.000000  0.000000  0.000000  0.000000 )
(  0.000923 -0.000000  0.000000  0.000000 -0.000000  0.000000 )
( -0.089235 -0.000000  0.000000 -0.000000  0.119933  0.000000 )
(  0.089235 -0.000000 -0.000000  0.000000  0.119933 -0.000000 )
( -0.000000 -0.000000  0.000000  0.000000 -0.106049  0.000000 )
( -0.222912  0.000000  0.000000 -0.000000  0.284626  0.000000 )
(  0.222912  0.000000  0.000000  0.000000  0.284626 -0.000000 )
( -0.000000 -0.000000  0.000000 -0.000000 -0.106049 -0.000000 )
( -0.222912  0.000000  0.000000  0.000000  0.284626 -0.000000 )
(  0.089235  0.000000  0.000000 -0.000000  0.119933  0.000000 )
( -0.000000  0.000000  0.000000 -0.000000 -0.054761 -0.000000 )
( -0.089235 -0.000000 -0.000000  0.000000  0.119933  0.000000 )
(  0.222912 -0.000000  0.000000 -0.000000  0.284626 -0.000000 )
( -0.000000  0.000000 -0.000000  0.000000 -0.054761 -0.000000 )
( -0.000000 -0.000000  0.000000  0.000000  0.171273  0.000000 )
( -0.000000 -0.000000 -0.002896  0.000000  0.011189  0.000000 )
(  0.000000 -0.000000  0.002896 -0.000000  0.011189  0.000000 )
( -0.000000 -0.000000 -0.008288  0.000000  0.021726 -0.000000 )
(  0.000000 -0.000000  0.008288  0.000000  0.021726 -0.000000 )
(  0.000000  0.000000  0.000000  0.000000 -0.441624  0.000000 )
(  0.000000 -0.000000  0.008288 -0.000000  0.021726  0.000000 )
( -0.000000 -0.000000 -0.008288 -0.000000  0.021726  0.000000 )
(  0.000000 -0.000000  0.002896 -0.000000  0.011189  0.000000 )
( -0.000000 -0.000000 -0.002896  0.000000  0.011189  0.000000 )
( -0.034711 -0.000000 -0.000000 -0.000000  0.251908  0.000000 )
( -0.002586 -0.000000 -0.004881  0.000000  0.018298  0.000000 )
( -0.002586 -0.000000  0.004881 -0.000000  0.018298  0.000000 )
(  0.002586 -0.000000  0.004881 -0.000000  0.018298  0.000000 )
(  0.002586 -0.000000 -0.004881  0.000000  0.018298  0.000000 )
( -0.034711  0.000000  0.000000 -0.000000 -0.251908 -0.000000 )
(  0.002586 -0.000000 -0.004881  0.000000  0.018298  0.000000 )
(  0.002586 -0.000000  0.004881 -0.000000  0.018298  0.000000 )
( -0.002586 -0.000000  0.004881 -0.000000  0.018298  0.000000 )
( -0.002586 -0.000000 -0.004881  0.000000  0.018298  0.000000 )
     freq (  94) =       7.945133 [THz] =     265.021101 [cm-1]
( -0.000000 -0.000000  0.000000 -0.000000  0.013849 -0.000000 )
( -0.000000  0.000000  0.000000 -0.000000 -0.013849  0.000000 )
(  0.000000  0.000000 -0.000000  0.000000 -0.013941  0.000000 )
(  0.000000 -0.000000 -0.000000  0.000000  0.013941 -0.000000 )
( -0.000000  0.000000 -0.374381 -0.000000  0.000000 -0.000000 )
(  0.000000  0.000000  0.374381 -0.000000  0.000000  0.000000 )
(  0.000000  0.000000  0.000000  0.000000 -0.000000  0.000000 )
( -0.000000 -0.000000 -0.004630  0.000000  0.000000 -0.000000 )
(  0.000000  0.000000  0.004630  0.000000  0.000000  0.000000 )
(  0.000000  0.000000  0.000000  0.000000 -0.000000  0.000000 )
( -0.000000 -0.000000  0.004630  0.000000  0.000000 -0.000000 )
(  0.000000  0.000000 -0.374381  0.000000  0.000000  0.000000 )
( -0.000000  0.000000 -0.316651 -0.000000 -0.000000 -0.000000 )
( -0.000000  0.000000  0.374381 -0.000000  0.000000 -0.000000 )
(  0.000000  0.000000 -0.004630  0.000000  0.000000  0.000000 )
(  0.000000  0.000000  0.316651 -0.000000 -0.000000 -0.000000 )
(  0.000000  0.000000  0.000000  0.000000  0.000000  0.000000 )
( -0.000000  0.000000  0.198147  0.000000  0.005819 -0.000000 )
(  0.000000 -0.000000 -0.198147  0.000000  0.005819 -0.000000 )
( -0.000000  0.000000 -0.049987 -0.000000 -0.052714  0.000000 )
(  0.000000 -0.000000  0.049987 -0.000000 -0.052714 -0.000000 )
( -0.000000 -0.000000  0.000000  0.000000 -0.000000 -0.000000 )
(  0.000000 -0.000000 -0.049987 -0.000000  0.052714 -0.000000 )
( -0.000000  0.000000  0.049987 -0.000000  0.052714  0.000000 )
(  0.000000 -0.000000  0.198147  0.000000 -0.005819  0.000000 )
( -0.000000  0.000000 -0.198147  0.000000 -0.005819  0.000000 )
( -0.000000  0.000000  0.000000  0.000000  0.000000  0.000000 )
(  0.050912 -0.000000 -0.063041 -0.000000 -0.029870  0.000000 )
(  0.050912  0.000000  0.063041 -0.000000 -0.029870 -0.000000 )
(  0.050912 -0.000000 -0.063041  0.000000  0.029870 -0.000000 )
(  0.050912  0.000000  0.063041 -0.000000  0.029870  0.000000 )
( -0.000000 -0.000000  0.000000 -0.000000 -0.000000 -0.000000 )
( -0.050912  0.000000 -0.063041  0.000000 -0.029870  0.000000 )
( -0.050912 -0.000000  0.063041 -0.000000 -0.029870 -0.000000 )
( -0.050912  0.000000 -0.063041 -0.000000  0.029870 -0.000000 )
( -0.050912 -0.000000  0.063041 -0.000000  0.029870  0.000000 )
     freq (  95) =       7.962813 [THz] =     265.610846 [cm-1]
( -0.001701  0.000000  0.000000 -0.000000  0.000000  0.000000 )
( -0.001701  0.000000  0.000000  0.000000 -0.000000 -0.000000 )
(  0.000000  0.000000 -0.000000  0.000000  0.000912 -0.000000 )
(  0.000000  0.000000 -0.000000 -0.000000  0.000912  0.000000 )
(  0.024866 -0.000000  0.000000 -0.000000 -0.110311  0.000000 )
(  0.024866 -0.000000  0.000000  0.000000  0.110311 -0.000000 )
(  0.404788 -0.000000  0.000000 -0.000000 -0.000000  0.000000 )
(  0.017188  0.000000  0.000000 -0.000000 -0.216268 -0.000000 )
(  0.017188 -0.000000 -0.000000 -0.000000  0.216268 -0.000000 )
(  0.404788  0.000000 -0.000000 -0.000000 -0.000000  0.000000 )
(  0.017188  0.000000  0.000000 -0.000000 -0.216268 -0.000000 )
(  0.024866 -0.000000  0.000000 -0.000000  0.110311 -0.000000 )
(  0.187935 -0.000000  0.000000 -0.000000 -0.000000  0.000000 )
(  0.024866 -0.000000 -0.000000  0.000000 -0.110311  0.000000 )
(  0.017188 -0.000000  0.000000 -0.000000  0.216268  0.000000 )
(  0.187935 -0.000000 -0.000000  0.000000  0.000000  0.000000 )
(  0.269260  0.000000 -0.000000 -0.000000  0.000000 -0.000000 )
(  0.011693 -0.000000 -0.000000  0.000000 -0.000000 -0.000000 )
(  0.011693 -0.000000  0.000000 -0.000000  0.000000 -0.000000 )
(  0.015764 -0.000000  0.000000  0.000000  0.000000 -0.000000 )
(  0.015764 -0.000000 -0.000000  0.000000  0.000000 -0.000000 )
( -0.436869  0.000000 -0.000000 -0.000000 -0.000000  0.000000 )
(  0.015764 -0.000000 -0.000000 -0.000000 -0.000000 -0.000000 )
(  0.015764 -0.000000 -0.000000  0.000000  0.000000  0.000000 )
(  0.011693 -0.000000 -0.000000  0.000000  0.000000 -0.000000 )
(  0.011693 -0.000000  0.000000 -0.000000  0.000000 -0.000000 )
(  0.215529  0.000000  0.000000 -0.000000 -0.019078 -0.000000 )
(  0.019374  0.000000  0.009280 -0.000000 -0.001158 -0.000000 )
(  0.019374  0.000000 -0.009280  0.000000 -0.001158 -0.000000 )
(  0.019374  0.000000  0.009280 -0.000000  0.001158 -0.000000 )
(  0.019374  0.000000 -0.009280  0.000000  0.001158 -0.000000 )
( -0.215529  0.000000 -0.000000  0.000000 -0.019078 -0.000000 )
(  0.019374  0.000000 -0.009280  0.000000  0.001158 -0.000000 )
(  0.019374  0.000000  0.009280  0.000000  0.001158 -0.000000 )
(  0.019374  0.000000 -0.009280 -0.000000 -0.001158 -0.000000 )
(  0.019374  0.000000  0.009280  0.000000 -0.001158  0.000000 )
     freq (  96) =       8.103726 [THz] =     270.311214 [cm-1]
(  0.000000  0.000000 -0.000000  0.000000  0.001468 -0.000000 )
(  0.000000  0.000000  0.000000 -0.000000  0.001468 -0.000000 )
( -0.000007 -0.000000 -0.000000 -0.000000 -0.000000  0.000000 )
( -0.000007 -0.000000 -0.000000  0.000000  0.000000  0.000000 )
(  0.215958 -0.000000  0.000000 -0.000000 -0.320463  0.000000 )
( -0.215958  0.000000  0.000000  0.000000 -0.320463  0.000000 )
(  0.000000  0.000000  0.000000 -0.000000  0.010131 -0.000000 )
( -0.084406  0.000000  0.000000 -0.000000  0.168337 -0.000000 )
(  0.084406 -0.000000  0.000000 -0.000000  0.168337 -0.000000 )
(  0.000000  0.000000  0.000000 -0.000000  0.010131 -0.000000 )
( -0.084406  0.000000  0.000000 -0.000000  0.168337 -0.000000 )
( -0.215958  0.000000 -0.000000 -0.000000 -0.320463  0.000000 )
( -0.000000 -0.000000 -0.000000  0.000000  0.069447 -0.000000 )
(  0.215958 -0.000000  0.000000  0.000000 -0.320463  0.000000 )
(  0.084406 -0.000000  0.000000 -0.000000  0.168337 -0.000000 )
( -0.000000 -0.000000  0.000000  0.000000  0.069447 -0.000000 )
( -0.000000 -0.000000  0.000000 -0.000000 -0.370806  0.000000 )
( -0.000000 -0.000000  0.001660 -0.000000 -0.026289  0.000000 )
( -0.000000 -0.000000 -0.001660  0.000000 -0.026289  0.000000 )
( -0.000000 -0.000000 -0.005006  0.000000  0.006743 -0.000000 )
( -0.000000 -0.000000  0.005006 -0.000000  0.006743 -0.000000 )
( -0.000000 -0.000000  0.000000 -0.000000 -0.186135  0.000000 )
(  0.000000 -0.000000  0.005006  0.000000  0.006743 -0.000000 )
(  0.000000 -0.000000 -0.005006  0.000000  0.006743 -0.000000 )
(  0.000000 -0.000000 -0.001660  0.000000 -0.026289  0.000000 )
(  0.000000 -0.000000  0.001660 -0.000000 -0.026289  0.000000 )
( -0.159608 -0.000000  0.000000 -0.000000 -0.109794 -0.000000 )
( -0.007688  0.000000 -0.003128  0.000000 -0.004301 -0.000000 )
( -0.007688  0.000000  0.003128 -0.000000 -0.004301 -0.000000 )
(  0.007688  0.000000  0.003128  0.000000 -0.004301  0.000000 )
(  0.007688  0.000000 -0.003128  0.000000 -0.004301  0.000000 )
( -0.159608  0.000000 -0.000000  0.000000  0.109794 -0.000000 )
(  0.007688  0.000000 -0.003128  0.000000 -0.004301  0.000000 )
(  0.007688  0.000000  0.003128  0.000000 -0.004301  0.000000 )
( -0.007688  0.000000  0.003128 -0.000000 -0.004301 -0.000000 )
( -0.007688  0.000000 -0.003128  0.000000 -0.004301 -0.000000 )
     freq (  97) =       8.115774 [THz] =     270.713088 [cm-1]
( -0.000000 -0.000000  0.000381 -0.000000  0.000000 -0.000000 )
(  0.000000  0.000000  0.000381 -0.000000 -0.000000  0.000000 )
(  0.000000  0.000000 -0.000000 -0.000000 -0.000000  0.000000 )
( -0.000000 -0.000000  0.000000 -0.000000  0.000000 -0.000000 )
(  0.000000 -0.000000 -0.000613  0.000000 -0.000000  0.000000 )
( -0.000000 -0.000000 -0.000613 -0.000000 -0.000000 -0.000000 )
(  0.000000  0.000000 -0.434011  0.000000 -0.000000 -0.000000 )
( -0.000000  0.000000 -0.301951  0.000000  0.000000 -0.000000 )
(  0.000000  0.000000 -0.301951  0.000000  0.000000  0.000000 )
(  0.000000  0.000000 -0.434011  0.000000 -0.000000  0.000000 )
( -0.000000  0.000000 -0.301951  0.000000  0.000000 -0.000000 )
( -0.000000 -0.000000 -0.000613 -0.000000 -0.000000 -0.000000 )
( -0.000000 -0.000000  0.144366  0.000000  0.000000 -0.000000 )
(  0.000000 -0.000000 -0.000613 -0.000000 -0.000000  0.000000 )
(  0.000000  0.000000 -0.301951  0.000000  0.000000  0.000000 )
( -0.000000 -0.000000  0.144366 -0.000000  0.000000  0.000000 )
(  0.000000 -0.000000 -0.005904 -0.000000 -0.000000 -0.000000 )
( -0.000000 -0.000000 -0.038429 -0.000000  0.019238  0.000000 )
( -0.000000 -0.000000 -0.038429  0.000000 -0.019238  0.000000 )
( -0.000000 -0.000000  0.077511 -0.000000 -0.071383  0.000000 )
( -0.000000 -0.000000  0.077511 -0.000000  0.071383 -0.000000 )
( -0.000000 -0.000000 -0.016521  0.000000 -0.000000 -0.000000 )
(  0.000000  0.000000  0.077511 -0.000000  0.071383 -0.000000 )
(  0.000000  0.000000  0.077511 -0.000000 -0.071383  0.000000 )
(  0.000000  0.000000 -0.038429 -0.000000 -0.019238 -0.000000 )
(  0.000000 -0.000000 -0.038429  0.000000  0.019238 -0.000000 )
( -0.000000 -0.000000 -0.008198 -0.000000 -0.000000 -0.000000 )
(  0.044778 -0.000000  0.128646 -0.000000 -0.045004  0.000000 )
( -0.044778  0.000000  0.128646  0.000000  0.045004 -0.000000 )
(  0.044778 -0.000000  0.128646 -0.000000  0.045004  0.000000 )
( -0.044778  0.000000  0.128646 -0.000000 -0.045004  0.000000 )
( -0.000000  0.000000  0.008198  0.000000  0.000000 -0.000000 )
( -0.044778  0.000000  0.128646 -0.000000 -0.045004 -0.000000 )
(  0.044778 -0.000000  0.128646 -0.000000  0.045004 -0.000000 )
( -0.044778  0.000000  0.128646 -0.000000  0.045004 -0.000000 )
(  0.044778 -0.000000  0.128646  0.000000 -0.045004  0.000000 )
     freq (  98) =       8.117468 [THz] =     270.769601 [cm-1]
(  0.001624 -0.000000  0.000000  0.000000  0.000000  0.000000 )
(  0.001624 -0.000000  0.000000  0.000000 -0.000000  0.000000 )
( -0.000000 -0.000000  0.000000 -0.000000 -0.000064 -0.000000 )
( -0.000000 -0.000000 -0.000000  0.000000 -0.000064 -0.000000 )
( -0.069811  0.000000 -0.000000 -0.000000  0.218694 -0.000000 )
( -0.069811 -0.000000 -0.000000 -0.000000 -0.218694 -0.000000 )
(  0.230771  0.000000  0.000000 -0.000000  0.000000  0.000000 )
(  0.072441 -0.000000 -0.000000 -0.000000 -0.108972  0.000000 )
(  0.072441  0.000000  0.000000 -0.000000  0.108972  0.000000 )
(  0.230771  0.000000  0.000000 -0.000000 -0.000000  0.000000 )
(  0.072441 -0.000000  0.000000 -0.000000 -0.108972  0.000000 )
( -0.069811 -0.000000 -0.000000  0.000000 -0.218694 -0.000000 )
( -0.426755  0.000000  0.000000  0.000000 -0.000000  0.000000 )
( -0.069811  0.000000  0.000000  0.000000  0.218694 -0.000000 )
(  0.072441  0.000000  0.000000 -0.000000  0.108972  0.000000 )
( -0.426755 -0.000000  0.000000  0.000000 -0.000000  0.000000 )
( -0.011308  0.000000 -0.000000 -0.000000  0.000000 -0.000000 )
( -0.024487  0.000000  0.000000 -0.000000  0.000000 -0.000000 )
( -0.024487  0.000000 -0.000000 -0.000000  0.000000 -0.000000 )
( -0.007292  0.000000 -0.000000  0.000000 -0.000000 -0.000000 )
( -0.007292  0.000000 -0.000000  0.000000 -0.000000  0.000000 )
( -0.209351 -0.000000 -0.000000 -0.000000  0.000000 -0.000000 )
( -0.007292 -0.000000 -0.000000  0.000000  0.000000  0.000000 )
( -0.007292 -0.000000 -0.000000  0.000000  0.000000 -0.000000 )
( -0.024487 -0.000000  0.000000 -0.000000  0.000000 -0.000000 )
( -0.024487 -0.000000 -0.000000 -0.000000  0.000000 -0.000000 )
( -0.270182 -0.000000  0.000000 -0.000000 -0.168332 -0.000000 )
(  0.003839  0.000000  0.004641  0.000000 -0.007303 -0.000000 )
(  0.003839 -0.000000 -0.004641  0.000000 -0.007303  0.000000 )
(  0.003839  0.000000  0.004641  0.000000  0.007303  0.000000 )
(  0.003839 -0.000000 -0.004641  0.000000  0.007303 -0.000000 )
(  0.270182 -0.000000  0.000000  0.000000 -0.168332  0.000000 )
(  0.003839 -0.000000 -0.004641  0.000000  0.007303 -0.000000 )
(  0.003839  0.000000  0.004641  0.000000  0.007303  0.000000 )
(  0.003839 -0.000000 -0.004641  0.000000 -0.007303  0.000000 )
(  0.003839  0.000000  0.004641  0.000000 -0.007303 -0.000000 )
     freq (  99) =       8.133019 [THz] =     271.288311 [cm-1]
(  0.003177  0.000000  0.000000 -0.000000 -0.000000 -0.000000 )
( -0.003177 -0.000000  0.000000 -0.000000  0.000000  0.000000 )
( -0.003251 -0.000000 -0.000000  0.000000 -0.000000 -0.000000 )
(  0.003251  0.000000 -0.000000 -0.000000 -0.000000  0.000000 )
(  0.000000 -0.000000 -0.307369 -0.000000 -0.000000  0.000000 )
( -0.000000 -0.000000 -0.307369 -0.000000 -0.000000 -0.000000 )
(  0.000000  0.000000 -0.373474 -0.000000  0.000000 -0.000000 )
( -0.000000  0.000000  0.184964  0.000000  0.000000 -0.000000 )
(  0.000000  0.000000  0.184964  0.000000  0.000000  0.000000 )
(  0.000000  0.000000  0.373474  0.000000 -0.000000 -0.000000 )
( -0.000000  0.000000 -0.184964 -0.000000  0.000000 -0.000000 )
( -0.000000 -0.000000  0.307369  0.000000 -0.000000 -0.000000 )
( -0.000000 -0.000000 -0.000000 -0.000000  0.000000 -0.000000 )
(  0.000000 -0.000000  0.307369  0.000000 -0.000000  0.000000 )
(  0.000000  0.000000 -0.184964 -0.000000  0.000000  0.000000 )
(  0.000000 -0.000000  0.000000 -0.000000  0.000000 -0.000000 )
(  0.000000 -0.000000 -0.000000  0.000000 -0.000000  0.000000 )
(  0.075640  0.000000 -0.000000  0.000000 -0.000000 -0.000000 )
(  0.075640  0.000000 -0.000000  0.000000 -0.000000  0.000000 )
(  0.052057  0.000000  0.000000  0.000000 -0.000000  0.000000 )
(  0.052057  0.000000  0.000000  0.000000  0.000000 -0.000000 )
( -0.000000 -0.000000 -0.000000  0.000000 -0.000000  0.000000 )
( -0.052057 -0.000000  0.000000  0.000000  0.000000 -0.000000 )
( -0.052057 -0.000000  0.000000  0.000000 -0.000000  0.000000 )
( -0.075640 -0.000000 -0.000000  0.000000 -0.000000  0.000000 )
( -0.075640 -0.000000 -0.000000  0.000000  0.000000 -0.000000 )
( -0.000000 -0.000000 -0.000000  0.000000 -0.000000 -0.000000 )
( -0.009866 -0.000000  0.144421  0.000000 -0.024702  0.000000 )
( -0.009866 -0.000000 -0.144421 -0.000000 -0.024702 -0.000000 )
(  0.009866 -0.000000 -0.144421 -0.000000 -0.024702 -0.000000 )
(  0.009866  0.000000  0.144421  0.000000 -0.024702  0.000000 )
( -0.000000  0.000000  0.000000 -0.000000  0.000000 -0.000000 )
( -0.009866  0.000000 -0.144421 -0.000000  0.024702  0.000000 )
( -0.009866 -0.000000  0.144421  0.000000  0.024702 -0.000000 )
(  0.009866  0.000000  0.144421  0.000000  0.024702 -0.000000 )
(  0.009866  0.000000 -0.144421 -0.000000  0.024702  0.000000 )
     freq ( 100) =       8.164317 [THz] =     272.332312 [cm-1]
( -0.000000  0.000000 -0.000000  0.000000 -0.000000  0.000000 )
( -0.000000 -0.000000  0.000000  0.000000  0.000000 -0.000000 )
( -0.000000 -0.000000  0.000457  0.000000  0.000000 -0.000000 )
(  0.000000  0.000000  0.000457  0.000000  0.000000  0.000000 )
(  0.000000  0.000000 -0.362746  0.000000  0.000000  0.000000 )
( -0.000000 -0.000000  0.362746 -0.000000 -0.000000 -0.000000 )
( -0.000000  0.000000 -0.000000  0.000000 -0.000000 -0.000000 )
( -0.000000 -0.000000  0.270005  0.000000  0.000000 -0.000000 )
(  0.000000  0.000000 -0.270005  0.000000  0.000000 -0.000000 )
(  0.000000  0.000000  0.000000  0.000000 -0.000000  0.000000 )
( -0.000000  0.000000  0.270005 -0.000000  0.000000 -0.000000 )
( -0.000000  0.000000  0.362746 -0.000000 -0.000000 -0.000000 )
( -0.000000 -0.000000 -0.000000 -0.000000 -0.000000 -0.000000 )
( -0.000000 -0.000000 -0.362746  0.000000  0.000000  0.000000 )
(  0.000000 -0.000000 -0.270005  0.000000  0.000000  0.000000 )
( -0.000000 -0.000000  0.000000 -0.000000 -0.000000 -0.000000 )
( -0.000000 -0.000000  0.000000 -0.000000 -0.000000  0.000000 )
(  0.093283  0.000000  0.000000  0.000000 -0.000000 -0.000000 )
( -0.093283  0.000000 -0.000000 -0.000000 -0.000000  0.000000 )
(  0.076650 -0.000000 -0.000000 -0.000000 -0.000000  0.000000 )
( -0.076650  0.000000  0.000000  0.000000  0.000000 -0.000000 )
( -0.000000 -0.000000 -0.000000  0.000000 -0.000000  0.000000 )
( -0.076650  0.000000 -0.000000 -0.000000  0.000000 -0.000000 )
(  0.076650 -0.000000  0.000000  0.000000 -0.000000  0.000000 )
( -0.093283 -0.000000  0.000000  0.000000  0.000000  0.000000 )
(  0.093283 -0.000000 -0.000000 -0.000000  0.000000 -0.000000 )
( -0.000000 -0.000000 -0.012543 -0.000000 -0.000000 -0.000000 )
(  0.007548 -0.000000 -0.114435 -0.000000 -0.047708  0.000000 )
( -0.007548 -0.000000 -0.114435 -0.000000  0.047708 -0.000000 )
( -0.007548  0.000000  0.114435 -0.000000 -0.047708 -0.000000 )
(  0.007548  0.000000  0.114435 -0.000000  0.047708  0.000000 )
(  0.000000  0.000000 -0.012543 -0.000000 -0.000000 -0.000000 )
(  0.007548 -0.000000  0.114435 -0.000000  0.047708  0.000000 )
( -0.007548 -0.000000  0.114435 -0.000000 -0.047708 -0.000000 )
( -0.007548  0.000000 -0.114435 -0.000000  0.047708 -0.000000 )
(  0.007548  0.000000 -0.114435 -0.000000 -0.047708  0.000000 )
     freq ( 101) =       8.212796 [THz] =     273.949397 [cm-1]
( -0.000000  0.000000  0.000000 -0.000000 -0.015538 -0.000000 )
( -0.000000 -0.000000 -0.000000 -0.000000  0.015538  0.000000 )
(  0.000000  0.000000 -0.000000  0.000000  0.015833  0.000000 )
( -0.000000 -0.000000  0.000000 -0.000000 -0.015833 -0.000000 )
(  0.000000 -0.000000  0.142904 -0.000000  0.000000  0.000000 )
(  0.000000  0.000000 -0.142904 -0.000000  0.000000 -0.000000 )
(  0.000000  0.000000  0.000000 -0.000000 -0.000000 -0.000000 )
( -0.000000  0.000000  0.345648  0.000000 -0.000000 -0.000000 )
( -0.000000 -0.000000 -0.345648  0.000000 -0.000000  0.000000 )
(  0.000000  0.000000 -0.000000 -0.000000 -0.000000 -0.000000 )
(  0.000000  0.000000 -0.345648  0.000000  0.000000 -0.000000 )
(  0.000000  0.000000  0.142904 -0.000000  0.000000 -0.000000 )
( -0.000000 -0.000000 -0.344953  0.000000 -0.000000  0.000000 )
(  0.000000 -0.000000 -0.142904 -0.000000  0.000000  0.000000 )
( -0.000000 -0.000000  0.345648  0.000000 -0.000000  0.000000 )
( -0.000000 -0.000000  0.344953  0.000000 -0.000000  0.000000 )
(  0.000000  0.000000 -0.000000  0.000000  0.000000  0.000000 )
( -0.000000  0.000000  0.009830  0.000000 -0.066200  0.000000 )
( -0.000000  0.000000 -0.009830 -0.000000 -0.066200 -0.000000 )
( -0.000000  0.000000 -0.170123 -0.000000  0.006355 -0.000000 )
(  0.000000  0.000000  0.170123 -0.000000  0.006355  0.000000 )
( -0.000000 -0.000000 -0.000000  0.000000  0.000000  0.000000 )
(  0.000000 -0.000000 -0.170123 -0.000000 -0.006355  0.000000 )
( -0.000000 -0.000000  0.170123 -0.000000 -0.006355 -0.000000 )
(  0.000000 -0.000000  0.009830  0.000000  0.066200 -0.000000 )
(  0.000000 -0.000000 -0.009830  0.000000  0.066200  0.000000 )
( -0.000000 -0.000000  0.000000 -0.000000  0.000000 -0.000000 )
(  0.030225 -0.000000  0.079769  0.000000  0.034271 -0.000000 )
(  0.030225  0.000000 -0.079769 -0.000000  0.034271  0.000000 )
(  0.030225 -0.000000  0.079769  0.000000 -0.034271  0.000000 )
(  0.030225  0.000000 -0.079769 -0.000000 -0.034271 -0.000000 )
(  0.000000  0.000000  0.000000  0.000000  0.000000 -0.000000 )
( -0.030225  0.000000  0.079769  0.000000  0.034271 -0.000000 )
( -0.030225 -0.000000 -0.079769 -0.000000  0.034271  0.000000 )
( -0.030225  0.000000  0.079769  0.000000 -0.034271  0.000000 )
( -0.030225 -0.000000 -0.079769 -0.000000 -0.034271 -0.000000 )
     freq ( 102) =       8.219475 [THz] =     274.172164 [cm-1]
( -0.000000  0.000000  0.000060 -0.000000  0.000000  0.000000 )
( -0.000000 -0.000000  0.000060 -0.000000 -0.000000 -0.000000 )
(  0.000000 -0.000000  0.000000 -0.000000 -0.000000 -0.000000 )
( -0.000000  0.000000  0.000000 -0.000000  0.000000  0.000000 )
(  0.000000  0.000000  0.193197 -0.000000  0.000000  0.000000 )
( -0.000000  0.000000  0.193197 -0.000000 -0.000000  0.000000 )
(  0.000000 -0.000000  0.223526 -0.000000 -0.000000 -0.000000 )
(  0.000000 -0.000000 -0.248533 -0.000000  0.000000  0.000000 )
(  0.000000 -0.000000 -0.248533  0.000000  0.000000 -0.000000 )
( -0.000000 -0.000000  0.223526 -0.000000 -0.000000 -0.000000 )
(  0.000000 -0.000000 -0.248533  0.000000 -0.000000 -0.000000 )
( -0.000000 -0.000000  0.193197 -0.000000 -0.000000  0.000000 )
( -0.000000  0.000000 -0.405865  0.000000 -0.000000 -0.000000 )
(  0.000000 -0.000000  0.193197  0.000000  0.000000 -0.000000 )
(  0.000000 -0.000000 -0.248533 -0.000000  0.000000  0.000000 )
( -0.000000  0.000000 -0.405865  0.000000 -0.000000  0.000000 )
( -0.000000  0.000000 -0.010894  0.000000 -0.000000  0.000000 )
( -0.000000  0.000000 -0.000095 -0.000000 -0.083624  0.000000 )
( -0.000000  0.000000 -0.000095  0.000000  0.083624 -0.000000 )
( -0.000000  0.000000  0.157863  0.000000  0.015577 -0.000000 )
( -0.000000  0.000000  0.157863 -0.000000 -0.015577 -0.000000 )
( -0.000000  0.000000 -0.004141  0.000000 -0.000000  0.000000 )
(  0.000000 -0.000000  0.157863  0.000000 -0.015577  0.000000 )
(  0.000000 -0.000000  0.157863 -0.000000  0.015577  0.000000 )
( -0.000000 -0.000000 -0.000095 -0.000000  0.083624 -0.000000 )
(  0.000000 -0.000000 -0.000095  0.000000 -0.083624  0.000000 )
( -0.000000  0.000000  0.002833 -0.000000 -0.000000  0.000000 )
(  0.056608 -0.000000 -0.032369 -0.000000  0.037834 -0.000000 )
( -0.056608  0.000000 -0.032369  0.000000 -0.037834 -0.000000 )
(  0.056608 -0.000000 -0.032369 -0.000000 -0.037834  0.000000 )
( -0.056608  0.000000 -0.032369  0.000000  0.037834  0.000000 )
(  0.000000 -0.000000 -0.002833  0.000000 -0.000000  0.000000 )
( -0.056608  0.000000 -0.032369 -0.000000  0.037834 -0.000000 )
(  0.056608 -0.000000 -0.032369  0.000000 -0.037834 -0.000000 )
( -0.056608  0.000000 -0.032369 -0.000000 -0.037834  0.000000 )
(  0.056608 -0.000000 -0.032369  0.000000  0.037834  0.000000 )
     freq ( 103) =       8.612337 [THz] =     287.276645 [cm-1]
(  0.012204 -0.000000 -0.000000 -0.000000 -0.000000 -0.000000 )
( -0.012204  0.000000  0.000000 -0.000000  0.000000  0.000000 )
( -0.010843  0.000000  0.000000 -0.000000 -0.000000  0.000000 )
(  0.010843 -0.000000  0.000000  0.000000 -0.000000 -0.000000 )
(  0.000000  0.000000 -0.358614  0.000000 -0.000000 -0.000000 )
(  0.000000 -0.000000 -0.358614  0.000000  0.000000 -0.000000 )
( -0.000000  0.000000  0.341484  0.000000 -0.000000 -0.000000 )
(  0.000000  0.000000 -0.209201 -0.000000 -0.000000  0.000000 )
(  0.000000  0.000000 -0.209201 -0.000000  0.000000  0.000000 )
( -0.000000  0.000000 -0.341484  0.000000 -0.000000 -0.000000 )
(  0.000000  0.000000  0.209201 -0.000000 -0.000000  0.000000 )
(  0.000000 -0.000000  0.358614  0.000000  0.000000 -0.000000 )
( -0.000000  0.000000  0.000000 -0.000000  0.000000  0.000000 )
(  0.000000  0.000000  0.358614  0.000000 -0.000000 -0.000000 )
(  0.000000  0.000000  0.209201  0.000000  0.000000  0.000000 )
( -0.000000 -0.000000 -0.000000 -0.000000  0.000000  0.000000 )
(  0.000000  0.000000  0.000000 -0.000000 -0.000000 -0.000000 )
(  0.066887  0.000000 -0.000000 -0.000000  0.000000 -0.000000 )
(  0.066887 -0.000000  0.000000 -0.000000  0.000000  0.000000 )
( -0.041842 -0.000000 -0.000000  0.000000  0.000000  0.000000 )
( -0.041842 -0.000000  0.000000  0.000000  0.000000  0.000000 )
(  0.000000 -0.000000 -0.000000 -0.000000  0.000000 -0.000000 )
(  0.041842  0.000000 -0.000000  0.000000 -0.000000 -0.000000 )
(  0.041842  0.000000  0.000000  0.000000 -0.000000 -0.000000 )
( -0.066887 -0.000000 -0.000000 -0.000000 -0.000000  0.000000 )
( -0.066887  0.000000  0.000000 -0.000000 -0.000000 -0.000000 )
( -0.000000 -0.000000 -0.000000 -0.000000 -0.000000 -0.000000 )
( -0.057065  0.000000 -0.032971  0.000000  0.046261  0.000000 )
( -0.057065 -0.000000  0.032971 -0.000000  0.046261  0.000000 )
(  0.057065  0.000000  0.032971  0.000000  0.046261 -0.000000 )
(  0.057065 -0.000000 -0.032971 -0.000000  0.046261 -0.000000 )
(  0.000000 -0.000000  0.000000 -0.000000  0.000000  0.000000 )
( -0.057065 -0.000000  0.032971  0.000000 -0.046261  0.000000 )
( -0.057065  0.000000 -0.032971 -0.000000 -0.046261  0.000000 )
(  0.057065 -0.000000 -0.032971  0.000000 -0.046261 -0.000000 )
(  0.057065  0.000000  0.032971 -0.000000 -0.046261 -0.000000 )
     freq ( 104) =       8.728501 [THz] =     291.151456 [cm-1]
(  0.000000 -0.000000 -0.000000 -0.000000  0.001564 -0.000000 )
( -0.000000  0.000000  0.000000 -0.000000 -0.001564  0.000000 )
( -0.000000 -0.000000 -0.000000 -0.000000 -0.003616  0.000000 )
(  0.000000  0.000000 -0.000000  0.000000  0.003616 -0.000000 )
(  0.000000  0.000000  0.202379 -0.000000 -0.000000 -0.000000 )
(  0.000000 -0.000000 -0.202379  0.000000  0.000000 -0.000000 )
( -0.000000  0.000000  0.000000  0.000000  0.000000  0.000000 )
(  0.000000 -0.000000 -0.295385  0.000000 -0.000000  0.000000 )
(  0.000000 -0.000000  0.295385 -0.000000  0.000000  0.000000 )
( -0.000000  0.000000 -0.000000  0.000000 -0.000000  0.000000 )
(  0.000000 -0.000000  0.295385 -0.000000 -0.000000  0.000000 )
(  0.000000 -0.000000  0.202379  0.000000  0.000000 -0.000000 )
( -0.000000  0.000000 -0.457380  0.000000 -0.000000 -0.000000 )
(  0.000000  0.000000 -0.202379  0.000000 -0.000000 -0.000000 )
(  0.000000 -0.000000 -0.295385  0.000000  0.000000  0.000000 )
( -0.000000  0.000000  0.457380 -0.000000 -0.000000 -0.000000 )
(  0.000000  0.000000  0.000000 -0.000000 -0.000000 -0.000000 )
(  0.000000  0.000000  0.008322 -0.000000 -0.068106 -0.000000 )
(  0.000000 -0.000000 -0.008322 -0.000000 -0.068106  0.000000 )
( -0.000000  0.000000  0.024702 -0.000000 -0.084284  0.000000 )
( -0.000000  0.000000 -0.024702  0.000000 -0.084284  0.000000 )
( -0.000000 -0.000000 -0.000000 -0.000000 -0.000000 -0.000000 )
(  0.000000 -0.000000  0.024702 -0.000000  0.084284 -0.000000 )
(  0.000000 -0.000000 -0.024702  0.000000  0.084284 -0.000000 )
( -0.000000 -0.000000  0.008322 -0.000000  0.068106  0.000000 )
( -0.000000  0.000000 -0.008322 -0.000000  0.068106 -0.000000 )
( -0.000000  0.000000 -0.000000 -0.000000  0.000000  0.000000 )
( -0.046083  0.000000 -0.015712  0.000000 -0.003328  0.000000 )
( -0.046083 -0.000000  0.015712 -0.000000 -0.003328  0.000000 )
( -0.046083  0.000000 -0.015712 -0.000000  0.003328 -0.000000 )
( -0.046083  0.000000  0.015712 -0.000000  0.003328  0.000000 )
( -0.000000 -0.000000  0.000000  0.000000  0.000000  0.000000 )
(  0.046083 -0.000000 -0.015712 -0.000000 -0.003328  0.000000 )
(  0.046083 -0.000000  0.015712 -0.000000 -0.003328 -0.000000 )
(  0.046083 -0.000000 -0.015712  0.000000  0.003328 -0.000000 )
(  0.046083  0.000000  0.015712 -0.000000  0.003328 -0.000000 )
     freq ( 105) =       8.763467 [THz] =     292.317788 [cm-1]
(  0.000208  0.000000  0.000000  0.000000  0.000000  0.000000 )
(  0.000208  0.000000 -0.000000 -0.000000  0.000000  0.000000 )
(  0.000000  0.000000 -0.000000 -0.000000  0.000096  0.000000 )
( -0.000000  0.000000 -0.000000 -0.000000  0.000096  0.000000 )
(  0.142393 -0.000000  0.000000 -0.000000 -0.246244  0.000000 )
(  0.142393 -0.000000  0.000000  0.000000  0.246244 -0.000000 )
( -0.297479  0.000000 -0.000000  0.000000 -0.000000 -0.000000 )
(  0.144744 -0.000000  0.000000  0.000000 -0.251368  0.000000 )
(  0.144744 -0.000000  0.000000 -0.000000  0.251368 -0.000000 )
( -0.297479  0.000000  0.000000  0.000000 -0.000000  0.000000 )
(  0.144744  0.000000 -0.000000 -0.000000 -0.251368 -0.000000 )
(  0.142393  0.000000 -0.000000 -0.000000  0.246244  0.000000 )
( -0.284934 -0.000000  0.000000  0.000000 -0.000000 -0.000000 )
(  0.142393  0.000000 -0.000000  0.000000 -0.246244 -0.000000 )
(  0.144744  0.000000 -0.000000  0.000000  0.251368  0.000000 )
( -0.284934 -0.000000 -0.000000 -0.000000 -0.000000  0.000000 )
(  0.009846  0.000000  0.000000 -0.000000 -0.000000 -0.000000 )
( -0.000647  0.000000 -0.000000 -0.000000  0.000000  0.000000 )
( -0.000647  0.000000  0.000000  0.000000  0.000000 -0.000000 )
(  0.001179 -0.000000 -0.000000 -0.000000  0.000000  0.000000 )
(  0.001179 -0.000000  0.000000 -0.000000  0.000000 -0.000000 )
(  0.005459 -0.000000 -0.000000  0.000000  0.000000 -0.000000 )
(  0.001179 -0.000000 -0.000000  0.000000 -0.000000 -0.000000 )
(  0.001179 -0.000000  0.000000  0.000000 -0.000000 -0.000000 )
( -0.000647  0.000000 -0.000000  0.000000 -0.000000  0.000000 )
( -0.000647  0.000000  0.000000 -0.000000 -0.000000 -0.000000 )
( -0.004928 -0.000000  0.000000  0.000000  0.011097  0.000000 )
( -0.000337 -0.000000 -0.000148 -0.000000 -0.001358  0.000000 )
( -0.000337 -0.000000  0.000148 -0.000000 -0.001358  0.000000 )
( -0.000337 -0.000000 -0.000148  0.000000  0.001358 -0.000000 )
( -0.000337 -0.000000  0.000148 -0.000000  0.001358 -0.000000 )
(  0.004928  0.000000 -0.000000  0.000000  0.011097 -0.000000 )
( -0.000337 -0.000000  0.000148 -0.000000  0.001358 -0.000000 )
( -0.000337 -0.000000 -0.000148  0.000000  0.001358 -0.000000 )
( -0.000337 -0.000000  0.000148  0.000000 -0.001358  0.000000 )
( -0.000337 -0.000000 -0.000148  0.000000 -0.001358  0.000000 )
     freq ( 106) =       9.033548 [THz] =     301.326717 [cm-1]
(  0.005783 -0.000000 -0.000000  0.000000 -0.000000  0.000000 )
( -0.005783  0.000000  0.000000  0.000000  0.000000 -0.000000 )
( -0.006248  0.000000  0.000000  0.000000 -0.000000 -0.000000 )
(  0.006248 -0.000000  0.000000  0.000000  0.000000  0.000000 )
(  0.000000 -0.000000  0.025261 -0.000000 -0.000000  0.000000 )
(  0.000000  0.000000  0.025261  0.000000  0.000000  0.000000 )
( -0.000000  0.000000 -0.417558  0.000000 -0.000000  0.000000 )
( -0.000000 -0.000000 -0.381745  0.000000  0.000000 -0.000000 )
( -0.000000  0.000000 -0.381745  0.000000  0.000000  0.000000 )
(  0.000000  0.000000  0.417558 -0.000000 -0.000000  0.000000 )
( -0.000000 -0.000000  0.381745 -0.000000  0.000000 -0.000000 )
( -0.000000  0.000000 -0.025261 -0.000000  0.000000  0.000000 )
( -0.000000 -0.000000 -0.000000 -0.000000  0.000000  0.000000 )
(  0.000000 -0.000000 -0.025261  0.000000  0.000000  0.000000 )
(  0.000000  0.000000  0.381745  0.000000 -0.000000  0.000000 )
(  0.000000 -0.000000 -0.000000 -0.000000  0.000000 -0.000000 )
( -0.000000  0.000000  0.000000  0.000000  0.000000  0.000000 )
( -0.003649  0.000000  0.000000  0.000000 -0.000000 -0.000000 )
( -0.003649 -0.000000 -0.000000  0.000000  0.000000  0.000000 )
( -0.073438 -0.000000  0.000000 -0.000000  0.000000  0.000000 )
( -0.073438  0.000000 -0.000000  0.000000 -0.000000 -0.000000 )
( -0.000000 -0.000000 -0.000000  0.000000  0.000000  0.000000 )
(  0.073438  0.000000  0.000000 -0.000000 -0.000000 -0.000000 )
(  0.073438 -0.000000 -0.000000  0.000000  0.000000  0.000000 )
(  0.003649 -0.000000 -0.000000  0.000000  0.000000  0.000000 )
(  0.003649  0.000000  0.000000  0.000000 -0.000000 -0.000000 )
( -0.000000 -0.000000 -0.000000  0.000000 -0.000000 -0.000000 )
( -0.033621  0.000000  0.001903  0.000000 -0.066122  0.000000 )
( -0.033621  0.000000 -0.001903  0.000000 -0.066122  0.000000 )
(  0.033621 -0.000000 -0.001903  0.000000 -0.066122  0.000000 )
(  0.033621  0.000000  0.001903 -0.000000 -0.066122 -0.000000 )
( -0.000000  0.000000  0.000000 -0.000000  0.000000 -0.000000 )
( -0.033621  0.000000 -0.001903  0.000000  0.066122 -0.000000 )
( -0.033621 -0.000000  0.001903 -0.000000  0.066122  0.000000 )
(  0.033621 -0.000000  0.001903 -0.000000  0.066122 -0.000000 )
(  0.033621 -0.000000 -0.001903  0.000000  0.066122 -0.000000 )
     freq ( 107) =       9.304470 [THz] =     310.363726 [cm-1]
( -0.000000 -0.000000 -0.000000 -0.000000  0.000000  0.000000 )
(  0.000000  0.000000 -0.000000  0.000000  0.000000 -0.000000 )
(  0.000000  0.000000 -0.000198 -0.000000  0.000000  0.000000 )
( -0.000000 -0.000000 -0.000198 -0.000000  0.000000  0.000000 )
( -0.000000  0.000000  0.295602  0.000000 -0.000000  0.000000 )
( -0.000000 -0.000000 -0.295602  0.000000 -0.000000 -0.000000 )
(  0.000000  0.000000  0.000000 -0.000000 -0.000000 -0.000000 )
(  0.000000 -0.000000  0.384043  0.000000  0.000000  0.000000 )
(  0.000000  0.000000 -0.384043  0.000000 -0.000000  0.000000 )
(  0.000000 -0.000000  0.000000 -0.000000 -0.000000  0.000000 )
( -0.000000  0.000000  0.384043  0.000000  0.000000  0.000000 )
(  0.000000  0.000000 -0.295602 -0.000000  0.000000 -0.000000 )
(  0.000000 -0.000000  0.000000 -0.000000 -0.000000 -0.000000 )
( -0.000000 -0.000000  0.295602  0.000000 -0.000000  0.000000 )
(  0.000000 -0.000000 -0.384043  0.000000  0.000000  0.000000 )
(  0.000000 -0.000000  0.000000 -0.000000 -0.000000 -0.000000 )
(  0.000000 -0.000000  0.000000 -0.000000  0.000000  0.000000 )
( -0.051580 -0.000000 -0.000000  0.000000  0.000000 -0.000000 )
(  0.051580  0.000000 -0.000000  0.000000 -0.000000  0.000000 )
(  0.069870  0.000000  0.000000 -0.000000 -0.000000  0.000000 )
( -0.069870 -0.000000  0.000000 -0.000000  0.000000 -0.000000 )
(  0.000000  0.000000 -0.000000  0.000000 -0.000000 -0.000000 )
( -0.069870 -0.000000  0.000000 -0.000000  0.000000 -0.000000 )
(  0.069870  0.000000  0.000000 -0.000000 -0.000000  0.000000 )
(  0.051580  0.000000 -0.000000  0.000000 -0.000000  0.000000 )
( -0.051580 -0.000000 -0.000000  0.000000  0.000000 -0.000000 )
(  0.000000 -0.000000  0.000198  0.000000  0.000000  0.000000 )
( -0.059557 -0.000000 -0.014774  0.000000 -0.005343 -0.000000 )
(  0.059557  0.000000 -0.014774  0.000000  0.005343  0.000000 )
(  0.059557  0.000000  0.014774  0.000000 -0.005343  0.000000 )
( -0.059557 -0.000000  0.014774  0.000000  0.005343 -0.000000 )
( -0.000000  0.000000  0.000198 -0.000000 -0.000000 -0.000000 )
( -0.059557 -0.000000  0.014774  0.000000  0.005343 -0.000000 )
(  0.059557  0.000000  0.014774  0.000000 -0.005343  0.000000 )
(  0.059557  0.000000 -0.014774  0.000000  0.005343  0.000000 )
( -0.059557 -0.000000 -0.014774  0.000000 -0.005343 -0.000000 )
     freq ( 108) =       9.316660 [THz] =     310.770333 [cm-1]
(  0.000000  0.000000  0.000061  0.000000  0.000000 -0.000000 )
(  0.000000 -0.000000  0.000061  0.000000 -0.000000  0.000000 )
(  0.000000 -0.000000 -0.000000  0.000000  0.000000 -0.000000 )
( -0.000000  0.000000 -0.000000  0.000000 -0.000000 -0.000000 )
(  0.000000 -0.000000  0.169098  0.000000 -0.000000 -0.000000 )
( -0.000000 -0.000000  0.169098 -0.000000  0.000000  0.000000 )
( -0.000000 -0.000000 -0.428531 -0.000000  0.000000 -0.000000 )
( -0.000000 -0.000000  0.222408  0.000000 -0.000000 -0.000000 )
( -0.000000  0.000000  0.222408 -0.000000  0.000000  0.000000 )
( -0.000000  0.000000 -0.428531  0.000000  0.000000  0.000000 )
(  0.000000  0.000000  0.222408  0.000000 -0.000000  0.000000 )
( -0.000000  0.000000  0.169098 -0.000000  0.000000 -0.000000 )
( -0.000000  0.000000 -0.361189 -0.000000  0.000000  0.000000 )
(  0.000000  0.000000  0.169098  0.000000  0.000000  0.000000 )
(  0.000000 -0.000000  0.222408 -0.000000  0.000000 -0.000000 )
(  0.000000  0.000000 -0.361189 -0.000000  0.000000 -0.000000 )
( -0.000000  0.000000 -0.000921 -0.000000  0.000000 -0.000000 )
( -0.000000 -0.000000  0.003187  0.000000 -0.053500 -0.000000 )
(  0.000000  0.000000  0.003187  0.000000  0.053500  0.000000 )
(  0.000000  0.000000 -0.014979 -0.000000  0.059150  0.000000 )
( -0.000000 -0.000000 -0.014979 -0.000000 -0.059150 -0.000000 )
( -0.000000  0.000000  0.000463 -0.000000  0.000000 -0.000000 )
( -0.000000 -0.000000 -0.014979 -0.000000 -0.059150 -0.000000 )
(  0.000000  0.000000 -0.014979 -0.000000  0.059150  0.000000 )
(  0.000000  0.000000  0.003187 -0.000000  0.053500  0.000000 )
( -0.000000 -0.000000  0.003187  0.000000 -0.053500 -0.000000 )
( -0.000000 -0.000000  0.000596  0.000000 -0.000000  0.000000 )
( -0.005247 -0.000000  0.006200 -0.000000 -0.063894 -0.000000 )
(  0.005247  0.000000  0.006200 -0.000000  0.063894  0.000000 )
( -0.005247  0.000000  0.006200  0.000000  0.063894 -0.000000 )
(  0.005247 -0.000000  0.006200  0.000000 -0.063894 -0.000000 )
(  0.000000 -0.000000 -0.000596 -0.000000  0.000000  0.000000 )
(  0.005247 -0.000000  0.006200  0.000000 -0.063894  0.000000 )
( -0.005247  0.000000  0.006200  0.000000  0.063894  0.000000 )
(  0.005247  0.000000  0.006200 -0.000000  0.063894  0.000000 )
( -0.005247 -0.000000  0.006200 -0.000000 -0.063894 -0.000000 )
 **************************************************************************
