Dynamical matrix file

  3   36   0    23.7692718     0.0000000     0.0000000     0.0000000     0.0000000     0.0000000
Basis vectors
      0.000000000    0.665746584    0.746177919
      0.430812850    0.000000000    0.746177919
      0.430812850    0.665746584    0.000000000
            1  'Cs  '    121135.913129338
            2  'V   '     46430.338453521
            3  'Sb  '    110977.454729458
    1    1     0.4308128500     0.3338992753     0.7461779187
    2    1     0.4308128500     0.9975938920     0.7461779187
    3    1     0.2154064250     0.3328732918     0.3730889594
    4    1     0.6462192750     0.9986198754     1.1192668781
    5    2     0.5359602711     0.6657465836     1.3040767120
    6    2     0.5359602711     0.6657465836     0.1882791254
    7    2     0.2169207145     0.6657465836     0.7461779187
    8    2     0.5382847316     0.6657465836     0.5609852964
    9    2     0.5382847316     0.6657465836     0.9313705411
   10    2     0.6447049855     0.6657465836     0.7461779187
   11    2     0.3233409684     0.6657465836     0.9313705411
   12    2     0.3256654289     0.6657465836     1.3040767120
   13    2     0.4308128500     0.6657465836     1.1226151661
   14    2     0.3256654289     0.6657465836     0.1882791254
   15    2     0.3233409684     0.6657465836     0.5609852964
   16    2     0.4308128500     0.6657465836     0.3697406714
   17    3     0.0000000000     0.0000000000     0.0000000000
   18    3     0.4308128500     0.4858729417     1.2437138154
   19    3     0.4308128500     0.4858729417     0.2486420221
   20    3     0.4308128500     0.8428540979     0.4970706946
   21    3     0.4308128500     0.8428540979     0.9952851429
   22    3     0.4308128500     0.6657465836     0.7461779187
   23    3     0.4308128500     0.4886390694     0.4970706946
   24    3     0.4308128500     0.4886390694     0.9952851429
   25    3     0.4308128500     0.8456202256     1.2437138154
   26    3     0.4308128500     0.8456202256     0.2486420221
   27    3     0.2154064250     0.0000000000     0.3730889594
   28    3     0.2147801082     0.4881004654     0.8706679737
   29    3     0.6468455918     0.4881004654     0.6216878638
   30    3     0.6468455918     0.8433927019     0.8706679737
   31    3     0.2147801082     0.8433927019     0.6216878638
   32    3     0.2154064250     0.6657465836     0.3730889594
   33    3     0.6468455918     0.4881004654     0.8706679737
   34    3     0.2147801082     0.4881004654     0.6216878638
   35    3     0.2147801082     0.8433927019     0.8706679737
   36    3     0.6468455918     0.8433927019     0.6216878638

     Dynamical  Matrix in cartesian axes

     q = (    0.000000000   0.000000000   0.670081474 )

    1    1
  0.05005273  -0.00000000     0.00000000   0.00000000     0.00000000   0.00000000
  0.00000000   0.00000000     0.04253944   0.00000000    -0.00000000   0.00000000
  0.00000000   0.00000000    -0.00000000   0.00000000     0.07240441  -0.00000000
    1    2
 -0.00210717   0.00000000     0.00000000   0.00000000    -0.00000000  -0.00000000
  0.00000000   0.00000000     0.00028792  -0.00000000     0.00000000   0.00000000
  0.00000000  -0.00000000     0.00000000   0.00000000     0.00066005   0.00000000
    1    3
 -0.00000000  -0.00000000     0.00001415   0.00000000    -0.00000000  -0.00000000
 -0.00001429  -0.00000000     0.00000000  -0.00000000     0.00006445   0.00000000
 -0.00000000   0.00000000    -0.00000704  -0.00000000    -0.00000000   0.00000000
    1    4
  0.00000000  -0.00000000     0.00001415   0.00000000    -0.00000000  -0.00000000
 -0.00001429   0.00000000     0.00000000  -0.00000000    -0.00006445   0.00000000
  0.00000000  -0.00000000     0.00000704   0.00000000     0.00000000   0.00000000
    1    5
 -0.00076471   0.00000000     0.00184998   0.00000000    -0.00064530   0.00000000
  0.00128886   0.00000000    -0.00158725   0.00000000     0.00007027   0.00000000
 -0.00039386   0.00000000    -0.00040027  -0.00000000    -0.00032522   0.00000000
    1    6
 -0.00076471  -0.00000000     0.00184998   0.00000000     0.00064530   0.00000000
  0.00128886   0.00000000    -0.00158725  -0.00000000    -0.00007027  -0.00000000
  0.00039386   0.00000000     0.00040027  -0.00000000    -0.00032522   0.00000000
    1    7
  0.00149540   0.00000000    -0.00186339   0.00000000    -0.00000000  -0.00000000
 -0.00052321   0.00000000     0.00294235   0.00000000     0.00000000   0.00000000
  0.00000000   0.00000000    -0.00000000   0.00000000     0.00039022   0.00000000
    1    8
  0.00071046  -0.00000000     0.00157738   0.00000000     0.00058850   0.00000000
  0.00089034   0.00000000     0.00168734  -0.00000000    -0.00012113  -0.00000000
  0.00065658   0.00000000    -0.00040440  -0.00000000     0.00028637  -0.00000000
    1    9
  0.00071046  -0.00000000     0.00157738  -0.00000000    -0.00058850   0.00000000
  0.00089034   0.00000000     0.00168734   0.00000000     0.00012113   0.00000000
 -0.00065658  -0.00000000     0.00040440   0.00000000     0.00028637   0.00000000
    1   10
  0.00149540   0.00000000     0.00186339  -0.00000000     0.00000000  -0.00000000
  0.00052321  -0.00000000     0.00294235   0.00000000     0.00000000  -0.00000000
  0.00000000   0.00000000     0.00000000  -0.00000000     0.00039022   0.00000000
    1   11
  0.00071046  -0.00000000    -0.00157738  -0.00000000     0.00058850   0.00000000
 -0.00089034  -0.00000000     0.00168734  -0.00000000     0.00012113   0.00000000
  0.00065658   0.00000000     0.00040440   0.00000000     0.00028637  -0.00000000
    1   12
 -0.00076471  -0.00000000    -0.00184998  -0.00000000     0.00064530   0.00000000
 -0.00128886  -0.00000000    -0.00158725  -0.00000000     0.00007027   0.00000000
  0.00039386   0.00000000    -0.00040027   0.00000000    -0.00032522   0.00000000
    1   13
  0.00008650  -0.00000000    -0.00000000   0.00000000     0.00000000  -0.00000000
  0.00000000   0.00000000     0.00028482   0.00000000    -0.00005312  -0.00000000
 -0.00000000  -0.00000000     0.00016005  -0.00000000    -0.00006984   0.00000000
    1   14
 -0.00076471   0.00000000    -0.00184998  -0.00000000    -0.00064530   0.00000000
 -0.00128886  -0.00000000    -0.00158725   0.00000000    -0.00007027  -0.00000000
 -0.00039386   0.00000000     0.00040027   0.00000000    -0.00032522   0.00000000
    1   15
  0.00071046  -0.00000000    -0.00157738   0.00000000    -0.00058850   0.00000000
 -0.00089034  -0.00000000     0.00168734   0.00000000    -0.00012113  -0.00000000
 -0.00065658  -0.00000000    -0.00040440  -0.00000000     0.00028637   0.00000000
    1   16
  0.00008650  -0.00000000     0.00000000  -0.00000000     0.00000000  -0.00000000
  0.00000000  -0.00000000     0.00028482   0.00000000     0.00005312   0.00000000
  0.00000000  -0.00000000    -0.00016005   0.00000000    -0.00006984   0.00000000
    1   17
 -0.00030898   0.00000000    -0.00000000   0.00000000     0.00000000   0.00000000
  0.00000000   0.00000000     0.00466894  -0.00000000     0.00000000   0.00000000
  0.00000000   0.00000000    -0.00000000   0.00000000    -0.00146019  -0.00000000
    1   18
 -0.00018097  -0.00000000     0.00000000  -0.00000000    -0.00000000   0.00000000
 -0.00000000   0.00000000    -0.00029554  -0.00000000    -0.00016075  -0.00000000
 -0.00000000   0.00000000     0.00025284   0.00000000     0.00003652  -0.00000000
    1   19
 -0.00018097  -0.00000000     0.00000000   0.00000000     0.00000000   0.00000000
  0.00000000  -0.00000000    -0.00029554  -0.00000000     0.00016075   0.00000000
 -0.00000000   0.00000000    -0.00025284  -0.00000000     0.00003652  -0.00000000
    1   20
  0.00025599  -0.00000000    -0.00000000  -0.00000000    -0.00000000  -0.00000000
 -0.00000000   0.00000000     0.00015433  -0.00000000     0.00034772   0.00000000
 -0.00000000  -0.00000000     0.00051579   0.00000000    -0.00015563   0.00000000
    1   21
  0.00025599  -0.00000000    -0.00000000   0.00000000    -0.00000000  -0.00000000
 -0.00000000  -0.00000000     0.00015433  -0.00000000    -0.00034772  -0.00000000
  0.00000000  -0.00000000    -0.00051579  -0.00000000    -0.00015563   0.00000000
    1   22
  0.00026374  -0.00000000     0.00000000   0.00000000    -0.00000000  -0.00000000
  0.00000000  -0.00000000    -0.00539300  -0.00000000    -0.00000000   0.00000000
 -0.00000000  -0.00000000    -0.00000000   0.00000000     0.00139652   0.00000000
    1   23
  0.00205545  -0.00000000     0.00000000  -0.00000000     0.00000000  -0.00000000
  0.00000000  -0.00000000    -0.00497256   0.00000000     0.01065808   0.00000000
  0.00000000  -0.00000000     0.01063197  -0.00000000    -0.01430146   0.00000000
    1   24
  0.00205545  -0.00000000    -0.00000000   0.00000000     0.00000000  -0.00000000
 -0.00000000   0.00000000    -0.00497256   0.00000000    -0.01065808  -0.00000000
 -0.00000000  -0.00000000    -0.01063197   0.00000000    -0.01430146   0.00000000
    1   25
 -0.00204652   0.00000000    -0.00000000   0.00000000     0.00000000  -0.00000000
 -0.00000000   0.00000000     0.00516061  -0.00000000     0.01074020  -0.00000000
  0.00000000  -0.00000000     0.01096547  -0.00000000     0.01461723  -0.00000000
    1   26
 -0.00204652   0.00000000     0.00000000  -0.00000000    -0.00000000  -0.00000000
  0.00000000  -0.00000000     0.00516061  -0.00000000    -0.01074020   0.00000000
  0.00000000  -0.00000000    -0.01096547   0.00000000     0.01461723  -0.00000000
    1   27
  0.00000000  -0.00000000     0.00000591  -0.00000000    -0.00000000   0.00000000
 -0.00026843  -0.00000000    -0.00000000  -0.00000000     0.00001735  -0.00000000
 -0.00000000   0.00000000    -0.00011354  -0.00000000    -0.00000000   0.00000000
    1   28
 -0.01054352  -0.00000000     0.00917571  -0.00000000     0.00710709  -0.00000000
  0.00941765  -0.00000000    -0.00507053   0.00000000    -0.00535322  -0.00000000
  0.00723706  -0.00000000    -0.00543770   0.00000000    -0.00198441   0.00000000
    1   29
 -0.01054352  -0.00000000    -0.00917571   0.00000000     0.00710709  -0.00000000
 -0.00941765   0.00000000    -0.00507053   0.00000000     0.00535322   0.00000000
  0.00723706  -0.00000000     0.00543770  -0.00000000    -0.00198441   0.00000000
    1   30
 -0.01036480  -0.00000000    -0.00929369  -0.00000000     0.00696757  -0.00000000
 -0.00938202   0.00000000    -0.00499566  -0.00000000     0.00551301   0.00000000
  0.00704952   0.00000000     0.00536403  -0.00000000    -0.00200677  -0.00000000
    1   31
 -0.01036480  -0.00000000     0.00929369   0.00000000     0.00696757  -0.00000000
  0.00938202  -0.00000000    -0.00499566  -0.00000000    -0.00551301  -0.00000000
  0.00704952   0.00000000    -0.00536403   0.00000000    -0.00200677  -0.00000000
    1   32
  0.00000000  -0.00000000    -0.00000591   0.00000000    -0.00000000  -0.00000000
  0.00026843  -0.00000000    -0.00000000  -0.00000000     0.00001735   0.00000000
 -0.00000000  -0.00000000    -0.00011354  -0.00000000    -0.00000000   0.00000000
    1   33
 -0.01054352  -0.00000000    -0.00917571   0.00000000    -0.00710709  -0.00000000
 -0.00941765   0.00000000    -0.00507053   0.00000000    -0.00535322   0.00000000
 -0.00723706  -0.00000000    -0.00543770   0.00000000    -0.00198441   0.00000000
    1   34
 -0.01054352  -0.00000000     0.00917571  -0.00000000    -0.00710709  -0.00000000
  0.00941765  -0.00000000    -0.00507053   0.00000000     0.00535322  -0.00000000
 -0.00723706  -0.00000000     0.00543770  -0.00000000    -0.00198441   0.00000000
    1   35
 -0.01036480  -0.00000000     0.00929369  -0.00000000    -0.00696757   0.00000000
  0.00938202   0.00000000    -0.00499566  -0.00000000     0.00551301   0.00000000
 -0.00704952  -0.00000000     0.00536403  -0.00000000    -0.00200677   0.00000000
    1   36
 -0.01036480  -0.00000000    -0.00929369   0.00000000    -0.00696757   0.00000000
 -0.00938202  -0.00000000    -0.00499566  -0.00000000    -0.00551301  -0.00000000
 -0.00704952  -0.00000000    -0.00536403   0.00000000    -0.00200677   0.00000000
    2    1
 -0.00210717   0.00000000     0.00000000   0.00000000     0.00000000  -0.00000000
  0.00000000   0.00000000     0.00028792  -0.00000000     0.00000000   0.00000000
 -0.00000000  -0.00000000     0.00000000   0.00000000     0.00066005   0.00000000
    2    2
  0.05005273  -0.00000000     0.00000000   0.00000000     0.00000000   0.00000000
  0.00000000   0.00000000     0.04253944   0.00000000     0.00000000   0.00000000
  0.00000000   0.00000000     0.00000000   0.00000000     0.07240441  -0.00000000
    2    3
  0.00000000  -0.00000000     0.00001415   0.00000000     0.00000000  -0.00000000
 -0.00001429   0.00000000     0.00000000  -0.00000000    -0.00006445   0.00000000
 -0.00000000  -0.00000000     0.00000704   0.00000000     0.00000000   0.00000000
    2    4
  0.00000000  -0.00000000     0.00001415   0.00000000    -0.00000000  -0.00000000
 -0.00001429  -0.00000000     0.00000000  -0.00000000     0.00006445   0.00000000
  0.00000000   0.00000000    -0.00000704  -0.00000000    -0.00000000   0.00000000
    2    5
 -0.00076471   0.00000000    -0.00184998  -0.00000000    -0.00064530   0.00000000
 -0.00128886  -0.00000000    -0.00158725   0.00000000    -0.00007027  -0.00000000
 -0.00039386   0.00000000     0.00040027   0.00000000    -0.00032522   0.00000000
    2    6
 -0.00076471  -0.00000000    -0.00184998  -0.00000000     0.00064530   0.00000000
 -0.00128886  -0.00000000    -0.00158725  -0.00000000     0.00007027   0.00000000
  0.00039386   0.00000000    -0.00040027   0.00000000    -0.00032522   0.00000000
    2    7
  0.00149540   0.00000000     0.00186339  -0.00000000     0.00000000  -0.00000000
  0.00052321  -0.00000000     0.00294235   0.00000000     0.00000000  -0.00000000
 -0.00000000   0.00000000     0.00000000  -0.00000000     0.00039022   0.00000000
    2    8
  0.00071046  -0.00000000    -0.00157738  -0.00000000     0.00058850   0.00000000
 -0.00089034  -0.00000000     0.00168734  -0.00000000     0.00012113   0.00000000
  0.00065658   0.00000000     0.00040440   0.00000000     0.00028637  -0.00000000
    2    9
  0.00071046  -0.00000000    -0.00157738   0.00000000    -0.00058850   0.00000000
 -0.00089034  -0.00000000     0.00168734   0.00000000    -0.00012113  -0.00000000
 -0.00065658  -0.00000000    -0.00040440  -0.00000000     0.00028637   0.00000000
    2   10
  0.00149540   0.00000000    -0.00186339   0.00000000     0.00000000  -0.00000000
 -0.00052321   0.00000000     0.00294235   0.00000000    -0.00000000   0.00000000
 -0.00000000   0.00000000     0.00000000   0.00000000     0.00039022   0.00000000
    2   11
  0.00071046  -0.00000000     0.00157738   0.00000000     0.00058850   0.00000000
  0.00089034   0.00000000     0.00168734  -0.00000000    -0.00012113  -0.00000000
  0.00065658   0.00000000    -0.00040440  -0.00000000     0.00028637  -0.00000000
    2   12
 -0.00076471  -0.00000000     0.00184998   0.00000000     0.00064530   0.00000000
  0.00128886   0.00000000    -0.00158725  -0.00000000    -0.00007027  -0.00000000
  0.00039386   0.00000000     0.00040027  -0.00000000    -0.00032522   0.00000000
    2   13
  0.00008650  -0.00000000     0.00000000  -0.00000000     0.00000000  -0.00000000
  0.00000000  -0.00000000     0.00028482   0.00000000     0.00005312   0.00000000
  0.00000000  -0.00000000    -0.00016005   0.00000000    -0.00006984   0.00000000
    2   14
 -0.00076471   0.00000000     0.00184998   0.00000000    -0.00064530   0.00000000
  0.00128886   0.00000000    -0.00158725   0.00000000     0.00007027   0.00000000
 -0.00039386   0.00000000    -0.00040027  -0.00000000    -0.00032522   0.00000000
    2   15
  0.00071046  -0.00000000     0.00157738  -0.00000000    -0.00058850   0.00000000
  0.00089034   0.00000000     0.00168734   0.00000000     0.00012113   0.00000000
 -0.00065658  -0.00000000     0.00040440   0.00000000     0.00028637   0.00000000
    2   16
  0.00008650  -0.00000000    -0.00000000   0.00000000     0.00000000  -0.00000000
  0.00000000   0.00000000     0.00028482   0.00000000    -0.00005312  -0.00000000
 -0.00000000  -0.00000000     0.00016005  -0.00000000    -0.00006984   0.00000000
    2   17
 -0.00030898  -0.00000000     0.00000000   0.00000000     0.00000000  -0.00000000
  0.00000000   0.00000000     0.00466894   0.00000000     0.00000000   0.00000000
  0.00000000  -0.00000000     0.00000000   0.00000000    -0.00146019  -0.00000000
    2   18
 -0.00204652   0.00000000     0.00000000  -0.00000000     0.00000000  -0.00000000
  0.00000000  -0.00000000     0.00516061  -0.00000000    -0.01074020   0.00000000
 -0.00000000  -0.00000000    -0.01096547   0.00000000     0.01461723  -0.00000000
    2   19
 -0.00204652   0.00000000     0.00000000   0.00000000    -0.00000000  -0.00000000
  0.00000000   0.00000000     0.00516061  -0.00000000     0.01074020  -0.00000000
 -0.00000000  -0.00000000     0.01096547  -0.00000000     0.01461723  -0.00000000
    2   20
  0.00205545  -0.00000000    -0.00000000   0.00000000     0.00000000  -0.00000000
  0.00000000   0.00000000    -0.00497256   0.00000000    -0.01065808  -0.00000000
 -0.00000000  -0.00000000    -0.01063197   0.00000000    -0.01430146   0.00000000
    2   21
  0.00205545  -0.00000000    -0.00000000  -0.00000000     0.00000000  -0.00000000
 -0.00000000  -0.00000000    -0.00497256   0.00000000     0.01065808   0.00000000
  0.00000000  -0.00000000     0.01063197  -0.00000000    -0.01430146   0.00000000
    2   22
  0.00026374  -0.00000000     0.00000000   0.00000000     0.00000000  -0.00000000
  0.00000000   0.00000000    -0.00539300  -0.00000000     0.00000000   0.00000000
  0.00000000  -0.00000000     0.00000000   0.00000000     0.00139652   0.00000000
    2   23
  0.00025599  -0.00000000    -0.00000000   0.00000000     0.00000000  -0.00000000
  0.00000000  -0.00000000     0.00015433  -0.00000000    -0.00034772  -0.00000000
  0.00000000  -0.00000000    -0.00051579  -0.00000000    -0.00015563   0.00000000
    2   24
  0.00025599  -0.00000000    -0.00000000  -0.00000000    -0.00000000  -0.00000000
  0.00000000   0.00000000     0.00015433  -0.00000000     0.00034772   0.00000000
 -0.00000000  -0.00000000     0.00051579   0.00000000    -0.00015563   0.00000000
    2   25
 -0.00018097  -0.00000000     0.00000000   0.00000000     0.00000000   0.00000000
  0.00000000  -0.00000000    -0.00029554  -0.00000000     0.00016075   0.00000000
  0.00000000   0.00000000    -0.00025284  -0.00000000     0.00003652  -0.00000000
    2   26
 -0.00018097  -0.00000000     0.00000000  -0.00000000     0.00000000   0.00000000
 -0.00000000   0.00000000    -0.00029554  -0.00000000    -0.00016075  -0.00000000
 -0.00000000   0.00000000     0.00025284   0.00000000     0.00003652  -0.00000000
    2   27
  0.00000000  -0.00000000    -0.00000591  -0.00000000    -0.00000000   0.00000000
  0.00026843   0.00000000     0.00000000  -0.00000000    -0.00001735   0.00000000
 -0.00000000   0.00000000     0.00011354   0.00000000     0.00000000   0.00000000
    2   28
 -0.01036480  -0.00000000    -0.00929369   0.00000000    -0.00696757   0.00000000
 -0.00938202  -0.00000000    -0.00499566  -0.00000000    -0.00551301  -0.00000000
 -0.00704952  -0.00000000    -0.00536403   0.00000000    -0.00200677   0.00000000
    2   29
 -0.01036480  -0.00000000     0.00929369  -0.00000000    -0.00696757   0.00000000
  0.00938202   0.00000000    -0.00499566  -0.00000000     0.00551301   0.00000000
 -0.00704952  -0.00000000     0.00536403  -0.00000000    -0.00200677   0.00000000
    2   30
 -0.01054352  -0.00000000     0.00917571  -0.00000000    -0.00710709  -0.00000000
  0.00941765  -0.00000000    -0.00507053   0.00000000     0.00535322  -0.00000000
 -0.00723706  -0.00000000     0.00543770  -0.00000000    -0.00198441   0.00000000
    2   31
 -0.01054352  -0.00000000    -0.00917571   0.00000000    -0.00710709  -0.00000000
 -0.00941765   0.00000000    -0.00507053   0.00000000    -0.00535322   0.00000000
 -0.00723706  -0.00000000    -0.00543770   0.00000000    -0.00198441   0.00000000
    2   32
 -0.00000000  -0.00000000     0.00000591  -0.00000000    -0.00000000  -0.00000000
 -0.00026843   0.00000000     0.00000000  -0.00000000    -0.00001735  -0.00000000
  0.00000000  -0.00000000     0.00011354   0.00000000     0.00000000   0.00000000
    2   33
 -0.01036480  -0.00000000     0.00929369   0.00000000     0.00696757  -0.00000000
  0.00938202  -0.00000000    -0.00499566  -0.00000000    -0.00551301  -0.00000000
  0.00704952   0.00000000    -0.00536403   0.00000000    -0.00200677  -0.00000000
    2   34
 -0.01036480  -0.00000000    -0.00929369  -0.00000000     0.00696757  -0.00000000
 -0.00938202   0.00000000    -0.00499566  -0.00000000     0.00551301   0.00000000
  0.00704952   0.00000000     0.00536403  -0.00000000    -0.00200677  -0.00000000
    2   35
 -0.01054352  -0.00000000    -0.00917571   0.00000000     0.00710709  -0.00000000
 -0.00941765   0.00000000    -0.00507053   0.00000000     0.00535322   0.00000000
  0.00723706  -0.00000000     0.00543770  -0.00000000    -0.00198441   0.00000000
    2   36
 -0.01054352  -0.00000000     0.00917571  -0.00000000     0.00710709  -0.00000000
  0.00941765  -0.00000000    -0.00507053   0.00000000    -0.00535322  -0.00000000
  0.00723706  -0.00000000    -0.00543770   0.00000000    -0.00198441   0.00000000
    3    1
 -0.00000000  -0.00000000    -0.00001429  -0.00000000    -0.00000000   0.00000000
  0.00001415   0.00000000     0.00000000  -0.00000000    -0.00000704  -0.00000000
 -0.00000000  -0.00000000     0.00006445   0.00000000    -0.00000000   0.00000000
    3    2
  0.00000000  -0.00000000    -0.00001429   0.00000000    -0.00000000  -0.00000000
  0.00001415   0.00000000     0.00000000  -0.00000000     0.00000704   0.00000000
  0.00000000  -0.00000000    -0.00006445   0.00000000     0.00000000   0.00000000
    3    3
  0.05018409  -0.00000000    -0.00000000   0.00000000     0.00000000   0.00000000
 -0.00000000   0.00000000     0.04143093  -0.00000000    -0.00000000   0.00000000
  0.00000000   0.00000000    -0.00000000   0.00000000     0.07173423  -0.00000000
    3    4
  0.00233384  -0.00000000     0.00000000  -0.00000000    -0.00000000  -0.00000000
  0.00000000   0.00000000    -0.00015781   0.00000000    -0.00000000   0.00000000
  0.00000000  -0.00000000     0.00000000   0.00000000    -0.00065604  -0.00000000
    3    5
 -0.00075966  -0.00000000     0.00175010   0.00000000    -0.00060580  -0.00000000
  0.00097721   0.00000000    -0.00167917   0.00000000    -0.00017663  -0.00000000
 -0.00025073  -0.00000000    -0.00038097  -0.00000000    -0.00041557   0.00000000
    3    6
  0.00075966  -0.00000000     0.00175010   0.00000000    -0.00060580  -0.00000000
  0.00097721  -0.00000000     0.00167917   0.00000000     0.00017663   0.00000000
 -0.00025073   0.00000000     0.00038097   0.00000000     0.00041557   0.00000000
    3    7
 -0.00000000  -0.00000000    -0.00003555   0.00000000     0.00006202   0.00000000
 -0.00020877   0.00000000     0.00000000   0.00000000     0.00000000   0.00000000
 -0.00021500  -0.00000000     0.00000000  -0.00000000     0.00000000   0.00000000
    3    8
  0.00070092  -0.00000000     0.00171764   0.00000000     0.00063069   0.00000000
  0.00107451  -0.00000000     0.00150493  -0.00000000    -0.00034603   0.00000000
  0.00012977  -0.00000000    -0.00047463  -0.00000000     0.00047238  -0.00000000
    3    9
 -0.00070092   0.00000000     0.00171764  -0.00000000     0.00063069   0.00000000
  0.00107451   0.00000000    -0.00150493  -0.00000000     0.00034603  -0.00000000
  0.00012977  -0.00000000     0.00047463   0.00000000    -0.00047238  -0.00000000
    3   10
  0.00000000  -0.00000000    -0.00003555   0.00000000    -0.00006202  -0.00000000
 -0.00020877   0.00000000    -0.00000000  -0.00000000     0.00000000   0.00000000
  0.00021500   0.00000000     0.00000000  -0.00000000    -0.00000000  -0.00000000
    3   11
 -0.00070092   0.00000000     0.00171764   0.00000000    -0.00063069  -0.00000000
  0.00107451  -0.00000000    -0.00150493   0.00000000    -0.00034603  -0.00000000
 -0.00012977   0.00000000    -0.00047463   0.00000000    -0.00047238   0.00000000
    3   12
 -0.00075966   0.00000000     0.00175010   0.00000000     0.00060580   0.00000000
  0.00097721  -0.00000000    -0.00167917   0.00000000     0.00017663   0.00000000
  0.00025073  -0.00000000     0.00038097   0.00000000    -0.00041557  -0.00000000
    3   13
 -0.00140925  -0.00000000     0.00177202  -0.00000000    -0.00000000  -0.00000000
  0.00058183  -0.00000000    -0.00289776  -0.00000000    -0.00000000  -0.00000000
 -0.00000000   0.00000000     0.00000000  -0.00000000    -0.00032087   0.00000000
    3   14
  0.00075966   0.00000000     0.00175010   0.00000000     0.00060580   0.00000000
  0.00097721   0.00000000     0.00167917  -0.00000000    -0.00017663  -0.00000000
  0.00025073   0.00000000    -0.00038097  -0.00000000     0.00041557  -0.00000000
    3   15
  0.00070092  -0.00000000     0.00171764  -0.00000000    -0.00063069  -0.00000000
  0.00107451   0.00000000     0.00150493  -0.00000000     0.00034603  -0.00000000
 -0.00012977   0.00000000     0.00047463   0.00000000     0.00047238   0.00000000
    3   16
  0.00140925   0.00000000     0.00177202  -0.00000000    -0.00000000   0.00000000
  0.00058183  -0.00000000     0.00289776   0.00000000    -0.00000000  -0.00000000
  0.00000000  -0.00000000     0.00000000  -0.00000000     0.00032087  -0.00000000
    3   17
  0.00000000  -0.00000000     0.00000025  -0.00000000    -0.00000000  -0.00000000
 -0.00065075   0.00000000     0.00000000  -0.00000000    -0.00000000   0.00000000
 -0.00000000   0.00000000    -0.00000000   0.00000000    -0.00000000   0.00000000
    3   18
  0.01100647   0.00000000    -0.00968647   0.00000000    -0.00738479   0.00000000
 -0.00963369   0.00000000     0.00507614   0.00000000     0.00562785   0.00000000
 -0.00739071   0.00000000     0.00558306   0.00000000     0.00210647  -0.00000000
    3   19
 -0.01100647  -0.00000000    -0.00968647   0.00000000     0.00738479  -0.00000000
 -0.00963369   0.00000000    -0.00507614  -0.00000000     0.00562785   0.00000000
  0.00739071  -0.00000000     0.00558306   0.00000000    -0.00210647   0.00000000
    3   20
 -0.01044190  -0.00000000    -0.00915684   0.00000000     0.00702942   0.00000000
 -0.00923997   0.00000000    -0.00495244   0.00000000     0.00535880   0.00000000
  0.00699713   0.00000000     0.00520761  -0.00000000    -0.00210485  -0.00000000
    3   21
  0.01044190   0.00000000    -0.00915684   0.00000000    -0.00702942  -0.00000000
 -0.00923997   0.00000000     0.00495244  -0.00000000     0.00535880   0.00000000
 -0.00699713  -0.00000000     0.00520761  -0.00000000     0.00210485   0.00000000
    3   22
  0.00000000  -0.00000000     0.00001679  -0.00000000    -0.00000000   0.00000000
 -0.00032745   0.00000000     0.00000000  -0.00000000    -0.00000000   0.00000000
  0.00000000   0.00000000     0.00000000  -0.00000000    -0.00000000   0.00000000
    3   23
 -0.01044190  -0.00000000    -0.00915684   0.00000000    -0.00702942   0.00000000
 -0.00923997   0.00000000    -0.00495244  -0.00000000    -0.00535880  -0.00000000
 -0.00699713   0.00000000    -0.00520761   0.00000000    -0.00210485   0.00000000
    3   24
  0.01044190   0.00000000    -0.00915684   0.00000000     0.00702942  -0.00000000
 -0.00923997   0.00000000     0.00495244   0.00000000    -0.00535880  -0.00000000
  0.00699713  -0.00000000    -0.00520761   0.00000000     0.00210485  -0.00000000
    3   25
  0.01100647   0.00000000    -0.00968647   0.00000000     0.00738479  -0.00000000
 -0.00963369  -0.00000000     0.00507614  -0.00000000    -0.00562785  -0.00000000
  0.00739071   0.00000000    -0.00558306   0.00000000     0.00210647  -0.00000000
    3   26
 -0.01100647  -0.00000000    -0.00968647   0.00000000    -0.00738479   0.00000000
 -0.00963369  -0.00000000    -0.00507614   0.00000000    -0.00562785  -0.00000000
 -0.00739071  -0.00000000    -0.00558306   0.00000000    -0.00210647   0.00000000
    3   27
  0.00030571  -0.00000000    -0.00000000  -0.00000000     0.00004269  -0.00000000
  0.00000000  -0.00000000    -0.00501145  -0.00000000    -0.00000000   0.00000000
 -0.00025569  -0.00000000    -0.00000000  -0.00000000     0.00137062   0.00000000
    3   28
 -0.00036856  -0.00000000    -0.00006775  -0.00000000     0.00003820   0.00000000
 -0.00000299  -0.00000000    -0.00023719  -0.00000000     0.00014148   0.00000000
 -0.00000482   0.00000000     0.00037136   0.00000000     0.00010837  -0.00000000
    3   29
  0.00036856   0.00000000    -0.00006775  -0.00000000    -0.00003820  -0.00000000
 -0.00000299  -0.00000000     0.00023719   0.00000000     0.00014148   0.00000000
  0.00000482  -0.00000000     0.00037136   0.00000000    -0.00010837   0.00000000
    3   30
 -0.00036856  -0.00000000    -0.00006775  -0.00000000    -0.00003820   0.00000000
 -0.00000299   0.00000000    -0.00023719   0.00000000    -0.00014148  -0.00000000
  0.00000482  -0.00000000    -0.00037136  -0.00000000     0.00010837   0.00000000
    3   31
  0.00036856   0.00000000    -0.00006775  -0.00000000     0.00003820  -0.00000000
 -0.00000299   0.00000000     0.00023719  -0.00000000    -0.00014148  -0.00000000
 -0.00000482   0.00000000    -0.00037136  -0.00000000    -0.00010837  -0.00000000
    3   32
  0.00030571  -0.00000000    -0.00000000  -0.00000000    -0.00004269  -0.00000000
  0.00000000   0.00000000    -0.00501145  -0.00000000     0.00000000   0.00000000
  0.00025569   0.00000000    -0.00000000   0.00000000     0.00137062   0.00000000
    3   33
 -0.00209379  -0.00000000    -0.00003109   0.00000000    -0.00005635   0.00000000
  0.00000637   0.00000000     0.00499272  -0.00000000    -0.01058553  -0.00000000
 -0.00002365   0.00000000    -0.01066015   0.00000000     0.01419510  -0.00000000
    3   34
  0.00209379   0.00000000    -0.00003109   0.00000000     0.00005635  -0.00000000
  0.00000637   0.00000000    -0.00499272   0.00000000    -0.01058553  -0.00000000
  0.00002365  -0.00000000    -0.01066015   0.00000000    -0.01419510   0.00000000
    3   35
 -0.00209379  -0.00000000    -0.00003109  -0.00000000     0.00005635  -0.00000000
  0.00000637   0.00000000     0.00499272  -0.00000000     0.01058553  -0.00000000
  0.00002365  -0.00000000     0.01066015  -0.00000000     0.01419510  -0.00000000
    3   36
  0.00209379   0.00000000    -0.00003109  -0.00000000    -0.00005635   0.00000000
  0.00000637   0.00000000    -0.00499272   0.00000000     0.01058553  -0.00000000
 -0.00002365   0.00000000     0.01066015  -0.00000000    -0.01419510   0.00000000
    4    1
  0.00000000  -0.00000000    -0.00001429   0.00000000     0.00000000  -0.00000000
  0.00001415   0.00000000     0.00000000  -0.00000000     0.00000704   0.00000000
 -0.00000000  -0.00000000    -0.00006445   0.00000000     0.00000000   0.00000000
    4    2
  0.00000000  -0.00000000    -0.00001429  -0.00000000     0.00000000   0.00000000
  0.00001415   0.00000000     0.00000000  -0.00000000    -0.00000704  -0.00000000
 -0.00000000  -0.00000000     0.00006445   0.00000000    -0.00000000   0.00000000
    4    3
  0.00233384  -0.00000000     0.00000000   0.00000000     0.00000000  -0.00000000
  0.00000000  -0.00000000    -0.00015781   0.00000000     0.00000000   0.00000000
 -0.00000000  -0.00000000    -0.00000000   0.00000000    -0.00065604  -0.00000000
    4    4
  0.05018409  -0.00000000     0.00000000   0.00000000     0.00000000   0.00000000
  0.00000000   0.00000000     0.04143093  -0.00000000     0.00000000   0.00000000
  0.00000000   0.00000000     0.00000000   0.00000000     0.07173423  -0.00000000
    4    5
  0.00075966   0.00000000     0.00175010   0.00000000     0.00060580   0.00000000
  0.00097721   0.00000000     0.00167917  -0.00000000    -0.00017663  -0.00000000
  0.00025073   0.00000000    -0.00038097  -0.00000000     0.00041557  -0.00000000
    4    6
 -0.00075966   0.00000000     0.00175010   0.00000000     0.00060580   0.00000000
  0.00097721  -0.00000000    -0.00167917   0.00000000     0.00017663   0.00000000
  0.00025073  -0.00000000     0.00038097   0.00000000    -0.00041557  -0.00000000
    4    7
 -0.00000000  -0.00000000    -0.00003555   0.00000000    -0.00006202  -0.00000000
 -0.00020877   0.00000000     0.00000000  -0.00000000     0.00000000   0.00000000
  0.00021500   0.00000000    -0.00000000  -0.00000000    -0.00000000  -0.00000000
    4    8
 -0.00070092   0.00000000     0.00171764   0.00000000    -0.00063069  -0.00000000
  0.00107451  -0.00000000    -0.00150493   0.00000000    -0.00034603  -0.00000000
 -0.00012977   0.00000000    -0.00047463   0.00000000    -0.00047238   0.00000000
    4    9
  0.00070092  -0.00000000     0.00171764  -0.00000000    -0.00063069  -0.00000000
  0.00107451   0.00000000     0.00150493  -0.00000000     0.00034603  -0.00000000
 -0.00012977   0.00000000     0.00047463   0.00000000     0.00047238   0.00000000
    4   10
  0.00000000  -0.00000000    -0.00003555   0.00000000     0.00006202   0.00000000
 -0.00020877   0.00000000    -0.00000000   0.00000000    -0.00000000   0.00000000
 -0.00021500  -0.00000000     0.00000000  -0.00000000    -0.00000000   0.00000000
    4   11
  0.00070092  -0.00000000     0.00171764   0.00000000     0.00063069   0.00000000
  0.00107451  -0.00000000     0.00150493  -0.00000000    -0.00034603   0.00000000
  0.00012977  -0.00000000    -0.00047463  -0.00000000     0.00047238  -0.00000000
    4   12
  0.00075966  -0.00000000     0.00175010   0.00000000    -0.00060580  -0.00000000
  0.00097721  -0.00000000     0.00167917   0.00000000     0.00017663   0.00000000
 -0.00025073   0.00000000     0.00038097   0.00000000     0.00041557   0.00000000
    4   13
  0.00140925   0.00000000     0.00177202  -0.00000000    -0.00000000   0.00000000
  0.00058183  -0.00000000     0.00289776   0.00000000    -0.00000000  -0.00000000
 -0.00000000  -0.00000000     0.00000000  -0.00000000     0.00032087  -0.00000000
    4   14
 -0.00075966  -0.00000000     0.00175010   0.00000000    -0.00060580  -0.00000000
  0.00097721   0.00000000    -0.00167917   0.00000000    -0.00017663  -0.00000000
 -0.00025073  -0.00000000    -0.00038097  -0.00000000    -0.00041557   0.00000000
    4   15
 -0.00070092   0.00000000     0.00171764  -0.00000000     0.00063069   0.00000000
  0.00107451   0.00000000    -0.00150493  -0.00000000     0.00034603  -0.00000000
  0.00012977  -0.00000000     0.00047463   0.00000000    -0.00047238  -0.00000000
    4   16
 -0.00140925  -0.00000000     0.00177202  -0.00000000     0.00000000  -0.00000000
  0.00058183  -0.00000000    -0.00289776  -0.00000000     0.00000000  -0.00000000
  0.00000000   0.00000000     0.00000000  -0.00000000    -0.00032087   0.00000000
    4   17
  0.00000000  -0.00000000     0.00000025   0.00000000     0.00000000   0.00000000
 -0.00065075  -0.00000000     0.00000000  -0.00000000     0.00000000  -0.00000000
  0.00000000   0.00000000     0.00000000   0.00000000     0.00000000   0.00000000
    4   18
 -0.01100647  -0.00000000    -0.00968647   0.00000000    -0.00738479   0.00000000
 -0.00963369  -0.00000000    -0.00507614   0.00000000    -0.00562785  -0.00000000
 -0.00739071  -0.00000000    -0.00558306   0.00000000    -0.00210647   0.00000000
    4   19
  0.01100647   0.00000000    -0.00968647   0.00000000     0.00738479  -0.00000000
 -0.00963369  -0.00000000     0.00507614  -0.00000000    -0.00562785  -0.00000000
  0.00739071   0.00000000    -0.00558306   0.00000000     0.00210647  -0.00000000
    4   20
  0.01044190   0.00000000    -0.00915684   0.00000000     0.00702942  -0.00000000
 -0.00923997   0.00000000     0.00495244   0.00000000    -0.00535880  -0.00000000
  0.00699713  -0.00000000    -0.00520761   0.00000000     0.00210485  -0.00000000
    4   21
 -0.01044190  -0.00000000    -0.00915684   0.00000000    -0.00702942   0.00000000
 -0.00923997   0.00000000    -0.00495244  -0.00000000    -0.00535880  -0.00000000
 -0.00699713   0.00000000    -0.00520761   0.00000000    -0.00210485   0.00000000
    4   22
  0.00000000  -0.00000000     0.00001679  -0.00000000    -0.00000000   0.00000000
 -0.00032745   0.00000000     0.00000000  -0.00000000    -0.00000000   0.00000000
 -0.00000000   0.00000000    -0.00000000  -0.00000000     0.00000000   0.00000000
    4   23
  0.01044190   0.00000000    -0.00915684   0.00000000    -0.00702942  -0.00000000
 -0.00923997   0.00000000     0.00495244  -0.00000000     0.00535880   0.00000000
 -0.00699713  -0.00000000     0.00520761  -0.00000000     0.00210485   0.00000000
    4   24
 -0.01044190  -0.00000000    -0.00915684   0.00000000     0.00702942   0.00000000
 -0.00923997   0.00000000    -0.00495244   0.00000000     0.00535880   0.00000000
  0.00699713   0.00000000     0.00520761  -0.00000000    -0.00210485  -0.00000000
    4   25
 -0.01100647  -0.00000000    -0.00968647   0.00000000     0.00738479  -0.00000000
 -0.00963369   0.00000000    -0.00507614  -0.00000000     0.00562785   0.00000000
  0.00739071  -0.00000000     0.00558306   0.00000000    -0.00210647   0.00000000
    4   26
  0.01100647   0.00000000    -0.00968647   0.00000000    -0.00738479   0.00000000
 -0.00963369   0.00000000     0.00507614   0.00000000     0.00562785   0.00000000
 -0.00739071   0.00000000     0.00558306   0.00000000     0.00210647  -0.00000000
    4   27
 -0.00030571  -0.00000000    -0.00000000   0.00000000    -0.00004269  -0.00000000
  0.00000000  -0.00000000     0.00501145   0.00000000     0.00000000   0.00000000
  0.00025569   0.00000000     0.00000000   0.00000000    -0.00137062  -0.00000000
    4   28
  0.00209379   0.00000000    -0.00003109  -0.00000000    -0.00005635   0.00000000
  0.00000637   0.00000000    -0.00499272   0.00000000     0.01058553  -0.00000000
 -0.00002365   0.00000000     0.01066015  -0.00000000    -0.01419510   0.00000000
    4   29
 -0.00209379  -0.00000000    -0.00003109  -0.00000000     0.00005635  -0.00000000
  0.00000637   0.00000000     0.00499272  -0.00000000     0.01058553  -0.00000000
  0.00002365  -0.00000000     0.01066015  -0.00000000     0.01419510  -0.00000000
    4   30
  0.00209379   0.00000000    -0.00003109   0.00000000     0.00005635  -0.00000000
  0.00000637   0.00000000    -0.00499272   0.00000000    -0.01058553  -0.00000000
  0.00002365  -0.00000000    -0.01066015   0.00000000    -0.01419510   0.00000000
    4   31
 -0.00209379  -0.00000000    -0.00003109   0.00000000    -0.00005635   0.00000000
  0.00000637   0.00000000     0.00499272  -0.00000000    -0.01058553  -0.00000000
 -0.00002365   0.00000000    -0.01066015   0.00000000     0.01419510  -0.00000000
    4   32
 -0.00030571   0.00000000     0.00000000  -0.00000000     0.00004269   0.00000000
 -0.00000000  -0.00000000     0.00501145  -0.00000000     0.00000000   0.00000000
 -0.00025569  -0.00000000     0.00000000  -0.00000000    -0.00137062  -0.00000000
    4   33
  0.00036856   0.00000000    -0.00006775  -0.00000000     0.00003820  -0.00000000
 -0.00000299   0.00000000     0.00023719  -0.00000000    -0.00014148  -0.00000000
 -0.00000482   0.00000000    -0.00037136  -0.00000000    -0.00010837  -0.00000000
    4   34
 -0.00036856  -0.00000000    -0.00006775  -0.00000000    -0.00003820   0.00000000
 -0.00000299   0.00000000    -0.00023719   0.00000000    -0.00014148  -0.00000000
  0.00000482  -0.00000000    -0.00037136  -0.00000000     0.00010837   0.00000000
    4   35
  0.00036856   0.00000000    -0.00006775  -0.00000000    -0.00003820  -0.00000000
 -0.00000299  -0.00000000     0.00023719   0.00000000     0.00014148   0.00000000
  0.00000482  -0.00000000     0.00037136   0.00000000    -0.00010837   0.00000000
    4   36
 -0.00036856  -0.00000000    -0.00006775  -0.00000000     0.00003820   0.00000000
 -0.00000299  -0.00000000    -0.00023719  -0.00000000     0.00014148   0.00000000
 -0.00000482   0.00000000     0.00037136   0.00000000     0.00010837  -0.00000000
    5    1
 -0.00076471   0.00000000     0.00128886   0.00000000    -0.00039386   0.00000000
  0.00184998   0.00000000    -0.00158725   0.00000000    -0.00040027  -0.00000000
 -0.00064530   0.00000000     0.00007027   0.00000000    -0.00032522   0.00000000
    5    2
 -0.00076471   0.00000000    -0.00128886  -0.00000000    -0.00039386   0.00000000
 -0.00184998  -0.00000000    -0.00158725   0.00000000     0.00040027   0.00000000
 -0.00064530   0.00000000    -0.00007027  -0.00000000    -0.00032522   0.00000000
    5    3
 -0.00075966  -0.00000000     0.00097721   0.00000000    -0.00025073  -0.00000000
  0.00175010   0.00000000    -0.00167917   0.00000000    -0.00038097  -0.00000000
 -0.00060580  -0.00000000    -0.00017663  -0.00000000    -0.00041557   0.00000000
    5    4
  0.00075966   0.00000000     0.00097721   0.00000000     0.00025073   0.00000000
  0.00175010   0.00000000     0.00167917  -0.00000000    -0.00038097  -0.00000000
  0.00060580   0.00000000    -0.00017663  -0.00000000     0.00041557  -0.00000000
    5    5
  0.15101237  -0.00000000     0.00000000   0.00000000    -0.03270237  -0.00000000
  0.00000000   0.00000000     0.25535058  -0.00000000    -0.00000000   0.00000000
 -0.03270237  -0.00000000    -0.00000000   0.00000000     0.19396723   0.00000000
    5    6
  0.00451858   0.00000000    -0.00000000   0.00000000     0.00045935  -0.00000000
  0.00000000   0.00000000     0.00500493   0.00000000     0.00000000  -0.00000000
 -0.00045935  -0.00000000    -0.00000000  -0.00000000    -0.00701793  -0.00000000
    5    7
  0.00207493   0.00000000     0.00000000  -0.00000000    -0.00034059   0.00000000
  0.00000000   0.00000000     0.01937996  -0.00000000    -0.00000000  -0.00000000
 -0.00607918  -0.00000000     0.00000000   0.00000000     0.01076260   0.00000000
    5    8
  0.02449591   0.00000000    -0.00000000   0.00000000    -0.00355142  -0.00000000
  0.00000000   0.00000000    -0.01699522  -0.00000000     0.00000000   0.00000000
 -0.00249457  -0.00000000    -0.00000000   0.00000000    -0.00429309  -0.00000000
    5    9
  0.00102794  -0.00000000    -0.00000000   0.00000000     0.00039923   0.00000000
  0.00000000  -0.00000000     0.00105560   0.00000000    -0.00000000   0.00000000
 -0.00209890   0.00000000    -0.00000000   0.00000000    -0.00881527   0.00000000
    5   10
  0.00744314   0.00000000    -0.00000000  -0.00000000    -0.00455866  -0.00000000
 -0.00000000  -0.00000000     0.00149024   0.00000000     0.00000000   0.00000000
 -0.00456605  -0.00000000     0.00000000   0.00000000     0.00091639   0.00000000
    5   11
  0.00460088   0.00000000    -0.00000000   0.00000000     0.00031161  -0.00000000
 -0.00000000   0.00000000     0.00040471   0.00000000    -0.00000000  -0.00000000
  0.00117956   0.00000000    -0.00000000  -0.00000000    -0.00300239  -0.00000000
    5   12
 -0.00406020   0.00000000    -0.00000000   0.00000000     0.00686714   0.00000000
  0.00000000   0.00000000    -0.02482665  -0.00000000    -0.00000000   0.00000000
 -0.00686714  -0.00000000     0.00000000   0.00000000    -0.01491662  -0.00000000
    5   13
 -0.01257924   0.00000000    -0.00000000  -0.00000000    -0.00052786   0.00000000
 -0.00000000   0.00000000    -0.02263913   0.00000000     0.00000000  -0.00000000
  0.00197267   0.00000000    -0.00000000  -0.00000000    -0.01411545  -0.00000000
    5   14
 -0.00140122   0.00000000    -0.00000000   0.00000000     0.00036678   0.00000000
  0.00000000   0.00000000    -0.00135840  -0.00000000    -0.00000000  -0.00000000
  0.00036678   0.00000000     0.00000000  -0.00000000     0.00223297   0.00000000
    5   15
 -0.00293907  -0.00000000    -0.00000000   0.00000000    -0.01218991  -0.00000000
 -0.00000000  -0.00000000     0.02123035  -0.00000000     0.00000000  -0.00000000
  0.00516640   0.00000000     0.00000000  -0.00000000     0.01389725   0.00000000
    5   16
  0.00491180   0.00000000     0.00000000  -0.00000000    -0.00253906   0.00000000
  0.00000000   0.00000000     0.00010821   0.00000000    -0.00000000   0.00000000
 -0.00496382  -0.00000000    -0.00000000   0.00000000     0.00119437   0.00000000
    5   17
 -0.01747006   0.00000000     0.00000000  -0.00000000     0.03353603   0.00000000
 -0.00000000   0.00000000    -0.00186397  -0.00000000    -0.00000000   0.00000000
  0.03402874  -0.00000000     0.00000000  -0.00000000    -0.05338854  -0.00000000
    5   18
 -0.01596168   0.00000000    -0.03448162  -0.00000000    -0.01120277  -0.00000000
 -0.04027546   0.00000000    -0.05329154   0.00000000    -0.02341498   0.00000000
 -0.00838882   0.00000000    -0.01819846   0.00000000    -0.00504227   0.00000000
    5   19
  0.00098668  -0.00000000    -0.00035720   0.00000000     0.00046401  -0.00000000
  0.00054902   0.00000000    -0.00079344  -0.00000000    -0.00066191   0.00000000
 -0.00244630  -0.00000000    -0.00035185   0.00000000    -0.00158554  -0.00000000
    5   20
  0.00213560   0.00000000    -0.00129857  -0.00000000     0.00081441   0.00000000
  0.00233388   0.00000000     0.00014992   0.00000000    -0.00207686   0.00000000
 -0.00110814  -0.00000000    -0.00123570  -0.00000000    -0.00109382  -0.00000000
    5   21
 -0.00079097  -0.00000000     0.00080736  -0.00000000     0.00005802   0.00000000
 -0.00184592  -0.00000000     0.00256522  -0.00000000     0.00062000  -0.00000000
  0.00185279  -0.00000000     0.00206108   0.00000000    -0.00120935   0.00000000
    5   22
  0.00199403   0.00000000    -0.00000000   0.00000000     0.00090969  -0.00000000
  0.00000000  -0.00000000     0.00001691   0.00000000    -0.00000000  -0.00000000
 -0.00213028  -0.00000000     0.00000000  -0.00000000     0.00021884   0.00000000
    5   23
  0.00213560   0.00000000     0.00129857   0.00000000     0.00081441   0.00000000
 -0.00233388  -0.00000000     0.00014992   0.00000000     0.00207686  -0.00000000
 -0.00110814  -0.00000000     0.00123570   0.00000000    -0.00109382  -0.00000000
    5   24
 -0.00079097  -0.00000000    -0.00080736   0.00000000     0.00005802   0.00000000
  0.00184592   0.00000000     0.00256522  -0.00000000    -0.00062000   0.00000000
  0.00185279  -0.00000000    -0.00206108  -0.00000000    -0.00120935   0.00000000
    5   25
 -0.01596168   0.00000000     0.03448162   0.00000000    -0.01120277  -0.00000000
  0.04027546  -0.00000000    -0.05329154   0.00000000     0.02341498  -0.00000000
 -0.00838882   0.00000000     0.01819846  -0.00000000    -0.00504227   0.00000000
    5   26
  0.00098668  -0.00000000     0.00035720  -0.00000000     0.00046401  -0.00000000
 -0.00054902  -0.00000000    -0.00079344  -0.00000000     0.00066191  -0.00000000
 -0.00244630  -0.00000000     0.00035185  -0.00000000    -0.00158554  -0.00000000
    5   27
  0.00209098  -0.00000000    -0.00000000   0.00000000     0.00184159   0.00000000
  0.00000000  -0.00000000    -0.00016571  -0.00000000    -0.00000000   0.00000000
 -0.00122263   0.00000000    -0.00000000  -0.00000000    -0.00025246   0.00000000
    5   28
  0.00116470  -0.00000000    -0.00009712  -0.00000000     0.00132444  -0.00000000
  0.00244749   0.00000000    -0.00145870   0.00000000    -0.00041463   0.00000000
 -0.00116835  -0.00000000    -0.00184877  -0.00000000     0.00206966  -0.00000000
    5   29
  0.00296949   0.00000000    -0.00033189   0.00000000     0.00068985  -0.00000000
  0.00168170   0.00000000     0.00031669  -0.00000000    -0.00322184  -0.00000000
 -0.00150678  -0.00000000    -0.00069999  -0.00000000    -0.00007609   0.00000000
    5   30
  0.00116679   0.00000000    -0.00018116  -0.00000000     0.00108436   0.00000000
  0.00059347  -0.00000000    -0.00077943   0.00000000    -0.00060848  -0.00000000
 -0.00228002  -0.00000000     0.00007556  -0.00000000    -0.00126770  -0.00000000
    5   31
  0.01456943  -0.00000000     0.03096022   0.00000000     0.00994418   0.00000000
  0.03959285  -0.00000000     0.04945786  -0.00000000     0.02327499  -0.00000000
  0.00739355  -0.00000000     0.01644249  -0.00000000     0.00564205  -0.00000000
    5   32
  0.01678232   0.00000000    -0.00000000  -0.00000000    -0.03295692   0.00000000
  0.00000000  -0.00000000     0.00139950   0.00000000     0.00000000  -0.00000000
 -0.03507880  -0.00000000    -0.00000000  -0.00000000     0.05438158   0.00000000
    5   33
  0.00116679   0.00000000     0.00018116   0.00000000     0.00108436   0.00000000
 -0.00059347   0.00000000    -0.00077943   0.00000000     0.00060848   0.00000000
 -0.00228002  -0.00000000    -0.00007556   0.00000000    -0.00126770  -0.00000000
    5   34
  0.01456943  -0.00000000    -0.03096022  -0.00000000     0.00994418   0.00000000
 -0.03959285   0.00000000     0.04945786  -0.00000000    -0.02327499   0.00000000
  0.00739355  -0.00000000    -0.01644249   0.00000000     0.00564205  -0.00000000
    5   35
  0.00116470  -0.00000000     0.00009712   0.00000000     0.00132444  -0.00000000
 -0.00244749  -0.00000000    -0.00145870   0.00000000     0.00041463  -0.00000000
 -0.00116835  -0.00000000     0.00184877   0.00000000     0.00206966  -0.00000000
    5   36
  0.00296949   0.00000000     0.00033189  -0.00000000     0.00068985  -0.00000000
 -0.00168170  -0.00000000     0.00031669  -0.00000000     0.00322184   0.00000000
 -0.00150678  -0.00000000     0.00069999   0.00000000    -0.00007609   0.00000000
    6    1
 -0.00076471  -0.00000000     0.00128886   0.00000000     0.00039386   0.00000000
  0.00184998   0.00000000    -0.00158725  -0.00000000     0.00040027  -0.00000000
  0.00064530   0.00000000    -0.00007027  -0.00000000    -0.00032522   0.00000000
    6    2
 -0.00076471  -0.00000000    -0.00128886  -0.00000000     0.00039386   0.00000000
 -0.00184998  -0.00000000    -0.00158725  -0.00000000    -0.00040027   0.00000000
  0.00064530   0.00000000     0.00007027   0.00000000    -0.00032522   0.00000000
    6    3
  0.00075966  -0.00000000     0.00097721  -0.00000000    -0.00025073   0.00000000
  0.00175010   0.00000000     0.00167917   0.00000000     0.00038097   0.00000000
 -0.00060580  -0.00000000     0.00017663   0.00000000     0.00041557   0.00000000
    6    4
 -0.00075966   0.00000000     0.00097721  -0.00000000     0.00025073  -0.00000000
  0.00175010   0.00000000    -0.00167917   0.00000000     0.00038097   0.00000000
  0.00060580   0.00000000     0.00017663   0.00000000    -0.00041557  -0.00000000
    6    5
  0.00451858   0.00000000     0.00000000   0.00000000    -0.00045935  -0.00000000
 -0.00000000   0.00000000     0.00500493   0.00000000    -0.00000000  -0.00000000
  0.00045935  -0.00000000     0.00000000  -0.00000000    -0.00701793  -0.00000000
    6    6
  0.15101237  -0.00000000    -0.00000000  -0.00000000     0.03270237  -0.00000000
 -0.00000000  -0.00000000     0.25535058  -0.00000000    -0.00000000   0.00000000
  0.03270237  -0.00000000    -0.00000000   0.00000000     0.19396723   0.00000000
    6    7
  0.00207493   0.00000000     0.00000000   0.00000000     0.00034059   0.00000000
 -0.00000000   0.00000000     0.01937996   0.00000000     0.00000000   0.00000000
  0.00607918   0.00000000     0.00000000   0.00000000     0.01076260   0.00000000
    6    8
  0.00102794  -0.00000000     0.00000000   0.00000000    -0.00039923  -0.00000000
 -0.00000000   0.00000000     0.00105560   0.00000000    -0.00000000  -0.00000000
  0.00209890   0.00000000     0.00000000  -0.00000000    -0.00881527   0.00000000
    6    9
  0.02449591   0.00000000     0.00000000   0.00000000     0.00355142  -0.00000000
  0.00000000   0.00000000    -0.01699522  -0.00000000     0.00000000   0.00000000
  0.00249457  -0.00000000    -0.00000000  -0.00000000    -0.00429309  -0.00000000
    6   10
  0.00744314   0.00000000     0.00000000   0.00000000     0.00455866   0.00000000
 -0.00000000   0.00000000     0.00149024   0.00000000    -0.00000000  -0.00000000
  0.00456605  -0.00000000    -0.00000000  -0.00000000     0.00091639  -0.00000000
    6   11
 -0.00293907   0.00000000     0.00000000   0.00000000     0.01218991   0.00000000
 -0.00000000  -0.00000000     0.02123035   0.00000000     0.00000000   0.00000000
 -0.00516640  -0.00000000     0.00000000   0.00000000     0.01389725   0.00000000
    6   12
 -0.00140122  -0.00000000    -0.00000000   0.00000000    -0.00036678  -0.00000000
 -0.00000000   0.00000000    -0.00135840   0.00000000     0.00000000   0.00000000
 -0.00036678  -0.00000000     0.00000000   0.00000000     0.00223297   0.00000000
    6   13
  0.00491180   0.00000000    -0.00000000   0.00000000     0.00253906   0.00000000
  0.00000000   0.00000000     0.00010821  -0.00000000     0.00000000   0.00000000
  0.00496382   0.00000000     0.00000000   0.00000000     0.00119437  -0.00000000
    6   14
 -0.00406020   0.00000000    -0.00000000  -0.00000000    -0.00686714  -0.00000000
 -0.00000000  -0.00000000    -0.02482665  -0.00000000    -0.00000000   0.00000000
  0.00686714   0.00000000     0.00000000   0.00000000    -0.01491662  -0.00000000
    6   15
  0.00460088   0.00000000     0.00000000   0.00000000    -0.00031161  -0.00000000
  0.00000000   0.00000000     0.00040471  -0.00000000     0.00000000   0.00000000
 -0.00117956  -0.00000000    -0.00000000  -0.00000000    -0.00300239   0.00000000
    6   16
 -0.01257924   0.00000000    -0.00000000  -0.00000000     0.00052786  -0.00000000
 -0.00000000  -0.00000000    -0.02263913   0.00000000     0.00000000   0.00000000
 -0.00197267   0.00000000     0.00000000  -0.00000000    -0.01411545  -0.00000000
    6   17
 -0.01747006   0.00000000     0.00000000   0.00000000    -0.03353603  -0.00000000
  0.00000000   0.00000000    -0.00186397  -0.00000000     0.00000000   0.00000000
 -0.03402874   0.00000000     0.00000000  -0.00000000    -0.05338854  -0.00000000
    6   18
  0.00098668   0.00000000    -0.00035720   0.00000000    -0.00046401  -0.00000000
  0.00054902   0.00000000    -0.00079344   0.00000000     0.00066191   0.00000000
  0.00244630   0.00000000     0.00035185  -0.00000000    -0.00158554  -0.00000000
    6   19
 -0.01596168   0.00000000    -0.03448162  -0.00000000     0.01120277   0.00000000
 -0.04027546  -0.00000000    -0.05329154  -0.00000000     0.02341498   0.00000000
  0.00838882  -0.00000000     0.01819846  -0.00000000    -0.00504227  -0.00000000
    6   20
 -0.00079097  -0.00000000     0.00080736   0.00000000    -0.00005802  -0.00000000
 -0.00184592  -0.00000000     0.00256522   0.00000000    -0.00062000   0.00000000
 -0.00185279  -0.00000000    -0.00206108  -0.00000000    -0.00120935   0.00000000
    6   21
  0.00213560   0.00000000    -0.00129857  -0.00000000    -0.00081441   0.00000000
  0.00233388   0.00000000     0.00014992  -0.00000000     0.00207686   0.00000000
  0.00110814   0.00000000     0.00123570   0.00000000    -0.00109382   0.00000000
    6   22
  0.00199403   0.00000000    -0.00000000  -0.00000000    -0.00090969   0.00000000
  0.00000000   0.00000000     0.00001691   0.00000000     0.00000000   0.00000000
  0.00213028   0.00000000     0.00000000   0.00000000     0.00021884   0.00000000
    6   23
 -0.00079097  -0.00000000    -0.00080736  -0.00000000    -0.00005802  -0.00000000
  0.00184592   0.00000000     0.00256522   0.00000000     0.00062000  -0.00000000
 -0.00185279  -0.00000000     0.00206108   0.00000000    -0.00120935   0.00000000
    6   24
  0.00213560   0.00000000     0.00129857   0.00000000    -0.00081441   0.00000000
 -0.00233388  -0.00000000     0.00014992  -0.00000000    -0.00207686  -0.00000000
  0.00110814   0.00000000    -0.00123570  -0.00000000    -0.00109382   0.00000000
    6   25
  0.00098668   0.00000000     0.00035720  -0.00000000    -0.00046401  -0.00000000
 -0.00054902  -0.00000000    -0.00079344   0.00000000    -0.00066191  -0.00000000
  0.00244630   0.00000000    -0.00035185   0.00000000    -0.00158554  -0.00000000
    6   26
 -0.01596168   0.00000000     0.03448162   0.00000000     0.01120277   0.00000000
  0.04027546   0.00000000    -0.05329154  -0.00000000    -0.02341498  -0.00000000
  0.00838882  -0.00000000    -0.01819846   0.00000000    -0.00504227  -0.00000000
    6   27
 -0.01678232  -0.00000000     0.00000000   0.00000000    -0.03295692  -0.00000000
  0.00000000   0.00000000    -0.00139950  -0.00000000    -0.00000000   0.00000000
 -0.03507880   0.00000000     0.00000000  -0.00000000    -0.05438158  -0.00000000
    6   28
  0.01456943   0.00000000    -0.03096022  -0.00000000    -0.00994418  -0.00000000
 -0.03959285  -0.00000000     0.04945786   0.00000000     0.02327499   0.00000000
 -0.00739355  -0.00000000     0.01644249   0.00000000     0.00564205   0.00000000
    6   29
  0.00116679   0.00000000     0.00018116   0.00000000    -0.00108436   0.00000000
 -0.00059347  -0.00000000    -0.00077943  -0.00000000    -0.00060848   0.00000000
  0.00228002   0.00000000     0.00007556  -0.00000000    -0.00126770   0.00000000
    6   30
  0.00296949   0.00000000     0.00033189   0.00000000    -0.00068985  -0.00000000
 -0.00168170  -0.00000000     0.00031669   0.00000000    -0.00322184  -0.00000000
  0.00150678   0.00000000    -0.00069999   0.00000000    -0.00007609  -0.00000000
    6   31
  0.00116470   0.00000000     0.00009712  -0.00000000    -0.00132444  -0.00000000
 -0.00244749  -0.00000000    -0.00145870  -0.00000000    -0.00041463  -0.00000000
  0.00116835  -0.00000000    -0.00184877  -0.00000000     0.00206966   0.00000000
    6   32
 -0.00209098  -0.00000000    -0.00000000  -0.00000000     0.00184159   0.00000000
 -0.00000000  -0.00000000     0.00016571   0.00000000     0.00000000   0.00000000
 -0.00122263  -0.00000000     0.00000000   0.00000000     0.00025246   0.00000000
    6   33
  0.00296949   0.00000000    -0.00033189  -0.00000000    -0.00068985  -0.00000000
  0.00168170   0.00000000     0.00031669   0.00000000     0.00322184   0.00000000
  0.00150678   0.00000000     0.00069999  -0.00000000    -0.00007609  -0.00000000
    6   34
  0.00116470   0.00000000    -0.00009712   0.00000000    -0.00132444  -0.00000000
  0.00244749   0.00000000    -0.00145870  -0.00000000     0.00041463   0.00000000
  0.00116835  -0.00000000     0.00184877   0.00000000     0.00206966   0.00000000
    6   35
  0.01456943   0.00000000     0.03096022   0.00000000    -0.00994418  -0.00000000
  0.03959285   0.00000000     0.04945786   0.00000000    -0.02327499  -0.00000000
 -0.00739355  -0.00000000    -0.01644249  -0.00000000     0.00564205   0.00000000
    6   36
  0.00116679   0.00000000    -0.00018116  -0.00000000    -0.00108436   0.00000000
  0.00059347   0.00000000    -0.00077943  -0.00000000     0.00060848  -0.00000000
  0.00228002   0.00000000    -0.00007556   0.00000000    -0.00126770   0.00000000
    7    1
  0.00149540   0.00000000    -0.00052321   0.00000000     0.00000000   0.00000000
 -0.00186339   0.00000000     0.00294235   0.00000000    -0.00000000   0.00000000
 -0.00000000  -0.00000000     0.00000000   0.00000000     0.00039022   0.00000000
    7    2
  0.00149540   0.00000000     0.00052321  -0.00000000    -0.00000000   0.00000000
  0.00186339  -0.00000000     0.00294235   0.00000000     0.00000000  -0.00000000
  0.00000000  -0.00000000     0.00000000  -0.00000000     0.00039022   0.00000000
    7    3
 -0.00000000  -0.00000000    -0.00020877   0.00000000    -0.00021500  -0.00000000
 -0.00003555   0.00000000     0.00000000   0.00000000     0.00000000  -0.00000000
  0.00006202   0.00000000     0.00000000   0.00000000     0.00000000   0.00000000
    7    4
 -0.00000000  -0.00000000    -0.00020877   0.00000000     0.00021500   0.00000000
 -0.00003555   0.00000000     0.00000000  -0.00000000    -0.00000000  -0.00000000
 -0.00006202  -0.00000000     0.00000000   0.00000000    -0.00000000  -0.00000000
    7    5
  0.00207493   0.00000000     0.00000000   0.00000000    -0.00607918  -0.00000000
  0.00000000  -0.00000000     0.01937996  -0.00000000     0.00000000   0.00000000
 -0.00034059   0.00000000    -0.00000000  -0.00000000     0.01076260   0.00000000
    7    6
  0.00207493   0.00000000    -0.00000000   0.00000000     0.00607918   0.00000000
  0.00000000   0.00000000     0.01937996   0.00000000     0.00000000   0.00000000
  0.00034059   0.00000000     0.00000000   0.00000000     0.01076260   0.00000000
    7    7
  0.20034944  -0.00000000     0.00000000   0.00000000    -0.00000000  -0.00000000
  0.00000000   0.00000000     0.27895837   0.00000000     0.00000000   0.00000000
 -0.00000000  -0.00000000     0.00000000   0.00000000     0.14896851   0.00000000
    7    8
 -0.00615302  -0.00000000    -0.00000000   0.00000000     0.00635222  -0.00000000
 -0.00000000   0.00000000    -0.00229889   0.00000000     0.00000000  -0.00000000
  0.01170027  -0.00000000     0.00000000   0.00000000     0.00571877   0.00000000
    7    9
 -0.00615302  -0.00000000     0.00000000   0.00000000    -0.00635222   0.00000000
  0.00000000   0.00000000    -0.00229889  -0.00000000     0.00000000   0.00000000
 -0.01170027   0.00000000     0.00000000   0.00000000     0.00571877  -0.00000000
    7   10
  0.01701162   0.00000000     0.00000000   0.00000000     0.00000000  -0.00000000
  0.00000000   0.00000000    -0.00357700  -0.00000000     0.00000000   0.00000000
  0.00000000  -0.00000000     0.00000000   0.00000000    -0.00022625   0.00000000
    7   11
 -0.01198049   0.00000000    -0.00000000   0.00000000     0.00355627   0.00000000
 -0.00000000  -0.00000000    -0.02481804   0.00000000    -0.00000000   0.00000000
  0.00023259   0.00000000     0.00000000  -0.00000000    -0.01096966  -0.00000000
    7   12
  0.00744314   0.00000000     0.00000000   0.00000000     0.00456605  -0.00000000
 -0.00000000   0.00000000     0.00149024   0.00000000    -0.00000000   0.00000000
  0.00455866   0.00000000    -0.00000000   0.00000000     0.00091639  -0.00000000
    7   13
  0.00290399   0.00000000    -0.00000000   0.00000000     0.00310125  -0.00000000
  0.00000000  -0.00000000    -0.00094214   0.00000000    -0.00000000   0.00000000
  0.00323308  -0.00000000    -0.00000000   0.00000000    -0.00322867   0.00000000
    7   14
  0.00744314   0.00000000     0.00000000   0.00000000    -0.00456605  -0.00000000
  0.00000000   0.00000000     0.00149024   0.00000000    -0.00000000  -0.00000000
 -0.00455866  -0.00000000    -0.00000000   0.00000000     0.00091639   0.00000000
    7   15
 -0.01198049   0.00000000     0.00000000  -0.00000000    -0.00355627   0.00000000
 -0.00000000  -0.00000000    -0.02481804  -0.00000000    -0.00000000   0.00000000
 -0.00023259   0.00000000    -0.00000000   0.00000000    -0.01096966  -0.00000000
    7   16
  0.00290399   0.00000000     0.00000000   0.00000000    -0.00310125  -0.00000000
 -0.00000000   0.00000000    -0.00094214  -0.00000000     0.00000000   0.00000000
 -0.00323308  -0.00000000    -0.00000000   0.00000000    -0.00322867   0.00000000
    7   17
  0.06387300   0.00000000     0.00000000   0.00000000     0.00000000  -0.00000000
 -0.00000000  -0.00000000     0.00255798  -0.00000000     0.00000000  -0.00000000
 -0.00000000  -0.00000000    -0.00000000  -0.00000000    -0.00220384   0.00000000
    7   18
  0.00171919   0.00000000     0.00078679  -0.00000000    -0.00026339   0.00000000
  0.00180465   0.00000000    -0.00259868  -0.00000000    -0.00091837   0.00000000
 -0.00006312  -0.00000000     0.00033604  -0.00000000     0.00086894  -0.00000000
    7   19
  0.00171919   0.00000000     0.00078679   0.00000000     0.00026339  -0.00000000
  0.00180465   0.00000000    -0.00259868  -0.00000000     0.00091837   0.00000000
  0.00006312   0.00000000    -0.00033604   0.00000000     0.00086894   0.00000000
    7   20
 -0.00157375  -0.00000000    -0.00130273  -0.00000000    -0.00097612  -0.00000000
 -0.00081919   0.00000000     0.00303443   0.00000000    -0.00061244  -0.00000000
 -0.00029958   0.00000000     0.00195583   0.00000000     0.00056826   0.00000000
    7   21
 -0.00157375  -0.00000000    -0.00130273   0.00000000     0.00097612  -0.00000000
 -0.00081919  -0.00000000     0.00303443   0.00000000     0.00061244  -0.00000000
  0.00029958  -0.00000000    -0.00195583   0.00000000     0.00056826   0.00000000
    7   22
 -0.07776751   0.00000000     0.00000000   0.00000000    -0.00000000  -0.00000000
  0.00000000   0.00000000     0.00008520   0.00000000     0.00000000   0.00000000
 -0.00000000  -0.00000000     0.00000000   0.00000000     0.00442570   0.00000000
    7   23
 -0.00157375  -0.00000000     0.00130273   0.00000000    -0.00097612  -0.00000000
  0.00081919  -0.00000000     0.00303443   0.00000000     0.00061244   0.00000000
 -0.00029958   0.00000000    -0.00195583  -0.00000000     0.00056826   0.00000000
    7   24
 -0.00157375  -0.00000000     0.00130273  -0.00000000     0.00097612  -0.00000000
  0.00081919   0.00000000     0.00303443   0.00000000    -0.00061244   0.00000000
  0.00029958  -0.00000000     0.00195583  -0.00000000     0.00056826   0.00000000
    7   25
  0.00171919   0.00000000    -0.00078679   0.00000000    -0.00026339   0.00000000
 -0.00180465  -0.00000000    -0.00259868  -0.00000000     0.00091837  -0.00000000
 -0.00006312  -0.00000000    -0.00033604   0.00000000     0.00086894  -0.00000000
    7   26
  0.00171919   0.00000000    -0.00078679  -0.00000000     0.00026339  -0.00000000
 -0.00180465  -0.00000000    -0.00259868  -0.00000000    -0.00091837  -0.00000000
  0.00006312   0.00000000     0.00033604  -0.00000000     0.00086894   0.00000000
    7   27
 -0.00008039   0.00000000     0.00000000  -0.00000000     0.00059079  -0.00000000
  0.00000000   0.00000000     0.00075951   0.00000000     0.00000000  -0.00000000
  0.00119022  -0.00000000    -0.00000000   0.00000000     0.00024746  -0.00000000
    7   28
 -0.00124388  -0.00000000    -0.00077782   0.00000000     0.00168519  -0.00000000
 -0.00042658   0.00000000    -0.05421471  -0.00000000     0.04953077   0.00000000
  0.00175681   0.00000000     0.03785021  -0.00000000    -0.02274787  -0.00000000
    7   29
  0.00185385   0.00000000    -0.00013577  -0.00000000    -0.00074058  -0.00000000
 -0.00022579   0.00000000    -0.00189794  -0.00000000    -0.00190057  -0.00000000
 -0.00020604   0.00000000     0.00032684   0.00000000    -0.00220512  -0.00000000
    7   30
  0.00185385   0.00000000     0.00013577   0.00000000     0.00074058   0.00000000
  0.00022579  -0.00000000    -0.00189794  -0.00000000    -0.00190057  -0.00000000
  0.00020604  -0.00000000     0.00032684   0.00000000    -0.00220512  -0.00000000
    7   31
 -0.00124388  -0.00000000     0.00077782   0.00000000    -0.00168519  -0.00000000
  0.00042658  -0.00000000    -0.05421471   0.00000000     0.04953077   0.00000000
 -0.00175681   0.00000000     0.03785021  -0.00000000    -0.02274787   0.00000000
    7   32
  0.00008039   0.00000000    -0.00000000  -0.00000000     0.00059079  -0.00000000
  0.00000000   0.00000000    -0.00075951  -0.00000000     0.00000000   0.00000000
  0.00119022   0.00000000    -0.00000000  -0.00000000    -0.00024746  -0.00000000
    7   33
  0.00185385   0.00000000    -0.00013577  -0.00000000     0.00074058   0.00000000
 -0.00022579   0.00000000    -0.00189794  -0.00000000     0.00190057   0.00000000
  0.00020604  -0.00000000    -0.00032684  -0.00000000    -0.00220512  -0.00000000
    7   34
 -0.00124388  -0.00000000    -0.00077782  -0.00000000    -0.00168519  -0.00000000
 -0.00042658   0.00000000    -0.05421471   0.00000000    -0.04953077  -0.00000000
 -0.00175681   0.00000000    -0.03785021   0.00000000    -0.02274787   0.00000000
    7   35
 -0.00124388  -0.00000000     0.00077782  -0.00000000     0.00168519  -0.00000000
  0.00042658  -0.00000000    -0.05421471  -0.00000000    -0.04953077  -0.00000000
  0.00175681   0.00000000    -0.03785021   0.00000000    -0.02274787  -0.00000000
    7   36
  0.00185385   0.00000000     0.00013577   0.00000000    -0.00074058  -0.00000000
  0.00022579  -0.00000000    -0.00189794  -0.00000000     0.00190057   0.00000000
 -0.00020604   0.00000000    -0.00032684  -0.00000000    -0.00220512  -0.00000000
    8    1
  0.00071046  -0.00000000     0.00089034   0.00000000     0.00065658   0.00000000
  0.00157738   0.00000000     0.00168734  -0.00000000    -0.00040440  -0.00000000
  0.00058850   0.00000000    -0.00012113  -0.00000000     0.00028637  -0.00000000
    8    2
  0.00071046  -0.00000000    -0.00089034  -0.00000000     0.00065658   0.00000000
 -0.00157738  -0.00000000     0.00168734  -0.00000000     0.00040440   0.00000000
  0.00058850   0.00000000     0.00012113   0.00000000     0.00028637  -0.00000000
    8    3
  0.00070092  -0.00000000     0.00107451  -0.00000000     0.00012977  -0.00000000
  0.00171764   0.00000000     0.00150493  -0.00000000    -0.00047463  -0.00000000
  0.00063069   0.00000000    -0.00034603   0.00000000     0.00047238  -0.00000000
    8    4
 -0.00070092   0.00000000     0.00107451  -0.00000000    -0.00012977   0.00000000
  0.00171764   0.00000000    -0.00150493   0.00000000    -0.00047463   0.00000000
 -0.00063069  -0.00000000    -0.00034603  -0.00000000    -0.00047238   0.00000000
    8    5
  0.02449591   0.00000000     0.00000000   0.00000000    -0.00249457  -0.00000000
 -0.00000000   0.00000000    -0.01699522  -0.00000000    -0.00000000   0.00000000
 -0.00355142  -0.00000000     0.00000000   0.00000000    -0.00429309  -0.00000000
    8    6
  0.00102794  -0.00000000    -0.00000000   0.00000000     0.00209890   0.00000000
  0.00000000   0.00000000     0.00105560   0.00000000     0.00000000  -0.00000000
 -0.00039923  -0.00000000    -0.00000000  -0.00000000    -0.00881527   0.00000000
    8    7
 -0.00615302  -0.00000000    -0.00000000   0.00000000     0.01170027  -0.00000000
 -0.00000000   0.00000000    -0.00229889   0.00000000     0.00000000   0.00000000
  0.00635222  -0.00000000     0.00000000  -0.00000000     0.00571877   0.00000000
    8    8
  0.15366690  -0.00000000     0.00000000  -0.00000000    -0.02375080  -0.00000000
  0.00000000  -0.00000000     0.28116589  -0.00000000    -0.00000000   0.00000000
 -0.02375080  -0.00000000    -0.00000000   0.00000000     0.18917312   0.00000000
    8    9
  0.01358720   0.00000000    -0.00000000  -0.00000000    -0.00245929   0.00000000
 -0.00000000  -0.00000000     0.00114028   0.00000000    -0.00000000   0.00000000
  0.00245929  -0.00000000     0.00000000  -0.00000000    -0.01318017  -0.00000000
    8   10
 -0.01198049   0.00000000     0.00000000   0.00000000     0.00023259   0.00000000
  0.00000000   0.00000000    -0.02481804   0.00000000    -0.00000000  -0.00000000
  0.00355627   0.00000000     0.00000000   0.00000000    -0.01096966  -0.00000000
    8   11
 -0.00785646  -0.00000000     0.00000000  -0.00000000    -0.00107947   0.00000000
  0.00000000  -0.00000000    -0.00071250   0.00000000     0.00000000  -0.00000000
 -0.00107947   0.00000000    -0.00000000  -0.00000000    -0.00275223  -0.00000000
    8   12
 -0.00293907   0.00000000    -0.00000000   0.00000000    -0.00516640  -0.00000000
 -0.00000000   0.00000000     0.02123035   0.00000000     0.00000000   0.00000000
  0.01218991   0.00000000     0.00000000   0.00000000     0.01389725   0.00000000
    8   13
  0.00426216   0.00000000    -0.00000000   0.00000000    -0.00707839  -0.00000000
 -0.00000000   0.00000000     0.00204541   0.00000000     0.00000000  -0.00000000
 -0.00660700  -0.00000000    -0.00000000  -0.00000000     0.00313536   0.00000000
    8   14
  0.00460088   0.00000000    -0.00000000  -0.00000000     0.00117956   0.00000000
  0.00000000  -0.00000000     0.00040471   0.00000000     0.00000000   0.00000000
  0.00031161  -0.00000000     0.00000000   0.00000000    -0.00300239  -0.00000000
    8   15
  0.00149780   0.00000000    -0.00000000   0.00000000     0.00675280   0.00000000
  0.00000000  -0.00000000    -0.02467091   0.00000000    -0.00000000   0.00000000
 -0.00675280  -0.00000000     0.00000000  -0.00000000    -0.01930250  -0.00000000
    8   16
 -0.00964069   0.00000000    -0.00000000   0.00000000    -0.00416482   0.00000000
 -0.00000000   0.00000000    -0.02011882  -0.00000000     0.00000000  -0.00000000
  0.00160671   0.00000000     0.00000000   0.00000000    -0.00158276   0.00000000
    8   17
  0.00124660  -0.00000000     0.00000000  -0.00000000    -0.00021874  -0.00000000
 -0.00000000   0.00000000     0.00063956  -0.00000000     0.00000000  -0.00000000
 -0.00238935   0.00000000    -0.00000000   0.00000000     0.00031484  -0.00000000
    8   18
  0.00105625   0.00000000     0.00098039   0.00000000     0.00193105   0.00000000
 -0.00104734  -0.00000000     0.00067109  -0.00000000     0.00225338   0.00000000
 -0.00219467  -0.00000000     0.00075772   0.00000000    -0.00047550   0.00000000
    8   19
 -0.00162599  -0.00000000    -0.00031670  -0.00000000    -0.00037720  -0.00000000
  0.00139894  -0.00000000     0.00180357  -0.00000000    -0.00029354   0.00000000
  0.00131853   0.00000000    -0.00175790  -0.00000000    -0.00129996  -0.00000000
    8   20
 -0.01667104   0.00000000     0.03529043   0.00000000    -0.01270138  -0.00000000
  0.04316408  -0.00000000    -0.05437279  -0.00000000     0.02551393  -0.00000000
 -0.00988147   0.00000000     0.01880593  -0.00000000    -0.00733306   0.00000000
    8   21
  0.00100034   0.00000000     0.00056871  -0.00000000     0.00201478   0.00000000
 -0.00062486   0.00000000    -0.00043218   0.00000000     0.00127752   0.00000000
 -0.00264962  -0.00000000    -0.00016501   0.00000000    -0.00137165  -0.00000000
    8   22
 -0.01836916  -0.00000000     0.00000000   0.00000000     0.03567569   0.00000000
 -0.00000000   0.00000000    -0.00144701  -0.00000000    -0.00000000  -0.00000000
  0.03626280   0.00000000     0.00000000  -0.00000000    -0.05664393  -0.00000000
    8   23
 -0.01667104   0.00000000    -0.03529043  -0.00000000    -0.01270138  -0.00000000
 -0.04316408   0.00000000    -0.05437279  -0.00000000    -0.02551393   0.00000000
 -0.00988147   0.00000000    -0.01880593   0.00000000    -0.00733306   0.00000000
    8   24
  0.00100034   0.00000000    -0.00056871   0.00000000     0.00201478   0.00000000
  0.00062486  -0.00000000    -0.00043218   0.00000000    -0.00127752  -0.00000000
 -0.00264962  -0.00000000     0.00016501  -0.00000000    -0.00137165  -0.00000000
    8   25
  0.00105625   0.00000000    -0.00098039  -0.00000000     0.00193105   0.00000000
  0.00104734   0.00000000     0.00067109  -0.00000000    -0.00225338  -0.00000000
 -0.00219467  -0.00000000    -0.00075772  -0.00000000    -0.00047550   0.00000000
    8   26
 -0.00162599  -0.00000000     0.00031670   0.00000000    -0.00037720  -0.00000000
 -0.00139894   0.00000000     0.00180357  -0.00000000     0.00029354  -0.00000000
  0.00131853   0.00000000     0.00175790   0.00000000    -0.00129996  -0.00000000
    8   27
 -0.01714070   0.00000000    -0.00000000   0.00000000     0.02881189   0.00000000
  0.00000000  -0.00000000    -0.00396710  -0.00000000     0.00000000  -0.00000000
  0.03055842  -0.00000000    -0.00000000   0.00000000    -0.04844154  -0.00000000
    8   28
 -0.00136107  -0.00000000    -0.00037653   0.00000000    -0.00096791   0.00000000
  0.00071525   0.00000000     0.00072153   0.00000000    -0.00110567  -0.00000000
  0.00258411   0.00000000    -0.00027550  -0.00000000     0.00057385  -0.00000000
    8   29
 -0.01803531   0.00000000     0.03595414   0.00000000    -0.01072865  -0.00000000
  0.04280554  -0.00000000    -0.05395104   0.00000000     0.02413605  -0.00000000
 -0.00848075   0.00000000     0.01818631  -0.00000000    -0.00427186   0.00000000
    8   30
 -0.00091837  -0.00000000    -0.00090201   0.00000000     0.00120009   0.00000000
  0.00067496   0.00000000     0.00230401  -0.00000000    -0.00002720   0.00000000
  0.00096999  -0.00000000    -0.00249376  -0.00000000     0.00023115   0.00000000
    8   31
 -0.00134254  -0.00000000    -0.00018407  -0.00000000    -0.00180438  -0.00000000
  0.00134844   0.00000000    -0.00013148  -0.00000000    -0.00097788   0.00000000
  0.00149109   0.00000000    -0.00122940  -0.00000000     0.00019819   0.00000000
    8   32
 -0.00150837  -0.00000000    -0.00000000   0.00000000    -0.00077348  -0.00000000
 -0.00000000   0.00000000    -0.00068558   0.00000000     0.00000000   0.00000000
  0.00359993   0.00000000     0.00000000  -0.00000000     0.00052549   0.00000000
    8   33
 -0.00091837  -0.00000000     0.00090201  -0.00000000     0.00120009   0.00000000
 -0.00067496  -0.00000000     0.00230401  -0.00000000     0.00002720  -0.00000000
  0.00096999  -0.00000000     0.00249376   0.00000000     0.00023115   0.00000000
    8   34
 -0.00134254  -0.00000000     0.00018407   0.00000000    -0.00180438  -0.00000000
 -0.00134844  -0.00000000    -0.00013148  -0.00000000     0.00097788  -0.00000000
  0.00149109   0.00000000     0.00122940   0.00000000     0.00019819   0.00000000
    8   35
 -0.00136107  -0.00000000     0.00037653  -0.00000000    -0.00096791   0.00000000
 -0.00071525  -0.00000000     0.00072153   0.00000000     0.00110567   0.00000000
  0.00258411   0.00000000     0.00027550   0.00000000     0.00057385  -0.00000000
    8   36
 -0.01803531   0.00000000    -0.03595414  -0.00000000    -0.01072865  -0.00000000
 -0.04280554   0.00000000    -0.05395104   0.00000000    -0.02413605   0.00000000
 -0.00848075   0.00000000    -0.01818631   0.00000000    -0.00427186   0.00000000
    9    1
  0.00071046  -0.00000000     0.00089034   0.00000000    -0.00065658  -0.00000000
  0.00157738  -0.00000000     0.00168734   0.00000000     0.00040440   0.00000000
 -0.00058850   0.00000000     0.00012113   0.00000000     0.00028637   0.00000000
    9    2
  0.00071046  -0.00000000    -0.00089034  -0.00000000    -0.00065658  -0.00000000
 -0.00157738   0.00000000     0.00168734   0.00000000    -0.00040440  -0.00000000
 -0.00058850   0.00000000    -0.00012113  -0.00000000     0.00028637   0.00000000
    9    3
 -0.00070092   0.00000000     0.00107451   0.00000000     0.00012977  -0.00000000
  0.00171764  -0.00000000    -0.00150493  -0.00000000     0.00047463   0.00000000
  0.00063069   0.00000000     0.00034603  -0.00000000    -0.00047238  -0.00000000
    9    4
  0.00070092  -0.00000000     0.00107451   0.00000000    -0.00012977   0.00000000
  0.00171764  -0.00000000     0.00150493  -0.00000000     0.00047463   0.00000000
 -0.00063069  -0.00000000     0.00034603  -0.00000000     0.00047238   0.00000000
    9    5
  0.00102794  -0.00000000     0.00000000  -0.00000000    -0.00209890   0.00000000
 -0.00000000   0.00000000     0.00105560   0.00000000    -0.00000000   0.00000000
  0.00039923   0.00000000    -0.00000000   0.00000000    -0.00881527   0.00000000
    9    6
  0.02449591   0.00000000     0.00000000   0.00000000     0.00249457  -0.00000000
  0.00000000   0.00000000    -0.01699522  -0.00000000    -0.00000000  -0.00000000
  0.00355142  -0.00000000     0.00000000   0.00000000    -0.00429309  -0.00000000
    9    7
 -0.00615302  -0.00000000     0.00000000   0.00000000    -0.01170027   0.00000000
  0.00000000   0.00000000    -0.00229889  -0.00000000     0.00000000   0.00000000
 -0.00635222   0.00000000     0.00000000   0.00000000     0.00571877  -0.00000000
    9    8
  0.01358720   0.00000000    -0.00000000  -0.00000000     0.00245929  -0.00000000
 -0.00000000  -0.00000000     0.00114028   0.00000000     0.00000000  -0.00000000
 -0.00245929   0.00000000    -0.00000000   0.00000000    -0.01318017  -0.00000000
    9    9
  0.15366690  -0.00000000     0.00000000  -0.00000000     0.02375080  -0.00000000
  0.00000000  -0.00000000     0.28116589  -0.00000000     0.00000000   0.00000000
  0.02375080  -0.00000000     0.00000000   0.00000000     0.18917312   0.00000000
    9   10
 -0.01198049   0.00000000    -0.00000000   0.00000000    -0.00023259   0.00000000
  0.00000000  -0.00000000    -0.02481804  -0.00000000     0.00000000   0.00000000
 -0.00355627   0.00000000    -0.00000000   0.00000000    -0.01096966  -0.00000000
    9   11
  0.00149780   0.00000000     0.00000000   0.00000000    -0.00675280  -0.00000000
  0.00000000   0.00000000    -0.02467091   0.00000000     0.00000000   0.00000000
  0.00675280   0.00000000    -0.00000000  -0.00000000    -0.01930250  -0.00000000
    9   12
  0.00460088   0.00000000    -0.00000000   0.00000000    -0.00117956  -0.00000000
  0.00000000   0.00000000     0.00040471  -0.00000000     0.00000000   0.00000000
 -0.00031161  -0.00000000     0.00000000  -0.00000000    -0.00300239   0.00000000
    9   13
 -0.00964069   0.00000000     0.00000000   0.00000000     0.00416482   0.00000000
  0.00000000   0.00000000    -0.02011882  -0.00000000     0.00000000   0.00000000
 -0.00160671   0.00000000     0.00000000   0.00000000    -0.00158276  -0.00000000
    9   14
 -0.00293907  -0.00000000     0.00000000   0.00000000     0.00516640   0.00000000
  0.00000000   0.00000000     0.02123035  -0.00000000     0.00000000  -0.00000000
 -0.01218991  -0.00000000     0.00000000  -0.00000000     0.01389725   0.00000000
    9   15
 -0.00785646  -0.00000000     0.00000000  -0.00000000     0.00107947  -0.00000000
  0.00000000  -0.00000000    -0.00071250  -0.00000000    -0.00000000   0.00000000
  0.00107947  -0.00000000    -0.00000000   0.00000000    -0.00275223   0.00000000
    9   16
  0.00426216  -0.00000000     0.00000000   0.00000000     0.00707839   0.00000000
  0.00000000   0.00000000     0.00204541   0.00000000    -0.00000000   0.00000000
  0.00660700  -0.00000000     0.00000000   0.00000000     0.00313536   0.00000000
    9   17
  0.00124660  -0.00000000     0.00000000   0.00000000     0.00021874   0.00000000
  0.00000000   0.00000000     0.00063956  -0.00000000    -0.00000000   0.00000000
  0.00238935  -0.00000000     0.00000000  -0.00000000     0.00031484  -0.00000000
    9   18
 -0.00162599  -0.00000000    -0.00031670  -0.00000000     0.00037720   0.00000000
  0.00139894   0.00000000     0.00180357   0.00000000     0.00029354  -0.00000000
 -0.00131853  -0.00000000     0.00175790   0.00000000    -0.00129996  -0.00000000
    9   19
  0.00105625   0.00000000     0.00098039   0.00000000    -0.00193105  -0.00000000
 -0.00104734  -0.00000000     0.00067109   0.00000000    -0.00225338  -0.00000000
  0.00219467   0.00000000    -0.00075772   0.00000000    -0.00047550  -0.00000000
    9   20
  0.00100034   0.00000000     0.00056871   0.00000000    -0.00201478  -0.00000000
 -0.00062486  -0.00000000    -0.00043218  -0.00000000    -0.00127752  -0.00000000
  0.00264962   0.00000000     0.00016501   0.00000000    -0.00137165   0.00000000
    9   21
 -0.01667104  -0.00000000     0.03529043   0.00000000     0.01270138   0.00000000
  0.04316408   0.00000000    -0.05437279  -0.00000000    -0.02551393   0.00000000
  0.00988147  -0.00000000    -0.01880593   0.00000000    -0.00733306  -0.00000000
    9   22
 -0.01836916  -0.00000000     0.00000000   0.00000000    -0.03567569   0.00000000
  0.00000000   0.00000000    -0.00144701   0.00000000     0.00000000   0.00000000
 -0.03626280  -0.00000000     0.00000000   0.00000000    -0.05664393   0.00000000
    9   23
  0.00100034   0.00000000    -0.00056871  -0.00000000    -0.00201478  -0.00000000
  0.00062486   0.00000000    -0.00043218  -0.00000000     0.00127752   0.00000000
  0.00264962   0.00000000    -0.00016501  -0.00000000    -0.00137165   0.00000000
    9   24
 -0.01667104  -0.00000000    -0.03529043  -0.00000000     0.01270138   0.00000000
 -0.04316408  -0.00000000    -0.05437279  -0.00000000     0.02551393  -0.00000000
  0.00988147  -0.00000000     0.01880593  -0.00000000    -0.00733306  -0.00000000
    9   25
 -0.00162599  -0.00000000     0.00031670   0.00000000     0.00037720   0.00000000
 -0.00139894  -0.00000000     0.00180357   0.00000000    -0.00029354   0.00000000
 -0.00131853  -0.00000000    -0.00175790  -0.00000000    -0.00129996  -0.00000000
    9   26
  0.00105625   0.00000000    -0.00098039  -0.00000000    -0.00193105  -0.00000000
  0.00104734   0.00000000     0.00067109   0.00000000     0.00225338   0.00000000
  0.00219467   0.00000000     0.00075772  -0.00000000    -0.00047550  -0.00000000
    9   27
  0.00150837  -0.00000000     0.00000000   0.00000000    -0.00077348   0.00000000
  0.00000000  -0.00000000     0.00068558  -0.00000000     0.00000000  -0.00000000
  0.00359993  -0.00000000     0.00000000  -0.00000000    -0.00052549  -0.00000000
    9   28
 -0.00134254  -0.00000000     0.00018407   0.00000000     0.00180438   0.00000000
 -0.00134844  -0.00000000    -0.00013148  -0.00000000    -0.00097788   0.00000000
 -0.00149109  -0.00000000    -0.00122940  -0.00000000     0.00019819   0.00000000
    9   29
 -0.00091837  -0.00000000     0.00090201   0.00000000    -0.00120009  -0.00000000
 -0.00067496  -0.00000000     0.00230401   0.00000000    -0.00002720   0.00000000
 -0.00096999  -0.00000000    -0.00249376  -0.00000000     0.00023115   0.00000000
    9   30
 -0.01803531   0.00000000    -0.03595414  -0.00000000     0.01072865   0.00000000
 -0.04280554  -0.00000000    -0.05395104   0.00000000     0.02413605  -0.00000000
  0.00848075  -0.00000000     0.01818631  -0.00000000    -0.00427186  -0.00000000
    9   31
 -0.00136107  -0.00000000     0.00037653   0.00000000     0.00096791  -0.00000000
 -0.00071525   0.00000000     0.00072153   0.00000000    -0.00110567  -0.00000000
 -0.00258411   0.00000000    -0.00027550  -0.00000000     0.00057385  -0.00000000
    9   32
  0.01714070   0.00000000    -0.00000000   0.00000000     0.02881189  -0.00000000
  0.00000000   0.00000000     0.00396710   0.00000000     0.00000000  -0.00000000
  0.03055842   0.00000000     0.00000000   0.00000000     0.04844154  -0.00000000
    9   33
 -0.01803531   0.00000000     0.03595414   0.00000000     0.01072865   0.00000000
  0.04280554   0.00000000    -0.05395104   0.00000000    -0.02413605   0.00000000
  0.00848075  -0.00000000    -0.01818631   0.00000000    -0.00427186  -0.00000000
    9   34
 -0.00136107  -0.00000000    -0.00037653  -0.00000000     0.00096791  -0.00000000
  0.00071525  -0.00000000     0.00072153   0.00000000     0.00110567   0.00000000
 -0.00258411   0.00000000     0.00027550   0.00000000     0.00057385  -0.00000000
    9   35
 -0.00134254  -0.00000000    -0.00018407  -0.00000000     0.00180438   0.00000000
  0.00134844   0.00000000    -0.00013148  -0.00000000     0.00097788  -0.00000000
 -0.00149109  -0.00000000     0.00122940   0.00000000     0.00019819   0.00000000
    9   36
 -0.00091837  -0.00000000    -0.00090201  -0.00000000    -0.00120009  -0.00000000
  0.00067496   0.00000000     0.00230401   0.00000000     0.00002720  -0.00000000
 -0.00096999  -0.00000000     0.00249376   0.00000000     0.00023115   0.00000000
   10    1
  0.00149540   0.00000000     0.00052321  -0.00000000     0.00000000   0.00000000
  0.00186339  -0.00000000     0.00294235   0.00000000     0.00000000  -0.00000000
  0.00000000  -0.00000000     0.00000000  -0.00000000     0.00039022   0.00000000
   10    2
  0.00149540   0.00000000    -0.00052321   0.00000000    -0.00000000   0.00000000
 -0.00186339   0.00000000     0.00294235   0.00000000     0.00000000   0.00000000
  0.00000000  -0.00000000    -0.00000000   0.00000000     0.00039022   0.00000000
   10    3
  0.00000000  -0.00000000    -0.00020877   0.00000000     0.00021500   0.00000000
 -0.00003555   0.00000000    -0.00000000  -0.00000000     0.00000000  -0.00000000
 -0.00006202  -0.00000000     0.00000000   0.00000000    -0.00000000  -0.00000000
   10    4
  0.00000000  -0.00000000    -0.00020877   0.00000000    -0.00021500  -0.00000000
 -0.00003555   0.00000000    -0.00000000   0.00000000     0.00000000  -0.00000000
  0.00006202   0.00000000    -0.00000000   0.00000000    -0.00000000   0.00000000
   10    5
  0.00744314   0.00000000    -0.00000000  -0.00000000    -0.00456605  -0.00000000
 -0.00000000  -0.00000000     0.00149024   0.00000000     0.00000000   0.00000000
 -0.00455866  -0.00000000     0.00000000   0.00000000     0.00091639   0.00000000
   10    6
  0.00744314   0.00000000    -0.00000000   0.00000000     0.00456605  -0.00000000
  0.00000000   0.00000000     0.00149024   0.00000000    -0.00000000  -0.00000000
  0.00455866   0.00000000    -0.00000000  -0.00000000     0.00091639  -0.00000000
   10    7
  0.01701162   0.00000000     0.00000000   0.00000000     0.00000000  -0.00000000
  0.00000000   0.00000000    -0.00357700  -0.00000000     0.00000000   0.00000000
  0.00000000  -0.00000000     0.00000000   0.00000000    -0.00022625   0.00000000
   10    8
 -0.01198049   0.00000000     0.00000000   0.00000000     0.00355627   0.00000000
  0.00000000   0.00000000    -0.02481804   0.00000000     0.00000000   0.00000000
  0.00023259   0.00000000    -0.00000000  -0.00000000    -0.01096966  -0.00000000
   10    9
 -0.01198049   0.00000000     0.00000000  -0.00000000    -0.00355627   0.00000000
 -0.00000000   0.00000000    -0.02481804  -0.00000000    -0.00000000   0.00000000
 -0.00023259   0.00000000     0.00000000   0.00000000    -0.01096966  -0.00000000
   10   10
  0.20034944  -0.00000000     0.00000000   0.00000000     0.00000000  -0.00000000
  0.00000000   0.00000000     0.27895837   0.00000000     0.00000000   0.00000000
  0.00000000  -0.00000000     0.00000000   0.00000000     0.14896851   0.00000000
   10   11
 -0.00615302  -0.00000000     0.00000000   0.00000000     0.00635222  -0.00000000
  0.00000000   0.00000000    -0.00229889   0.00000000     0.00000000  -0.00000000
  0.01170027  -0.00000000    -0.00000000  -0.00000000     0.00571877   0.00000000
   10   12
  0.00207493   0.00000000     0.00000000  -0.00000000     0.00607918   0.00000000
  0.00000000   0.00000000     0.01937996   0.00000000     0.00000000   0.00000000
  0.00034059   0.00000000     0.00000000   0.00000000     0.01076260   0.00000000
   10   13
  0.00290399   0.00000000     0.00000000   0.00000000    -0.00310125  -0.00000000
  0.00000000   0.00000000    -0.00094214  -0.00000000    -0.00000000   0.00000000
 -0.00323308  -0.00000000     0.00000000   0.00000000    -0.00322867   0.00000000
   10   14
  0.00207493   0.00000000    -0.00000000   0.00000000    -0.00607918  -0.00000000
  0.00000000   0.00000000     0.01937996  -0.00000000    -0.00000000   0.00000000
 -0.00034059   0.00000000     0.00000000   0.00000000     0.01076260   0.00000000
   10   15
 -0.00615302  -0.00000000     0.00000000   0.00000000    -0.00635222   0.00000000
  0.00000000   0.00000000    -0.00229889  -0.00000000     0.00000000   0.00000000
 -0.01170027   0.00000000     0.00000000   0.00000000     0.00571877  -0.00000000
   10   16
  0.00290399   0.00000000     0.00000000  -0.00000000     0.00310125  -0.00000000
  0.00000000   0.00000000    -0.00094214   0.00000000    -0.00000000   0.00000000
  0.00323308  -0.00000000    -0.00000000   0.00000000    -0.00322867   0.00000000
   10   17
  0.06387300   0.00000000     0.00000000  -0.00000000     0.00000000   0.00000000
  0.00000000   0.00000000     0.00255798  -0.00000000     0.00000000   0.00000000
  0.00000000   0.00000000     0.00000000   0.00000000    -0.00220384   0.00000000
   10   18
  0.00171919   0.00000000    -0.00078679  -0.00000000     0.00026339  -0.00000000
 -0.00180465  -0.00000000    -0.00259868  -0.00000000    -0.00091837  -0.00000000
  0.00006312   0.00000000     0.00033604  -0.00000000     0.00086894   0.00000000
   10   19
  0.00171919   0.00000000    -0.00078679   0.00000000    -0.00026339   0.00000000
 -0.00180465  -0.00000000    -0.00259868  -0.00000000     0.00091837  -0.00000000
 -0.00006312  -0.00000000    -0.00033604   0.00000000     0.00086894  -0.00000000
   10   20
 -0.00157375  -0.00000000     0.00130273  -0.00000000     0.00097612  -0.00000000
  0.00081919   0.00000000     0.00303443   0.00000000    -0.00061244   0.00000000
  0.00029958  -0.00000000     0.00195583  -0.00000000     0.00056826   0.00000000
   10   21
 -0.00157375  -0.00000000     0.00130273   0.00000000    -0.00097612  -0.00000000
  0.00081919  -0.00000000     0.00303443   0.00000000     0.00061244   0.00000000
 -0.00029958   0.00000000    -0.00195583  -0.00000000     0.00056826   0.00000000
   10   22
 -0.07776751   0.00000000     0.00000000   0.00000000     0.00000000  -0.00000000
  0.00000000   0.00000000     0.00008520   0.00000000     0.00000000   0.00000000
  0.00000000  -0.00000000     0.00000000   0.00000000     0.00442570   0.00000000
   10   23
 -0.00157375  -0.00000000    -0.00130273   0.00000000     0.00097612  -0.00000000
 -0.00081919  -0.00000000     0.00303443   0.00000000     0.00061244  -0.00000000
  0.00029958  -0.00000000    -0.00195583   0.00000000     0.00056826   0.00000000
   10   24
 -0.00157375  -0.00000000    -0.00130273  -0.00000000    -0.00097612  -0.00000000
 -0.00081919   0.00000000     0.00303443   0.00000000    -0.00061244  -0.00000000
 -0.00029958   0.00000000     0.00195583   0.00000000     0.00056826   0.00000000
   10   25
  0.00171919   0.00000000     0.00078679   0.00000000     0.00026339  -0.00000000
  0.00180465   0.00000000    -0.00259868  -0.00000000     0.00091837   0.00000000
  0.00006312   0.00000000    -0.00033604   0.00000000     0.00086894   0.00000000
   10   26
  0.00171919   0.00000000     0.00078679  -0.00000000    -0.00026339   0.00000000
  0.00180465   0.00000000    -0.00259868  -0.00000000    -0.00091837   0.00000000
 -0.00006312  -0.00000000     0.00033604  -0.00000000     0.00086894  -0.00000000
   10   27
  0.00008039  -0.00000000     0.00000000  -0.00000000    -0.00059079   0.00000000
  0.00000000  -0.00000000    -0.00075951   0.00000000     0.00000000  -0.00000000
 -0.00119022   0.00000000     0.00000000   0.00000000    -0.00024746   0.00000000
   10   28
  0.00185385   0.00000000     0.00013577   0.00000000    -0.00074058  -0.00000000
  0.00022579  -0.00000000    -0.00189794  -0.00000000     0.00190057   0.00000000
 -0.00020604   0.00000000    -0.00032684  -0.00000000    -0.00220512  -0.00000000
   10   29
 -0.00124388  -0.00000000     0.00077782  -0.00000000     0.00168519  -0.00000000
  0.00042658  -0.00000000    -0.05421471  -0.00000000    -0.04953077  -0.00000000
  0.00175681   0.00000000    -0.03785021   0.00000000    -0.02274787  -0.00000000
   10   30
 -0.00124388  -0.00000000    -0.00077782  -0.00000000    -0.00168519  -0.00000000
 -0.00042658   0.00000000    -0.05421471   0.00000000    -0.04953077  -0.00000000
 -0.00175681   0.00000000    -0.03785021   0.00000000    -0.02274787   0.00000000
   10   31
  0.00185385   0.00000000    -0.00013577  -0.00000000     0.00074058   0.00000000
 -0.00022579   0.00000000    -0.00189794  -0.00000000     0.00190057   0.00000000
  0.00020604  -0.00000000    -0.00032684  -0.00000000    -0.00220512  -0.00000000
   10   32
 -0.00008039  -0.00000000     0.00000000  -0.00000000    -0.00059079   0.00000000
 -0.00000000  -0.00000000     0.00075951   0.00000000     0.00000000   0.00000000
 -0.00119022  -0.00000000     0.00000000  -0.00000000     0.00024746   0.00000000
   10   33
 -0.00124388  -0.00000000     0.00077782   0.00000000    -0.00168519  -0.00000000
  0.00042658  -0.00000000    -0.05421471   0.00000000     0.04953077   0.00000000
 -0.00175681   0.00000000     0.03785021  -0.00000000    -0.02274787   0.00000000
   10   34
  0.00185385   0.00000000     0.00013577   0.00000000     0.00074058   0.00000000
  0.00022579  -0.00000000    -0.00189794  -0.00000000    -0.00190057  -0.00000000
  0.00020604  -0.00000000     0.00032684   0.00000000    -0.00220512  -0.00000000
   10   35
  0.00185385   0.00000000    -0.00013577  -0.00000000    -0.00074058  -0.00000000
 -0.00022579   0.00000000    -0.00189794  -0.00000000    -0.00190057  -0.00000000
 -0.00020604   0.00000000     0.00032684   0.00000000    -0.00220512  -0.00000000
   10   36
 -0.00124388  -0.00000000    -0.00077782   0.00000000     0.00168519  -0.00000000
 -0.00042658   0.00000000    -0.05421471  -0.00000000     0.04953077   0.00000000
  0.00175681   0.00000000     0.03785021  -0.00000000    -0.02274787  -0.00000000
   11    1
  0.00071046  -0.00000000    -0.00089034  -0.00000000     0.00065658   0.00000000
 -0.00157738  -0.00000000     0.00168734  -0.00000000     0.00040440   0.00000000
  0.00058850   0.00000000     0.00012113   0.00000000     0.00028637  -0.00000000
   11    2
  0.00071046  -0.00000000     0.00089034   0.00000000     0.00065658   0.00000000
  0.00157738   0.00000000     0.00168734  -0.00000000    -0.00040440  -0.00000000
  0.00058850   0.00000000    -0.00012113  -0.00000000     0.00028637  -0.00000000
   11    3
 -0.00070092   0.00000000     0.00107451  -0.00000000    -0.00012977   0.00000000
  0.00171764   0.00000000    -0.00150493   0.00000000    -0.00047463   0.00000000
 -0.00063069  -0.00000000    -0.00034603  -0.00000000    -0.00047238   0.00000000
   11    4
  0.00070092  -0.00000000     0.00107451  -0.00000000     0.00012977  -0.00000000
  0.00171764   0.00000000     0.00150493  -0.00000000    -0.00047463  -0.00000000
  0.00063069   0.00000000    -0.00034603   0.00000000     0.00047238  -0.00000000
   11    5
  0.00460088   0.00000000    -0.00000000   0.00000000     0.00117956   0.00000000
 -0.00000000   0.00000000     0.00040471   0.00000000    -0.00000000  -0.00000000
  0.00031161  -0.00000000    -0.00000000  -0.00000000    -0.00300239  -0.00000000
   11    6
 -0.00293907   0.00000000    -0.00000000  -0.00000000    -0.00516640  -0.00000000
  0.00000000   0.00000000     0.02123035   0.00000000     0.00000000   0.00000000
  0.01218991   0.00000000     0.00000000   0.00000000     0.01389725   0.00000000
   11    7
 -0.01198049   0.00000000    -0.00000000  -0.00000000     0.00023259   0.00000000
 -0.00000000   0.00000000    -0.02481804   0.00000000     0.00000000  -0.00000000
  0.00355627   0.00000000    -0.00000000   0.00000000    -0.01096966  -0.00000000
   11    8
 -0.00785646  -0.00000000     0.00000000  -0.00000000    -0.00107947   0.00000000
  0.00000000  -0.00000000    -0.00071250   0.00000000    -0.00000000  -0.00000000
 -0.00107947   0.00000000     0.00000000  -0.00000000    -0.00275223  -0.00000000
   11    9
  0.00149780   0.00000000     0.00000000   0.00000000     0.00675280   0.00000000
  0.00000000   0.00000000    -0.02467091   0.00000000    -0.00000000  -0.00000000
 -0.00675280  -0.00000000     0.00000000   0.00000000    -0.01930250  -0.00000000
   11   10
 -0.00615302  -0.00000000     0.00000000   0.00000000     0.01170027  -0.00000000
  0.00000000   0.00000000    -0.00229889   0.00000000    -0.00000000  -0.00000000
  0.00635222  -0.00000000     0.00000000  -0.00000000     0.00571877   0.00000000
   11   11
  0.15366690  -0.00000000     0.00000000   0.00000000    -0.02375080  -0.00000000
  0.00000000   0.00000000     0.28116589  -0.00000000     0.00000000  -0.00000000
 -0.02375080  -0.00000000     0.00000000  -0.00000000     0.18917312   0.00000000
   11   12
  0.00102794  -0.00000000     0.00000000   0.00000000     0.00209890   0.00000000
 -0.00000000   0.00000000     0.00105560   0.00000000     0.00000000  -0.00000000
 -0.00039923  -0.00000000     0.00000000   0.00000000    -0.00881527   0.00000000
   11   13
 -0.00964069   0.00000000     0.00000000   0.00000000    -0.00416482   0.00000000
  0.00000000   0.00000000    -0.02011882  -0.00000000     0.00000000   0.00000000
  0.00160671   0.00000000     0.00000000   0.00000000    -0.00158276   0.00000000
   11   14
  0.02449591   0.00000000     0.00000000   0.00000000    -0.00249457  -0.00000000
 -0.00000000   0.00000000    -0.01699522  -0.00000000    -0.00000000   0.00000000
 -0.00355142  -0.00000000     0.00000000  -0.00000000    -0.00429309  -0.00000000
   11   15
  0.01358720   0.00000000     0.00000000   0.00000000    -0.00245929   0.00000000
  0.00000000   0.00000000     0.00114028   0.00000000     0.00000000  -0.00000000
  0.00245929  -0.00000000    -0.00000000  -0.00000000    -0.01318017  -0.00000000
   11   16
  0.00426216   0.00000000     0.00000000   0.00000000    -0.00707839  -0.00000000
  0.00000000   0.00000000     0.00204541   0.00000000     0.00000000   0.00000000
 -0.00660700  -0.00000000    -0.00000000  -0.00000000     0.00313536   0.00000000
   11   17
  0.00124660  -0.00000000     0.00000000   0.00000000    -0.00021874  -0.00000000
  0.00000000  -0.00000000     0.00063956  -0.00000000     0.00000000   0.00000000
 -0.00238935   0.00000000     0.00000000  -0.00000000     0.00031484  -0.00000000
   11   18
 -0.00162599  -0.00000000     0.00031670   0.00000000    -0.00037720  -0.00000000
 -0.00139894   0.00000000     0.00180357  -0.00000000     0.00029354  -0.00000000
  0.00131853   0.00000000     0.00175790   0.00000000    -0.00129996  -0.00000000
   11   19
  0.00105625   0.00000000    -0.00098039  -0.00000000     0.00193105   0.00000000
  0.00104734   0.00000000     0.00067109  -0.00000000    -0.00225338  -0.00000000
 -0.00219467  -0.00000000    -0.00075772  -0.00000000    -0.00047550   0.00000000
   11   20
  0.00100034   0.00000000    -0.00056871   0.00000000     0.00201478   0.00000000
  0.00062486  -0.00000000    -0.00043218   0.00000000    -0.00127752  -0.00000000
 -0.00264962  -0.00000000     0.00016501  -0.00000000    -0.00137165  -0.00000000
   11   21
 -0.01667104   0.00000000    -0.03529043  -0.00000000    -0.01270138  -0.00000000
 -0.04316408   0.00000000    -0.05437279  -0.00000000    -0.02551393   0.00000000
 -0.00988147   0.00000000    -0.01880593   0.00000000    -0.00733306   0.00000000
   11   22
 -0.01836916  -0.00000000     0.00000000   0.00000000     0.03567569   0.00000000
  0.00000000   0.00000000    -0.00144701  -0.00000000    -0.00000000   0.00000000
  0.03626280   0.00000000    -0.00000000  -0.00000000    -0.05664393  -0.00000000
   11   23
  0.00100034   0.00000000     0.00056871  -0.00000000     0.00201478   0.00000000
 -0.00062486   0.00000000    -0.00043218   0.00000000     0.00127752   0.00000000
 -0.00264962  -0.00000000    -0.00016501   0.00000000    -0.00137165  -0.00000000
   11   24
 -0.01667104   0.00000000     0.03529043   0.00000000    -0.01270138  -0.00000000
  0.04316408  -0.00000000    -0.05437279  -0.00000000     0.02551393  -0.00000000
 -0.00988147   0.00000000     0.01880593  -0.00000000    -0.00733306   0.00000000
   11   25
 -0.00162599  -0.00000000    -0.00031670  -0.00000000    -0.00037720  -0.00000000
  0.00139894  -0.00000000     0.00180357  -0.00000000    -0.00029354   0.00000000
  0.00131853   0.00000000    -0.00175790  -0.00000000    -0.00129996  -0.00000000
   11   26
  0.00105625   0.00000000     0.00098039   0.00000000     0.00193105   0.00000000
 -0.00104734  -0.00000000     0.00067109  -0.00000000     0.00225338   0.00000000
 -0.00219467  -0.00000000     0.00075772   0.00000000    -0.00047550   0.00000000
   11   27
  0.01714070  -0.00000000     0.00000000   0.00000000    -0.02881189  -0.00000000
 -0.00000000  -0.00000000     0.00396710   0.00000000     0.00000000  -0.00000000
 -0.03055842   0.00000000    -0.00000000   0.00000000     0.04844154   0.00000000
   11   28
 -0.01803531   0.00000000    -0.03595414  -0.00000000    -0.01072865  -0.00000000
 -0.04280554   0.00000000    -0.05395104   0.00000000    -0.02413605   0.00000000
 -0.00848075   0.00000000    -0.01818631   0.00000000    -0.00427186   0.00000000
   11   29
 -0.00136107  -0.00000000     0.00037653  -0.00000000    -0.00096791   0.00000000
 -0.00071525  -0.00000000     0.00072153   0.00000000     0.00110567   0.00000000
  0.00258411   0.00000000     0.00027550   0.00000000     0.00057385  -0.00000000
   11   30
 -0.00134254  -0.00000000     0.00018407   0.00000000    -0.00180438  -0.00000000
 -0.00134844  -0.00000000    -0.00013148  -0.00000000     0.00097788  -0.00000000
  0.00149109   0.00000000     0.00122940   0.00000000     0.00019819   0.00000000
   11   31
 -0.00091837  -0.00000000     0.00090201  -0.00000000     0.00120009   0.00000000
 -0.00067496  -0.00000000     0.00230401  -0.00000000     0.00002720  -0.00000000
  0.00096999  -0.00000000     0.00249376   0.00000000     0.00023115   0.00000000
   11   32
  0.00150837   0.00000000    -0.00000000  -0.00000000     0.00077348   0.00000000
  0.00000000   0.00000000     0.00068558   0.00000000     0.00000000  -0.00000000
 -0.00359993  -0.00000000    -0.00000000  -0.00000000    -0.00052549   0.00000000
   11   33
 -0.00134254  -0.00000000    -0.00018407  -0.00000000    -0.00180438  -0.00000000
  0.00134844   0.00000000    -0.00013148  -0.00000000    -0.00097788   0.00000000
  0.00149109   0.00000000    -0.00122940  -0.00000000     0.00019819   0.00000000
   11   34
 -0.00091837  -0.00000000    -0.00090201   0.00000000     0.00120009   0.00000000
  0.00067496   0.00000000     0.00230401  -0.00000000    -0.00002720   0.00000000
  0.00096999  -0.00000000    -0.00249376  -0.00000000     0.00023115   0.00000000
   11   35
 -0.01803531   0.00000000     0.03595414   0.00000000    -0.01072865  -0.00000000
  0.04280554  -0.00000000    -0.05395104   0.00000000     0.02413605  -0.00000000
 -0.00848075   0.00000000     0.01818631  -0.00000000    -0.00427186   0.00000000
   11   36
 -0.00136107  -0.00000000    -0.00037653   0.00000000    -0.00096791   0.00000000
  0.00071525   0.00000000     0.00072153   0.00000000    -0.00110567  -0.00000000
  0.00258411   0.00000000    -0.00027550  -0.00000000     0.00057385  -0.00000000
   12    1
 -0.00076471  -0.00000000    -0.00128886  -0.00000000     0.00039386   0.00000000
 -0.00184998  -0.00000000    -0.00158725  -0.00000000    -0.00040027   0.00000000
  0.00064530   0.00000000     0.00007027   0.00000000    -0.00032522   0.00000000
   12    2
 -0.00076471  -0.00000000     0.00128886   0.00000000     0.00039386   0.00000000
  0.00184998   0.00000000    -0.00158725  -0.00000000     0.00040027  -0.00000000
  0.00064530   0.00000000    -0.00007027  -0.00000000    -0.00032522   0.00000000
   12    3
 -0.00075966   0.00000000     0.00097721  -0.00000000     0.00025073  -0.00000000
  0.00175010   0.00000000    -0.00167917   0.00000000     0.00038097   0.00000000
  0.00060580   0.00000000     0.00017663   0.00000000    -0.00041557  -0.00000000
   12    4
  0.00075966  -0.00000000     0.00097721  -0.00000000    -0.00025073   0.00000000
  0.00175010   0.00000000     0.00167917   0.00000000     0.00038097   0.00000000
 -0.00060580  -0.00000000     0.00017663   0.00000000     0.00041557   0.00000000
   12    5
 -0.00406020   0.00000000     0.00000000   0.00000000    -0.00686714  -0.00000000
 -0.00000000   0.00000000    -0.02482665  -0.00000000     0.00000000   0.00000000
  0.00686714   0.00000000    -0.00000000   0.00000000    -0.01491662  -0.00000000
   12    6
 -0.00140122  -0.00000000    -0.00000000   0.00000000    -0.00036678  -0.00000000
 -0.00000000   0.00000000    -0.00135840   0.00000000     0.00000000   0.00000000
 -0.00036678  -0.00000000     0.00000000   0.00000000     0.00223297   0.00000000
   12    7
  0.00744314   0.00000000    -0.00000000   0.00000000     0.00455866   0.00000000
  0.00000000   0.00000000     0.00149024   0.00000000    -0.00000000   0.00000000
  0.00456605  -0.00000000    -0.00000000   0.00000000     0.00091639  -0.00000000
   12    8
 -0.00293907   0.00000000    -0.00000000   0.00000000     0.01218991   0.00000000
 -0.00000000   0.00000000     0.02123035   0.00000000     0.00000000   0.00000000
 -0.00516640  -0.00000000     0.00000000   0.00000000     0.01389725   0.00000000
   12    9
  0.00460088   0.00000000     0.00000000   0.00000000    -0.00031161  -0.00000000
 -0.00000000   0.00000000     0.00040471  -0.00000000     0.00000000  -0.00000000
 -0.00117956  -0.00000000     0.00000000   0.00000000    -0.00300239   0.00000000
   12   10
  0.00207493   0.00000000     0.00000000   0.00000000     0.00034059   0.00000000
  0.00000000  -0.00000000     0.01937996   0.00000000     0.00000000   0.00000000
  0.00607918   0.00000000     0.00000000   0.00000000     0.01076260   0.00000000
   12   11
  0.00102794  -0.00000000    -0.00000000   0.00000000    -0.00039923  -0.00000000
  0.00000000   0.00000000     0.00105560   0.00000000     0.00000000   0.00000000
  0.00209890   0.00000000     0.00000000  -0.00000000    -0.00881527   0.00000000
   12   12
  0.15101237  -0.00000000     0.00000000   0.00000000     0.03270237  -0.00000000
  0.00000000   0.00000000     0.25535058  -0.00000000     0.00000000   0.00000000
  0.03270237  -0.00000000     0.00000000   0.00000000     0.19396723   0.00000000
   12   13
 -0.01257924   0.00000000     0.00000000   0.00000000     0.00052786  -0.00000000
  0.00000000   0.00000000    -0.02263913   0.00000000     0.00000000   0.00000000
 -0.00197267   0.00000000    -0.00000000   0.00000000    -0.01411545  -0.00000000
   12   14
  0.00451858   0.00000000     0.00000000   0.00000000    -0.00045935  -0.00000000
  0.00000000   0.00000000     0.00500493   0.00000000     0.00000000   0.00000000
  0.00045935  -0.00000000    -0.00000000   0.00000000    -0.00701793  -0.00000000
   12   15
  0.02449591   0.00000000     0.00000000  -0.00000000     0.00355142  -0.00000000
 -0.00000000   0.00000000    -0.01699522  -0.00000000    -0.00000000   0.00000000
  0.00249457  -0.00000000     0.00000000  -0.00000000    -0.00429309  -0.00000000
   12   16
  0.00491180   0.00000000    -0.00000000   0.00000000     0.00253906   0.00000000
  0.00000000   0.00000000     0.00010821  -0.00000000     0.00000000   0.00000000
  0.00496382   0.00000000     0.00000000   0.00000000     0.00119437  -0.00000000
   12   17
 -0.01747006   0.00000000     0.00000000  -0.00000000    -0.03353603  -0.00000000
  0.00000000  -0.00000000    -0.00186397  -0.00000000     0.00000000  -0.00000000
 -0.03402874   0.00000000     0.00000000   0.00000000    -0.05338854  -0.00000000
   12   18
 -0.01596168   0.00000000     0.03448162   0.00000000     0.01120277   0.00000000
  0.04027546   0.00000000    -0.05329154  -0.00000000    -0.02341498  -0.00000000
  0.00838882  -0.00000000    -0.01819846   0.00000000    -0.00504227  -0.00000000
   12   19
  0.00098668   0.00000000     0.00035720  -0.00000000    -0.00046401  -0.00000000
 -0.00054902  -0.00000000    -0.00079344   0.00000000    -0.00066191  -0.00000000
  0.00244630   0.00000000    -0.00035185   0.00000000    -0.00158554  -0.00000000
   12   20
  0.00213560   0.00000000     0.00129857   0.00000000    -0.00081441   0.00000000
 -0.00233388  -0.00000000     0.00014992  -0.00000000    -0.00207686  -0.00000000
  0.00110814   0.00000000    -0.00123570  -0.00000000    -0.00109382   0.00000000
   12   21
 -0.00079097  -0.00000000    -0.00080736  -0.00000000    -0.00005802  -0.00000000
  0.00184592   0.00000000     0.00256522   0.00000000     0.00062000  -0.00000000
 -0.00185279  -0.00000000     0.00206108   0.00000000    -0.00120935   0.00000000
   12   22
  0.00199403   0.00000000     0.00000000   0.00000000    -0.00090969   0.00000000
 -0.00000000  -0.00000000     0.00001691   0.00000000     0.00000000  -0.00000000
  0.00213028   0.00000000    -0.00000000   0.00000000     0.00021884   0.00000000
   12   23
  0.00213560   0.00000000    -0.00129857  -0.00000000    -0.00081441   0.00000000
  0.00233388   0.00000000     0.00014992  -0.00000000     0.00207686   0.00000000
  0.00110814   0.00000000     0.00123570   0.00000000    -0.00109382   0.00000000
   12   24
 -0.00079097  -0.00000000     0.00080736   0.00000000    -0.00005802  -0.00000000
 -0.00184592  -0.00000000     0.00256522   0.00000000    -0.00062000   0.00000000
 -0.00185279  -0.00000000    -0.00206108  -0.00000000    -0.00120935   0.00000000
   12   25
 -0.01596168   0.00000000    -0.03448162  -0.00000000     0.01120277   0.00000000
 -0.04027546  -0.00000000    -0.05329154  -0.00000000     0.02341498   0.00000000
  0.00838882  -0.00000000     0.01819846  -0.00000000    -0.00504227  -0.00000000
   12   26
  0.00098668   0.00000000    -0.00035720   0.00000000    -0.00046401  -0.00000000
  0.00054902   0.00000000    -0.00079344   0.00000000     0.00066191   0.00000000
  0.00244630   0.00000000     0.00035185  -0.00000000    -0.00158554  -0.00000000
   12   27
  0.01678232   0.00000000     0.00000000   0.00000000     0.03295692   0.00000000
  0.00000000  -0.00000000     0.00139950   0.00000000     0.00000000   0.00000000
  0.03507880  -0.00000000    -0.00000000  -0.00000000     0.05438158   0.00000000
   12   28
  0.00116679   0.00000000    -0.00018116  -0.00000000    -0.00108436   0.00000000
  0.00059347   0.00000000    -0.00077943  -0.00000000     0.00060848  -0.00000000
  0.00228002   0.00000000    -0.00007556   0.00000000    -0.00126770   0.00000000
   12   29
  0.01456943   0.00000000     0.03096022   0.00000000    -0.00994418  -0.00000000
  0.03959285   0.00000000     0.04945786   0.00000000    -0.02327499  -0.00000000
 -0.00739355  -0.00000000    -0.01644249  -0.00000000     0.00564205   0.00000000
   12   30
  0.00116470   0.00000000    -0.00009712   0.00000000    -0.00132444  -0.00000000
  0.00244749   0.00000000    -0.00145870  -0.00000000     0.00041463   0.00000000
  0.00116835  -0.00000000     0.00184877   0.00000000     0.00206966   0.00000000
   12   31
  0.00296949   0.00000000    -0.00033189  -0.00000000    -0.00068985  -0.00000000
  0.00168170   0.00000000     0.00031669   0.00000000     0.00322184   0.00000000
  0.00150678   0.00000000     0.00069999  -0.00000000    -0.00007609  -0.00000000
   12   32
  0.00209098   0.00000000     0.00000000   0.00000000    -0.00184159  -0.00000000
  0.00000000   0.00000000    -0.00016571  -0.00000000     0.00000000   0.00000000
  0.00122263   0.00000000     0.00000000   0.00000000    -0.00025246  -0.00000000
   12   33
  0.00116470   0.00000000     0.00009712  -0.00000000    -0.00132444  -0.00000000
 -0.00244749  -0.00000000    -0.00145870  -0.00000000    -0.00041463  -0.00000000
  0.00116835  -0.00000000    -0.00184877  -0.00000000     0.00206966   0.00000000
   12   34
  0.00296949   0.00000000     0.00033189   0.00000000    -0.00068985  -0.00000000
 -0.00168170  -0.00000000     0.00031669   0.00000000    -0.00322184  -0.00000000
  0.00150678   0.00000000    -0.00069999   0.00000000    -0.00007609  -0.00000000
   12   35
  0.00116679   0.00000000     0.00018116   0.00000000    -0.00108436   0.00000000
 -0.00059347  -0.00000000    -0.00077943  -0.00000000    -0.00060848   0.00000000
  0.00228002   0.00000000     0.00007556  -0.00000000    -0.00126770   0.00000000
   12   36
  0.01456943   0.00000000    -0.03096022  -0.00000000    -0.00994418  -0.00000000
 -0.03959285  -0.00000000     0.04945786   0.00000000     0.02327499   0.00000000
 -0.00739355  -0.00000000     0.01644249   0.00000000     0.00564205   0.00000000
   13    1
  0.00008650  -0.00000000     0.00000000   0.00000000    -0.00000000  -0.00000000
 -0.00000000   0.00000000     0.00028482   0.00000000     0.00016005  -0.00000000
  0.00000000  -0.00000000    -0.00005312  -0.00000000    -0.00006984   0.00000000
   13    2
  0.00008650  -0.00000000     0.00000000  -0.00000000     0.00000000  -0.00000000
  0.00000000  -0.00000000     0.00028482   0.00000000    -0.00016005   0.00000000
  0.00000000  -0.00000000     0.00005312   0.00000000    -0.00006984   0.00000000
   13    3
 -0.00140925  -0.00000000     0.00058183  -0.00000000    -0.00000000   0.00000000
  0.00177202  -0.00000000    -0.00289776  -0.00000000     0.00000000  -0.00000000
 -0.00000000  -0.00000000    -0.00000000  -0.00000000    -0.00032087   0.00000000
   13    4
  0.00140925   0.00000000     0.00058183  -0.00000000    -0.00000000  -0.00000000
  0.00177202  -0.00000000     0.00289776   0.00000000     0.00000000  -0.00000000
 -0.00000000   0.00000000    -0.00000000  -0.00000000     0.00032087  -0.00000000
   13    5
 -0.01257924   0.00000000    -0.00000000   0.00000000     0.00197267   0.00000000
 -0.00000000  -0.00000000    -0.02263913   0.00000000    -0.00000000  -0.00000000
 -0.00052786   0.00000000     0.00000000  -0.00000000    -0.01411545  -0.00000000
   13    6
  0.00491180   0.00000000     0.00000000   0.00000000     0.00496382   0.00000000
 -0.00000000   0.00000000     0.00010821  -0.00000000     0.00000000   0.00000000
  0.00253906   0.00000000     0.00000000   0.00000000     0.00119437  -0.00000000
   13    7
  0.00290399   0.00000000     0.00000000  -0.00000000     0.00323308  -0.00000000
 -0.00000000   0.00000000    -0.00094214   0.00000000    -0.00000000   0.00000000
  0.00310125  -0.00000000    -0.00000000   0.00000000    -0.00322867   0.00000000
   13    8
  0.00426216   0.00000000    -0.00000000   0.00000000    -0.00660700  -0.00000000
 -0.00000000   0.00000000     0.00204541   0.00000000    -0.00000000  -0.00000000
 -0.00707839  -0.00000000     0.00000000  -0.00000000     0.00313536   0.00000000
   13    9
 -0.00964069   0.00000000     0.00000000   0.00000000    -0.00160671   0.00000000
  0.00000000   0.00000000    -0.02011882  -0.00000000     0.00000000   0.00000000
  0.00416482   0.00000000     0.00000000   0.00000000    -0.00158276  -0.00000000
   13   10
  0.00290399   0.00000000     0.00000000   0.00000000    -0.00323308  -0.00000000
  0.00000000   0.00000000    -0.00094214  -0.00000000     0.00000000   0.00000000
 -0.00310125  -0.00000000    -0.00000000   0.00000000    -0.00322867   0.00000000
   13   11
 -0.00964069   0.00000000     0.00000000   0.00000000     0.00160671   0.00000000
  0.00000000   0.00000000    -0.02011882  -0.00000000     0.00000000   0.00000000
 -0.00416482   0.00000000     0.00000000   0.00000000    -0.00158276   0.00000000
   13   12
 -0.01257924   0.00000000     0.00000000   0.00000000    -0.00197267   0.00000000
  0.00000000   0.00000000    -0.02263913   0.00000000    -0.00000000   0.00000000
  0.00052786  -0.00000000     0.00000000   0.00000000    -0.01411545  -0.00000000
   13   13
  0.20890129  -0.00000000     0.00000000   0.00000000    -0.00000000  -0.00000000
  0.00000000   0.00000000     0.26426882   0.00000000     0.00000000   0.00000000
 -0.00000000  -0.00000000     0.00000000   0.00000000     0.13968570   0.00000000
   13   14
  0.00491180   0.00000000     0.00000000   0.00000000    -0.00496382  -0.00000000
  0.00000000  -0.00000000     0.00010821   0.00000000    -0.00000000   0.00000000
 -0.00253906   0.00000000    -0.00000000   0.00000000     0.00119437   0.00000000
   13   15
  0.00426216  -0.00000000     0.00000000   0.00000000     0.00660700  -0.00000000
  0.00000000   0.00000000     0.00204541   0.00000000     0.00000000   0.00000000
  0.00707839   0.00000000    -0.00000000  -0.00000000     0.00313536   0.00000000
   13   16
 -0.01321432  -0.00000000     0.00000000  -0.00000000    -0.00000000  -0.00000000
  0.00000000   0.00000000     0.00463460   0.00000000    -0.00000000  -0.00000000
  0.00000000  -0.00000000     0.00000000   0.00000000    -0.01214221  -0.00000000
   13   17
  0.00183467   0.00000000     0.00000000   0.00000000    -0.00000000   0.00000000
 -0.00000000  -0.00000000    -0.00050571   0.00000000     0.00000000   0.00000000
  0.00000000  -0.00000000    -0.00000000  -0.00000000    -0.00114307   0.00000000
   13   18
 -0.00036264  -0.00000000    -0.00000000   0.00000000     0.00000000  -0.00000000
  0.00000000  -0.00000000    -0.05471734  -0.00000000     0.04735312   0.00000000
 -0.00000000   0.00000000     0.03726665  -0.00000000    -0.02071991   0.00000000
   13   19
 -0.00192764  -0.00000000     0.00000000   0.00000000    -0.00000000   0.00000000
  0.00000000  -0.00000000     0.00237906   0.00000000     0.00193076   0.00000000
  0.00000000  -0.00000000     0.00039850   0.00000000     0.00339111   0.00000000
   13   20
 -0.00157435  -0.00000000    -0.00000000  -0.00000000     0.00000000  -0.00000000
 -0.00000000   0.00000000     0.00215118   0.00000000     0.00213251   0.00000000
 -0.00000000   0.00000000     0.00050047   0.00000000     0.00314454   0.00000000
   13   21
 -0.00155578  -0.00000000    -0.00000000   0.00000000     0.00000000  -0.00000000
  0.00000000   0.00000000    -0.05044782  -0.00000000     0.04734915   0.00000000
 -0.00000000   0.00000000     0.03357246  -0.00000000    -0.01928183   0.00000000
   13   22
  0.00040408   0.00000000     0.00000000  -0.00000000    -0.00000000  -0.00000000
  0.00000000  -0.00000000     0.00055751   0.00000000     0.00000000   0.00000000
  0.00000000   0.00000000    -0.00000000   0.00000000    -0.00208124  -0.00000000
   13   23
 -0.00157435  -0.00000000     0.00000000   0.00000000    -0.00000000  -0.00000000
  0.00000000  -0.00000000     0.00215118   0.00000000    -0.00213251  -0.00000000
  0.00000000   0.00000000    -0.00050047  -0.00000000     0.00314454   0.00000000
   13   24
 -0.00155578  -0.00000000    -0.00000000  -0.00000000    -0.00000000  -0.00000000
  0.00000000  -0.00000000    -0.05044782  -0.00000000    -0.04734915  -0.00000000
  0.00000000   0.00000000    -0.03357246   0.00000000    -0.01928183   0.00000000
   13   25
 -0.00036264  -0.00000000     0.00000000  -0.00000000     0.00000000  -0.00000000
  0.00000000   0.00000000    -0.05471734  -0.00000000    -0.04735312  -0.00000000
  0.00000000   0.00000000    -0.03726665   0.00000000    -0.02071991   0.00000000
   13   26
 -0.00192764  -0.00000000     0.00000000  -0.00000000     0.00000000   0.00000000
  0.00000000   0.00000000     0.00237906   0.00000000    -0.00193076  -0.00000000
  0.00000000  -0.00000000    -0.00039850  -0.00000000     0.00339111   0.00000000
   13   27
  0.07182521   0.00000000    -0.00000000   0.00000000    -0.00071989  -0.00000000
  0.00000000  -0.00000000     0.00012599  -0.00000000     0.00000000  -0.00000000
 -0.00065649   0.00000000    -0.00000000   0.00000000    -0.00438417   0.00000000
   13   28
 -0.00146640   0.00000000    -0.00101061   0.00000000     0.00084284  -0.00000000
 -0.00155367  -0.00000000     0.00245807   0.00000000     0.00166149  -0.00000000
 -0.00209485  -0.00000000    -0.00032112   0.00000000    -0.00167647  -0.00000000
   13   29
  0.00217906   0.00000000     0.00098451   0.00000000     0.00088018  -0.00000000
  0.00137601   0.00000000    -0.00289399  -0.00000000     0.00042556  -0.00000000
 -0.00080658  -0.00000000    -0.00159240  -0.00000000    -0.00080985   0.00000000
   13   30
 -0.00146640  -0.00000000    -0.00101061  -0.00000000    -0.00084284  -0.00000000
 -0.00155367   0.00000000     0.00245807   0.00000000    -0.00166149  -0.00000000
  0.00209485   0.00000000     0.00032112   0.00000000    -0.00167647  -0.00000000
   13   31
  0.00217906   0.00000000     0.00098451  -0.00000000    -0.00088018   0.00000000
  0.00137601   0.00000000    -0.00289399  -0.00000000    -0.00042556   0.00000000
  0.00080658   0.00000000     0.00159240   0.00000000    -0.00080985  -0.00000000
   13   32
  0.07182521  -0.00000000    -0.00000000   0.00000000     0.00071989   0.00000000
  0.00000000   0.00000000     0.00012599  -0.00000000    -0.00000000  -0.00000000
  0.00065649   0.00000000    -0.00000000  -0.00000000    -0.00438417  -0.00000000
   13   33
 -0.00146640  -0.00000000     0.00101061   0.00000000    -0.00084284  -0.00000000
  0.00155367  -0.00000000     0.00245807   0.00000000     0.00166149   0.00000000
  0.00209485   0.00000000    -0.00032112  -0.00000000    -0.00167647  -0.00000000
   13   34
  0.00217906   0.00000000    -0.00098451   0.00000000    -0.00088018   0.00000000
 -0.00137601  -0.00000000    -0.00289399  -0.00000000     0.00042556  -0.00000000
  0.00080658   0.00000000    -0.00159240  -0.00000000    -0.00080985  -0.00000000
   13   35
 -0.00146640   0.00000000     0.00101061  -0.00000000     0.00084284  -0.00000000
  0.00155367   0.00000000     0.00245807   0.00000000    -0.00166149   0.00000000
 -0.00209485  -0.00000000     0.00032112  -0.00000000    -0.00167647  -0.00000000
   13   36
  0.00217906   0.00000000    -0.00098451  -0.00000000     0.00088018  -0.00000000
 -0.00137601  -0.00000000    -0.00289399  -0.00000000    -0.00042556   0.00000000
 -0.00080658  -0.00000000     0.00159240   0.00000000    -0.00080985   0.00000000
   14    1
 -0.00076471   0.00000000    -0.00128886  -0.00000000    -0.00039386   0.00000000
 -0.00184998  -0.00000000    -0.00158725   0.00000000     0.00040027   0.00000000
 -0.00064530   0.00000000    -0.00007027  -0.00000000    -0.00032522   0.00000000
   14    2
 -0.00076471   0.00000000     0.00128886   0.00000000    -0.00039386   0.00000000
  0.00184998   0.00000000    -0.00158725   0.00000000    -0.00040027  -0.00000000
 -0.00064530   0.00000000     0.00007027   0.00000000    -0.00032522   0.00000000
   14    3
  0.00075966   0.00000000     0.00097721   0.00000000     0.00025073   0.00000000
  0.00175010   0.00000000     0.00167917  -0.00000000    -0.00038097  -0.00000000
  0.00060580   0.00000000    -0.00017663  -0.00000000     0.00041557  -0.00000000
   14    4
 -0.00075966  -0.00000000     0.00097721   0.00000000    -0.00025073  -0.00000000
  0.00175010   0.00000000    -0.00167917   0.00000000    -0.00038097  -0.00000000
 -0.00060580  -0.00000000    -0.00017663  -0.00000000    -0.00041557   0.00000000
   14    5
 -0.00140122   0.00000000     0.00000000   0.00000000     0.00036678   0.00000000
 -0.00000000   0.00000000    -0.00135840  -0.00000000     0.00000000  -0.00000000
  0.00036678   0.00000000    -0.00000000  -0.00000000     0.00223297   0.00000000
   14    6
 -0.00406020   0.00000000    -0.00000000  -0.00000000     0.00686714   0.00000000
 -0.00000000  -0.00000000    -0.02482665  -0.00000000     0.00000000   0.00000000
 -0.00686714  -0.00000000    -0.00000000   0.00000000    -0.01491662  -0.00000000
   14    7
  0.00744314   0.00000000     0.00000000   0.00000000    -0.00455866  -0.00000000
  0.00000000   0.00000000     0.00149024   0.00000000    -0.00000000   0.00000000
 -0.00456605  -0.00000000    -0.00000000  -0.00000000     0.00091639   0.00000000
   14    8
  0.00460088   0.00000000     0.00000000  -0.00000000     0.00031161  -0.00000000
 -0.00000000  -0.00000000     0.00040471   0.00000000     0.00000000   0.00000000
  0.00117956   0.00000000     0.00000000   0.00000000    -0.00300239  -0.00000000
   14    9
 -0.00293907  -0.00000000     0.00000000   0.00000000    -0.01218991  -0.00000000
  0.00000000   0.00000000     0.02123035  -0.00000000     0.00000000  -0.00000000
  0.00516640   0.00000000     0.00000000  -0.00000000     0.01389725   0.00000000
   14   10
  0.00207493   0.00000000     0.00000000   0.00000000    -0.00034059   0.00000000
 -0.00000000   0.00000000     0.01937996  -0.00000000     0.00000000   0.00000000
 -0.00607918  -0.00000000    -0.00000000   0.00000000     0.01076260   0.00000000
   14   11
  0.02449591   0.00000000    -0.00000000   0.00000000    -0.00355142  -0.00000000
  0.00000000   0.00000000    -0.01699522  -0.00000000     0.00000000  -0.00000000
 -0.00249457  -0.00000000    -0.00000000   0.00000000    -0.00429309  -0.00000000
   14   12
  0.00451858   0.00000000     0.00000000   0.00000000     0.00045935  -0.00000000
  0.00000000   0.00000000     0.00500493   0.00000000    -0.00000000   0.00000000
 -0.00045935  -0.00000000     0.00000000   0.00000000    -0.00701793  -0.00000000
   14   13
  0.00491180   0.00000000     0.00000000  -0.00000000    -0.00253906   0.00000000
  0.00000000   0.00000000     0.00010821   0.00000000    -0.00000000   0.00000000
 -0.00496382  -0.00000000    -0.00000000   0.00000000     0.00119437   0.00000000
   14   14
  0.15101237  -0.00000000     0.00000000   0.00000000    -0.03270237  -0.00000000
  0.00000000   0.00000000     0.25535058  -0.00000000    -0.00000000  -0.00000000
 -0.03270237  -0.00000000    -0.00000000  -0.00000000     0.19396723   0.00000000
   14   15
  0.00102794  -0.00000000     0.00000000   0.00000000     0.00039923   0.00000000
 -0.00000000  -0.00000000     0.00105560   0.00000000     0.00000000   0.00000000
 -0.00209890   0.00000000    -0.00000000   0.00000000    -0.00881527   0.00000000
   14   16
 -0.01257924   0.00000000     0.00000000   0.00000000    -0.00052786   0.00000000
  0.00000000   0.00000000    -0.02263913   0.00000000     0.00000000   0.00000000
  0.00197267   0.00000000    -0.00000000   0.00000000    -0.01411545  -0.00000000
   14   17
 -0.01747006   0.00000000     0.00000000   0.00000000     0.03353603   0.00000000
  0.00000000  -0.00000000    -0.00186397  -0.00000000     0.00000000  -0.00000000
  0.03402874  -0.00000000    -0.00000000   0.00000000    -0.05338854  -0.00000000
   14   18
  0.00098668  -0.00000000     0.00035720  -0.00000000     0.00046401  -0.00000000
 -0.00054902  -0.00000000    -0.00079344  -0.00000000     0.00066191  -0.00000000
 -0.00244630  -0.00000000     0.00035185  -0.00000000    -0.00158554  -0.00000000
   14   19
 -0.01596168   0.00000000     0.03448162   0.00000000    -0.01120277  -0.00000000
  0.04027546  -0.00000000    -0.05329154   0.00000000     0.02341498  -0.00000000
 -0.00838882   0.00000000     0.01819846  -0.00000000    -0.00504227   0.00000000
   14   20
 -0.00079097  -0.00000000    -0.00080736   0.00000000     0.00005802   0.00000000
  0.00184592   0.00000000     0.00256522  -0.00000000    -0.00062000   0.00000000
  0.00185279  -0.00000000    -0.00206108  -0.00000000    -0.00120935   0.00000000
   14   21
  0.00213560   0.00000000     0.00129857   0.00000000     0.00081441   0.00000000
 -0.00233388  -0.00000000     0.00014992   0.00000000     0.00207686  -0.00000000
 -0.00110814  -0.00000000     0.00123570   0.00000000    -0.00109382  -0.00000000
   14   22
  0.00199403   0.00000000     0.00000000   0.00000000     0.00090969  -0.00000000
  0.00000000  -0.00000000     0.00001691   0.00000000     0.00000000   0.00000000
 -0.00213028  -0.00000000    -0.00000000   0.00000000     0.00021884   0.00000000
   14   23
 -0.00079097  -0.00000000     0.00080736  -0.00000000     0.00005802   0.00000000
 -0.00184592  -0.00000000     0.00256522  -0.00000000     0.00062000  -0.00000000
  0.00185279  -0.00000000     0.00206108   0.00000000    -0.00120935   0.00000000
   14   24
  0.00213560   0.00000000    -0.00129857  -0.00000000     0.00081441   0.00000000
  0.00233388   0.00000000     0.00014992   0.00000000    -0.00207686   0.00000000
 -0.00110814  -0.00000000    -0.00123570  -0.00000000    -0.00109382  -0.00000000
   14   25
  0.00098668  -0.00000000    -0.00035720   0.00000000     0.00046401  -0.00000000
  0.00054902   0.00000000    -0.00079344  -0.00000000    -0.00066191   0.00000000
 -0.00244630  -0.00000000    -0.00035185   0.00000000    -0.00158554  -0.00000000
   14   26
 -0.01596168   0.00000000    -0.03448162  -0.00000000    -0.01120277  -0.00000000
 -0.04027546   0.00000000    -0.05329154   0.00000000    -0.02341498   0.00000000
 -0.00838882   0.00000000    -0.01819846   0.00000000    -0.00504227   0.00000000
   14   27
 -0.00209098   0.00000000     0.00000000   0.00000000    -0.00184159  -0.00000000
  0.00000000  -0.00000000     0.00016571   0.00000000     0.00000000   0.00000000
  0.00122263  -0.00000000     0.00000000   0.00000000     0.00025246   0.00000000
   14   28
  0.00296949   0.00000000     0.00033189  -0.00000000     0.00068985  -0.00000000
 -0.00168170  -0.00000000     0.00031669  -0.00000000     0.00322184   0.00000000
 -0.00150678  -0.00000000     0.00069999   0.00000000    -0.00007609   0.00000000
   14   29
  0.00116470  -0.00000000     0.00009712   0.00000000     0.00132444  -0.00000000
 -0.00244749  -0.00000000    -0.00145870   0.00000000     0.00041463  -0.00000000
 -0.00116835  -0.00000000     0.00184877   0.00000000     0.00206966  -0.00000000
   14   30
  0.01456943  -0.00000000    -0.03096022  -0.00000000     0.00994418   0.00000000
 -0.03959285   0.00000000     0.04945786  -0.00000000    -0.02327499   0.00000000
  0.00739355  -0.00000000    -0.01644249   0.00000000     0.00564205  -0.00000000
   14   31
  0.00116679   0.00000000     0.00018116   0.00000000     0.00108436   0.00000000
 -0.00059347   0.00000000    -0.00077943   0.00000000     0.00060848   0.00000000
 -0.00228002  -0.00000000    -0.00007556   0.00000000    -0.00126770  -0.00000000
   14   32
 -0.01678232  -0.00000000     0.00000000   0.00000000     0.03295692   0.00000000
  0.00000000   0.00000000    -0.00139950  -0.00000000    -0.00000000   0.00000000
  0.03507880   0.00000000     0.00000000  -0.00000000    -0.05438158  -0.00000000
   14   33
  0.01456943  -0.00000000     0.03096022   0.00000000     0.00994418   0.00000000
  0.03959285  -0.00000000     0.04945786  -0.00000000     0.02327499  -0.00000000
  0.00739355  -0.00000000     0.01644249  -0.00000000     0.00564205  -0.00000000
   14   34
  0.00116679   0.00000000    -0.00018116  -0.00000000     0.00108436   0.00000000
  0.00059347  -0.00000000    -0.00077943   0.00000000    -0.00060848  -0.00000000
 -0.00228002  -0.00000000     0.00007556  -0.00000000    -0.00126770  -0.00000000
   14   35
  0.00296949   0.00000000    -0.00033189   0.00000000     0.00068985  -0.00000000
  0.00168170   0.00000000     0.00031669  -0.00000000    -0.00322184  -0.00000000
 -0.00150678  -0.00000000    -0.00069999  -0.00000000    -0.00007609   0.00000000
   14   36
  0.00116470  -0.00000000    -0.00009712  -0.00000000     0.00132444  -0.00000000
  0.00244749   0.00000000    -0.00145870   0.00000000    -0.00041463   0.00000000
 -0.00116835  -0.00000000    -0.00184877  -0.00000000     0.00206966  -0.00000000
   15    1
  0.00071046  -0.00000000    -0.00089034  -0.00000000    -0.00065658  -0.00000000
 -0.00157738   0.00000000     0.00168734   0.00000000    -0.00040440  -0.00000000
 -0.00058850   0.00000000    -0.00012113  -0.00000000     0.00028637   0.00000000
   15    2
  0.00071046  -0.00000000     0.00089034   0.00000000    -0.00065658  -0.00000000
  0.00157738  -0.00000000     0.00168734   0.00000000     0.00040440   0.00000000
 -0.00058850   0.00000000     0.00012113   0.00000000     0.00028637   0.00000000
   15    3
  0.00070092  -0.00000000     0.00107451   0.00000000    -0.00012977   0.00000000
  0.00171764  -0.00000000     0.00150493  -0.00000000     0.00047463   0.00000000
 -0.00063069  -0.00000000     0.00034603  -0.00000000     0.00047238   0.00000000
   15    4
 -0.00070092   0.00000000     0.00107451   0.00000000     0.00012977  -0.00000000
  0.00171764  -0.00000000    -0.00150493  -0.00000000     0.00047463   0.00000000
  0.00063069   0.00000000     0.00034603  -0.00000000    -0.00047238  -0.00000000
   15    5
 -0.00293907  -0.00000000    -0.00000000  -0.00000000     0.00516640   0.00000000
 -0.00000000   0.00000000     0.02123035  -0.00000000     0.00000000  -0.00000000
 -0.01218991  -0.00000000     0.00000000  -0.00000000     0.01389725   0.00000000
   15    6
  0.00460088   0.00000000     0.00000000   0.00000000    -0.00117956  -0.00000000
  0.00000000   0.00000000     0.00040471  -0.00000000    -0.00000000  -0.00000000
 -0.00031161  -0.00000000     0.00000000   0.00000000    -0.00300239   0.00000000
   15    7
 -0.01198049   0.00000000    -0.00000000  -0.00000000    -0.00023259   0.00000000
  0.00000000  -0.00000000    -0.02481804  -0.00000000    -0.00000000   0.00000000
 -0.00355627   0.00000000    -0.00000000   0.00000000    -0.01096966  -0.00000000
   15    8
  0.00149780   0.00000000     0.00000000  -0.00000000    -0.00675280  -0.00000000
 -0.00000000   0.00000000    -0.02467091   0.00000000     0.00000000  -0.00000000
  0.00675280   0.00000000    -0.00000000   0.00000000    -0.01930250  -0.00000000
   15    9
 -0.00785646  -0.00000000     0.00000000  -0.00000000     0.00107947  -0.00000000
  0.00000000  -0.00000000    -0.00071250  -0.00000000    -0.00000000   0.00000000
  0.00107947  -0.00000000    -0.00000000   0.00000000    -0.00275223   0.00000000
   15   10
 -0.00615302  -0.00000000     0.00000000   0.00000000    -0.01170027   0.00000000
  0.00000000   0.00000000    -0.00229889  -0.00000000     0.00000000   0.00000000
 -0.00635222   0.00000000     0.00000000   0.00000000     0.00571877  -0.00000000
   15   11
  0.01358720   0.00000000     0.00000000   0.00000000     0.00245929  -0.00000000
  0.00000000   0.00000000     0.00114028   0.00000000    -0.00000000  -0.00000000
 -0.00245929   0.00000000     0.00000000  -0.00000000    -0.01318017  -0.00000000
   15   12
  0.02449591   0.00000000    -0.00000000   0.00000000     0.00249457  -0.00000000
  0.00000000  -0.00000000    -0.01699522  -0.00000000     0.00000000  -0.00000000
  0.00355142  -0.00000000    -0.00000000   0.00000000    -0.00429309  -0.00000000
   15   13
  0.00426216  -0.00000000     0.00000000   0.00000000     0.00707839   0.00000000
  0.00000000   0.00000000     0.00204541   0.00000000    -0.00000000  -0.00000000
  0.00660700  -0.00000000     0.00000000   0.00000000     0.00313536   0.00000000
   15   14
  0.00102794  -0.00000000    -0.00000000  -0.00000000    -0.00209890   0.00000000
  0.00000000   0.00000000     0.00105560   0.00000000    -0.00000000   0.00000000
  0.00039923   0.00000000     0.00000000   0.00000000    -0.00881527   0.00000000
   15   15
  0.15366690  -0.00000000    -0.00000000  -0.00000000     0.02375080  -0.00000000
 -0.00000000  -0.00000000     0.28116589  -0.00000000     0.00000000   0.00000000
  0.02375080  -0.00000000     0.00000000   0.00000000     0.18917312   0.00000000
   15   16
 -0.00964069   0.00000000     0.00000000   0.00000000     0.00416482   0.00000000
 -0.00000000  -0.00000000    -0.02011882  -0.00000000    -0.00000000  -0.00000000
 -0.00160671   0.00000000     0.00000000   0.00000000    -0.00158276  -0.00000000
   15   17
  0.00124660  -0.00000000     0.00000000  -0.00000000     0.00021874   0.00000000
 -0.00000000  -0.00000000     0.00063956  -0.00000000    -0.00000000  -0.00000000
  0.00238935  -0.00000000     0.00000000   0.00000000     0.00031484  -0.00000000
   15   18
  0.00105625   0.00000000    -0.00098039  -0.00000000    -0.00193105  -0.00000000
  0.00104734   0.00000000     0.00067109   0.00000000     0.00225338   0.00000000
  0.00219467   0.00000000     0.00075772  -0.00000000    -0.00047550  -0.00000000
   15   19
 -0.00162599  -0.00000000     0.00031670   0.00000000     0.00037720   0.00000000
 -0.00139894  -0.00000000     0.00180357   0.00000000    -0.00029354   0.00000000
 -0.00131853  -0.00000000    -0.00175790  -0.00000000    -0.00129996  -0.00000000
   15   20
 -0.01667104  -0.00000000    -0.03529043  -0.00000000     0.01270138   0.00000000
 -0.04316408  -0.00000000    -0.05437279  -0.00000000     0.02551393  -0.00000000
  0.00988147  -0.00000000     0.01880593  -0.00000000    -0.00733306  -0.00000000
   15   21
  0.00100034   0.00000000    -0.00056871  -0.00000000    -0.00201478  -0.00000000
  0.00062486   0.00000000    -0.00043218  -0.00000000     0.00127752   0.00000000
  0.00264962   0.00000000    -0.00016501  -0.00000000    -0.00137165   0.00000000
   15   22
 -0.01836916  -0.00000000     0.00000000   0.00000000    -0.03567569   0.00000000
  0.00000000   0.00000000    -0.00144701   0.00000000     0.00000000   0.00000000
 -0.03626280  -0.00000000     0.00000000   0.00000000    -0.05664393   0.00000000
   15   23
 -0.01667104  -0.00000000     0.03529043   0.00000000     0.01270138   0.00000000
  0.04316408   0.00000000    -0.05437279  -0.00000000    -0.02551393   0.00000000
  0.00988147  -0.00000000    -0.01880593   0.00000000    -0.00733306  -0.00000000
   15   24
  0.00100034   0.00000000     0.00056871   0.00000000    -0.00201478  -0.00000000
 -0.00062486  -0.00000000    -0.00043218  -0.00000000    -0.00127752  -0.00000000
  0.00264962   0.00000000     0.00016501   0.00000000    -0.00137165   0.00000000
   15   25
  0.00105625   0.00000000     0.00098039   0.00000000    -0.00193105  -0.00000000
 -0.00104734  -0.00000000     0.00067109   0.00000000    -0.00225338  -0.00000000
  0.00219467   0.00000000    -0.00075772   0.00000000    -0.00047550  -0.00000000
   15   26
 -0.00162599  -0.00000000    -0.00031670  -0.00000000     0.00037720   0.00000000
  0.00139894   0.00000000     0.00180357   0.00000000     0.00029354  -0.00000000
 -0.00131853  -0.00000000     0.00175790   0.00000000    -0.00129996  -0.00000000
   15   27
 -0.00150837   0.00000000     0.00000000   0.00000000     0.00077348  -0.00000000
  0.00000000  -0.00000000    -0.00068558   0.00000000     0.00000000  -0.00000000
 -0.00359993   0.00000000    -0.00000000  -0.00000000     0.00052549   0.00000000
   15   28
 -0.00091837  -0.00000000    -0.00090201  -0.00000000    -0.00120009  -0.00000000
  0.00067496   0.00000000     0.00230401   0.00000000     0.00002720  -0.00000000
 -0.00096999  -0.00000000     0.00249376   0.00000000     0.00023115   0.00000000
   15   29
 -0.00134254  -0.00000000    -0.00018407  -0.00000000     0.00180438   0.00000000
  0.00134844   0.00000000    -0.00013148  -0.00000000     0.00097788  -0.00000000
 -0.00149109  -0.00000000     0.00122940   0.00000000     0.00019819   0.00000000
   15   30
 -0.00136107  -0.00000000    -0.00037653  -0.00000000     0.00096791  -0.00000000
  0.00071525  -0.00000000     0.00072153   0.00000000     0.00110567   0.00000000
 -0.00258411   0.00000000     0.00027550   0.00000000     0.00057385  -0.00000000
   15   31
 -0.01803531   0.00000000     0.03595414   0.00000000     0.01072865   0.00000000
  0.04280554   0.00000000    -0.05395104   0.00000000    -0.02413605   0.00000000
  0.00848075  -0.00000000    -0.01818631   0.00000000    -0.00427186  -0.00000000
   15   32
 -0.01714070  -0.00000000     0.00000000   0.00000000    -0.02881189   0.00000000
 -0.00000000   0.00000000    -0.00396710  -0.00000000     0.00000000   0.00000000
 -0.03055842  -0.00000000     0.00000000  -0.00000000    -0.04844154   0.00000000
   15   33
 -0.00136107  -0.00000000     0.00037653   0.00000000     0.00096791  -0.00000000
 -0.00071525   0.00000000     0.00072153   0.00000000    -0.00110567  -0.00000000
 -0.00258411   0.00000000    -0.00027550  -0.00000000     0.00057385  -0.00000000
   15   34
 -0.01803531   0.00000000    -0.03595414  -0.00000000     0.01072865   0.00000000
 -0.04280554  -0.00000000    -0.05395104   0.00000000     0.02413605  -0.00000000
  0.00848075  -0.00000000     0.01818631  -0.00000000    -0.00427186  -0.00000000
   15   35
 -0.00091837  -0.00000000     0.00090201   0.00000000    -0.00120009  -0.00000000
 -0.00067496  -0.00000000     0.00230401   0.00000000    -0.00002720   0.00000000
 -0.00096999  -0.00000000    -0.00249376  -0.00000000     0.00023115   0.00000000
   15   36
 -0.00134254  -0.00000000     0.00018407   0.00000000     0.00180438   0.00000000
 -0.00134844  -0.00000000    -0.00013148  -0.00000000    -0.00097788   0.00000000
 -0.00149109  -0.00000000    -0.00122940  -0.00000000     0.00019819   0.00000000
   16    1
  0.00008650  -0.00000000     0.00000000  -0.00000000     0.00000000  -0.00000000
  0.00000000  -0.00000000     0.00028482   0.00000000    -0.00016005   0.00000000
  0.00000000  -0.00000000     0.00005312   0.00000000    -0.00006984   0.00000000
   16    2
  0.00008650  -0.00000000     0.00000000   0.00000000    -0.00000000  -0.00000000
 -0.00000000   0.00000000     0.00028482   0.00000000     0.00016005  -0.00000000
  0.00000000  -0.00000000    -0.00005312  -0.00000000    -0.00006984   0.00000000
   16    3
  0.00140925   0.00000000     0.00058183  -0.00000000     0.00000000  -0.00000000
  0.00177202  -0.00000000     0.00289776   0.00000000     0.00000000  -0.00000000
 -0.00000000   0.00000000    -0.00000000  -0.00000000     0.00032087  -0.00000000
   16    4
 -0.00140925  -0.00000000     0.00058183  -0.00000000     0.00000000   0.00000000
  0.00177202  -0.00000000    -0.00289776  -0.00000000     0.00000000  -0.00000000
  0.00000000  -0.00000000     0.00000000  -0.00000000    -0.00032087   0.00000000
   16    5
  0.00491180   0.00000000     0.00000000   0.00000000    -0.00496382  -0.00000000
  0.00000000  -0.00000000     0.00010821   0.00000000    -0.00000000   0.00000000
 -0.00253906   0.00000000    -0.00000000   0.00000000     0.00119437   0.00000000
   16    6
 -0.01257924   0.00000000    -0.00000000  -0.00000000    -0.00197267   0.00000000
 -0.00000000  -0.00000000    -0.02263913   0.00000000     0.00000000  -0.00000000
  0.00052786  -0.00000000     0.00000000   0.00000000    -0.01411545  -0.00000000
   16    7
  0.00290399   0.00000000    -0.00000000   0.00000000    -0.00323308  -0.00000000
  0.00000000   0.00000000    -0.00094214  -0.00000000    -0.00000000   0.00000000
 -0.00310125  -0.00000000     0.00000000   0.00000000    -0.00322867   0.00000000
   16    8
 -0.00964069   0.00000000    -0.00000000   0.00000000     0.00160671   0.00000000
 -0.00000000   0.00000000    -0.02011882  -0.00000000     0.00000000   0.00000000
 -0.00416482   0.00000000     0.00000000  -0.00000000    -0.00158276   0.00000000
   16    9
  0.00426216  -0.00000000     0.00000000   0.00000000     0.00660700  -0.00000000
  0.00000000   0.00000000     0.00204541   0.00000000     0.00000000   0.00000000
  0.00707839   0.00000000    -0.00000000   0.00000000     0.00313536   0.00000000
   16   10
  0.00290399   0.00000000     0.00000000   0.00000000     0.00323308  -0.00000000
  0.00000000  -0.00000000    -0.00094214   0.00000000    -0.00000000   0.00000000
  0.00310125  -0.00000000    -0.00000000   0.00000000    -0.00322867   0.00000000
   16   11
  0.00426216   0.00000000     0.00000000   0.00000000    -0.00660700  -0.00000000
  0.00000000   0.00000000     0.00204541   0.00000000    -0.00000000  -0.00000000
 -0.00707839  -0.00000000     0.00000000   0.00000000     0.00313536   0.00000000
   16   12
  0.00491180   0.00000000     0.00000000   0.00000000     0.00496382   0.00000000
 -0.00000000   0.00000000     0.00010821  -0.00000000     0.00000000   0.00000000
  0.00253906   0.00000000     0.00000000   0.00000000     0.00119437  -0.00000000
   16   13
 -0.01321432  -0.00000000     0.00000000   0.00000000     0.00000000  -0.00000000
  0.00000000  -0.00000000     0.00463460   0.00000000     0.00000000   0.00000000
 -0.00000000  -0.00000000    -0.00000000  -0.00000000    -0.01214221  -0.00000000
   16   14
 -0.01257924   0.00000000     0.00000000   0.00000000     0.00197267   0.00000000
  0.00000000   0.00000000    -0.02263913   0.00000000    -0.00000000   0.00000000
 -0.00052786   0.00000000     0.00000000   0.00000000    -0.01411545  -0.00000000
   16   15
 -0.00964069   0.00000000    -0.00000000  -0.00000000    -0.00160671   0.00000000
  0.00000000   0.00000000    -0.02011882  -0.00000000     0.00000000   0.00000000
  0.00416482   0.00000000    -0.00000000  -0.00000000    -0.00158276  -0.00000000
   16   16
  0.20890129  -0.00000000     0.00000000   0.00000000     0.00000000  -0.00000000
  0.00000000   0.00000000     0.26426882   0.00000000     0.00000000   0.00000000
  0.00000000  -0.00000000     0.00000000   0.00000000     0.13968570   0.00000000
   16   17
  0.00183467   0.00000000     0.00000000  -0.00000000     0.00000000   0.00000000
  0.00000000   0.00000000    -0.00050571   0.00000000     0.00000000  -0.00000000
  0.00000000   0.00000000     0.00000000   0.00000000    -0.00114307   0.00000000
   16   18
 -0.00192764  -0.00000000    -0.00000000  -0.00000000    -0.00000000   0.00000000
 -0.00000000   0.00000000     0.00237906   0.00000000    -0.00193076  -0.00000000
  0.00000000  -0.00000000    -0.00039850  -0.00000000     0.00339111   0.00000000
   16   19
 -0.00036264  -0.00000000    -0.00000000  -0.00000000     0.00000000  -0.00000000
  0.00000000   0.00000000    -0.05471734  -0.00000000    -0.04735312  -0.00000000
  0.00000000   0.00000000    -0.03726665   0.00000000    -0.02071991   0.00000000
   16   20
 -0.00155578  -0.00000000    -0.00000000  -0.00000000     0.00000000  -0.00000000
  0.00000000  -0.00000000    -0.05044782  -0.00000000    -0.04734915  -0.00000000
 -0.00000000   0.00000000    -0.03357246   0.00000000    -0.01928183   0.00000000
   16   21
 -0.00157435  -0.00000000     0.00000000   0.00000000    -0.00000000  -0.00000000
  0.00000000  -0.00000000     0.00215118   0.00000000    -0.00213251  -0.00000000
  0.00000000   0.00000000    -0.00050047  -0.00000000     0.00314454   0.00000000
   16   22
  0.00040408   0.00000000     0.00000000   0.00000000     0.00000000  -0.00000000
  0.00000000   0.00000000     0.00055751   0.00000000     0.00000000   0.00000000
  0.00000000   0.00000000    -0.00000000   0.00000000    -0.00208124  -0.00000000
   16   23
 -0.00155578  -0.00000000     0.00000000   0.00000000    -0.00000000  -0.00000000
 -0.00000000   0.00000000    -0.05044782  -0.00000000     0.04734915   0.00000000
  0.00000000   0.00000000     0.03357246  -0.00000000    -0.01928183   0.00000000
   16   24
 -0.00157435  -0.00000000     0.00000000  -0.00000000    -0.00000000  -0.00000000
 -0.00000000   0.00000000     0.00215118   0.00000000     0.00213251   0.00000000
 -0.00000000   0.00000000     0.00050047   0.00000000     0.00314454   0.00000000
   16   25
 -0.00192764  -0.00000000     0.00000000   0.00000000    -0.00000000   0.00000000
 -0.00000000  -0.00000000     0.00237906   0.00000000     0.00193076   0.00000000
 -0.00000000  -0.00000000     0.00039850   0.00000000     0.00339111   0.00000000
   16   26
 -0.00036264  -0.00000000    -0.00000000   0.00000000     0.00000000  -0.00000000
  0.00000000  -0.00000000    -0.05471734  -0.00000000     0.04735312   0.00000000
  0.00000000   0.00000000     0.03726665  -0.00000000    -0.02071991   0.00000000
   16   27
 -0.07182521  -0.00000000    -0.00000000   0.00000000     0.00071989   0.00000000
  0.00000000  -0.00000000    -0.00012599   0.00000000     0.00000000  -0.00000000
  0.00065649  -0.00000000     0.00000000   0.00000000     0.00438417  -0.00000000
   16   28
  0.00217906   0.00000000    -0.00098451  -0.00000000     0.00088018  -0.00000000
 -0.00137601  -0.00000000    -0.00289399  -0.00000000    -0.00042556   0.00000000
 -0.00080658  -0.00000000     0.00159240   0.00000000    -0.00080985   0.00000000
   16   29
 -0.00146640   0.00000000     0.00101061  -0.00000000     0.00084284  -0.00000000
  0.00155367   0.00000000     0.00245807   0.00000000    -0.00166149   0.00000000
 -0.00209485  -0.00000000     0.00032112  -0.00000000    -0.00167647  -0.00000000
   16   30
  0.00217906   0.00000000    -0.00098451   0.00000000    -0.00088018   0.00000000
 -0.00137601  -0.00000000    -0.00289399  -0.00000000     0.00042556  -0.00000000
  0.00080658   0.00000000    -0.00159240  -0.00000000    -0.00080985  -0.00000000
   16   31
 -0.00146640  -0.00000000     0.00101061   0.00000000    -0.00084284  -0.00000000
  0.00155367  -0.00000000     0.00245807   0.00000000     0.00166149   0.00000000
  0.00209485   0.00000000    -0.00032112  -0.00000000    -0.00167647  -0.00000000
   16   32
 -0.07182521   0.00000000    -0.00000000  -0.00000000    -0.00071989  -0.00000000
  0.00000000   0.00000000    -0.00012599   0.00000000    -0.00000000   0.00000000
 -0.00065649  -0.00000000    -0.00000000   0.00000000     0.00438417   0.00000000
   16   33
  0.00217906   0.00000000     0.00098451  -0.00000000    -0.00088018   0.00000000
  0.00137601   0.00000000    -0.00289399  -0.00000000    -0.00042556   0.00000000
  0.00080658   0.00000000     0.00159240   0.00000000    -0.00080985  -0.00000000
   16   34
 -0.00146640  -0.00000000    -0.00101061  -0.00000000    -0.00084284  -0.00000000
 -0.00155367   0.00000000     0.00245807   0.00000000    -0.00166149  -0.00000000
  0.00209485   0.00000000     0.00032112   0.00000000    -0.00167647  -0.00000000
   16   35
  0.00217906   0.00000000     0.00098451   0.00000000     0.00088018  -0.00000000
  0.00137601   0.00000000    -0.00289399  -0.00000000     0.00042556  -0.00000000
 -0.00080658  -0.00000000    -0.00159240  -0.00000000    -0.00080985   0.00000000
   16   36
 -0.00146640   0.00000000    -0.00101061   0.00000000     0.00084284  -0.00000000
 -0.00155367  -0.00000000     0.00245807   0.00000000     0.00166149  -0.00000000
 -0.00209485  -0.00000000    -0.00032112   0.00000000    -0.00167647  -0.00000000
   17    1
 -0.00030898   0.00000000     0.00000000   0.00000000     0.00000000   0.00000000
 -0.00000000   0.00000000     0.00466894  -0.00000000    -0.00000000   0.00000000
  0.00000000   0.00000000     0.00000000   0.00000000    -0.00146019  -0.00000000
   17    2
 -0.00030898  -0.00000000     0.00000000   0.00000000     0.00000000  -0.00000000
  0.00000000   0.00000000     0.00466894   0.00000000     0.00000000   0.00000000
  0.00000000  -0.00000000     0.00000000   0.00000000    -0.00146019  -0.00000000
   17    3
  0.00000000  -0.00000000    -0.00065075   0.00000000    -0.00000000   0.00000000
  0.00000025  -0.00000000     0.00000000  -0.00000000    -0.00000000   0.00000000
 -0.00000000  -0.00000000    -0.00000000   0.00000000    -0.00000000   0.00000000
   17    4
  0.00000000  -0.00000000    -0.00065075  -0.00000000     0.00000000   0.00000000
  0.00000025   0.00000000     0.00000000  -0.00000000     0.00000000   0.00000000
  0.00000000   0.00000000     0.00000000  -0.00000000     0.00000000   0.00000000
   17    5
 -0.01747006   0.00000000    -0.00000000   0.00000000     0.03402874  -0.00000000
  0.00000000  -0.00000000    -0.00186397  -0.00000000     0.00000000  -0.00000000
  0.03353603   0.00000000    -0.00000000   0.00000000    -0.05338854  -0.00000000
   17    6
 -0.01747006   0.00000000     0.00000000   0.00000000    -0.03402874   0.00000000
  0.00000000   0.00000000    -0.00186397  -0.00000000     0.00000000  -0.00000000
 -0.03353603  -0.00000000     0.00000000   0.00000000    -0.05338854  -0.00000000
   17    7
  0.06387300   0.00000000    -0.00000000  -0.00000000    -0.00000000  -0.00000000
  0.00000000   0.00000000     0.00255798  -0.00000000    -0.00000000  -0.00000000
  0.00000000  -0.00000000     0.00000000  -0.00000000    -0.00220384   0.00000000
   17    8
  0.00124660  -0.00000000    -0.00000000   0.00000000    -0.00238935   0.00000000
  0.00000000  -0.00000000     0.00063956  -0.00000000    -0.00000000   0.00000000
 -0.00021874  -0.00000000     0.00000000  -0.00000000     0.00031484  -0.00000000
   17    9
  0.00124660  -0.00000000     0.00000000   0.00000000     0.00238935  -0.00000000
  0.00000000   0.00000000     0.00063956  -0.00000000     0.00000000  -0.00000000
  0.00021874   0.00000000    -0.00000000   0.00000000     0.00031484  -0.00000000
   17   10
  0.06387300   0.00000000     0.00000000   0.00000000     0.00000000   0.00000000
  0.00000000  -0.00000000     0.00255798  -0.00000000     0.00000000   0.00000000
  0.00000000   0.00000000     0.00000000   0.00000000    -0.00220384   0.00000000
   17   11
  0.00124660  -0.00000000     0.00000000  -0.00000000    -0.00238935   0.00000000
  0.00000000   0.00000000     0.00063956  -0.00000000     0.00000000  -0.00000000
 -0.00021874  -0.00000000     0.00000000   0.00000000     0.00031484  -0.00000000
   17   12
 -0.01747006   0.00000000     0.00000000  -0.00000000    -0.03402874   0.00000000
  0.00000000  -0.00000000    -0.00186397  -0.00000000     0.00000000   0.00000000
 -0.03353603  -0.00000000     0.00000000  -0.00000000    -0.05338854  -0.00000000
   17   13
  0.00183467   0.00000000    -0.00000000  -0.00000000     0.00000000  -0.00000000
  0.00000000   0.00000000    -0.00050571   0.00000000    -0.00000000  -0.00000000
 -0.00000000   0.00000000     0.00000000   0.00000000    -0.00114307   0.00000000
   17   14
 -0.01747006   0.00000000     0.00000000  -0.00000000     0.03402874  -0.00000000
  0.00000000   0.00000000    -0.00186397  -0.00000000    -0.00000000   0.00000000
  0.03353603   0.00000000     0.00000000  -0.00000000    -0.05338854  -0.00000000
   17   15
  0.00124660  -0.00000000    -0.00000000  -0.00000000     0.00238935  -0.00000000
  0.00000000  -0.00000000     0.00063956  -0.00000000     0.00000000   0.00000000
  0.00021874   0.00000000    -0.00000000  -0.00000000     0.00031484  -0.00000000
   17   16
  0.00183467   0.00000000     0.00000000   0.00000000     0.00000000   0.00000000
  0.00000000  -0.00000000    -0.00050571   0.00000000     0.00000000   0.00000000
  0.00000000   0.00000000     0.00000000  -0.00000000    -0.00114307   0.00000000
   17   17
  0.25261996  -0.00000000     0.00000000   0.00000000     0.00000000   0.00000000
  0.00000000   0.00000000     0.06474574   0.00000000     0.00000000   0.00000000
  0.00000000   0.00000000     0.00000000   0.00000000     0.27026881  -0.00000000
   17   18
  0.00128895   0.00000000     0.00000000  -0.00000000     0.00000000   0.00000000
  0.00000000  -0.00000000    -0.00359628  -0.00000000    -0.00821271   0.00000000
 -0.00000000   0.00000000    -0.00319194   0.00000000    -0.01123102   0.00000000
   17   19
  0.00128895   0.00000000     0.00000000   0.00000000    -0.00000000   0.00000000
  0.00000000   0.00000000    -0.00359628  -0.00000000     0.00821271  -0.00000000
 -0.00000000   0.00000000     0.00319194  -0.00000000    -0.01123102   0.00000000
   17   20
 -0.00198814  -0.00000000     0.00000000   0.00000000     0.00000000  -0.00000000
 -0.00000000   0.00000000     0.00034945  -0.00000000     0.00088035  -0.00000000
  0.00000000   0.00000000    -0.00134266  -0.00000000     0.00040720   0.00000000
   17   21
 -0.00198814  -0.00000000    -0.00000000  -0.00000000     0.00000000  -0.00000000
  0.00000000  -0.00000000     0.00034945  -0.00000000    -0.00088035   0.00000000
  0.00000000   0.00000000     0.00134266   0.00000000     0.00040720   0.00000000
   17   22
  0.00372278  -0.00000000     0.00000000   0.00000000     0.00000000   0.00000000
  0.00000000   0.00000000    -0.00285137  -0.00000000     0.00000000   0.00000000
  0.00000000   0.00000000     0.00000000   0.00000000     0.00261483   0.00000000
   17   23
 -0.00198814   0.00000000     0.00000000   0.00000000     0.00000000   0.00000000
 -0.00000000   0.00000000     0.00034945   0.00000000    -0.00088035  -0.00000000
 -0.00000000  -0.00000000     0.00134266  -0.00000000     0.00040720  -0.00000000
   17   24
 -0.00198814   0.00000000     0.00000000  -0.00000000     0.00000000   0.00000000
 -0.00000000  -0.00000000     0.00034945   0.00000000     0.00088035   0.00000000
  0.00000000  -0.00000000    -0.00134266   0.00000000     0.00040720  -0.00000000
   17   25
  0.00128895  -0.00000000     0.00000000  -0.00000000    -0.00000000  -0.00000000
 -0.00000000  -0.00000000    -0.00359628   0.00000000     0.00821271  -0.00000000
  0.00000000  -0.00000000     0.00319194  -0.00000000    -0.01123102   0.00000000
   17   26
  0.00128895  -0.00000000     0.00000000   0.00000000    -0.00000000  -0.00000000
  0.00000000   0.00000000    -0.00359628   0.00000000    -0.00821271   0.00000000
 -0.00000000  -0.00000000    -0.00319194   0.00000000    -0.01123102   0.00000000
   17   27
  0.00000000  -0.00000000    -0.00000000   0.00000000    -0.00000000   0.00000000
 -0.00000000   0.00000000    -0.00000000   0.00000000     0.00000000   0.00000000
  0.00000000   0.00000000     0.00000000   0.00000000     0.00000000  -0.00000000
   17   28
  0.00784655  -0.00000000    -0.00282101   0.00000000     0.00601627  -0.00000000
 -0.00665999  -0.00000000     0.00358086   0.00000000    -0.00393186  -0.00000000
  0.00464077   0.00000000    -0.00111283   0.00000000     0.00147203  -0.00000000
   17   29
  0.00784655  -0.00000000     0.00282101  -0.00000000     0.00601627  -0.00000000
  0.00665999   0.00000000     0.00358086   0.00000000     0.00393186   0.00000000
  0.00464077   0.00000000     0.00111283  -0.00000000     0.00147203  -0.00000000
   17   30
  0.00784655  -0.00000000    -0.00282101   0.00000000    -0.00601627   0.00000000
 -0.00665999   0.00000000     0.00358086  -0.00000000     0.00393186   0.00000000
 -0.00464077   0.00000000     0.00111283  -0.00000000     0.00147203  -0.00000000
   17   31
  0.00784655  -0.00000000     0.00282101  -0.00000000    -0.00601627   0.00000000
  0.00665999  -0.00000000     0.00358086  -0.00000000    -0.00393186  -0.00000000
 -0.00464077   0.00000000    -0.00111283   0.00000000     0.00147203  -0.00000000
   17   32
  0.00000000   0.00000000     0.00000000   0.00000000     0.00000000  -0.00000000
  0.00000000   0.00000000    -0.00000000  -0.00000000     0.00000000   0.00000000
 -0.00000000  -0.00000000     0.00000000   0.00000000     0.00000000  -0.00000000
   17   33
  0.00784655  -0.00000000     0.00282101  -0.00000000    -0.00601627   0.00000000
  0.00665999   0.00000000     0.00358086   0.00000000    -0.00393186   0.00000000
 -0.00464077  -0.00000000    -0.00111283  -0.00000000     0.00147203  -0.00000000
   17   34
  0.00784655  -0.00000000    -0.00282101   0.00000000    -0.00601627   0.00000000
 -0.00665999  -0.00000000     0.00358086   0.00000000     0.00393186  -0.00000000
 -0.00464077  -0.00000000     0.00111283   0.00000000     0.00147203  -0.00000000
   17   35
  0.00784655  -0.00000000     0.00282101  -0.00000000     0.00601627  -0.00000000
  0.00665999  -0.00000000     0.00358086  -0.00000000     0.00393186   0.00000000
  0.00464077  -0.00000000     0.00111283   0.00000000     0.00147203  -0.00000000
   17   36
  0.00784655  -0.00000000    -0.00282101   0.00000000     0.00601627  -0.00000000
 -0.00665999   0.00000000     0.00358086  -0.00000000    -0.00393186  -0.00000000
  0.00464077  -0.00000000    -0.00111283  -0.00000000     0.00147203  -0.00000000
   18    1
 -0.00018097  -0.00000000    -0.00000000   0.00000000    -0.00000000   0.00000000
  0.00000000  -0.00000000    -0.00029554  -0.00000000     0.00025284   0.00000000
 -0.00000000   0.00000000    -0.00016075  -0.00000000     0.00003652  -0.00000000
   18    2
 -0.00204652   0.00000000     0.00000000  -0.00000000    -0.00000000  -0.00000000
  0.00000000  -0.00000000     0.00516061  -0.00000000    -0.01096547   0.00000000
  0.00000000  -0.00000000    -0.01074020   0.00000000     0.01461723  -0.00000000
   18    3
  0.01100647   0.00000000    -0.00963369   0.00000000    -0.00739071   0.00000000
 -0.00968647   0.00000000     0.00507614   0.00000000     0.00558306   0.00000000
 -0.00738479   0.00000000     0.00562785   0.00000000     0.00210647  -0.00000000
   18    4
 -0.01100647  -0.00000000    -0.00963369  -0.00000000    -0.00739071  -0.00000000
 -0.00968647   0.00000000    -0.00507614   0.00000000    -0.00558306   0.00000000
 -0.00738479   0.00000000    -0.00562785  -0.00000000    -0.00210647   0.00000000
   18    5
 -0.01596168   0.00000000    -0.04027546   0.00000000    -0.00838882   0.00000000
 -0.03448162  -0.00000000    -0.05329154   0.00000000    -0.01819846   0.00000000
 -0.01120277  -0.00000000    -0.02341498   0.00000000    -0.00504227   0.00000000
   18    6
  0.00098668   0.00000000     0.00054902   0.00000000     0.00244630   0.00000000
 -0.00035720   0.00000000    -0.00079344   0.00000000     0.00035185  -0.00000000
 -0.00046401  -0.00000000     0.00066191   0.00000000    -0.00158554  -0.00000000
   18    7
  0.00171919   0.00000000     0.00180465   0.00000000    -0.00006312  -0.00000000
  0.00078679  -0.00000000    -0.00259868  -0.00000000     0.00033604  -0.00000000
 -0.00026339   0.00000000    -0.00091837   0.00000000     0.00086894  -0.00000000
   18    8
  0.00105625   0.00000000    -0.00104734  -0.00000000    -0.00219467  -0.00000000
  0.00098039   0.00000000     0.00067109  -0.00000000     0.00075772   0.00000000
  0.00193105   0.00000000     0.00225338   0.00000000    -0.00047550   0.00000000
   18    9
 -0.00162599  -0.00000000     0.00139894   0.00000000    -0.00131853  -0.00000000
 -0.00031670  -0.00000000     0.00180357   0.00000000     0.00175790   0.00000000
  0.00037720   0.00000000     0.00029354  -0.00000000    -0.00129996  -0.00000000
   18   10
  0.00171919   0.00000000    -0.00180465  -0.00000000     0.00006312   0.00000000
 -0.00078679  -0.00000000    -0.00259868  -0.00000000     0.00033604  -0.00000000
  0.00026339  -0.00000000    -0.00091837  -0.00000000     0.00086894   0.00000000
   18   11
 -0.00162599  -0.00000000    -0.00139894   0.00000000     0.00131853   0.00000000
  0.00031670   0.00000000     0.00180357  -0.00000000     0.00175790   0.00000000
 -0.00037720  -0.00000000     0.00029354  -0.00000000    -0.00129996  -0.00000000
   18   12
 -0.01596168   0.00000000     0.04027546   0.00000000     0.00838882  -0.00000000
  0.03448162   0.00000000    -0.05329154  -0.00000000    -0.01819846   0.00000000
  0.01120277   0.00000000    -0.02341498  -0.00000000    -0.00504227  -0.00000000
   18   13
 -0.00036264  -0.00000000     0.00000000  -0.00000000    -0.00000000   0.00000000
 -0.00000000   0.00000000    -0.05471734  -0.00000000     0.03726665  -0.00000000
  0.00000000  -0.00000000     0.04735312   0.00000000    -0.02071991   0.00000000
   18   14
  0.00098668  -0.00000000    -0.00054902  -0.00000000    -0.00244630  -0.00000000
  0.00035720  -0.00000000    -0.00079344  -0.00000000     0.00035185  -0.00000000
  0.00046401  -0.00000000     0.00066191  -0.00000000    -0.00158554  -0.00000000
   18   15
  0.00105625   0.00000000     0.00104734   0.00000000     0.00219467   0.00000000
 -0.00098039  -0.00000000     0.00067109   0.00000000     0.00075772  -0.00000000
 -0.00193105  -0.00000000     0.00225338   0.00000000    -0.00047550  -0.00000000
   18   16
 -0.00192764  -0.00000000    -0.00000000   0.00000000     0.00000000  -0.00000000
 -0.00000000  -0.00000000     0.00237906   0.00000000    -0.00039850  -0.00000000
 -0.00000000   0.00000000    -0.00193076  -0.00000000     0.00339111   0.00000000
   18   17
  0.00128895   0.00000000     0.00000000  -0.00000000    -0.00000000   0.00000000
  0.00000000  -0.00000000    -0.00359628  -0.00000000    -0.00319194   0.00000000
  0.00000000   0.00000000    -0.00821271   0.00000000    -0.01123102   0.00000000
   18   18
  0.12536981  -0.00000000     0.00000000  -0.00000000     0.00000000  -0.00000000
  0.00000000  -0.00000000     0.21773079  -0.00000000    -0.00138340  -0.00000000
  0.00000000  -0.00000000    -0.00138340  -0.00000000     0.12597922   0.00000000
   18   19
  0.00051332   0.00000000    -0.00000000   0.00000000    -0.00000000   0.00000000
 -0.00000000  -0.00000000     0.00026867   0.00000000    -0.00040127  -0.00000000
  0.00000000   0.00000000     0.00040127   0.00000000    -0.00081868  -0.00000000
   18   20
  0.00088489   0.00000000     0.00000000  -0.00000000     0.00000000  -0.00000000
  0.00000000  -0.00000000     0.00965113   0.00000000    -0.00003062  -0.00000000
 -0.00000000   0.00000000     0.00056948   0.00000000    -0.00126671  -0.00000000
   18   21
  0.00079460  -0.00000000    -0.00000000  -0.00000000    -0.00000000   0.00000000
 -0.00000000  -0.00000000    -0.00059204   0.00000000     0.00099409   0.00000000
 -0.00000000   0.00000000     0.00094286   0.00000000    -0.00413210  -0.00000000
   18   22
 -0.00197529  -0.00000000    -0.00000000   0.00000000    -0.00000000   0.00000000
  0.00000000  -0.00000000     0.00036994   0.00000000     0.00074530   0.00000000
 -0.00000000   0.00000000    -0.00083091  -0.00000000     0.00025699  -0.00000000
   18   23
  0.00531856   0.00000000    -0.00000000   0.00000000    -0.00000000   0.00000000
  0.00000000  -0.00000000     0.00021275   0.00000000     0.00237672   0.00000000
  0.00000000  -0.00000000     0.00222074   0.00000000    -0.00161996  -0.00000000
   18   24
 -0.00042415  -0.00000000    -0.00000000   0.00000000    -0.00000000   0.00000000
 -0.00000000  -0.00000000    -0.00639964  -0.00000000     0.00131946  -0.00000000
 -0.00000000   0.00000000    -0.00118000   0.00000000    -0.03692478  -0.00000000
   18   25
  0.00256778  -0.00000000    -0.00000000   0.00000000     0.00000000  -0.00000000
 -0.00000000  -0.00000000    -0.00357702   0.00000000    -0.00016409   0.00000000
  0.00000000  -0.00000000     0.00016409  -0.00000000     0.00274465   0.00000000
   18   26
 -0.00054666  -0.00000000    -0.00000000   0.00000000     0.00000000  -0.00000000
  0.00000000   0.00000000    -0.00103115  -0.00000000     0.00072518   0.00000000
 -0.00000000  -0.00000000     0.00072518   0.00000000     0.00010226   0.00000000
   18   27
  0.00821596  -0.00000000    -0.00697195  -0.00000000     0.00501773   0.00000000
 -0.00326551   0.00000000     0.00393236   0.00000000    -0.00157349  -0.00000000
  0.00585247  -0.00000000    -0.00361841  -0.00000000     0.00210372  -0.00000000
   18   28
 -0.00022010  -0.00000000    -0.00017149  -0.00000000     0.00403554   0.00000000
  0.00020388   0.00000000    -0.00020727  -0.00000000     0.00006066  -0.00000000
 -0.00408021   0.00000000    -0.00039732  -0.00000000     0.00027135   0.00000000
   18   29
  0.02675914   0.00000000     0.00100014   0.00000000    -0.01572039  -0.00000000
 -0.00134534  -0.00000000     0.00604477   0.00000000     0.00126786   0.00000000
 -0.01606093  -0.00000000    -0.00103198  -0.00000000     0.00987629   0.00000000
   18   30
  0.00007603  -0.00000000    -0.00043712  -0.00000000     0.00052200  -0.00000000
 -0.00047822  -0.00000000     0.00026987   0.00000000     0.00071106   0.00000000
 -0.00069789  -0.00000000     0.00080901   0.00000000    -0.00015071   0.00000000
   18   31
  0.00129883  -0.00000000     0.00022951  -0.00000000     0.00215512   0.00000000
  0.00038141  -0.00000000    -0.00006559   0.00000000     0.00021948  -0.00000000
  0.00203085  -0.00000000     0.00023166   0.00000000     0.00084296   0.00000000
   18   32
  0.00821596  -0.00000000     0.00697195   0.00000000    -0.00501773   0.00000000
  0.00326551   0.00000000     0.00393236   0.00000000    -0.00157349   0.00000000
 -0.00585247  -0.00000000    -0.00361841   0.00000000     0.00210372   0.00000000
   18   33
 -0.00022010  -0.00000000     0.00017149  -0.00000000    -0.00403554  -0.00000000
 -0.00020388  -0.00000000    -0.00020727  -0.00000000     0.00006066  -0.00000000
  0.00408021   0.00000000    -0.00039732  -0.00000000     0.00027135   0.00000000
   18   34
  0.02675914  -0.00000000    -0.00100014  -0.00000000     0.01572039  -0.00000000
  0.00134534   0.00000000     0.00604477  -0.00000000     0.00126786   0.00000000
  0.01606093   0.00000000    -0.00103198  -0.00000000     0.00987629   0.00000000
   18   35
  0.00007603  -0.00000000     0.00043712   0.00000000    -0.00052200  -0.00000000
  0.00047822   0.00000000     0.00026987   0.00000000     0.00071106   0.00000000
  0.00069789   0.00000000     0.00080901   0.00000000    -0.00015071  -0.00000000
   18   36
  0.00129883   0.00000000    -0.00022951  -0.00000000    -0.00215512  -0.00000000
 -0.00038141  -0.00000000    -0.00006559   0.00000000     0.00021948   0.00000000
 -0.00203085  -0.00000000     0.00023166   0.00000000     0.00084296   0.00000000
   19    1
 -0.00018097  -0.00000000     0.00000000  -0.00000000    -0.00000000   0.00000000
  0.00000000   0.00000000    -0.00029554  -0.00000000    -0.00025284  -0.00000000
  0.00000000   0.00000000     0.00016075   0.00000000     0.00003652  -0.00000000
   19    2
 -0.00204652   0.00000000     0.00000000   0.00000000    -0.00000000  -0.00000000
  0.00000000   0.00000000     0.00516061  -0.00000000     0.01096547  -0.00000000
 -0.00000000  -0.00000000     0.01074020  -0.00000000     0.01461723  -0.00000000
   19    3
 -0.01100647  -0.00000000    -0.00963369   0.00000000     0.00739071  -0.00000000
 -0.00968647   0.00000000    -0.00507614  -0.00000000     0.00558306   0.00000000
  0.00738479  -0.00000000     0.00562785   0.00000000    -0.00210647   0.00000000
   19    4
  0.01100647   0.00000000    -0.00963369  -0.00000000     0.00739071   0.00000000
 -0.00968647   0.00000000     0.00507614  -0.00000000    -0.00558306   0.00000000
  0.00738479  -0.00000000    -0.00562785  -0.00000000     0.00210647  -0.00000000
   19    5
  0.00098668  -0.00000000     0.00054902   0.00000000    -0.00244630  -0.00000000
 -0.00035720   0.00000000    -0.00079344  -0.00000000    -0.00035185   0.00000000
  0.00046401  -0.00000000    -0.00066191   0.00000000    -0.00158554  -0.00000000
   19    6
 -0.01596168   0.00000000    -0.04027546  -0.00000000     0.00838882  -0.00000000
 -0.03448162  -0.00000000    -0.05329154  -0.00000000     0.01819846  -0.00000000
  0.01120277   0.00000000     0.02341498   0.00000000    -0.00504227  -0.00000000
   19    7
  0.00171919   0.00000000     0.00180465   0.00000000     0.00006312   0.00000000
  0.00078679   0.00000000    -0.00259868  -0.00000000    -0.00033604   0.00000000
  0.00026339  -0.00000000     0.00091837   0.00000000     0.00086894   0.00000000
   19    8
 -0.00162599  -0.00000000     0.00139894  -0.00000000     0.00131853   0.00000000
 -0.00031670  -0.00000000     0.00180357  -0.00000000    -0.00175790  -0.00000000
 -0.00037720  -0.00000000    -0.00029354   0.00000000    -0.00129996  -0.00000000
   19    9
  0.00105625   0.00000000    -0.00104734  -0.00000000     0.00219467   0.00000000
  0.00098039   0.00000000     0.00067109   0.00000000    -0.00075772   0.00000000
 -0.00193105  -0.00000000    -0.00225338  -0.00000000    -0.00047550  -0.00000000
   19   10
  0.00171919   0.00000000    -0.00180465  -0.00000000    -0.00006312  -0.00000000
 -0.00078679   0.00000000    -0.00259868  -0.00000000    -0.00033604   0.00000000
 -0.00026339   0.00000000     0.00091837  -0.00000000     0.00086894  -0.00000000
   19   11
  0.00105625   0.00000000     0.00104734   0.00000000    -0.00219467  -0.00000000
 -0.00098039  -0.00000000     0.00067109  -0.00000000    -0.00075772  -0.00000000
  0.00193105   0.00000000    -0.00225338  -0.00000000    -0.00047550   0.00000000
   19   12
  0.00098668   0.00000000    -0.00054902  -0.00000000     0.00244630   0.00000000
  0.00035720  -0.00000000    -0.00079344   0.00000000    -0.00035185   0.00000000
 -0.00046401  -0.00000000    -0.00066191  -0.00000000    -0.00158554  -0.00000000
   19   13
 -0.00192764  -0.00000000     0.00000000  -0.00000000     0.00000000  -0.00000000
  0.00000000   0.00000000     0.00237906   0.00000000     0.00039850   0.00000000
 -0.00000000   0.00000000     0.00193076   0.00000000     0.00339111   0.00000000
   19   14
 -0.01596168   0.00000000     0.04027546  -0.00000000    -0.00838882   0.00000000
  0.03448162   0.00000000    -0.05329154   0.00000000     0.01819846  -0.00000000
 -0.01120277  -0.00000000     0.02341498  -0.00000000    -0.00504227   0.00000000
   19   15
 -0.00162599  -0.00000000    -0.00139894  -0.00000000    -0.00131853  -0.00000000
  0.00031670   0.00000000     0.00180357   0.00000000    -0.00175790  -0.00000000
  0.00037720   0.00000000    -0.00029354   0.00000000    -0.00129996  -0.00000000
   19   16
 -0.00036264  -0.00000000     0.00000000   0.00000000     0.00000000   0.00000000
 -0.00000000  -0.00000000    -0.05471734  -0.00000000    -0.03726665   0.00000000
  0.00000000  -0.00000000    -0.04735312  -0.00000000    -0.02071991   0.00000000
   19   17
  0.00128895   0.00000000     0.00000000   0.00000000    -0.00000000   0.00000000
  0.00000000   0.00000000    -0.00359628  -0.00000000     0.00319194  -0.00000000
 -0.00000000   0.00000000     0.00821271  -0.00000000    -0.01123102   0.00000000
   19   18
  0.00051332   0.00000000    -0.00000000  -0.00000000     0.00000000   0.00000000
 -0.00000000   0.00000000     0.00026867   0.00000000     0.00040127   0.00000000
 -0.00000000   0.00000000    -0.00040127  -0.00000000    -0.00081868  -0.00000000
   19   19
  0.12536981  -0.00000000     0.00000000   0.00000000    -0.00000000  -0.00000000
  0.00000000   0.00000000     0.21773079  -0.00000000     0.00138340   0.00000000
 -0.00000000  -0.00000000     0.00138340   0.00000000     0.12597922   0.00000000
   19   20
  0.00079460  -0.00000000     0.00000000   0.00000000    -0.00000000   0.00000000
  0.00000000   0.00000000    -0.00059204   0.00000000    -0.00099409  -0.00000000
  0.00000000   0.00000000    -0.00094286  -0.00000000    -0.00413210  -0.00000000
   19   21
  0.00088489   0.00000000     0.00000000   0.00000000     0.00000000  -0.00000000
  0.00000000   0.00000000     0.00965113   0.00000000     0.00003062   0.00000000
  0.00000000   0.00000000    -0.00056948  -0.00000000    -0.00126671  -0.00000000
   19   22
 -0.00197529  -0.00000000     0.00000000  -0.00000000    -0.00000000   0.00000000
  0.00000000   0.00000000     0.00036994   0.00000000    -0.00074530  -0.00000000
  0.00000000   0.00000000     0.00083091   0.00000000     0.00025699  -0.00000000
   19   23
 -0.00042415  -0.00000000     0.00000000  -0.00000000     0.00000000   0.00000000
  0.00000000   0.00000000    -0.00639964  -0.00000000    -0.00131946   0.00000000
  0.00000000   0.00000000     0.00118000  -0.00000000    -0.03692478  -0.00000000
   19   24
  0.00531856   0.00000000     0.00000000  -0.00000000     0.00000000   0.00000000
  0.00000000   0.00000000     0.00021275   0.00000000    -0.00237672  -0.00000000
 -0.00000000  -0.00000000    -0.00222074  -0.00000000    -0.00161996  -0.00000000
   19   25
 -0.00054666  -0.00000000     0.00000000  -0.00000000    -0.00000000  -0.00000000
  0.00000000  -0.00000000    -0.00103115  -0.00000000    -0.00072518  -0.00000000
 -0.00000000  -0.00000000    -0.00072518  -0.00000000     0.00010226   0.00000000
   19   26
  0.00256778  -0.00000000    -0.00000000  -0.00000000    -0.00000000  -0.00000000
 -0.00000000   0.00000000    -0.00357702   0.00000000     0.00016409  -0.00000000
  0.00000000  -0.00000000    -0.00016409   0.00000000     0.00274465   0.00000000
   19   27
 -0.00821596   0.00000000    -0.00697195  -0.00000000    -0.00501773  -0.00000000
 -0.00326551   0.00000000    -0.00393236  -0.00000000    -0.00157349  -0.00000000
 -0.00585247   0.00000000    -0.00361841  -0.00000000    -0.00210372   0.00000000
   19   28
  0.02675914   0.00000000    -0.00100014  -0.00000000    -0.01572039  -0.00000000
  0.00134534   0.00000000     0.00604477   0.00000000    -0.00126786  -0.00000000
 -0.01606093  -0.00000000     0.00103198   0.00000000     0.00987629   0.00000000
   19   29
 -0.00022010  -0.00000000     0.00017149   0.00000000     0.00403554   0.00000000
 -0.00020388  -0.00000000    -0.00020727  -0.00000000    -0.00006066   0.00000000
 -0.00408021   0.00000000     0.00039732   0.00000000     0.00027135   0.00000000
   19   30
  0.00129883  -0.00000000    -0.00022951   0.00000000     0.00215512   0.00000000
 -0.00038141   0.00000000    -0.00006559   0.00000000    -0.00021948   0.00000000
  0.00203085  -0.00000000    -0.00023166  -0.00000000     0.00084296   0.00000000
   19   31
  0.00007603  -0.00000000     0.00043712   0.00000000     0.00052200  -0.00000000
  0.00047822   0.00000000     0.00026987   0.00000000    -0.00071106  -0.00000000
 -0.00069789  -0.00000000    -0.00080901  -0.00000000    -0.00015071   0.00000000
   19   32
 -0.00821596   0.00000000     0.00697195   0.00000000     0.00501773  -0.00000000
  0.00326551   0.00000000    -0.00393236  -0.00000000    -0.00157349   0.00000000
  0.00585247   0.00000000    -0.00361841   0.00000000    -0.00210372  -0.00000000
   19   33
  0.02675914  -0.00000000     0.00100014   0.00000000     0.01572039  -0.00000000
 -0.00134534  -0.00000000     0.00604477  -0.00000000    -0.00126786  -0.00000000
  0.01606093   0.00000000     0.00103198   0.00000000     0.00987629   0.00000000
   19   34
 -0.00022010  -0.00000000    -0.00017149   0.00000000    -0.00403554  -0.00000000
  0.00020388   0.00000000    -0.00020727  -0.00000000    -0.00006066   0.00000000
  0.00408021   0.00000000     0.00039732   0.00000000     0.00027135   0.00000000
   19   35
  0.00129883   0.00000000     0.00022951   0.00000000    -0.00215512  -0.00000000
  0.00038141   0.00000000    -0.00006559   0.00000000    -0.00021948  -0.00000000
 -0.00203085  -0.00000000    -0.00023166  -0.00000000     0.00084296   0.00000000
   19   36
  0.00007603  -0.00000000    -0.00043712  -0.00000000    -0.00052200  -0.00000000
 -0.00047822  -0.00000000     0.00026987   0.00000000    -0.00071106  -0.00000000
  0.00069789   0.00000000    -0.00080901  -0.00000000    -0.00015071  -0.00000000
   20    1
  0.00025599  -0.00000000    -0.00000000   0.00000000    -0.00000000  -0.00000000
 -0.00000000  -0.00000000     0.00015433  -0.00000000     0.00051579   0.00000000
 -0.00000000  -0.00000000     0.00034772   0.00000000    -0.00015563   0.00000000
   20    2
  0.00205545  -0.00000000     0.00000000   0.00000000    -0.00000000  -0.00000000
 -0.00000000   0.00000000    -0.00497256   0.00000000    -0.01063197   0.00000000
  0.00000000  -0.00000000    -0.01065808  -0.00000000    -0.01430146   0.00000000
   20    3
 -0.01044190  -0.00000000    -0.00923997   0.00000000     0.00699713   0.00000000
 -0.00915684   0.00000000    -0.00495244   0.00000000     0.00520761  -0.00000000
  0.00702942   0.00000000     0.00535880   0.00000000    -0.00210485  -0.00000000
   20    4
  0.01044190   0.00000000    -0.00923997   0.00000000     0.00699713  -0.00000000
 -0.00915684   0.00000000     0.00495244   0.00000000    -0.00520761   0.00000000
  0.00702942  -0.00000000    -0.00535880  -0.00000000     0.00210485  -0.00000000
   20    5
  0.00213560   0.00000000     0.00233388   0.00000000    -0.00110814  -0.00000000
 -0.00129857  -0.00000000     0.00014992   0.00000000    -0.00123570  -0.00000000
  0.00081441   0.00000000    -0.00207686   0.00000000    -0.00109382  -0.00000000
   20    6
 -0.00079097  -0.00000000    -0.00184592  -0.00000000    -0.00185279  -0.00000000
  0.00080736   0.00000000     0.00256522   0.00000000    -0.00206108  -0.00000000
 -0.00005802  -0.00000000    -0.00062000   0.00000000    -0.00120935   0.00000000
   20    7
 -0.00157375  -0.00000000    -0.00081919   0.00000000    -0.00029958   0.00000000
 -0.00130273  -0.00000000     0.00303443   0.00000000     0.00195583   0.00000000
 -0.00097612  -0.00000000    -0.00061244  -0.00000000     0.00056826   0.00000000
   20    8
 -0.01667104   0.00000000     0.04316408  -0.00000000    -0.00988147   0.00000000
  0.03529043   0.00000000    -0.05437279  -0.00000000     0.01880593  -0.00000000
 -0.01270138  -0.00000000     0.02551393  -0.00000000    -0.00733306   0.00000000
   20    9
  0.00100034   0.00000000    -0.00062486  -0.00000000     0.00264962   0.00000000
  0.00056871   0.00000000    -0.00043218  -0.00000000     0.00016501   0.00000000
 -0.00201478  -0.00000000    -0.00127752  -0.00000000    -0.00137165   0.00000000
   20   10
 -0.00157375  -0.00000000     0.00081919   0.00000000     0.00029958  -0.00000000
  0.00130273  -0.00000000     0.00303443   0.00000000     0.00195583  -0.00000000
  0.00097612  -0.00000000    -0.00061244   0.00000000     0.00056826   0.00000000
   20   11
  0.00100034   0.00000000     0.00062486  -0.00000000    -0.00264962  -0.00000000
 -0.00056871   0.00000000    -0.00043218   0.00000000     0.00016501  -0.00000000
  0.00201478   0.00000000    -0.00127752  -0.00000000    -0.00137165  -0.00000000
   20   12
  0.00213560   0.00000000    -0.00233388  -0.00000000     0.00110814   0.00000000
  0.00129857   0.00000000     0.00014992  -0.00000000    -0.00123570  -0.00000000
 -0.00081441   0.00000000    -0.00207686  -0.00000000    -0.00109382   0.00000000
   20   13
 -0.00157435  -0.00000000    -0.00000000   0.00000000    -0.00000000   0.00000000
 -0.00000000  -0.00000000     0.00215118   0.00000000     0.00050047   0.00000000
  0.00000000  -0.00000000     0.00213251   0.00000000     0.00314454   0.00000000
   20   14
 -0.00079097  -0.00000000     0.00184592   0.00000000     0.00185279  -0.00000000
 -0.00080736   0.00000000     0.00256522  -0.00000000    -0.00206108  -0.00000000
  0.00005802   0.00000000    -0.00062000   0.00000000    -0.00120935   0.00000000
   20   15
 -0.01667104  -0.00000000    -0.04316408  -0.00000000     0.00988147  -0.00000000
 -0.03529043  -0.00000000    -0.05437279  -0.00000000     0.01880593  -0.00000000
  0.01270138   0.00000000     0.02551393  -0.00000000    -0.00733306  -0.00000000
   20   16
 -0.00155578  -0.00000000     0.00000000  -0.00000000    -0.00000000   0.00000000
 -0.00000000  -0.00000000    -0.05044782  -0.00000000    -0.03357246   0.00000000
  0.00000000  -0.00000000    -0.04734915  -0.00000000    -0.01928183   0.00000000
   20   17
 -0.00198814  -0.00000000    -0.00000000   0.00000000     0.00000000   0.00000000
  0.00000000   0.00000000     0.00034945  -0.00000000    -0.00134266  -0.00000000
  0.00000000  -0.00000000     0.00088035  -0.00000000     0.00040720   0.00000000
   20   18
  0.00088489   0.00000000     0.00000000  -0.00000000    -0.00000000   0.00000000
  0.00000000  -0.00000000     0.00965113   0.00000000     0.00056948   0.00000000
  0.00000000  -0.00000000    -0.00003062  -0.00000000    -0.00126671  -0.00000000
   20   19
  0.00079460  -0.00000000     0.00000000   0.00000000     0.00000000   0.00000000
  0.00000000   0.00000000    -0.00059204   0.00000000    -0.00094286  -0.00000000
 -0.00000000   0.00000000    -0.00099409  -0.00000000    -0.00413210  -0.00000000
   20   20
  0.12493330  -0.00000000    -0.00000000   0.00000000     0.00000000  -0.00000000
 -0.00000000   0.00000000     0.20782222  -0.00000000    -0.00553262   0.00000000
  0.00000000  -0.00000000    -0.00553262   0.00000000     0.12980673   0.00000000
   20   21
  0.00043583   0.00000000    -0.00000000   0.00000000     0.00000000  -0.00000000
 -0.00000000  -0.00000000    -0.00002952  -0.00000000     0.00046223   0.00000000
 -0.00000000  -0.00000000    -0.00046223  -0.00000000    -0.00039602   0.00000000
   20   22
  0.00133309   0.00000000    -0.00000000   0.00000000    -0.00000000   0.00000000
 -0.00000000   0.00000000    -0.00403480   0.00000000     0.00341936  -0.00000000
  0.00000000  -0.00000000     0.00815317   0.00000000    -0.00986529   0.00000000
   20   23
  0.00336725   0.00000000     0.00000000  -0.00000000    -0.00000000  -0.00000000
  0.00000000   0.00000000    -0.00352917   0.00000000    -0.00070674   0.00000000
 -0.00000000  -0.00000000     0.00070674  -0.00000000     0.00214901   0.00000000
   20   24
 -0.00073072  -0.00000000    -0.00000000   0.00000000    -0.00000000   0.00000000
  0.00000000   0.00000000    -0.00065091   0.00000000    -0.00021980  -0.00000000
  0.00000000   0.00000000    -0.00021980  -0.00000000     0.00033503  -0.00000000
   20   25
  0.00531856   0.00000000     0.00000000   0.00000000     0.00000000  -0.00000000
  0.00000000  -0.00000000     0.00021275   0.00000000    -0.00222074  -0.00000000
  0.00000000   0.00000000    -0.00237672  -0.00000000    -0.00161996  -0.00000000
   20   26
 -0.00042415  -0.00000000     0.00000000  -0.00000000     0.00000000   0.00000000
 -0.00000000   0.00000000    -0.00639964  -0.00000000    -0.00118000   0.00000000
  0.00000000   0.00000000     0.00131946  -0.00000000    -0.03692478  -0.00000000
   20   27
 -0.00756462   0.00000000     0.00687373  -0.00000000     0.00547694  -0.00000000
  0.00237276  -0.00000000    -0.00363955   0.00000000    -0.00151085   0.00000000
  0.00508603  -0.00000000    -0.00328618  -0.00000000    -0.00187127   0.00000000
   20   28
 -0.00013863  -0.00000000    -0.00013602   0.00000000    -0.00065258  -0.00000000
 -0.00070711  -0.00000000     0.00006409  -0.00000000     0.00066870   0.00000000
  0.00045061  -0.00000000     0.00077530   0.00000000    -0.00001172   0.00000000
   20   29
 -0.00076583   0.00000000    -0.00023328  -0.00000000    -0.00186841   0.00000000
  0.00049339  -0.00000000     0.00044283   0.00000000    -0.00018222   0.00000000
 -0.00125958  -0.00000000     0.00000671  -0.00000000    -0.00112330  -0.00000000
   20   30
  0.00011841  -0.00000000    -0.00014620   0.00000000    -0.00435071  -0.00000000
  0.00011073  -0.00000000     0.00000315  -0.00000000     0.00045212   0.00000000
  0.00415256  -0.00000000    -0.00010954   0.00000000     0.00034113   0.00000000
   20   31
 -0.02547798   0.00000000     0.00142944  -0.00000000     0.01634163   0.00000000
 -0.00142540  -0.00000000    -0.00616662  -0.00000000     0.00114494   0.00000000
  0.01378555   0.00000000    -0.00072610   0.00000000    -0.00899736  -0.00000000
   20   32
 -0.00756462  -0.00000000    -0.00687373   0.00000000    -0.00547694   0.00000000
 -0.00237276  -0.00000000    -0.00363955  -0.00000000    -0.00151085  -0.00000000
 -0.00508603  -0.00000000    -0.00328618   0.00000000    -0.00187127  -0.00000000
   20   33
 -0.00013863  -0.00000000     0.00013602   0.00000000     0.00065258   0.00000000
  0.00070711   0.00000000     0.00006409   0.00000000     0.00066870   0.00000000
 -0.00045061   0.00000000     0.00077530  -0.00000000    -0.00001172  -0.00000000
   20   34
 -0.00076583   0.00000000     0.00023328   0.00000000     0.00186841   0.00000000
 -0.00049339  -0.00000000     0.00044283   0.00000000    -0.00018222   0.00000000
  0.00125958   0.00000000     0.00000671  -0.00000000    -0.00112330  -0.00000000
   20   35
  0.00011841   0.00000000     0.00014620   0.00000000     0.00435071   0.00000000
 -0.00011073   0.00000000     0.00000315  -0.00000000     0.00045212   0.00000000
 -0.00415256  -0.00000000    -0.00010954   0.00000000     0.00034113   0.00000000
   20   36
 -0.02547798   0.00000000    -0.00142944  -0.00000000    -0.01634163   0.00000000
  0.00142540   0.00000000    -0.00616662   0.00000000     0.00114494   0.00000000
 -0.01378555   0.00000000    -0.00072610  -0.00000000    -0.00899736  -0.00000000
   21    1
  0.00025599  -0.00000000    -0.00000000  -0.00000000     0.00000000  -0.00000000
 -0.00000000   0.00000000     0.00015433  -0.00000000    -0.00051579  -0.00000000
 -0.00000000  -0.00000000    -0.00034772  -0.00000000    -0.00015563   0.00000000
   21    2
  0.00205545  -0.00000000    -0.00000000  -0.00000000     0.00000000  -0.00000000
 -0.00000000  -0.00000000    -0.00497256   0.00000000     0.01063197  -0.00000000
  0.00000000  -0.00000000     0.01065808   0.00000000    -0.01430146   0.00000000
   21    3
  0.01044190   0.00000000    -0.00923997   0.00000000    -0.00699713  -0.00000000
 -0.00915684   0.00000000     0.00495244  -0.00000000     0.00520761  -0.00000000
 -0.00702942  -0.00000000     0.00535880   0.00000000     0.00210485   0.00000000
   21    4
 -0.01044190  -0.00000000    -0.00923997   0.00000000    -0.00699713   0.00000000
 -0.00915684   0.00000000    -0.00495244  -0.00000000    -0.00520761   0.00000000
 -0.00702942   0.00000000    -0.00535880  -0.00000000    -0.00210485   0.00000000
   21    5
 -0.00079097  -0.00000000    -0.00184592  -0.00000000     0.00185279  -0.00000000
  0.00080736  -0.00000000     0.00256522  -0.00000000     0.00206108   0.00000000
  0.00005802   0.00000000     0.00062000  -0.00000000    -0.00120935   0.00000000
   21    6
  0.00213560   0.00000000     0.00233388   0.00000000     0.00110814   0.00000000
 -0.00129857  -0.00000000     0.00014992  -0.00000000     0.00123570   0.00000000
 -0.00081441   0.00000000     0.00207686   0.00000000    -0.00109382   0.00000000
   21    7
 -0.00157375  -0.00000000    -0.00081919  -0.00000000     0.00029958  -0.00000000
 -0.00130273   0.00000000     0.00303443   0.00000000    -0.00195583   0.00000000
  0.00097612  -0.00000000     0.00061244  -0.00000000     0.00056826   0.00000000
   21    8
  0.00100034   0.00000000    -0.00062486   0.00000000    -0.00264962  -0.00000000
  0.00056871  -0.00000000    -0.00043218   0.00000000    -0.00016501   0.00000000
  0.00201478   0.00000000     0.00127752   0.00000000    -0.00137165  -0.00000000
   21    9
 -0.01667104  -0.00000000     0.04316408   0.00000000     0.00988147  -0.00000000
  0.03529043   0.00000000    -0.05437279  -0.00000000    -0.01880593   0.00000000
  0.01270138   0.00000000    -0.02551393   0.00000000    -0.00733306  -0.00000000
   21   10
 -0.00157375  -0.00000000     0.00081919  -0.00000000    -0.00029958   0.00000000
  0.00130273   0.00000000     0.00303443   0.00000000    -0.00195583  -0.00000000
 -0.00097612  -0.00000000     0.00061244   0.00000000     0.00056826   0.00000000
   21   11
 -0.01667104   0.00000000    -0.04316408   0.00000000    -0.00988147   0.00000000
 -0.03529043  -0.00000000    -0.05437279  -0.00000000    -0.01880593   0.00000000
 -0.01270138  -0.00000000    -0.02551393   0.00000000    -0.00733306   0.00000000
   21   12
 -0.00079097  -0.00000000     0.00184592   0.00000000    -0.00185279  -0.00000000
 -0.00080736  -0.00000000     0.00256522   0.00000000     0.00206108   0.00000000
 -0.00005802  -0.00000000     0.00062000  -0.00000000    -0.00120935   0.00000000
   21   13
 -0.00155578  -0.00000000     0.00000000   0.00000000    -0.00000000   0.00000000
 -0.00000000   0.00000000    -0.05044782  -0.00000000     0.03357246  -0.00000000
  0.00000000  -0.00000000     0.04734915   0.00000000    -0.01928183   0.00000000
   21   14
  0.00213560   0.00000000    -0.00233388  -0.00000000    -0.00110814  -0.00000000
  0.00129857   0.00000000     0.00014992   0.00000000     0.00123570   0.00000000
  0.00081441   0.00000000     0.00207686  -0.00000000    -0.00109382  -0.00000000
   21   15
  0.00100034   0.00000000     0.00062486   0.00000000     0.00264962   0.00000000
 -0.00056871  -0.00000000    -0.00043218  -0.00000000    -0.00016501  -0.00000000
 -0.00201478  -0.00000000     0.00127752   0.00000000    -0.00137165   0.00000000
   21   16
 -0.00157435  -0.00000000     0.00000000  -0.00000000     0.00000000   0.00000000
  0.00000000   0.00000000     0.00215118   0.00000000    -0.00050047  -0.00000000
 -0.00000000  -0.00000000    -0.00213251  -0.00000000     0.00314454   0.00000000
   21   17
 -0.00198814  -0.00000000     0.00000000  -0.00000000     0.00000000   0.00000000
 -0.00000000  -0.00000000     0.00034945  -0.00000000     0.00134266   0.00000000
  0.00000000  -0.00000000    -0.00088035   0.00000000     0.00040720   0.00000000
   21   18
  0.00079460  -0.00000000    -0.00000000  -0.00000000    -0.00000000   0.00000000
 -0.00000000  -0.00000000    -0.00059204   0.00000000     0.00094286   0.00000000
 -0.00000000   0.00000000     0.00099409   0.00000000    -0.00413210  -0.00000000
   21   19
  0.00088489   0.00000000     0.00000000   0.00000000     0.00000000   0.00000000
  0.00000000   0.00000000     0.00965113   0.00000000    -0.00056948  -0.00000000
  0.00000000  -0.00000000     0.00003062   0.00000000    -0.00126671  -0.00000000
   21   20
  0.00043583   0.00000000    -0.00000000  -0.00000000    -0.00000000  -0.00000000
 -0.00000000   0.00000000    -0.00002952  -0.00000000    -0.00046223  -0.00000000
  0.00000000  -0.00000000     0.00046223   0.00000000    -0.00039602   0.00000000
   21   21
  0.12493330  -0.00000000    -0.00000000  -0.00000000     0.00000000  -0.00000000
 -0.00000000  -0.00000000     0.20782222  -0.00000000     0.00553262  -0.00000000
  0.00000000  -0.00000000     0.00553262  -0.00000000     0.12980673   0.00000000
   21   22
  0.00133309   0.00000000     0.00000000  -0.00000000     0.00000000   0.00000000
 -0.00000000  -0.00000000    -0.00403480   0.00000000    -0.00341936   0.00000000
  0.00000000  -0.00000000    -0.00815317  -0.00000000    -0.00986529   0.00000000
   21   23
 -0.00073072  -0.00000000    -0.00000000  -0.00000000     0.00000000   0.00000000
 -0.00000000  -0.00000000    -0.00065091   0.00000000     0.00021980   0.00000000
  0.00000000   0.00000000     0.00021980   0.00000000     0.00033503  -0.00000000
   21   24
  0.00336725   0.00000000    -0.00000000   0.00000000     0.00000000  -0.00000000
 -0.00000000  -0.00000000    -0.00352917   0.00000000     0.00070674  -0.00000000
  0.00000000  -0.00000000    -0.00070674   0.00000000     0.00214901   0.00000000
   21   25
 -0.00042415  -0.00000000     0.00000000   0.00000000     0.00000000   0.00000000
 -0.00000000  -0.00000000    -0.00639964  -0.00000000     0.00118000  -0.00000000
 -0.00000000   0.00000000    -0.00131946   0.00000000    -0.03692478  -0.00000000
   21   26
  0.00531856   0.00000000     0.00000000  -0.00000000     0.00000000  -0.00000000
  0.00000000   0.00000000     0.00021275   0.00000000     0.00222074   0.00000000
  0.00000000   0.00000000     0.00237672   0.00000000    -0.00161996  -0.00000000
   21   27
  0.00756462  -0.00000000     0.00687373  -0.00000000    -0.00547694   0.00000000
  0.00237276  -0.00000000     0.00363955  -0.00000000    -0.00151085   0.00000000
 -0.00508603   0.00000000    -0.00328618  -0.00000000     0.00187127  -0.00000000
   21   28
 -0.00076583   0.00000000     0.00023328   0.00000000    -0.00186841   0.00000000
 -0.00049339   0.00000000     0.00044283   0.00000000     0.00018222  -0.00000000
 -0.00125958  -0.00000000    -0.00000671   0.00000000    -0.00112330  -0.00000000
   21   29
 -0.00013863  -0.00000000     0.00013602  -0.00000000    -0.00065258  -0.00000000
  0.00070711   0.00000000     0.00006409  -0.00000000    -0.00066870  -0.00000000
  0.00045061  -0.00000000    -0.00077530  -0.00000000    -0.00001172   0.00000000
   21   30
 -0.02547798   0.00000000    -0.00142944   0.00000000     0.01634163   0.00000000
  0.00142540   0.00000000    -0.00616662  -0.00000000    -0.00114494  -0.00000000
  0.01378555   0.00000000     0.00072610  -0.00000000    -0.00899736  -0.00000000
   21   31
  0.00011841  -0.00000000     0.00014620  -0.00000000    -0.00435071  -0.00000000
 -0.00011073   0.00000000     0.00000315  -0.00000000    -0.00045212  -0.00000000
  0.00415256  -0.00000000     0.00010954  -0.00000000     0.00034113   0.00000000
   21   32
  0.00756462   0.00000000    -0.00687373   0.00000000     0.00547694  -0.00000000
 -0.00237276  -0.00000000     0.00363955   0.00000000    -0.00151085   0.00000000
  0.00508603   0.00000000    -0.00328618   0.00000000     0.00187127   0.00000000
   21   33
 -0.00076583   0.00000000    -0.00023328  -0.00000000     0.00186841   0.00000000
  0.00049339   0.00000000     0.00044283   0.00000000     0.00018222  -0.00000000
  0.00125958   0.00000000    -0.00000671   0.00000000    -0.00112330  -0.00000000
   21   34
 -0.00013863  -0.00000000    -0.00013602  -0.00000000     0.00065258   0.00000000
 -0.00070711  -0.00000000     0.00006409   0.00000000    -0.00066870  -0.00000000
 -0.00045061   0.00000000    -0.00077530   0.00000000    -0.00001172  -0.00000000
   21   35
 -0.02547798   0.00000000     0.00142944   0.00000000    -0.01634163   0.00000000
 -0.00142540  -0.00000000    -0.00616662   0.00000000    -0.00114494  -0.00000000
 -0.01378555   0.00000000     0.00072610   0.00000000    -0.00899736  -0.00000000
   21   36
  0.00011841   0.00000000    -0.00014620  -0.00000000     0.00435071   0.00000000
  0.00011073  -0.00000000     0.00000315  -0.00000000    -0.00045212  -0.00000000
 -0.00415256  -0.00000000     0.00010954  -0.00000000     0.00034113   0.00000000
   22    1
  0.00026374  -0.00000000     0.00000000  -0.00000000    -0.00000000  -0.00000000
  0.00000000   0.00000000    -0.00539300  -0.00000000    -0.00000000   0.00000000
 -0.00000000  -0.00000000    -0.00000000   0.00000000     0.00139652   0.00000000
   22    2
  0.00026374  -0.00000000     0.00000000   0.00000000     0.00000000  -0.00000000
  0.00000000   0.00000000    -0.00539300  -0.00000000     0.00000000   0.00000000
  0.00000000  -0.00000000     0.00000000   0.00000000     0.00139652   0.00000000
   22    3
  0.00000000  -0.00000000    -0.00032745   0.00000000     0.00000000   0.00000000
  0.00001679  -0.00000000     0.00000000  -0.00000000     0.00000000  -0.00000000
 -0.00000000   0.00000000    -0.00000000   0.00000000    -0.00000000   0.00000000
   22    4
  0.00000000  -0.00000000    -0.00032745   0.00000000    -0.00000000   0.00000000
  0.00001679  -0.00000000     0.00000000  -0.00000000    -0.00000000  -0.00000000
 -0.00000000   0.00000000    -0.00000000   0.00000000     0.00000000   0.00000000
   22    5
  0.00199403   0.00000000     0.00000000  -0.00000000    -0.00213028  -0.00000000
 -0.00000000   0.00000000     0.00001691   0.00000000     0.00000000  -0.00000000
  0.00090969  -0.00000000    -0.00000000  -0.00000000     0.00021884   0.00000000
   22    6
  0.00199403   0.00000000     0.00000000   0.00000000     0.00213028   0.00000000
 -0.00000000  -0.00000000     0.00001691   0.00000000     0.00000000   0.00000000
 -0.00090969   0.00000000     0.00000000   0.00000000     0.00021884   0.00000000
   22    7
 -0.07776751   0.00000000     0.00000000   0.00000000    -0.00000000  -0.00000000
  0.00000000   0.00000000     0.00008520   0.00000000     0.00000000   0.00000000
 -0.00000000  -0.00000000     0.00000000   0.00000000     0.00442570   0.00000000
   22    8
 -0.01836916  -0.00000000    -0.00000000   0.00000000     0.03626280   0.00000000
  0.00000000   0.00000000    -0.00144701  -0.00000000     0.00000000  -0.00000000
  0.03567569   0.00000000    -0.00000000  -0.00000000    -0.05664393  -0.00000000
   22    9
 -0.01836916  -0.00000000     0.00000000   0.00000000    -0.03626280  -0.00000000
  0.00000000   0.00000000    -0.00144701   0.00000000     0.00000000   0.00000000
 -0.03567569   0.00000000     0.00000000   0.00000000    -0.05664393   0.00000000
   22   10
 -0.07776751   0.00000000     0.00000000   0.00000000     0.00000000  -0.00000000
  0.00000000   0.00000000     0.00008520   0.00000000     0.00000000   0.00000000
  0.00000000  -0.00000000     0.00000000   0.00000000     0.00442570   0.00000000
   22   11
 -0.01836916  -0.00000000     0.00000000   0.00000000     0.03626280   0.00000000
  0.00000000   0.00000000    -0.00144701  -0.00000000    -0.00000000  -0.00000000
  0.03567569   0.00000000    -0.00000000   0.00000000    -0.05664393  -0.00000000
   22   12
  0.00199403   0.00000000    -0.00000000  -0.00000000     0.00213028   0.00000000
  0.00000000   0.00000000     0.00001691   0.00000000    -0.00000000   0.00000000
 -0.00090969   0.00000000     0.00000000  -0.00000000     0.00021884   0.00000000
   22   13
  0.00040408   0.00000000     0.00000000  -0.00000000     0.00000000   0.00000000
  0.00000000  -0.00000000     0.00055751   0.00000000    -0.00000000   0.00000000
 -0.00000000  -0.00000000     0.00000000   0.00000000    -0.00208124  -0.00000000
   22   14
  0.00199403   0.00000000     0.00000000  -0.00000000    -0.00213028  -0.00000000
  0.00000000   0.00000000     0.00001691   0.00000000    -0.00000000   0.00000000
  0.00090969  -0.00000000     0.00000000   0.00000000     0.00021884   0.00000000
   22   15
 -0.01836916  -0.00000000     0.00000000   0.00000000    -0.03626280  -0.00000000
  0.00000000   0.00000000    -0.00144701   0.00000000     0.00000000   0.00000000
 -0.03567569   0.00000000     0.00000000   0.00000000    -0.05664393   0.00000000
   22   16
  0.00040408   0.00000000     0.00000000   0.00000000     0.00000000   0.00000000
  0.00000000   0.00000000     0.00055751   0.00000000    -0.00000000   0.00000000
  0.00000000  -0.00000000     0.00000000   0.00000000    -0.00208124  -0.00000000
   22   17
  0.00372278  -0.00000000     0.00000000   0.00000000     0.00000000   0.00000000
  0.00000000   0.00000000    -0.00285137  -0.00000000     0.00000000   0.00000000
  0.00000000   0.00000000     0.00000000   0.00000000     0.00261483   0.00000000
   22   18
 -0.00197529  -0.00000000     0.00000000  -0.00000000    -0.00000000   0.00000000
 -0.00000000   0.00000000     0.00036994   0.00000000    -0.00083091  -0.00000000
 -0.00000000   0.00000000     0.00074530   0.00000000     0.00025699  -0.00000000
   22   19
 -0.00197529  -0.00000000     0.00000000   0.00000000     0.00000000   0.00000000
  0.00000000  -0.00000000     0.00036994   0.00000000     0.00083091   0.00000000
 -0.00000000   0.00000000    -0.00074530  -0.00000000     0.00025699  -0.00000000
   22   20
  0.00133309   0.00000000    -0.00000000   0.00000000     0.00000000  -0.00000000
 -0.00000000   0.00000000    -0.00403480   0.00000000     0.00815317   0.00000000
 -0.00000000   0.00000000     0.00341936  -0.00000000    -0.00986529   0.00000000
   22   21
  0.00133309   0.00000000    -0.00000000  -0.00000000     0.00000000  -0.00000000
  0.00000000  -0.00000000    -0.00403480   0.00000000    -0.00815317  -0.00000000
  0.00000000   0.00000000    -0.00341936   0.00000000    -0.00986529   0.00000000
   22   22
  0.28681524   0.00000000     0.00000000   0.00000000     0.00000000   0.00000000
  0.00000000   0.00000000     0.06379827  -0.00000000     0.00000000   0.00000000
  0.00000000   0.00000000     0.00000000   0.00000000     0.28250990  -0.00000000
   22   23
  0.00133309   0.00000000     0.00000000  -0.00000000     0.00000000  -0.00000000
  0.00000000  -0.00000000    -0.00403480   0.00000000    -0.00815317  -0.00000000
  0.00000000   0.00000000    -0.00341936   0.00000000    -0.00986529   0.00000000
   22   24
  0.00133309   0.00000000    -0.00000000   0.00000000     0.00000000  -0.00000000
  0.00000000   0.00000000    -0.00403480   0.00000000     0.00815317   0.00000000
  0.00000000   0.00000000     0.00341936  -0.00000000    -0.00986529   0.00000000
   22   25
 -0.00197529  -0.00000000     0.00000000   0.00000000    -0.00000000   0.00000000
  0.00000000  -0.00000000     0.00036994   0.00000000     0.00083091   0.00000000
  0.00000000   0.00000000    -0.00074530  -0.00000000     0.00025699  -0.00000000
   22   26
 -0.00197529  -0.00000000     0.00000000  -0.00000000     0.00000000   0.00000000
  0.00000000   0.00000000     0.00036994   0.00000000    -0.00083091  -0.00000000
  0.00000000   0.00000000     0.00074530   0.00000000     0.00025699  -0.00000000
   22   27
 -0.00000000   0.00000000     0.00000000   0.00000000     0.00000000  -0.00000000
 -0.00000000   0.00000000     0.00000000  -0.00000000    -0.00000000   0.00000000
  0.00000000  -0.00000000    -0.00000000   0.00000000    -0.00000000  -0.00000000
   22   28
 -0.00781527   0.00000000    -0.00331413  -0.00000000     0.00528886   0.00000000
 -0.00677625  -0.00000000    -0.00420189  -0.00000000     0.00345772  -0.00000000
  0.00470772  -0.00000000     0.00161283  -0.00000000    -0.00189967  -0.00000000
   22   29
 -0.00781527   0.00000000     0.00331413   0.00000000     0.00528886   0.00000000
  0.00677625   0.00000000    -0.00420189  -0.00000000    -0.00345772   0.00000000
  0.00470772  -0.00000000    -0.00161283   0.00000000    -0.00189967  -0.00000000
   22   30
 -0.00781527  -0.00000000    -0.00331413  -0.00000000    -0.00528886  -0.00000000
 -0.00677625   0.00000000    -0.00420189  -0.00000000    -0.00345772   0.00000000
 -0.00470772   0.00000000    -0.00161283   0.00000000    -0.00189967  -0.00000000
   22   31
 -0.00781527  -0.00000000     0.00331413   0.00000000    -0.00528886  -0.00000000
  0.00677625  -0.00000000    -0.00420189  -0.00000000     0.00345772  -0.00000000
 -0.00470772   0.00000000     0.00161283  -0.00000000    -0.00189967  -0.00000000
   22   32
  0.00000000  -0.00000000     0.00000000   0.00000000     0.00000000   0.00000000
  0.00000000   0.00000000     0.00000000   0.00000000     0.00000000   0.00000000
  0.00000000   0.00000000     0.00000000   0.00000000    -0.00000000  -0.00000000
   22   33
 -0.00781527  -0.00000000     0.00331413   0.00000000    -0.00528886  -0.00000000
  0.00677625  -0.00000000    -0.00420189  -0.00000000     0.00345772  -0.00000000
 -0.00470772   0.00000000     0.00161283  -0.00000000    -0.00189967  -0.00000000
   22   34
 -0.00781527  -0.00000000    -0.00331413  -0.00000000    -0.00528886  -0.00000000
 -0.00677625   0.00000000    -0.00420189  -0.00000000    -0.00345772   0.00000000
 -0.00470772   0.00000000    -0.00161283   0.00000000    -0.00189967  -0.00000000
   22   35
 -0.00781527   0.00000000     0.00331413   0.00000000     0.00528886   0.00000000
  0.00677625   0.00000000    -0.00420189  -0.00000000    -0.00345772   0.00000000
  0.00470772  -0.00000000    -0.00161283   0.00000000    -0.00189967  -0.00000000
   22   36
 -0.00781527   0.00000000    -0.00331413  -0.00000000     0.00528886   0.00000000
 -0.00677625  -0.00000000    -0.00420189  -0.00000000     0.00345772  -0.00000000
  0.00470772  -0.00000000     0.00161283  -0.00000000    -0.00189967  -0.00000000
   23    1
  0.00205545  -0.00000000     0.00000000  -0.00000000     0.00000000  -0.00000000
  0.00000000  -0.00000000    -0.00497256   0.00000000     0.01063197  -0.00000000
  0.00000000  -0.00000000     0.01065808   0.00000000    -0.01430146   0.00000000
   23    2
  0.00025599  -0.00000000     0.00000000  -0.00000000     0.00000000  -0.00000000
 -0.00000000   0.00000000     0.00015433  -0.00000000    -0.00051579  -0.00000000
  0.00000000  -0.00000000    -0.00034772  -0.00000000    -0.00015563   0.00000000
   23    3
 -0.01044190  -0.00000000    -0.00923997   0.00000000    -0.00699713   0.00000000
 -0.00915684   0.00000000    -0.00495244  -0.00000000    -0.00520761   0.00000000
 -0.00702942   0.00000000    -0.00535880  -0.00000000    -0.00210485   0.00000000
   23    4
  0.01044190   0.00000000    -0.00923997   0.00000000    -0.00699713  -0.00000000
 -0.00915684   0.00000000     0.00495244  -0.00000000     0.00520761  -0.00000000
 -0.00702942  -0.00000000     0.00535880   0.00000000     0.00210485   0.00000000
   23    5
  0.00213560   0.00000000    -0.00233388  -0.00000000    -0.00110814  -0.00000000
  0.00129857   0.00000000     0.00014992   0.00000000     0.00123570   0.00000000
  0.00081441   0.00000000     0.00207686  -0.00000000    -0.00109382  -0.00000000
   23    6
 -0.00079097  -0.00000000     0.00184592   0.00000000    -0.00185279  -0.00000000
 -0.00080736  -0.00000000     0.00256522   0.00000000     0.00206108   0.00000000
 -0.00005802  -0.00000000     0.00062000  -0.00000000    -0.00120935   0.00000000
   23    7
 -0.00157375  -0.00000000     0.00081919  -0.00000000    -0.00029958   0.00000000
  0.00130273   0.00000000     0.00303443   0.00000000    -0.00195583  -0.00000000
 -0.00097612  -0.00000000     0.00061244   0.00000000     0.00056826   0.00000000
   23    8
 -0.01667104   0.00000000    -0.04316408   0.00000000    -0.00988147   0.00000000
 -0.03529043  -0.00000000    -0.05437279  -0.00000000    -0.01880593   0.00000000
 -0.01270138  -0.00000000    -0.02551393   0.00000000    -0.00733306   0.00000000
   23    9
  0.00100034   0.00000000     0.00062486   0.00000000     0.00264962   0.00000000
 -0.00056871  -0.00000000    -0.00043218  -0.00000000    -0.00016501  -0.00000000
 -0.00201478  -0.00000000     0.00127752   0.00000000    -0.00137165   0.00000000
   23   10
 -0.00157375  -0.00000000    -0.00081919  -0.00000000     0.00029958  -0.00000000
 -0.00130273   0.00000000     0.00303443   0.00000000    -0.00195583   0.00000000
  0.00097612  -0.00000000     0.00061244  -0.00000000     0.00056826   0.00000000
   23   11
  0.00100034   0.00000000    -0.00062486   0.00000000    -0.00264962  -0.00000000
  0.00056871  -0.00000000    -0.00043218   0.00000000    -0.00016501   0.00000000
  0.00201478   0.00000000     0.00127752   0.00000000    -0.00137165  -0.00000000
   23   12
  0.00213560   0.00000000     0.00233388   0.00000000     0.00110814   0.00000000
 -0.00129857  -0.00000000     0.00014992  -0.00000000     0.00123570   0.00000000
 -0.00081441   0.00000000     0.00207686   0.00000000    -0.00109382   0.00000000
   23   13
 -0.00157435  -0.00000000     0.00000000  -0.00000000     0.00000000   0.00000000
  0.00000000   0.00000000     0.00215118   0.00000000    -0.00050047  -0.00000000
 -0.00000000  -0.00000000    -0.00213251  -0.00000000     0.00314454   0.00000000
   23   14
 -0.00079097  -0.00000000    -0.00184592  -0.00000000     0.00185279  -0.00000000
  0.00080736  -0.00000000     0.00256522  -0.00000000     0.00206108   0.00000000
  0.00005802   0.00000000     0.00062000  -0.00000000    -0.00120935   0.00000000
   23   15
 -0.01667104  -0.00000000     0.04316408   0.00000000     0.00988147  -0.00000000
  0.03529043   0.00000000    -0.05437279  -0.00000000    -0.01880593   0.00000000
  0.01270138   0.00000000    -0.02551393   0.00000000    -0.00733306  -0.00000000
   23   16
 -0.00155578  -0.00000000    -0.00000000   0.00000000     0.00000000   0.00000000
  0.00000000   0.00000000    -0.05044782  -0.00000000     0.03357246  -0.00000000
 -0.00000000  -0.00000000     0.04734915   0.00000000    -0.01928183   0.00000000
   23   17
 -0.00198814   0.00000000    -0.00000000   0.00000000    -0.00000000  -0.00000000
  0.00000000   0.00000000     0.00034945   0.00000000     0.00134266  -0.00000000
  0.00000000   0.00000000    -0.00088035  -0.00000000     0.00040720  -0.00000000
   23   18
  0.00531856   0.00000000     0.00000000  -0.00000000     0.00000000  -0.00000000
 -0.00000000   0.00000000     0.00021275   0.00000000     0.00222074   0.00000000
 -0.00000000   0.00000000     0.00237672   0.00000000    -0.00161996  -0.00000000
   23   19
 -0.00042415  -0.00000000     0.00000000   0.00000000     0.00000000   0.00000000
  0.00000000  -0.00000000    -0.00639964  -0.00000000     0.00118000  -0.00000000
  0.00000000   0.00000000    -0.00131946   0.00000000    -0.03692478  -0.00000000
   23   20
  0.00336725   0.00000000     0.00000000   0.00000000    -0.00000000  -0.00000000
  0.00000000  -0.00000000    -0.00352917   0.00000000     0.00070674  -0.00000000
 -0.00000000  -0.00000000    -0.00070674   0.00000000     0.00214901   0.00000000
   23   21
 -0.00073072  -0.00000000    -0.00000000  -0.00000000     0.00000000   0.00000000
 -0.00000000  -0.00000000    -0.00065091   0.00000000     0.00021980   0.00000000
  0.00000000   0.00000000     0.00021980   0.00000000     0.00033503  -0.00000000
   23   22
  0.00133309   0.00000000     0.00000000  -0.00000000     0.00000000   0.00000000
  0.00000000  -0.00000000    -0.00403480   0.00000000    -0.00341936   0.00000000
  0.00000000  -0.00000000    -0.00815317  -0.00000000    -0.00986529   0.00000000
   23   23
  0.12493330  -0.00000000     0.00000000  -0.00000000     0.00000000  -0.00000000
  0.00000000  -0.00000000     0.20782222  -0.00000000     0.00553262  -0.00000000
  0.00000000  -0.00000000     0.00553262  -0.00000000     0.12980673   0.00000000
   23   24
  0.00043583   0.00000000     0.00000000  -0.00000000     0.00000000  -0.00000000
  0.00000000   0.00000000    -0.00002952  -0.00000000    -0.00046223  -0.00000000
  0.00000000  -0.00000000     0.00046223   0.00000000    -0.00039602   0.00000000
   23   25
  0.00088489   0.00000000    -0.00000000   0.00000000     0.00000000   0.00000000
  0.00000000   0.00000000     0.00965113   0.00000000    -0.00056948  -0.00000000
  0.00000000  -0.00000000     0.00003062   0.00000000    -0.00126671  -0.00000000
   23   26
  0.00079460  -0.00000000    -0.00000000  -0.00000000     0.00000000   0.00000000
 -0.00000000  -0.00000000    -0.00059204   0.00000000     0.00094286   0.00000000
  0.00000000   0.00000000     0.00099409   0.00000000    -0.00413210  -0.00000000
   23   27
 -0.00756462   0.00000000    -0.00687373  -0.00000000     0.00547694  -0.00000000
 -0.00237276   0.00000000    -0.00363955  -0.00000000     0.00151085  -0.00000000
  0.00508603  -0.00000000     0.00328618  -0.00000000    -0.00187127  -0.00000000
   23   28
  0.00011841   0.00000000    -0.00014620  -0.00000000     0.00435071   0.00000000
  0.00011073  -0.00000000     0.00000315  -0.00000000    -0.00045212  -0.00000000
 -0.00415256  -0.00000000     0.00010954  -0.00000000     0.00034113   0.00000000
   23   29
 -0.02547798   0.00000000     0.00142944   0.00000000    -0.01634163   0.00000000
 -0.00142540  -0.00000000    -0.00616662   0.00000000    -0.00114494  -0.00000000
 -0.01378555   0.00000000     0.00072610   0.00000000    -0.00899736  -0.00000000
   23   30
 -0.00013863  -0.00000000    -0.00013602  -0.00000000     0.00065258   0.00000000
 -0.00070711  -0.00000000     0.00006409   0.00000000    -0.00066870  -0.00000000
 -0.00045061   0.00000000    -0.00077530   0.00000000    -0.00001172  -0.00000000
   23   31
 -0.00076583   0.00000000    -0.00023328  -0.00000000     0.00186841   0.00000000
  0.00049339   0.00000000     0.00044283   0.00000000     0.00018222  -0.00000000
  0.00125958   0.00000000    -0.00000671   0.00000000    -0.00112330  -0.00000000
   23   32
 -0.00756462  -0.00000000     0.00687373  -0.00000000    -0.00547694   0.00000000
  0.00237276   0.00000000    -0.00363955  -0.00000000     0.00151085   0.00000000
 -0.00508603  -0.00000000     0.00328618  -0.00000000    -0.00187127  -0.00000000
   23   33
  0.00011841  -0.00000000     0.00014620  -0.00000000    -0.00435071  -0.00000000
 -0.00011073   0.00000000     0.00000315  -0.00000000    -0.00045212  -0.00000000
  0.00415256  -0.00000000     0.00010954  -0.00000000     0.00034113   0.00000000
   23   34
 -0.02547798   0.00000000    -0.00142944   0.00000000     0.01634163   0.00000000
  0.00142540   0.00000000    -0.00616662  -0.00000000    -0.00114494  -0.00000000
  0.01378555   0.00000000     0.00072610  -0.00000000    -0.00899736  -0.00000000
   23   35
 -0.00013863  -0.00000000     0.00013602  -0.00000000    -0.00065258  -0.00000000
  0.00070711   0.00000000     0.00006409  -0.00000000    -0.00066870  -0.00000000
  0.00045061  -0.00000000    -0.00077530  -0.00000000    -0.00001172   0.00000000
   23   36
 -0.00076583   0.00000000     0.00023328   0.00000000    -0.00186841   0.00000000
 -0.00049339   0.00000000     0.00044283   0.00000000     0.00018222  -0.00000000
 -0.00125958  -0.00000000    -0.00000671   0.00000000    -0.00112330  -0.00000000
   24    1
  0.00205545  -0.00000000    -0.00000000   0.00000000    -0.00000000  -0.00000000
 -0.00000000   0.00000000    -0.00497256   0.00000000    -0.01063197   0.00000000
  0.00000000  -0.00000000    -0.01065808  -0.00000000    -0.01430146   0.00000000
   24    2
  0.00025599  -0.00000000     0.00000000   0.00000000    -0.00000000  -0.00000000
 -0.00000000  -0.00000000     0.00015433  -0.00000000     0.00051579   0.00000000
 -0.00000000  -0.00000000     0.00034772   0.00000000    -0.00015563   0.00000000
   24    3
  0.01044190   0.00000000    -0.00923997   0.00000000     0.00699713  -0.00000000
 -0.00915684   0.00000000     0.00495244   0.00000000    -0.00520761   0.00000000
  0.00702942  -0.00000000    -0.00535880  -0.00000000     0.00210485  -0.00000000
   24    4
 -0.01044190  -0.00000000    -0.00923997   0.00000000     0.00699713   0.00000000
 -0.00915684   0.00000000    -0.00495244   0.00000000     0.00520761  -0.00000000
  0.00702942   0.00000000     0.00535880   0.00000000    -0.00210485  -0.00000000
   24    5
 -0.00079097  -0.00000000     0.00184592   0.00000000     0.00185279  -0.00000000
 -0.00080736   0.00000000     0.00256522  -0.00000000    -0.00206108  -0.00000000
  0.00005802   0.00000000    -0.00062000   0.00000000    -0.00120935   0.00000000
   24    6
  0.00213560   0.00000000    -0.00233388  -0.00000000     0.00110814   0.00000000
  0.00129857   0.00000000     0.00014992  -0.00000000    -0.00123570  -0.00000000
 -0.00081441   0.00000000    -0.00207686  -0.00000000    -0.00109382   0.00000000
   24    7
 -0.00157375  -0.00000000     0.00081919   0.00000000     0.00029958  -0.00000000
  0.00130273  -0.00000000     0.00303443   0.00000000     0.00195583  -0.00000000
  0.00097612  -0.00000000    -0.00061244   0.00000000     0.00056826   0.00000000
   24    8
  0.00100034   0.00000000     0.00062486  -0.00000000    -0.00264962  -0.00000000
 -0.00056871   0.00000000    -0.00043218   0.00000000     0.00016501  -0.00000000
  0.00201478   0.00000000    -0.00127752  -0.00000000    -0.00137165  -0.00000000
   24    9
 -0.01667104  -0.00000000    -0.04316408  -0.00000000     0.00988147  -0.00000000
 -0.03529043  -0.00000000    -0.05437279  -0.00000000     0.01880593  -0.00000000
  0.01270138   0.00000000     0.02551393  -0.00000000    -0.00733306  -0.00000000
   24   10
 -0.00157375  -0.00000000    -0.00081919   0.00000000    -0.00029958   0.00000000
 -0.00130273  -0.00000000     0.00303443   0.00000000     0.00195583   0.00000000
 -0.00097612  -0.00000000    -0.00061244  -0.00000000     0.00056826   0.00000000
   24   11
 -0.01667104   0.00000000     0.04316408  -0.00000000    -0.00988147   0.00000000
  0.03529043   0.00000000    -0.05437279  -0.00000000     0.01880593  -0.00000000
 -0.01270138  -0.00000000     0.02551393  -0.00000000    -0.00733306   0.00000000
   24   12
 -0.00079097  -0.00000000    -0.00184592  -0.00000000    -0.00185279  -0.00000000
  0.00080736   0.00000000     0.00256522   0.00000000    -0.00206108  -0.00000000
 -0.00005802  -0.00000000    -0.00062000   0.00000000    -0.00120935   0.00000000
   24   13
 -0.00155578  -0.00000000     0.00000000  -0.00000000     0.00000000   0.00000000
 -0.00000000  -0.00000000    -0.05044782  -0.00000000    -0.03357246   0.00000000
 -0.00000000  -0.00000000    -0.04734915  -0.00000000    -0.01928183   0.00000000
   24   14
  0.00213560   0.00000000     0.00233388   0.00000000    -0.00110814  -0.00000000
 -0.00129857  -0.00000000     0.00014992   0.00000000    -0.00123570  -0.00000000
  0.00081441   0.00000000    -0.00207686   0.00000000    -0.00109382  -0.00000000
   24   15
  0.00100034   0.00000000    -0.00062486  -0.00000000     0.00264962   0.00000000
  0.00056871   0.00000000    -0.00043218  -0.00000000     0.00016501   0.00000000
 -0.00201478  -0.00000000    -0.00127752  -0.00000000    -0.00137165   0.00000000
   24   16
 -0.00157435  -0.00000000    -0.00000000   0.00000000    -0.00000000   0.00000000
  0.00000000  -0.00000000     0.00215118   0.00000000     0.00050047   0.00000000
 -0.00000000  -0.00000000     0.00213251   0.00000000     0.00314454   0.00000000
   24   17
 -0.00198814   0.00000000    -0.00000000  -0.00000000     0.00000000  -0.00000000
  0.00000000  -0.00000000     0.00034945   0.00000000    -0.00134266   0.00000000
  0.00000000   0.00000000     0.00088035   0.00000000     0.00040720  -0.00000000
   24   18
 -0.00042415  -0.00000000    -0.00000000  -0.00000000    -0.00000000   0.00000000
 -0.00000000   0.00000000    -0.00639964  -0.00000000    -0.00118000   0.00000000
 -0.00000000   0.00000000     0.00131946  -0.00000000    -0.03692478  -0.00000000
   24   19
  0.00531856   0.00000000     0.00000000   0.00000000    -0.00000000  -0.00000000
  0.00000000  -0.00000000     0.00021275   0.00000000    -0.00222074  -0.00000000
  0.00000000   0.00000000    -0.00237672  -0.00000000    -0.00161996  -0.00000000
   24   20
 -0.00073072  -0.00000000     0.00000000   0.00000000     0.00000000   0.00000000
 -0.00000000   0.00000000    -0.00065091   0.00000000    -0.00021980  -0.00000000
 -0.00000000   0.00000000    -0.00021980  -0.00000000     0.00033503  -0.00000000
   24   21
  0.00336725   0.00000000    -0.00000000  -0.00000000     0.00000000  -0.00000000
 -0.00000000   0.00000000    -0.00352917   0.00000000    -0.00070674   0.00000000
  0.00000000  -0.00000000     0.00070674  -0.00000000     0.00214901   0.00000000
   24   22
  0.00133309   0.00000000     0.00000000   0.00000000     0.00000000   0.00000000
 -0.00000000   0.00000000    -0.00403480   0.00000000     0.00341936  -0.00000000
  0.00000000  -0.00000000     0.00815317   0.00000000    -0.00986529   0.00000000
   24   23
  0.00043583   0.00000000     0.00000000   0.00000000     0.00000000  -0.00000000
  0.00000000  -0.00000000    -0.00002952  -0.00000000     0.00046223   0.00000000
  0.00000000  -0.00000000    -0.00046223  -0.00000000    -0.00039602   0.00000000
   24   24
  0.12493330  -0.00000000     0.00000000   0.00000000     0.00000000  -0.00000000
  0.00000000   0.00000000     0.20782222  -0.00000000    -0.00553262   0.00000000
  0.00000000  -0.00000000    -0.00553262   0.00000000     0.12980673   0.00000000
   24   25
  0.00079460  -0.00000000     0.00000000   0.00000000     0.00000000   0.00000000
  0.00000000   0.00000000    -0.00059204   0.00000000    -0.00094286  -0.00000000
  0.00000000   0.00000000    -0.00099409  -0.00000000    -0.00413210  -0.00000000
   24   26
  0.00088489   0.00000000    -0.00000000  -0.00000000    -0.00000000   0.00000000
  0.00000000  -0.00000000     0.00965113   0.00000000     0.00056948   0.00000000
 -0.00000000  -0.00000000    -0.00003062  -0.00000000    -0.00126671  -0.00000000
   24   27
  0.00756462  -0.00000000    -0.00687373  -0.00000000    -0.00547694   0.00000000
 -0.00237276   0.00000000     0.00363955   0.00000000     0.00151085  -0.00000000
 -0.00508603   0.00000000     0.00328618  -0.00000000     0.00187127   0.00000000
   24   28
 -0.02547798   0.00000000    -0.00142944  -0.00000000    -0.01634163   0.00000000
  0.00142540   0.00000000    -0.00616662   0.00000000     0.00114494   0.00000000
 -0.01378555   0.00000000    -0.00072610  -0.00000000    -0.00899736  -0.00000000
   24   29
  0.00011841   0.00000000     0.00014620   0.00000000     0.00435071   0.00000000
 -0.00011073   0.00000000     0.00000315  -0.00000000     0.00045212   0.00000000
 -0.00415256  -0.00000000    -0.00010954   0.00000000     0.00034113   0.00000000
   24   30
 -0.00076583   0.00000000     0.00023328   0.00000000     0.00186841   0.00000000
 -0.00049339  -0.00000000     0.00044283   0.00000000    -0.00018222   0.00000000
  0.00125958   0.00000000     0.00000671  -0.00000000    -0.00112330  -0.00000000
   24   31
 -0.00013863  -0.00000000     0.00013602   0.00000000     0.00065258   0.00000000
  0.00070711   0.00000000     0.00006409   0.00000000     0.00066870   0.00000000
 -0.00045061   0.00000000     0.00077530  -0.00000000    -0.00001172  -0.00000000
   24   32
  0.00756462   0.00000000     0.00687373  -0.00000000     0.00547694  -0.00000000
  0.00237276   0.00000000     0.00363955   0.00000000     0.00151085  -0.00000000
  0.00508603   0.00000000     0.00328618  -0.00000000     0.00187127   0.00000000
   24   33
 -0.02547798   0.00000000     0.00142944  -0.00000000     0.01634163   0.00000000
 -0.00142540  -0.00000000    -0.00616662  -0.00000000     0.00114494   0.00000000
  0.01378555   0.00000000    -0.00072610   0.00000000    -0.00899736  -0.00000000
   24   34
  0.00011841  -0.00000000    -0.00014620   0.00000000    -0.00435071  -0.00000000
  0.00011073  -0.00000000     0.00000315  -0.00000000     0.00045212   0.00000000
  0.00415256  -0.00000000    -0.00010954   0.00000000     0.00034113   0.00000000
   24   35
 -0.00076583   0.00000000    -0.00023328  -0.00000000    -0.00186841   0.00000000
  0.00049339  -0.00000000     0.00044283   0.00000000    -0.00018222   0.00000000
 -0.00125958  -0.00000000     0.00000671  -0.00000000    -0.00112330  -0.00000000
   24   36
 -0.00013863  -0.00000000    -0.00013602   0.00000000    -0.00065258  -0.00000000
 -0.00070711  -0.00000000     0.00006409  -0.00000000     0.00066870   0.00000000
  0.00045061  -0.00000000     0.00077530   0.00000000    -0.00001172   0.00000000
   25    1
 -0.00204652   0.00000000    -0.00000000   0.00000000     0.00000000  -0.00000000
 -0.00000000   0.00000000     0.00516061  -0.00000000     0.01096547  -0.00000000
  0.00000000  -0.00000000     0.01074020  -0.00000000     0.01461723  -0.00000000
   25    2
 -0.00018097  -0.00000000     0.00000000  -0.00000000     0.00000000   0.00000000
  0.00000000   0.00000000    -0.00029554  -0.00000000    -0.00025284  -0.00000000
  0.00000000   0.00000000     0.00016075   0.00000000     0.00003652  -0.00000000
   25    3
  0.01100647   0.00000000    -0.00963369  -0.00000000     0.00739071   0.00000000
 -0.00968647   0.00000000     0.00507614  -0.00000000    -0.00558306   0.00000000
  0.00738479  -0.00000000    -0.00562785  -0.00000000     0.00210647  -0.00000000
   25    4
 -0.01100647  -0.00000000    -0.00963369   0.00000000     0.00739071  -0.00000000
 -0.00968647   0.00000000    -0.00507614  -0.00000000     0.00558306   0.00000000
  0.00738479  -0.00000000     0.00562785   0.00000000    -0.00210647   0.00000000
   25    5
 -0.01596168   0.00000000     0.04027546  -0.00000000    -0.00838882   0.00000000
  0.03448162   0.00000000    -0.05329154   0.00000000     0.01819846  -0.00000000
 -0.01120277  -0.00000000     0.02341498  -0.00000000    -0.00504227   0.00000000
   25    6
  0.00098668   0.00000000    -0.00054902  -0.00000000     0.00244630   0.00000000
  0.00035720  -0.00000000    -0.00079344   0.00000000    -0.00035185   0.00000000
 -0.00046401  -0.00000000    -0.00066191  -0.00000000    -0.00158554  -0.00000000
   25    7
  0.00171919   0.00000000    -0.00180465  -0.00000000    -0.00006312  -0.00000000
 -0.00078679   0.00000000    -0.00259868  -0.00000000    -0.00033604   0.00000000
 -0.00026339   0.00000000     0.00091837  -0.00000000     0.00086894  -0.00000000
   25    8
  0.00105625   0.00000000     0.00104734   0.00000000    -0.00219467  -0.00000000
 -0.00098039  -0.00000000     0.00067109  -0.00000000    -0.00075772  -0.00000000
  0.00193105   0.00000000    -0.00225338  -0.00000000    -0.00047550   0.00000000
   25    9
 -0.00162599  -0.00000000    -0.00139894  -0.00000000    -0.00131853  -0.00000000
  0.00031670   0.00000000     0.00180357   0.00000000    -0.00175790  -0.00000000
  0.00037720   0.00000000    -0.00029354   0.00000000    -0.00129996  -0.00000000
   25   10
  0.00171919   0.00000000     0.00180465   0.00000000     0.00006312   0.00000000
  0.00078679   0.00000000    -0.00259868  -0.00000000    -0.00033604   0.00000000
  0.00026339  -0.00000000     0.00091837   0.00000000     0.00086894   0.00000000
   25   11
 -0.00162599  -0.00000000     0.00139894  -0.00000000     0.00131853   0.00000000
 -0.00031670  -0.00000000     0.00180357  -0.00000000    -0.00175790  -0.00000000
 -0.00037720  -0.00000000    -0.00029354   0.00000000    -0.00129996  -0.00000000
   25   12
 -0.01596168   0.00000000    -0.04027546  -0.00000000     0.00838882  -0.00000000
 -0.03448162  -0.00000000    -0.05329154  -0.00000000     0.01819846  -0.00000000
  0.01120277   0.00000000     0.02341498   0.00000000    -0.00504227  -0.00000000
   25   13
 -0.00036264  -0.00000000     0.00000000   0.00000000     0.00000000   0.00000000
  0.00000000  -0.00000000    -0.05471734  -0.00000000    -0.03726665   0.00000000
  0.00000000  -0.00000000    -0.04735312  -0.00000000    -0.02071991   0.00000000
   25   14
  0.00098668  -0.00000000     0.00054902   0.00000000    -0.00244630  -0.00000000
 -0.00035720   0.00000000    -0.00079344  -0.00000000    -0.00035185   0.00000000
  0.00046401  -0.00000000    -0.00066191   0.00000000    -0.00158554  -0.00000000
   25   15
  0.00105625   0.00000000    -0.00104734  -0.00000000     0.00219467   0.00000000
  0.00098039   0.00000000     0.00067109   0.00000000    -0.00075772   0.00000000
 -0.00193105  -0.00000000    -0.00225338  -0.00000000    -0.00047550  -0.00000000
   25   16
 -0.00192764  -0.00000000    -0.00000000  -0.00000000    -0.00000000  -0.00000000
  0.00000000   0.00000000     0.00237906   0.00000000     0.00039850   0.00000000
 -0.00000000   0.00000000     0.00193076   0.00000000     0.00339111   0.00000000
   25   17
  0.00128895  -0.00000000    -0.00000000  -0.00000000     0.00000000  -0.00000000
  0.00000000  -0.00000000    -0.00359628   0.00000000     0.00319194  -0.00000000
 -0.00000000  -0.00000000     0.00821271  -0.00000000    -0.01123102   0.00000000
   25   18
  0.00256778  -0.00000000    -0.00000000  -0.00000000     0.00000000  -0.00000000
 -0.00000000   0.00000000    -0.00357702   0.00000000     0.00016409  -0.00000000
  0.00000000  -0.00000000    -0.00016409   0.00000000     0.00274465   0.00000000
   25   19
 -0.00054666  -0.00000000     0.00000000  -0.00000000    -0.00000000  -0.00000000
  0.00000000  -0.00000000    -0.00103115  -0.00000000    -0.00072518  -0.00000000
 -0.00000000  -0.00000000    -0.00072518  -0.00000000     0.00010226   0.00000000
   25   20
  0.00531856   0.00000000     0.00000000  -0.00000000     0.00000000   0.00000000
  0.00000000   0.00000000     0.00021275   0.00000000    -0.00237672  -0.00000000
  0.00000000  -0.00000000    -0.00222074  -0.00000000    -0.00161996  -0.00000000
   25   21
 -0.00042415  -0.00000000    -0.00000000  -0.00000000    -0.00000000   0.00000000
  0.00000000   0.00000000    -0.00639964  -0.00000000    -0.00131946   0.00000000
  0.00000000   0.00000000     0.00118000  -0.00000000    -0.03692478  -0.00000000
   25   22
 -0.00197529  -0.00000000     0.00000000  -0.00000000     0.00000000   0.00000000
  0.00000000   0.00000000     0.00036994   0.00000000    -0.00074530  -0.00000000
 -0.00000000   0.00000000     0.00083091   0.00000000     0.00025699  -0.00000000
   25   23
  0.00088489   0.00000000     0.00000000   0.00000000     0.00000000  -0.00000000
 -0.00000000   0.00000000     0.00965113   0.00000000     0.00003062   0.00000000
  0.00000000   0.00000000    -0.00056948  -0.00000000    -0.00126671  -0.00000000
   25   24
  0.00079460  -0.00000000     0.00000000   0.00000000     0.00000000   0.00000000
  0.00000000   0.00000000    -0.00059204   0.00000000    -0.00099409  -0.00000000
  0.00000000   0.00000000    -0.00094286  -0.00000000    -0.00413210  -0.00000000
   25   25
  0.12536981  -0.00000000     0.00000000   0.00000000     0.00000000  -0.00000000
  0.00000000   0.00000000     0.21773079  -0.00000000     0.00138340   0.00000000
  0.00000000  -0.00000000     0.00138340   0.00000000     0.12597922   0.00000000
   25   26
  0.00051332   0.00000000    -0.00000000  -0.00000000     0.00000000   0.00000000
 -0.00000000   0.00000000     0.00026867   0.00000000     0.00040127   0.00000000
 -0.00000000   0.00000000    -0.00040127  -0.00000000    -0.00081868  -0.00000000
   25   27
  0.00821596  -0.00000000     0.00697195  -0.00000000     0.00501773  -0.00000000
  0.00326551  -0.00000000     0.00393236  -0.00000000     0.00157349   0.00000000
  0.00585247  -0.00000000     0.00361841   0.00000000     0.00210372  -0.00000000
   25   28
  0.00007603  -0.00000000    -0.00043712  -0.00000000    -0.00052200  -0.00000000
 -0.00047822  -0.00000000     0.00026987   0.00000000    -0.00071106  -0.00000000
  0.00069789   0.00000000    -0.00080901  -0.00000000    -0.00015071  -0.00000000
   25   29
  0.00129883   0.00000000     0.00022951   0.00000000    -0.00215512  -0.00000000
  0.00038141   0.00000000    -0.00006559   0.00000000    -0.00021948  -0.00000000
 -0.00203085  -0.00000000    -0.00023166  -0.00000000     0.00084296   0.00000000
   25   30
 -0.00022010  -0.00000000    -0.00017149   0.00000000    -0.00403554  -0.00000000
  0.00020388   0.00000000    -0.00020727  -0.00000000    -0.00006066   0.00000000
  0.00408021   0.00000000     0.00039732   0.00000000     0.00027135   0.00000000
   25   31
  0.02675914  -0.00000000     0.00100014   0.00000000     0.01572039  -0.00000000
 -0.00134534  -0.00000000     0.00604477  -0.00000000    -0.00126786  -0.00000000
  0.01606093   0.00000000     0.00103198   0.00000000     0.00987629   0.00000000
   25   32
  0.00821596  -0.00000000    -0.00697195  -0.00000000    -0.00501773   0.00000000
 -0.00326551  -0.00000000     0.00393236   0.00000000     0.00157349  -0.00000000
 -0.00585247  -0.00000000     0.00361841  -0.00000000     0.00210372   0.00000000
   25   33
  0.00007603  -0.00000000     0.00043712   0.00000000     0.00052200  -0.00000000
  0.00047822   0.00000000     0.00026987   0.00000000    -0.00071106  -0.00000000
 -0.00069789  -0.00000000    -0.00080901  -0.00000000    -0.00015071   0.00000000
   25   34
  0.00129883  -0.00000000    -0.00022951   0.00000000     0.00215512   0.00000000
 -0.00038141   0.00000000    -0.00006559   0.00000000    -0.00021948   0.00000000
  0.00203085  -0.00000000    -0.00023166  -0.00000000     0.00084296   0.00000000
   25   35
 -0.00022010  -0.00000000     0.00017149   0.00000000     0.00403554   0.00000000
 -0.00020388  -0.00000000    -0.00020727  -0.00000000    -0.00006066   0.00000000
 -0.00408021   0.00000000     0.00039732   0.00000000     0.00027135   0.00000000
   25   36
  0.02675914   0.00000000    -0.00100014  -0.00000000    -0.01572039  -0.00000000
  0.00134534   0.00000000     0.00604477   0.00000000    -0.00126786  -0.00000000
 -0.01606093  -0.00000000     0.00103198   0.00000000     0.00987629   0.00000000
   26    1
 -0.00204652   0.00000000     0.00000000  -0.00000000     0.00000000  -0.00000000
  0.00000000  -0.00000000     0.00516061  -0.00000000    -0.01096547   0.00000000
 -0.00000000  -0.00000000    -0.01074020   0.00000000     0.01461723  -0.00000000
   26    2
 -0.00018097  -0.00000000    -0.00000000   0.00000000    -0.00000000   0.00000000
  0.00000000  -0.00000000    -0.00029554  -0.00000000     0.00025284   0.00000000
  0.00000000   0.00000000    -0.00016075  -0.00000000     0.00003652  -0.00000000
   26    3
 -0.01100647  -0.00000000    -0.00963369  -0.00000000    -0.00739071  -0.00000000
 -0.00968647   0.00000000    -0.00507614   0.00000000    -0.00558306   0.00000000
 -0.00738479   0.00000000    -0.00562785  -0.00000000    -0.00210647   0.00000000
   26    4
  0.01100647   0.00000000    -0.00963369   0.00000000    -0.00739071   0.00000000
 -0.00968647   0.00000000     0.00507614   0.00000000     0.00558306   0.00000000
 -0.00738479   0.00000000     0.00562785   0.00000000     0.00210647  -0.00000000
   26    5
  0.00098668  -0.00000000    -0.00054902  -0.00000000    -0.00244630  -0.00000000
  0.00035720  -0.00000000    -0.00079344  -0.00000000     0.00035185  -0.00000000
  0.00046401  -0.00000000     0.00066191  -0.00000000    -0.00158554  -0.00000000
   26    6
 -0.01596168   0.00000000     0.04027546   0.00000000     0.00838882  -0.00000000
  0.03448162   0.00000000    -0.05329154  -0.00000000    -0.01819846   0.00000000
  0.01120277   0.00000000    -0.02341498  -0.00000000    -0.00504227  -0.00000000
   26    7
  0.00171919   0.00000000    -0.00180465  -0.00000000     0.00006312   0.00000000
 -0.00078679  -0.00000000    -0.00259868  -0.00000000     0.00033604  -0.00000000
  0.00026339  -0.00000000    -0.00091837  -0.00000000     0.00086894   0.00000000
   26    8
 -0.00162599  -0.00000000    -0.00139894   0.00000000     0.00131853   0.00000000
  0.00031670   0.00000000     0.00180357  -0.00000000     0.00175790   0.00000000
 -0.00037720  -0.00000000     0.00029354  -0.00000000    -0.00129996  -0.00000000
   26    9
  0.00105625   0.00000000     0.00104734   0.00000000     0.00219467   0.00000000
 -0.00098039  -0.00000000     0.00067109   0.00000000     0.00075772  -0.00000000
 -0.00193105  -0.00000000     0.00225338   0.00000000    -0.00047550  -0.00000000
   26   10
  0.00171919   0.00000000     0.00180465   0.00000000    -0.00006312  -0.00000000
  0.00078679  -0.00000000    -0.00259868  -0.00000000     0.00033604  -0.00000000
 -0.00026339   0.00000000    -0.00091837   0.00000000     0.00086894  -0.00000000
   26   11
  0.00105625   0.00000000    -0.00104734  -0.00000000    -0.00219467  -0.00000000
  0.00098039   0.00000000     0.00067109  -0.00000000     0.00075772   0.00000000
  0.00193105   0.00000000     0.00225338   0.00000000    -0.00047550   0.00000000
   26   12
  0.00098668   0.00000000     0.00054902   0.00000000     0.00244630   0.00000000
 -0.00035720   0.00000000    -0.00079344   0.00000000     0.00035185  -0.00000000
 -0.00046401  -0.00000000     0.00066191   0.00000000    -0.00158554  -0.00000000
   26   13
 -0.00192764  -0.00000000     0.00000000   0.00000000     0.00000000  -0.00000000
  0.00000000  -0.00000000     0.00237906   0.00000000    -0.00039850  -0.00000000
  0.00000000   0.00000000    -0.00193076  -0.00000000     0.00339111   0.00000000
   26   14
 -0.01596168   0.00000000    -0.04027546   0.00000000    -0.00838882   0.00000000
 -0.03448162  -0.00000000    -0.05329154   0.00000000    -0.01819846   0.00000000
 -0.01120277  -0.00000000    -0.02341498   0.00000000    -0.00504227   0.00000000
   26   15
 -0.00162599  -0.00000000     0.00139894   0.00000000    -0.00131853  -0.00000000
 -0.00031670  -0.00000000     0.00180357   0.00000000     0.00175790   0.00000000
  0.00037720   0.00000000     0.00029354  -0.00000000    -0.00129996  -0.00000000
   26   16
 -0.00036264  -0.00000000     0.00000000  -0.00000000     0.00000000   0.00000000
 -0.00000000   0.00000000    -0.05471734  -0.00000000     0.03726665  -0.00000000
  0.00000000  -0.00000000     0.04735312   0.00000000    -0.02071991   0.00000000
   26   17
  0.00128895  -0.00000000     0.00000000   0.00000000    -0.00000000  -0.00000000
  0.00000000   0.00000000    -0.00359628   0.00000000    -0.00319194   0.00000000
 -0.00000000  -0.00000000    -0.00821271   0.00000000    -0.01123102   0.00000000
   26   18
 -0.00054666  -0.00000000     0.00000000   0.00000000    -0.00000000  -0.00000000
 -0.00000000   0.00000000    -0.00103115  -0.00000000     0.00072518   0.00000000
  0.00000000  -0.00000000     0.00072518   0.00000000     0.00010226   0.00000000
   26   19
  0.00256778  -0.00000000    -0.00000000   0.00000000     0.00000000  -0.00000000
 -0.00000000  -0.00000000    -0.00357702   0.00000000    -0.00016409   0.00000000
 -0.00000000  -0.00000000     0.00016409  -0.00000000     0.00274465   0.00000000
   26   20
 -0.00042415  -0.00000000    -0.00000000   0.00000000     0.00000000   0.00000000
  0.00000000  -0.00000000    -0.00639964  -0.00000000     0.00131946  -0.00000000
  0.00000000   0.00000000    -0.00118000   0.00000000    -0.03692478  -0.00000000
   26   21
  0.00531856   0.00000000     0.00000000   0.00000000     0.00000000   0.00000000
  0.00000000  -0.00000000     0.00021275   0.00000000     0.00237672   0.00000000
  0.00000000  -0.00000000     0.00222074   0.00000000    -0.00161996  -0.00000000
   26   22
 -0.00197529  -0.00000000     0.00000000   0.00000000     0.00000000   0.00000000
  0.00000000  -0.00000000     0.00036994   0.00000000     0.00074530   0.00000000
  0.00000000   0.00000000    -0.00083091  -0.00000000     0.00025699  -0.00000000
   26   23
  0.00079460  -0.00000000    -0.00000000  -0.00000000     0.00000000   0.00000000
 -0.00000000  -0.00000000    -0.00059204   0.00000000     0.00099409   0.00000000
  0.00000000   0.00000000     0.00094286   0.00000000    -0.00413210  -0.00000000
   26   24
  0.00088489   0.00000000     0.00000000  -0.00000000     0.00000000  -0.00000000
 -0.00000000  -0.00000000     0.00965113   0.00000000    -0.00003062  -0.00000000
 -0.00000000   0.00000000     0.00056948   0.00000000    -0.00126671  -0.00000000
   26   25
  0.00051332   0.00000000    -0.00000000   0.00000000    -0.00000000   0.00000000
 -0.00000000  -0.00000000     0.00026867   0.00000000    -0.00040127  -0.00000000
  0.00000000   0.00000000     0.00040127   0.00000000    -0.00081868  -0.00000000
   26   26
  0.12536981  -0.00000000     0.00000000  -0.00000000     0.00000000  -0.00000000
  0.00000000  -0.00000000     0.21773079  -0.00000000    -0.00138340  -0.00000000
  0.00000000  -0.00000000    -0.00138340  -0.00000000     0.12597922   0.00000000
   26   27
 -0.00821596   0.00000000     0.00697195  -0.00000000    -0.00501773   0.00000000
  0.00326551  -0.00000000    -0.00393236   0.00000000     0.00157349   0.00000000
 -0.00585247   0.00000000     0.00361841   0.00000000    -0.00210372   0.00000000
   26   28
  0.00129883   0.00000000    -0.00022951  -0.00000000    -0.00215512  -0.00000000
 -0.00038141  -0.00000000    -0.00006559   0.00000000     0.00021948   0.00000000
 -0.00203085  -0.00000000     0.00023166   0.00000000     0.00084296   0.00000000
   26   29
  0.00007603  -0.00000000     0.00043712   0.00000000    -0.00052200  -0.00000000
  0.00047822   0.00000000     0.00026987   0.00000000     0.00071106   0.00000000
  0.00069789   0.00000000     0.00080901   0.00000000    -0.00015071  -0.00000000
   26   30
  0.02675914  -0.00000000    -0.00100014  -0.00000000     0.01572039  -0.00000000
  0.00134534   0.00000000     0.00604477  -0.00000000     0.00126786   0.00000000
  0.01606093   0.00000000    -0.00103198  -0.00000000     0.00987629   0.00000000
   26   31
 -0.00022010  -0.00000000     0.00017149  -0.00000000    -0.00403554  -0.00000000
 -0.00020388  -0.00000000    -0.00020727  -0.00000000     0.00006066  -0.00000000
  0.00408021   0.00000000    -0.00039732  -0.00000000     0.00027135   0.00000000
   26   32
 -0.00821596   0.00000000    -0.00697195  -0.00000000     0.00501773  -0.00000000
 -0.00326551  -0.00000000    -0.00393236  -0.00000000     0.00157349  -0.00000000
  0.00585247   0.00000000     0.00361841  -0.00000000    -0.00210372  -0.00000000
   26   33
  0.00129883  -0.00000000     0.00022951  -0.00000000     0.00215512   0.00000000
  0.00038141  -0.00000000    -0.00006559   0.00000000     0.00021948  -0.00000000
  0.00203085  -0.00000000     0.00023166   0.00000000     0.00084296   0.00000000
   26   34
  0.00007603  -0.00000000    -0.00043712  -0.00000000     0.00052200  -0.00000000
 -0.00047822  -0.00000000     0.00026987   0.00000000     0.00071106   0.00000000
 -0.00069789  -0.00000000     0.00080901   0.00000000    -0.00015071   0.00000000
   26   35
  0.02675914   0.00000000     0.00100014   0.00000000    -0.01572039  -0.00000000
 -0.00134534  -0.00000000     0.00604477   0.00000000     0.00126786   0.00000000
 -0.01606093  -0.00000000    -0.00103198  -0.00000000     0.00987629   0.00000000
   26   36
 -0.00022010  -0.00000000    -0.00017149  -0.00000000     0.00403554   0.00000000
  0.00020388   0.00000000    -0.00020727  -0.00000000     0.00006066  -0.00000000
 -0.00408021   0.00000000    -0.00039732  -0.00000000     0.00027135   0.00000000
   27    1
  0.00000000  -0.00000000    -0.00026843  -0.00000000    -0.00000000   0.00000000
  0.00000591  -0.00000000    -0.00000000  -0.00000000    -0.00011354  -0.00000000
 -0.00000000   0.00000000     0.00001735  -0.00000000    -0.00000000   0.00000000
   27    2
  0.00000000  -0.00000000     0.00026843   0.00000000    -0.00000000   0.00000000
 -0.00000591  -0.00000000     0.00000000  -0.00000000     0.00011354   0.00000000
 -0.00000000   0.00000000    -0.00001735   0.00000000     0.00000000   0.00000000
   27    3
  0.00030571  -0.00000000     0.00000000  -0.00000000    -0.00025569  -0.00000000
 -0.00000000  -0.00000000    -0.00501145  -0.00000000    -0.00000000  -0.00000000
  0.00004269  -0.00000000    -0.00000000   0.00000000     0.00137062   0.00000000
   27    4
 -0.00030571  -0.00000000     0.00000000  -0.00000000     0.00025569   0.00000000
 -0.00000000   0.00000000     0.00501145   0.00000000     0.00000000   0.00000000
 -0.00004269  -0.00000000     0.00000000   0.00000000    -0.00137062  -0.00000000
   27    5
  0.00209098  -0.00000000     0.00000000  -0.00000000    -0.00122263   0.00000000
 -0.00000000   0.00000000    -0.00016571  -0.00000000    -0.00000000  -0.00000000
  0.00184159   0.00000000    -0.00000000   0.00000000    -0.00025246   0.00000000
   27    6
 -0.01678232  -0.00000000     0.00000000   0.00000000    -0.03507880   0.00000000
  0.00000000   0.00000000    -0.00139950  -0.00000000     0.00000000  -0.00000000
 -0.03295692  -0.00000000    -0.00000000   0.00000000    -0.05438158  -0.00000000
   27    7
 -0.00008039   0.00000000     0.00000000   0.00000000     0.00119022  -0.00000000
  0.00000000  -0.00000000     0.00075951   0.00000000    -0.00000000   0.00000000
  0.00059079  -0.00000000     0.00000000  -0.00000000     0.00024746  -0.00000000
   27    8
 -0.01714070   0.00000000     0.00000000  -0.00000000     0.03055842  -0.00000000
 -0.00000000   0.00000000    -0.00396710  -0.00000000    -0.00000000   0.00000000
  0.02881189   0.00000000     0.00000000  -0.00000000    -0.04844154  -0.00000000
   27    9
  0.00150837  -0.00000000     0.00000000  -0.00000000     0.00359993  -0.00000000
  0.00000000   0.00000000     0.00068558  -0.00000000     0.00000000  -0.00000000
 -0.00077348   0.00000000     0.00000000  -0.00000000    -0.00052549  -0.00000000
   27   10
  0.00008039  -0.00000000     0.00000000  -0.00000000    -0.00119022   0.00000000
  0.00000000  -0.00000000    -0.00075951   0.00000000     0.00000000   0.00000000
 -0.00059079   0.00000000     0.00000000  -0.00000000    -0.00024746   0.00000000
   27   11
  0.01714070  -0.00000000    -0.00000000  -0.00000000    -0.03055842   0.00000000
  0.00000000   0.00000000     0.00396710   0.00000000    -0.00000000   0.00000000
 -0.02881189  -0.00000000     0.00000000  -0.00000000     0.04844154   0.00000000
   27   12
  0.01678232   0.00000000     0.00000000  -0.00000000     0.03507880  -0.00000000
  0.00000000   0.00000000     0.00139950   0.00000000    -0.00000000  -0.00000000
  0.03295692   0.00000000     0.00000000   0.00000000     0.05438158   0.00000000
   27   13
  0.07182521   0.00000000     0.00000000  -0.00000000    -0.00065649   0.00000000
 -0.00000000   0.00000000     0.00012599  -0.00000000    -0.00000000   0.00000000
 -0.00071989  -0.00000000     0.00000000  -0.00000000    -0.00438417   0.00000000
   27   14
 -0.00209098   0.00000000     0.00000000  -0.00000000     0.00122263  -0.00000000
  0.00000000   0.00000000     0.00016571   0.00000000     0.00000000   0.00000000
 -0.00184159  -0.00000000     0.00000000   0.00000000     0.00025246   0.00000000
   27   15
 -0.00150837   0.00000000     0.00000000  -0.00000000    -0.00359993   0.00000000
  0.00000000   0.00000000    -0.00068558   0.00000000    -0.00000000  -0.00000000
  0.00077348  -0.00000000     0.00000000  -0.00000000     0.00052549   0.00000000
   27   16
 -0.07182521  -0.00000000     0.00000000  -0.00000000     0.00065649  -0.00000000
 -0.00000000   0.00000000    -0.00012599   0.00000000     0.00000000   0.00000000
  0.00071989   0.00000000     0.00000000  -0.00000000     0.00438417  -0.00000000
   27   17
  0.00000000  -0.00000000    -0.00000000   0.00000000     0.00000000   0.00000000
 -0.00000000   0.00000000    -0.00000000   0.00000000     0.00000000   0.00000000
 -0.00000000   0.00000000     0.00000000   0.00000000     0.00000000  -0.00000000
   27   18
  0.00821596  -0.00000000    -0.00326551   0.00000000     0.00585247  -0.00000000
 -0.00697195  -0.00000000     0.00393236   0.00000000    -0.00361841  -0.00000000
  0.00501773   0.00000000    -0.00157349  -0.00000000     0.00210372  -0.00000000
   27   19
 -0.00821596   0.00000000    -0.00326551   0.00000000    -0.00585247   0.00000000
 -0.00697195  -0.00000000    -0.00393236  -0.00000000    -0.00361841  -0.00000000
 -0.00501773  -0.00000000    -0.00157349  -0.00000000    -0.00210372   0.00000000
   27   20
 -0.00756462   0.00000000     0.00237276  -0.00000000     0.00508603  -0.00000000
  0.00687373  -0.00000000    -0.00363955   0.00000000    -0.00328618  -0.00000000
  0.00547694  -0.00000000    -0.00151085   0.00000000    -0.00187127   0.00000000
   27   21
  0.00756462  -0.00000000     0.00237276  -0.00000000    -0.00508603   0.00000000
  0.00687373  -0.00000000     0.00363955  -0.00000000    -0.00328618  -0.00000000
 -0.00547694   0.00000000    -0.00151085   0.00000000     0.00187127  -0.00000000
   27   22
 -0.00000000   0.00000000    -0.00000000   0.00000000     0.00000000  -0.00000000
  0.00000000   0.00000000     0.00000000  -0.00000000    -0.00000000   0.00000000
  0.00000000  -0.00000000    -0.00000000   0.00000000    -0.00000000  -0.00000000
   27   23
 -0.00756462   0.00000000    -0.00237276   0.00000000     0.00508603  -0.00000000
 -0.00687373  -0.00000000    -0.00363955  -0.00000000     0.00328618  -0.00000000
  0.00547694  -0.00000000     0.00151085  -0.00000000    -0.00187127  -0.00000000
   27   24
  0.00756462  -0.00000000    -0.00237276   0.00000000    -0.00508603   0.00000000
 -0.00687373  -0.00000000     0.00363955   0.00000000     0.00328618  -0.00000000
 -0.00547694   0.00000000     0.00151085  -0.00000000     0.00187127   0.00000000
   27   25
  0.00821596  -0.00000000     0.00326551  -0.00000000     0.00585247  -0.00000000
  0.00697195  -0.00000000     0.00393236  -0.00000000     0.00361841   0.00000000
  0.00501773  -0.00000000     0.00157349   0.00000000     0.00210372  -0.00000000
   27   26
 -0.00821596   0.00000000     0.00326551  -0.00000000    -0.00585247   0.00000000
  0.00697195  -0.00000000    -0.00393236   0.00000000     0.00361841   0.00000000
 -0.00501773   0.00000000     0.00157349   0.00000000    -0.00210372   0.00000000
   27   27
  0.26866019   0.00000000     0.00000000  -0.00000000     0.01095316  -0.00000000
  0.00000000  -0.00000000     0.06728579  -0.00000000    -0.00000000   0.00000000
  0.01095316  -0.00000000    -0.00000000   0.00000000     0.25881098   0.00000000
   27   28
 -0.00196390  -0.00000000    -0.00029354   0.00000000    -0.00031809  -0.00000000
  0.00034642   0.00000000     0.00343573  -0.00000000     0.00808560   0.00000000
  0.00034714  -0.00000000     0.00293753  -0.00000000     0.01048734  -0.00000000
   27   29
  0.00196390   0.00000000    -0.00029354   0.00000000     0.00031809   0.00000000
  0.00034642   0.00000000    -0.00343573   0.00000000     0.00808560   0.00000000
 -0.00034714   0.00000000     0.00293753  -0.00000000    -0.01048734   0.00000000
   27   30
 -0.00172218  -0.00000000    -0.00011338   0.00000000    -0.00018013  -0.00000000
  0.00016192  -0.00000000     0.00045098  -0.00000000     0.00071631  -0.00000000
  0.00019031   0.00000000    -0.00124923   0.00000000     0.00055379   0.00000000
   27   31
  0.00172218   0.00000000    -0.00011338   0.00000000     0.00018013   0.00000000
  0.00016192  -0.00000000    -0.00045098   0.00000000     0.00071631  -0.00000000
 -0.00019031  -0.00000000    -0.00124923   0.00000000    -0.00055379  -0.00000000
   27   32
 -0.00350658   0.00000000     0.00000000   0.00000000     0.00092922   0.00000000
  0.00000000   0.00000000     0.00228831   0.00000000     0.00000000   0.00000000
 -0.00092922  -0.00000000     0.00000000   0.00000000    -0.00255390  -0.00000000
   27   33
 -0.00172218   0.00000000     0.00011338   0.00000000    -0.00018013   0.00000000
 -0.00016192  -0.00000000     0.00045098   0.00000000    -0.00071631  -0.00000000
  0.00019031   0.00000000     0.00124923  -0.00000000     0.00055379  -0.00000000
   27   34
  0.00172218  -0.00000000     0.00011338   0.00000000     0.00018013  -0.00000000
 -0.00016192  -0.00000000    -0.00045098  -0.00000000    -0.00071631  -0.00000000
 -0.00019031   0.00000000     0.00124923  -0.00000000    -0.00055379   0.00000000
   27   35
 -0.00196390   0.00000000     0.00029354   0.00000000    -0.00031809   0.00000000
 -0.00034642   0.00000000     0.00343573   0.00000000    -0.00808560   0.00000000
  0.00034714   0.00000000    -0.00293753   0.00000000     0.01048734  -0.00000000
   27   36
  0.00196390  -0.00000000     0.00029354   0.00000000     0.00031809  -0.00000000
 -0.00034642   0.00000000    -0.00343573  -0.00000000    -0.00808560   0.00000000
 -0.00034714  -0.00000000    -0.00293753   0.00000000    -0.01048734   0.00000000
   28    1
 -0.01054352  -0.00000000     0.00941765  -0.00000000     0.00723706  -0.00000000
  0.00917571  -0.00000000    -0.00507053   0.00000000    -0.00543770   0.00000000
  0.00710709  -0.00000000    -0.00535322  -0.00000000    -0.00198441   0.00000000
   28    2
 -0.01036480  -0.00000000    -0.00938202  -0.00000000    -0.00704952  -0.00000000
 -0.00929369   0.00000000    -0.00499566  -0.00000000    -0.00536403   0.00000000
 -0.00696757   0.00000000    -0.00551301  -0.00000000    -0.00200677   0.00000000
   28    3
 -0.00036856  -0.00000000    -0.00000299  -0.00000000    -0.00000482   0.00000000
 -0.00006775  -0.00000000    -0.00023719  -0.00000000     0.00037136   0.00000000
  0.00003820   0.00000000     0.00014148   0.00000000     0.00010837  -0.00000000
   28    4
  0.00209379   0.00000000     0.00000637   0.00000000    -0.00002365   0.00000000
 -0.00003109  -0.00000000    -0.00499272   0.00000000     0.01066015  -0.00000000
 -0.00005635   0.00000000     0.01058553  -0.00000000    -0.01419510   0.00000000
   28    5
  0.00116470  -0.00000000     0.00244749   0.00000000    -0.00116835  -0.00000000
 -0.00009712  -0.00000000    -0.00145870   0.00000000    -0.00184877  -0.00000000
  0.00132444  -0.00000000    -0.00041463   0.00000000     0.00206966  -0.00000000
   28    6
  0.01456943   0.00000000    -0.03959285  -0.00000000    -0.00739355  -0.00000000
 -0.03096022  -0.00000000     0.04945786   0.00000000     0.01644249   0.00000000
 -0.00994418  -0.00000000     0.02327499   0.00000000     0.00564205   0.00000000
   28    7
 -0.00124388  -0.00000000    -0.00042658   0.00000000     0.00175681   0.00000000
 -0.00077782   0.00000000    -0.05421471  -0.00000000     0.03785021  -0.00000000
  0.00168519  -0.00000000     0.04953077   0.00000000    -0.02274787  -0.00000000
   28    8
 -0.00136107  -0.00000000     0.00071525   0.00000000     0.00258411   0.00000000
 -0.00037653   0.00000000     0.00072153   0.00000000    -0.00027550  -0.00000000
 -0.00096791   0.00000000    -0.00110567  -0.00000000     0.00057385  -0.00000000
   28    9
 -0.00134254  -0.00000000    -0.00134844  -0.00000000    -0.00149109  -0.00000000
  0.00018407   0.00000000    -0.00013148  -0.00000000    -0.00122940  -0.00000000
  0.00180438   0.00000000    -0.00097788   0.00000000     0.00019819   0.00000000
   28   10
  0.00185385   0.00000000     0.00022579  -0.00000000    -0.00020604   0.00000000
  0.00013577   0.00000000    -0.00189794  -0.00000000    -0.00032684  -0.00000000
 -0.00074058  -0.00000000     0.00190057   0.00000000    -0.00220512  -0.00000000
   28   11
 -0.01803531   0.00000000    -0.04280554   0.00000000    -0.00848075   0.00000000
 -0.03595414  -0.00000000    -0.05395104   0.00000000    -0.01818631   0.00000000
 -0.01072865  -0.00000000    -0.02413605   0.00000000    -0.00427186   0.00000000
   28   12
  0.00116679   0.00000000     0.00059347   0.00000000     0.00228002   0.00000000
 -0.00018116  -0.00000000    -0.00077943  -0.00000000    -0.00007556   0.00000000
 -0.00108436   0.00000000     0.00060848  -0.00000000    -0.00126770   0.00000000
   28   13
 -0.00146640   0.00000000    -0.00155367  -0.00000000    -0.00209485  -0.00000000
 -0.00101061   0.00000000     0.00245807   0.00000000    -0.00032112   0.00000000
  0.00084284  -0.00000000     0.00166149  -0.00000000    -0.00167647  -0.00000000
   28   14
  0.00296949   0.00000000    -0.00168170  -0.00000000    -0.00150678  -0.00000000
  0.00033189  -0.00000000     0.00031669  -0.00000000     0.00069999   0.00000000
  0.00068985  -0.00000000     0.00322184   0.00000000    -0.00007609   0.00000000
   28   15
 -0.00091837  -0.00000000     0.00067496   0.00000000    -0.00096999  -0.00000000
 -0.00090201  -0.00000000     0.00230401   0.00000000     0.00249376   0.00000000
 -0.00120009  -0.00000000     0.00002720  -0.00000000     0.00023115   0.00000000
   28   16
  0.00217906   0.00000000    -0.00137601  -0.00000000    -0.00080658  -0.00000000
 -0.00098451  -0.00000000    -0.00289399  -0.00000000     0.00159240   0.00000000
  0.00088018  -0.00000000    -0.00042556   0.00000000    -0.00080985   0.00000000
   28   17
  0.00784655  -0.00000000    -0.00665999  -0.00000000     0.00464077   0.00000000
 -0.00282101   0.00000000     0.00358086   0.00000000    -0.00111283   0.00000000
  0.00601627  -0.00000000    -0.00393186  -0.00000000     0.00147203  -0.00000000
   28   18
 -0.00022010  -0.00000000     0.00020388   0.00000000    -0.00408021   0.00000000
 -0.00017149  -0.00000000    -0.00020727  -0.00000000    -0.00039732  -0.00000000
  0.00403554   0.00000000     0.00006066  -0.00000000     0.00027135   0.00000000
   28   19
  0.02675914   0.00000000     0.00134534   0.00000000    -0.01606093  -0.00000000
 -0.00100014  -0.00000000     0.00604477   0.00000000     0.00103198   0.00000000
 -0.01572039  -0.00000000    -0.00126786  -0.00000000     0.00987629   0.00000000
   28   20
 -0.00013863  -0.00000000    -0.00070711  -0.00000000     0.00045061  -0.00000000
 -0.00013602   0.00000000     0.00006409  -0.00000000     0.00077530   0.00000000
 -0.00065258  -0.00000000     0.00066870   0.00000000    -0.00001172   0.00000000
   28   21
 -0.00076583   0.00000000    -0.00049339   0.00000000    -0.00125958  -0.00000000
  0.00023328   0.00000000     0.00044283   0.00000000    -0.00000671   0.00000000
 -0.00186841   0.00000000     0.00018222  -0.00000000    -0.00112330  -0.00000000
   28   22
 -0.00781527   0.00000000    -0.00677625  -0.00000000     0.00470772  -0.00000000
 -0.00331413  -0.00000000    -0.00420189  -0.00000000     0.00161283  -0.00000000
  0.00528886   0.00000000     0.00345772  -0.00000000    -0.00189967  -0.00000000
   28   23
  0.00011841   0.00000000     0.00011073  -0.00000000    -0.00415256  -0.00000000
 -0.00014620  -0.00000000     0.00000315  -0.00000000     0.00010954  -0.00000000
  0.00435071   0.00000000    -0.00045212  -0.00000000     0.00034113   0.00000000
   28   24
 -0.02547798   0.00000000     0.00142540   0.00000000    -0.01378555   0.00000000
 -0.00142944  -0.00000000    -0.00616662   0.00000000    -0.00072610  -0.00000000
 -0.01634163   0.00000000     0.00114494   0.00000000    -0.00899736  -0.00000000
   28   25
  0.00007603  -0.00000000    -0.00047822  -0.00000000     0.00069789   0.00000000
 -0.00043712  -0.00000000     0.00026987   0.00000000    -0.00080901  -0.00000000
 -0.00052200  -0.00000000    -0.00071106  -0.00000000    -0.00015071  -0.00000000
   28   26
  0.00129883   0.00000000    -0.00038141  -0.00000000    -0.00203085  -0.00000000
 -0.00022951  -0.00000000    -0.00006559   0.00000000     0.00023166   0.00000000
 -0.00215512  -0.00000000     0.00021948   0.00000000     0.00084296   0.00000000
   28   27
 -0.00196390  -0.00000000     0.00034642   0.00000000     0.00034714  -0.00000000
 -0.00029354   0.00000000     0.00343573  -0.00000000     0.00293753  -0.00000000
 -0.00031809  -0.00000000     0.00808560   0.00000000     0.01048734  -0.00000000
   28   28
  0.12783686  -0.00000000     0.00480130  -0.00000000    -0.00298652  -0.00000000
  0.00480130  -0.00000000     0.20723082   0.00000000    -0.00251496  -0.00000000
 -0.00298652  -0.00000000    -0.00251496  -0.00000000     0.12655084   0.00000000
   28   29
 -0.00053658  -0.00000000    -0.00002444  -0.00000000    -0.00003896  -0.00000000
  0.00002444   0.00000000     0.00064320  -0.00000000     0.00049743   0.00000000
 -0.00003896  -0.00000000    -0.00049743  -0.00000000     0.00032917   0.00000000
   28   30
 -0.00125739  -0.00000000    -0.00008862   0.00000000     0.00001771   0.00000000
 -0.00008862   0.00000000    -0.00871465   0.00000000     0.00044953   0.00000000
 -0.00001771  -0.00000000    -0.00044953  -0.00000000     0.00125525   0.00000000
   28   31
  0.00061755  -0.00000000    -0.00027328   0.00000000    -0.00049131   0.00000000
  0.00027328  -0.00000000    -0.00025170  -0.00000000     0.00069613   0.00000000
  0.00049131   0.00000000     0.00069613   0.00000000    -0.00339838  -0.00000000
   28   32
 -0.00172218  -0.00000000     0.00016192   0.00000000    -0.00019031   0.00000000
 -0.00011338  -0.00000000     0.00045098   0.00000000     0.00124923   0.00000000
  0.00018013   0.00000000    -0.00071631  -0.00000000     0.00055379  -0.00000000
   28   33
 -0.00502078  -0.00000000     0.00030788  -0.00000000    -0.00054507  -0.00000000
 -0.00030788  -0.00000000     0.00011534   0.00000000    -0.00194108  -0.00000000
  0.00054507   0.00000000    -0.00194108  -0.00000000     0.00170369   0.00000000
   28   34
  0.00010703   0.00000000    -0.00030318  -0.00000000    -0.00139500   0.00000000
 -0.00030318  -0.00000000    -0.00639169  -0.00000000     0.00147536  -0.00000000
  0.00139500   0.00000000    -0.00147536   0.00000000    -0.03579359  -0.00000000
   28   35
  0.00256100  -0.00000000    -0.00099711   0.00000000     0.00050443  -0.00000000
  0.00099711  -0.00000000    -0.00337419  -0.00000000    -0.00066259  -0.00000000
  0.00050443  -0.00000000     0.00066259   0.00000000     0.00285676   0.00000000
   28   36
  0.00057831   0.00000000    -0.00019131  -0.00000000    -0.00006065   0.00000000
 -0.00019131  -0.00000000     0.00043537  -0.00000000    -0.00024041  -0.00000000
 -0.00006065   0.00000000    -0.00024041  -0.00000000    -0.00015863  -0.00000000
   29    1
 -0.01054352  -0.00000000    -0.00941765   0.00000000     0.00723706  -0.00000000
 -0.00917571   0.00000000    -0.00507053   0.00000000     0.00543770  -0.00000000
  0.00710709  -0.00000000     0.00535322   0.00000000    -0.00198441   0.00000000
   29    2
 -0.01036480  -0.00000000     0.00938202   0.00000000    -0.00704952  -0.00000000
  0.00929369  -0.00000000    -0.00499566  -0.00000000     0.00536403  -0.00000000
 -0.00696757   0.00000000     0.00551301   0.00000000    -0.00200677   0.00000000
   29    3
  0.00036856   0.00000000    -0.00000299  -0.00000000     0.00000482  -0.00000000
 -0.00006775  -0.00000000     0.00023719   0.00000000     0.00037136   0.00000000
 -0.00003820  -0.00000000     0.00014148   0.00000000    -0.00010837   0.00000000
   29    4
 -0.00209379  -0.00000000     0.00000637   0.00000000     0.00002365  -0.00000000
 -0.00003109  -0.00000000     0.00499272  -0.00000000     0.01066015  -0.00000000
  0.00005635  -0.00000000     0.01058553  -0.00000000     0.01419510  -0.00000000
   29    5
  0.00296949   0.00000000     0.00168170   0.00000000    -0.00150678  -0.00000000
 -0.00033189   0.00000000     0.00031669  -0.00000000    -0.00069999  -0.00000000
  0.00068985  -0.00000000    -0.00322184  -0.00000000    -0.00007609   0.00000000
   29    6
  0.00116679   0.00000000    -0.00059347  -0.00000000     0.00228002   0.00000000
  0.00018116   0.00000000    -0.00077943  -0.00000000     0.00007556  -0.00000000
 -0.00108436   0.00000000    -0.00060848   0.00000000    -0.00126770   0.00000000
   29    7
  0.00185385   0.00000000    -0.00022579   0.00000000    -0.00020604   0.00000000
 -0.00013577  -0.00000000    -0.00189794  -0.00000000     0.00032684   0.00000000
 -0.00074058  -0.00000000    -0.00190057  -0.00000000    -0.00220512  -0.00000000
   29    8
 -0.01803531   0.00000000     0.04280554  -0.00000000    -0.00848075   0.00000000
  0.03595414   0.00000000    -0.05395104   0.00000000     0.01818631  -0.00000000
 -0.01072865  -0.00000000     0.02413605  -0.00000000    -0.00427186   0.00000000
   29    9
 -0.00091837  -0.00000000    -0.00067496  -0.00000000    -0.00096999  -0.00000000
  0.00090201   0.00000000     0.00230401   0.00000000    -0.00249376  -0.00000000
 -0.00120009  -0.00000000    -0.00002720   0.00000000     0.00023115   0.00000000
   29   10
 -0.00124388  -0.00000000     0.00042658  -0.00000000     0.00175681   0.00000000
  0.00077782  -0.00000000    -0.05421471  -0.00000000    -0.03785021   0.00000000
  0.00168519  -0.00000000    -0.04953077  -0.00000000    -0.02274787  -0.00000000
   29   11
 -0.00136107  -0.00000000    -0.00071525  -0.00000000     0.00258411   0.00000000
  0.00037653  -0.00000000     0.00072153   0.00000000     0.00027550   0.00000000
 -0.00096791   0.00000000     0.00110567   0.00000000     0.00057385  -0.00000000
   29   12
  0.01456943   0.00000000     0.03959285   0.00000000    -0.00739355  -0.00000000
  0.03096022   0.00000000     0.04945786   0.00000000    -0.01644249  -0.00000000
 -0.00994418  -0.00000000    -0.02327499  -0.00000000     0.00564205   0.00000000
   29   13
  0.00217906   0.00000000     0.00137601   0.00000000    -0.00080658  -0.00000000
  0.00098451   0.00000000    -0.00289399  -0.00000000    -0.00159240  -0.00000000
  0.00088018  -0.00000000     0.00042556  -0.00000000    -0.00080985   0.00000000
   29   14
  0.00116470  -0.00000000    -0.00244749  -0.00000000    -0.00116835  -0.00000000
  0.00009712   0.00000000    -0.00145870   0.00000000     0.00184877   0.00000000
  0.00132444  -0.00000000     0.00041463  -0.00000000     0.00206966  -0.00000000
   29   15
 -0.00134254  -0.00000000     0.00134844   0.00000000    -0.00149109  -0.00000000
 -0.00018407  -0.00000000    -0.00013148  -0.00000000     0.00122940   0.00000000
  0.00180438   0.00000000     0.00097788  -0.00000000     0.00019819   0.00000000
   29   16
 -0.00146640   0.00000000     0.00155367   0.00000000    -0.00209485  -0.00000000
  0.00101061  -0.00000000     0.00245807   0.00000000     0.00032112  -0.00000000
  0.00084284  -0.00000000    -0.00166149   0.00000000    -0.00167647  -0.00000000
   29   17
  0.00784655  -0.00000000     0.00665999   0.00000000     0.00464077   0.00000000
  0.00282101  -0.00000000     0.00358086   0.00000000     0.00111283  -0.00000000
  0.00601627  -0.00000000     0.00393186   0.00000000     0.00147203  -0.00000000
   29   18
  0.02675914   0.00000000    -0.00134534  -0.00000000    -0.01606093  -0.00000000
  0.00100014   0.00000000     0.00604477   0.00000000    -0.00103198  -0.00000000
 -0.01572039  -0.00000000     0.00126786   0.00000000     0.00987629   0.00000000
   29   19
 -0.00022010  -0.00000000    -0.00020388  -0.00000000    -0.00408021   0.00000000
  0.00017149   0.00000000    -0.00020727  -0.00000000     0.00039732   0.00000000
  0.00403554   0.00000000    -0.00006066   0.00000000     0.00027135   0.00000000
   29   20
 -0.00076583   0.00000000     0.00049339  -0.00000000    -0.00125958  -0.00000000
 -0.00023328  -0.00000000     0.00044283   0.00000000     0.00000671  -0.00000000
 -0.00186841   0.00000000    -0.00018222   0.00000000    -0.00112330  -0.00000000
   29   21
 -0.00013863  -0.00000000     0.00070711   0.00000000     0.00045061  -0.00000000
  0.00013602  -0.00000000     0.00006409  -0.00000000    -0.00077530  -0.00000000
 -0.00065258  -0.00000000    -0.00066870  -0.00000000    -0.00001172   0.00000000
   29   22
 -0.00781527   0.00000000     0.00677625   0.00000000     0.00470772  -0.00000000
  0.00331413   0.00000000    -0.00420189  -0.00000000    -0.00161283   0.00000000
  0.00528886   0.00000000    -0.00345772   0.00000000    -0.00189967  -0.00000000
   29   23
 -0.02547798   0.00000000    -0.00142540  -0.00000000    -0.01378555   0.00000000
  0.00142944   0.00000000    -0.00616662   0.00000000     0.00072610   0.00000000
 -0.01634163   0.00000000    -0.00114494  -0.00000000    -0.00899736  -0.00000000
   29   24
  0.00011841   0.00000000    -0.00011073   0.00000000    -0.00415256  -0.00000000
  0.00014620   0.00000000     0.00000315  -0.00000000    -0.00010954   0.00000000
  0.00435071   0.00000000     0.00045212   0.00000000     0.00034113   0.00000000
   29   25
  0.00129883   0.00000000     0.00038141   0.00000000    -0.00203085  -0.00000000
  0.00022951   0.00000000    -0.00006559   0.00000000    -0.00023166  -0.00000000
 -0.00215512  -0.00000000    -0.00021948  -0.00000000     0.00084296   0.00000000
   29   26
  0.00007603  -0.00000000     0.00047822   0.00000000     0.00069789   0.00000000
  0.00043712   0.00000000     0.00026987   0.00000000     0.00080901   0.00000000
 -0.00052200  -0.00000000     0.00071106   0.00000000    -0.00015071  -0.00000000
   29   27
  0.00196390   0.00000000     0.00034642   0.00000000    -0.00034714   0.00000000
 -0.00029354   0.00000000    -0.00343573   0.00000000     0.00293753  -0.00000000
  0.00031809   0.00000000     0.00808560   0.00000000    -0.01048734   0.00000000
   29   28
 -0.00053658  -0.00000000     0.00002444   0.00000000    -0.00003896  -0.00000000
 -0.00002444  -0.00000000     0.00064320  -0.00000000    -0.00049743  -0.00000000
 -0.00003896  -0.00000000     0.00049743   0.00000000     0.00032917   0.00000000
   29   29
  0.12783686  -0.00000000    -0.00480130   0.00000000    -0.00298652  -0.00000000
 -0.00480130   0.00000000     0.20723082   0.00000000     0.00251496   0.00000000
 -0.00298652  -0.00000000     0.00251496   0.00000000     0.12655084   0.00000000
   29   30
  0.00061755  -0.00000000     0.00027328  -0.00000000    -0.00049131   0.00000000
 -0.00027328   0.00000000    -0.00025170  -0.00000000    -0.00069613  -0.00000000
  0.00049131   0.00000000    -0.00069613  -0.00000000    -0.00339838  -0.00000000
   29   31
 -0.00125739  -0.00000000     0.00008862  -0.00000000     0.00001771   0.00000000
  0.00008862  -0.00000000    -0.00871465   0.00000000    -0.00044953  -0.00000000
 -0.00001771  -0.00000000     0.00044953   0.00000000     0.00125525   0.00000000
   29   32
  0.00172218   0.00000000     0.00016192   0.00000000     0.00019031  -0.00000000
 -0.00011338  -0.00000000    -0.00045098  -0.00000000     0.00124923   0.00000000
 -0.00018013  -0.00000000    -0.00071631  -0.00000000    -0.00055379   0.00000000
   29   33
  0.00010703   0.00000000     0.00030318   0.00000000    -0.00139500   0.00000000
  0.00030318   0.00000000    -0.00639169  -0.00000000    -0.00147536   0.00000000
  0.00139500   0.00000000     0.00147536  -0.00000000    -0.03579359  -0.00000000
   29   34
 -0.00502078  -0.00000000    -0.00030788   0.00000000    -0.00054507  -0.00000000
  0.00030788   0.00000000     0.00011534   0.00000000     0.00194108   0.00000000
  0.00054507   0.00000000     0.00194108   0.00000000     0.00170369   0.00000000
   29   35
  0.00057831   0.00000000     0.00019131   0.00000000    -0.00006065   0.00000000
  0.00019131   0.00000000     0.00043537  -0.00000000     0.00024041   0.00000000
 -0.00006065   0.00000000     0.00024041   0.00000000    -0.00015863  -0.00000000
   29   36
  0.00256100  -0.00000000     0.00099711  -0.00000000     0.00050443  -0.00000000
 -0.00099711   0.00000000    -0.00337419  -0.00000000     0.00066259   0.00000000
  0.00050443  -0.00000000    -0.00066259  -0.00000000     0.00285676   0.00000000
   30    1
 -0.01036480  -0.00000000    -0.00938202   0.00000000     0.00704952   0.00000000
 -0.00929369  -0.00000000    -0.00499566  -0.00000000     0.00536403  -0.00000000
  0.00696757  -0.00000000     0.00551301   0.00000000    -0.00200677  -0.00000000
   30    2
 -0.01054352  -0.00000000     0.00941765  -0.00000000    -0.00723706  -0.00000000
  0.00917571  -0.00000000    -0.00507053   0.00000000     0.00543770  -0.00000000
 -0.00710709  -0.00000000     0.00535322  -0.00000000    -0.00198441   0.00000000
   30    3
 -0.00036856  -0.00000000    -0.00000299   0.00000000     0.00000482  -0.00000000
 -0.00006775  -0.00000000    -0.00023719   0.00000000    -0.00037136  -0.00000000
 -0.00003820   0.00000000    -0.00014148  -0.00000000     0.00010837   0.00000000
   30    4
  0.00209379   0.00000000     0.00000637   0.00000000     0.00002365  -0.00000000
 -0.00003109   0.00000000    -0.00499272   0.00000000    -0.01066015   0.00000000
  0.00005635  -0.00000000    -0.01058553  -0.00000000    -0.01419510   0.00000000
   30    5
  0.00116679   0.00000000     0.00059347  -0.00000000    -0.00228002  -0.00000000
 -0.00018116  -0.00000000    -0.00077943   0.00000000     0.00007556  -0.00000000
  0.00108436   0.00000000    -0.00060848  -0.00000000    -0.00126770  -0.00000000
   30    6
  0.00296949   0.00000000    -0.00168170  -0.00000000     0.00150678   0.00000000
  0.00033189   0.00000000     0.00031669   0.00000000    -0.00069999   0.00000000
 -0.00068985  -0.00000000    -0.00322184  -0.00000000    -0.00007609  -0.00000000
   30    7
  0.00185385   0.00000000     0.00022579  -0.00000000     0.00020604  -0.00000000
  0.00013577   0.00000000    -0.00189794  -0.00000000     0.00032684   0.00000000
  0.00074058   0.00000000    -0.00190057  -0.00000000    -0.00220512  -0.00000000
   30    8
 -0.00091837  -0.00000000     0.00067496   0.00000000     0.00096999  -0.00000000
 -0.00090201   0.00000000     0.00230401  -0.00000000    -0.00249376  -0.00000000
  0.00120009   0.00000000    -0.00002720   0.00000000     0.00023115   0.00000000
   30    9
 -0.01803531   0.00000000    -0.04280554  -0.00000000     0.00848075  -0.00000000
 -0.03595414  -0.00000000    -0.05395104   0.00000000     0.01818631  -0.00000000
  0.01072865   0.00000000     0.02413605  -0.00000000    -0.00427186  -0.00000000
   30   10
 -0.00124388  -0.00000000    -0.00042658   0.00000000    -0.00175681   0.00000000
 -0.00077782  -0.00000000    -0.05421471   0.00000000    -0.03785021   0.00000000
 -0.00168519  -0.00000000    -0.04953077  -0.00000000    -0.02274787   0.00000000
   30   11
 -0.00134254  -0.00000000    -0.00134844  -0.00000000     0.00149109   0.00000000
  0.00018407   0.00000000    -0.00013148  -0.00000000     0.00122940   0.00000000
 -0.00180438  -0.00000000     0.00097788  -0.00000000     0.00019819   0.00000000
   30   12
  0.00116470   0.00000000     0.00244749   0.00000000     0.00116835  -0.00000000
 -0.00009712   0.00000000    -0.00145870  -0.00000000     0.00184877   0.00000000
 -0.00132444  -0.00000000     0.00041463   0.00000000     0.00206966   0.00000000
   30   13
 -0.00146640  -0.00000000    -0.00155367   0.00000000     0.00209485   0.00000000
 -0.00101061  -0.00000000     0.00245807   0.00000000     0.00032112   0.00000000
 -0.00084284  -0.00000000    -0.00166149  -0.00000000    -0.00167647  -0.00000000
   30   14
  0.01456943  -0.00000000    -0.03959285   0.00000000     0.00739355  -0.00000000
 -0.03096022  -0.00000000     0.04945786  -0.00000000    -0.01644249   0.00000000
  0.00994418   0.00000000    -0.02327499   0.00000000     0.00564205  -0.00000000
   30   15
 -0.00136107  -0.00000000     0.00071525  -0.00000000    -0.00258411   0.00000000
 -0.00037653  -0.00000000     0.00072153   0.00000000     0.00027550   0.00000000
  0.00096791  -0.00000000     0.00110567   0.00000000     0.00057385  -0.00000000
   30   16
  0.00217906   0.00000000    -0.00137601  -0.00000000     0.00080658   0.00000000
 -0.00098451   0.00000000    -0.00289399  -0.00000000    -0.00159240  -0.00000000
 -0.00088018   0.00000000     0.00042556  -0.00000000    -0.00080985  -0.00000000
   30   17
  0.00784655  -0.00000000    -0.00665999   0.00000000    -0.00464077   0.00000000
 -0.00282101   0.00000000     0.00358086  -0.00000000     0.00111283  -0.00000000
 -0.00601627   0.00000000     0.00393186   0.00000000     0.00147203  -0.00000000
   30   18
  0.00007603  -0.00000000    -0.00047822  -0.00000000    -0.00069789  -0.00000000
 -0.00043712  -0.00000000     0.00026987   0.00000000     0.00080901   0.00000000
  0.00052200  -0.00000000     0.00071106   0.00000000    -0.00015071   0.00000000
   30   19
  0.00129883  -0.00000000    -0.00038141   0.00000000     0.00203085  -0.00000000
 -0.00022951   0.00000000    -0.00006559   0.00000000    -0.00023166  -0.00000000
  0.00215512   0.00000000    -0.00021948   0.00000000     0.00084296   0.00000000
   30   20
  0.00011841  -0.00000000     0.00011073  -0.00000000     0.00415256  -0.00000000
 -0.00014620   0.00000000     0.00000315  -0.00000000    -0.00010954   0.00000000
 -0.00435071  -0.00000000     0.00045212   0.00000000     0.00034113   0.00000000
   30   21
 -0.02547798   0.00000000     0.00142540   0.00000000     0.01378555   0.00000000
 -0.00142944   0.00000000    -0.00616662  -0.00000000     0.00072610  -0.00000000
  0.01634163   0.00000000    -0.00114494  -0.00000000    -0.00899736  -0.00000000
   30   22
 -0.00781527  -0.00000000    -0.00677625   0.00000000    -0.00470772   0.00000000
 -0.00331413  -0.00000000    -0.00420189  -0.00000000    -0.00161283   0.00000000
 -0.00528886  -0.00000000    -0.00345772   0.00000000    -0.00189967  -0.00000000
   30   23
 -0.00013863  -0.00000000    -0.00070711  -0.00000000    -0.00045061   0.00000000
 -0.00013602  -0.00000000     0.00006409   0.00000000    -0.00077530   0.00000000
  0.00065258   0.00000000    -0.00066870  -0.00000000    -0.00001172  -0.00000000
   30   24
 -0.00076583   0.00000000    -0.00049339  -0.00000000     0.00125958   0.00000000
  0.00023328   0.00000000     0.00044283   0.00000000     0.00000671  -0.00000000
  0.00186841   0.00000000    -0.00018222   0.00000000    -0.00112330  -0.00000000
   30   25
 -0.00022010  -0.00000000     0.00020388   0.00000000     0.00408021   0.00000000
 -0.00017149   0.00000000    -0.00020727  -0.00000000     0.00039732   0.00000000
 -0.00403554  -0.00000000    -0.00006066   0.00000000     0.00027135   0.00000000
   30   26
  0.02675914  -0.00000000     0.00134534   0.00000000     0.01606093   0.00000000
 -0.00100014  -0.00000000     0.00604477  -0.00000000    -0.00103198  -0.00000000
  0.01572039  -0.00000000     0.00126786   0.00000000     0.00987629   0.00000000
   30   27
 -0.00172218  -0.00000000     0.00016192  -0.00000000     0.00019031   0.00000000
 -0.00011338   0.00000000     0.00045098  -0.00000000    -0.00124923   0.00000000
 -0.00018013  -0.00000000     0.00071631  -0.00000000     0.00055379   0.00000000
   30   28
 -0.00125739  -0.00000000    -0.00008862   0.00000000    -0.00001771  -0.00000000
 -0.00008862   0.00000000    -0.00871465   0.00000000    -0.00044953  -0.00000000
  0.00001771   0.00000000     0.00044953   0.00000000     0.00125525   0.00000000
   30   29
  0.00061755  -0.00000000    -0.00027328   0.00000000     0.00049131   0.00000000
  0.00027328  -0.00000000    -0.00025170  -0.00000000    -0.00069613  -0.00000000
 -0.00049131   0.00000000    -0.00069613  -0.00000000    -0.00339838  -0.00000000
   30   30
  0.12783686  -0.00000000     0.00480130   0.00000000     0.00298652  -0.00000000
  0.00480130   0.00000000     0.20723082  -0.00000000     0.00251496   0.00000000
  0.00298652  -0.00000000     0.00251496   0.00000000     0.12655084   0.00000000
   30   31
 -0.00053658  -0.00000000    -0.00002444  -0.00000000     0.00003896   0.00000000
  0.00002444   0.00000000     0.00064320   0.00000000    -0.00049743  -0.00000000
  0.00003896   0.00000000     0.00049743   0.00000000     0.00032917  -0.00000000
   30   32
 -0.00196390  -0.00000000     0.00034642  -0.00000000    -0.00034714  -0.00000000
 -0.00029354   0.00000000     0.00343573  -0.00000000    -0.00293753   0.00000000
  0.00031809   0.00000000    -0.00808560  -0.00000000     0.01048734  -0.00000000
   30   33
  0.00256100  -0.00000000    -0.00099711  -0.00000000    -0.00050443  -0.00000000
  0.00099711   0.00000000    -0.00337419   0.00000000     0.00066259   0.00000000
 -0.00050443  -0.00000000    -0.00066259  -0.00000000     0.00285676   0.00000000
   30   34
  0.00057831   0.00000000    -0.00019131  -0.00000000     0.00006065  -0.00000000
 -0.00019131  -0.00000000     0.00043537  -0.00000000     0.00024041  -0.00000000
  0.00006065  -0.00000000     0.00024041  -0.00000000    -0.00015863   0.00000000
   30   35
 -0.00502078  -0.00000000     0.00030788   0.00000000     0.00054507   0.00000000
 -0.00030788   0.00000000     0.00011534   0.00000000     0.00194108   0.00000000
 -0.00054507  -0.00000000     0.00194108   0.00000000     0.00170369   0.00000000
   30   36
  0.00010703   0.00000000    -0.00030318  -0.00000000     0.00139500   0.00000000
 -0.00030318  -0.00000000    -0.00639169  -0.00000000    -0.00147536   0.00000000
 -0.00139500   0.00000000     0.00147536  -0.00000000    -0.03579359  -0.00000000
   31    1
 -0.01036480  -0.00000000     0.00938202  -0.00000000     0.00704952   0.00000000
  0.00929369   0.00000000    -0.00499566  -0.00000000    -0.00536403   0.00000000
  0.00696757  -0.00000000    -0.00551301  -0.00000000    -0.00200677  -0.00000000
   31    2
 -0.01054352  -0.00000000    -0.00941765   0.00000000    -0.00723706  -0.00000000
 -0.00917571   0.00000000    -0.00507053   0.00000000    -0.00543770   0.00000000
 -0.00710709  -0.00000000    -0.00535322   0.00000000    -0.00198441   0.00000000
   31    3
  0.00036856   0.00000000    -0.00000299   0.00000000    -0.00000482   0.00000000
 -0.00006775  -0.00000000     0.00023719  -0.00000000    -0.00037136  -0.00000000
  0.00003820  -0.00000000    -0.00014148  -0.00000000    -0.00010837  -0.00000000
   31    4
 -0.00209379  -0.00000000     0.00000637   0.00000000    -0.00002365   0.00000000
 -0.00003109   0.00000000     0.00499272  -0.00000000    -0.01066015   0.00000000
 -0.00005635   0.00000000    -0.01058553  -0.00000000     0.01419510  -0.00000000
   31    5
  0.01456943  -0.00000000     0.03959285  -0.00000000     0.00739355  -0.00000000
  0.03096022   0.00000000     0.04945786  -0.00000000     0.01644249  -0.00000000
  0.00994418   0.00000000     0.02327499  -0.00000000     0.00564205  -0.00000000
   31    6
  0.00116470   0.00000000    -0.00244749  -0.00000000     0.00116835  -0.00000000
  0.00009712  -0.00000000    -0.00145870  -0.00000000    -0.00184877  -0.00000000
 -0.00132444  -0.00000000    -0.00041463  -0.00000000     0.00206966   0.00000000
   31    7
 -0.00124388  -0.00000000     0.00042658  -0.00000000    -0.00175681   0.00000000
  0.00077782   0.00000000    -0.05421471   0.00000000     0.03785021  -0.00000000
 -0.00168519  -0.00000000     0.04953077   0.00000000    -0.02274787   0.00000000
   31    8
 -0.00134254  -0.00000000     0.00134844   0.00000000     0.00149109   0.00000000
 -0.00018407  -0.00000000    -0.00013148  -0.00000000    -0.00122940  -0.00000000
 -0.00180438  -0.00000000    -0.00097788   0.00000000     0.00019819   0.00000000
   31    9
 -0.00136107  -0.00000000    -0.00071525   0.00000000    -0.00258411   0.00000000
  0.00037653   0.00000000     0.00072153   0.00000000    -0.00027550  -0.00000000
  0.00096791  -0.00000000    -0.00110567  -0.00000000     0.00057385  -0.00000000
   31   10
  0.00185385   0.00000000    -0.00022579   0.00000000     0.00020604  -0.00000000
 -0.00013577  -0.00000000    -0.00189794  -0.00000000    -0.00032684  -0.00000000
  0.00074058   0.00000000     0.00190057   0.00000000    -0.00220512  -0.00000000
   31   11
 -0.00091837  -0.00000000    -0.00067496  -0.00000000     0.00096999  -0.00000000
  0.00090201  -0.00000000     0.00230401  -0.00000000     0.00249376   0.00000000
  0.00120009   0.00000000     0.00002720  -0.00000000     0.00023115   0.00000000
   31   12
  0.00296949   0.00000000     0.00168170   0.00000000     0.00150678   0.00000000
 -0.00033189  -0.00000000     0.00031669   0.00000000     0.00069999  -0.00000000
 -0.00068985  -0.00000000     0.00322184   0.00000000    -0.00007609  -0.00000000
   31   13
  0.00217906   0.00000000     0.00137601   0.00000000     0.00080658   0.00000000
  0.00098451  -0.00000000    -0.00289399  -0.00000000     0.00159240   0.00000000
 -0.00088018   0.00000000    -0.00042556   0.00000000    -0.00080985  -0.00000000
   31   14
  0.00116679   0.00000000    -0.00059347   0.00000000    -0.00228002  -0.00000000
  0.00018116   0.00000000    -0.00077943   0.00000000    -0.00007556   0.00000000
  0.00108436   0.00000000     0.00060848   0.00000000    -0.00126770  -0.00000000
   31   15
 -0.01803531   0.00000000     0.04280554   0.00000000     0.00848075  -0.00000000
  0.03595414   0.00000000    -0.05395104   0.00000000    -0.01818631   0.00000000
  0.01072865   0.00000000    -0.02413605   0.00000000    -0.00427186  -0.00000000
   31   16
 -0.00146640  -0.00000000     0.00155367  -0.00000000     0.00209485   0.00000000
  0.00101061   0.00000000     0.00245807   0.00000000    -0.00032112  -0.00000000
 -0.00084284  -0.00000000     0.00166149   0.00000000    -0.00167647  -0.00000000
   31   17
  0.00784655  -0.00000000     0.00665999  -0.00000000    -0.00464077   0.00000000
  0.00282101  -0.00000000     0.00358086  -0.00000000    -0.00111283   0.00000000
 -0.00601627   0.00000000    -0.00393186  -0.00000000     0.00147203  -0.00000000
   31   18
  0.00129883  -0.00000000     0.00038141  -0.00000000     0.00203085  -0.00000000
  0.00022951  -0.00000000    -0.00006559   0.00000000     0.00023166   0.00000000
  0.00215512   0.00000000     0.00021948  -0.00000000     0.00084296   0.00000000
   31   19
  0.00007603  -0.00000000     0.00047822   0.00000000    -0.00069789  -0.00000000
  0.00043712   0.00000000     0.00026987   0.00000000    -0.00080901  -0.00000000
  0.00052200  -0.00000000    -0.00071106  -0.00000000    -0.00015071   0.00000000
   31   20
 -0.02547798   0.00000000    -0.00142540  -0.00000000     0.01378555   0.00000000
  0.00142944  -0.00000000    -0.00616662  -0.00000000    -0.00072610   0.00000000
  0.01634163   0.00000000     0.00114494   0.00000000    -0.00899736  -0.00000000
   31   21
  0.00011841  -0.00000000    -0.00011073   0.00000000     0.00415256  -0.00000000
  0.00014620  -0.00000000     0.00000315  -0.00000000     0.00010954  -0.00000000
 -0.00435071  -0.00000000    -0.00045212  -0.00000000     0.00034113   0.00000000
   31   22
 -0.00781527  -0.00000000     0.00677625  -0.00000000    -0.00470772   0.00000000
  0.00331413   0.00000000    -0.00420189  -0.00000000     0.00161283  -0.00000000
 -0.00528886  -0.00000000     0.00345772  -0.00000000    -0.00189967  -0.00000000
   31   23
 -0.00076583   0.00000000     0.00049339   0.00000000     0.00125958   0.00000000
 -0.00023328  -0.00000000     0.00044283   0.00000000    -0.00000671   0.00000000
  0.00186841   0.00000000     0.00018222  -0.00000000    -0.00112330  -0.00000000
   31   24
 -0.00013863  -0.00000000     0.00070711   0.00000000    -0.00045061   0.00000000
  0.00013602   0.00000000     0.00006409   0.00000000     0.00077530  -0.00000000
  0.00065258   0.00000000     0.00066870   0.00000000    -0.00001172  -0.00000000
   31   25
  0.02675914  -0.00000000    -0.00134534  -0.00000000     0.01606093   0.00000000
  0.00100014   0.00000000     0.00604477  -0.00000000     0.00103198   0.00000000
  0.01572039  -0.00000000    -0.00126786  -0.00000000     0.00987629   0.00000000
   31   26
 -0.00022010  -0.00000000    -0.00020388  -0.00000000     0.00408021   0.00000000
  0.00017149  -0.00000000    -0.00020727  -0.00000000    -0.00039732  -0.00000000
 -0.00403554  -0.00000000     0.00006066  -0.00000000     0.00027135   0.00000000
   31   27
  0.00172218   0.00000000     0.00016192  -0.00000000    -0.00019031  -0.00000000
 -0.00011338   0.00000000    -0.00045098   0.00000000    -0.00124923   0.00000000
  0.00018013   0.00000000     0.00071631  -0.00000000    -0.00055379  -0.00000000
   31   28
  0.00061755  -0.00000000     0.00027328  -0.00000000     0.00049131   0.00000000
 -0.00027328   0.00000000    -0.00025170  -0.00000000     0.00069613   0.00000000
 -0.00049131   0.00000000     0.00069613   0.00000000    -0.00339838  -0.00000000
   31   29
 -0.00125739  -0.00000000     0.00008862  -0.00000000    -0.00001771  -0.00000000
  0.00008862  -0.00000000    -0.00871465   0.00000000     0.00044953   0.00000000
  0.00001771   0.00000000    -0.00044953  -0.00000000     0.00125525   0.00000000
   31   30
 -0.00053658  -0.00000000     0.00002444   0.00000000     0.00003896   0.00000000
 -0.00002444  -0.00000000     0.00064320   0.00000000     0.00049743   0.00000000
  0.00003896   0.00000000    -0.00049743  -0.00000000     0.00032917  -0.00000000
   31   31
  0.12783686  -0.00000000    -0.00480130  -0.00000000     0.00298652  -0.00000000
 -0.00480130  -0.00000000     0.20723082  -0.00000000    -0.00251496  -0.00000000
  0.00298652  -0.00000000    -0.00251496  -0.00000000     0.12655084   0.00000000
   31   32
  0.00196390   0.00000000     0.00034642  -0.00000000     0.00034714   0.00000000
 -0.00029354  -0.00000000    -0.00343573   0.00000000    -0.00293753   0.00000000
 -0.00031809  -0.00000000    -0.00808560  -0.00000000    -0.01048734   0.00000000
   31   33
  0.00057831   0.00000000     0.00019131   0.00000000     0.00006065  -0.00000000
  0.00019131   0.00000000     0.00043537  -0.00000000    -0.00024041   0.00000000
  0.00006065  -0.00000000    -0.00024041   0.00000000    -0.00015863   0.00000000
   31   34
  0.00256100  -0.00000000     0.00099711   0.00000000    -0.00050443  -0.00000000
 -0.00099711  -0.00000000    -0.00337419   0.00000000    -0.00066259  -0.00000000
 -0.00050443  -0.00000000     0.00066259   0.00000000     0.00285676   0.00000000
   31   35
  0.00010703   0.00000000     0.00030318   0.00000000     0.00139500   0.00000000
  0.00030318   0.00000000    -0.00639169  -0.00000000     0.00147536  -0.00000000
 -0.00139500   0.00000000    -0.00147536   0.00000000    -0.03579359  -0.00000000
   31   36
 -0.00502078  -0.00000000    -0.00030788  -0.00000000     0.00054507   0.00000000
  0.00030788  -0.00000000     0.00011534   0.00000000    -0.00194108  -0.00000000
 -0.00054507  -0.00000000    -0.00194108  -0.00000000     0.00170369   0.00000000
   32    1
  0.00000000  -0.00000000     0.00026843  -0.00000000    -0.00000000  -0.00000000
 -0.00000591   0.00000000    -0.00000000  -0.00000000    -0.00011354  -0.00000000
 -0.00000000  -0.00000000     0.00001735   0.00000000    -0.00000000   0.00000000
   32    2
 -0.00000000  -0.00000000    -0.00026843   0.00000000     0.00000000  -0.00000000
  0.00000591  -0.00000000     0.00000000  -0.00000000     0.00011354   0.00000000
 -0.00000000  -0.00000000    -0.00001735  -0.00000000     0.00000000   0.00000000
   32    3
  0.00030571  -0.00000000     0.00000000   0.00000000     0.00025569   0.00000000
 -0.00000000  -0.00000000    -0.00501145  -0.00000000    -0.00000000   0.00000000
 -0.00004269  -0.00000000     0.00000000   0.00000000     0.00137062   0.00000000
   32    4
 -0.00030571   0.00000000    -0.00000000  -0.00000000    -0.00025569  -0.00000000
  0.00000000  -0.00000000     0.00501145  -0.00000000     0.00000000  -0.00000000
  0.00004269   0.00000000     0.00000000   0.00000000    -0.00137062  -0.00000000
   32    5
  0.01678232   0.00000000     0.00000000  -0.00000000    -0.03507880  -0.00000000
 -0.00000000  -0.00000000     0.00139950   0.00000000    -0.00000000  -0.00000000
 -0.03295692   0.00000000     0.00000000  -0.00000000     0.05438158   0.00000000
   32    6
 -0.00209098  -0.00000000    -0.00000000  -0.00000000    -0.00122263  -0.00000000
 -0.00000000  -0.00000000     0.00016571   0.00000000     0.00000000   0.00000000
  0.00184159   0.00000000     0.00000000   0.00000000     0.00025246   0.00000000
   32    7
  0.00008039   0.00000000     0.00000000   0.00000000     0.00119022   0.00000000
 -0.00000000  -0.00000000    -0.00075951  -0.00000000    -0.00000000  -0.00000000
  0.00059079  -0.00000000     0.00000000   0.00000000    -0.00024746  -0.00000000
   32    8
 -0.00150837  -0.00000000    -0.00000000   0.00000000     0.00359993   0.00000000
 -0.00000000   0.00000000    -0.00068558   0.00000000     0.00000000  -0.00000000
 -0.00077348  -0.00000000     0.00000000   0.00000000     0.00052549   0.00000000
   32    9
  0.01714070   0.00000000     0.00000000   0.00000000     0.03055842   0.00000000
 -0.00000000   0.00000000     0.00396710   0.00000000     0.00000000   0.00000000
  0.02881189  -0.00000000     0.00000000  -0.00000000     0.04844154  -0.00000000
   32   10
 -0.00008039  -0.00000000    -0.00000000  -0.00000000    -0.00119022  -0.00000000
  0.00000000  -0.00000000     0.00075951   0.00000000     0.00000000  -0.00000000
 -0.00059079   0.00000000     0.00000000   0.00000000     0.00024746   0.00000000
   32   11
  0.00150837   0.00000000     0.00000000   0.00000000    -0.00359993  -0.00000000
 -0.00000000  -0.00000000     0.00068558   0.00000000    -0.00000000  -0.00000000
  0.00077348   0.00000000     0.00000000  -0.00000000    -0.00052549   0.00000000
   32   12
  0.00209098   0.00000000     0.00000000   0.00000000     0.00122263   0.00000000
  0.00000000   0.00000000    -0.00016571  -0.00000000     0.00000000   0.00000000
 -0.00184159  -0.00000000     0.00000000   0.00000000    -0.00025246  -0.00000000
   32   13
  0.07182521  -0.00000000     0.00000000   0.00000000     0.00065649   0.00000000
 -0.00000000   0.00000000     0.00012599  -0.00000000    -0.00000000  -0.00000000
  0.00071989   0.00000000    -0.00000000  -0.00000000    -0.00438417  -0.00000000
   32   14
 -0.01678232  -0.00000000     0.00000000   0.00000000     0.03507880   0.00000000
  0.00000000   0.00000000    -0.00139950  -0.00000000     0.00000000  -0.00000000
  0.03295692   0.00000000    -0.00000000   0.00000000    -0.05438158  -0.00000000
   32   15
 -0.01714070  -0.00000000    -0.00000000   0.00000000    -0.03055842  -0.00000000
  0.00000000   0.00000000    -0.00396710  -0.00000000     0.00000000  -0.00000000
 -0.02881189   0.00000000     0.00000000   0.00000000    -0.04844154   0.00000000
   32   16
 -0.07182521   0.00000000     0.00000000   0.00000000    -0.00065649  -0.00000000
 -0.00000000  -0.00000000    -0.00012599   0.00000000    -0.00000000   0.00000000
 -0.00071989  -0.00000000    -0.00000000   0.00000000     0.00438417   0.00000000
   32   17
  0.00000000   0.00000000     0.00000000   0.00000000    -0.00000000  -0.00000000
  0.00000000   0.00000000    -0.00000000  -0.00000000     0.00000000   0.00000000
  0.00000000  -0.00000000     0.00000000   0.00000000     0.00000000  -0.00000000
   32   18
  0.00821596  -0.00000000     0.00326551   0.00000000    -0.00585247  -0.00000000
  0.00697195   0.00000000     0.00393236   0.00000000    -0.00361841   0.00000000
 -0.00501773   0.00000000    -0.00157349   0.00000000     0.00210372   0.00000000
   32   19
 -0.00821596   0.00000000     0.00326551   0.00000000     0.00585247   0.00000000
  0.00697195   0.00000000    -0.00393236  -0.00000000    -0.00361841   0.00000000
  0.00501773  -0.00000000    -0.00157349   0.00000000    -0.00210372  -0.00000000
   32   20
 -0.00756462  -0.00000000    -0.00237276  -0.00000000    -0.00508603  -0.00000000
 -0.00687373   0.00000000    -0.00363955  -0.00000000    -0.00328618   0.00000000
 -0.00547694   0.00000000    -0.00151085  -0.00000000    -0.00187127  -0.00000000
   32   21
  0.00756462   0.00000000    -0.00237276  -0.00000000     0.00508603   0.00000000
 -0.00687373   0.00000000     0.00363955   0.00000000    -0.00328618   0.00000000
  0.00547694  -0.00000000    -0.00151085   0.00000000     0.00187127   0.00000000
   32   22
  0.00000000  -0.00000000     0.00000000   0.00000000     0.00000000   0.00000000
  0.00000000   0.00000000     0.00000000   0.00000000     0.00000000   0.00000000
  0.00000000   0.00000000     0.00000000   0.00000000    -0.00000000  -0.00000000
   32   23
 -0.00756462  -0.00000000     0.00237276   0.00000000    -0.00508603  -0.00000000
  0.00687373  -0.00000000    -0.00363955  -0.00000000     0.00328618  -0.00000000
 -0.00547694   0.00000000     0.00151085   0.00000000    -0.00187127  -0.00000000
   32   24
  0.00756462   0.00000000     0.00237276   0.00000000     0.00508603   0.00000000
  0.00687373  -0.00000000     0.00363955   0.00000000     0.00328618  -0.00000000
  0.00547694  -0.00000000     0.00151085  -0.00000000     0.00187127   0.00000000
   32   25
  0.00821596  -0.00000000    -0.00326551  -0.00000000    -0.00585247  -0.00000000
 -0.00697195  -0.00000000     0.00393236   0.00000000     0.00361841  -0.00000000
 -0.00501773   0.00000000     0.00157349  -0.00000000     0.00210372   0.00000000
   32   26
 -0.00821596   0.00000000    -0.00326551  -0.00000000     0.00585247   0.00000000
 -0.00697195  -0.00000000    -0.00393236  -0.00000000     0.00361841  -0.00000000
  0.00501773  -0.00000000     0.00157349  -0.00000000    -0.00210372  -0.00000000
   32   27
 -0.00350658   0.00000000     0.00000000   0.00000000    -0.00092922  -0.00000000
  0.00000000   0.00000000     0.00228831   0.00000000     0.00000000   0.00000000
  0.00092922   0.00000000     0.00000000   0.00000000    -0.00255390  -0.00000000
   32   28
 -0.00172218  -0.00000000    -0.00011338  -0.00000000     0.00018013   0.00000000
  0.00016192   0.00000000     0.00045098   0.00000000    -0.00071631  -0.00000000
 -0.00019031   0.00000000     0.00124923   0.00000000     0.00055379  -0.00000000
   32   29
  0.00172218   0.00000000    -0.00011338  -0.00000000    -0.00018013  -0.00000000
  0.00016192   0.00000000    -0.00045098  -0.00000000    -0.00071631  -0.00000000
  0.00019031  -0.00000000     0.00124923   0.00000000    -0.00055379   0.00000000
   32   30
 -0.00196390  -0.00000000    -0.00029354   0.00000000     0.00031809   0.00000000
  0.00034642  -0.00000000     0.00343573  -0.00000000    -0.00808560  -0.00000000
 -0.00034714  -0.00000000    -0.00293753   0.00000000     0.01048734  -0.00000000
   32   31
  0.00196390   0.00000000    -0.00029354  -0.00000000    -0.00031809  -0.00000000
  0.00034642  -0.00000000    -0.00343573   0.00000000    -0.00808560  -0.00000000
  0.00034714   0.00000000    -0.00293753   0.00000000    -0.01048734   0.00000000
   32   32
  0.26866019   0.00000000     0.00000000   0.00000000    -0.01095316   0.00000000
  0.00000000   0.00000000     0.06728579   0.00000000    -0.00000000   0.00000000
 -0.01095316   0.00000000    -0.00000000   0.00000000     0.25881098  -0.00000000
   32   33
 -0.00196390  -0.00000000     0.00029354  -0.00000000     0.00031809   0.00000000
 -0.00034642   0.00000000     0.00343573  -0.00000000     0.00808560   0.00000000
 -0.00034714  -0.00000000     0.00293753  -0.00000000     0.01048734  -0.00000000
   32   34
  0.00196390   0.00000000     0.00029354   0.00000000    -0.00031809  -0.00000000
 -0.00034642   0.00000000    -0.00343573   0.00000000     0.00808560   0.00000000
  0.00034714   0.00000000     0.00293753  -0.00000000    -0.01048734   0.00000000
   32   35
 -0.00172218  -0.00000000     0.00011338   0.00000000     0.00018013   0.00000000
 -0.00016192  -0.00000000     0.00045098   0.00000000     0.00071631   0.00000000
 -0.00019031   0.00000000    -0.00124923  -0.00000000     0.00055379  -0.00000000
   32   36
  0.00172218   0.00000000     0.00011338   0.00000000    -0.00018013  -0.00000000
 -0.00016192  -0.00000000    -0.00045098  -0.00000000     0.00071631   0.00000000
  0.00019031  -0.00000000    -0.00124923  -0.00000000    -0.00055379   0.00000000
   33    1
 -0.01054352  -0.00000000    -0.00941765   0.00000000    -0.00723706  -0.00000000
 -0.00917571   0.00000000    -0.00507053   0.00000000    -0.00543770   0.00000000
 -0.00710709  -0.00000000    -0.00535322   0.00000000    -0.00198441   0.00000000
   33    2
 -0.01036480  -0.00000000     0.00938202  -0.00000000     0.00704952   0.00000000
  0.00929369   0.00000000    -0.00499566  -0.00000000    -0.00536403   0.00000000
  0.00696757  -0.00000000    -0.00551301  -0.00000000    -0.00200677  -0.00000000
   33    3
 -0.00209379  -0.00000000     0.00000637   0.00000000    -0.00002365   0.00000000
 -0.00003109   0.00000000     0.00499272  -0.00000000    -0.01066015   0.00000000
 -0.00005635   0.00000000    -0.01058553  -0.00000000     0.01419510  -0.00000000
   33    4
  0.00036856   0.00000000    -0.00000299   0.00000000    -0.00000482   0.00000000
 -0.00006775  -0.00000000     0.00023719  -0.00000000    -0.00037136  -0.00000000
  0.00003820  -0.00000000    -0.00014148  -0.00000000    -0.00010837  -0.00000000
   33    5
  0.00116679   0.00000000    -0.00059347   0.00000000    -0.00228002  -0.00000000
  0.00018116   0.00000000    -0.00077943   0.00000000    -0.00007556   0.00000000
  0.00108436   0.00000000     0.00060848   0.00000000    -0.00126770  -0.00000000
   33    6
  0.00296949   0.00000000     0.00168170   0.00000000     0.00150678   0.00000000
 -0.00033189  -0.00000000     0.00031669   0.00000000     0.00069999  -0.00000000
 -0.00068985  -0.00000000     0.00322184   0.00000000    -0.00007609  -0.00000000
   33    7
  0.00185385   0.00000000    -0.00022579   0.00000000     0.00020604  -0.00000000
 -0.00013577  -0.00000000    -0.00189794  -0.00000000    -0.00032684  -0.00000000
  0.00074058   0.00000000     0.00190057   0.00000000    -0.00220512  -0.00000000
   33    8
 -0.00091837  -0.00000000    -0.00067496  -0.00000000     0.00096999  -0.00000000
  0.00090201  -0.00000000     0.00230401  -0.00000000     0.00249376   0.00000000
  0.00120009   0.00000000     0.00002720  -0.00000000     0.00023115   0.00000000
   33    9
 -0.01803531   0.00000000     0.04280554   0.00000000     0.00848075  -0.00000000
  0.03595414   0.00000000    -0.05395104   0.00000000    -0.01818631   0.00000000
  0.01072865   0.00000000    -0.02413605   0.00000000    -0.00427186  -0.00000000
   33   10
 -0.00124388  -0.00000000     0.00042658  -0.00000000    -0.00175681   0.00000000
  0.00077782   0.00000000    -0.05421471   0.00000000     0.03785021  -0.00000000
 -0.00168519  -0.00000000     0.04953077   0.00000000    -0.02274787   0.00000000
   33   11
 -0.00134254  -0.00000000     0.00134844   0.00000000     0.00149109   0.00000000
 -0.00018407  -0.00000000    -0.00013148  -0.00000000    -0.00122940  -0.00000000
 -0.00180438  -0.00000000    -0.00097788   0.00000000     0.00019819   0.00000000
   33   12
  0.00116470   0.00000000    -0.00244749  -0.00000000     0.00116835  -0.00000000
  0.00009712  -0.00000000    -0.00145870  -0.00000000    -0.00184877  -0.00000000
 -0.00132444  -0.00000000    -0.00041463  -0.00000000     0.00206966   0.00000000
   33   13
 -0.00146640  -0.00000000     0.00155367  -0.00000000     0.00209485   0.00000000
  0.00101061   0.00000000     0.00245807   0.00000000    -0.00032112  -0.00000000
 -0.00084284  -0.00000000     0.00166149   0.00000000    -0.00167647  -0.00000000
   33   14
  0.01456943  -0.00000000     0.03959285  -0.00000000     0.00739355  -0.00000000
  0.03096022   0.00000000     0.04945786  -0.00000000     0.01644249  -0.00000000
  0.00994418   0.00000000     0.02327499  -0.00000000     0.00564205  -0.00000000
   33   15
 -0.00136107  -0.00000000    -0.00071525   0.00000000    -0.00258411   0.00000000
  0.00037653   0.00000000     0.00072153   0.00000000    -0.00027550  -0.00000000
  0.00096791  -0.00000000    -0.00110567  -0.00000000     0.00057385  -0.00000000
   33   16
  0.00217906   0.00000000     0.00137601   0.00000000     0.00080658   0.00000000
  0.00098451  -0.00000000    -0.00289399  -0.00000000     0.00159240   0.00000000
 -0.00088018   0.00000000    -0.00042556   0.00000000    -0.00080985  -0.00000000
   33   17
  0.00784655  -0.00000000     0.00665999   0.00000000    -0.00464077  -0.00000000
  0.00282101  -0.00000000     0.00358086   0.00000000    -0.00111283  -0.00000000
 -0.00601627   0.00000000    -0.00393186   0.00000000     0.00147203  -0.00000000
   33   18
 -0.00022010  -0.00000000    -0.00020388  -0.00000000     0.00408021   0.00000000
  0.00017149  -0.00000000    -0.00020727  -0.00000000    -0.00039732  -0.00000000
 -0.00403554  -0.00000000     0.00006066  -0.00000000     0.00027135   0.00000000
   33   19
  0.02675914  -0.00000000    -0.00134534  -0.00000000     0.01606093   0.00000000
  0.00100014   0.00000000     0.00604477  -0.00000000     0.00103198   0.00000000
  0.01572039  -0.00000000    -0.00126786  -0.00000000     0.00987629   0.00000000
   33   20
 -0.00013863  -0.00000000     0.00070711   0.00000000    -0.00045061   0.00000000
  0.00013602   0.00000000     0.00006409   0.00000000     0.00077530  -0.00000000
  0.00065258   0.00000000     0.00066870   0.00000000    -0.00001172  -0.00000000
   33   21
 -0.00076583   0.00000000     0.00049339   0.00000000     0.00125958   0.00000000
 -0.00023328  -0.00000000     0.00044283   0.00000000    -0.00000671   0.00000000
  0.00186841   0.00000000     0.00018222  -0.00000000    -0.00112330  -0.00000000
   33   22
 -0.00781527  -0.00000000     0.00677625  -0.00000000    -0.00470772   0.00000000
  0.00331413   0.00000000    -0.00420189  -0.00000000     0.00161283  -0.00000000
 -0.00528886  -0.00000000     0.00345772  -0.00000000    -0.00189967  -0.00000000
   33   23
  0.00011841  -0.00000000    -0.00011073   0.00000000     0.00415256  -0.00000000
  0.00014620  -0.00000000     0.00000315  -0.00000000     0.00010954  -0.00000000
 -0.00435071  -0.00000000    -0.00045212  -0.00000000     0.00034113   0.00000000
   33   24
 -0.02547798   0.00000000    -0.00142540  -0.00000000     0.01378555   0.00000000
  0.00142944  -0.00000000    -0.00616662  -0.00000000    -0.00072610   0.00000000
  0.01634163   0.00000000     0.00114494   0.00000000    -0.00899736  -0.00000000
   33   25
  0.00007603  -0.00000000     0.00047822   0.00000000    -0.00069789  -0.00000000
  0.00043712   0.00000000     0.00026987   0.00000000    -0.00080901  -0.00000000
  0.00052200  -0.00000000    -0.00071106  -0.00000000    -0.00015071   0.00000000
   33   26
  0.00129883  -0.00000000     0.00038141  -0.00000000     0.00203085  -0.00000000
  0.00022951  -0.00000000    -0.00006559   0.00000000     0.00023166   0.00000000
  0.00215512   0.00000000     0.00021948  -0.00000000     0.00084296   0.00000000
   33   27
 -0.00172218   0.00000000    -0.00016192  -0.00000000     0.00019031   0.00000000
  0.00011338   0.00000000     0.00045098   0.00000000     0.00124923  -0.00000000
 -0.00018013   0.00000000    -0.00071631  -0.00000000     0.00055379  -0.00000000
   33   28
 -0.00502078  -0.00000000    -0.00030788  -0.00000000     0.00054507   0.00000000
  0.00030788  -0.00000000     0.00011534   0.00000000    -0.00194108  -0.00000000
 -0.00054507  -0.00000000    -0.00194108  -0.00000000     0.00170369   0.00000000
   33   29
  0.00010703   0.00000000     0.00030318   0.00000000     0.00139500   0.00000000
  0.00030318   0.00000000    -0.00639169  -0.00000000     0.00147536  -0.00000000
 -0.00139500   0.00000000    -0.00147536   0.00000000    -0.03579359  -0.00000000
   33   30
  0.00256100  -0.00000000     0.00099711   0.00000000    -0.00050443  -0.00000000
 -0.00099711  -0.00000000    -0.00337419   0.00000000    -0.00066259  -0.00000000
 -0.00050443  -0.00000000     0.00066259   0.00000000     0.00285676   0.00000000
   33   31
  0.00057831   0.00000000     0.00019131   0.00000000     0.00006065  -0.00000000
  0.00019131   0.00000000     0.00043537  -0.00000000    -0.00024041   0.00000000
  0.00006065  -0.00000000    -0.00024041   0.00000000    -0.00015863   0.00000000
   33   32
 -0.00196390  -0.00000000    -0.00034642   0.00000000    -0.00034714  -0.00000000
  0.00029354  -0.00000000     0.00343573  -0.00000000     0.00293753  -0.00000000
  0.00031809   0.00000000     0.00808560   0.00000000     0.01048734  -0.00000000
   33   33
  0.12783686  -0.00000000    -0.00480130  -0.00000000     0.00298652  -0.00000000
 -0.00480130  -0.00000000     0.20723082  -0.00000000    -0.00251496  -0.00000000
  0.00298652  -0.00000000    -0.00251496  -0.00000000     0.12655084   0.00000000
   33   34
 -0.00053658  -0.00000000     0.00002444   0.00000000     0.00003896   0.00000000
 -0.00002444  -0.00000000     0.00064320   0.00000000     0.00049743   0.00000000
  0.00003896   0.00000000    -0.00049743  -0.00000000     0.00032917  -0.00000000
   33   35
 -0.00125739  -0.00000000     0.00008862  -0.00000000    -0.00001771  -0.00000000
  0.00008862  -0.00000000    -0.00871465   0.00000000     0.00044953   0.00000000
  0.00001771   0.00000000    -0.00044953  -0.00000000     0.00125525   0.00000000
   33   36
  0.00061755  -0.00000000     0.00027328  -0.00000000     0.00049131   0.00000000
 -0.00027328   0.00000000    -0.00025170  -0.00000000     0.00069613   0.00000000
 -0.00049131   0.00000000     0.00069613   0.00000000    -0.00339838  -0.00000000
   34    1
 -0.01054352  -0.00000000     0.00941765  -0.00000000    -0.00723706  -0.00000000
  0.00917571  -0.00000000    -0.00507053   0.00000000     0.00543770  -0.00000000
 -0.00710709  -0.00000000     0.00535322  -0.00000000    -0.00198441   0.00000000
   34    2
 -0.01036480  -0.00000000    -0.00938202   0.00000000     0.00704952   0.00000000
 -0.00929369  -0.00000000    -0.00499566  -0.00000000     0.00536403  -0.00000000
  0.00696757  -0.00000000     0.00551301   0.00000000    -0.00200677  -0.00000000
   34    3
  0.00209379   0.00000000     0.00000637   0.00000000     0.00002365  -0.00000000
 -0.00003109   0.00000000    -0.00499272   0.00000000    -0.01066015   0.00000000
  0.00005635  -0.00000000    -0.01058553  -0.00000000    -0.01419510   0.00000000
   34    4
 -0.00036856  -0.00000000    -0.00000299   0.00000000     0.00000482  -0.00000000
 -0.00006775  -0.00000000    -0.00023719   0.00000000    -0.00037136  -0.00000000
 -0.00003820   0.00000000    -0.00014148  -0.00000000     0.00010837   0.00000000
   34    5
  0.01456943  -0.00000000    -0.03959285   0.00000000     0.00739355  -0.00000000
 -0.03096022  -0.00000000     0.04945786  -0.00000000    -0.01644249   0.00000000
  0.00994418   0.00000000    -0.02327499   0.00000000     0.00564205  -0.00000000
   34    6
  0.00116470   0.00000000     0.00244749   0.00000000     0.00116835  -0.00000000
 -0.00009712   0.00000000    -0.00145870  -0.00000000     0.00184877   0.00000000
 -0.00132444  -0.00000000     0.00041463   0.00000000     0.00206966   0.00000000
   34    7
 -0.00124388  -0.00000000    -0.00042658   0.00000000    -0.00175681   0.00000000
 -0.00077782  -0.00000000    -0.05421471   0.00000000    -0.03785021   0.00000000
 -0.00168519  -0.00000000    -0.04953077  -0.00000000    -0.02274787   0.00000000
   34    8
 -0.00134254  -0.00000000    -0.00134844  -0.00000000     0.00149109   0.00000000
  0.00018407   0.00000000    -0.00013148  -0.00000000     0.00122940   0.00000000
 -0.00180438  -0.00000000     0.00097788  -0.00000000     0.00019819   0.00000000
   34    9
 -0.00136107  -0.00000000     0.00071525  -0.00000000    -0.00258411   0.00000000
 -0.00037653  -0.00000000     0.00072153   0.00000000     0.00027550   0.00000000
  0.00096791  -0.00000000     0.00110567   0.00000000     0.00057385  -0.00000000
   34   10
  0.00185385   0.00000000     0.00022579  -0.00000000     0.00020604  -0.00000000
  0.00013577   0.00000000    -0.00189794  -0.00000000     0.00032684   0.00000000
  0.00074058   0.00000000    -0.00190057  -0.00000000    -0.00220512  -0.00000000
   34   11
 -0.00091837  -0.00000000     0.00067496   0.00000000     0.00096999  -0.00000000
 -0.00090201   0.00000000     0.00230401  -0.00000000    -0.00249376  -0.00000000
  0.00120009   0.00000000    -0.00002720   0.00000000     0.00023115   0.00000000
   34   12
  0.00296949   0.00000000    -0.00168170  -0.00000000     0.00150678   0.00000000
  0.00033189   0.00000000     0.00031669   0.00000000    -0.00069999   0.00000000
 -0.00068985  -0.00000000    -0.00322184  -0.00000000    -0.00007609  -0.00000000
   34   13
  0.00217906   0.00000000    -0.00137601  -0.00000000     0.00080658   0.00000000
 -0.00098451   0.00000000    -0.00289399  -0.00000000    -0.00159240  -0.00000000
 -0.00088018   0.00000000     0.00042556  -0.00000000    -0.00080985  -0.00000000
   34   14
  0.00116679   0.00000000     0.00059347  -0.00000000    -0.00228002  -0.00000000
 -0.00018116  -0.00000000    -0.00077943   0.00000000     0.00007556  -0.00000000
  0.00108436   0.00000000    -0.00060848  -0.00000000    -0.00126770  -0.00000000
   34   15
 -0.01803531   0.00000000    -0.04280554  -0.00000000     0.00848075  -0.00000000
 -0.03595414  -0.00000000    -0.05395104   0.00000000     0.01818631  -0.00000000
  0.01072865   0.00000000     0.02413605  -0.00000000    -0.00427186  -0.00000000
   34   16
 -0.00146640  -0.00000000    -0.00155367   0.00000000     0.00209485   0.00000000
 -0.00101061  -0.00000000     0.00245807   0.00000000     0.00032112   0.00000000
 -0.00084284  -0.00000000    -0.00166149  -0.00000000    -0.00167647  -0.00000000
   34   17
  0.00784655  -0.00000000    -0.00665999  -0.00000000    -0.00464077  -0.00000000
 -0.00282101   0.00000000     0.00358086   0.00000000     0.00111283   0.00000000
 -0.00601627   0.00000000     0.00393186  -0.00000000     0.00147203  -0.00000000
   34   18
  0.02675914  -0.00000000     0.00134534   0.00000000     0.01606093   0.00000000
 -0.00100014  -0.00000000     0.00604477  -0.00000000    -0.00103198  -0.00000000
  0.01572039  -0.00000000     0.00126786   0.00000000     0.00987629   0.00000000
   34   19
 -0.00022010  -0.00000000     0.00020388   0.00000000     0.00408021   0.00000000
 -0.00017149   0.00000000    -0.00020727  -0.00000000     0.00039732   0.00000000
 -0.00403554  -0.00000000    -0.00006066   0.00000000     0.00027135   0.00000000
   34   20
 -0.00076583   0.00000000    -0.00049339  -0.00000000     0.00125958   0.00000000
  0.00023328   0.00000000     0.00044283   0.00000000     0.00000671  -0.00000000
  0.00186841   0.00000000    -0.00018222   0.00000000    -0.00112330  -0.00000000
   34   21
 -0.00013863  -0.00000000    -0.00070711  -0.00000000    -0.00045061   0.00000000
 -0.00013602  -0.00000000     0.00006409   0.00000000    -0.00077530   0.00000000
  0.00065258   0.00000000    -0.00066870  -0.00000000    -0.00001172  -0.00000000
   34   22
 -0.00781527  -0.00000000    -0.00677625   0.00000000    -0.00470772   0.00000000
 -0.00331413  -0.00000000    -0.00420189  -0.00000000    -0.00161283   0.00000000
 -0.00528886  -0.00000000    -0.00345772   0.00000000    -0.00189967  -0.00000000
   34   23
 -0.02547798   0.00000000     0.00142540   0.00000000     0.01378555   0.00000000
 -0.00142944   0.00000000    -0.00616662  -0.00000000     0.00072610  -0.00000000
  0.01634163   0.00000000    -0.00114494  -0.00000000    -0.00899736  -0.00000000
   34   24
  0.00011841  -0.00000000     0.00011073  -0.00000000     0.00415256  -0.00000000
 -0.00014620   0.00000000     0.00000315  -0.00000000    -0.00010954   0.00000000
 -0.00435071  -0.00000000     0.00045212   0.00000000     0.00034113   0.00000000
   34   25
  0.00129883  -0.00000000    -0.00038141   0.00000000     0.00203085  -0.00000000
 -0.00022951   0.00000000    -0.00006559   0.00000000    -0.00023166  -0.00000000
  0.00215512   0.00000000    -0.00021948   0.00000000     0.00084296   0.00000000
   34   26
  0.00007603  -0.00000000    -0.00047822  -0.00000000    -0.00069789  -0.00000000
 -0.00043712  -0.00000000     0.00026987   0.00000000     0.00080901   0.00000000
  0.00052200  -0.00000000     0.00071106   0.00000000    -0.00015071   0.00000000
   34   27
  0.00172218  -0.00000000    -0.00016192  -0.00000000    -0.00019031   0.00000000
  0.00011338   0.00000000    -0.00045098  -0.00000000     0.00124923  -0.00000000
  0.00018013  -0.00000000    -0.00071631  -0.00000000    -0.00055379   0.00000000
   34   28
  0.00010703   0.00000000    -0.00030318  -0.00000000     0.00139500   0.00000000
 -0.00030318  -0.00000000    -0.00639169  -0.00000000    -0.00147536   0.00000000
 -0.00139500   0.00000000     0.00147536  -0.00000000    -0.03579359  -0.00000000
   34   29
 -0.00502078  -0.00000000     0.00030788   0.00000000     0.00054507   0.00000000
 -0.00030788   0.00000000     0.00011534   0.00000000     0.00194108   0.00000000
 -0.00054507  -0.00000000     0.00194108   0.00000000     0.00170369   0.00000000
   34   30
  0.00057831   0.00000000    -0.00019131  -0.00000000     0.00006065  -0.00000000
 -0.00019131  -0.00000000     0.00043537  -0.00000000     0.00024041  -0.00000000
  0.00006065  -0.00000000     0.00024041  -0.00000000    -0.00015863   0.00000000
   34   31
  0.00256100  -0.00000000    -0.00099711  -0.00000000    -0.00050443  -0.00000000
  0.00099711   0.00000000    -0.00337419   0.00000000     0.00066259   0.00000000
 -0.00050443  -0.00000000    -0.00066259  -0.00000000     0.00285676   0.00000000
   34   32
  0.00196390   0.00000000    -0.00034642   0.00000000     0.00034714   0.00000000
  0.00029354   0.00000000    -0.00343573   0.00000000     0.00293753  -0.00000000
 -0.00031809  -0.00000000     0.00808560   0.00000000    -0.01048734   0.00000000
   34   33
 -0.00053658  -0.00000000    -0.00002444  -0.00000000     0.00003896   0.00000000
  0.00002444   0.00000000     0.00064320   0.00000000    -0.00049743  -0.00000000
  0.00003896   0.00000000     0.00049743   0.00000000     0.00032917  -0.00000000
   34   34
  0.12783686  -0.00000000     0.00480130   0.00000000     0.00298652  -0.00000000
  0.00480130   0.00000000     0.20723082  -0.00000000     0.00251496   0.00000000
  0.00298652  -0.00000000     0.00251496   0.00000000     0.12655084   0.00000000
   34   35
  0.00061755  -0.00000000    -0.00027328   0.00000000     0.00049131   0.00000000
  0.00027328  -0.00000000    -0.00025170  -0.00000000    -0.00069613  -0.00000000
 -0.00049131   0.00000000    -0.00069613  -0.00000000    -0.00339838  -0.00000000
   34   36
 -0.00125739  -0.00000000    -0.00008862   0.00000000    -0.00001771  -0.00000000
 -0.00008862   0.00000000    -0.00871465   0.00000000    -0.00044953  -0.00000000
  0.00001771   0.00000000     0.00044953   0.00000000     0.00125525   0.00000000
   35    1
 -0.01036480  -0.00000000     0.00938202   0.00000000    -0.00704952  -0.00000000
  0.00929369  -0.00000000    -0.00499566  -0.00000000     0.00536403  -0.00000000
 -0.00696757   0.00000000     0.00551301   0.00000000    -0.00200677   0.00000000
   35    2
 -0.01054352  -0.00000000    -0.00941765   0.00000000     0.00723706  -0.00000000
 -0.00917571   0.00000000    -0.00507053   0.00000000     0.00543770  -0.00000000
  0.00710709  -0.00000000     0.00535322   0.00000000    -0.00198441   0.00000000
   35    3
 -0.00209379  -0.00000000     0.00000637   0.00000000     0.00002365  -0.00000000
 -0.00003109  -0.00000000     0.00499272  -0.00000000     0.01066015  -0.00000000
  0.00005635  -0.00000000     0.01058553  -0.00000000     0.01419510  -0.00000000
   35    4
  0.00036856   0.00000000    -0.00000299  -0.00000000     0.00000482  -0.00000000
 -0.00006775  -0.00000000     0.00023719   0.00000000     0.00037136   0.00000000
 -0.00003820  -0.00000000     0.00014148   0.00000000    -0.00010837   0.00000000
   35    5
  0.00116470  -0.00000000    -0.00244749  -0.00000000    -0.00116835  -0.00000000
  0.00009712   0.00000000    -0.00145870   0.00000000     0.00184877   0.00000000
  0.00132444  -0.00000000     0.00041463  -0.00000000     0.00206966  -0.00000000
   35    6
  0.01456943   0.00000000     0.03959285   0.00000000    -0.00739355  -0.00000000
  0.03096022   0.00000000     0.04945786   0.00000000    -0.01644249  -0.00000000
 -0.00994418  -0.00000000    -0.02327499  -0.00000000     0.00564205   0.00000000
   35    7
 -0.00124388  -0.00000000     0.00042658  -0.00000000     0.00175681   0.00000000
  0.00077782  -0.00000000    -0.05421471  -0.00000000    -0.03785021   0.00000000
  0.00168519  -0.00000000    -0.04953077  -0.00000000    -0.02274787  -0.00000000
   35    8
 -0.00136107  -0.00000000    -0.00071525  -0.00000000     0.00258411   0.00000000
  0.00037653  -0.00000000     0.00072153   0.00000000     0.00027550   0.00000000
 -0.00096791   0.00000000     0.00110567   0.00000000     0.00057385  -0.00000000
   35    9
 -0.00134254  -0.00000000     0.00134844   0.00000000    -0.00149109  -0.00000000
 -0.00018407  -0.00000000    -0.00013148  -0.00000000     0.00122940   0.00000000
  0.00180438   0.00000000     0.00097788  -0.00000000     0.00019819   0.00000000
   35   10
  0.00185385   0.00000000    -0.00022579   0.00000000    -0.00020604   0.00000000
 -0.00013577  -0.00000000    -0.00189794  -0.00000000     0.00032684   0.00000000
 -0.00074058  -0.00000000    -0.00190057  -0.00000000    -0.00220512  -0.00000000
   35   11
 -0.01803531   0.00000000     0.04280554  -0.00000000    -0.00848075   0.00000000
  0.03595414   0.00000000    -0.05395104   0.00000000     0.01818631  -0.00000000
 -0.01072865  -0.00000000     0.02413605  -0.00000000    -0.00427186   0.00000000
   35   12
  0.00116679   0.00000000    -0.00059347  -0.00000000     0.00228002   0.00000000
  0.00018116   0.00000000    -0.00077943  -0.00000000     0.00007556  -0.00000000
 -0.00108436   0.00000000    -0.00060848   0.00000000    -0.00126770   0.00000000
   35   13
 -0.00146640   0.00000000     0.00155367   0.00000000    -0.00209485  -0.00000000
  0.00101061  -0.00000000     0.00245807   0.00000000     0.00032112  -0.00000000
  0.00084284  -0.00000000    -0.00166149   0.00000000    -0.00167647  -0.00000000
   35   14
  0.00296949   0.00000000     0.00168170   0.00000000    -0.00150678  -0.00000000
 -0.00033189   0.00000000     0.00031669  -0.00000000    -0.00069999  -0.00000000
  0.00068985  -0.00000000    -0.00322184  -0.00000000    -0.00007609   0.00000000
   35   15
 -0.00091837  -0.00000000    -0.00067496  -0.00000000    -0.00096999  -0.00000000
  0.00090201   0.00000000     0.00230401   0.00000000    -0.00249376  -0.00000000
 -0.00120009  -0.00000000    -0.00002720   0.00000000     0.00023115   0.00000000
   35   16
  0.00217906   0.00000000     0.00137601   0.00000000    -0.00080658  -0.00000000
  0.00098451   0.00000000    -0.00289399  -0.00000000    -0.00159240  -0.00000000
  0.00088018  -0.00000000     0.00042556  -0.00000000    -0.00080985   0.00000000
   35   17
  0.00784655  -0.00000000     0.00665999  -0.00000000     0.00464077  -0.00000000
  0.00282101  -0.00000000     0.00358086  -0.00000000     0.00111283   0.00000000
  0.00601627  -0.00000000     0.00393186   0.00000000     0.00147203  -0.00000000
   35   18
  0.00007603  -0.00000000     0.00047822   0.00000000     0.00069789   0.00000000
  0.00043712   0.00000000     0.00026987   0.00000000     0.00080901   0.00000000
 -0.00052200  -0.00000000     0.00071106   0.00000000    -0.00015071  -0.00000000
   35   19
  0.00129883   0.00000000     0.00038141   0.00000000    -0.00203085  -0.00000000
  0.00022951   0.00000000    -0.00006559   0.00000000    -0.00023166  -0.00000000
 -0.00215512  -0.00000000    -0.00021948  -0.00000000     0.00084296   0.00000000
   35   20
  0.00011841   0.00000000    -0.00011073   0.00000000    -0.00415256  -0.00000000
  0.00014620   0.00000000     0.00000315  -0.00000000    -0.00010954   0.00000000
  0.00435071   0.00000000     0.00045212   0.00000000     0.00034113   0.00000000
   35   21
 -0.02547798   0.00000000    -0.00142540  -0.00000000    -0.01378555   0.00000000
  0.00142944   0.00000000    -0.00616662   0.00000000     0.00072610   0.00000000
 -0.01634163   0.00000000    -0.00114494  -0.00000000    -0.00899736  -0.00000000
   35   22
 -0.00781527   0.00000000     0.00677625   0.00000000     0.00470772  -0.00000000
  0.00331413   0.00000000    -0.00420189  -0.00000000    -0.00161283   0.00000000
  0.00528886   0.00000000    -0.00345772   0.00000000    -0.00189967  -0.00000000
   35   23
 -0.00013863  -0.00000000     0.00070711   0.00000000     0.00045061  -0.00000000
  0.00013602  -0.00000000     0.00006409  -0.00000000    -0.00077530  -0.00000000
 -0.00065258  -0.00000000    -0.00066870  -0.00000000    -0.00001172   0.00000000
   35   24
 -0.00076583   0.00000000     0.00049339  -0.00000000    -0.00125958  -0.00000000
 -0.00023328  -0.00000000     0.00044283   0.00000000     0.00000671  -0.00000000
 -0.00186841   0.00000000    -0.00018222   0.00000000    -0.00112330  -0.00000000
   35   25
 -0.00022010  -0.00000000    -0.00020388  -0.00000000    -0.00408021   0.00000000
  0.00017149   0.00000000    -0.00020727  -0.00000000     0.00039732   0.00000000
  0.00403554   0.00000000    -0.00006066   0.00000000     0.00027135   0.00000000
   35   26
  0.02675914   0.00000000    -0.00134534  -0.00000000    -0.01606093  -0.00000000
  0.00100014   0.00000000     0.00604477   0.00000000    -0.00103198  -0.00000000
 -0.01572039  -0.00000000     0.00126786   0.00000000     0.00987629   0.00000000
   35   27
 -0.00196390   0.00000000    -0.00034642   0.00000000     0.00034714   0.00000000
  0.00029354   0.00000000     0.00343573   0.00000000    -0.00293753   0.00000000
 -0.00031809   0.00000000    -0.00808560   0.00000000     0.01048734  -0.00000000
   35   28
  0.00256100  -0.00000000     0.00099711  -0.00000000     0.00050443  -0.00000000
 -0.00099711   0.00000000    -0.00337419  -0.00000000     0.00066259   0.00000000
  0.00050443  -0.00000000    -0.00066259  -0.00000000     0.00285676   0.00000000
   35   29
  0.00057831   0.00000000     0.00019131   0.00000000    -0.00006065   0.00000000
  0.00019131   0.00000000     0.00043537  -0.00000000     0.00024041   0.00000000
 -0.00006065   0.00000000     0.00024041   0.00000000    -0.00015863  -0.00000000
   35   30
 -0.00502078  -0.00000000    -0.00030788   0.00000000    -0.00054507  -0.00000000
  0.00030788   0.00000000     0.00011534   0.00000000     0.00194108   0.00000000
  0.00054507   0.00000000     0.00194108   0.00000000     0.00170369   0.00000000
   35   31
  0.00010703   0.00000000     0.00030318   0.00000000    -0.00139500   0.00000000
  0.00030318   0.00000000    -0.00639169  -0.00000000    -0.00147536   0.00000000
  0.00139500   0.00000000     0.00147536  -0.00000000    -0.03579359  -0.00000000
   35   32
 -0.00172218  -0.00000000    -0.00016192  -0.00000000    -0.00019031   0.00000000
  0.00011338   0.00000000     0.00045098   0.00000000    -0.00124923  -0.00000000
  0.00018013   0.00000000     0.00071631   0.00000000     0.00055379  -0.00000000
   35   33
 -0.00125739  -0.00000000     0.00008862  -0.00000000     0.00001771   0.00000000
  0.00008862  -0.00000000    -0.00871465   0.00000000    -0.00044953  -0.00000000
 -0.00001771  -0.00000000     0.00044953   0.00000000     0.00125525   0.00000000
   35   34
  0.00061755  -0.00000000     0.00027328  -0.00000000    -0.00049131   0.00000000
 -0.00027328   0.00000000    -0.00025170  -0.00000000    -0.00069613  -0.00000000
  0.00049131   0.00000000    -0.00069613  -0.00000000    -0.00339838  -0.00000000
   35   35
  0.12783686  -0.00000000    -0.00480130   0.00000000    -0.00298652  -0.00000000
 -0.00480130   0.00000000     0.20723082   0.00000000     0.00251496   0.00000000
 -0.00298652  -0.00000000     0.00251496   0.00000000     0.12655084   0.00000000
   35   36
 -0.00053658  -0.00000000     0.00002444   0.00000000    -0.00003896  -0.00000000
 -0.00002444  -0.00000000     0.00064320  -0.00000000    -0.00049743  -0.00000000
 -0.00003896  -0.00000000     0.00049743   0.00000000     0.00032917   0.00000000
   36    1
 -0.01036480  -0.00000000    -0.00938202  -0.00000000    -0.00704952  -0.00000000
 -0.00929369   0.00000000    -0.00499566  -0.00000000    -0.00536403   0.00000000
 -0.00696757   0.00000000    -0.00551301  -0.00000000    -0.00200677   0.00000000
   36    2
 -0.01054352  -0.00000000     0.00941765  -0.00000000     0.00723706  -0.00000000
  0.00917571  -0.00000000    -0.00507053   0.00000000    -0.00543770   0.00000000
  0.00710709  -0.00000000    -0.00535322  -0.00000000    -0.00198441   0.00000000
   36    3
  0.00209379   0.00000000     0.00000637   0.00000000    -0.00002365   0.00000000
 -0.00003109  -0.00000000    -0.00499272   0.00000000     0.01066015  -0.00000000
 -0.00005635   0.00000000     0.01058553  -0.00000000    -0.01419510   0.00000000
   36    4
 -0.00036856  -0.00000000    -0.00000299  -0.00000000    -0.00000482   0.00000000
 -0.00006775  -0.00000000    -0.00023719  -0.00000000     0.00037136   0.00000000
  0.00003820   0.00000000     0.00014148   0.00000000     0.00010837  -0.00000000
   36    5
  0.00296949   0.00000000    -0.00168170  -0.00000000    -0.00150678  -0.00000000
  0.00033189  -0.00000000     0.00031669  -0.00000000     0.00069999   0.00000000
  0.00068985  -0.00000000     0.00322184   0.00000000    -0.00007609   0.00000000
   36    6
  0.00116679   0.00000000     0.00059347   0.00000000     0.00228002   0.00000000
 -0.00018116  -0.00000000    -0.00077943  -0.00000000    -0.00007556   0.00000000
 -0.00108436   0.00000000     0.00060848  -0.00000000    -0.00126770   0.00000000
   36    7
  0.00185385   0.00000000     0.00022579  -0.00000000    -0.00020604   0.00000000
  0.00013577   0.00000000    -0.00189794  -0.00000000    -0.00032684  -0.00000000
 -0.00074058  -0.00000000     0.00190057   0.00000000    -0.00220512  -0.00000000
   36    8
 -0.01803531   0.00000000    -0.04280554   0.00000000    -0.00848075   0.00000000
 -0.03595414  -0.00000000    -0.05395104   0.00000000    -0.01818631   0.00000000
 -0.01072865  -0.00000000    -0.02413605   0.00000000    -0.00427186   0.00000000
   36    9
 -0.00091837  -0.00000000     0.00067496   0.00000000    -0.00096999  -0.00000000
 -0.00090201  -0.00000000     0.00230401   0.00000000     0.00249376   0.00000000
 -0.00120009  -0.00000000     0.00002720  -0.00000000     0.00023115   0.00000000
   36   10
 -0.00124388  -0.00000000    -0.00042658   0.00000000     0.00175681   0.00000000
 -0.00077782   0.00000000    -0.05421471  -0.00000000     0.03785021  -0.00000000
  0.00168519  -0.00000000     0.04953077   0.00000000    -0.02274787  -0.00000000
   36   11
 -0.00136107  -0.00000000     0.00071525   0.00000000     0.00258411   0.00000000
 -0.00037653   0.00000000     0.00072153   0.00000000    -0.00027550  -0.00000000
 -0.00096791   0.00000000    -0.00110567  -0.00000000     0.00057385  -0.00000000
   36   12
  0.01456943   0.00000000    -0.03959285  -0.00000000    -0.00739355  -0.00000000
 -0.03096022  -0.00000000     0.04945786   0.00000000     0.01644249   0.00000000
 -0.00994418  -0.00000000     0.02327499   0.00000000     0.00564205   0.00000000
   36   13
  0.00217906   0.00000000    -0.00137601  -0.00000000    -0.00080658  -0.00000000
 -0.00098451  -0.00000000    -0.00289399  -0.00000000     0.00159240   0.00000000
  0.00088018  -0.00000000    -0.00042556   0.00000000    -0.00080985   0.00000000
   36   14
  0.00116470  -0.00000000     0.00244749   0.00000000    -0.00116835  -0.00000000
 -0.00009712  -0.00000000    -0.00145870   0.00000000    -0.00184877  -0.00000000
  0.00132444  -0.00000000    -0.00041463   0.00000000     0.00206966  -0.00000000
   36   15
 -0.00134254  -0.00000000    -0.00134844  -0.00000000    -0.00149109  -0.00000000
  0.00018407   0.00000000    -0.00013148  -0.00000000    -0.00122940  -0.00000000
  0.00180438   0.00000000    -0.00097788   0.00000000     0.00019819   0.00000000
   36   16
 -0.00146640   0.00000000    -0.00155367  -0.00000000    -0.00209485  -0.00000000
 -0.00101061   0.00000000     0.00245807   0.00000000    -0.00032112   0.00000000
  0.00084284  -0.00000000     0.00166149  -0.00000000    -0.00167647  -0.00000000
   36   17
  0.00784655  -0.00000000    -0.00665999   0.00000000     0.00464077  -0.00000000
 -0.00282101   0.00000000     0.00358086  -0.00000000    -0.00111283  -0.00000000
  0.00601627  -0.00000000    -0.00393186  -0.00000000     0.00147203  -0.00000000
   36   18
  0.00129883   0.00000000    -0.00038141  -0.00000000    -0.00203085  -0.00000000
 -0.00022951  -0.00000000    -0.00006559   0.00000000     0.00023166   0.00000000
 -0.00215512  -0.00000000     0.00021948   0.00000000     0.00084296   0.00000000
   36   19
  0.00007603  -0.00000000    -0.00047822  -0.00000000     0.00069789   0.00000000
 -0.00043712  -0.00000000     0.00026987   0.00000000    -0.00080901  -0.00000000
 -0.00052200  -0.00000000    -0.00071106  -0.00000000    -0.00015071  -0.00000000
   36   20
 -0.02547798   0.00000000     0.00142540   0.00000000    -0.01378555   0.00000000
 -0.00142944  -0.00000000    -0.00616662   0.00000000    -0.00072610  -0.00000000
 -0.01634163   0.00000000     0.00114494   0.00000000    -0.00899736  -0.00000000
   36   21
  0.00011841   0.00000000     0.00011073  -0.00000000    -0.00415256  -0.00000000
 -0.00014620  -0.00000000     0.00000315  -0.00000000     0.00010954  -0.00000000
  0.00435071   0.00000000    -0.00045212  -0.00000000     0.00034113   0.00000000
   36   22
 -0.00781527   0.00000000    -0.00677625  -0.00000000     0.00470772  -0.00000000
 -0.00331413  -0.00000000    -0.00420189  -0.00000000     0.00161283  -0.00000000
  0.00528886   0.00000000     0.00345772  -0.00000000    -0.00189967  -0.00000000
   36   23
 -0.00076583   0.00000000    -0.00049339   0.00000000    -0.00125958  -0.00000000
  0.00023328   0.00000000     0.00044283   0.00000000    -0.00000671   0.00000000
 -0.00186841   0.00000000     0.00018222  -0.00000000    -0.00112330  -0.00000000
   36   24
 -0.00013863  -0.00000000    -0.00070711  -0.00000000     0.00045061  -0.00000000
 -0.00013602   0.00000000     0.00006409  -0.00000000     0.00077530   0.00000000
 -0.00065258  -0.00000000     0.00066870   0.00000000    -0.00001172   0.00000000
   36   25
  0.02675914   0.00000000     0.00134534   0.00000000    -0.01606093  -0.00000000
 -0.00100014  -0.00000000     0.00604477   0.00000000     0.00103198   0.00000000
 -0.01572039  -0.00000000    -0.00126786  -0.00000000     0.00987629   0.00000000
   36   26
 -0.00022010  -0.00000000     0.00020388   0.00000000    -0.00408021   0.00000000
 -0.00017149  -0.00000000    -0.00020727  -0.00000000    -0.00039732  -0.00000000
  0.00403554   0.00000000     0.00006066  -0.00000000     0.00027135   0.00000000
   36   27
  0.00196390  -0.00000000    -0.00034642   0.00000000    -0.00034714  -0.00000000
  0.00029354   0.00000000    -0.00343573  -0.00000000    -0.00293753   0.00000000
  0.00031809  -0.00000000    -0.00808560   0.00000000    -0.01048734   0.00000000
   36   28
  0.00057831   0.00000000    -0.00019131  -0.00000000    -0.00006065   0.00000000
 -0.00019131  -0.00000000     0.00043537  -0.00000000    -0.00024041  -0.00000000
 -0.00006065   0.00000000    -0.00024041  -0.00000000    -0.00015863  -0.00000000
   36   29
  0.00256100  -0.00000000    -0.00099711   0.00000000     0.00050443  -0.00000000
  0.00099711  -0.00000000    -0.00337419  -0.00000000    -0.00066259  -0.00000000
  0.00050443  -0.00000000     0.00066259   0.00000000     0.00285676   0.00000000
   36   30
  0.00010703   0.00000000    -0.00030318  -0.00000000    -0.00139500   0.00000000
 -0.00030318  -0.00000000    -0.00639169  -0.00000000     0.00147536  -0.00000000
  0.00139500   0.00000000    -0.00147536   0.00000000    -0.03579359  -0.00000000
   36   31
 -0.00502078  -0.00000000     0.00030788  -0.00000000    -0.00054507  -0.00000000
 -0.00030788  -0.00000000     0.00011534   0.00000000    -0.00194108  -0.00000000
  0.00054507   0.00000000    -0.00194108  -0.00000000     0.00170369   0.00000000
   36   32
  0.00172218   0.00000000    -0.00016192  -0.00000000     0.00019031  -0.00000000
  0.00011338   0.00000000    -0.00045098  -0.00000000    -0.00124923  -0.00000000
 -0.00018013  -0.00000000     0.00071631   0.00000000    -0.00055379   0.00000000
   36   33
  0.00061755  -0.00000000    -0.00027328   0.00000000    -0.00049131   0.00000000
  0.00027328  -0.00000000    -0.00025170  -0.00000000     0.00069613   0.00000000
  0.00049131   0.00000000     0.00069613   0.00000000    -0.00339838  -0.00000000
   36   34
 -0.00125739  -0.00000000    -0.00008862   0.00000000     0.00001771   0.00000000
 -0.00008862   0.00000000    -0.00871465   0.00000000     0.00044953   0.00000000
 -0.00001771  -0.00000000    -0.00044953  -0.00000000     0.00125525   0.00000000
   36   35
 -0.00053658  -0.00000000    -0.00002444  -0.00000000    -0.00003896  -0.00000000
  0.00002444   0.00000000     0.00064320  -0.00000000     0.00049743   0.00000000
 -0.00003896  -0.00000000    -0.00049743  -0.00000000     0.00032917   0.00000000
   36   36
  0.12783686  -0.00000000     0.00480130  -0.00000000    -0.00298652  -0.00000000
  0.00480130  -0.00000000     0.20723082   0.00000000    -0.00251496  -0.00000000
 -0.00298652  -0.00000000    -0.00251496  -0.00000000     0.12655084   0.00000000

     Diagonalizing the dynamical matrix

     q = (    0.000000000   0.000000000   0.670081474 )

 **************************************************************************
     freq (   1) =       0.865738 [THz] =      28.877897 [cm-1]
(  0.000000  0.000000  0.060139 -0.000000 -0.000000  0.000000 )
(  0.000000  0.000000  0.060139 -0.000000  0.000000 -0.000000 )
( -0.018347  0.000000  0.000000 -0.000000  0.000000  0.000000 )
( -0.018347 -0.000000 -0.000000  0.000000  0.000000  0.000000 )
(  0.000000 -0.000000 -0.132621  0.000000  0.000000 -0.000000 )
( -0.000000  0.000000 -0.132621 -0.000000  0.000000 -0.000000 )
(  0.000000  0.000000  0.167970 -0.000000  0.000000 -0.000000 )
( -0.000000  0.000000  0.124191 -0.000000 -0.000000  0.000000 )
(  0.000000 -0.000000  0.124191  0.000000 -0.000000  0.000000 )
(  0.000000 -0.000000  0.167970 -0.000000 -0.000000  0.000000 )
(  0.000000 -0.000000  0.124191  0.000000  0.000000 -0.000000 )
(  0.000000 -0.000000 -0.132621  0.000000 -0.000000  0.000000 )
(  0.000000 -0.000000 -0.009198  0.000000 -0.000000  0.000000 )
( -0.000000  0.000000 -0.132621 -0.000000 -0.000000  0.000000 )
( -0.000000  0.000000  0.124191 -0.000000  0.000000 -0.000000 )
( -0.000000  0.000000 -0.009198 -0.000000 -0.000000 -0.000000 )
( -0.000000 -0.000000 -0.292352  0.000000  0.000000 -0.000000 )
(  0.000000 -0.000000 -0.134159  0.000000 -0.139601 -0.000000 )
( -0.000000  0.000000 -0.134159 -0.000000  0.139601 -0.000000 )
( -0.000000  0.000000  0.119986 -0.000000 -0.137808 -0.000000 )
(  0.000000 -0.000000  0.119986  0.000000  0.137808 -0.000000 )
(  0.000000  0.000000  0.268239 -0.000000  0.000000  0.000000 )
( -0.000000  0.000000  0.119986 -0.000000  0.137808  0.000000 )
(  0.000000 -0.000000  0.119986  0.000000 -0.137808  0.000000 )
(  0.000000 -0.000000 -0.134159  0.000000  0.139601  0.000000 )
( -0.000000  0.000000 -0.134159 -0.000000 -0.139601  0.000000 )
( -0.000000  0.000000  0.000000 -0.000000  0.000000 -0.000000 )
( -0.002197 -0.000000  0.209194  0.000000 -0.039360  0.000000 )
(  0.002197  0.000000  0.209194 -0.000000  0.039360  0.000000 )
( -0.002197 -0.000000  0.209194  0.000000  0.039360 -0.000000 )
(  0.002197  0.000000  0.209194 -0.000000 -0.039360 -0.000000 )
( -0.000000  0.000000  0.000000 -0.000000  0.000000  0.000000 )
(  0.002197 -0.000000  0.209194  0.000000 -0.039360  0.000000 )
( -0.002197  0.000000  0.209194 -0.000000  0.039360  0.000000 )
(  0.002197 -0.000000  0.209194  0.000000  0.039360 -0.000000 )
( -0.002197  0.000000  0.209194 -0.000000 -0.039360 -0.000000 )
     freq (   2) =       0.895332 [THz] =      29.865067 [cm-1]
( -0.000000  0.000000  0.000000  0.000000  0.002536 -0.000000 )
( -0.000000 -0.000000  0.000000  0.000000 -0.002536  0.000000 )
( -0.000000 -0.000000 -0.070581 -0.000000  0.000000 -0.000000 )
( -0.000000 -0.000000  0.070581  0.000000 -0.000000 -0.000000 )
( -0.000000 -0.000000  0.137536 -0.000000  0.000000  0.000000 )
(  0.000000 -0.000000 -0.137536 -0.000000 -0.000000  0.000000 )
( -0.000000  0.000000  0.000000  0.000000 -0.000000 -0.000000 )
(  0.000000  0.000000 -0.122971  0.000000  0.000000  0.000000 )
( -0.000000  0.000000  0.122971  0.000000  0.000000 -0.000000 )
( -0.000000  0.000000  0.000000  0.000000 -0.000000 -0.000000 )
( -0.000000  0.000000  0.122971  0.000000  0.000000  0.000000 )
( -0.000000 -0.000000  0.137536 -0.000000 -0.000000  0.000000 )
( -0.000000 -0.000000  0.170345  0.000000 -0.000000  0.000000 )
(  0.000000 -0.000000 -0.137536 -0.000000  0.000000  0.000000 )
( -0.000000  0.000000 -0.122971  0.000000  0.000000 -0.000000 )
(  0.000000 -0.000000 -0.170345 -0.000000  0.000000  0.000000 )
(  0.000000 -0.000000 -0.000000 -0.000000  0.000000  0.000000 )
( -0.000000 -0.000000  0.214924 -0.000000 -0.032957 -0.000000 )
(  0.000000 -0.000000 -0.214924 -0.000000 -0.032957  0.000000 )
(  0.000000  0.000000 -0.207763  0.000000 -0.039962 -0.000000 )
( -0.000000 -0.000000  0.207763  0.000000 -0.039962  0.000000 )
( -0.000000  0.000000  0.000000  0.000000 -0.000000  0.000000 )
(  0.000000  0.000000 -0.207763  0.000000  0.039962  0.000000 )
( -0.000000  0.000000  0.207763  0.000000  0.039962 -0.000000 )
( -0.000000 -0.000000  0.214924 -0.000000  0.032957  0.000000 )
(  0.000000 -0.000000 -0.214924 -0.000000  0.032957 -0.000000 )
(  0.000000 -0.000000 -0.268583  0.000000 -0.000000 -0.000000 )
( -0.004557  0.000000  0.128961  0.000000  0.137015 -0.000000 )
( -0.004557  0.000000 -0.128961  0.000000  0.137015  0.000000 )
( -0.004557  0.000000  0.128961  0.000000 -0.137015  0.000000 )
( -0.004557  0.000000 -0.128961  0.000000 -0.137015 -0.000000 )
(  0.000000 -0.000000 -0.268583 -0.000000  0.000000 -0.000000 )
(  0.004557  0.000000  0.128961  0.000000  0.137015 -0.000000 )
(  0.004557  0.000000 -0.128961  0.000000  0.137015  0.000000 )
(  0.004557  0.000000  0.128961  0.000000 -0.137015  0.000000 )
(  0.004557 -0.000000 -0.128961  0.000000 -0.137015 -0.000000 )
     freq (   3) =       0.919254 [THz] =      30.663003 [cm-1]
(  0.000000  0.000000  0.000000 -0.000000  0.000000 -0.000000 )
(  0.000000  0.000000  0.000000  0.000000 -0.000000 -0.000000 )
(  0.422602 -0.000000 -0.000000 -0.000000 -0.000000 -0.000000 )
( -0.422602  0.000000 -0.000000 -0.000000  0.000000 -0.000000 )
( -0.094755 -0.000000 -0.000000 -0.000000 -0.008106  0.000000 )
(  0.094755 -0.000000 -0.000000 -0.000000 -0.008106  0.000000 )
(  0.000000  0.000000  0.000000  0.000000 -0.004923  0.000000 )
(  0.089658 -0.000000  0.000000  0.000000  0.009019 -0.000000 )
( -0.089658  0.000000  0.000000  0.000000  0.009019 -0.000000 )
(  0.000000  0.000000  0.000000  0.000000  0.004923  0.000000 )
( -0.089658 -0.000000  0.000000  0.000000 -0.009019  0.000000 )
( -0.094755 -0.000000 -0.000000 -0.000000  0.008106 -0.000000 )
( -0.093208  0.000000 -0.000000 -0.000000  0.000000 -0.000000 )
(  0.094755 -0.000000 -0.000000 -0.000000  0.008106 -0.000000 )
(  0.089658  0.000000  0.000000  0.000000 -0.009019 -0.000000 )
(  0.093208  0.000000  0.000000 -0.000000  0.000000 -0.000000 )
( -0.000000 -0.000000 -0.000000 -0.000000 -0.000000 -0.000000 )
( -0.216040 -0.000000 -0.000000 -0.000000 -0.000000 -0.000000 )
(  0.216040 -0.000000 -0.000000 -0.000000  0.000000  0.000000 )
(  0.209279  0.000000  0.000000  0.000000 -0.000000 -0.000000 )
( -0.209279  0.000000  0.000000  0.000000  0.000000  0.000000 )
(  0.000000  0.000000  0.000000  0.000000  0.000000  0.000000 )
(  0.209279  0.000000  0.000000  0.000000  0.000000  0.000000 )
( -0.209279  0.000000  0.000000  0.000000 -0.000000 -0.000000 )
( -0.216040 -0.000000 -0.000000 -0.000000  0.000000  0.000000 )
(  0.216040 -0.000000 -0.000000 -0.000000 -0.000000 -0.000000 )
(  0.158898  0.000000  0.000000  0.000000  0.001002  0.000000 )
( -0.134268  0.000000  0.003520  0.000000 -0.001970 -0.000000 )
(  0.134268 -0.000000  0.003520  0.000000  0.001970  0.000000 )
( -0.134268  0.000000  0.003520  0.000000  0.001970  0.000000 )
(  0.134268  0.000000  0.003520  0.000000 -0.001970 -0.000000 )
(  0.158898  0.000000  0.000000  0.000000 -0.001002 -0.000000 )
( -0.134268  0.000000 -0.003520  0.000000  0.001970 -0.000000 )
(  0.134268  0.000000 -0.003520  0.000000 -0.001970 -0.000000 )
( -0.134268  0.000000 -0.003520  0.000000 -0.001970 -0.000000 )
(  0.134268 -0.000000 -0.003520  0.000000  0.001970  0.000000 )
     freq (   4) =       0.972715 [THz] =      32.446285 [cm-1]
( -0.419668  0.000000  0.000000 -0.000000 -0.000000 -0.000000 )
( -0.419668 -0.000000  0.000000  0.000000 -0.000000 -0.000000 )
(  0.000000 -0.000000  0.022970  0.000000  0.000000 -0.000000 )
( -0.000000  0.000000  0.022970  0.000000  0.000000  0.000000 )
(  0.094653  0.000000 -0.000000 -0.000000  0.007126  0.000000 )
(  0.094653  0.000000 -0.000000  0.000000 -0.007126 -0.000000 )
( -0.092923 -0.000000  0.000000 -0.000000 -0.000000  0.000000 )
( -0.092736 -0.000000  0.000000  0.000000 -0.004850 -0.000000 )
( -0.092736  0.000000  0.000000 -0.000000  0.004850 -0.000000 )
( -0.092923 -0.000000  0.000000  0.000000  0.000000  0.000000 )
( -0.092736  0.000000  0.000000 -0.000000 -0.004850  0.000000 )
(  0.094653  0.000000 -0.000000 -0.000000 -0.007126 -0.000000 )
(  0.006008  0.000000 -0.000000 -0.000000  0.000000  0.000000 )
(  0.094653 -0.000000 -0.000000  0.000000  0.007126 -0.000000 )
( -0.092736 -0.000000  0.000000  0.000000  0.004850 -0.000000 )
(  0.006008 -0.000000  0.000000  0.000000  0.000000  0.000000 )
(  0.163494  0.000000 -0.000000 -0.000000  0.000000 -0.000000 )
(  0.140089  0.000000 -0.000000 -0.000000 -0.000000 -0.000000 )
(  0.140089  0.000000 -0.000000  0.000000  0.000000 -0.000000 )
( -0.132968 -0.000000  0.000000  0.000000  0.000000 -0.000000 )
( -0.132968  0.000000 -0.000000 -0.000000  0.000000 -0.000000 )
( -0.160534 -0.000000  0.000000 -0.000000 -0.000000 -0.000000 )
( -0.132968 -0.000000  0.000000  0.000000  0.000000 -0.000000 )
( -0.132968  0.000000 -0.000000 -0.000000 -0.000000 -0.000000 )
(  0.140089  0.000000 -0.000000 -0.000000  0.000000 -0.000000 )
(  0.140089  0.000000 -0.000000  0.000000 -0.000000 -0.000000 )
(  0.000000 -0.000000  0.000000  0.000000 -0.000000 -0.000000 )
( -0.211253  0.000000  0.001777 -0.000000 -0.002674 -0.000000 )
( -0.211253 -0.000000 -0.001777  0.000000 -0.002674 -0.000000 )
( -0.211253  0.000000  0.001777 -0.000000  0.002674  0.000000 )
( -0.211253 -0.000000 -0.001777  0.000000  0.002674  0.000000 )
(  0.000000 -0.000000  0.000000  0.000000  0.000000 -0.000000 )
( -0.211253  0.000000 -0.001777 -0.000000  0.002674 -0.000000 )
( -0.211253 -0.000000  0.001777  0.000000  0.002674 -0.000000 )
( -0.211253  0.000000 -0.001777 -0.000000 -0.002674  0.000000 )
( -0.211253 -0.000000  0.001777  0.000000 -0.002674  0.000000 )
     freq (   5) =       1.494484 [THz] =      49.850605 [cm-1]
( -0.017131  0.000000  0.000000  0.000000  0.000000  0.000000 )
( -0.017131  0.000000  0.000000 -0.000000 -0.000000  0.000000 )
(  0.000000  0.000000 -0.658142  0.000000 -0.000000 -0.000000 )
( -0.000000 -0.000000 -0.658142 -0.000000  0.000000  0.000000 )
( -0.015875 -0.000000  0.000000 -0.000000 -0.016828 -0.000000 )
( -0.015875  0.000000  0.000000 -0.000000  0.016828 -0.000000 )
( -0.007980  0.000000 -0.000000  0.000000 -0.000000 -0.000000 )
( -0.025628  0.000000  0.000000 -0.000000 -0.017912 -0.000000 )
( -0.025628 -0.000000  0.000000 -0.000000  0.017912  0.000000 )
( -0.007980  0.000000 -0.000000 -0.000000  0.000000 -0.000000 )
( -0.025628  0.000000  0.000000  0.000000 -0.017912 -0.000000 )
( -0.015875  0.000000  0.000000  0.000000  0.016828 -0.000000 )
( -0.007409 -0.000000 -0.000000  0.000000  0.000000 -0.000000 )
( -0.015875 -0.000000  0.000000  0.000000 -0.016828 -0.000000 )
( -0.025628 -0.000000  0.000000  0.000000  0.017912  0.000000 )
( -0.007409 -0.000000  0.000000 -0.000000  0.000000 -0.000000 )
(  0.003805 -0.000000  0.000000  0.000000  0.000000  0.000000 )
( -0.115420 -0.000000  0.000000 -0.000000  0.000000 -0.000000 )
( -0.115420 -0.000000  0.000000  0.000000 -0.000000 -0.000000 )
( -0.120353  0.000000  0.000000 -0.000000  0.000000 -0.000000 )
( -0.120353  0.000000  0.000000  0.000000 -0.000000 -0.000000 )
( -0.013899  0.000000  0.000000  0.000000 -0.000000 -0.000000 )
( -0.120353 -0.000000  0.000000  0.000000 -0.000000  0.000000 )
( -0.120353 -0.000000  0.000000 -0.000000  0.000000  0.000000 )
( -0.115420 -0.000000  0.000000  0.000000 -0.000000 -0.000000 )
( -0.115420 -0.000000 -0.000000 -0.000000  0.000000 -0.000000 )
(  0.000000  0.000000 -0.000000 -0.000000 -0.000000  0.000000 )
( -0.005825  0.000000 -0.039930  0.000000  0.017184  0.000000 )
( -0.005825  0.000000  0.039930 -0.000000  0.017184  0.000000 )
( -0.005825  0.000000 -0.039930 -0.000000 -0.017184  0.000000 )
( -0.005825  0.000000  0.039930  0.000000 -0.017184  0.000000 )
(  0.000000  0.000000 -0.000000  0.000000  0.000000  0.000000 )
( -0.005825  0.000000  0.039930  0.000000 -0.017184  0.000000 )
( -0.005825  0.000000 -0.039930  0.000000 -0.017184  0.000000 )
( -0.005825  0.000000  0.039930 -0.000000  0.017184  0.000000 )
( -0.005825  0.000000 -0.039930  0.000000  0.017184  0.000000 )
     freq (   6) =       1.498123 [THz] =      49.971993 [cm-1]
( -0.000000 -0.000000 -0.000000 -0.000000 -0.022292 -0.000000 )
(  0.000000 -0.000000 -0.000000 -0.000000  0.022292  0.000000 )
( -0.000000 -0.000000  0.645127 -0.000000 -0.000000 -0.000000 )
( -0.000000 -0.000000 -0.645127  0.000000  0.000000 -0.000000 )
( -0.000000 -0.000000  0.001536 -0.000000 -0.000000 -0.000000 )
( -0.000000 -0.000000 -0.001536  0.000000  0.000000  0.000000 )
( -0.000000 -0.000000  0.000000  0.000000  0.000000 -0.000000 )
( -0.000000 -0.000000 -0.000160  0.000000 -0.000000 -0.000000 )
( -0.000000 -0.000000  0.000160 -0.000000  0.000000  0.000000 )
( -0.000000 -0.000000  0.000000 -0.000000 -0.000000 -0.000000 )
( -0.000000 -0.000000  0.000160 -0.000000 -0.000000 -0.000000 )
( -0.000000 -0.000000  0.001536 -0.000000  0.000000  0.000000 )
( -0.000000 -0.000000  0.039880 -0.000000 -0.000000  0.000000 )
( -0.000000 -0.000000 -0.001536  0.000000 -0.000000 -0.000000 )
( -0.000000 -0.000000 -0.000160  0.000000  0.000000  0.000000 )
( -0.000000 -0.000000 -0.039880  0.000000 -0.000000  0.000000 )
( -0.000000  0.000000 -0.000000 -0.000000 -0.000000  0.000000 )
( -0.000000 -0.000000 -0.018680 -0.000000 -0.096567  0.000000 )
( -0.000000 -0.000000  0.018680  0.000000 -0.096567  0.000000 )
( -0.000000 -0.000000  0.022369  0.000000 -0.073200  0.000000 )
( -0.000000 -0.000000 -0.022369 -0.000000 -0.073200  0.000000 )
( -0.000000 -0.000000 -0.000000 -0.000000  0.000000  0.000000 )
( -0.000000 -0.000000  0.022369  0.000000  0.073200 -0.000000 )
( -0.000000 -0.000000 -0.022369 -0.000000  0.073200 -0.000000 )
( -0.000000 -0.000000 -0.018680 -0.000000  0.096567 -0.000000 )
( -0.000000 -0.000000  0.018680  0.000000  0.096567 -0.000000 )
( -0.000000  0.000000  0.030663 -0.000000  0.000000  0.000000 )
(  0.002706  0.000000 -0.016781 -0.000000  0.110179 -0.000000 )
(  0.002706  0.000000  0.016781  0.000000  0.110179 -0.000000 )
(  0.002706 -0.000000 -0.016781 -0.000000 -0.110179  0.000000 )
(  0.002706 -0.000000  0.016781  0.000000 -0.110179  0.000000 )
( -0.000000  0.000000  0.030663  0.000000 -0.000000 -0.000000 )
( -0.002706 -0.000000 -0.016781 -0.000000  0.110179 -0.000000 )
( -0.002706 -0.000000  0.016781  0.000000  0.110179 -0.000000 )
( -0.002706 -0.000000 -0.016781  0.000000 -0.110179  0.000000 )
( -0.002706 -0.000000  0.016781 -0.000000 -0.110179  0.000000 )
     freq (   7) =       1.514190 [THz] =      50.507946 [cm-1]
(  0.000000 -0.000000 -0.624274  0.000000  0.000000  0.000000 )
( -0.000000  0.000000 -0.624274  0.000000 -0.000000 -0.000000 )
( -0.119311 -0.000000 -0.000000  0.000000 -0.000000  0.000000 )
( -0.119311  0.000000  0.000000 -0.000000  0.000000  0.000000 )
( -0.000000 -0.000000 -0.013809 -0.000000 -0.000000 -0.000000 )
( -0.000000 -0.000000 -0.013809 -0.000000  0.000000  0.000000 )
( -0.000000  0.000000  0.034221  0.000000 -0.000000 -0.000000 )
( -0.000000 -0.000000 -0.017267  0.000000 -0.000000 -0.000000 )
( -0.000000 -0.000000 -0.017267  0.000000  0.000000  0.000000 )
( -0.000000 -0.000000  0.034221  0.000000 -0.000000  0.000000 )
( -0.000000  0.000000 -0.017267  0.000000 -0.000000  0.000000 )
( -0.000000  0.000000 -0.013809  0.000000  0.000000 -0.000000 )
( -0.000000  0.000000 -0.009012 -0.000000 -0.000000 -0.000000 )
( -0.000000  0.000000 -0.013809 -0.000000 -0.000000  0.000000 )
( -0.000000  0.000000 -0.017267  0.000000  0.000000 -0.000000 )
( -0.000000 -0.000000 -0.009012 -0.000000 -0.000000  0.000000 )
(  0.000000  0.000000 -0.053682 -0.000000  0.000000 -0.000000 )
( -0.000000 -0.000000 -0.010780 -0.000000 -0.123988  0.000000 )
( -0.000000  0.000000 -0.010780 -0.000000  0.123988 -0.000000 )
( -0.000000  0.000000 -0.052322  0.000000 -0.085394  0.000000 )
( -0.000000  0.000000 -0.052322  0.000000  0.085394 -0.000000 )
( -0.000000 -0.000000 -0.128023  0.000000 -0.000000  0.000000 )
( -0.000000 -0.000000 -0.052322  0.000000  0.085394 -0.000000 )
( -0.000000  0.000000 -0.052322 -0.000000 -0.085394  0.000000 )
( -0.000000  0.000000 -0.010780 -0.000000  0.123988 -0.000000 )
( -0.000000 -0.000000 -0.010780 -0.000000 -0.123988  0.000000 )
( -0.000000 -0.000000  0.000000 -0.000000  0.000000 -0.000000 )
( -0.025223  0.000000 -0.026712  0.000000 -0.083282  0.000000 )
(  0.025223 -0.000000 -0.026712  0.000000  0.083282 -0.000000 )
( -0.025223 -0.000000 -0.026712  0.000000  0.083282 -0.000000 )
(  0.025223  0.000000 -0.026712  0.000000 -0.083282  0.000000 )
(  0.000000 -0.000000 -0.000000  0.000000  0.000000  0.000000 )
(  0.025223 -0.000000 -0.026712  0.000000 -0.083282  0.000000 )
( -0.025223  0.000000 -0.026712  0.000000  0.083282 -0.000000 )
(  0.025223  0.000000 -0.026712  0.000000  0.083282 -0.000000 )
( -0.025223 -0.000000 -0.026712  0.000000 -0.083282  0.000000 )
     freq (   8) =       1.534930 [THz] =      51.199770 [cm-1]
( -0.000000 -0.000000  0.662151  0.000000 -0.000000  0.000000 )
(  0.000000 -0.000000 -0.662151  0.000000 -0.000000  0.000000 )
( -0.000000 -0.000000  0.000000 -0.000000  0.001956 -0.000000 )
( -0.000000  0.000000 -0.000000 -0.000000 -0.001956  0.000000 )
(  0.014567  0.000000  0.000000 -0.000000  0.015265 -0.000000 )
(  0.014567  0.000000 -0.000000 -0.000000 -0.015265 -0.000000 )
( -0.005139 -0.000000  0.000000 -0.000000  0.000000  0.000000 )
(  0.018807 -0.000000 -0.000000 -0.000000  0.014663 -0.000000 )
(  0.018807  0.000000 -0.000000 -0.000000 -0.014663 -0.000000 )
(  0.005139  0.000000  0.000000 -0.000000  0.000000 -0.000000 )
( -0.018807  0.000000  0.000000 -0.000000 -0.014663  0.000000 )
( -0.014567 -0.000000  0.000000 -0.000000  0.015265  0.000000 )
(  0.000000  0.000000  0.000000 -0.000000  0.005034  0.000000 )
( -0.014567 -0.000000  0.000000 -0.000000 -0.015265 -0.000000 )
( -0.018807 -0.000000 -0.000000 -0.000000  0.014663  0.000000 )
(  0.000000 -0.000000 -0.000000 -0.000000 -0.005034 -0.000000 )
( -0.000000  0.000000  0.000000 -0.000000 -0.000000  0.000000 )
(  0.000000 -0.000000  0.034015 -0.000000 -0.013989  0.000000 )
(  0.000000  0.000000  0.034015  0.000000  0.013989 -0.000000 )
(  0.000000 -0.000000 -0.042008 -0.000000 -0.030330  0.000000 )
(  0.000000  0.000000 -0.042008 -0.000000  0.030330 -0.000000 )
(  0.000000 -0.000000 -0.000000 -0.000000  0.000000 -0.000000 )
(  0.000000 -0.000000  0.042008 -0.000000 -0.030330 -0.000000 )
(  0.000000  0.000000  0.042008 -0.000000  0.030330  0.000000 )
(  0.000000 -0.000000 -0.034015 -0.000000 -0.013989  0.000000 )
(  0.000000  0.000000 -0.034015 -0.000000  0.013989 -0.000000 )
(  0.003279 -0.000000  0.000000  0.000000 -0.002917 -0.000000 )
( -0.113299 -0.000000  0.002624  0.000000 -0.001019  0.000000 )
(  0.113299  0.000000  0.002624  0.000000  0.001019 -0.000000 )
(  0.113299  0.000000 -0.002624 -0.000000 -0.001019 -0.000000 )
( -0.113299 -0.000000 -0.002624 -0.000000  0.001019  0.000000 )
( -0.003279 -0.000000  0.000000 -0.000000 -0.002917  0.000000 )
(  0.113299  0.000000  0.002624  0.000000 -0.001019 -0.000000 )
( -0.113299 -0.000000  0.002624  0.000000  0.001019  0.000000 )
( -0.113299  0.000000 -0.002624 -0.000000 -0.001019  0.000000 )
(  0.113299 -0.000000 -0.002624 -0.000000  0.001019 -0.000000 )
     freq (   9) =       1.605556 [THz] =      53.555575 [cm-1]
( -0.000000  0.000000  0.159666  0.000000  0.000000  0.000000 )
(  0.000000 -0.000000  0.159666 -0.000000 -0.000000 -0.000000 )
( -0.463530  0.000000  0.000000 -0.000000  0.000000 -0.000000 )
( -0.463530 -0.000000 -0.000000  0.000000 -0.000000 -0.000000 )
(  0.000000  0.000000 -0.072167  0.000000  0.000000  0.000000 )
( -0.000000  0.000000 -0.072167  0.000000  0.000000  0.000000 )
(  0.000000 -0.000000 -0.018781 -0.000000  0.000000 -0.000000 )
(  0.000000  0.000000 -0.075734  0.000000  0.000000  0.000000 )
(  0.000000 -0.000000 -0.075734  0.000000 -0.000000  0.000000 )
(  0.000000  0.000000 -0.018781  0.000000 -0.000000  0.000000 )
( -0.000000 -0.000000 -0.075734 -0.000000 -0.000000 -0.000000 )
( -0.000000 -0.000000 -0.072167 -0.000000  0.000000 -0.000000 )
(  0.000000 -0.000000 -0.077482  0.000000  0.000000  0.000000 )
(  0.000000 -0.000000 -0.072167 -0.000000  0.000000 -0.000000 )
( -0.000000  0.000000 -0.075734 -0.000000  0.000000 -0.000000 )
( -0.000000  0.000000 -0.077482 -0.000000  0.000000 -0.000000 )
( -0.000000 -0.000000 -0.276468  0.000000  0.000000 -0.000000 )
( -0.000000  0.000000 -0.145982  0.000000 -0.013595 -0.000000 )
( -0.000000  0.000000 -0.145982 -0.000000  0.013595  0.000000 )
(  0.000000 -0.000000 -0.144054 -0.000000  0.070163 -0.000000 )
(  0.000000 -0.000000 -0.144054  0.000000 -0.070163  0.000000 )
(  0.000000  0.000000 -0.296848  0.000000  0.000000  0.000000 )
( -0.000000  0.000000 -0.144054  0.000000 -0.070163  0.000000 )
( -0.000000  0.000000 -0.144054  0.000000  0.070163 -0.000000 )
(  0.000000 -0.000000 -0.145982 -0.000000  0.013595  0.000000 )
(  0.000000 -0.000000 -0.145982 -0.000000 -0.013595 -0.000000 )
( -0.000000  0.000000 -0.000000  0.000000 -0.000000  0.000000 )
( -0.114356 -0.000000 -0.003317 -0.000000  0.024667 -0.000000 )
(  0.114356 -0.000000 -0.003317  0.000000 -0.024667 -0.000000 )
( -0.114356  0.000000 -0.003317  0.000000 -0.024667 -0.000000 )
(  0.114356 -0.000000 -0.003317 -0.000000  0.024667 -0.000000 )
( -0.000000  0.000000  0.000000 -0.000000 -0.000000 -0.000000 )
(  0.114356 -0.000000 -0.003317  0.000000  0.024667  0.000000 )
( -0.114356 -0.000000 -0.003317 -0.000000 -0.024667  0.000000 )
(  0.114356 -0.000000 -0.003317 -0.000000 -0.024667  0.000000 )
( -0.114356  0.000000 -0.003317  0.000000  0.024667  0.000000 )
     freq (  10) =       1.611148 [THz] =      53.742111 [cm-1]
(  0.489924 -0.000000  0.000000  0.000000 -0.000000 -0.000000 )
( -0.489924  0.000000  0.000000  0.000000 -0.000000  0.000000 )
( -0.000000 -0.000000  0.000000  0.000000  0.000000 -0.000000 )
( -0.000000 -0.000000 -0.000000  0.000000  0.000000 -0.000000 )
(  0.000000 -0.000000  0.070594 -0.000000 -0.000000  0.000000 )
( -0.000000  0.000000  0.070594 -0.000000  0.000000  0.000000 )
( -0.000000 -0.000000 -0.074360 -0.000000  0.000000 -0.000000 )
( -0.000000  0.000000  0.074220 -0.000000 -0.000000  0.000000 )
(  0.000000 -0.000000  0.074220 -0.000000 -0.000000  0.000000 )
( -0.000000 -0.000000  0.074360 -0.000000  0.000000 -0.000000 )
( -0.000000  0.000000 -0.074220 -0.000000 -0.000000  0.000000 )
( -0.000000  0.000000 -0.070594 -0.000000 -0.000000  0.000000 )
(  0.000000  0.000000 -0.000000 -0.000000 -0.000000  0.000000 )
(  0.000000 -0.000000 -0.070594 -0.000000  0.000000  0.000000 )
(  0.000000 -0.000000 -0.074220 -0.000000 -0.000000  0.000000 )
( -0.000000  0.000000 -0.000000 -0.000000 -0.000000  0.000000 )
(  0.000000  0.000000 -0.000000 -0.000000 -0.000000  0.000000 )
(  0.113659  0.000000 -0.000000 -0.000000 -0.000000 -0.000000 )
(  0.113659  0.000000 -0.000000 -0.000000  0.000000  0.000000 )
( -0.116077  0.000000 -0.000000 -0.000000  0.000000  0.000000 )
( -0.116077  0.000000 -0.000000 -0.000000 -0.000000 -0.000000 )
( -0.000000 -0.000000 -0.000000 -0.000000  0.000000 -0.000000 )
(  0.116077  0.000000 -0.000000 -0.000000 -0.000000 -0.000000 )
(  0.116077  0.000000 -0.000000 -0.000000  0.000000  0.000000 )
( -0.113659 -0.000000 -0.000000 -0.000000  0.000000  0.000000 )
( -0.113659 -0.000000 -0.000000 -0.000000 -0.000000 -0.000000 )
( -0.000000  0.000000  0.288154 -0.000000 -0.000000 -0.000000 )
( -0.005426 -0.000000 -0.148925  0.000000 -0.046936  0.000000 )
( -0.005426  0.000000  0.148925 -0.000000 -0.046936 -0.000000 )
(  0.005426 -0.000000  0.148925  0.000000 -0.046936 -0.000000 )
(  0.005426  0.000000 -0.148925 -0.000000 -0.046936  0.000000 )
( -0.000000  0.000000 -0.288154 -0.000000  0.000000 -0.000000 )
( -0.005426  0.000000  0.148925  0.000000  0.046936  0.000000 )
( -0.005426 -0.000000 -0.148925 -0.000000  0.046936 -0.000000 )
(  0.005426  0.000000 -0.148925 -0.000000  0.046936 -0.000000 )
(  0.005426 -0.000000  0.148925 -0.000000  0.046936  0.000000 )
     freq (  11) =       1.715023 [THz] =      57.206993 [cm-1]
( -0.000000 -0.000000 -0.000000 -0.000000 -0.160758 -0.000000 )
(  0.000000  0.000000  0.000000  0.000000 -0.160758 -0.000000 )
(  0.000000  0.000000 -0.000000  0.000000 -0.000000  0.000000 )
( -0.000000 -0.000000  0.000000  0.000000  0.000000 -0.000000 )
(  0.117078  0.000000 -0.000000 -0.000000 -0.004486  0.000000 )
( -0.117078 -0.000000 -0.000000 -0.000000 -0.004486  0.000000 )
(  0.000000 -0.000000  0.000000  0.000000  0.068176 -0.000000 )
( -0.216944 -0.000000 -0.000000 -0.000000 -0.069067  0.000000 )
(  0.216944  0.000000 -0.000000 -0.000000 -0.069067 -0.000000 )
( -0.000000 -0.000000 -0.000000 -0.000000  0.068176  0.000000 )
( -0.216944 -0.000000  0.000000  0.000000 -0.069067 -0.000000 )
( -0.117078 -0.000000  0.000000  0.000000 -0.004486  0.000000 )
(  0.000000 -0.000000 -0.000000 -0.000000 -0.103275 -0.000000 )
(  0.117078  0.000000  0.000000  0.000000 -0.004486  0.000000 )
(  0.216944  0.000000  0.000000  0.000000 -0.069067 -0.000000 )
( -0.000000 -0.000000 -0.000000  0.000000 -0.103275  0.000000 )
(  0.000000  0.000000  0.000000 -0.000000 -0.101573 -0.000000 )
( -0.000000  0.000000  0.087798  0.000000 -0.095137  0.000000 )
( -0.000000 -0.000000 -0.087798 -0.000000 -0.095137  0.000000 )
(  0.000000  0.000000  0.097119  0.000000 -0.235289  0.000000 )
(  0.000000 -0.000000 -0.097119 -0.000000 -0.235289 -0.000000 )
( -0.000000 -0.000000 -0.000000 -0.000000  0.059979  0.000000 )
( -0.000000  0.000000 -0.097119 -0.000000 -0.235289 -0.000000 )
( -0.000000 -0.000000  0.097119  0.000000 -0.235289 -0.000000 )
(  0.000000  0.000000 -0.087798 -0.000000 -0.095137  0.000000 )
(  0.000000 -0.000000  0.087798  0.000000 -0.095137  0.000000 )
( -0.000000 -0.000000 -0.000000 -0.000000  0.000000  0.000000 )
( -0.107067 -0.000000 -0.119545 -0.000000 -0.116875 -0.000000 )
( -0.107067  0.000000  0.119545  0.000000 -0.116875 -0.000000 )
(  0.107067 -0.000000  0.119545  0.000000 -0.116875  0.000000 )
(  0.107067  0.000000 -0.119545 -0.000000 -0.116875 -0.000000 )
(  0.000000 -0.000000  0.000000  0.000000  0.000000  0.000000 )
(  0.107067 -0.000000 -0.119545 -0.000000 -0.116875 -0.000000 )
(  0.107067 -0.000000  0.119545  0.000000 -0.116875 -0.000000 )
( -0.107067 -0.000000  0.119545  0.000000 -0.116875 -0.000000 )
( -0.107067 -0.000000 -0.119545 -0.000000 -0.116875 -0.000000 )
     freq (  12) =       1.833492 [THz] =      61.158727 [cm-1]
(  0.000000  0.000000 -0.000000  0.000000 -0.000000  0.000000 )
(  0.000000  0.000000  0.000000 -0.000000 -0.000000  0.000000 )
(  0.007202  0.000000 -0.000000 -0.000000 -0.000000 -0.000000 )
( -0.007202  0.000000 -0.000000 -0.000000 -0.000000  0.000000 )
( -0.052004 -0.000000  0.000000  0.000000 -0.065337 -0.000000 )
(  0.052004  0.000000  0.000000 -0.000000 -0.065337 -0.000000 )
(  0.000000 -0.000000 -0.000000  0.000000  0.155490  0.000000 )
( -0.050414  0.000000 -0.000000  0.000000 -0.065147 -0.000000 )
(  0.050414 -0.000000  0.000000  0.000000 -0.065147 -0.000000 )
(  0.000000 -0.000000  0.000000  0.000000 -0.155490 -0.000000 )
(  0.050414  0.000000 -0.000000  0.000000  0.065147  0.000000 )
( -0.052004  0.000000  0.000000 -0.000000  0.065337 -0.000000 )
( -0.011543  0.000000  0.000000  0.000000  0.000000 -0.000000 )
(  0.052004 -0.000000 -0.000000  0.000000  0.065337 -0.000000 )
( -0.050414 -0.000000  0.000000  0.000000  0.065147  0.000000 )
(  0.011543 -0.000000  0.000000  0.000000  0.000000 -0.000000 )
(  0.000000  0.000000 -0.000000 -0.000000  0.000000 -0.000000 )
( -0.159110 -0.000000  0.000000 -0.000000  0.000000 -0.000000 )
(  0.159110  0.000000 -0.000000  0.000000  0.000000 -0.000000 )
( -0.162861 -0.000000  0.000000 -0.000000  0.000000 -0.000000 )
(  0.162861  0.000000 -0.000000  0.000000  0.000000  0.000000 )
(  0.000000 -0.000000  0.000000  0.000000  0.000000 -0.000000 )
( -0.162861 -0.000000 -0.000000  0.000000  0.000000 -0.000000 )
(  0.162861  0.000000  0.000000 -0.000000  0.000000  0.000000 )
( -0.159110 -0.000000 -0.000000  0.000000  0.000000 -0.000000 )
(  0.159110  0.000000  0.000000 -0.000000  0.000000 -0.000000 )
(  0.012684 -0.000000 -0.000000  0.000000 -0.069432 -0.000000 )
(  0.007838 -0.000000 -0.005468  0.000000  0.291159  0.000000 )
( -0.007838 -0.000000 -0.005468 -0.000000 -0.291159 -0.000000 )
(  0.007838  0.000000 -0.005468 -0.000000 -0.291159  0.000000 )
( -0.007838 -0.000000 -0.005468  0.000000  0.291159  0.000000 )
(  0.012684 -0.000000 -0.000000 -0.000000  0.069432  0.000000 )
(  0.007838  0.000000  0.005468  0.000000 -0.291159 -0.000000 )
( -0.007838 -0.000000  0.005468 -0.000000  0.291159  0.000000 )
(  0.007838 -0.000000  0.005468 -0.000000  0.291159  0.000000 )
( -0.007838 -0.000000  0.005468  0.000000 -0.291159 -0.000000 )
     freq (  13) =       1.893158 [THz] =      63.148955 [cm-1]
(  0.000000  0.000000 -0.000000  0.000000  0.190128 -0.000000 )
( -0.000000  0.000000  0.000000 -0.000000  0.190128  0.000000 )
( -0.000000 -0.000000 -0.000000 -0.000000  0.000000 -0.000000 )
( -0.000000  0.000000 -0.000000 -0.000000 -0.000000  0.000000 )
( -0.125175 -0.000000 -0.000000 -0.000000 -0.091923 -0.000000 )
(  0.125175  0.000000  0.000000  0.000000 -0.091923 -0.000000 )
( -0.000000 -0.000000  0.000000 -0.000000  0.003718  0.000000 )
(  0.070961  0.000000 -0.000000  0.000000 -0.030229 -0.000000 )
( -0.070961 -0.000000 -0.000000  0.000000 -0.030229 -0.000000 )
(  0.000000 -0.000000 -0.000000  0.000000  0.003718 -0.000000 )
(  0.070961  0.000000 -0.000000 -0.000000 -0.030229  0.000000 )
(  0.125175  0.000000  0.000000 -0.000000 -0.091923 -0.000000 )
( -0.000000 -0.000000  0.000000 -0.000000 -0.116390  0.000000 )
( -0.125175  0.000000  0.000000  0.000000 -0.091923  0.000000 )
( -0.070961 -0.000000  0.000000 -0.000000 -0.030229  0.000000 )
(  0.000000  0.000000  0.000000  0.000000 -0.116390  0.000000 )
( -0.000000  0.000000 -0.000000  0.000000 -0.063659  0.000000 )
( -0.000000 -0.000000 -0.049187 -0.000000 -0.306475  0.000000 )
(  0.000000  0.000000  0.049187  0.000000 -0.306475 -0.000000 )
( -0.000000 -0.000000 -0.073022 -0.000000 -0.165711  0.000000 )
(  0.000000  0.000000  0.073022  0.000000 -0.165711  0.000000 )
(  0.000000 -0.000000 -0.000000  0.000000 -0.108202 -0.000000 )
( -0.000000 -0.000000  0.073022  0.000000 -0.165711  0.000000 )
(  0.000000  0.000000 -0.073022 -0.000000 -0.165711  0.000000 )
( -0.000000 -0.000000  0.049187  0.000000 -0.306475  0.000000 )
(  0.000000  0.000000 -0.049187 -0.000000 -0.306475  0.000000 )
(  0.000000  0.000000  0.000000  0.000000 -0.000000 -0.000000 )
( -0.112301  0.000000  0.072097  0.000000  0.114847  0.000000 )
( -0.112301  0.000000 -0.072097  0.000000  0.114847 -0.000000 )
(  0.112301 -0.000000 -0.072097 -0.000000  0.114847 -0.000000 )
(  0.112301 -0.000000  0.072097  0.000000  0.114847  0.000000 )
( -0.000000  0.000000  0.000000 -0.000000 -0.000000  0.000000 )
(  0.112301 -0.000000  0.072097  0.000000  0.114847 -0.000000 )
(  0.112301 -0.000000 -0.072097 -0.000000  0.114847  0.000000 )
( -0.112301  0.000000 -0.072097 -0.000000  0.114847  0.000000 )
( -0.112301  0.000000  0.072097  0.000000  0.114847 -0.000000 )
     freq (  14) =       1.987512 [THz] =      66.296261 [cm-1]
( -0.449713  0.000000 -0.000000  0.000000  0.000000 -0.000000 )
(  0.449713 -0.000000  0.000000  0.000000 -0.000000  0.000000 )
( -0.000000 -0.000000  0.000000 -0.000000  0.000000 -0.000000 )
( -0.000000 -0.000000 -0.000000  0.000000  0.000000 -0.000000 )
(  0.000000 -0.000000  0.057352 -0.000000  0.000000 -0.000000 )
(  0.000000  0.000000  0.057352  0.000000 -0.000000 -0.000000 )
(  0.000000  0.000000 -0.094815 -0.000000 -0.000000  0.000000 )
( -0.000000  0.000000  0.059037 -0.000000 -0.000000 -0.000000 )
( -0.000000  0.000000  0.059037  0.000000  0.000000 -0.000000 )
( -0.000000  0.000000  0.094815  0.000000  0.000000  0.000000 )
(  0.000000  0.000000 -0.059037  0.000000  0.000000 -0.000000 )
( -0.000000  0.000000 -0.057352 -0.000000  0.000000 -0.000000 )
(  0.000000  0.000000  0.000000 -0.000000  0.000000 -0.000000 )
( -0.000000 -0.000000 -0.057352  0.000000 -0.000000 -0.000000 )
(  0.000000  0.000000 -0.059037 -0.000000 -0.000000 -0.000000 )
( -0.000000  0.000000  0.000000  0.000000 -0.000000 -0.000000 )
(  0.000000 -0.000000  0.000000  0.000000  0.000000 -0.000000 )
(  0.172567 -0.000000  0.000000 -0.000000  0.000000 -0.000000 )
(  0.172567  0.000000 -0.000000  0.000000  0.000000 -0.000000 )
( -0.169983  0.000000  0.000000 -0.000000 -0.000000  0.000000 )
( -0.169983 -0.000000  0.000000  0.000000 -0.000000  0.000000 )
(  0.000000 -0.000000  0.000000  0.000000 -0.000000 -0.000000 )
(  0.169983 -0.000000  0.000000 -0.000000  0.000000 -0.000000 )
(  0.169983  0.000000 -0.000000  0.000000  0.000000 -0.000000 )
( -0.172567  0.000000  0.000000 -0.000000 -0.000000  0.000000 )
( -0.172567 -0.000000 -0.000000  0.000000 -0.000000  0.000000 )
( -0.000000  0.000000  0.342534 -0.000000 -0.000000 -0.000000 )
( -0.008335  0.000000 -0.057532 -0.000000  0.082195  0.000000 )
( -0.008335  0.000000  0.057532  0.000000  0.082195  0.000000 )
(  0.008335  0.000000  0.057532 -0.000000  0.082195 -0.000000 )
(  0.008335  0.000000 -0.057532  0.000000  0.082195 -0.000000 )
(  0.000000  0.000000 -0.342534 -0.000000 -0.000000 -0.000000 )
( -0.008335 -0.000000  0.057532 -0.000000 -0.082195  0.000000 )
( -0.008335 -0.000000 -0.057532  0.000000 -0.082195  0.000000 )
(  0.008335 -0.000000 -0.057532 -0.000000 -0.082195 -0.000000 )
(  0.008335 -0.000000  0.057532  0.000000 -0.082195 -0.000000 )
     freq (  15) =       1.987827 [THz] =      66.306770 [cm-1]
( -0.000000 -0.000000  0.000000 -0.000000 -0.577316  0.000000 )
(  0.000000  0.000000  0.000000 -0.000000  0.577316  0.000000 )
( -0.000000  0.000000 -0.035750  0.000000 -0.000000  0.000000 )
( -0.000000  0.000000  0.035750 -0.000000 -0.000000  0.000000 )
( -0.000000 -0.000000 -0.061571  0.000000 -0.000000 -0.000000 )
( -0.000000  0.000000  0.061571  0.000000  0.000000 -0.000000 )
( -0.000000 -0.000000 -0.000000 -0.000000  0.000000  0.000000 )
(  0.000000 -0.000000 -0.051179  0.000000  0.000000 -0.000000 )
(  0.000000  0.000000  0.051179  0.000000 -0.000000 -0.000000 )
(  0.000000 -0.000000  0.000000  0.000000 -0.000000  0.000000 )
( -0.000000 -0.000000  0.051179 -0.000000 -0.000000 -0.000000 )
(  0.000000  0.000000 -0.061571 -0.000000 -0.000000 -0.000000 )
( -0.000000  0.000000 -0.005038 -0.000000 -0.000000 -0.000000 )
(  0.000000 -0.000000  0.061571 -0.000000  0.000000 -0.000000 )
( -0.000000  0.000000 -0.051179 -0.000000  0.000000 -0.000000 )
(  0.000000  0.000000  0.005038 -0.000000  0.000000 -0.000000 )
(  0.000000  0.000000  0.000000 -0.000000 -0.000000 -0.000000 )
(  0.000000  0.000000 -0.018891 -0.000000 -0.155728  0.000000 )
(  0.000000  0.000000  0.018891  0.000000 -0.155728 -0.000000 )
( -0.000000 -0.000000 -0.007650 -0.000000  0.153459 -0.000000 )
( -0.000000 -0.000000  0.007650  0.000000  0.153459 -0.000000 )
( -0.000000 -0.000000  0.000000 -0.000000 -0.000000  0.000000 )
(  0.000000  0.000000 -0.007650 -0.000000 -0.153459 -0.000000 )
(  0.000000  0.000000  0.007650  0.000000 -0.153459 -0.000000 )
( -0.000000 -0.000000 -0.018891 -0.000000  0.155728 -0.000000 )
( -0.000000 -0.000000  0.018891 -0.000000  0.155728  0.000000 )
(  0.000000 -0.000000 -0.046431  0.000000  0.000000  0.000000 )
(  0.115961 -0.000000 -0.004509 -0.000000  0.005583  0.000000 )
(  0.115961 -0.000000  0.004509  0.000000  0.005583  0.000000 )
(  0.115961  0.000000 -0.004509  0.000000 -0.005583  0.000000 )
(  0.115961  0.000000  0.004509 -0.000000 -0.005583  0.000000 )
(  0.000000 -0.000000 -0.046431 -0.000000  0.000000  0.000000 )
( -0.115961 -0.000000 -0.004509  0.000000  0.005583 -0.000000 )
( -0.115961 -0.000000  0.004509 -0.000000  0.005583 -0.000000 )
( -0.115961  0.000000 -0.004509 -0.000000 -0.005583 -0.000000 )
( -0.115961  0.000000  0.004509  0.000000 -0.005583 -0.000000 )
     freq (  16) =       1.999663 [THz] =      66.701583 [cm-1]
( -0.000000 -0.000000 -0.000000  0.000000  0.000000  0.000000 )
(  0.000000  0.000000 -0.000000  0.000000 -0.000000 -0.000000 )
(  0.000000 -0.000000  0.000000  0.000000 -0.588500  0.000000 )
(  0.000000 -0.000000 -0.000000 -0.000000 -0.588500 -0.000000 )
(  0.000000  0.000000 -0.052023  0.000000  0.000000  0.000000 )
(  0.000000 -0.000000  0.052023  0.000000 -0.000000  0.000000 )
(  0.000000  0.000000 -0.000000 -0.000000 -0.000000 -0.000000 )
( -0.000000  0.000000 -0.051944  0.000000  0.000000  0.000000 )
( -0.000000  0.000000  0.051944  0.000000  0.000000  0.000000 )
(  0.000000  0.000000  0.000000  0.000000  0.000000  0.000000 )
(  0.000000 -0.000000 -0.051944  0.000000  0.000000 -0.000000 )
( -0.000000  0.000000  0.052023  0.000000  0.000000 -0.000000 )
(  0.000000  0.000000 -0.000000  0.000000  0.000000 -0.000000 )
( -0.000000  0.000000 -0.052023  0.000000 -0.000000  0.000000 )
(  0.000000 -0.000000  0.051944  0.000000 -0.000000 -0.000000 )
( -0.000000 -0.000000 -0.000000  0.000000 -0.000000  0.000000 )
( -0.000000 -0.000000 -0.000000  0.000000  0.000000  0.000000 )
( -0.125124  0.000000 -0.000000  0.000000  0.000000 -0.000000 )
(  0.125124  0.000000 -0.000000  0.000000 -0.000000  0.000000 )
(  0.104071 -0.000000 -0.000000  0.000000 -0.000000 -0.000000 )
( -0.104071 -0.000000 -0.000000  0.000000  0.000000 -0.000000 )
(  0.000000  0.000000 -0.000000  0.000000  0.000000  0.000000 )
( -0.104071  0.000000 -0.000000  0.000000  0.000000  0.000000 )
(  0.104071  0.000000 -0.000000  0.000000  0.000000  0.000000 )
(  0.125124 -0.000000 -0.000000  0.000000 -0.000000 -0.000000 )
( -0.125124 -0.000000 -0.000000  0.000000 -0.000000 -0.000000 )
( -0.000000 -0.000000  0.000000  0.000000  0.000000  0.000000 )
( -0.015848  0.000000 -0.010001 -0.000000 -0.148729  0.000000 )
(  0.015848 -0.000000 -0.010001  0.000000  0.148729  0.000000 )
(  0.015848  0.000000  0.010001  0.000000 -0.148729  0.000000 )
( -0.015848 -0.000000  0.010001 -0.000000  0.148729  0.000000 )
(  0.000000 -0.000000 -0.000000 -0.000000 -0.000000 -0.000000 )
( -0.015848 -0.000000  0.010001  0.000000  0.148729 -0.000000 )
(  0.015848  0.000000  0.010001 -0.000000 -0.148729 -0.000000 )
(  0.015848 -0.000000 -0.010001 -0.000000  0.148729 -0.000000 )
( -0.015848  0.000000 -0.010001  0.000000 -0.148729 -0.000000 )
     freq (  17) =       2.010082 [THz] =      67.049103 [cm-1]
(  0.000000 -0.000000  0.004427  0.000000  0.000000  0.000000 )
( -0.000000  0.000000  0.004427  0.000000 -0.000000 -0.000000 )
( -0.464918 -0.000000  0.000000  0.000000 -0.000000 -0.000000 )
( -0.464918  0.000000 -0.000000 -0.000000 -0.000000 -0.000000 )
(  0.000000 -0.000000  0.057325 -0.000000  0.000000 -0.000000 )
( -0.000000 -0.000000  0.057325  0.000000  0.000000  0.000000 )
( -0.000000  0.000000 -0.004876 -0.000000 -0.000000 -0.000000 )
( -0.000000  0.000000  0.053705 -0.000000 -0.000000  0.000000 )
( -0.000000 -0.000000  0.053705  0.000000  0.000000  0.000000 )
( -0.000000  0.000000 -0.004876  0.000000 -0.000000  0.000000 )
( -0.000000 -0.000000  0.053705 -0.000000  0.000000 -0.000000 )
( -0.000000  0.000000  0.057325  0.000000  0.000000 -0.000000 )
(  0.000000 -0.000000  0.089187  0.000000  0.000000 -0.000000 )
( -0.000000  0.000000  0.057325 -0.000000 -0.000000  0.000000 )
(  0.000000  0.000000  0.053705  0.000000 -0.000000 -0.000000 )
( -0.000000  0.000000  0.089187  0.000000  0.000000  0.000000 )
(  0.000000 -0.000000  0.349546 -0.000000  0.000000 -0.000000 )
( -0.000000 -0.000000  0.050367  0.000000 -0.081838  0.000000 )
(  0.000000  0.000000  0.050367  0.000000  0.081838  0.000000 )
(  0.000000  0.000000  0.054321  0.000000  0.070234  0.000000 )
( -0.000000 -0.000000  0.054321 -0.000000 -0.070234 -0.000000 )
( -0.000000  0.000000  0.360183 -0.000000  0.000000 -0.000000 )
( -0.000000 -0.000000  0.054321  0.000000 -0.070234  0.000000 )
(  0.000000  0.000000  0.054321 -0.000000  0.070234  0.000000 )
(  0.000000  0.000000  0.050367  0.000000  0.081838 -0.000000 )
( -0.000000 -0.000000  0.050367  0.000000 -0.081838 -0.000000 )
( -0.000000  0.000000  0.000000  0.000000 -0.000000  0.000000 )
(  0.160595 -0.000000 -0.003995 -0.000000  0.004839 -0.000000 )
( -0.160595  0.000000 -0.003995  0.000000 -0.004839  0.000000 )
(  0.160595  0.000000 -0.003995  0.000000 -0.004839 -0.000000 )
( -0.160595 -0.000000 -0.003995 -0.000000  0.004839  0.000000 )
(  0.000000 -0.000000  0.000000 -0.000000 -0.000000 -0.000000 )
( -0.160595 -0.000000 -0.003995  0.000000  0.004839  0.000000 )
(  0.160595  0.000000 -0.003995 -0.000000 -0.004839 -0.000000 )
( -0.160595  0.000000 -0.003995 -0.000000 -0.004839  0.000000 )
(  0.160595 -0.000000 -0.003995  0.000000  0.004839 -0.000000 )
     freq (  18) =       2.040633 [THz] =      68.068180 [cm-1]
( -0.000000  0.000000  0.011431 -0.000000 -0.000000 -0.000000 )
(  0.000000  0.000000 -0.011431  0.000000 -0.000000 -0.000000 )
(  0.000000 -0.000000  0.000000  0.000000  0.404763 -0.000000 )
( -0.000000  0.000000 -0.000000  0.000000 -0.404763  0.000000 )
( -0.081860 -0.000000  0.000000  0.000000 -0.055388  0.000000 )
( -0.081860 -0.000000  0.000000  0.000000  0.055388  0.000000 )
( -0.004336  0.000000 -0.000000 -0.000000 -0.000000 -0.000000 )
(  0.082975 -0.000000  0.000000  0.000000  0.043456  0.000000 )
(  0.082975 -0.000000  0.000000  0.000000 -0.043456  0.000000 )
(  0.004336 -0.000000  0.000000 -0.000000 -0.000000  0.000000 )
( -0.082975 -0.000000 -0.000000  0.000000 -0.043456 -0.000000 )
(  0.081860  0.000000 -0.000000  0.000000 -0.055388 -0.000000 )
( -0.000000 -0.000000  0.000000  0.000000 -0.076431 -0.000000 )
(  0.081860  0.000000 -0.000000  0.000000  0.055388 -0.000000 )
( -0.082975  0.000000  0.000000  0.000000  0.043456 -0.000000 )
(  0.000000  0.000000  0.000000  0.000000  0.076431  0.000000 )
(  0.000000  0.000000  0.000000  0.000000  0.000000  0.000000 )
(  0.000000  0.000000 -0.060671 -0.000000 -0.237652  0.000000 )
(  0.000000 -0.000000 -0.060671 -0.000000  0.237652  0.000000 )
( -0.000000  0.000000 -0.049872  0.000000  0.226310 -0.000000 )
( -0.000000 -0.000000 -0.049872 -0.000000 -0.226310 -0.000000 )
( -0.000000 -0.000000  0.000000  0.000000  0.000000  0.000000 )
(  0.000000  0.000000  0.049872 -0.000000  0.226310  0.000000 )
(  0.000000 -0.000000  0.049872  0.000000 -0.226310 -0.000000 )
( -0.000000  0.000000  0.060671  0.000000 -0.237652  0.000000 )
( -0.000000 -0.000000  0.060671  0.000000  0.237652 -0.000000 )
(  0.010810  0.000000  0.000000 -0.000000  0.034587 -0.000000 )
(  0.002503 -0.000000 -0.054060  0.000000 -0.114388 -0.000000 )
( -0.002503  0.000000 -0.054060  0.000000  0.114388  0.000000 )
( -0.002503 -0.000000  0.054060  0.000000 -0.114388  0.000000 )
(  0.002503  0.000000  0.054060 -0.000000  0.114388 -0.000000 )
( -0.010810  0.000000 -0.000000  0.000000  0.034587 -0.000000 )
( -0.002503 -0.000000 -0.054060 -0.000000 -0.114388  0.000000 )
(  0.002503  0.000000 -0.054060  0.000000  0.114388 -0.000000 )
(  0.002503 -0.000000  0.054060 -0.000000 -0.114388 -0.000000 )
( -0.002503  0.000000  0.054060 -0.000000  0.114388  0.000000 )
     freq (  19) =       2.225852 [THz] =      74.246416 [cm-1]
( -0.543834 -0.000000  0.000000  0.000000 -0.000000 -0.000000 )
( -0.543834  0.000000 -0.000000 -0.000000  0.000000 -0.000000 )
( -0.000000  0.000000 -0.003669  0.000000  0.000000 -0.000000 )
(  0.000000 -0.000000 -0.003669  0.000000 -0.000000  0.000000 )
( -0.091324  0.000000  0.000000  0.000000 -0.001619  0.000000 )
( -0.091324 -0.000000  0.000000  0.000000  0.001619  0.000000 )
(  0.130659  0.000000  0.000000 -0.000000 -0.000000  0.000000 )
(  0.097254 -0.000000  0.000000  0.000000  0.002742  0.000000 )
(  0.097254  0.000000 -0.000000  0.000000 -0.002742 -0.000000 )
(  0.130659  0.000000  0.000000  0.000000  0.000000  0.000000 )
(  0.097254  0.000000  0.000000 -0.000000  0.002742  0.000000 )
( -0.091324  0.000000  0.000000 -0.000000  0.001619  0.000000 )
( -0.004546  0.000000  0.000000  0.000000  0.000000  0.000000 )
( -0.091324 -0.000000  0.000000 -0.000000 -0.001619  0.000000 )
(  0.097254 -0.000000 -0.000000 -0.000000 -0.002742  0.000000 )
( -0.004546 -0.000000  0.000000 -0.000000 -0.000000  0.000000 )
( -0.200358 -0.000000 -0.000000  0.000000  0.000000  0.000000 )
( -0.139209  0.000000  0.000000  0.000000  0.000000  0.000000 )
( -0.139209 -0.000000 -0.000000 -0.000000  0.000000  0.000000 )
(  0.151431 -0.000000 -0.000000  0.000000  0.000000  0.000000 )
(  0.151431  0.000000 -0.000000 -0.000000  0.000000  0.000000 )
(  0.199473  0.000000 -0.000000  0.000000  0.000000  0.000000 )
(  0.151431 -0.000000  0.000000 -0.000000 -0.000000  0.000000 )
(  0.151431  0.000000  0.000000  0.000000  0.000000  0.000000 )
( -0.139209  0.000000  0.000000 -0.000000  0.000000  0.000000 )
( -0.139209 -0.000000  0.000000  0.000000  0.000000  0.000000 )
(  0.000000 -0.000000 -0.000000  0.000000  0.000000  0.000000 )
(  0.081556  0.000000  0.006531 -0.000000  0.006296  0.000000 )
(  0.081556 -0.000000 -0.006531 -0.000000  0.006296 -0.000000 )
(  0.081556  0.000000  0.006531  0.000000 -0.006296 -0.000000 )
(  0.081556 -0.000000 -0.006531 -0.000000 -0.006296 -0.000000 )
(  0.000000 -0.000000  0.000000 -0.000000 -0.000000  0.000000 )
(  0.081556  0.000000 -0.006531 -0.000000 -0.006296 -0.000000 )
(  0.081556 -0.000000  0.006531  0.000000 -0.006296 -0.000000 )
(  0.081556  0.000000 -0.006531  0.000000  0.006296 -0.000000 )
(  0.081556 -0.000000  0.006531  0.000000  0.006296 -0.000000 )
     freq (  20) =       2.228773 [THz] =      74.343856 [cm-1]
(  0.000000  0.000000  0.000000  0.000000  0.000000  0.000000 )
(  0.000000  0.000000  0.000000 -0.000000  0.000000  0.000000 )
( -0.540855  0.000000  0.000000  0.000000  0.000000  0.000000 )
(  0.540855 -0.000000  0.000000  0.000000 -0.000000 -0.000000 )
( -0.100349  0.000000 -0.000000  0.000000 -0.007237 -0.000000 )
(  0.100349  0.000000 -0.000000  0.000000 -0.007237  0.000000 )
( -0.000000 -0.000000  0.000000  0.000000 -0.002781  0.000000 )
(  0.090399 -0.000000  0.000000  0.000000  0.005028  0.000000 )
( -0.090399 -0.000000  0.000000  0.000000  0.005028  0.000000 )
( -0.000000 -0.000000 -0.000000  0.000000  0.002781  0.000000 )
( -0.090399 -0.000000  0.000000  0.000000 -0.005028  0.000000 )
( -0.100349  0.000000 -0.000000  0.000000  0.007237 -0.000000 )
( -0.130789  0.000000  0.000000  0.000000 -0.000000  0.000000 )
(  0.100349  0.000000  0.000000  0.000000  0.007237 -0.000000 )
(  0.090399 -0.000000  0.000000  0.000000 -0.005028  0.000000 )
(  0.130789  0.000000 -0.000000  0.000000  0.000000  0.000000 )
(  0.000000  0.000000  0.000000  0.000000 -0.000000 -0.000000 )
( -0.084736  0.000000  0.000000 -0.000000 -0.000000 -0.000000 )
(  0.084736  0.000000 -0.000000 -0.000000 -0.000000  0.000000 )
(  0.079923 -0.000000  0.000000 -0.000000  0.000000  0.000000 )
( -0.079923 -0.000000 -0.000000 -0.000000 -0.000000  0.000000 )
( -0.000000 -0.000000  0.000000  0.000000  0.000000  0.000000 )
(  0.079923 -0.000000 -0.000000  0.000000  0.000000  0.000000 )
( -0.079923 -0.000000  0.000000  0.000000 -0.000000  0.000000 )
( -0.084736  0.000000 -0.000000  0.000000 -0.000000 -0.000000 )
(  0.084736  0.000000 -0.000000  0.000000 -0.000000  0.000000 )
(  0.196668  0.000000  0.000000  0.000000 -0.000046  0.000000 )
( -0.148105 -0.000000  0.006122 -0.000000  0.002192 -0.000000 )
(  0.148105 -0.000000  0.006122 -0.000000 -0.002192  0.000000 )
( -0.148105 -0.000000  0.006122  0.000000 -0.002192  0.000000 )
(  0.148105 -0.000000  0.006122  0.000000  0.002192  0.000000 )
(  0.196668 -0.000000 -0.000000 -0.000000  0.000046 -0.000000 )
( -0.148105 -0.000000 -0.006122 -0.000000 -0.002192  0.000000 )
(  0.148105 -0.000000 -0.006122  0.000000  0.002192  0.000000 )
( -0.148105 -0.000000 -0.006122  0.000000  0.002192 -0.000000 )
(  0.148105 -0.000000 -0.006122  0.000000 -0.002192  0.000000 )
     freq (  21) =       2.365276 [THz] =      78.897114 [cm-1]
(  0.000000 -0.000000  0.000000  0.000000 -0.553534  0.000000 )
( -0.000000 -0.000000 -0.000000 -0.000000 -0.553534 -0.000000 )
( -0.000000  0.000000 -0.000000 -0.000000 -0.000000  0.000000 )
(  0.000000 -0.000000  0.000000 -0.000000  0.000000 -0.000000 )
( -0.101807 -0.000000 -0.000000  0.000000 -0.017781 -0.000000 )
(  0.101807  0.000000  0.000000 -0.000000 -0.017781 -0.000000 )
( -0.000000 -0.000000 -0.000000 -0.000000 -0.114981  0.000000 )
(  0.136300 -0.000000 -0.000000  0.000000 -0.005926 -0.000000 )
( -0.136300 -0.000000  0.000000 -0.000000 -0.005926  0.000000 )
(  0.000000 -0.000000  0.000000  0.000000 -0.114981  0.000000 )
(  0.136300  0.000000 -0.000000 -0.000000 -0.005926  0.000000 )
(  0.101807  0.000000 -0.000000  0.000000 -0.017781 -0.000000 )
( -0.000000  0.000000 -0.000000  0.000000 -0.030775  0.000000 )
( -0.101807 -0.000000 -0.000000 -0.000000 -0.017781 -0.000000 )
( -0.136300 -0.000000 -0.000000  0.000000 -0.005926 -0.000000 )
(  0.000000 -0.000000 -0.000000 -0.000000 -0.030775 -0.000000 )
(  0.000000  0.000000  0.000000 -0.000000  0.063718 -0.000000 )
( -0.000000  0.000000 -0.083022 -0.000000  0.001951 -0.000000 )
(  0.000000 -0.000000  0.083022  0.000000  0.001951 -0.000000 )
(  0.000000 -0.000000 -0.128873 -0.000000 -0.095366 -0.000000 )
( -0.000000  0.000000  0.128873  0.000000 -0.095366  0.000000 )
( -0.000000 -0.000000 -0.000000 -0.000000 -0.144309 -0.000000 )
( -0.000000 -0.000000  0.128873  0.000000 -0.095366 -0.000000 )
(  0.000000  0.000000 -0.128873 -0.000000 -0.095366  0.000000 )
( -0.000000  0.000000  0.083022  0.000000  0.001951  0.000000 )
( -0.000000 -0.000000 -0.083022 -0.000000  0.001951 -0.000000 )
(  0.000000 -0.000000 -0.000000 -0.000000 -0.000000 -0.000000 )
( -0.004941  0.000000  0.074443  0.000000 -0.072351  0.000000 )
( -0.004941 -0.000000 -0.074443  0.000000 -0.072351  0.000000 )
(  0.004941  0.000000 -0.074443 -0.000000 -0.072351  0.000000 )
(  0.004941 -0.000000  0.074443 -0.000000 -0.072351  0.000000 )
( -0.000000 -0.000000 -0.000000  0.000000 -0.000000 -0.000000 )
(  0.004941  0.000000  0.074443  0.000000 -0.072351  0.000000 )
(  0.004941 -0.000000 -0.074443 -0.000000 -0.072351  0.000000 )
( -0.004941  0.000000 -0.074443 -0.000000 -0.072351  0.000000 )
( -0.004941 -0.000000  0.074443 -0.000000 -0.072351  0.000000 )
     freq (  22) =       2.412919 [THz] =      80.486307 [cm-1]
(  0.000000 -0.000000 -0.000000 -0.000000 -0.295554  0.000000 )
( -0.000000 -0.000000  0.000000  0.000000 -0.295554  0.000000 )
( -0.000000 -0.000000  0.000000 -0.000000  0.000000  0.000000 )
( -0.000000  0.000000 -0.000000 -0.000000 -0.000000 -0.000000 )
(  0.024657 -0.000000 -0.000000 -0.000000 -0.047035  0.000000 )
( -0.024657  0.000000 -0.000000 -0.000000 -0.047035 -0.000000 )
(  0.000000  0.000000 -0.000000  0.000000  0.248284 -0.000000 )
( -0.052649  0.000000 -0.000000 -0.000000  0.036308 -0.000000 )
(  0.052649 -0.000000 -0.000000 -0.000000  0.036308  0.000000 )
( -0.000000  0.000000  0.000000 -0.000000  0.248284 -0.000000 )
( -0.052649  0.000000 -0.000000  0.000000  0.036308  0.000000 )
( -0.024657 -0.000000 -0.000000  0.000000 -0.047035  0.000000 )
(  0.000000 -0.000000 -0.000000 -0.000000  0.041549  0.000000 )
(  0.024657 -0.000000 -0.000000  0.000000 -0.047035 -0.000000 )
(  0.052649  0.000000 -0.000000  0.000000  0.036308 -0.000000 )
( -0.000000 -0.000000 -0.000000  0.000000  0.041549 -0.000000 )
( -0.000000 -0.000000  0.000000 -0.000000 -0.121081  0.000000 )
( -0.000000 -0.000000 -0.056131 -0.000000  0.000443  0.000000 )
( -0.000000  0.000000  0.056131 -0.000000  0.000443 -0.000000 )
( -0.000000 -0.000000 -0.012491 -0.000000  0.032927 -0.000000 )
(  0.000000 -0.000000  0.012491 -0.000000  0.032927  0.000000 )
(  0.000000  0.000000  0.000000 -0.000000  0.128763 -0.000000 )
(  0.000000  0.000000  0.012491  0.000000  0.032927 -0.000000 )
( -0.000000 -0.000000 -0.012491  0.000000  0.032927  0.000000 )
(  0.000000  0.000000  0.056131  0.000000  0.000443  0.000000 )
( -0.000000  0.000000 -0.056131  0.000000  0.000443 -0.000000 )
( -0.000000 -0.000000  0.000000  0.000000  0.000000 -0.000000 )
(  0.014608 -0.000000 -0.120049  0.000000  0.251273 -0.000000 )
(  0.014608  0.000000  0.120049  0.000000  0.251273 -0.000000 )
( -0.014608 -0.000000  0.120049 -0.000000  0.251273 -0.000000 )
( -0.014608  0.000000 -0.120049 -0.000000  0.251273 -0.000000 )
(  0.000000  0.000000  0.000000 -0.000000  0.000000 -0.000000 )
( -0.014608 -0.000000 -0.120049  0.000000  0.251273 -0.000000 )
( -0.014608  0.000000  0.120049  0.000000  0.251273 -0.000000 )
(  0.014608 -0.000000  0.120049 -0.000000  0.251273 -0.000000 )
(  0.014608  0.000000 -0.120049 -0.000000  0.251273 -0.000000 )
     freq (  23) =       2.420176 [THz] =      80.728373 [cm-1]
( -0.000000 -0.000000  0.022882 -0.000000 -0.000000  0.000000 )
( -0.000000 -0.000000 -0.022882  0.000000 -0.000000  0.000000 )
( -0.000000  0.000000  0.000000  0.000000 -0.529534  0.000000 )
(  0.000000 -0.000000 -0.000000  0.000000  0.529534  0.000000 )
( -0.035946  0.000000  0.000000 -0.000000 -0.055837  0.000000 )
( -0.035946 -0.000000 -0.000000 -0.000000  0.055837  0.000000 )
( -0.000985  0.000000 -0.000000 -0.000000  0.000000 -0.000000 )
(  0.030408 -0.000000  0.000000 -0.000000  0.041174 -0.000000 )
(  0.030408  0.000000  0.000000 -0.000000 -0.041174 -0.000000 )
(  0.000985 -0.000000  0.000000 -0.000000  0.000000 -0.000000 )
( -0.030408  0.000000 -0.000000 -0.000000 -0.041174 -0.000000 )
(  0.035946  0.000000 -0.000000 -0.000000 -0.055837  0.000000 )
( -0.000000  0.000000 -0.000000 -0.000000 -0.140405 -0.000000 )
(  0.035946 -0.000000 -0.000000 -0.000000  0.055837  0.000000 )
( -0.030408 -0.000000 -0.000000 -0.000000  0.041174 -0.000000 )
(  0.000000 -0.000000 -0.000000 -0.000000  0.140405 -0.000000 )
( -0.000000 -0.000000  0.000000  0.000000 -0.000000  0.000000 )
(  0.000000  0.000000  0.042636  0.000000 -0.192691  0.000000 )
(  0.000000 -0.000000  0.042636 -0.000000  0.192691 -0.000000 )
( -0.000000 -0.000000  0.058727  0.000000  0.176699 -0.000000 )
(  0.000000  0.000000  0.058727 -0.000000 -0.176699  0.000000 )
(  0.000000  0.000000 -0.000000  0.000000  0.000000 -0.000000 )
(  0.000000  0.000000 -0.058727 -0.000000  0.176699  0.000000 )
( -0.000000 -0.000000 -0.058727  0.000000 -0.176699 -0.000000 )
( -0.000000  0.000000 -0.042636 -0.000000 -0.192691 -0.000000 )
( -0.000000 -0.000000 -0.042636  0.000000  0.192691  0.000000 )
(  0.008210 -0.000000 -0.000000 -0.000000  0.070388 -0.000000 )
(  0.009986 -0.000000 -0.090329  0.000000  0.000100 -0.000000 )
( -0.009986  0.000000 -0.090329 -0.000000 -0.000100 -0.000000 )
( -0.009986  0.000000  0.090329 -0.000000  0.000100 -0.000000 )
(  0.009986 -0.000000  0.090329  0.000000 -0.000100 -0.000000 )
( -0.008210 -0.000000  0.000000 -0.000000  0.070388 -0.000000 )
( -0.009986  0.000000 -0.090329  0.000000  0.000100 -0.000000 )
(  0.009986  0.000000 -0.090329 -0.000000 -0.000100 -0.000000 )
(  0.009986  0.000000  0.090329 -0.000000  0.000100 -0.000000 )
( -0.009986 -0.000000  0.090329  0.000000 -0.000100 -0.000000 )
     freq (  24) =       2.469811 [THz] =      82.384016 [cm-1]
( -0.000000 -0.000000  0.000000  0.000000  0.000000  0.000000 )
(  0.000000  0.000000 -0.000000  0.000000  0.000000 -0.000000 )
( -0.000000 -0.000000  0.000000 -0.000000 -0.017119  0.000000 )
(  0.000000 -0.000000  0.000000  0.000000 -0.017119 -0.000000 )
( -0.000000  0.000000 -0.055374  0.000000 -0.000000  0.000000 )
( -0.000000  0.000000  0.055374  0.000000  0.000000 -0.000000 )
(  0.000000  0.000000  0.000000  0.000000  0.000000  0.000000 )
( -0.000000 -0.000000 -0.049148  0.000000  0.000000 -0.000000 )
(  0.000000 -0.000000  0.049148  0.000000  0.000000  0.000000 )
(  0.000000 -0.000000 -0.000000 -0.000000  0.000000 -0.000000 )
( -0.000000  0.000000 -0.049148  0.000000 -0.000000  0.000000 )
( -0.000000 -0.000000  0.055374  0.000000 -0.000000  0.000000 )
( -0.000000 -0.000000 -0.000000  0.000000 -0.000000  0.000000 )
(  0.000000 -0.000000 -0.055374  0.000000 -0.000000 -0.000000 )
(  0.000000  0.000000  0.049148  0.000000  0.000000 -0.000000 )
(  0.000000  0.000000 -0.000000  0.000000  0.000000 -0.000000 )
( -0.000000 -0.000000  0.000000 -0.000000 -0.000000 -0.000000 )
( -0.110411 -0.000000 -0.000000  0.000000  0.000000 -0.000000 )
(  0.110411  0.000000 -0.000000  0.000000 -0.000000  0.000000 )
(  0.350571 -0.000000 -0.000000  0.000000 -0.000000  0.000000 )
( -0.350571  0.000000 -0.000000  0.000000  0.000000 -0.000000 )
(  0.000000  0.000000  0.000000 -0.000000  0.000000  0.000000 )
( -0.350571  0.000000 -0.000000  0.000000  0.000000 -0.000000 )
(  0.350571 -0.000000 -0.000000  0.000000 -0.000000  0.000000 )
(  0.110411  0.000000 -0.000000  0.000000 -0.000000  0.000000 )
( -0.110411 -0.000000 -0.000000  0.000000  0.000000 -0.000000 )
(  0.000000  0.000000  0.000000  0.000000  0.000000 -0.000000 )
(  0.117571  0.000000 -0.051877  0.000000  0.195260 -0.000000 )
( -0.117571 -0.000000 -0.051877  0.000000 -0.195260 -0.000000 )
( -0.117571  0.000000  0.051877 -0.000000  0.195260  0.000000 )
(  0.117571 -0.000000  0.051877  0.000000 -0.195260 -0.000000 )
(  0.000000  0.000000 -0.000000 -0.000000 -0.000000 -0.000000 )
(  0.117571 -0.000000  0.051877 -0.000000 -0.195260 -0.000000 )
( -0.117571  0.000000  0.051877  0.000000  0.195260  0.000000 )
( -0.117571 -0.000000 -0.051877  0.000000 -0.195260  0.000000 )
(  0.117571  0.000000 -0.051877 -0.000000  0.195260  0.000000 )
     freq (  25) =       2.487423 [THz] =      82.971495 [cm-1]
(  0.000000 -0.000000  0.035596 -0.000000  0.000000  0.000000 )
(  0.000000  0.000000  0.035596 -0.000000 -0.000000 -0.000000 )
(  0.000887 -0.000000  0.000000  0.000000 -0.000000  0.000000 )
(  0.000887 -0.000000 -0.000000 -0.000000  0.000000 -0.000000 )
(  0.000000  0.000000  0.073482 -0.000000 -0.000000  0.000000 )
(  0.000000  0.000000  0.073482  0.000000 -0.000000 -0.000000 )
( -0.000000  0.000000  0.014713  0.000000  0.000000  0.000000 )
( -0.000000 -0.000000  0.051870 -0.000000  0.000000 -0.000000 )
( -0.000000 -0.000000  0.051870  0.000000  0.000000  0.000000 )
( -0.000000 -0.000000  0.014713 -0.000000  0.000000 -0.000000 )
( -0.000000  0.000000  0.051870  0.000000  0.000000  0.000000 )
( -0.000000 -0.000000  0.073482  0.000000 -0.000000  0.000000 )
( -0.000000  0.000000  0.189687  0.000000 -0.000000  0.000000 )
(  0.000000 -0.000000  0.073482 -0.000000 -0.000000 -0.000000 )
(  0.000000  0.000000  0.051870  0.000000  0.000000 -0.000000 )
(  0.000000 -0.000000  0.189687  0.000000  0.000000 -0.000000 )
(  0.000000  0.000000 -0.495309  0.000000 -0.000000  0.000000 )
( -0.000000 -0.000000  0.168830  0.000000 -0.149010  0.000000 )
(  0.000000  0.000000  0.168830  0.000000  0.149010  0.000000 )
(  0.000000  0.000000  0.155075  0.000000  0.175394  0.000000 )
( -0.000000 -0.000000  0.155075  0.000000 -0.175394 -0.000000 )
(  0.000000 -0.000000 -0.418048 -0.000000  0.000000 -0.000000 )
( -0.000000 -0.000000  0.155075  0.000000 -0.175394 -0.000000 )
(  0.000000  0.000000  0.155075  0.000000  0.175394  0.000000 )
(  0.000000  0.000000  0.168830  0.000000  0.149010  0.000000 )
( -0.000000 -0.000000  0.168830  0.000000 -0.149010 -0.000000 )
(  0.000000 -0.000000 -0.000000  0.000000  0.000000 -0.000000 )
(  0.076001  0.000000 -0.000891  0.000000 -0.023246  0.000000 )
( -0.076001  0.000000 -0.000891 -0.000000  0.023246 -0.000000 )
(  0.076001  0.000000 -0.000891 -0.000000  0.023246  0.000000 )
( -0.076001 -0.000000 -0.000891  0.000000 -0.023246 -0.000000 )
(  0.000000 -0.000000 -0.000000 -0.000000 -0.000000 -0.000000 )
( -0.076001 -0.000000 -0.000891  0.000000 -0.023246 -0.000000 )
(  0.076001  0.000000 -0.000891  0.000000  0.023246  0.000000 )
( -0.076001 -0.000000 -0.000891  0.000000  0.023246 -0.000000 )
(  0.076001  0.000000 -0.000891 -0.000000 -0.023246  0.000000 )
     freq (  26) =       2.547234 [THz] =      84.966566 [cm-1]
(  0.020739  0.000000  0.000000 -0.000000  0.000000 -0.000000 )
( -0.020739 -0.000000 -0.000000  0.000000  0.000000  0.000000 )
( -0.000000 -0.000000  0.000000 -0.000000 -0.000000  0.000000 )
(  0.000000 -0.000000 -0.000000  0.000000 -0.000000  0.000000 )
(  0.000000 -0.000000  0.054614  0.000000  0.000000  0.000000 )
( -0.000000  0.000000  0.054614 -0.000000 -0.000000  0.000000 )
(  0.000000 -0.000000 -0.183725 -0.000000  0.000000 -0.000000 )
( -0.000000  0.000000  0.051491  0.000000 -0.000000 -0.000000 )
(  0.000000 -0.000000  0.051491 -0.000000  0.000000 -0.000000 )
(  0.000000 -0.000000  0.183725  0.000000  0.000000 -0.000000 )
( -0.000000  0.000000 -0.051491 -0.000000  0.000000 -0.000000 )
( -0.000000  0.000000 -0.054614  0.000000 -0.000000  0.000000 )
( -0.000000 -0.000000  0.000000 -0.000000  0.000000 -0.000000 )
(  0.000000 -0.000000 -0.054614 -0.000000 -0.000000  0.000000 )
(  0.000000 -0.000000 -0.051491  0.000000  0.000000 -0.000000 )
(  0.000000 -0.000000  0.000000 -0.000000 -0.000000 -0.000000 )
( -0.000000  0.000000  0.000000  0.000000 -0.000000  0.000000 )
(  0.035724  0.000000 -0.000000  0.000000  0.000000 -0.000000 )
(  0.035724  0.000000  0.000000 -0.000000  0.000000 -0.000000 )
( -0.094974 -0.000000 -0.000000  0.000000 -0.000000  0.000000 )
( -0.094974  0.000000  0.000000 -0.000000 -0.000000  0.000000 )
(  0.000000 -0.000000 -0.000000  0.000000  0.000000 -0.000000 )
(  0.094974 -0.000000 -0.000000  0.000000  0.000000 -0.000000 )
(  0.094974 -0.000000  0.000000 -0.000000  0.000000 -0.000000 )
( -0.035724 -0.000000 -0.000000  0.000000 -0.000000  0.000000 )
( -0.035724 -0.000000  0.000000 -0.000000 -0.000000  0.000000 )
(  0.000000 -0.000000 -0.457837  0.000000 -0.000000 -0.000000 )
(  0.036089 -0.000000 -0.160161 -0.000000  0.170678  0.000000 )
(  0.036089 -0.000000  0.160161  0.000000  0.170678  0.000000 )
( -0.036089 -0.000000  0.160161  0.000000  0.170678  0.000000 )
( -0.036089 -0.000000 -0.160161 -0.000000  0.170678  0.000000 )
(  0.000000  0.000000  0.457837  0.000000 -0.000000 -0.000000 )
(  0.036089  0.000000  0.160161  0.000000 -0.170678 -0.000000 )
(  0.036089  0.000000 -0.160161 -0.000000 -0.170678 -0.000000 )
( -0.036089  0.000000 -0.160161 -0.000000 -0.170678 -0.000000 )
( -0.036089  0.000000  0.160161  0.000000 -0.170678 -0.000000 )
     freq (  27) =       2.549695 [THz] =      85.048668 [cm-1]
( -0.000000 -0.000000 -0.000000 -0.000000  0.025738 -0.000000 )
(  0.000000  0.000000 -0.000000 -0.000000 -0.025738  0.000000 )
( -0.000000 -0.000000  0.004629 -0.000000 -0.000000 -0.000000 )
( -0.000000  0.000000 -0.004629  0.000000  0.000000 -0.000000 )
(  0.000000  0.000000 -0.078149 -0.000000  0.000000  0.000000 )
( -0.000000 -0.000000  0.078149 -0.000000  0.000000  0.000000 )
( -0.000000  0.000000  0.000000  0.000000  0.000000  0.000000 )
( -0.000000 -0.000000 -0.049994 -0.000000 -0.000000 -0.000000 )
(  0.000000  0.000000  0.049994 -0.000000 -0.000000  0.000000 )
( -0.000000  0.000000 -0.000000 -0.000000  0.000000  0.000000 )
( -0.000000 -0.000000  0.049994  0.000000 -0.000000 -0.000000 )
( -0.000000 -0.000000 -0.078149  0.000000 -0.000000  0.000000 )
( -0.000000 -0.000000 -0.012233 -0.000000 -0.000000  0.000000 )
(  0.000000  0.000000  0.078149  0.000000 -0.000000  0.000000 )
(  0.000000  0.000000 -0.049994  0.000000  0.000000 -0.000000 )
(  0.000000 -0.000000  0.012233  0.000000 -0.000000  0.000000 )
(  0.000000 -0.000000  0.000000  0.000000 -0.000000 -0.000000 )
( -0.000000 -0.000000 -0.082165  0.000000  0.208508 -0.000000 )
( -0.000000 -0.000000  0.082165 -0.000000  0.208508 -0.000000 )
(  0.000000  0.000000 -0.057608  0.000000 -0.212321  0.000000 )
(  0.000000  0.000000  0.057608 -0.000000 -0.212321  0.000000 )
( -0.000000  0.000000  0.000000 -0.000000 -0.000000 -0.000000 )
( -0.000000 -0.000000 -0.057608  0.000000  0.212321 -0.000000 )
( -0.000000 -0.000000  0.057608 -0.000000  0.212321 -0.000000 )
(  0.000000  0.000000 -0.082165  0.000000 -0.208508  0.000000 )
(  0.000000  0.000000  0.082165 -0.000000 -0.208508  0.000000 )
(  0.000000  0.000000 -0.102428  0.000000  0.000000  0.000000 )
(  0.260690 -0.000000 -0.020273  0.000000  0.013504 -0.000000 )
(  0.260690 -0.000000  0.020273 -0.000000  0.013504 -0.000000 )
(  0.260690 -0.000000 -0.020273 -0.000000 -0.013504 -0.000000 )
(  0.260690 -0.000000  0.020273  0.000000 -0.013504 -0.000000 )
(  0.000000 -0.000000 -0.102428 -0.000000  0.000000  0.000000 )
( -0.260690  0.000000 -0.020273 -0.000000  0.013504  0.000000 )
( -0.260690  0.000000  0.020273  0.000000  0.013504  0.000000 )
( -0.260690  0.000000 -0.020273  0.000000 -0.013504  0.000000 )
( -0.260690  0.000000  0.020273 -0.000000 -0.013504  0.000000 )
     freq (  28) =       2.614001 [THz] =      87.193684 [cm-1]
( -0.000000  0.000000 -0.000000  0.000000 -0.000000 -0.000000 )
(  0.000000 -0.000000  0.000000  0.000000  0.000000  0.000000 )
(  0.000000 -0.000000  0.000000  0.000000 -0.023031 -0.000000 )
( -0.000000 -0.000000  0.000000 -0.000000 -0.023031 -0.000000 )
( -0.000000  0.000000  0.024480  0.000000 -0.000000 -0.000000 )
( -0.000000 -0.000000 -0.024480  0.000000  0.000000 -0.000000 )
(  0.000000  0.000000  0.000000 -0.000000  0.000000  0.000000 )
( -0.000000 -0.000000  0.015181 -0.000000  0.000000 -0.000000 )
(  0.000000 -0.000000 -0.015181 -0.000000  0.000000  0.000000 )
(  0.000000 -0.000000 -0.000000 -0.000000  0.000000 -0.000000 )
( -0.000000  0.000000  0.015181 -0.000000 -0.000000  0.000000 )
( -0.000000  0.000000 -0.024480  0.000000  0.000000  0.000000 )
(  0.000000  0.000000  0.000000 -0.000000  0.000000  0.000000 )
( -0.000000 -0.000000  0.024480  0.000000  0.000000  0.000000 )
(  0.000000  0.000000 -0.015181 -0.000000  0.000000 -0.000000 )
( -0.000000 -0.000000  0.000000 -0.000000  0.000000 -0.000000 )
( -0.000000  0.000000  0.000000 -0.000000  0.000000 -0.000000 )
(  0.353032  0.000000  0.000000  0.000000 -0.000000  0.000000 )
( -0.353032  0.000000 -0.000000  0.000000  0.000000 -0.000000 )
(  0.113303  0.000000  0.000000 -0.000000  0.000000 -0.000000 )
( -0.113303  0.000000  0.000000 -0.000000  0.000000  0.000000 )
(  0.000000 -0.000000 -0.000000  0.000000  0.000000  0.000000 )
( -0.113303 -0.000000  0.000000 -0.000000 -0.000000  0.000000 )
(  0.113303 -0.000000  0.000000 -0.000000 -0.000000 -0.000000 )
( -0.353032  0.000000  0.000000  0.000000  0.000000 -0.000000 )
(  0.353032 -0.000000 -0.000000  0.000000 -0.000000  0.000000 )
( -0.000000 -0.000000  0.000000 -0.000000  0.000000 -0.000000 )
(  0.204915 -0.000000  0.016715 -0.000000 -0.115968 -0.000000 )
( -0.204915  0.000000  0.016715 -0.000000  0.115968  0.000000 )
( -0.204915  0.000000 -0.016715 -0.000000 -0.115968  0.000000 )
(  0.204915  0.000000 -0.016715 -0.000000  0.115968 -0.000000 )
( -0.000000 -0.000000 -0.000000  0.000000  0.000000  0.000000 )
(  0.204915 -0.000000 -0.016715 -0.000000  0.115968 -0.000000 )
( -0.204915 -0.000000 -0.016715 -0.000000 -0.115968  0.000000 )
( -0.204915  0.000000  0.016715 -0.000000  0.115968  0.000000 )
(  0.204915 -0.000000  0.016715 -0.000000 -0.115968 -0.000000 )
     freq (  29) =       2.619174 [THz] =      87.366256 [cm-1]
( -0.004833 -0.000000 -0.000000 -0.000000  0.000000  0.000000 )
(  0.004833  0.000000 -0.000000 -0.000000 -0.000000 -0.000000 )
(  0.000000 -0.000000 -0.000000 -0.000000  0.000000  0.000000 )
( -0.000000  0.000000  0.000000  0.000000  0.000000  0.000000 )
(  0.000000 -0.000000 -0.011967 -0.000000 -0.000000 -0.000000 )
(  0.000000 -0.000000 -0.011967  0.000000 -0.000000 -0.000000 )
( -0.000000  0.000000  0.024482  0.000000 -0.000000  0.000000 )
( -0.000000 -0.000000 -0.003397  0.000000 -0.000000 -0.000000 )
( -0.000000  0.000000 -0.003397 -0.000000 -0.000000  0.000000 )
( -0.000000  0.000000 -0.024482 -0.000000 -0.000000  0.000000 )
(  0.000000 -0.000000  0.003397 -0.000000  0.000000 -0.000000 )
(  0.000000 -0.000000  0.011967  0.000000  0.000000 -0.000000 )
(  0.000000 -0.000000 -0.000000 -0.000000 -0.000000  0.000000 )
( -0.000000 -0.000000  0.011967  0.000000  0.000000 -0.000000 )
( -0.000000  0.000000  0.003397  0.000000 -0.000000  0.000000 )
( -0.000000 -0.000000 -0.000000  0.000000  0.000000  0.000000 )
(  0.000000 -0.000000  0.000000  0.000000  0.000000 -0.000000 )
( -0.258781 -0.000000 -0.000000 -0.000000 -0.000000 -0.000000 )
( -0.258781  0.000000  0.000000  0.000000 -0.000000 -0.000000 )
( -0.246874 -0.000000  0.000000  0.000000  0.000000  0.000000 )
( -0.246874 -0.000000 -0.000000 -0.000000  0.000000  0.000000 )
( -0.000000  0.000000  0.000000 -0.000000 -0.000000 -0.000000 )
(  0.246874  0.000000  0.000000  0.000000 -0.000000 -0.000000 )
(  0.246874  0.000000 -0.000000 -0.000000 -0.000000 -0.000000 )
(  0.258781  0.000000 -0.000000 -0.000000  0.000000  0.000000 )
(  0.258781 -0.000000 -0.000000  0.000000  0.000000  0.000000 )
( -0.000000 -0.000000  0.073616  0.000000 -0.000000 -0.000000 )
(  0.242533 -0.000000  0.018791  0.000000 -0.016723  0.000000 )
(  0.242533  0.000000 -0.018791 -0.000000 -0.016723 -0.000000 )
( -0.242533 -0.000000 -0.018791 -0.000000 -0.016723 -0.000000 )
( -0.242533 -0.000000  0.018791  0.000000 -0.016723 -0.000000 )
( -0.000000 -0.000000 -0.073616 -0.000000  0.000000  0.000000 )
(  0.242533  0.000000 -0.018791 -0.000000  0.016723  0.000000 )
(  0.242533  0.000000  0.018791  0.000000  0.016723  0.000000 )
( -0.242533  0.000000  0.018791  0.000000  0.016723  0.000000 )
( -0.242533 -0.000000 -0.018791 -0.000000  0.016723  0.000000 )
     freq (  30) =       2.650387 [THz] =      88.407401 [cm-1]
( -0.000000 -0.000000 -0.029417  0.000000  0.000000 -0.000000 )
( -0.000000  0.000000 -0.029417  0.000000 -0.000000  0.000000 )
(  0.006490  0.000000 -0.000000 -0.000000  0.000000  0.000000 )
(  0.006490  0.000000  0.000000  0.000000  0.000000  0.000000 )
(  0.000000  0.000000 -0.077534 -0.000000  0.000000  0.000000 )
(  0.000000  0.000000 -0.077534  0.000000 -0.000000 -0.000000 )
(  0.000000  0.000000  0.020212  0.000000 -0.000000  0.000000 )
( -0.000000 -0.000000  0.084920 -0.000000 -0.000000 -0.000000 )
(  0.000000 -0.000000  0.084920  0.000000 -0.000000  0.000000 )
(  0.000000 -0.000000  0.020212 -0.000000  0.000000 -0.000000 )
(  0.000000  0.000000  0.084920 -0.000000 -0.000000  0.000000 )
( -0.000000 -0.000000 -0.077534  0.000000  0.000000  0.000000 )
(  0.000000 -0.000000  0.011326  0.000000  0.000000  0.000000 )
( -0.000000 -0.000000 -0.077534 -0.000000  0.000000 -0.000000 )
(  0.000000  0.000000  0.084920  0.000000 -0.000000 -0.000000 )
( -0.000000  0.000000  0.011326  0.000000 -0.000000 -0.000000 )
( -0.000000 -0.000000  0.557262 -0.000000  0.000000  0.000000 )
( -0.000000 -0.000000 -0.078933  0.000000 -0.041914  0.000000 )
(  0.000000  0.000000 -0.078933  0.000000  0.041914  0.000000 )
( -0.000000 -0.000000  0.105587  0.000000 -0.015521 -0.000000 )
(  0.000000  0.000000  0.105587  0.000000  0.015521 -0.000000 )
(  0.000000  0.000000 -0.630345  0.000000 -0.000000 -0.000000 )
( -0.000000  0.000000  0.105587  0.000000  0.015521  0.000000 )
( -0.000000 -0.000000  0.105587  0.000000 -0.015521  0.000000 )
(  0.000000  0.000000 -0.078933  0.000000  0.041914 -0.000000 )
( -0.000000 -0.000000 -0.078933  0.000000 -0.041914 -0.000000 )
( -0.000000  0.000000 -0.000000  0.000000  0.000000 -0.000000 )
(  0.014573 -0.000000  0.092239 -0.000000  0.105519  0.000000 )
( -0.014573  0.000000  0.092239 -0.000000 -0.105519 -0.000000 )
(  0.014573  0.000000  0.092239 -0.000000 -0.105519  0.000000 )
( -0.014573 -0.000000  0.092239  0.000000  0.105519 -0.000000 )
( -0.000000  0.000000 -0.000000 -0.000000 -0.000000  0.000000 )
( -0.014573 -0.000000  0.092239  0.000000  0.105519 -0.000000 )
(  0.014573  0.000000  0.092239  0.000000 -0.105519  0.000000 )
( -0.014573  0.000000  0.092239 -0.000000 -0.105519 -0.000000 )
(  0.014573 -0.000000  0.092239 -0.000000  0.105519  0.000000 )
     freq (  31) =       2.700557 [THz] =      90.080882 [cm-1]
( -0.000000  0.000000  0.000000  0.000000  0.096386  0.000000 )
(  0.000000 -0.000000  0.000000  0.000000 -0.096386 -0.000000 )
( -0.000000 -0.000000 -0.027776 -0.000000 -0.000000 -0.000000 )
( -0.000000 -0.000000  0.027776 -0.000000 -0.000000 -0.000000 )
( -0.000000 -0.000000 -0.083015 -0.000000 -0.000000 -0.000000 )
( -0.000000 -0.000000  0.083015  0.000000  0.000000  0.000000 )
( -0.000000 -0.000000 -0.000000 -0.000000  0.000000  0.000000 )
( -0.000000 -0.000000  0.066112 -0.000000 -0.000000  0.000000 )
(  0.000000 -0.000000 -0.066112  0.000000  0.000000  0.000000 )
( -0.000000 -0.000000 -0.000000  0.000000  0.000000  0.000000 )
( -0.000000 -0.000000 -0.066112  0.000000  0.000000  0.000000 )
( -0.000000 -0.000000 -0.083015 -0.000000 -0.000000  0.000000 )
( -0.000000 -0.000000 -0.031287 -0.000000  0.000000  0.000000 )
( -0.000000 -0.000000  0.083015  0.000000 -0.000000 -0.000000 )
(  0.000000 -0.000000  0.066112 -0.000000  0.000000  0.000000 )
(  0.000000 -0.000000  0.031287  0.000000 -0.000000  0.000000 )
(  0.000000  0.000000 -0.000000  0.000000 -0.000000 -0.000000 )
(  0.000000 -0.000000 -0.106669 -0.000000 -0.148313  0.000000 )
( -0.000000 -0.000000  0.106669  0.000000 -0.148313  0.000000 )
(  0.000000 -0.000000  0.078978 -0.000000 -0.033724 -0.000000 )
(  0.000000 -0.000000 -0.078978 -0.000000 -0.033724 -0.000000 )
(  0.000000 -0.000000  0.000000  0.000000  0.000000  0.000000 )
( -0.000000  0.000000  0.078978 -0.000000  0.033724  0.000000 )
( -0.000000  0.000000 -0.078978 -0.000000  0.033724  0.000000 )
( -0.000000  0.000000 -0.106669 -0.000000  0.148313 -0.000000 )
(  0.000000  0.000000  0.106669  0.000000  0.148313 -0.000000 )
(  0.000000  0.000000 -0.592509 -0.000000  0.000000  0.000000 )
( -0.035169  0.000000 -0.083710 -0.000000 -0.014927  0.000000 )
( -0.035169  0.000000  0.083710  0.000000 -0.014927  0.000000 )
( -0.035169 -0.000000 -0.083710  0.000000  0.014927  0.000000 )
( -0.035169 -0.000000  0.083710 -0.000000  0.014927 -0.000000 )
(  0.000000  0.000000 -0.592509  0.000000 -0.000000 -0.000000 )
(  0.035169  0.000000 -0.083710  0.000000 -0.014927 -0.000000 )
(  0.035169  0.000000  0.083710 -0.000000 -0.014927  0.000000 )
(  0.035169 -0.000000 -0.083710 -0.000000  0.014927 -0.000000 )
(  0.035169 -0.000000  0.083710  0.000000  0.014927 -0.000000 )
     freq (  32) =       2.961295 [THz] =      98.778152 [cm-1]
( -0.036400  0.000000 -0.000000 -0.000000  0.000000  0.000000 )
( -0.036400  0.000000 -0.000000  0.000000  0.000000 -0.000000 )
(  0.000000 -0.000000  0.178079 -0.000000  0.000000  0.000000 )
( -0.000000  0.000000  0.178079 -0.000000 -0.000000 -0.000000 )
( -0.090865  0.000000  0.000000 -0.000000 -0.098951  0.000000 )
( -0.090865  0.000000 -0.000000  0.000000  0.098951  0.000000 )
( -0.115369  0.000000 -0.000000 -0.000000  0.000000 -0.000000 )
( -0.109320 -0.000000  0.000000 -0.000000 -0.026305 -0.000000 )
( -0.109320 -0.000000  0.000000  0.000000  0.026305 -0.000000 )
( -0.115369 -0.000000 -0.000000  0.000000 -0.000000 -0.000000 )
( -0.109320  0.000000  0.000000  0.000000 -0.026305 -0.000000 )
( -0.090865 -0.000000 -0.000000 -0.000000  0.098951  0.000000 )
( -0.028148 -0.000000 -0.000000 -0.000000 -0.000000 -0.000000 )
( -0.090865 -0.000000 -0.000000  0.000000 -0.098951  0.000000 )
( -0.109320  0.000000 -0.000000 -0.000000  0.026305 -0.000000 )
( -0.028148  0.000000  0.000000  0.000000  0.000000  0.000000 )
(  0.237198  0.000000  0.000000 -0.000000  0.000000  0.000000 )
( -0.270277 -0.000000  0.000000  0.000000 -0.000000  0.000000 )
( -0.270277 -0.000000  0.000000  0.000000  0.000000  0.000000 )
( -0.115784  0.000000  0.000000  0.000000  0.000000  0.000000 )
( -0.115784  0.000000  0.000000  0.000000 -0.000000 -0.000000 )
( -0.163785 -0.000000 -0.000000 -0.000000 -0.000000 -0.000000 )
( -0.115784  0.000000 -0.000000 -0.000000  0.000000  0.000000 )
( -0.115784  0.000000 -0.000000 -0.000000 -0.000000 -0.000000 )
( -0.270277  0.000000 -0.000000 -0.000000 -0.000000  0.000000 )
( -0.270277  0.000000 -0.000000 -0.000000  0.000000  0.000000 )
(  0.000000  0.000000  0.000000 -0.000000 -0.000000  0.000000 )
(  0.023818 -0.000000 -0.138643  0.000000 -0.156419  0.000000 )
(  0.023818 -0.000000  0.138643  0.000000 -0.156419  0.000000 )
(  0.023818  0.000000 -0.138643 -0.000000  0.156419 -0.000000 )
(  0.023818  0.000000  0.138643 -0.000000  0.156419 -0.000000 )
(  0.000000  0.000000  0.000000  0.000000  0.000000  0.000000 )
(  0.023818  0.000000  0.138643  0.000000  0.156419 -0.000000 )
(  0.023818  0.000000 -0.138643  0.000000  0.156419 -0.000000 )
(  0.023818 -0.000000  0.138643 -0.000000 -0.156419  0.000000 )
(  0.023818 -0.000000 -0.138643 -0.000000 -0.156419  0.000000 )
     freq (  33) =       2.989358 [THz] =      99.714262 [cm-1]
(  0.000000 -0.000000  0.015488 -0.000000 -0.000000  0.000000 )
(  0.000000 -0.000000 -0.015488  0.000000 -0.000000  0.000000 )
(  0.000000  0.000000 -0.000000  0.000000  0.126724  0.000000 )
( -0.000000 -0.000000 -0.000000  0.000000 -0.126724 -0.000000 )
(  0.176836  0.000000  0.000000  0.000000  0.024133 -0.000000 )
(  0.176836  0.000000 -0.000000 -0.000000 -0.024133  0.000000 )
(  0.042026 -0.000000  0.000000 -0.000000 -0.000000  0.000000 )
( -0.173188 -0.000000  0.000000  0.000000 -0.021383  0.000000 )
( -0.173188 -0.000000 -0.000000 -0.000000  0.021383 -0.000000 )
( -0.042026 -0.000000  0.000000 -0.000000 -0.000000 -0.000000 )
(  0.173188 -0.000000 -0.000000  0.000000  0.021383 -0.000000 )
( -0.176836 -0.000000  0.000000 -0.000000  0.024133  0.000000 )
(  0.000000 -0.000000 -0.000000  0.000000 -0.214944 -0.000000 )
( -0.176836 -0.000000 -0.000000  0.000000 -0.024133 -0.000000 )
(  0.173188 -0.000000  0.000000 -0.000000 -0.021383  0.000000 )
( -0.000000  0.000000  0.000000  0.000000  0.214944  0.000000 )
( -0.000000  0.000000  0.000000 -0.000000 -0.000000 -0.000000 )
(  0.000000 -0.000000  0.206908  0.000000 -0.081131  0.000000 )
(  0.000000 -0.000000  0.206908  0.000000  0.081131 -0.000000 )
(  0.000000 -0.000000  0.223062 -0.000000  0.085096  0.000000 )
(  0.000000 -0.000000  0.223062  0.000000 -0.085096 -0.000000 )
(  0.000000 -0.000000  0.000000 -0.000000  0.000000 -0.000000 )
(  0.000000 -0.000000 -0.223062  0.000000  0.085096  0.000000 )
(  0.000000 -0.000000 -0.223062  0.000000 -0.085096 -0.000000 )
(  0.000000 -0.000000 -0.206908 -0.000000 -0.081131  0.000000 )
(  0.000000 -0.000000 -0.206908 -0.000000  0.081131 -0.000000 )
( -0.011918  0.000000 -0.000000 -0.000000  0.135705  0.000000 )
(  0.002958  0.000000  0.139627 -0.000000  0.021017 -0.000000 )
( -0.002958  0.000000  0.139627  0.000000 -0.021017 -0.000000 )
( -0.002958  0.000000 -0.139627 -0.000000  0.021017  0.000000 )
(  0.002958 -0.000000 -0.139627  0.000000 -0.021017  0.000000 )
(  0.011918  0.000000 -0.000000 -0.000000  0.135705  0.000000 )
( -0.002958  0.000000  0.139627  0.000000  0.021017  0.000000 )
(  0.002958 -0.000000  0.139627 -0.000000 -0.021017  0.000000 )
(  0.002958 -0.000000 -0.139627  0.000000  0.021017 -0.000000 )
( -0.002958  0.000000 -0.139627 -0.000000 -0.021017 -0.000000 )
     freq (  34) =       3.024612 [THz] =     100.890207 [cm-1]
(  0.000000 -0.000000  0.000000  0.000000 -0.322072  0.000000 )
(  0.000000  0.000000  0.000000  0.000000  0.322072  0.000000 )
(  0.000000  0.000000  0.016947  0.000000 -0.000000  0.000000 )
(  0.000000  0.000000 -0.016947 -0.000000 -0.000000  0.000000 )
( -0.000000  0.000000  0.082920 -0.000000  0.000000  0.000000 )
( -0.000000  0.000000 -0.082920  0.000000  0.000000 -0.000000 )
( -0.000000  0.000000 -0.000000  0.000000  0.000000  0.000000 )
(  0.000000  0.000000  0.118275 -0.000000 -0.000000 -0.000000 )
(  0.000000  0.000000 -0.118275  0.000000  0.000000 -0.000000 )
(  0.000000  0.000000 -0.000000 -0.000000 -0.000000  0.000000 )
( -0.000000  0.000000 -0.118275 -0.000000 -0.000000 -0.000000 )
(  0.000000  0.000000  0.082920  0.000000 -0.000000 -0.000000 )
( -0.000000  0.000000  0.083090  0.000000  0.000000  0.000000 )
(  0.000000  0.000000 -0.082920 -0.000000  0.000000  0.000000 )
( -0.000000  0.000000  0.118275  0.000000  0.000000 -0.000000 )
(  0.000000  0.000000 -0.083090 -0.000000 -0.000000  0.000000 )
( -0.000000 -0.000000 -0.000000  0.000000  0.000000  0.000000 )
(  0.000000 -0.000000  0.181654  0.000000  0.090008 -0.000000 )
( -0.000000  0.000000 -0.181654 -0.000000  0.090008 -0.000000 )
( -0.000000  0.000000  0.109392 -0.000000 -0.288362 -0.000000 )
(  0.000000 -0.000000 -0.109392  0.000000 -0.288362 -0.000000 )
(  0.000000  0.000000  0.000000 -0.000000 -0.000000 -0.000000 )
(  0.000000 -0.000000  0.109392 -0.000000  0.288362  0.000000 )
( -0.000000  0.000000 -0.109392  0.000000  0.288362  0.000000 )
( -0.000000  0.000000  0.181654  0.000000 -0.090008  0.000000 )
(  0.000000 -0.000000 -0.181654 -0.000000 -0.090008  0.000000 )
(  0.000000  0.000000 -0.054685  0.000000 -0.000000  0.000000 )
( -0.082806 -0.000000 -0.032635 -0.000000 -0.100292 -0.000000 )
( -0.082806  0.000000  0.032635 -0.000000 -0.100292 -0.000000 )
( -0.082806  0.000000 -0.032635  0.000000  0.100292 -0.000000 )
( -0.082806 -0.000000  0.032635  0.000000  0.100292  0.000000 )
(  0.000000  0.000000 -0.054685  0.000000 -0.000000 -0.000000 )
(  0.082806 -0.000000 -0.032635  0.000000 -0.100292  0.000000 )
(  0.082806  0.000000  0.032635  0.000000 -0.100292 -0.000000 )
(  0.082806  0.000000 -0.032635 -0.000000  0.100292  0.000000 )
(  0.082806 -0.000000  0.032635 -0.000000  0.100292  0.000000 )
     freq (  35) =       3.039986 [THz] =     101.403017 [cm-1]
( -0.000000  0.000000 -0.000000 -0.000000  0.000000  0.000000 )
(  0.000000 -0.000000  0.000000  0.000000 -0.000000 -0.000000 )
( -0.000000  0.000000 -0.000000 -0.000000 -0.342031  0.000000 )
( -0.000000  0.000000 -0.000000  0.000000 -0.342031 -0.000000 )
( -0.000000  0.000000  0.114028 -0.000000  0.000000  0.000000 )
(  0.000000  0.000000 -0.114028  0.000000 -0.000000 -0.000000 )
( -0.000000 -0.000000  0.000000 -0.000000 -0.000000 -0.000000 )
(  0.000000  0.000000  0.116028 -0.000000  0.000000  0.000000 )
(  0.000000  0.000000 -0.116028  0.000000 -0.000000 -0.000000 )
( -0.000000  0.000000 -0.000000 -0.000000  0.000000  0.000000 )
( -0.000000 -0.000000  0.116028  0.000000 -0.000000 -0.000000 )
(  0.000000 -0.000000 -0.114028 -0.000000  0.000000  0.000000 )
(  0.000000  0.000000 -0.000000 -0.000000  0.000000 -0.000000 )
(  0.000000 -0.000000  0.114028  0.000000  0.000000 -0.000000 )
( -0.000000 -0.000000 -0.116028 -0.000000 -0.000000  0.000000 )
( -0.000000 -0.000000  0.000000  0.000000  0.000000  0.000000 )
(  0.000000 -0.000000  0.000000 -0.000000  0.000000  0.000000 )
(  0.110400 -0.000000 -0.000000 -0.000000 -0.000000  0.000000 )
( -0.110400 -0.000000  0.000000  0.000000 -0.000000  0.000000 )
( -0.117188  0.000000 -0.000000  0.000000  0.000000  0.000000 )
(  0.117188  0.000000  0.000000 -0.000000  0.000000  0.000000 )
( -0.000000  0.000000 -0.000000  0.000000 -0.000000 -0.000000 )
(  0.117188 -0.000000 -0.000000  0.000000 -0.000000 -0.000000 )
( -0.117188 -0.000000  0.000000 -0.000000 -0.000000 -0.000000 )
( -0.110400  0.000000 -0.000000 -0.000000  0.000000 -0.000000 )
(  0.110400  0.000000  0.000000  0.000000  0.000000 -0.000000 )
( -0.000000 -0.000000 -0.000000 -0.000000  0.000000  0.000000 )
(  0.014124  0.000000  0.174251 -0.000000  0.197478  0.000000 )
( -0.014124  0.000000  0.174251 -0.000000 -0.197478  0.000000 )
( -0.014124  0.000000 -0.174251 -0.000000  0.197478 -0.000000 )
(  0.014124  0.000000 -0.174251 -0.000000 -0.197478 -0.000000 )
( -0.000000 -0.000000  0.000000 -0.000000 -0.000000  0.000000 )
(  0.014124 -0.000000 -0.174251 -0.000000 -0.197478  0.000000 )
( -0.014124 -0.000000 -0.174251 -0.000000  0.197478  0.000000 )
( -0.014124 -0.000000  0.174251 -0.000000 -0.197478 -0.000000 )
(  0.014124 -0.000000  0.174251 -0.000000  0.197478 -0.000000 )
     freq (  36) =       3.053100 [THz] =     101.840450 [cm-1]
( -0.000000  0.000000  0.000000  0.000000 -0.127635  0.000000 )
( -0.000000  0.000000  0.000000  0.000000  0.127635 -0.000000 )
(  0.000000  0.000000 -0.027563 -0.000000 -0.000000 -0.000000 )
(  0.000000  0.000000  0.027563  0.000000 -0.000000 -0.000000 )
(  0.000000  0.000000  0.069682  0.000000  0.000000  0.000000 )
( -0.000000 -0.000000 -0.069682 -0.000000  0.000000 -0.000000 )
( -0.000000  0.000000  0.000000 -0.000000  0.000000  0.000000 )
(  0.000000 -0.000000  0.038677 -0.000000  0.000000 -0.000000 )
(  0.000000 -0.000000 -0.038677  0.000000 -0.000000  0.000000 )
( -0.000000  0.000000  0.000000 -0.000000 -0.000000  0.000000 )
( -0.000000 -0.000000 -0.038677  0.000000  0.000000 -0.000000 )
(  0.000000 -0.000000  0.069682 -0.000000 -0.000000 -0.000000 )
( -0.000000 -0.000000 -0.189986 -0.000000  0.000000 -0.000000 )
(  0.000000  0.000000 -0.069682  0.000000 -0.000000  0.000000 )
( -0.000000 -0.000000  0.038677 -0.000000  0.000000  0.000000 )
(  0.000000 -0.000000  0.189986  0.000000 -0.000000 -0.000000 )
(  0.000000 -0.000000  0.000000 -0.000000 -0.000000 -0.000000 )
(  0.000000  0.000000 -0.044310 -0.000000  0.265369 -0.000000 )
( -0.000000 -0.000000  0.044310  0.000000  0.265369  0.000000 )
(  0.000000 -0.000000  0.210237 -0.000000  0.111799  0.000000 )
(  0.000000  0.000000 -0.210237  0.000000  0.111799  0.000000 )
( -0.000000  0.000000 -0.000000 -0.000000 -0.000000  0.000000 )
(  0.000000  0.000000  0.210237 -0.000000 -0.111799 -0.000000 )
(  0.000000 -0.000000 -0.210237  0.000000 -0.111799 -0.000000 )
( -0.000000 -0.000000 -0.044310 -0.000000 -0.265369  0.000000 )
(  0.000000  0.000000  0.044310  0.000000 -0.265369  0.000000 )
(  0.000000  0.000000 -0.118713  0.000000 -0.000000 -0.000000 )
( -0.048488  0.000000  0.029853  0.000000  0.192954  0.000000 )
( -0.048488  0.000000 -0.029853  0.000000  0.192954 -0.000000 )
( -0.048488  0.000000  0.029853 -0.000000 -0.192954  0.000000 )
( -0.048488  0.000000 -0.029853 -0.000000 -0.192954 -0.000000 )
(  0.000000  0.000000 -0.118713  0.000000  0.000000 -0.000000 )
(  0.048488 -0.000000  0.029853 -0.000000  0.192954 -0.000000 )
(  0.048488 -0.000000 -0.029853 -0.000000  0.192954  0.000000 )
(  0.048488 -0.000000  0.029853  0.000000 -0.192954 -0.000000 )
(  0.048488 -0.000000 -0.029853  0.000000 -0.192954  0.000000 )
     freq (  37) =       3.077532 [THz] =     102.655402 [cm-1]
( -0.000000  0.000000  0.177314 -0.000000  0.000000  0.000000 )
( -0.000000  0.000000 -0.177314  0.000000  0.000000  0.000000 )
( -0.000000  0.000000 -0.000000 -0.000000  0.021749  0.000000 )
(  0.000000 -0.000000 -0.000000 -0.000000 -0.021749  0.000000 )
( -0.105643  0.000000  0.000000 -0.000000 -0.064189  0.000000 )
( -0.105643 -0.000000 -0.000000  0.000000  0.064189 -0.000000 )
(  0.015906  0.000000 -0.000000  0.000000  0.000000  0.000000 )
( -0.098066  0.000000  0.000000 -0.000000 -0.081809  0.000000 )
( -0.098066 -0.000000 -0.000000  0.000000  0.081809  0.000000 )
( -0.015906  0.000000 -0.000000  0.000000  0.000000 -0.000000 )
(  0.098066 -0.000000  0.000000 -0.000000  0.081809  0.000000 )
(  0.105643 -0.000000 -0.000000  0.000000 -0.064189 -0.000000 )
(  0.000000 -0.000000 -0.000000  0.000000  0.004321 -0.000000 )
(  0.105643  0.000000  0.000000 -0.000000  0.064189 -0.000000 )
(  0.098066 -0.000000 -0.000000  0.000000 -0.081809  0.000000 )
( -0.000000  0.000000  0.000000  0.000000 -0.004321 -0.000000 )
(  0.000000 -0.000000 -0.000000  0.000000 -0.000000 -0.000000 )
( -0.000000  0.000000 -0.143261  0.000000 -0.159337  0.000000 )
(  0.000000 -0.000000 -0.143261 -0.000000  0.159337 -0.000000 )
( -0.000000  0.000000  0.141395 -0.000000 -0.188208  0.000000 )
(  0.000000 -0.000000  0.141395  0.000000  0.188208 -0.000000 )
( -0.000000  0.000000  0.000000 -0.000000  0.000000  0.000000 )
( -0.000000  0.000000 -0.141395  0.000000 -0.188208 -0.000000 )
(  0.000000 -0.000000 -0.141395 -0.000000  0.188208  0.000000 )
( -0.000000  0.000000  0.143261 -0.000000 -0.159337 -0.000000 )
(  0.000000 -0.000000  0.143261  0.000000  0.159337 -0.000000 )
(  0.051700  0.000000  0.000000 -0.000000 -0.029014 -0.000000 )
(  0.222254  0.000000  0.001467 -0.000000  0.014739 -0.000000 )
( -0.222254  0.000000  0.001467 -0.000000 -0.014739  0.000000 )
( -0.222254  0.000000 -0.001467 -0.000000  0.014739 -0.000000 )
(  0.222254 -0.000000 -0.001467 -0.000000 -0.014739  0.000000 )
( -0.051700  0.000000 -0.000000 -0.000000 -0.029014  0.000000 )
( -0.222254  0.000000  0.001467  0.000000  0.014739 -0.000000 )
(  0.222254 -0.000000  0.001467  0.000000 -0.014739  0.000000 )
(  0.222254  0.000000 -0.001467  0.000000  0.014739  0.000000 )
( -0.222254  0.000000 -0.001467  0.000000 -0.014739 -0.000000 )
     freq (  38) =       3.086637 [THz] =     102.959141 [cm-1]
(  0.000000 -0.000000 -0.000000 -0.000000 -0.000000 -0.000000 )
(  0.000000 -0.000000  0.000000  0.000000  0.000000 -0.000000 )
( -0.023992  0.000000  0.000000 -0.000000 -0.000000 -0.000000 )
(  0.023992  0.000000  0.000000 -0.000000  0.000000  0.000000 )
( -0.075604  0.000000  0.000000  0.000000 -0.051948 -0.000000 )
(  0.075604  0.000000 -0.000000 -0.000000 -0.051948  0.000000 )
(  0.000000 -0.000000 -0.000000 -0.000000 -0.155079 -0.000000 )
( -0.102396  0.000000  0.000000  0.000000  0.070451  0.000000 )
(  0.102396  0.000000  0.000000 -0.000000  0.070451 -0.000000 )
(  0.000000 -0.000000 -0.000000 -0.000000  0.155079  0.000000 )
(  0.102396  0.000000 -0.000000  0.000000 -0.070451  0.000000 )
( -0.075604  0.000000  0.000000 -0.000000  0.051948  0.000000 )
(  0.193973  0.000000 -0.000000  0.000000 -0.000000  0.000000 )
(  0.075604  0.000000 -0.000000  0.000000  0.051948 -0.000000 )
( -0.102396 -0.000000  0.000000 -0.000000 -0.070451 -0.000000 )
( -0.193973  0.000000  0.000000  0.000000 -0.000000 -0.000000 )
( -0.000000  0.000000 -0.000000 -0.000000 -0.000000  0.000000 )
( -0.139119 -0.000000  0.000000  0.000000  0.000000  0.000000 )
(  0.139119 -0.000000  0.000000  0.000000 -0.000000 -0.000000 )
( -0.103016  0.000000 -0.000000 -0.000000  0.000000  0.000000 )
(  0.103016  0.000000 -0.000000 -0.000000 -0.000000 -0.000000 )
(  0.000000 -0.000000  0.000000  0.000000  0.000000 -0.000000 )
( -0.103016  0.000000  0.000000  0.000000  0.000000  0.000000 )
(  0.103016  0.000000  0.000000  0.000000 -0.000000 -0.000000 )
( -0.139119 -0.000000 -0.000000 -0.000000  0.000000  0.000000 )
(  0.139119 -0.000000 -0.000000 -0.000000 -0.000000 -0.000000 )
( -0.353185  0.000000 -0.000000  0.000000  0.178083  0.000000 )
( -0.122365  0.000000  0.164574  0.000000 -0.036764  0.000000 )
(  0.122365  0.000000  0.164574 -0.000000  0.036764  0.000000 )
( -0.122365  0.000000  0.164574  0.000000  0.036764 -0.000000 )
(  0.122365 -0.000000  0.164574 -0.000000 -0.036764 -0.000000 )
( -0.353185  0.000000 -0.000000 -0.000000 -0.178083 -0.000000 )
( -0.122365  0.000000 -0.164574 -0.000000  0.036764 -0.000000 )
(  0.122365 -0.000000 -0.164574 -0.000000 -0.036764 -0.000000 )
( -0.122365  0.000000 -0.164574 -0.000000 -0.036764  0.000000 )
(  0.122365  0.000000 -0.164574  0.000000  0.036764  0.000000 )
     freq (  39) =       3.089172 [THz] =     103.043676 [cm-1]
( -0.032404 -0.000000 -0.000000 -0.000000 -0.000000  0.000000 )
( -0.032404 -0.000000  0.000000  0.000000  0.000000 -0.000000 )
( -0.000000 -0.000000 -0.076246  0.000000  0.000000 -0.000000 )
(  0.000000  0.000000 -0.076246  0.000000  0.000000  0.000000 )
(  0.045762 -0.000000 -0.000000 -0.000000 -0.054583 -0.000000 )
(  0.045762  0.000000  0.000000  0.000000  0.054583 -0.000000 )
( -0.251654  0.000000  0.000000 -0.000000 -0.000000 -0.000000 )
(  0.009797 -0.000000 -0.000000 -0.000000  0.109666 -0.000000 )
(  0.009797  0.000000  0.000000  0.000000 -0.109666 -0.000000 )
( -0.251654 -0.000000  0.000000  0.000000  0.000000  0.000000 )
(  0.009797  0.000000 -0.000000  0.000000  0.109666 -0.000000 )
(  0.045762 -0.000000  0.000000 -0.000000  0.054583  0.000000 )
(  0.022124  0.000000  0.000000  0.000000 -0.000000  0.000000 )
(  0.045762 -0.000000  0.000000  0.000000 -0.054583  0.000000 )
(  0.009797 -0.000000  0.000000 -0.000000 -0.109666 -0.000000 )
(  0.022124 -0.000000 -0.000000 -0.000000 -0.000000  0.000000 )
(  0.432425  0.000000  0.000000 -0.000000 -0.000000  0.000000 )
( -0.061308 -0.000000  0.000000 -0.000000  0.000000  0.000000 )
( -0.061308  0.000000 -0.000000  0.000000 -0.000000  0.000000 )
(  0.269728 -0.000000 -0.000000  0.000000  0.000000  0.000000 )
(  0.269728  0.000000  0.000000 -0.000000 -0.000000 -0.000000 )
( -0.472968  0.000000 -0.000000  0.000000  0.000000 -0.000000 )
(  0.269728 -0.000000  0.000000 -0.000000 -0.000000  0.000000 )
(  0.269728  0.000000 -0.000000  0.000000  0.000000 -0.000000 )
( -0.061308 -0.000000 -0.000000  0.000000 -0.000000  0.000000 )
( -0.061308  0.000000  0.000000 -0.000000  0.000000  0.000000 )
( -0.000000 -0.000000 -0.000000  0.000000  0.000000  0.000000 )
(  0.028653 -0.000000  0.042301  0.000000  0.080800 -0.000000 )
(  0.028653  0.000000 -0.042301  0.000000  0.080800  0.000000 )
(  0.028653 -0.000000  0.042301  0.000000 -0.080800  0.000000 )
(  0.028653  0.000000 -0.042301  0.000000 -0.080800 -0.000000 )
( -0.000000 -0.000000  0.000000  0.000000 -0.000000 -0.000000 )
(  0.028653 -0.000000 -0.042301 -0.000000 -0.080800  0.000000 )
(  0.028653  0.000000  0.042301 -0.000000 -0.080800 -0.000000 )
(  0.028653 -0.000000 -0.042301 -0.000000  0.080800 -0.000000 )
(  0.028653  0.000000  0.042301 -0.000000  0.080800  0.000000 )
     freq (  40) =       3.093775 [THz] =     103.197239 [cm-1]
(  0.000000  0.000000 -0.025333  0.000000 -0.000000  0.000000 )
(  0.000000 -0.000000 -0.025333 -0.000000  0.000000 -0.000000 )
( -0.030277  0.000000  0.000000  0.000000  0.000000  0.000000 )
( -0.030277  0.000000 -0.000000 -0.000000  0.000000  0.000000 )
( -0.000000 -0.000000  0.020964 -0.000000 -0.000000 -0.000000 )
( -0.000000 -0.000000  0.020964  0.000000  0.000000  0.000000 )
(  0.000000  0.000000  0.202132  0.000000 -0.000000  0.000000 )
( -0.000000  0.000000 -0.013709 -0.000000 -0.000000 -0.000000 )
( -0.000000 -0.000000 -0.013709  0.000000  0.000000  0.000000 )
(  0.000000 -0.000000  0.202132  0.000000  0.000000 -0.000000 )
(  0.000000 -0.000000 -0.013709 -0.000000 -0.000000  0.000000 )
(  0.000000  0.000000  0.020964  0.000000 -0.000000 -0.000000 )
(  0.000000 -0.000000  0.003443  0.000000  0.000000  0.000000 )
(  0.000000  0.000000  0.020964 -0.000000  0.000000  0.000000 )
(  0.000000  0.000000 -0.013709  0.000000 -0.000000 -0.000000 )
( -0.000000  0.000000  0.003443 -0.000000  0.000000 -0.000000 )
( -0.000000 -0.000000  0.175324  0.000000  0.000000 -0.000000 )
( -0.000000 -0.000000  0.034033 -0.000000  0.222806 -0.000000 )
(  0.000000  0.000000  0.034033  0.000000 -0.222806 -0.000000 )
( -0.000000  0.000000 -0.024954 -0.000000  0.195823  0.000000 )
( -0.000000 -0.000000 -0.024954  0.000000 -0.195823  0.000000 )
(  0.000000  0.000000 -0.094853 -0.000000 -0.000000  0.000000 )
( -0.000000 -0.000000 -0.024954 -0.000000 -0.195823 -0.000000 )
( -0.000000  0.000000 -0.024954  0.000000  0.195823  0.000000 )
( -0.000000  0.000000  0.034033  0.000000 -0.222806  0.000000 )
(  0.000000 -0.000000  0.034033  0.000000  0.222806  0.000000 )
( -0.000000  0.000000 -0.000000  0.000000  0.000000 -0.000000 )
( -0.020624  0.000000  0.133517 -0.000000 -0.214418 -0.000000 )
(  0.020624 -0.000000  0.133517 -0.000000  0.214418  0.000000 )
( -0.020624  0.000000  0.133517  0.000000  0.214418 -0.000000 )
(  0.020624  0.000000  0.133517  0.000000 -0.214418  0.000000 )
( -0.000000  0.000000 -0.000000  0.000000 -0.000000  0.000000 )
(  0.020624 -0.000000  0.133517  0.000000 -0.214418 -0.000000 )
( -0.020624  0.000000  0.133517  0.000000  0.214418 -0.000000 )
(  0.020624  0.000000  0.133517 -0.000000  0.214418  0.000000 )
( -0.020624 -0.000000  0.133517 -0.000000 -0.214418 -0.000000 )
     freq (  41) =       3.109145 [THz] =     103.709918 [cm-1]
( -0.000000 -0.000000  0.000000 -0.000000 -0.007425  0.000000 )
( -0.000000 -0.000000 -0.000000  0.000000 -0.007425 -0.000000 )
(  0.000000  0.000000 -0.000000 -0.000000  0.000000 -0.000000 )
(  0.000000 -0.000000 -0.000000 -0.000000 -0.000000  0.000000 )
( -0.132094  0.000000 -0.000000  0.000000  0.029584 -0.000000 )
(  0.132094  0.000000  0.000000  0.000000  0.029584  0.000000 )
(  0.000000 -0.000000 -0.000000 -0.000000  0.008852 -0.000000 )
( -0.043388  0.000000 -0.000000 -0.000000 -0.175228  0.000000 )
(  0.043388  0.000000  0.000000 -0.000000 -0.175228 -0.000000 )
( -0.000000 -0.000000 -0.000000  0.000000  0.008852  0.000000 )
( -0.043388 -0.000000 -0.000000  0.000000 -0.175228  0.000000 )
(  0.132094 -0.000000  0.000000 -0.000000  0.029584  0.000000 )
(  0.000000 -0.000000 -0.000000  0.000000  0.250180  0.000000 )
( -0.132094 -0.000000 -0.000000 -0.000000  0.029584 -0.000000 )
(  0.043388 -0.000000  0.000000  0.000000 -0.175228 -0.000000 )
( -0.000000  0.000000 -0.000000 -0.000000  0.250180 -0.000000 )
(  0.000000  0.000000 -0.000000 -0.000000  0.254272 -0.000000 )
( -0.000000 -0.000000 -0.209693  0.000000  0.060477  0.000000 )
(  0.000000 -0.000000  0.209693  0.000000  0.060477 -0.000000 )
(  0.000000  0.000000  0.262875 -0.000000  0.001931  0.000000 )
(  0.000000  0.000000 -0.262875 -0.000000  0.001931 -0.000000 )
( -0.000000 -0.000000  0.000000  0.000000 -0.269864  0.000000 )
(  0.000000  0.000000 -0.262875  0.000000  0.001931  0.000000 )
(  0.000000  0.000000  0.262875  0.000000  0.001931 -0.000000 )
( -0.000000 -0.000000  0.209693 -0.000000  0.060477  0.000000 )
(  0.000000 -0.000000 -0.209693 -0.000000  0.060477 -0.000000 )
(  0.000000  0.000000 -0.000000 -0.000000 -0.000000  0.000000 )
( -0.088638 -0.000000 -0.006186  0.000000  0.020384  0.000000 )
( -0.088638  0.000000  0.006186  0.000000  0.020384  0.000000 )
(  0.088638  0.000000  0.006186  0.000000  0.020384 -0.000000 )
(  0.088638 -0.000000 -0.006186  0.000000  0.020384 -0.000000 )
( -0.000000  0.000000  0.000000  0.000000 -0.000000 -0.000000 )
(  0.088638  0.000000 -0.006186 -0.000000  0.020384 -0.000000 )
(  0.088638 -0.000000  0.006186 -0.000000  0.020384 -0.000000 )
( -0.088638 -0.000000  0.006186 -0.000000  0.020384  0.000000 )
( -0.088638  0.000000 -0.006186 -0.000000  0.020384  0.000000 )
     freq (  42) =       3.212876 [THz] =     107.169999 [cm-1]
( -0.000000 -0.000000  0.000000  0.000000 -0.000000  0.000000 )
( -0.000000 -0.000000 -0.000000 -0.000000  0.000000  0.000000 )
( -0.034925 -0.000000 -0.000000 -0.000000 -0.000000 -0.000000 )
(  0.034925 -0.000000 -0.000000 -0.000000 -0.000000  0.000000 )
(  0.105662  0.000000  0.000000  0.000000 -0.053616 -0.000000 )
( -0.105662 -0.000000 -0.000000 -0.000000 -0.053616  0.000000 )
( -0.000000 -0.000000 -0.000000  0.000000  0.155651  0.000000 )
(  0.066400  0.000000  0.000000  0.000000  0.060451  0.000000 )
( -0.066400 -0.000000 -0.000000  0.000000  0.060451  0.000000 )
( -0.000000 -0.000000 -0.000000  0.000000 -0.155651 -0.000000 )
( -0.066400 -0.000000 -0.000000  0.000000 -0.060451  0.000000 )
(  0.105662  0.000000  0.000000 -0.000000  0.053616 -0.000000 )
(  0.193761 -0.000000 -0.000000  0.000000  0.000000 -0.000000 )
( -0.105662 -0.000000 -0.000000  0.000000  0.053616  0.000000 )
(  0.066400  0.000000  0.000000  0.000000 -0.060451  0.000000 )
( -0.193761 -0.000000  0.000000  0.000000  0.000000 -0.000000 )
(  0.000000  0.000000 -0.000000  0.000000  0.000000 -0.000000 )
(  0.073574  0.000000 -0.000000  0.000000  0.000000 -0.000000 )
( -0.073574 -0.000000  0.000000 -0.000000  0.000000 -0.000000 )
(  0.144509  0.000000  0.000000 -0.000000 -0.000000 -0.000000 )
( -0.144509 -0.000000 -0.000000  0.000000  0.000000  0.000000 )
( -0.000000 -0.000000  0.000000  0.000000 -0.000000  0.000000 )
(  0.144509  0.000000 -0.000000  0.000000  0.000000 -0.000000 )
( -0.144509 -0.000000  0.000000 -0.000000  0.000000  0.000000 )
(  0.073574  0.000000  0.000000 -0.000000 -0.000000 -0.000000 )
( -0.073574 -0.000000 -0.000000  0.000000 -0.000000  0.000000 )
( -0.360023  0.000000 -0.000000  0.000000 -0.121049 -0.000000 )
( -0.132537  0.000000 -0.168536 -0.000000  0.054913  0.000000 )
(  0.132537 -0.000000 -0.168536 -0.000000 -0.054913 -0.000000 )
( -0.132537 -0.000000 -0.168536 -0.000000 -0.054913 -0.000000 )
(  0.132537 -0.000000 -0.168536 -0.000000  0.054913  0.000000 )
( -0.360023  0.000000 -0.000000  0.000000  0.121049  0.000000 )
( -0.132537 -0.000000  0.168536  0.000000 -0.054913 -0.000000 )
(  0.132537 -0.000000  0.168536  0.000000  0.054913  0.000000 )
( -0.132537  0.000000  0.168536  0.000000  0.054913  0.000000 )
(  0.132537 -0.000000  0.168536  0.000000 -0.054913 -0.000000 )
     freq (  43) =       3.382973 [THz] =     112.843819 [cm-1]
(  0.000000  0.000000 -0.000000  0.000000  0.007878 -0.000000 )
( -0.000000 -0.000000 -0.000000  0.000000 -0.007878  0.000000 )
( -0.000000  0.000000 -0.272420  0.000000  0.000000  0.000000 )
( -0.000000  0.000000  0.272420  0.000000 -0.000000  0.000000 )
(  0.000000 -0.000000 -0.041833  0.000000  0.000000 -0.000000 )
( -0.000000  0.000000  0.041833  0.000000  0.000000 -0.000000 )
( -0.000000  0.000000 -0.000000  0.000000  0.000000 -0.000000 )
(  0.000000 -0.000000  0.056612 -0.000000 -0.000000  0.000000 )
( -0.000000  0.000000 -0.056612 -0.000000 -0.000000  0.000000 )
( -0.000000  0.000000 -0.000000  0.000000 -0.000000 -0.000000 )
(  0.000000 -0.000000 -0.056612 -0.000000 -0.000000  0.000000 )
( -0.000000  0.000000 -0.041833  0.000000  0.000000 -0.000000 )
( -0.000000  0.000000  0.060702  0.000000 -0.000000  0.000000 )
(  0.000000 -0.000000  0.041833  0.000000 -0.000000 -0.000000 )
( -0.000000  0.000000  0.056612 -0.000000 -0.000000  0.000000 )
(  0.000000 -0.000000 -0.060702  0.000000 -0.000000  0.000000 )
(  0.000000 -0.000000 -0.000000  0.000000  0.000000 -0.000000 )
( -0.000000  0.000000 -0.036784  0.000000 -0.189356 -0.000000 )
(  0.000000  0.000000  0.036784  0.000000 -0.189356  0.000000 )
( -0.000000 -0.000000  0.057349 -0.000000 -0.196173 -0.000000 )
(  0.000000  0.000000 -0.057349 -0.000000 -0.196173  0.000000 )
( -0.000000  0.000000  0.000000 -0.000000 -0.000000  0.000000 )
(  0.000000 -0.000000  0.057349 -0.000000  0.196173  0.000000 )
(  0.000000 -0.000000 -0.057349 -0.000000  0.196173 -0.000000 )
(  0.000000 -0.000000 -0.036784  0.000000  0.189356  0.000000 )
( -0.000000 -0.000000  0.036784  0.000000  0.189356 -0.000000 )
(  0.000000 -0.000000  0.213660 -0.000000 -0.000000 -0.000000 )
(  0.000104  0.000000 -0.095092 -0.000000  0.207574 -0.000000 )
(  0.000104  0.000000  0.095092 -0.000000  0.207574  0.000000 )
(  0.000104 -0.000000 -0.095092 -0.000000 -0.207574  0.000000 )
(  0.000104  0.000000  0.095092 -0.000000 -0.207574 -0.000000 )
(  0.000000 -0.000000  0.213660  0.000000 -0.000000 -0.000000 )
( -0.000104  0.000000 -0.095092 -0.000000  0.207574 -0.000000 )
( -0.000104  0.000000  0.095092 -0.000000  0.207574  0.000000 )
( -0.000104 -0.000000 -0.095092 -0.000000 -0.207574  0.000000 )
( -0.000104 -0.000000  0.095092 -0.000000 -0.207574 -0.000000 )
     freq (  44) =       3.383986 [THz] =     112.877631 [cm-1]
( -0.000000 -0.000000 -0.276896  0.000000 -0.000000 -0.000000 )
(  0.000000  0.000000 -0.276896  0.000000  0.000000  0.000000 )
( -0.009823  0.000000  0.000000  0.000000 -0.000000 -0.000000 )
( -0.009823  0.000000 -0.000000 -0.000000  0.000000 -0.000000 )
( -0.000000  0.000000 -0.045183  0.000000 -0.000000 -0.000000 )
(  0.000000 -0.000000 -0.045183 -0.000000  0.000000 -0.000000 )
( -0.000000 -0.000000 -0.053006 -0.000000 -0.000000  0.000000 )
( -0.000000  0.000000  0.046159 -0.000000  0.000000  0.000000 )
(  0.000000 -0.000000  0.046159  0.000000 -0.000000  0.000000 )
( -0.000000  0.000000 -0.053006 -0.000000  0.000000 -0.000000 )
(  0.000000 -0.000000  0.046159  0.000000 -0.000000 -0.000000 )
(  0.000000  0.000000 -0.045183  0.000000 -0.000000  0.000000 )
(  0.000000  0.000000 -0.006970 -0.000000  0.000000  0.000000 )
(  0.000000 -0.000000 -0.045183 -0.000000  0.000000  0.000000 )
(  0.000000  0.000000  0.046159 -0.000000  0.000000 -0.000000 )
(  0.000000 -0.000000 -0.006970  0.000000  0.000000 -0.000000 )
(  0.000000  0.000000 -0.241580 -0.000000 -0.000000  0.000000 )
( -0.000000 -0.000000 -0.089039  0.000000  0.219640  0.000000 )
( -0.000000  0.000000 -0.089039 -0.000000 -0.219640  0.000000 )
( -0.000000 -0.000000  0.097731 -0.000000  0.209308  0.000000 )
(  0.000000  0.000000  0.097731  0.000000 -0.209308  0.000000 )
( -0.000000 -0.000000  0.192526 -0.000000  0.000000 -0.000000 )
(  0.000000  0.000000  0.097731 -0.000000 -0.209308 -0.000000 )
(  0.000000 -0.000000  0.097731  0.000000  0.209308 -0.000000 )
(  0.000000  0.000000 -0.089039  0.000000 -0.219640 -0.000000 )
( -0.000000 -0.000000 -0.089039 -0.000000  0.219640 -0.000000 )
( -0.000000 -0.000000 -0.000000 -0.000000  0.000000 -0.000000 )
(  0.010787  0.000000  0.049493  0.000000  0.183705 -0.000000 )
( -0.010787 -0.000000  0.049493 -0.000000 -0.183705 -0.000000 )
(  0.010787 -0.000000  0.049493  0.000000 -0.183705  0.000000 )
( -0.010787  0.000000  0.049493 -0.000000  0.183705  0.000000 )
(  0.000000 -0.000000 -0.000000 -0.000000  0.000000 -0.000000 )
( -0.010787  0.000000  0.049493  0.000000  0.183705 -0.000000 )
(  0.010787 -0.000000  0.049493 -0.000000 -0.183705 -0.000000 )
( -0.010787 -0.000000  0.049493  0.000000 -0.183705  0.000000 )
(  0.010787  0.000000  0.049493 -0.000000  0.183705  0.000000 )
     freq (  45) =       3.414986 [THz] =     113.911684 [cm-1]
( -0.000000  0.000000 -0.000000 -0.000000  0.036113 -0.000000 )
(  0.000000  0.000000  0.000000  0.000000  0.036113 -0.000000 )
( -0.000000  0.000000  0.000000  0.000000  0.000000  0.000000 )
( -0.000000 -0.000000 -0.000000 -0.000000 -0.000000 -0.000000 )
(  0.064872  0.000000  0.000000  0.000000  0.044003  0.000000 )
( -0.064872  0.000000  0.000000 -0.000000  0.044003 -0.000000 )
(  0.000000  0.000000  0.000000  0.000000  0.048926  0.000000 )
(  0.089550  0.000000 -0.000000 -0.000000 -0.191993 -0.000000 )
( -0.089550  0.000000  0.000000  0.000000 -0.191993  0.000000 )
( -0.000000  0.000000  0.000000 -0.000000  0.048926 -0.000000 )
(  0.089550  0.000000  0.000000  0.000000 -0.191993  0.000000 )
( -0.064872  0.000000 -0.000000  0.000000  0.044003  0.000000 )
(  0.000000  0.000000 -0.000000 -0.000000 -0.049817 -0.000000 )
(  0.064872 -0.000000 -0.000000 -0.000000  0.044003  0.000000 )
( -0.089550  0.000000  0.000000 -0.000000 -0.191993 -0.000000 )
( -0.000000 -0.000000  0.000000  0.000000 -0.049817  0.000000 )
(  0.000000 -0.000000 -0.000000  0.000000 -0.008136  0.000000 )
(  0.000000  0.000000  0.139792  0.000000  0.015087  0.000000 )
(  0.000000  0.000000 -0.139792  0.000000  0.015087  0.000000 )
(  0.000000 -0.000000 -0.004824  0.000000 -0.130823  0.000000 )
(  0.000000 -0.000000  0.004824  0.000000 -0.130823 -0.000000 )
( -0.000000  0.000000  0.000000  0.000000 -0.606604  0.000000 )
( -0.000000  0.000000  0.004824 -0.000000 -0.130823 -0.000000 )
( -0.000000 -0.000000 -0.004824 -0.000000 -0.130823 -0.000000 )
( -0.000000  0.000000 -0.139792 -0.000000  0.015087 -0.000000 )
( -0.000000  0.000000  0.139792 -0.000000  0.015087 -0.000000 )
( -0.000000 -0.000000 -0.000000 -0.000000 -0.000000 -0.000000 )
(  0.166974 -0.000000 -0.054277  0.000000  0.051560  0.000000 )
(  0.166974 -0.000000  0.054277 -0.000000  0.051560 -0.000000 )
( -0.166974 -0.000000  0.054277  0.000000  0.051560  0.000000 )
( -0.166974  0.000000 -0.054277 -0.000000  0.051560  0.000000 )
(  0.000000 -0.000000 -0.000000 -0.000000 -0.000000 -0.000000 )
( -0.166974  0.000000 -0.054277  0.000000  0.051560 -0.000000 )
( -0.166974  0.000000  0.054277  0.000000  0.051560 -0.000000 )
(  0.166974 -0.000000  0.054277 -0.000000  0.051560  0.000000 )
(  0.166974 -0.000000 -0.054277  0.000000  0.051560  0.000000 )
     freq (  46) =       3.475466 [THz] =     115.929062 [cm-1]
( -0.018361  0.000000  0.000000 -0.000000  0.000000  0.000000 )
(  0.018361 -0.000000  0.000000 -0.000000 -0.000000 -0.000000 )
(  0.000000 -0.000000  0.000000  0.000000  0.000000  0.000000 )
(  0.000000 -0.000000 -0.000000 -0.000000  0.000000  0.000000 )
( -0.000000  0.000000 -0.068861  0.000000  0.000000  0.000000 )
( -0.000000  0.000000 -0.068861 -0.000000 -0.000000  0.000000 )
(  0.000000 -0.000000  0.029313 -0.000000  0.000000 -0.000000 )
(  0.000000  0.000000  0.100156 -0.000000 -0.000000  0.000000 )
(  0.000000  0.000000  0.100156  0.000000  0.000000  0.000000 )
(  0.000000 -0.000000 -0.029313  0.000000  0.000000 -0.000000 )
( -0.000000  0.000000 -0.100156  0.000000  0.000000  0.000000 )
(  0.000000  0.000000  0.068861 -0.000000  0.000000  0.000000 )
(  0.000000  0.000000 -0.000000 -0.000000 -0.000000 -0.000000 )
(  0.000000  0.000000  0.068861  0.000000 -0.000000  0.000000 )
( -0.000000  0.000000 -0.100156  0.000000 -0.000000  0.000000 )
( -0.000000  0.000000  0.000000  0.000000  0.000000 -0.000000 )
( -0.000000  0.000000  0.000000  0.000000 -0.000000  0.000000 )
( -0.173137  0.000000  0.000000 -0.000000 -0.000000  0.000000 )
( -0.173137 -0.000000 -0.000000 -0.000000  0.000000  0.000000 )
( -0.284795  0.000000 -0.000000 -0.000000  0.000000  0.000000 )
( -0.284795  0.000000  0.000000  0.000000 -0.000000  0.000000 )
(  0.000000 -0.000000 -0.000000 -0.000000 -0.000000  0.000000 )
(  0.284795 -0.000000 -0.000000 -0.000000  0.000000 -0.000000 )
(  0.284795  0.000000 -0.000000  0.000000 -0.000000 -0.000000 )
(  0.173137 -0.000000 -0.000000 -0.000000 -0.000000 -0.000000 )
(  0.173137  0.000000  0.000000  0.000000  0.000000 -0.000000 )
(  0.000000  0.000000 -0.094803  0.000000 -0.000000 -0.000000 )
( -0.236986 -0.000000  0.015209  0.000000 -0.055958  0.000000 )
( -0.236986  0.000000 -0.015209  0.000000 -0.055958  0.000000 )
(  0.236986  0.000000 -0.015209 -0.000000 -0.055958  0.000000 )
(  0.236986 -0.000000  0.015209 -0.000000 -0.055958  0.000000 )
( -0.000000 -0.000000  0.094803 -0.000000 -0.000000 -0.000000 )
( -0.236986 -0.000000 -0.015209 -0.000000  0.055958 -0.000000 )
( -0.236986  0.000000  0.015209 -0.000000  0.055958 -0.000000 )
(  0.236986  0.000000  0.015209  0.000000  0.055958 -0.000000 )
(  0.236986 -0.000000 -0.015209  0.000000  0.055958 -0.000000 )
     freq (  47) =       3.480345 [THz] =     116.091819 [cm-1]
(  0.000000 -0.000000 -0.000000  0.000000 -0.000000 -0.000000 )
( -0.000000  0.000000 -0.000000  0.000000  0.000000  0.000000 )
(  0.000000  0.000000 -0.000000  0.000000  0.002271 -0.000000 )
(  0.000000  0.000000  0.000000 -0.000000  0.002271 -0.000000 )
(  0.000000 -0.000000  0.096676  0.000000 -0.000000  0.000000 )
(  0.000000 -0.000000 -0.096676 -0.000000  0.000000 -0.000000 )
( -0.000000  0.000000 -0.000000  0.000000 -0.000000 -0.000000 )
( -0.000000  0.000000 -0.083613  0.000000  0.000000 -0.000000 )
( -0.000000  0.000000  0.083613  0.000000 -0.000000  0.000000 )
(  0.000000 -0.000000  0.000000 -0.000000  0.000000  0.000000 )
(  0.000000 -0.000000 -0.083613 -0.000000 -0.000000  0.000000 )
( -0.000000  0.000000 -0.096676 -0.000000 -0.000000  0.000000 )
( -0.000000  0.000000  0.000000  0.000000  0.000000 -0.000000 )
( -0.000000  0.000000  0.096676  0.000000  0.000000 -0.000000 )
(  0.000000 -0.000000  0.083613 -0.000000  0.000000 -0.000000 )
(  0.000000 -0.000000 -0.000000  0.000000 -0.000000  0.000000 )
( -0.000000 -0.000000 -0.000000  0.000000 -0.000000  0.000000 )
(  0.221302  0.000000 -0.000000  0.000000  0.000000 -0.000000 )
( -0.221302 -0.000000 -0.000000  0.000000 -0.000000  0.000000 )
(  0.235631 -0.000000  0.000000 -0.000000 -0.000000  0.000000 )
( -0.235631 -0.000000  0.000000  0.000000  0.000000 -0.000000 )
(  0.000000 -0.000000  0.000000 -0.000000  0.000000  0.000000 )
( -0.235631  0.000000  0.000000 -0.000000 -0.000000  0.000000 )
(  0.235631  0.000000  0.000000 -0.000000  0.000000 -0.000000 )
( -0.221302 -0.000000  0.000000  0.000000  0.000000 -0.000000 )
(  0.221302  0.000000 -0.000000  0.000000 -0.000000 -0.000000 )
( -0.000000  0.000000  0.000000 -0.000000  0.000000 -0.000000 )
( -0.253471 -0.000000  0.014739  0.000000  0.010814 -0.000000 )
(  0.253471  0.000000  0.014739  0.000000 -0.010814 -0.000000 )
(  0.253471  0.000000 -0.014739 -0.000000  0.010814  0.000000 )
( -0.253471 -0.000000 -0.014739 -0.000000 -0.010814 -0.000000 )
(  0.000000 -0.000000 -0.000000  0.000000  0.000000 -0.000000 )
( -0.253471 -0.000000 -0.014739 -0.000000 -0.010814  0.000000 )
(  0.253471  0.000000 -0.014739  0.000000  0.010814  0.000000 )
(  0.253471  0.000000  0.014739 -0.000000 -0.010814  0.000000 )
( -0.253471  0.000000  0.014739 -0.000000  0.010814 -0.000000 )
     freq (  48) =       3.489076 [THz] =     116.383056 [cm-1]
(  0.000000  0.000000 -0.009620  0.000000 -0.000000 -0.000000 )
( -0.000000  0.000000  0.009620 -0.000000 -0.000000 -0.000000 )
(  0.000000  0.000000  0.000000 -0.000000 -0.007638  0.000000 )
( -0.000000 -0.000000 -0.000000 -0.000000  0.007638  0.000000 )
( -0.059700 -0.000000  0.000000  0.000000  0.170828 -0.000000 )
( -0.059700 -0.000000 -0.000000 -0.000000 -0.170828 -0.000000 )
(  0.001670 -0.000000 -0.000000 -0.000000  0.000000  0.000000 )
(  0.064369  0.000000 -0.000000 -0.000000 -0.162599 -0.000000 )
(  0.064369  0.000000  0.000000  0.000000  0.162599 -0.000000 )
( -0.001670 -0.000000  0.000000 -0.000000  0.000000 -0.000000 )
( -0.064369 -0.000000 -0.000000 -0.000000  0.162599 -0.000000 )
(  0.059700  0.000000 -0.000000 -0.000000  0.170828 -0.000000 )
( -0.000000 -0.000000 -0.000000 -0.000000 -0.026776 -0.000000 )
(  0.059700  0.000000  0.000000  0.000000 -0.170828 -0.000000 )
( -0.064369 -0.000000  0.000000  0.000000 -0.162599 -0.000000 )
(  0.000000  0.000000 -0.000000 -0.000000  0.026776 -0.000000 )
( -0.000000 -0.000000 -0.000000 -0.000000  0.000000 -0.000000 )
(  0.000000  0.000000  0.019141 -0.000000 -0.098226 -0.000000 )
( -0.000000 -0.000000  0.019141 -0.000000  0.098226  0.000000 )
(  0.000000  0.000000  0.011495 -0.000000  0.107349 -0.000000 )
( -0.000000 -0.000000  0.011495 -0.000000 -0.107349  0.000000 )
(  0.000000 -0.000000 -0.000000 -0.000000  0.000000 -0.000000 )
( -0.000000 -0.000000 -0.011495  0.000000  0.107349 -0.000000 )
(  0.000000  0.000000 -0.011495  0.000000 -0.107349  0.000000 )
( -0.000000 -0.000000 -0.019141  0.000000 -0.098226 -0.000000 )
(  0.000000  0.000000 -0.019141  0.000000  0.098226  0.000000 )
(  0.018096  0.000000  0.000000 -0.000000 -0.519315  0.000000 )
( -0.015279 -0.000000  0.069524 -0.000000  0.098550  0.000000 )
(  0.015279  0.000000  0.069524 -0.000000 -0.098550  0.000000 )
(  0.015279  0.000000 -0.069524 -0.000000  0.098550  0.000000 )
( -0.015279 -0.000000 -0.069524 -0.000000 -0.098550 -0.000000 )
( -0.018096  0.000000 -0.000000  0.000000 -0.519315 -0.000000 )
(  0.015279 -0.000000  0.069524 -0.000000  0.098550 -0.000000 )
( -0.015279  0.000000  0.069524 -0.000000 -0.098550 -0.000000 )
( -0.015279  0.000000 -0.069524  0.000000  0.098550 -0.000000 )
(  0.015279 -0.000000 -0.069524  0.000000 -0.098550  0.000000 )
     freq (  49) =       3.603606 [THz] =     120.203342 [cm-1]
( -0.058589  0.000000  0.000000 -0.000000 -0.000000 -0.000000 )
(  0.058589 -0.000000  0.000000 -0.000000  0.000000  0.000000 )
( -0.000000  0.000000  0.000000 -0.000000  0.000000  0.000000 )
( -0.000000  0.000000 -0.000000  0.000000  0.000000  0.000000 )
( -0.000000 -0.000000  0.076652 -0.000000 -0.000000 -0.000000 )
(  0.000000  0.000000  0.076652 -0.000000 -0.000000 -0.000000 )
(  0.000000  0.000000  0.119126 -0.000000  0.000000  0.000000 )
( -0.000000 -0.000000  0.025288 -0.000000  0.000000 -0.000000 )
(  0.000000  0.000000  0.025288 -0.000000  0.000000 -0.000000 )
( -0.000000  0.000000 -0.119126 -0.000000 -0.000000  0.000000 )
(  0.000000 -0.000000 -0.025288 -0.000000 -0.000000 -0.000000 )
(  0.000000  0.000000 -0.076652 -0.000000 -0.000000 -0.000000 )
(  0.000000 -0.000000 -0.000000  0.000000  0.000000  0.000000 )
( -0.000000 -0.000000 -0.076652 -0.000000 -0.000000 -0.000000 )
(  0.000000  0.000000 -0.025288 -0.000000  0.000000 -0.000000 )
( -0.000000  0.000000 -0.000000  0.000000  0.000000  0.000000 )
( -0.000000 -0.000000 -0.000000  0.000000 -0.000000 -0.000000 )
(  0.276389  0.000000 -0.000000  0.000000  0.000000 -0.000000 )
(  0.276389  0.000000 -0.000000  0.000000 -0.000000  0.000000 )
( -0.155348 -0.000000 -0.000000  0.000000 -0.000000  0.000000 )
( -0.155348 -0.000000 -0.000000  0.000000  0.000000 -0.000000 )
( -0.000000  0.000000 -0.000000  0.000000  0.000000 -0.000000 )
(  0.155348  0.000000 -0.000000  0.000000  0.000000 -0.000000 )
(  0.155348  0.000000 -0.000000  0.000000 -0.000000  0.000000 )
( -0.276389  0.000000 -0.000000  0.000000 -0.000000  0.000000 )
( -0.276389 -0.000000 -0.000000  0.000000  0.000000 -0.000000 )
( -0.000000  0.000000 -0.274113  0.000000  0.000000 -0.000000 )
(  0.069806 -0.000000  0.055576 -0.000000 -0.200820  0.000000 )
(  0.069806  0.000000 -0.055576 -0.000000 -0.200820  0.000000 )
( -0.069806 -0.000000 -0.055576  0.000000 -0.200820 -0.000000 )
( -0.069806  0.000000  0.055576 -0.000000 -0.200820  0.000000 )
( -0.000000  0.000000  0.274113  0.000000 -0.000000 -0.000000 )
(  0.069806  0.000000 -0.055576  0.000000  0.200820  0.000000 )
(  0.069806 -0.000000  0.055576 -0.000000  0.200820 -0.000000 )
( -0.069806  0.000000  0.055576 -0.000000  0.200820 -0.000000 )
( -0.069806 -0.000000 -0.055576 -0.000000  0.200820 -0.000000 )
     freq (  50) =       3.606677 [THz] =     120.305779 [cm-1]
(  0.000000  0.000000  0.009131 -0.000000 -0.000000 -0.000000 )
( -0.000000 -0.000000  0.009131 -0.000000  0.000000  0.000000 )
( -0.072509 -0.000000 -0.000000 -0.000000  0.000000 -0.000000 )
( -0.072509 -0.000000  0.000000  0.000000 -0.000000 -0.000000 )
(  0.000000  0.000000  0.058496 -0.000000 -0.000000  0.000000 )
(  0.000000 -0.000000  0.058496 -0.000000  0.000000 -0.000000 )
(  0.000000  0.000000  0.013558 -0.000000 -0.000000 -0.000000 )
( -0.000000  0.000000  0.053408 -0.000000  0.000000 -0.000000 )
( -0.000000 -0.000000  0.053408 -0.000000 -0.000000  0.000000 )
(  0.000000 -0.000000  0.013558  0.000000 -0.000000  0.000000 )
(  0.000000 -0.000000  0.053408  0.000000 -0.000000  0.000000 )
( -0.000000  0.000000  0.058496  0.000000 -0.000000  0.000000 )
(  0.000000 -0.000000 -0.125183 -0.000000 -0.000000 -0.000000 )
( -0.000000 -0.000000  0.058496  0.000000  0.000000 -0.000000 )
(  0.000000  0.000000  0.053408  0.000000  0.000000 -0.000000 )
(  0.000000  0.000000 -0.125183 -0.000000  0.000000  0.000000 )
( -0.000000  0.000000 -0.259692 -0.000000  0.000000  0.000000 )
( -0.000000 -0.000000 -0.043207 -0.000000  0.218445  0.000000 )
( -0.000000 -0.000000 -0.043207 -0.000000 -0.218445 -0.000000 )
(  0.000000  0.000000 -0.069937  0.000000 -0.222032 -0.000000 )
(  0.000000  0.000000 -0.069937  0.000000  0.222032 -0.000000 )
(  0.000000  0.000000 -0.273608  0.000000  0.000000  0.000000 )
( -0.000000 -0.000000 -0.069937  0.000000  0.222032  0.000000 )
( -0.000000 -0.000000 -0.069937 -0.000000 -0.222032  0.000000 )
(  0.000000  0.000000 -0.043207 -0.000000 -0.218445 -0.000000 )
(  0.000000  0.000000 -0.043207 -0.000000  0.218445  0.000000 )
(  0.000000  0.000000  0.000000  0.000000  0.000000 -0.000000 )
(  0.216152 -0.000000  0.000629 -0.000000 -0.012929  0.000000 )
( -0.216152 -0.000000  0.000629  0.000000  0.012929  0.000000 )
(  0.216152  0.000000  0.000629  0.000000  0.012929  0.000000 )
( -0.216152  0.000000  0.000629 -0.000000 -0.012929  0.000000 )
( -0.000000  0.000000 -0.000000 -0.000000  0.000000 -0.000000 )
( -0.216152 -0.000000  0.000629  0.000000 -0.012929 -0.000000 )
(  0.216152 -0.000000  0.000629 -0.000000  0.012929 -0.000000 )
( -0.216152  0.000000  0.000629 -0.000000  0.012929 -0.000000 )
(  0.216152  0.000000  0.000629  0.000000 -0.012929 -0.000000 )
     freq (  51) =       3.724910 [THz] =     124.249615 [cm-1]
(  0.000000  0.000000 -0.000000 -0.000000  0.002503  0.000000 )
(  0.000000  0.000000  0.000000  0.000000  0.002503  0.000000 )
( -0.000000 -0.000000 -0.000000 -0.000000 -0.000000  0.000000 )
(  0.000000  0.000000  0.000000 -0.000000  0.000000 -0.000000 )
(  0.030196 -0.000000 -0.000000  0.000000 -0.201610  0.000000 )
( -0.030196  0.000000 -0.000000  0.000000 -0.201610  0.000000 )
( -0.000000 -0.000000 -0.000000  0.000000 -0.016244  0.000000 )
( -0.014286  0.000000 -0.000000 -0.000000 -0.024745  0.000000 )
(  0.014286 -0.000000 -0.000000 -0.000000 -0.024745  0.000000 )
(  0.000000  0.000000  0.000000 -0.000000 -0.016244 -0.000000 )
( -0.014286 -0.000000  0.000000  0.000000 -0.024745 -0.000000 )
( -0.030196  0.000000  0.000000 -0.000000 -0.201610 -0.000000 )
( -0.000000 -0.000000  0.000000  0.000000  0.089109  0.000000 )
(  0.030196  0.000000  0.000000 -0.000000 -0.201610 -0.000000 )
(  0.014286  0.000000  0.000000  0.000000 -0.024745 -0.000000 )
(  0.000000  0.000000 -0.000000 -0.000000  0.089109  0.000000 )
( -0.000000 -0.000000  0.000000 -0.000000 -0.644145  0.000000 )
( -0.000000 -0.000000 -0.189516 -0.000000 -0.098134 -0.000000 )
(  0.000000  0.000000  0.189516  0.000000 -0.098134 -0.000000 )
( -0.000000 -0.000000  0.085889  0.000000  0.052158 -0.000000 )
(  0.000000  0.000000 -0.085889  0.000000  0.052158 -0.000000 )
(  0.000000 -0.000000 -0.000000 -0.000000 -0.052119  0.000000 )
( -0.000000 -0.000000 -0.085889 -0.000000  0.052158  0.000000 )
(  0.000000  0.000000  0.085889 -0.000000  0.052158 -0.000000 )
( -0.000000 -0.000000  0.189516  0.000000 -0.098134 -0.000000 )
(  0.000000  0.000000 -0.189516 -0.000000 -0.098134 -0.000000 )
( -0.000000  0.000000  0.000000 -0.000000 -0.000000  0.000000 )
(  0.122587 -0.000000  0.004578 -0.000000 -0.081759  0.000000 )
(  0.122587 -0.000000 -0.004578 -0.000000 -0.081759  0.000000 )
( -0.122587  0.000000 -0.004578 -0.000000 -0.081759  0.000000 )
( -0.122587 -0.000000  0.004578 -0.000000 -0.081759 -0.000000 )
(  0.000000  0.000000 -0.000000  0.000000 -0.000000 -0.000000 )
( -0.122587  0.000000  0.004578  0.000000 -0.081759  0.000000 )
( -0.122587 -0.000000 -0.004578  0.000000 -0.081759 -0.000000 )
(  0.122587 -0.000000 -0.004578  0.000000 -0.081759  0.000000 )
(  0.122587 -0.000000  0.004578  0.000000 -0.081759  0.000000 )
     freq (  52) =       3.740295 [THz] =     124.762807 [cm-1]
(  0.000000  0.000000 -0.000000 -0.000000 -0.000000  0.000000 )
(  0.000000  0.000000 -0.000000  0.000000 -0.000000  0.000000 )
( -0.004449 -0.000000  0.000000 -0.000000 -0.000000 -0.000000 )
(  0.004449  0.000000  0.000000 -0.000000  0.000000  0.000000 )
( -0.009822  0.000000  0.000000 -0.000000  0.143575 -0.000000 )
(  0.009822 -0.000000 -0.000000 -0.000000  0.143575 -0.000000 )
( -0.000000 -0.000000 -0.000000  0.000000  0.103295 -0.000000 )
(  0.001744 -0.000000  0.000000 -0.000000  0.121560 -0.000000 )
( -0.001744  0.000000  0.000000 -0.000000  0.121560 -0.000000 )
( -0.000000 -0.000000  0.000000  0.000000 -0.103295  0.000000 )
( -0.001744 -0.000000 -0.000000 -0.000000 -0.121560 -0.000000 )
( -0.009822 -0.000000  0.000000 -0.000000 -0.143575 -0.000000 )
( -0.014506  0.000000 -0.000000 -0.000000 -0.000000  0.000000 )
(  0.009822  0.000000  0.000000 -0.000000 -0.143575 -0.000000 )
(  0.001744  0.000000  0.000000 -0.000000 -0.121560 -0.000000 )
(  0.014506 -0.000000 -0.000000 -0.000000 -0.000000  0.000000 )
( -0.000000  0.000000 -0.000000 -0.000000  0.000000 -0.000000 )
( -0.141363 -0.000000  0.000000 -0.000000  0.000000 -0.000000 )
(  0.141363  0.000000 -0.000000  0.000000  0.000000 -0.000000 )
( -0.137397  0.000000 -0.000000  0.000000 -0.000000  0.000000 )
(  0.137397 -0.000000  0.000000 -0.000000 -0.000000  0.000000 )
( -0.000000 -0.000000 -0.000000  0.000000  0.000000 -0.000000 )
( -0.137397  0.000000  0.000000 -0.000000 -0.000000  0.000000 )
(  0.137397 -0.000000 -0.000000  0.000000 -0.000000  0.000000 )
( -0.141363 -0.000000 -0.000000  0.000000  0.000000 -0.000000 )
(  0.141363  0.000000  0.000000 -0.000000  0.000000 -0.000000 )
(  0.022329 -0.000000  0.000000  0.000000  0.440029 -0.000000 )
(  0.011634  0.000000 -0.186677  0.000000 -0.039806 -0.000000 )
( -0.011634  0.000000 -0.186677  0.000000  0.039806 -0.000000 )
(  0.011634 -0.000000 -0.186677  0.000000  0.039806 -0.000000 )
( -0.011634 -0.000000 -0.186677  0.000000 -0.039806 -0.000000 )
(  0.022329  0.000000 -0.000000  0.000000 -0.440029  0.000000 )
(  0.011634 -0.000000  0.186677 -0.000000  0.039806 -0.000000 )
( -0.011634 -0.000000  0.186677 -0.000000 -0.039806 -0.000000 )
(  0.011634  0.000000  0.186677 -0.000000 -0.039806 -0.000000 )
( -0.011634  0.000000  0.186677 -0.000000  0.039806 -0.000000 )
     freq (  53) =       3.893341 [THz] =     129.867881 [cm-1]
(  0.015089  0.000000  0.000000 -0.000000 -0.000000  0.000000 )
(  0.015089 -0.000000  0.000000  0.000000  0.000000  0.000000 )
( -0.000000  0.000000 -0.002276  0.000000  0.000000  0.000000 )
( -0.000000 -0.000000 -0.002276  0.000000  0.000000 -0.000000 )
(  0.088563 -0.000000  0.000000 -0.000000  0.026511  0.000000 )
(  0.088563  0.000000  0.000000 -0.000000 -0.026511  0.000000 )
(  0.002176  0.000000 -0.000000  0.000000  0.000000  0.000000 )
(  0.089360 -0.000000  0.000000  0.000000  0.031606 -0.000000 )
(  0.089360 -0.000000  0.000000 -0.000000 -0.031606 -0.000000 )
(  0.002176  0.000000 -0.000000 -0.000000 -0.000000  0.000000 )
(  0.089360  0.000000 -0.000000 -0.000000  0.031606 -0.000000 )
(  0.088563  0.000000  0.000000  0.000000 -0.026511 -0.000000 )
(  0.028333  0.000000  0.000000 -0.000000  0.000000 -0.000000 )
(  0.088563  0.000000  0.000000  0.000000  0.026511  0.000000 )
(  0.089360  0.000000  0.000000  0.000000 -0.031606 -0.000000 )
(  0.028333  0.000000  0.000000  0.000000  0.000000 -0.000000 )
(  0.168807 -0.000000  0.000000 -0.000000 -0.000000  0.000000 )
( -0.164343 -0.000000  0.000000  0.000000  0.000000  0.000000 )
( -0.164343 -0.000000  0.000000 -0.000000 -0.000000  0.000000 )
( -0.096672  0.000000  0.000000  0.000000 -0.000000  0.000000 )
( -0.096672  0.000000  0.000000  0.000000  0.000000 -0.000000 )
(  0.096854  0.000000  0.000000 -0.000000  0.000000 -0.000000 )
( -0.096672  0.000000  0.000000 -0.000000  0.000000  0.000000 )
( -0.096672  0.000000  0.000000 -0.000000 -0.000000 -0.000000 )
( -0.164343 -0.000000  0.000000 -0.000000 -0.000000  0.000000 )
( -0.164343 -0.000000  0.000000  0.000000  0.000000  0.000000 )
( -0.000000 -0.000000 -0.000000 -0.000000  0.000000  0.000000 )
( -0.020313 -0.000000  0.278112 -0.000000 -0.123709 -0.000000 )
( -0.020313  0.000000 -0.278112  0.000000 -0.123709 -0.000000 )
( -0.020313  0.000000  0.278112  0.000000  0.123709 -0.000000 )
( -0.020313 -0.000000 -0.278112  0.000000  0.123709  0.000000 )
( -0.000000  0.000000  0.000000 -0.000000 -0.000000  0.000000 )
( -0.020313  0.000000 -0.278112 -0.000000  0.123709 -0.000000 )
( -0.020313 -0.000000  0.278112  0.000000  0.123709  0.000000 )
( -0.020313 -0.000000 -0.278112  0.000000 -0.123709 -0.000000 )
( -0.020313  0.000000  0.278112 -0.000000 -0.123709 -0.000000 )
     freq (  54) =       3.915134 [THz] =     130.594813 [cm-1]
( -0.229761  0.000000  0.000000 -0.000000 -0.000000 -0.000000 )
(  0.229761 -0.000000  0.000000 -0.000000  0.000000  0.000000 )
( -0.000000 -0.000000  0.000000  0.000000  0.000000 -0.000000 )
( -0.000000 -0.000000 -0.000000 -0.000000  0.000000 -0.000000 )
( -0.000000 -0.000000  0.065749  0.000000 -0.000000  0.000000 )
( -0.000000  0.000000  0.065749  0.000000 -0.000000  0.000000 )
(  0.000000 -0.000000 -0.050894 -0.000000 -0.000000 -0.000000 )
( -0.000000 -0.000000  0.064865 -0.000000 -0.000000  0.000000 )
( -0.000000  0.000000  0.064865  0.000000  0.000000  0.000000 )
( -0.000000 -0.000000  0.050894 -0.000000 -0.000000 -0.000000 )
( -0.000000 -0.000000 -0.064865  0.000000  0.000000  0.000000 )
(  0.000000  0.000000 -0.065749 -0.000000  0.000000  0.000000 )
( -0.000000 -0.000000  0.000000  0.000000 -0.000000  0.000000 )
( -0.000000 -0.000000 -0.065749 -0.000000  0.000000  0.000000 )
(  0.000000  0.000000 -0.064865 -0.000000  0.000000  0.000000 )
( -0.000000 -0.000000  0.000000 -0.000000  0.000000  0.000000 )
( -0.000000  0.000000  0.000000  0.000000  0.000000  0.000000 )
( -0.151850 -0.000000 -0.000000 -0.000000  0.000000  0.000000 )
( -0.151850 -0.000000  0.000000  0.000000 -0.000000  0.000000 )
(  0.151885  0.000000  0.000000 -0.000000 -0.000000 -0.000000 )
(  0.151885  0.000000  0.000000  0.000000  0.000000 -0.000000 )
( -0.000000 -0.000000 -0.000000  0.000000  0.000000  0.000000 )
( -0.151885 -0.000000 -0.000000 -0.000000  0.000000  0.000000 )
( -0.151885 -0.000000 -0.000000  0.000000 -0.000000  0.000000 )
(  0.151850  0.000000  0.000000 -0.000000  0.000000 -0.000000 )
(  0.151850  0.000000  0.000000  0.000000 -0.000000 -0.000000 )
( -0.000000 -0.000000 -0.021277  0.000000 -0.000000 -0.000000 )
(  0.004020 -0.000000 -0.218783  0.000000 -0.189290 -0.000000 )
(  0.004020  0.000000  0.218783 -0.000000 -0.189290 -0.000000 )
( -0.004020 -0.000000  0.218783  0.000000 -0.189290  0.000000 )
( -0.004020 -0.000000 -0.218783 -0.000000 -0.189290  0.000000 )
(  0.000000  0.000000  0.021277 -0.000000  0.000000  0.000000 )
(  0.004020  0.000000  0.218783  0.000000  0.189290 -0.000000 )
(  0.004020  0.000000 -0.218783 -0.000000  0.189290 -0.000000 )
( -0.004020  0.000000 -0.218783  0.000000  0.189290  0.000000 )
( -0.004020  0.000000  0.218783 -0.000000  0.189290  0.000000 )
     freq (  55) =       3.939040 [THz] =     131.392225 [cm-1]
(  0.000000  0.000000  0.011580  0.000000 -0.000000 -0.000000 )
( -0.000000  0.000000 -0.011580 -0.000000 -0.000000 -0.000000 )
(  0.000000  0.000000  0.000000 -0.000000 -0.001140 -0.000000 )
( -0.000000  0.000000 -0.000000 -0.000000  0.001140  0.000000 )
( -0.101223  0.000000 -0.000000 -0.000000 -0.040986 -0.000000 )
( -0.101223 -0.000000 -0.000000 -0.000000  0.040986  0.000000 )
(  0.007325 -0.000000  0.000000 -0.000000  0.000000  0.000000 )
( -0.074234  0.000000 -0.000000 -0.000000 -0.036718  0.000000 )
( -0.074234  0.000000 -0.000000 -0.000000  0.036718 -0.000000 )
( -0.007325  0.000000 -0.000000  0.000000  0.000000 -0.000000 )
(  0.074234  0.000000  0.000000 -0.000000  0.036718 -0.000000 )
(  0.101223  0.000000  0.000000 -0.000000 -0.040986 -0.000000 )
(  0.000000  0.000000 -0.000000 -0.000000 -0.000163  0.000000 )
(  0.101223  0.000000  0.000000 -0.000000  0.040986  0.000000 )
(  0.074234  0.000000  0.000000 -0.000000 -0.036718 -0.000000 )
( -0.000000 -0.000000 -0.000000 -0.000000  0.000163 -0.000000 )
( -0.000000  0.000000 -0.000000  0.000000 -0.000000  0.000000 )
(  0.000000 -0.000000 -0.274247 -0.000000  0.144130 -0.000000 )
( -0.000000 -0.000000 -0.274247 -0.000000 -0.144130  0.000000 )
(  0.000000 -0.000000  0.286425 -0.000000  0.127997  0.000000 )
( -0.000000 -0.000000  0.286425 -0.000000 -0.127997 -0.000000 )
(  0.000000  0.000000 -0.000000  0.000000  0.000000 -0.000000 )
(  0.000000 -0.000000 -0.286425 -0.000000  0.127997  0.000000 )
(  0.000000 -0.000000 -0.286425  0.000000 -0.127997 -0.000000 )
(  0.000000 -0.000000  0.274247  0.000000  0.144130  0.000000 )
( -0.000000 -0.000000  0.274247  0.000000 -0.144130 -0.000000 )
( -0.116670 -0.000000 -0.000000 -0.000000 -0.003937  0.000000 )
( -0.122103  0.000000 -0.002682  0.000000 -0.005790 -0.000000 )
(  0.122103 -0.000000 -0.002682 -0.000000  0.005790 -0.000000 )
(  0.122103  0.000000  0.002682  0.000000 -0.005790  0.000000 )
( -0.122103 -0.000000  0.002682 -0.000000  0.005790  0.000000 )
(  0.116670 -0.000000 -0.000000  0.000000 -0.003937  0.000000 )
(  0.122103  0.000000 -0.002682 -0.000000 -0.005790  0.000000 )
( -0.122103 -0.000000 -0.002682  0.000000  0.005790  0.000000 )
( -0.122103  0.000000  0.002682 -0.000000 -0.005790 -0.000000 )
(  0.122103 -0.000000  0.002682  0.000000  0.005790 -0.000000 )
     freq (  56) =       3.992856 [THz] =     133.187349 [cm-1]
( -0.000000  0.000000  0.000199 -0.000000  0.000000  0.000000 )
(  0.000000 -0.000000  0.000199 -0.000000 -0.000000 -0.000000 )
(  0.217410  0.000000  0.000000  0.000000  0.000000 -0.000000 )
(  0.217410  0.000000 -0.000000 -0.000000  0.000000 -0.000000 )
(  0.000000 -0.000000 -0.068633 -0.000000  0.000000  0.000000 )
(  0.000000 -0.000000 -0.068633 -0.000000 -0.000000  0.000000 )
( -0.000000  0.000000  0.011545  0.000000  0.000000 -0.000000 )
(  0.000000 -0.000000 -0.066360 -0.000000  0.000000  0.000000 )
(  0.000000  0.000000 -0.066360 -0.000000 -0.000000  0.000000 )
( -0.000000 -0.000000  0.011545  0.000000  0.000000  0.000000 )
(  0.000000  0.000000 -0.066360 -0.000000  0.000000 -0.000000 )
(  0.000000  0.000000 -0.068633 -0.000000 -0.000000 -0.000000 )
(  0.000000 -0.000000 -0.054029 -0.000000  0.000000 -0.000000 )
(  0.000000  0.000000 -0.068633 -0.000000  0.000000 -0.000000 )
(  0.000000 -0.000000 -0.066360 -0.000000  0.000000 -0.000000 )
(  0.000000  0.000000 -0.054029 -0.000000  0.000000  0.000000 )
(  0.000000 -0.000000  0.015440  0.000000  0.000000 -0.000000 )
( -0.000000  0.000000 -0.209944 -0.000000 -0.167235 -0.000000 )
( -0.000000 -0.000000 -0.209944 -0.000000  0.167235  0.000000 )
( -0.000000 -0.000000 -0.219149  0.000000  0.203361  0.000000 )
( -0.000000  0.000000 -0.219149  0.000000 -0.203361 -0.000000 )
(  0.000000  0.000000  0.013710  0.000000 -0.000000 -0.000000 )
( -0.000000  0.000000 -0.219149 -0.000000 -0.203361 -0.000000 )
( -0.000000 -0.000000 -0.219149 -0.000000  0.203361  0.000000 )
( -0.000000 -0.000000 -0.209944 -0.000000  0.167235  0.000000 )
( -0.000000  0.000000 -0.209944 -0.000000 -0.167235 -0.000000 )
(  0.000000  0.000000 -0.000000  0.000000  0.000000  0.000000 )
(  0.163760 -0.000000  0.005761 -0.000000 -0.015690  0.000000 )
( -0.163760  0.000000  0.005761 -0.000000  0.015690 -0.000000 )
(  0.163760  0.000000  0.005761  0.000000  0.015690  0.000000 )
( -0.163760 -0.000000  0.005761  0.000000 -0.015690 -0.000000 )
(  0.000000  0.000000  0.000000 -0.000000  0.000000 -0.000000 )
( -0.163760 -0.000000  0.005761  0.000000 -0.015690 -0.000000 )
(  0.163760  0.000000  0.005761  0.000000  0.015690  0.000000 )
( -0.163760  0.000000  0.005761 -0.000000  0.015690 -0.000000 )
(  0.163760 -0.000000  0.005761 -0.000000 -0.015690  0.000000 )
     freq (  57) =       4.182492 [THz] =     139.512922 [cm-1]
(  0.000000 -0.000000 -0.000000  0.000000 -0.000000 -0.000000 )
(  0.000000 -0.000000  0.000000 -0.000000 -0.000000 -0.000000 )
(  0.012739 -0.000000 -0.000000  0.000000 -0.000000 -0.000000 )
( -0.012739  0.000000 -0.000000  0.000000  0.000000  0.000000 )
(  0.073048  0.000000  0.000000  0.000000 -0.095197 -0.000000 )
( -0.073048 -0.000000 -0.000000  0.000000 -0.095197 -0.000000 )
(  0.000000 -0.000000 -0.000000 -0.000000  0.045022 -0.000000 )
(  0.034134  0.000000  0.000000  0.000000 -0.112455 -0.000000 )
( -0.034134 -0.000000 -0.000000  0.000000 -0.112455 -0.000000 )
(  0.000000 -0.000000 -0.000000 -0.000000 -0.045022  0.000000 )
( -0.034134  0.000000 -0.000000  0.000000  0.112455 -0.000000 )
(  0.073048 -0.000000  0.000000  0.000000  0.095197 -0.000000 )
( -0.001919  0.000000  0.000000  0.000000 -0.000000 -0.000000 )
( -0.073048  0.000000  0.000000  0.000000  0.095197 -0.000000 )
(  0.034134 -0.000000  0.000000  0.000000  0.112455 -0.000000 )
(  0.001919 -0.000000 -0.000000  0.000000  0.000000 -0.000000 )
(  0.000000 -0.000000  0.000000 -0.000000 -0.000000 -0.000000 )
( -0.190806 -0.000000  0.000000  0.000000  0.000000  0.000000 )
(  0.190806  0.000000 -0.000000 -0.000000  0.000000  0.000000 )
( -0.243081  0.000000  0.000000 -0.000000 -0.000000  0.000000 )
(  0.243081 -0.000000  0.000000  0.000000  0.000000  0.000000 )
(  0.000000 -0.000000 -0.000000  0.000000  0.000000 -0.000000 )
( -0.243081  0.000000 -0.000000  0.000000 -0.000000  0.000000 )
(  0.243081 -0.000000  0.000000 -0.000000 -0.000000  0.000000 )
( -0.190806 -0.000000 -0.000000 -0.000000  0.000000  0.000000 )
(  0.190806  0.000000 -0.000000  0.000000  0.000000  0.000000 )
(  0.008232 -0.000000  0.000000 -0.000000 -0.342265  0.000000 )
( -0.039127 -0.000000 -0.076673  0.000000 -0.160892  0.000000 )
(  0.039127 -0.000000 -0.076673  0.000000  0.160892  0.000000 )
( -0.039127  0.000000 -0.076673 -0.000000  0.160892 -0.000000 )
(  0.039127  0.000000 -0.076673  0.000000 -0.160892  0.000000 )
(  0.008232  0.000000 -0.000000  0.000000  0.342265 -0.000000 )
( -0.039127  0.000000  0.076673  0.000000  0.160892 -0.000000 )
(  0.039127  0.000000  0.076673 -0.000000 -0.160892  0.000000 )
( -0.039127 -0.000000  0.076673 -0.000000 -0.160892  0.000000 )
(  0.039127 -0.000000  0.076673 -0.000000  0.160892  0.000000 )
     freq (  58) =       4.211885 [THz] =     140.493374 [cm-1]
( -0.000000 -0.000000 -0.000000 -0.000000 -0.015950 -0.000000 )
( -0.000000 -0.000000  0.000000  0.000000 -0.015950 -0.000000 )
(  0.000000  0.000000  0.000000 -0.000000  0.000000  0.000000 )
(  0.000000 -0.000000  0.000000 -0.000000 -0.000000 -0.000000 )
(  0.066009  0.000000  0.000000 -0.000000 -0.108893 -0.000000 )
( -0.066009 -0.000000  0.000000 -0.000000 -0.108893 -0.000000 )
( -0.000000 -0.000000  0.000000 -0.000000  0.006266  0.000000 )
(  0.051365  0.000000 -0.000000  0.000000 -0.101386 -0.000000 )
( -0.051365 -0.000000  0.000000 -0.000000 -0.101386 -0.000000 )
(  0.000000  0.000000 -0.000000  0.000000  0.006266  0.000000 )
(  0.051365 -0.000000 -0.000000 -0.000000 -0.101386  0.000000 )
( -0.066009  0.000000 -0.000000  0.000000 -0.108893  0.000000 )
( -0.000000  0.000000 -0.000000  0.000000 -0.075272 -0.000000 )
(  0.066009 -0.000000 -0.000000  0.000000 -0.108893  0.000000 )
( -0.051365  0.000000 -0.000000  0.000000 -0.101386  0.000000 )
(  0.000000  0.000000 -0.000000 -0.000000 -0.075272 -0.000000 )
(  0.000000  0.000000 -0.000000  0.000000 -0.373081  0.000000 )
(  0.000000  0.000000  0.107441  0.000000  0.163768 -0.000000 )
( -0.000000  0.000000 -0.107441 -0.000000  0.163768 -0.000000 )
( -0.000000  0.000000 -0.064317 -0.000000  0.166169  0.000000 )
( -0.000000  0.000000  0.064317  0.000000  0.166169  0.000000 )
( -0.000000  0.000000  0.000000  0.000000 -0.316436 -0.000000 )
( -0.000000  0.000000  0.064317  0.000000  0.166169  0.000000 )
( -0.000000  0.000000 -0.064317 -0.000000  0.166169  0.000000 )
(  0.000000  0.000000 -0.107441 -0.000000  0.163768 -0.000000 )
( -0.000000  0.000000  0.107441  0.000000  0.163768  0.000000 )
( -0.000000  0.000000 -0.000000  0.000000  0.000000 -0.000000 )
( -0.208529 -0.000000  0.017326 -0.000000  0.013718 -0.000000 )
( -0.208529  0.000000 -0.017326  0.000000  0.013718 -0.000000 )
(  0.208529  0.000000 -0.017326 -0.000000  0.013718  0.000000 )
(  0.208529  0.000000  0.017326 -0.000000  0.013718  0.000000 )
(  0.000000 -0.000000  0.000000  0.000000  0.000000  0.000000 )
(  0.208529  0.000000  0.017326 -0.000000  0.013718  0.000000 )
(  0.208529  0.000000 -0.017326  0.000000  0.013718  0.000000 )
( -0.208529 -0.000000 -0.017326  0.000000  0.013718 -0.000000 )
( -0.208529  0.000000  0.017326 -0.000000  0.013718 -0.000000 )
     freq (  59) =       4.265960 [THz] =     142.297118 [cm-1]
(  0.022166 -0.000000 -0.000000  0.000000 -0.000000 -0.000000 )
(  0.022166 -0.000000  0.000000 -0.000000  0.000000 -0.000000 )
( -0.000000  0.000000 -0.162918  0.000000  0.000000  0.000000 )
(  0.000000 -0.000000 -0.162918  0.000000 -0.000000 -0.000000 )
(  0.002559  0.000000 -0.000000  0.000000 -0.018086 -0.000000 )
(  0.002559 -0.000000  0.000000 -0.000000  0.018086 -0.000000 )
(  0.031557 -0.000000  0.000000  0.000000 -0.000000  0.000000 )
(  0.006881  0.000000 -0.000000 -0.000000 -0.024721 -0.000000 )
(  0.006881 -0.000000  0.000000 -0.000000  0.024721 -0.000000 )
(  0.031557 -0.000000 -0.000000 -0.000000  0.000000  0.000000 )
(  0.006881  0.000000  0.000000  0.000000 -0.024721 -0.000000 )
(  0.002559 -0.000000 -0.000000  0.000000  0.018086 -0.000000 )
(  0.015940  0.000000 -0.000000 -0.000000  0.000000 -0.000000 )
(  0.002559  0.000000  0.000000 -0.000000 -0.018086 -0.000000 )
(  0.006881 -0.000000  0.000000  0.000000  0.024721 -0.000000 )
(  0.015940  0.000000 -0.000000  0.000000 -0.000000 -0.000000 )
(  0.162044  0.000000  0.000000 -0.000000 -0.000000 -0.000000 )
(  0.176147  0.000000 -0.000000  0.000000 -0.000000 -0.000000 )
(  0.176147  0.000000 -0.000000 -0.000000  0.000000 -0.000000 )
(  0.233599 -0.000000 -0.000000 -0.000000  0.000000  0.000000 )
(  0.233599 -0.000000 -0.000000  0.000000  0.000000  0.000000 )
(  0.202666 -0.000000 -0.000000 -0.000000 -0.000000 -0.000000 )
(  0.233599 -0.000000  0.000000  0.000000  0.000000  0.000000 )
(  0.233599 -0.000000  0.000000 -0.000000  0.000000  0.000000 )
(  0.176147  0.000000  0.000000 -0.000000 -0.000000  0.000000 )
(  0.176147  0.000000  0.000000  0.000000  0.000000  0.000000 )
( -0.000000 -0.000000 -0.000000  0.000000  0.000000  0.000000 )
( -0.035623 -0.000000 -0.043148 -0.000000 -0.251173  0.000000 )
( -0.035623 -0.000000  0.043148  0.000000 -0.251173  0.000000 )
( -0.035623  0.000000 -0.043148  0.000000  0.251173 -0.000000 )
( -0.035623  0.000000  0.043148 -0.000000  0.251173 -0.000000 )
( -0.000000  0.000000 -0.000000  0.000000 -0.000000  0.000000 )
( -0.035623  0.000000  0.043148 -0.000000  0.251173 -0.000000 )
( -0.035623  0.000000 -0.043148  0.000000  0.251173 -0.000000 )
( -0.035623 -0.000000  0.043148  0.000000 -0.251173  0.000000 )
( -0.035623 -0.000000 -0.043148 -0.000000 -0.251173  0.000000 )
     freq (  60) =       4.274788 [THz] =     142.591579 [cm-1]
( -0.000000 -0.000000  0.047234  0.000000  0.000000 -0.000000 )
( -0.000000 -0.000000 -0.047234 -0.000000  0.000000 -0.000000 )
( -0.000000  0.000000 -0.000000  0.000000 -0.047665 -0.000000 )
(  0.000000 -0.000000 -0.000000  0.000000  0.047665 -0.000000 )
( -0.015788  0.000000 -0.000000 -0.000000  0.069564  0.000000 )
( -0.015788 -0.000000  0.000000  0.000000 -0.069564 -0.000000 )
(  0.026986  0.000000  0.000000  0.000000  0.000000 -0.000000 )
(  0.032774 -0.000000 -0.000000 -0.000000 -0.063851 -0.000000 )
(  0.032774  0.000000  0.000000 -0.000000  0.063851  0.000000 )
( -0.026986 -0.000000  0.000000  0.000000  0.000000 -0.000000 )
( -0.032774 -0.000000  0.000000 -0.000000  0.063851  0.000000 )
(  0.015788 -0.000000  0.000000  0.000000  0.069564 -0.000000 )
(  0.000000 -0.000000 -0.000000 -0.000000 -0.078595 -0.000000 )
(  0.015788  0.000000  0.000000 -0.000000 -0.069564 -0.000000 )
( -0.032774  0.000000 -0.000000 -0.000000 -0.063851  0.000000 )
( -0.000000  0.000000  0.000000 -0.000000  0.078595  0.000000 )
(  0.000000 -0.000000 -0.000000  0.000000  0.000000 -0.000000 )
(  0.000000  0.000000  0.146860  0.000000  0.154862  0.000000 )
(  0.000000 -0.000000  0.146860  0.000000 -0.154862 -0.000000 )
(  0.000000 -0.000000  0.112366  0.000000 -0.017899 -0.000000 )
(  0.000000  0.000000  0.112366 -0.000000  0.017899 -0.000000 )
(  0.000000 -0.000000  0.000000 -0.000000 -0.000000  0.000000 )
(  0.000000 -0.000000 -0.112366 -0.000000 -0.017899 -0.000000 )
(  0.000000  0.000000 -0.112366  0.000000  0.017899 -0.000000 )
(  0.000000  0.000000 -0.146860 -0.000000  0.154862  0.000000 )
(  0.000000 -0.000000 -0.146860 -0.000000 -0.154862 -0.000000 )
( -0.022045  0.000000  0.000000  0.000000 -0.193137 -0.000000 )
(  0.065846 -0.000000 -0.066716  0.000000 -0.263716  0.000000 )
( -0.065846  0.000000 -0.066716 -0.000000  0.263716  0.000000 )
( -0.065846 -0.000000  0.066716 -0.000000 -0.263716 -0.000000 )
(  0.065846  0.000000  0.066716  0.000000  0.263716  0.000000 )
(  0.022045  0.000000 -0.000000  0.000000 -0.193137 -0.000000 )
( -0.065846 -0.000000 -0.066716  0.000000 -0.263716 -0.000000 )
(  0.065846  0.000000 -0.066716 -0.000000  0.263716  0.000000 )
(  0.065846 -0.000000  0.066716 -0.000000 -0.263716  0.000000 )
( -0.065846  0.000000  0.066716  0.000000  0.263716  0.000000 )
     freq (  61) =       4.282510 [THz] =     142.849174 [cm-1]
(  0.000000  0.000000  0.000000  0.000000 -0.013401  0.000000 )
(  0.000000  0.000000 -0.000000 -0.000000 -0.013401  0.000000 )
(  0.000000 -0.000000 -0.000000  0.000000 -0.000000 -0.000000 )
( -0.000000  0.000000 -0.000000  0.000000  0.000000  0.000000 )
(  0.032475 -0.000000  0.000000  0.000000 -0.056978  0.000000 )
( -0.032475  0.000000 -0.000000 -0.000000 -0.056978 -0.000000 )
(  0.000000  0.000000 -0.000000 -0.000000 -0.136084  0.000000 )
( -0.053536  0.000000  0.000000  0.000000  0.041625 -0.000000 )
(  0.053536 -0.000000 -0.000000  0.000000  0.041625  0.000000 )
( -0.000000 -0.000000 -0.000000  0.000000 -0.136084  0.000000 )
( -0.053536 -0.000000 -0.000000 -0.000000  0.041625  0.000000 )
( -0.032475  0.000000 -0.000000  0.000000 -0.056978  0.000000 )
( -0.000000 -0.000000 -0.000000 -0.000000 -0.004836 -0.000000 )
(  0.032475 -0.000000 -0.000000 -0.000000 -0.056978  0.000000 )
(  0.053536 -0.000000  0.000000 -0.000000  0.041625 -0.000000 )
(  0.000000 -0.000000 -0.000000  0.000000 -0.004836  0.000000 )
(  0.000000 -0.000000  0.000000 -0.000000 -0.197639  0.000000 )
(  0.000000 -0.000000  0.076031  0.000000  0.202364  0.000000 )
( -0.000000 -0.000000 -0.076031  0.000000  0.202364 -0.000000 )
( -0.000000 -0.000000  0.158713 -0.000000 -0.228269  0.000000 )
(  0.000000 -0.000000 -0.158713  0.000000 -0.228269  0.000000 )
(  0.000000 -0.000000 -0.000000 -0.000000  0.163674 -0.000000 )
( -0.000000 -0.000000 -0.158713  0.000000 -0.228269  0.000000 )
(  0.000000 -0.000000  0.158713 -0.000000 -0.228269  0.000000 )
(  0.000000 -0.000000 -0.076031 -0.000000  0.202364  0.000000 )
( -0.000000 -0.000000  0.076031 -0.000000  0.202364 -0.000000 )
( -0.000000 -0.000000 -0.000000 -0.000000 -0.000000 -0.000000 )
(  0.022021  0.000000  0.184196 -0.000000  0.105881 -0.000000 )
(  0.022021 -0.000000 -0.184196  0.000000  0.105881  0.000000 )
( -0.022021 -0.000000 -0.184196  0.000000  0.105881 -0.000000 )
( -0.022021  0.000000  0.184196 -0.000000  0.105881 -0.000000 )
(  0.000000  0.000000  0.000000 -0.000000 -0.000000 -0.000000 )
( -0.022021 -0.000000  0.184196 -0.000000  0.105881 -0.000000 )
( -0.022021  0.000000 -0.184196  0.000000  0.105881 -0.000000 )
(  0.022021  0.000000 -0.184196  0.000000  0.105881 -0.000000 )
(  0.022021 -0.000000  0.184196 -0.000000  0.105881  0.000000 )
     freq (  62) =       4.284397 [THz] =     142.912102 [cm-1]
(  0.000000  0.000000 -0.158748 -0.000000 -0.000000  0.000000 )
(  0.000000  0.000000  0.158748  0.000000 -0.000000  0.000000 )
(  0.000000 -0.000000  0.000000  0.000000 -0.042835 -0.000000 )
( -0.000000  0.000000  0.000000  0.000000  0.042835  0.000000 )
( -0.010397 -0.000000 -0.000000 -0.000000 -0.009136 -0.000000 )
( -0.010397 -0.000000 -0.000000  0.000000  0.009136  0.000000 )
( -0.012498 -0.000000 -0.000000  0.000000 -0.000000  0.000000 )
( -0.004007  0.000000 -0.000000 -0.000000 -0.037867 -0.000000 )
( -0.004007 -0.000000 -0.000000  0.000000  0.037867 -0.000000 )
(  0.012498  0.000000  0.000000  0.000000 -0.000000  0.000000 )
(  0.004007  0.000000 -0.000000 -0.000000  0.037867 -0.000000 )
(  0.010397  0.000000  0.000000  0.000000 -0.009136  0.000000 )
( -0.000000  0.000000 -0.000000  0.000000 -0.023033  0.000000 )
(  0.010397 -0.000000 -0.000000 -0.000000  0.009136  0.000000 )
(  0.004007 -0.000000 -0.000000  0.000000 -0.037867 -0.000000 )
(  0.000000 -0.000000  0.000000  0.000000  0.023033  0.000000 )
( -0.000000 -0.000000 -0.000000 -0.000000 -0.000000  0.000000 )
(  0.000000 -0.000000 -0.017947 -0.000000 -0.218388 -0.000000 )
( -0.000000  0.000000 -0.017947  0.000000  0.218388  0.000000 )
( -0.000000  0.000000  0.062171 -0.000000 -0.265640 -0.000000 )
(  0.000000 -0.000000  0.062171  0.000000  0.265640  0.000000 )
(  0.000000 -0.000000  0.000000  0.000000  0.000000 -0.000000 )
( -0.000000  0.000000 -0.062171  0.000000 -0.265640  0.000000 )
(  0.000000 -0.000000 -0.062171 -0.000000  0.265640  0.000000 )
(  0.000000 -0.000000  0.017947  0.000000 -0.218388 -0.000000 )
( -0.000000  0.000000  0.017947  0.000000  0.218388  0.000000 )
(  0.155470 -0.000000  0.000000 -0.000000 -0.036895 -0.000000 )
( -0.198762  0.000000  0.020648 -0.000000 -0.098540 -0.000000 )
(  0.198762 -0.000000  0.020648  0.000000  0.098540 -0.000000 )
(  0.198762  0.000000 -0.020648  0.000000 -0.098540 -0.000000 )
( -0.198762 -0.000000 -0.020648 -0.000000  0.098540 -0.000000 )
( -0.155470 -0.000000 -0.000000  0.000000 -0.036895  0.000000 )
(  0.198762  0.000000  0.020648 -0.000000 -0.098540 -0.000000 )
( -0.198762 -0.000000  0.020648  0.000000  0.098540 -0.000000 )
( -0.198762  0.000000 -0.020648  0.000000 -0.098540 -0.000000 )
(  0.198762 -0.000000 -0.020648 -0.000000  0.098540 -0.000000 )
     freq (  63) =       4.307450 [THz] =     143.681075 [cm-1]
(  0.000000  0.000000 -0.000000 -0.000000 -0.000000 -0.000000 )
(  0.000000  0.000000  0.000000  0.000000  0.000000 -0.000000 )
( -0.159930  0.000000  0.000000  0.000000  0.000000 -0.000000 )
(  0.159930 -0.000000  0.000000  0.000000 -0.000000  0.000000 )
(  0.018423  0.000000 -0.000000  0.000000 -0.028326 -0.000000 )
( -0.018423 -0.000000 -0.000000 -0.000000 -0.028326  0.000000 )
(  0.000000 -0.000000  0.000000 -0.000000 -0.020275 -0.000000 )
( -0.002907 -0.000000 -0.000000  0.000000  0.001724 -0.000000 )
(  0.002907 -0.000000 -0.000000 -0.000000  0.001724 -0.000000 )
(  0.000000  0.000000 -0.000000 -0.000000  0.020275 -0.000000 )
(  0.002907  0.000000  0.000000  0.000000 -0.001724  0.000000 )
(  0.018423 -0.000000  0.000000 -0.000000  0.028326 -0.000000 )
(  0.115398 -0.000000 -0.000000  0.000000  0.000000  0.000000 )
( -0.018423 -0.000000  0.000000  0.000000  0.028326  0.000000 )
( -0.002907  0.000000 -0.000000 -0.000000 -0.001724  0.000000 )
( -0.115398  0.000000  0.000000  0.000000 -0.000000 -0.000000 )
( -0.000000 -0.000000 -0.000000  0.000000 -0.000000  0.000000 )
( -0.283016 -0.000000 -0.000000 -0.000000  0.000000 -0.000000 )
(  0.283016 -0.000000 -0.000000 -0.000000  0.000000  0.000000 )
(  0.224056 -0.000000  0.000000  0.000000 -0.000000 -0.000000 )
( -0.224056  0.000000 -0.000000 -0.000000 -0.000000  0.000000 )
(  0.000000  0.000000 -0.000000  0.000000  0.000000  0.000000 )
(  0.224056 -0.000000 -0.000000  0.000000 -0.000000 -0.000000 )
( -0.224056  0.000000  0.000000  0.000000 -0.000000  0.000000 )
( -0.283016  0.000000 -0.000000  0.000000  0.000000 -0.000000 )
(  0.283016 -0.000000  0.000000  0.000000  0.000000  0.000000 )
( -0.139341  0.000000  0.000000 -0.000000 -0.048623  0.000000 )
(  0.208859 -0.000000 -0.006070  0.000000 -0.018536  0.000000 )
( -0.208859  0.000000 -0.006070  0.000000  0.018536 -0.000000 )
(  0.208859  0.000000 -0.006070 -0.000000  0.018536  0.000000 )
( -0.208859 -0.000000 -0.006070 -0.000000 -0.018536 -0.000000 )
( -0.139341 -0.000000 -0.000000 -0.000000  0.048623  0.000000 )
(  0.208859  0.000000  0.006070  0.000000  0.018536  0.000000 )
( -0.208859 -0.000000  0.006070  0.000000 -0.018536 -0.000000 )
(  0.208859 -0.000000  0.006070 -0.000000 -0.018536  0.000000 )
( -0.208859  0.000000  0.006070 -0.000000  0.018536 -0.000000 )
     freq (  64) =       4.313623 [THz] =     143.886992 [cm-1]
(  0.153038 -0.000000  0.000000 -0.000000  0.000000 -0.000000 )
(  0.153038 -0.000000 -0.000000  0.000000  0.000000 -0.000000 )
(  0.000000 -0.000000  0.026725  0.000000  0.000000 -0.000000 )
( -0.000000  0.000000  0.026725  0.000000  0.000000  0.000000 )
( -0.013585  0.000000 -0.000000 -0.000000  0.012741  0.000000 )
( -0.013585 -0.000000 -0.000000  0.000000 -0.012741  0.000000 )
(  0.113926 -0.000000  0.000000  0.000000  0.000000 -0.000000 )
( -0.010168 -0.000000 -0.000000  0.000000 -0.021195  0.000000 )
( -0.010168  0.000000 -0.000000 -0.000000  0.021195  0.000000 )
(  0.113926 -0.000000  0.000000 -0.000000  0.000000 -0.000000 )
( -0.010168 -0.000000 -0.000000 -0.000000 -0.021195  0.000000 )
( -0.013585 -0.000000 -0.000000 -0.000000 -0.012741  0.000000 )
( -0.006428  0.000000  0.000000  0.000000 -0.000000 -0.000000 )
( -0.013585  0.000000 -0.000000  0.000000  0.012741  0.000000 )
( -0.010168  0.000000  0.000000  0.000000  0.021195 -0.000000 )
( -0.006428 -0.000000 -0.000000 -0.000000  0.000000 -0.000000 )
( -0.183637 -0.000000  0.000000  0.000000 -0.000000  0.000000 )
( -0.229350 -0.000000  0.000000  0.000000  0.000000 -0.000000 )
( -0.229350 -0.000000  0.000000 -0.000000 -0.000000 -0.000000 )
(  0.185263 -0.000000 -0.000000  0.000000  0.000000  0.000000 )
(  0.185263 -0.000000  0.000000 -0.000000 -0.000000  0.000000 )
(  0.113627 -0.000000  0.000000  0.000000 -0.000000  0.000000 )
(  0.185263 -0.000000 -0.000000 -0.000000  0.000000 -0.000000 )
(  0.185263 -0.000000 -0.000000  0.000000 -0.000000  0.000000 )
( -0.229350 -0.000000 -0.000000 -0.000000  0.000000 -0.000000 )
( -0.229350 -0.000000 -0.000000  0.000000 -0.000000 -0.000000 )
(  0.000000 -0.000000  0.000000 -0.000000  0.000000  0.000000 )
( -0.251873  0.000000 -0.022692  0.000000  0.044896  0.000000 )
( -0.251873  0.000000  0.022692 -0.000000  0.044896  0.000000 )
( -0.251873  0.000000 -0.022692 -0.000000 -0.044896 -0.000000 )
( -0.251873 -0.000000  0.022692  0.000000 -0.044896 -0.000000 )
(  0.000000 -0.000000 -0.000000  0.000000 -0.000000 -0.000000 )
( -0.251873  0.000000  0.022692  0.000000 -0.044896 -0.000000 )
( -0.251873 -0.000000 -0.022692 -0.000000 -0.044896 -0.000000 )
( -0.251873  0.000000  0.022692 -0.000000  0.044896  0.000000 )
( -0.251873  0.000000 -0.022692  0.000000  0.044896  0.000000 )
     freq (  65) =       4.348797 [THz] =     145.060270 [cm-1]
(  0.000000  0.000000  0.000000  0.000000 -0.205104 -0.000000 )
(  0.000000  0.000000 -0.000000 -0.000000 -0.205104 -0.000000 )
( -0.000000 -0.000000 -0.000000  0.000000 -0.000000  0.000000 )
(  0.000000  0.000000 -0.000000  0.000000  0.000000 -0.000000 )
(  0.033919 -0.000000  0.000000 -0.000000  0.055600  0.000000 )
( -0.033919  0.000000 -0.000000  0.000000  0.055600 -0.000000 )
(  0.000000  0.000000 -0.000000  0.000000 -0.126368  0.000000 )
( -0.023337 -0.000000  0.000000 -0.000000 -0.033407 -0.000000 )
(  0.023337 -0.000000  0.000000  0.000000 -0.033407 -0.000000 )
( -0.000000  0.000000 -0.000000 -0.000000 -0.126368  0.000000 )
( -0.023337 -0.000000  0.000000  0.000000 -0.033407 -0.000000 )
( -0.033919  0.000000  0.000000 -0.000000  0.055600 -0.000000 )
(  0.000000  0.000000 -0.000000  0.000000 -0.022377 -0.000000 )
(  0.033919  0.000000 -0.000000  0.000000  0.055600  0.000000 )
(  0.023337 -0.000000  0.000000 -0.000000 -0.033407 -0.000000 )
( -0.000000  0.000000  0.000000 -0.000000 -0.022377 -0.000000 )
( -0.000000 -0.000000  0.000000 -0.000000  0.029385  0.000000 )
( -0.000000 -0.000000  0.207401  0.000000 -0.239913  0.000000 )
( -0.000000 -0.000000 -0.207401 -0.000000 -0.239913 -0.000000 )
(  0.000000  0.000000  0.215649 -0.000000  0.217529  0.000000 )
(  0.000000  0.000000 -0.215649  0.000000  0.217529  0.000000 )
(  0.000000  0.000000 -0.000000 -0.000000 -0.009826 -0.000000 )
(  0.000000  0.000000 -0.215649 -0.000000  0.217529  0.000000 )
(  0.000000  0.000000  0.215649  0.000000  0.217529  0.000000 )
( -0.000000 -0.000000 -0.207401 -0.000000 -0.239913 -0.000000 )
( -0.000000 -0.000000  0.207401  0.000000 -0.239913 -0.000000 )
( -0.000000 -0.000000 -0.000000 -0.000000 -0.000000 -0.000000 )
(  0.018992 -0.000000  0.092190 -0.000000  0.035162  0.000000 )
(  0.018992 -0.000000 -0.092190  0.000000  0.035162 -0.000000 )
( -0.018992 -0.000000 -0.092190 -0.000000  0.035162  0.000000 )
( -0.018992 -0.000000  0.092190  0.000000  0.035162 -0.000000 )
(  0.000000 -0.000000 -0.000000 -0.000000 -0.000000 -0.000000 )
( -0.018992 -0.000000  0.092190 -0.000000  0.035162  0.000000 )
( -0.018992 -0.000000 -0.092190 -0.000000  0.035162 -0.000000 )
(  0.018992 -0.000000 -0.092190  0.000000  0.035162  0.000000 )
(  0.018992 -0.000000  0.092190 -0.000000  0.035162 -0.000000 )
     freq (  66) =       4.378231 [THz] =     146.042061 [cm-1]
( -0.000000 -0.000000 -0.033917  0.000000 -0.000000 -0.000000 )
( -0.000000  0.000000 -0.033917  0.000000  0.000000  0.000000 )
( -0.000809 -0.000000 -0.000000 -0.000000  0.000000  0.000000 )
( -0.000809 -0.000000  0.000000  0.000000 -0.000000  0.000000 )
( -0.000000 -0.000000  0.023334  0.000000 -0.000000 -0.000000 )
( -0.000000 -0.000000  0.023334 -0.000000  0.000000  0.000000 )
( -0.000000 -0.000000  0.053007 -0.000000 -0.000000  0.000000 )
(  0.000000  0.000000 -0.016824  0.000000  0.000000 -0.000000 )
(  0.000000  0.000000 -0.016824 -0.000000 -0.000000  0.000000 )
(  0.000000  0.000000  0.053007 -0.000000 -0.000000 -0.000000 )
( -0.000000 -0.000000 -0.016824  0.000000 -0.000000  0.000000 )
(  0.000000  0.000000  0.023334 -0.000000 -0.000000 -0.000000 )
( -0.000000 -0.000000  0.012880  0.000000 -0.000000 -0.000000 )
(  0.000000  0.000000  0.023334  0.000000  0.000000 -0.000000 )
( -0.000000 -0.000000 -0.016824 -0.000000  0.000000 -0.000000 )
(  0.000000  0.000000  0.012880  0.000000  0.000000  0.000000 )
(  0.000000  0.000000 -0.018228 -0.000000  0.000000  0.000000 )
(  0.000000 -0.000000  0.278848  0.000000 -0.038167 -0.000000 )
(  0.000000  0.000000  0.278848  0.000000  0.038167 -0.000000 )
( -0.000000  0.000000 -0.279915  0.000000 -0.026262 -0.000000 )
(  0.000000 -0.000000 -0.279915  0.000000  0.026262  0.000000 )
( -0.000000  0.000000  0.020740 -0.000000 -0.000000 -0.000000 )
( -0.000000 -0.000000 -0.279915  0.000000  0.026262  0.000000 )
(  0.000000  0.000000 -0.279915 -0.000000 -0.026262  0.000000 )
(  0.000000  0.000000  0.278848  0.000000  0.038167 -0.000000 )
(  0.000000 -0.000000  0.278848  0.000000 -0.038167  0.000000 )
(  0.000000  0.000000  0.000000 -0.000000 -0.000000 -0.000000 )
( -0.003857  0.000000  0.169545  0.000000  0.124785 -0.000000 )
(  0.003857 -0.000000  0.169545  0.000000 -0.124785  0.000000 )
( -0.003857 -0.000000  0.169545 -0.000000 -0.124785 -0.000000 )
(  0.003857  0.000000  0.169545 -0.000000  0.124785  0.000000 )
( -0.000000 -0.000000  0.000000  0.000000 -0.000000 -0.000000 )
(  0.003857  0.000000  0.169545 -0.000000  0.124785  0.000000 )
( -0.003857 -0.000000  0.169545 -0.000000 -0.124785 -0.000000 )
(  0.003857 -0.000000  0.169545  0.000000 -0.124785  0.000000 )
( -0.003857  0.000000  0.169545  0.000000  0.124785 -0.000000 )
     freq (  67) =       4.387061 [THz] =     146.336592 [cm-1]
(  0.000000 -0.000000  0.000000 -0.000000 -0.050452  0.000000 )
(  0.000000  0.000000  0.000000 -0.000000  0.050452 -0.000000 )
(  0.000000 -0.000000 -0.031359 -0.000000 -0.000000  0.000000 )
(  0.000000 -0.000000  0.031359  0.000000  0.000000 -0.000000 )
(  0.000000  0.000000 -0.005330  0.000000 -0.000000 -0.000000 )
(  0.000000  0.000000  0.005330 -0.000000 -0.000000  0.000000 )
(  0.000000 -0.000000 -0.000000 -0.000000 -0.000000  0.000000 )
( -0.000000  0.000000 -0.026210  0.000000  0.000000  0.000000 )
( -0.000000  0.000000  0.026210 -0.000000 -0.000000  0.000000 )
(  0.000000 -0.000000 -0.000000  0.000000 -0.000000  0.000000 )
(  0.000000  0.000000  0.026210 -0.000000  0.000000  0.000000 )
( -0.000000  0.000000 -0.005330  0.000000  0.000000  0.000000 )
( -0.000000  0.000000 -0.055194 -0.000000  0.000000  0.000000 )
( -0.000000  0.000000  0.005330 -0.000000  0.000000 -0.000000 )
(  0.000000  0.000000 -0.026210  0.000000  0.000000  0.000000 )
(  0.000000  0.000000  0.055194  0.000000 -0.000000  0.000000 )
(  0.000000  0.000000  0.000000 -0.000000 -0.000000 -0.000000 )
( -0.000000  0.000000 -0.230937  0.000000 -0.091575 -0.000000 )
( -0.000000  0.000000  0.230937 -0.000000 -0.091575 -0.000000 )
( -0.000000  0.000000  0.085727  0.000000 -0.157412  0.000000 )
(  0.000000  0.000000 -0.085727 -0.000000 -0.157412  0.000000 )
(  0.000000 -0.000000 -0.000000  0.000000  0.000000  0.000000 )
( -0.000000 -0.000000  0.085727  0.000000  0.157412 -0.000000 )
(  0.000000 -0.000000 -0.085727 -0.000000  0.157412 -0.000000 )
( -0.000000  0.000000 -0.230937  0.000000  0.091575  0.000000 )
(  0.000000  0.000000  0.230937 -0.000000  0.091575  0.000000 )
( -0.000000  0.000000  0.018758 -0.000000  0.000000 -0.000000 )
( -0.032359  0.000000  0.271943  0.000000 -0.031425 -0.000000 )
( -0.032359  0.000000 -0.271943 -0.000000 -0.031425 -0.000000 )
( -0.032359  0.000000  0.271943  0.000000  0.031425 -0.000000 )
( -0.032359  0.000000 -0.271943 -0.000000  0.031425  0.000000 )
(  0.000000 -0.000000  0.018758  0.000000  0.000000 -0.000000 )
(  0.032359 -0.000000  0.271943  0.000000 -0.031425  0.000000 )
(  0.032359 -0.000000 -0.271943 -0.000000 -0.031425  0.000000 )
(  0.032359 -0.000000  0.271943  0.000000  0.031425  0.000000 )
(  0.032359 -0.000000 -0.271943  0.000000  0.031425  0.000000 )
     freq (  68) =       4.396390 [THz] =     146.647794 [cm-1]
( -0.000000 -0.000000 -0.020899 -0.000000 -0.000000 -0.000000 )
( -0.000000 -0.000000  0.020899 -0.000000 -0.000000 -0.000000 )
(  0.000000  0.000000  0.000000 -0.000000  0.186015 -0.000000 )
( -0.000000 -0.000000  0.000000 -0.000000 -0.186015  0.000000 )
( -0.029655  0.000000 -0.000000  0.000000 -0.038066  0.000000 )
( -0.029655 -0.000000 -0.000000 -0.000000  0.038066  0.000000 )
( -0.015815  0.000000 -0.000000  0.000000 -0.000000 -0.000000 )
(  0.037495 -0.000000  0.000000  0.000000  0.010837 -0.000000 )
(  0.037495  0.000000 -0.000000 -0.000000 -0.010837 -0.000000 )
(  0.015815 -0.000000 -0.000000  0.000000 -0.000000  0.000000 )
( -0.037495  0.000000  0.000000  0.000000 -0.010837  0.000000 )
(  0.029655  0.000000 -0.000000 -0.000000 -0.038066 -0.000000 )
( -0.000000 -0.000000 -0.000000  0.000000 -0.164991 -0.000000 )
(  0.029655 -0.000000 -0.000000  0.000000  0.038066 -0.000000 )
( -0.037495 -0.000000 -0.000000 -0.000000  0.010837 -0.000000 )
(  0.000000  0.000000  0.000000  0.000000  0.164991  0.000000 )
( -0.000000  0.000000  0.000000 -0.000000 -0.000000 -0.000000 )
( -0.000000  0.000000  0.143842  0.000000  0.041270 -0.000000 )
(  0.000000 -0.000000  0.143842  0.000000 -0.041270 -0.000000 )
( -0.000000 -0.000000  0.137401 -0.000000 -0.083117  0.000000 )
( -0.000000  0.000000  0.137401 -0.000000  0.083117  0.000000 )
( -0.000000 -0.000000 -0.000000  0.000000  0.000000 -0.000000 )
( -0.000000 -0.000000 -0.137401 -0.000000 -0.083117  0.000000 )
(  0.000000  0.000000 -0.137401  0.000000  0.083117  0.000000 )
(  0.000000  0.000000 -0.143842 -0.000000  0.041270 -0.000000 )
( -0.000000 -0.000000 -0.143842  0.000000 -0.041270 -0.000000 )
(  0.072133  0.000000 -0.000000 -0.000000 -0.056020 -0.000000 )
( -0.033394 -0.000000 -0.242843  0.000000  0.145542 -0.000000 )
(  0.033394  0.000000 -0.242843  0.000000 -0.145542  0.000000 )
(  0.033394 -0.000000  0.242843 -0.000000  0.145542 -0.000000 )
( -0.033394  0.000000  0.242843 -0.000000 -0.145542  0.000000 )
( -0.072133  0.000000  0.000000  0.000000 -0.056020 -0.000000 )
(  0.033394 -0.000000 -0.242843  0.000000  0.145542 -0.000000 )
( -0.033394  0.000000 -0.242843  0.000000 -0.145542  0.000000 )
( -0.033394 -0.000000  0.242843 -0.000000  0.145542 -0.000000 )
(  0.033394  0.000000  0.242843  0.000000 -0.145542  0.000000 )
     freq (  69) =       4.430454 [THz] =     147.784052 [cm-1]
( -0.000000 -0.000000 -0.000000  0.000000 -0.000000 -0.000000 )
(  0.000000  0.000000  0.000000  0.000000  0.000000  0.000000 )
(  0.000000  0.000000 -0.000000  0.000000 -0.189348  0.000000 )
(  0.000000  0.000000 -0.000000 -0.000000 -0.189348  0.000000 )
( -0.000000  0.000000 -0.038384 -0.000000 -0.000000  0.000000 )
( -0.000000  0.000000  0.038384 -0.000000  0.000000 -0.000000 )
( -0.000000  0.000000 -0.000000 -0.000000 -0.000000  0.000000 )
(  0.000000 -0.000000 -0.046033  0.000000 -0.000000 -0.000000 )
(  0.000000 -0.000000  0.046033 -0.000000  0.000000  0.000000 )
(  0.000000 -0.000000  0.000000 -0.000000 -0.000000 -0.000000 )
( -0.000000  0.000000 -0.046033  0.000000 -0.000000  0.000000 )
(  0.000000 -0.000000  0.038384 -0.000000 -0.000000  0.000000 )
( -0.000000 -0.000000 -0.000000 -0.000000 -0.000000  0.000000 )
(  0.000000 -0.000000 -0.038384 -0.000000  0.000000 -0.000000 )
( -0.000000  0.000000  0.046033 -0.000000  0.000000 -0.000000 )
( -0.000000  0.000000  0.000000 -0.000000  0.000000 -0.000000 )
(  0.000000 -0.000000  0.000000  0.000000 -0.000000 -0.000000 )
(  0.158534 -0.000000 -0.000000 -0.000000  0.000000  0.000000 )
( -0.158534  0.000000  0.000000 -0.000000  0.000000  0.000000 )
( -0.154195  0.000000 -0.000000  0.000000 -0.000000  0.000000 )
(  0.154195 -0.000000  0.000000  0.000000 -0.000000 -0.000000 )
(  0.000000 -0.000000 -0.000000 -0.000000  0.000000 -0.000000 )
(  0.154195 -0.000000 -0.000000  0.000000 -0.000000 -0.000000 )
( -0.154195  0.000000  0.000000  0.000000  0.000000  0.000000 )
( -0.158534  0.000000 -0.000000 -0.000000 -0.000000 -0.000000 )
(  0.158534 -0.000000  0.000000 -0.000000 -0.000000 -0.000000 )
(  0.000000 -0.000000 -0.000000  0.000000 -0.000000 -0.000000 )
( -0.014631 -0.000000 -0.281403  0.000000  0.101904 -0.000000 )
(  0.014631 -0.000000 -0.281403  0.000000 -0.101904  0.000000 )
(  0.014631 -0.000000  0.281403 -0.000000  0.101904  0.000000 )
( -0.014631 -0.000000  0.281403 -0.000000 -0.101904 -0.000000 )
( -0.000000  0.000000  0.000000 -0.000000 -0.000000  0.000000 )
( -0.014631  0.000000  0.281403 -0.000000 -0.101904 -0.000000 )
(  0.014631  0.000000  0.281403 -0.000000  0.101904  0.000000 )
(  0.014631  0.000000 -0.281403 -0.000000 -0.101904  0.000000 )
( -0.014631  0.000000 -0.281403 -0.000000  0.101904 -0.000000 )
     freq (  70) =       4.445145 [THz] =     148.274083 [cm-1]
( -0.000000 -0.000000 -0.000000  0.000000 -0.183362  0.000000 )
( -0.000000  0.000000  0.000000  0.000000  0.183362 -0.000000 )
(  0.000000 -0.000000  0.005586  0.000000  0.000000 -0.000000 )
(  0.000000 -0.000000 -0.005586 -0.000000  0.000000 -0.000000 )
(  0.000000  0.000000 -0.052960  0.000000 -0.000000  0.000000 )
( -0.000000 -0.000000  0.052960  0.000000  0.000000  0.000000 )
( -0.000000  0.000000 -0.000000 -0.000000 -0.000000 -0.000000 )
( -0.000000 -0.000000 -0.036308  0.000000  0.000000 -0.000000 )
(  0.000000 -0.000000  0.036308 -0.000000 -0.000000 -0.000000 )
( -0.000000  0.000000 -0.000000  0.000000 -0.000000 -0.000000 )
( -0.000000 -0.000000  0.036308 -0.000000  0.000000 -0.000000 )
( -0.000000 -0.000000 -0.052960  0.000000  0.000000  0.000000 )
(  0.000000 -0.000000 -0.001443  0.000000 -0.000000  0.000000 )
(  0.000000  0.000000  0.052960 -0.000000  0.000000  0.000000 )
(  0.000000 -0.000000 -0.036308  0.000000  0.000000 -0.000000 )
(  0.000000 -0.000000  0.001443 -0.000000  0.000000  0.000000 )
( -0.000000 -0.000000  0.000000 -0.000000 -0.000000  0.000000 )
( -0.000000  0.000000 -0.229215  0.000000  0.126966  0.000000 )
(  0.000000 -0.000000  0.229215 -0.000000  0.126966  0.000000 )
(  0.000000 -0.000000 -0.308346  0.000000 -0.058674  0.000000 )
( -0.000000  0.000000  0.308346 -0.000000 -0.058674  0.000000 )
( -0.000000 -0.000000  0.000000  0.000000  0.000000 -0.000000 )
( -0.000000  0.000000 -0.308346  0.000000  0.058674 -0.000000 )
(  0.000000 -0.000000  0.308346 -0.000000  0.058674 -0.000000 )
(  0.000000 -0.000000 -0.229215  0.000000 -0.126966 -0.000000 )
( -0.000000  0.000000  0.229215 -0.000000 -0.126966 -0.000000 )
(  0.000000 -0.000000 -0.004393 -0.000000 -0.000000 -0.000000 )
( -0.159018  0.000000 -0.071037 -0.000000  0.024432  0.000000 )
( -0.159018  0.000000  0.071037  0.000000  0.024432 -0.000000 )
( -0.159018  0.000000 -0.071037 -0.000000 -0.024432 -0.000000 )
( -0.159018  0.000000  0.071037  0.000000 -0.024432 -0.000000 )
( -0.000000  0.000000 -0.004393 -0.000000  0.000000  0.000000 )
(  0.159018 -0.000000 -0.071037 -0.000000  0.024432 -0.000000 )
(  0.159018 -0.000000  0.071037  0.000000  0.024432  0.000000 )
(  0.159018 -0.000000 -0.071037 -0.000000 -0.024432 -0.000000 )
(  0.159018 -0.000000  0.071037  0.000000 -0.024432  0.000000 )
     freq (  71) =       4.799383 [THz] =     160.090169 [cm-1]
( -0.002076 -0.000000  0.000000 -0.000000 -0.000000 -0.000000 )
( -0.002076  0.000000  0.000000  0.000000  0.000000 -0.000000 )
( -0.000000  0.000000 -0.031282 -0.000000 -0.000000  0.000000 )
(  0.000000 -0.000000 -0.031282 -0.000000 -0.000000 -0.000000 )
( -0.020971  0.000000 -0.000000  0.000000  0.118816  0.000000 )
( -0.020971 -0.000000  0.000000  0.000000 -0.118816 -0.000000 )
( -0.033255  0.000000  0.000000  0.000000 -0.000000 -0.000000 )
( -0.047028  0.000000 -0.000000  0.000000  0.116994  0.000000 )
( -0.047028 -0.000000 -0.000000 -0.000000 -0.116994  0.000000 )
( -0.033255  0.000000 -0.000000 -0.000000  0.000000  0.000000 )
( -0.047028 -0.000000  0.000000 -0.000000  0.116994 -0.000000 )
( -0.020971  0.000000  0.000000 -0.000000 -0.118816 -0.000000 )
(  0.030221 -0.000000 -0.000000  0.000000  0.000000  0.000000 )
( -0.020971  0.000000  0.000000 -0.000000  0.118816 -0.000000 )
( -0.047028  0.000000  0.000000  0.000000 -0.116994  0.000000 )
(  0.030221 -0.000000  0.000000 -0.000000 -0.000000  0.000000 )
( -0.645078  0.000000  0.000000 -0.000000  0.000000 -0.000000 )
(  0.006590  0.000000 -0.000000  0.000000 -0.000000 -0.000000 )
(  0.006590  0.000000  0.000000 -0.000000  0.000000 -0.000000 )
(  0.019427 -0.000000 -0.000000  0.000000 -0.000000  0.000000 )
(  0.019427  0.000000  0.000000 -0.000000 -0.000000  0.000000 )
( -0.590142  0.000000 -0.000000 -0.000000  0.000000  0.000000 )
(  0.019427 -0.000000  0.000000 -0.000000  0.000000 -0.000000 )
(  0.019427  0.000000 -0.000000  0.000000  0.000000  0.000000 )
(  0.006590 -0.000000 -0.000000 -0.000000  0.000000 -0.000000 )
(  0.006590  0.000000  0.000000  0.000000  0.000000 -0.000000 )
(  0.000000 -0.000000  0.000000  0.000000 -0.000000 -0.000000 )
(  0.001711 -0.000000  0.028273  0.000000 -0.111622  0.000000 )
(  0.001711 -0.000000 -0.028273 -0.000000 -0.111622 -0.000000 )
(  0.001711  0.000000  0.028273  0.000000  0.111622 -0.000000 )
(  0.001711  0.000000 -0.028273  0.000000  0.111622  0.000000 )
(  0.000000  0.000000 -0.000000  0.000000  0.000000 -0.000000 )
(  0.001711  0.000000 -0.028273 -0.000000  0.111622 -0.000000 )
(  0.001711  0.000000  0.028273 -0.000000  0.111622  0.000000 )
(  0.001711 -0.000000 -0.028273 -0.000000 -0.111622  0.000000 )
(  0.001711 -0.000000  0.028273  0.000000 -0.111622 -0.000000 )
     freq (  72) =       4.859266 [THz] =     162.087669 [cm-1]
( -0.000000 -0.000000 -0.026381 -0.000000  0.000000  0.000000 )
(  0.000000 -0.000000  0.026381  0.000000  0.000000  0.000000 )
(  0.000000 -0.000000  0.000000 -0.000000  0.012805 -0.000000 )
( -0.000000  0.000000  0.000000 -0.000000 -0.012805  0.000000 )
( -0.033027  0.000000  0.000000 -0.000000  0.127889  0.000000 )
( -0.033027  0.000000  0.000000 -0.000000 -0.127889 -0.000000 )
( -0.009346 -0.000000 -0.000000 -0.000000 -0.000000 -0.000000 )
( -0.033608 -0.000000  0.000000 -0.000000  0.088754 -0.000000 )
( -0.033608 -0.000000  0.000000  0.000000 -0.088754  0.000000 )
(  0.009346 -0.000000  0.000000 -0.000000 -0.000000  0.000000 )
(  0.033608 -0.000000 -0.000000 -0.000000 -0.088754 -0.000000 )
(  0.033027  0.000000  0.000000 -0.000000  0.127889 -0.000000 )
( -0.000000  0.000000  0.000000  0.000000  0.009537 -0.000000 )
(  0.033027 -0.000000 -0.000000 -0.000000 -0.127889  0.000000 )
(  0.033608  0.000000 -0.000000  0.000000  0.088754 -0.000000 )
(  0.000000  0.000000  0.000000  0.000000 -0.009537 -0.000000 )
(  0.000000 -0.000000 -0.000000  0.000000  0.000000  0.000000 )
(  0.000000 -0.000000  0.028459 -0.000000 -0.107792  0.000000 )
( -0.000000 -0.000000  0.028459  0.000000  0.107792  0.000000 )
( -0.000000  0.000000 -0.001558 -0.000000 -0.098701  0.000000 )
(  0.000000  0.000000 -0.001558  0.000000  0.098701  0.000000 )
(  0.000000 -0.000000 -0.000000  0.000000  0.000000  0.000000 )
(  0.000000  0.000000  0.001558  0.000000 -0.098701  0.000000 )
(  0.000000  0.000000  0.001558 -0.000000  0.098701  0.000000 )
(  0.000000 -0.000000 -0.028459  0.000000 -0.107792  0.000000 )
( -0.000000 -0.000000 -0.028459 -0.000000  0.107792  0.000000 )
( -0.629607  0.000000 -0.000000  0.000000 -0.007863 -0.000000 )
( -0.009737  0.000000 -0.034771  0.000000  0.002569 -0.000000 )
(  0.009737  0.000000 -0.034771  0.000000 -0.002569 -0.000000 )
(  0.009737 -0.000000  0.034771 -0.000000  0.002569  0.000000 )
( -0.009737 -0.000000  0.034771 -0.000000 -0.002569  0.000000 )
(  0.629607 -0.000000  0.000000  0.000000 -0.007863  0.000000 )
(  0.009737 -0.000000 -0.034771  0.000000  0.002569  0.000000 )
( -0.009737 -0.000000 -0.034771  0.000000 -0.002569  0.000000 )
( -0.009737  0.000000  0.034771 -0.000000  0.002569 -0.000000 )
(  0.009737  0.000000  0.034771 -0.000000 -0.002569 -0.000000 )
     freq (  73) =       5.378868 [THz] =     179.419724 [cm-1]
(  0.000000  0.000000 -0.000000  0.000000 -0.000000  0.000000 )
(  0.000000  0.000000 -0.000000 -0.000000 -0.000000  0.000000 )
(  0.026371  0.000000 -0.000000 -0.000000  0.000000 -0.000000 )
( -0.026371 -0.000000 -0.000000 -0.000000 -0.000000  0.000000 )
( -0.066996 -0.000000  0.000000 -0.000000 -0.010186 -0.000000 )
(  0.066996  0.000000 -0.000000  0.000000 -0.010186 -0.000000 )
( -0.000000 -0.000000  0.000000  0.000000 -0.350760  0.000000 )
(  0.342513  0.000000  0.000000  0.000000  0.186835  0.000000 )
( -0.342513  0.000000  0.000000  0.000000  0.186835 -0.000000 )
( -0.000000  0.000000  0.000000  0.000000  0.350760 -0.000000 )
( -0.342513 -0.000000  0.000000  0.000000 -0.186835 -0.000000 )
( -0.066996 -0.000000 -0.000000  0.000000  0.010186  0.000000 )
(  0.000542 -0.000000  0.000000 -0.000000  0.000000 -0.000000 )
(  0.066996 -0.000000  0.000000 -0.000000  0.010186  0.000000 )
(  0.342513  0.000000 -0.000000  0.000000 -0.186835 -0.000000 )
( -0.000542  0.000000  0.000000 -0.000000  0.000000 -0.000000 )
(  0.000000 -0.000000 -0.000000 -0.000000 -0.000000  0.000000 )
(  0.010635  0.000000  0.000000 -0.000000 -0.000000  0.000000 )
( -0.010635 -0.000000 -0.000000  0.000000 -0.000000  0.000000 )
( -0.109160 -0.000000 -0.000000 -0.000000 -0.000000  0.000000 )
(  0.109160  0.000000 -0.000000  0.000000 -0.000000  0.000000 )
( -0.000000 -0.000000  0.000000  0.000000 -0.000000 -0.000000 )
( -0.109160 -0.000000 -0.000000  0.000000 -0.000000  0.000000 )
(  0.109160  0.000000  0.000000 -0.000000 -0.000000  0.000000 )
(  0.010635  0.000000 -0.000000  0.000000 -0.000000  0.000000 )
( -0.010635 -0.000000  0.000000 -0.000000 -0.000000  0.000000 )
( -0.064486 -0.000000 -0.000000  0.000000 -0.094227  0.000000 )
(  0.054273  0.000000 -0.018231  0.000000  0.055759 -0.000000 )
( -0.054273 -0.000000 -0.018231 -0.000000 -0.055759  0.000000 )
(  0.054273 -0.000000 -0.018231 -0.000000 -0.055759  0.000000 )
( -0.054273 -0.000000 -0.018231 -0.000000  0.055759 -0.000000 )
( -0.064486 -0.000000 -0.000000 -0.000000  0.094227  0.000000 )
(  0.054273 -0.000000  0.018231  0.000000 -0.055759  0.000000 )
( -0.054273 -0.000000  0.018231  0.000000  0.055759 -0.000000 )
(  0.054273  0.000000  0.018231 -0.000000  0.055759 -0.000000 )
( -0.054273 -0.000000  0.018231  0.000000 -0.055759  0.000000 )
     freq (  74) =       5.405749 [THz] =     180.316393 [cm-1]
(  0.000000 -0.000000  0.000000 -0.000000 -0.001060 -0.000000 )
(  0.000000 -0.000000 -0.000000  0.000000 -0.001060 -0.000000 )
(  0.000000 -0.000000 -0.000000  0.000000  0.000000 -0.000000 )
( -0.000000  0.000000  0.000000  0.000000 -0.000000  0.000000 )
( -0.186586  0.000000  0.000000  0.000000 -0.126950  0.000000 )
(  0.186586 -0.000000 -0.000000  0.000000 -0.126950  0.000000 )
(  0.000000  0.000000 -0.000000  0.000000  0.004154 -0.000000 )
( -0.178737  0.000000  0.000000  0.000000 -0.109495  0.000000 )
(  0.178737 -0.000000 -0.000000  0.000000 -0.109495  0.000000 )
( -0.000000 -0.000000  0.000000 -0.000000  0.004154  0.000000 )
( -0.178737 -0.000000 -0.000000 -0.000000 -0.109495 -0.000000 )
(  0.186586  0.000000  0.000000 -0.000000 -0.126950 -0.000000 )
( -0.000000  0.000000  0.000000  0.000000 -0.496877 -0.000000 )
( -0.186586 -0.000000  0.000000 -0.000000 -0.126950 -0.000000 )
(  0.178737  0.000000 -0.000000 -0.000000 -0.109495 -0.000000 )
( -0.000000 -0.000000 -0.000000 -0.000000 -0.496877  0.000000 )
(  0.000000 -0.000000 -0.000000  0.000000  0.157702  0.000000 )
(  0.000000 -0.000000 -0.043898  0.000000  0.077398  0.000000 )
(  0.000000  0.000000  0.043898 -0.000000  0.077398  0.000000 )
( -0.000000 -0.000000  0.014571 -0.000000  0.090900  0.000000 )
(  0.000000  0.000000 -0.014571 -0.000000  0.090900  0.000000 )
( -0.000000  0.000000 -0.000000  0.000000  0.027663 -0.000000 )
( -0.000000 -0.000000 -0.014571  0.000000  0.090900  0.000000 )
( -0.000000  0.000000  0.014571  0.000000  0.090900  0.000000 )
(  0.000000 -0.000000  0.043898 -0.000000  0.077398  0.000000 )
(  0.000000  0.000000 -0.043898  0.000000  0.077398  0.000000 )
( -0.000000  0.000000  0.000000  0.000000  0.000000 -0.000000 )
(  0.066303 -0.000000  0.006302  0.000000  0.001979  0.000000 )
(  0.066303  0.000000 -0.006302 -0.000000  0.001979 -0.000000 )
( -0.066303 -0.000000 -0.006302  0.000000  0.001979 -0.000000 )
( -0.066303  0.000000  0.006302  0.000000  0.001979  0.000000 )
(  0.000000  0.000000 -0.000000 -0.000000  0.000000  0.000000 )
( -0.066303 -0.000000  0.006302 -0.000000  0.001979 -0.000000 )
( -0.066303  0.000000 -0.006302 -0.000000  0.001979  0.000000 )
(  0.066303 -0.000000 -0.006302 -0.000000  0.001979  0.000000 )
(  0.066303  0.000000  0.006302  0.000000  0.001979 -0.000000 )
     freq (  75) =       5.450441 [THz] =     181.807131 [cm-1]
(  0.035946  0.000000 -0.000000 -0.000000  0.000000  0.000000 )
(  0.035946  0.000000  0.000000  0.000000 -0.000000  0.000000 )
(  0.000000 -0.000000 -0.005758 -0.000000  0.000000 -0.000000 )
( -0.000000  0.000000 -0.005758 -0.000000 -0.000000  0.000000 )
( -0.345864  0.000000  0.000000 -0.000000 -0.138509  0.000000 )
( -0.345864 -0.000000 -0.000000 -0.000000  0.138509  0.000000 )
(  0.003806  0.000000  0.000000 -0.000000  0.000000 -0.000000 )
(  0.251434  0.000000  0.000000 -0.000000  0.115458  0.000000 )
(  0.251434  0.000000  0.000000 -0.000000 -0.115458 -0.000000 )
(  0.003806 -0.000000  0.000000  0.000000 -0.000000  0.000000 )
(  0.251434  0.000000 -0.000000  0.000000  0.115458  0.000000 )
( -0.345864  0.000000  0.000000  0.000000  0.138509 -0.000000 )
( -0.031284 -0.000000 -0.000000  0.000000  0.000000  0.000000 )
( -0.345864 -0.000000  0.000000  0.000000 -0.138509 -0.000000 )
(  0.251434  0.000000 -0.000000  0.000000 -0.115458 -0.000000 )
( -0.031284 -0.000000 -0.000000 -0.000000  0.000000  0.000000 )
(  0.074025  0.000000  0.000000 -0.000000 -0.000000  0.000000 )
(  0.086632 -0.000000  0.000000 -0.000000 -0.000000 -0.000000 )
(  0.086632  0.000000 -0.000000  0.000000 -0.000000 -0.000000 )
( -0.076627 -0.000000  0.000000 -0.000000 -0.000000 -0.000000 )
( -0.076627 -0.000000  0.000000  0.000000 -0.000000 -0.000000 )
( -0.132212 -0.000000 -0.000000 -0.000000 -0.000000 -0.000000 )
( -0.076627 -0.000000 -0.000000  0.000000 -0.000000 -0.000000 )
( -0.076627 -0.000000 -0.000000 -0.000000 -0.000000 -0.000000 )
(  0.086632 -0.000000 -0.000000  0.000000 -0.000000 -0.000000 )
(  0.086632  0.000000 -0.000000 -0.000000 -0.000000 -0.000000 )
( -0.000000  0.000000  0.000000  0.000000  0.000000 -0.000000 )
( -0.082223 -0.000000  0.020467  0.000000 -0.002138  0.000000 )
( -0.082223 -0.000000 -0.020467  0.000000 -0.002138 -0.000000 )
( -0.082223 -0.000000  0.020467  0.000000  0.002138 -0.000000 )
( -0.082223 -0.000000 -0.020467  0.000000  0.002138  0.000000 )
( -0.000000  0.000000  0.000000 -0.000000 -0.000000  0.000000 )
( -0.082223 -0.000000 -0.020467 -0.000000  0.002138 -0.000000 )
( -0.082223 -0.000000  0.020467 -0.000000  0.002138  0.000000 )
( -0.082223 -0.000000 -0.020467 -0.000000 -0.002138  0.000000 )
( -0.082223 -0.000000  0.020467 -0.000000 -0.002138 -0.000000 )
     freq (  76) =       5.470774 [THz] =     182.485391 [cm-1]
(  0.000000  0.000000  0.000000 -0.000000  0.000000  0.000000 )
(  0.000000  0.000000  0.000000  0.000000 -0.000000  0.000000 )
( -0.023985  0.000000 -0.000000 -0.000000 -0.000000  0.000000 )
(  0.023985 -0.000000 -0.000000 -0.000000 -0.000000 -0.000000 )
(  0.362299 -0.000000 -0.000000  0.000000  0.214588 -0.000000 )
( -0.362299  0.000000  0.000000  0.000000  0.214588 -0.000000 )
(  0.000000  0.000000 -0.000000  0.000000 -0.268293  0.000000 )
( -0.054808  0.000000  0.000000  0.000000  0.011381  0.000000 )
(  0.054808  0.000000  0.000000  0.000000  0.011381 -0.000000 )
(  0.000000  0.000000  0.000000  0.000000  0.268293 -0.000000 )
(  0.054808  0.000000 -0.000000  0.000000 -0.011381  0.000000 )
(  0.362299 -0.000000  0.000000  0.000000 -0.214588  0.000000 )
(  0.030976 -0.000000  0.000000 -0.000000  0.000000 -0.000000 )
( -0.362299  0.000000 -0.000000  0.000000 -0.214588  0.000000 )
( -0.054808  0.000000  0.000000  0.000000 -0.011381 -0.000000 )
( -0.030976  0.000000  0.000000 -0.000000 -0.000000 -0.000000 )
(  0.000000  0.000000 -0.000000  0.000000 -0.000000  0.000000 )
( -0.090648  0.000000 -0.000000 -0.000000 -0.000000  0.000000 )
(  0.090648 -0.000000  0.000000  0.000000 -0.000000  0.000000 )
(  0.009901 -0.000000  0.000000  0.000000  0.000000  0.000000 )
( -0.009901 -0.000000  0.000000 -0.000000  0.000000  0.000000 )
( -0.000000 -0.000000 -0.000000  0.000000 -0.000000  0.000000 )
(  0.009901 -0.000000  0.000000 -0.000000  0.000000  0.000000 )
( -0.009901 -0.000000 -0.000000  0.000000  0.000000  0.000000 )
( -0.090648  0.000000 -0.000000  0.000000 -0.000000  0.000000 )
(  0.090648 -0.000000 -0.000000 -0.000000  0.000000  0.000000 )
(  0.104975 -0.000000  0.000000 -0.000000 -0.048055  0.000000 )
( -0.062677  0.000000  0.026511 -0.000000  0.065414 -0.000000 )
(  0.062677 -0.000000  0.026511 -0.000000 -0.065414  0.000000 )
( -0.062677 -0.000000  0.026511 -0.000000 -0.065414  0.000000 )
(  0.062677 -0.000000  0.026511 -0.000000  0.065414 -0.000000 )
(  0.104975 -0.000000 -0.000000  0.000000  0.048055 -0.000000 )
( -0.062677 -0.000000 -0.026511  0.000000 -0.065414  0.000000 )
(  0.062677 -0.000000 -0.026511  0.000000  0.065414 -0.000000 )
( -0.062677  0.000000 -0.026511  0.000000  0.065414 -0.000000 )
(  0.062677 -0.000000 -0.026511  0.000000 -0.065414  0.000000 )
     freq (  77) =       6.086550 [THz] =     203.025441 [cm-1]
(  0.000000  0.000000 -0.006896 -0.000000  0.000000 -0.000000 )
( -0.000000  0.000000  0.006896  0.000000  0.000000 -0.000000 )
( -0.000000 -0.000000 -0.000000 -0.000000 -0.010492  0.000000 )
(  0.000000  0.000000  0.000000 -0.000000  0.010492 -0.000000 )
( -0.175841 -0.000000  0.000000 -0.000000 -0.190301 -0.000000 )
( -0.175841  0.000000  0.000000 -0.000000  0.190301 -0.000000 )
( -0.015207  0.000000 -0.000000 -0.000000  0.000000  0.000000 )
(  0.033116 -0.000000  0.000000 -0.000000  0.059508  0.000000 )
(  0.033116 -0.000000 -0.000000 -0.000000 -0.059508  0.000000 )
(  0.015207 -0.000000 -0.000000 -0.000000  0.000000  0.000000 )
( -0.033116  0.000000 -0.000000 -0.000000 -0.059508  0.000000 )
(  0.175841  0.000000 -0.000000 -0.000000 -0.190301 -0.000000 )
(  0.000000 -0.000000  0.000000 -0.000000 -0.496776  0.000000 )
(  0.175841 -0.000000  0.000000 -0.000000  0.190301 -0.000000 )
( -0.033116 -0.000000 -0.000000 -0.000000  0.059508  0.000000 )
(  0.000000 -0.000000  0.000000 -0.000000  0.496776 -0.000000 )
( -0.000000 -0.000000  0.000000 -0.000000  0.000000  0.000000 )
(  0.000000  0.000000  0.006104  0.000000  0.089090 -0.000000 )
(  0.000000  0.000000  0.006104 -0.000000 -0.089090  0.000000 )
(  0.000000  0.000000 -0.103832  0.000000 -0.066003  0.000000 )
( -0.000000  0.000000 -0.103832 -0.000000  0.066003 -0.000000 )
(  0.000000  0.000000 -0.000000  0.000000  0.000000 -0.000000 )
(  0.000000  0.000000  0.103832 -0.000000 -0.066003  0.000000 )
(  0.000000  0.000000  0.103832  0.000000  0.066003 -0.000000 )
( -0.000000  0.000000 -0.006104 -0.000000  0.089090 -0.000000 )
(  0.000000  0.000000 -0.006104  0.000000 -0.089090  0.000000 )
( -0.083917  0.000000 -0.000000 -0.000000 -0.090278 -0.000000 )
( -0.007076  0.000000  0.108807 -0.000000  0.008774 -0.000000 )
(  0.007076 -0.000000  0.108807 -0.000000 -0.008774 -0.000000 )
(  0.007076 -0.000000 -0.108807  0.000000  0.008774 -0.000000 )
( -0.007076 -0.000000 -0.108807  0.000000 -0.008774 -0.000000 )
(  0.083917 -0.000000  0.000000 -0.000000 -0.090278 -0.000000 )
(  0.007076 -0.000000  0.108807 -0.000000  0.008774 -0.000000 )
( -0.007076 -0.000000  0.108807 -0.000000 -0.008774 -0.000000 )
( -0.007076  0.000000 -0.108807  0.000000  0.008774 -0.000000 )
(  0.007076 -0.000000 -0.108807  0.000000 -0.008774 -0.000000 )
     freq (  78) =       6.232227 [THz] =     207.884717 [cm-1]
(  0.000000 -0.000000 -0.000000  0.000000  0.008060 -0.000000 )
( -0.000000 -0.000000  0.000000 -0.000000  0.008060 -0.000000 )
(  0.000000  0.000000 -0.000000 -0.000000 -0.000000  0.000000 )
(  0.000000 -0.000000  0.000000 -0.000000  0.000000 -0.000000 )
(  0.150426  0.000000  0.000000  0.000000  0.147686  0.000000 )
( -0.150426 -0.000000 -0.000000 -0.000000  0.147686  0.000000 )
(  0.000000  0.000000  0.000000 -0.000000 -0.481525  0.000000 )
( -0.130052 -0.000000  0.000000  0.000000 -0.116711 -0.000000 )
(  0.130052 -0.000000 -0.000000  0.000000 -0.116711  0.000000 )
( -0.000000 -0.000000 -0.000000  0.000000 -0.481525  0.000000 )
( -0.130052 -0.000000  0.000000 -0.000000 -0.116711 -0.000000 )
( -0.150426 -0.000000  0.000000  0.000000  0.147686  0.000000 )
(  0.000000  0.000000 -0.000000  0.000000 -0.039915  0.000000 )
(  0.150426 -0.000000  0.000000 -0.000000  0.147686 -0.000000 )
(  0.130052  0.000000  0.000000 -0.000000 -0.116711  0.000000 )
(  0.000000  0.000000  0.000000 -0.000000 -0.039915 -0.000000 )
(  0.000000 -0.000000  0.000000 -0.000000 -0.074090  0.000000 )
( -0.000000  0.000000 -0.154860 -0.000000 -0.020817 -0.000000 )
( -0.000000  0.000000  0.154860  0.000000 -0.020817  0.000000 )
( -0.000000  0.000000 -0.127872  0.000000  0.023199  0.000000 )
( -0.000000  0.000000  0.127872  0.000000  0.023199  0.000000 )
(  0.000000  0.000000 -0.000000 -0.000000  0.015064 -0.000000 )
(  0.000000  0.000000  0.127872 -0.000000  0.023199  0.000000 )
( -0.000000  0.000000 -0.127872 -0.000000  0.023199  0.000000 )
(  0.000000  0.000000  0.154860  0.000000 -0.020817 -0.000000 )
( -0.000000  0.000000 -0.154860 -0.000000 -0.020817  0.000000 )
( -0.000000 -0.000000  0.000000  0.000000 -0.000000 -0.000000 )
( -0.005089  0.000000 -0.030711  0.000000  0.082437  0.000000 )
( -0.005089  0.000000  0.030711 -0.000000  0.082437  0.000000 )
(  0.005089 -0.000000  0.030711  0.000000  0.082437 -0.000000 )
(  0.005089  0.000000 -0.030711  0.000000  0.082437 -0.000000 )
(  0.000000 -0.000000 -0.000000  0.000000 -0.000000  0.000000 )
(  0.005089 -0.000000 -0.030711 -0.000000  0.082437 -0.000000 )
(  0.005089  0.000000  0.030711 -0.000000  0.082437 -0.000000 )
( -0.005089  0.000000  0.030711 -0.000000  0.082437  0.000000 )
( -0.005089  0.000000 -0.030711  0.000000  0.082437 -0.000000 )
     freq (  79) =       6.470438 [THz] =     215.830564 [cm-1]
( -0.000000 -0.000000  0.001484  0.000000  0.000000  0.000000 )
( -0.000000 -0.000000 -0.001484 -0.000000  0.000000  0.000000 )
(  0.000000 -0.000000 -0.000000 -0.000000  0.006714  0.000000 )
(  0.000000  0.000000 -0.000000 -0.000000 -0.006714 -0.000000 )
( -0.121713 -0.000000  0.000000 -0.000000 -0.023178  0.000000 )
( -0.121713  0.000000  0.000000  0.000000  0.023178  0.000000 )
( -0.635224  0.000000 -0.000000  0.000000 -0.000000  0.000000 )
(  0.043903 -0.000000  0.000000 -0.000000 -0.026432 -0.000000 )
(  0.043903 -0.000000 -0.000000 -0.000000  0.026432  0.000000 )
(  0.635224 -0.000000 -0.000000  0.000000 -0.000000 -0.000000 )
( -0.043903 -0.000000  0.000000 -0.000000  0.026432 -0.000000 )
(  0.121713 -0.000000  0.000000  0.000000 -0.023178  0.000000 )
( -0.000000 -0.000000  0.000000  0.000000  0.123678  0.000000 )
(  0.121713 -0.000000  0.000000 -0.000000  0.023178 -0.000000 )
( -0.043903 -0.000000 -0.000000 -0.000000 -0.026432  0.000000 )
( -0.000000 -0.000000  0.000000  0.000000 -0.123678  0.000000 )
( -0.000000 -0.000000 -0.000000  0.000000 -0.000000 -0.000000 )
(  0.000000  0.000000  0.104973 -0.000000  0.004406 -0.000000 )
(  0.000000  0.000000  0.104973 -0.000000 -0.004406  0.000000 )
(  0.000000  0.000000  0.066625  0.000000  0.013817 -0.000000 )
(  0.000000  0.000000  0.066625  0.000000 -0.013817 -0.000000 )
( -0.000000  0.000000  0.000000 -0.000000  0.000000  0.000000 )
(  0.000000  0.000000 -0.066625 -0.000000  0.013817 -0.000000 )
(  0.000000  0.000000 -0.066625 -0.000000 -0.013817 -0.000000 )
(  0.000000  0.000000 -0.104973  0.000000  0.004406 -0.000000 )
(  0.000000  0.000000 -0.104973  0.000000 -0.004406  0.000000 )
( -0.005508  0.000000 -0.000000 -0.000000  0.071604  0.000000 )
(  0.005163  0.000000  0.046316  0.000000  0.001637  0.000000 )
( -0.005163  0.000000  0.046316 -0.000000 -0.001637  0.000000 )
( -0.005163  0.000000 -0.046316  0.000000  0.001637 -0.000000 )
(  0.005163  0.000000 -0.046316 -0.000000 -0.001637 -0.000000 )
(  0.005508 -0.000000  0.000000 -0.000000  0.071604 -0.000000 )
( -0.005163  0.000000  0.046316 -0.000000  0.001637 -0.000000 )
(  0.005163  0.000000  0.046316  0.000000 -0.001637 -0.000000 )
(  0.005163  0.000000 -0.046316 -0.000000  0.001637  0.000000 )
( -0.005163  0.000000 -0.046316  0.000000 -0.001637  0.000000 )
     freq (  80) =       6.526568 [THz] =     217.702866 [cm-1]
( -0.003448  0.000000 -0.000000  0.000000  0.000000  0.000000 )
( -0.003448  0.000000  0.000000 -0.000000  0.000000  0.000000 )
(  0.000000  0.000000 -0.020835  0.000000 -0.000000  0.000000 )
( -0.000000 -0.000000 -0.020835  0.000000  0.000000 -0.000000 )
( -0.152804 -0.000000 -0.000000  0.000000 -0.107565 -0.000000 )
( -0.152804  0.000000  0.000000  0.000000  0.107565  0.000000 )
( -0.016404 -0.000000  0.000000  0.000000  0.000000 -0.000000 )
( -0.244276  0.000000 -0.000000 -0.000000 -0.130737  0.000000 )
( -0.244276 -0.000000 -0.000000 -0.000000  0.130737 -0.000000 )
( -0.016404  0.000000 -0.000000 -0.000000 -0.000000 -0.000000 )
( -0.244276  0.000000  0.000000 -0.000000 -0.130737 -0.000000 )
( -0.152804  0.000000  0.000000 -0.000000  0.107565 -0.000000 )
( -0.447866  0.000000 -0.000000 -0.000000 -0.000000 -0.000000 )
( -0.152804 -0.000000  0.000000 -0.000000 -0.107565 -0.000000 )
( -0.244276 -0.000000 -0.000000  0.000000  0.130737  0.000000 )
( -0.447866  0.000000 -0.000000  0.000000 -0.000000 -0.000000 )
( -0.073878 -0.000000 -0.000000 -0.000000 -0.000000 -0.000000 )
(  0.043375  0.000000 -0.000000  0.000000 -0.000000  0.000000 )
(  0.043375  0.000000 -0.000000 -0.000000  0.000000  0.000000 )
(  0.057444 -0.000000  0.000000  0.000000 -0.000000 -0.000000 )
(  0.057444 -0.000000 -0.000000 -0.000000 -0.000000 -0.000000 )
( -0.015293 -0.000000  0.000000 -0.000000  0.000000  0.000000 )
(  0.057444 -0.000000 -0.000000 -0.000000 -0.000000 -0.000000 )
(  0.057444 -0.000000  0.000000  0.000000 -0.000000 -0.000000 )
(  0.043375 -0.000000  0.000000 -0.000000  0.000000  0.000000 )
(  0.043375  0.000000  0.000000  0.000000  0.000000  0.000000 )
( -0.000000 -0.000000  0.000000  0.000000  0.000000 -0.000000 )
(  0.010311  0.000000  0.123452 -0.000000  0.013615  0.000000 )
(  0.010311 -0.000000 -0.123452  0.000000  0.013615  0.000000 )
(  0.010311 -0.000000  0.123452  0.000000 -0.013615  0.000000 )
(  0.010311  0.000000 -0.123452 -0.000000 -0.013615  0.000000 )
( -0.000000 -0.000000  0.000000 -0.000000 -0.000000  0.000000 )
(  0.010311 -0.000000 -0.123452 -0.000000 -0.013615  0.000000 )
(  0.010311  0.000000  0.123452  0.000000 -0.013615  0.000000 )
(  0.010311  0.000000 -0.123452  0.000000  0.013615  0.000000 )
(  0.010311 -0.000000  0.123452 -0.000000  0.013615  0.000000 )
     freq (  81) =       6.566310 [THz] =     219.028510 [cm-1]
(  0.000000 -0.000000 -0.000000 -0.000000  0.017564  0.000000 )
(  0.000000 -0.000000  0.000000  0.000000  0.017564  0.000000 )
( -0.000000 -0.000000  0.000000 -0.000000  0.000000  0.000000 )
( -0.000000  0.000000  0.000000 -0.000000 -0.000000 -0.000000 )
( -0.113612 -0.000000 -0.000000 -0.000000 -0.000435 -0.000000 )
(  0.113612 -0.000000 -0.000000  0.000000 -0.000435  0.000000 )
(  0.000000 -0.000000  0.000000 -0.000000 -0.286964 -0.000000 )
(  0.243996 -0.000000  0.000000 -0.000000  0.092093 -0.000000 )
( -0.243996 -0.000000 -0.000000  0.000000  0.092093  0.000000 )
( -0.000000 -0.000000 -0.000000  0.000000 -0.286964  0.000000 )
(  0.243996 -0.000000 -0.000000  0.000000  0.092093  0.000000 )
(  0.113612 -0.000000 -0.000000 -0.000000 -0.000435  0.000000 )
(  0.000000 -0.000000 -0.000000  0.000000 -0.167732 -0.000000 )
( -0.113612 -0.000000 -0.000000  0.000000 -0.000435 -0.000000 )
( -0.243996 -0.000000  0.000000 -0.000000  0.092093  0.000000 )
(  0.000000 -0.000000 -0.000000 -0.000000 -0.167732 -0.000000 )
(  0.000000 -0.000000 -0.000000  0.000000 -0.133505 -0.000000 )
( -0.000000  0.000000  0.032290 -0.000000  0.038278  0.000000 )
( -0.000000  0.000000 -0.032290  0.000000  0.038278  0.000000 )
( -0.000000  0.000000  0.182336  0.000000 -0.034661 -0.000000 )
( -0.000000  0.000000 -0.182336 -0.000000 -0.034661 -0.000000 )
( -0.000000 -0.000000  0.000000  0.000000  0.114840 -0.000000 )
( -0.000000  0.000000 -0.182336 -0.000000 -0.034661 -0.000000 )
( -0.000000  0.000000  0.182336  0.000000 -0.034661 -0.000000 )
( -0.000000  0.000000 -0.032290  0.000000  0.038278  0.000000 )
( -0.000000  0.000000  0.032290 -0.000000  0.038278  0.000000 )
( -0.000000  0.000000  0.000000 -0.000000  0.000000  0.000000 )
( -0.022278 -0.000000 -0.183673  0.000000  0.015950  0.000000 )
( -0.022278 -0.000000  0.183673 -0.000000  0.015950  0.000000 )
(  0.022278  0.000000  0.183673  0.000000  0.015950 -0.000000 )
(  0.022278  0.000000 -0.183673 -0.000000  0.015950 -0.000000 )
(  0.000000 -0.000000  0.000000  0.000000  0.000000  0.000000 )
(  0.022278  0.000000 -0.183673 -0.000000  0.015950 -0.000000 )
(  0.022278  0.000000  0.183673  0.000000  0.015950 -0.000000 )
( -0.022278 -0.000000  0.183673 -0.000000  0.015950  0.000000 )
( -0.022278 -0.000000 -0.183673  0.000000  0.015950  0.000000 )
     freq (  82) =       6.642468 [THz] =     221.568886 [cm-1]
(  0.000000  0.000000 -0.000000  0.000000 -0.003748  0.000000 )
(  0.000000  0.000000  0.000000 -0.000000 -0.003748  0.000000 )
(  0.000000  0.000000  0.000000  0.000000 -0.000000 -0.000000 )
( -0.000000 -0.000000 -0.000000  0.000000  0.000000  0.000000 )
(  0.225175  0.000000  0.000000 -0.000000  0.094785  0.000000 )
( -0.225175  0.000000  0.000000 -0.000000  0.094785 -0.000000 )
( -0.000000 -0.000000 -0.000000  0.000000  0.132230 -0.000000 )
(  0.055307  0.000000  0.000000  0.000000  0.207229  0.000000 )
( -0.055307  0.000000  0.000000 -0.000000  0.207229 -0.000000 )
(  0.000000  0.000000  0.000000 -0.000000  0.132230 -0.000000 )
(  0.055307  0.000000 -0.000000 -0.000000  0.207229 -0.000000 )
( -0.225175 -0.000000  0.000000  0.000000  0.094785  0.000000 )
(  0.000000  0.000000  0.000000  0.000000 -0.310525 -0.000000 )
(  0.225175 -0.000000  0.000000  0.000000  0.094785 -0.000000 )
( -0.055307 -0.000000  0.000000  0.000000  0.207229  0.000000 )
(  0.000000  0.000000  0.000000 -0.000000 -0.310525  0.000000 )
(  0.000000  0.000000  0.000000 -0.000000  0.087088 -0.000000 )
(  0.000000 -0.000000 -0.194923 -0.000000 -0.007162  0.000000 )
( -0.000000 -0.000000  0.194923 -0.000000 -0.007162  0.000000 )
( -0.000000 -0.000000  0.122874  0.000000  0.010668 -0.000000 )
( -0.000000 -0.000000 -0.122874 -0.000000  0.010668  0.000000 )
( -0.000000  0.000000 -0.000000 -0.000000 -0.321403  0.000000 )
(  0.000000 -0.000000 -0.122874 -0.000000  0.010668 -0.000000 )
( -0.000000 -0.000000  0.122874  0.000000  0.010668  0.000000 )
(  0.000000 -0.000000  0.194923  0.000000 -0.007162  0.000000 )
(  0.000000 -0.000000 -0.194923  0.000000 -0.007162  0.000000 )
(  0.000000  0.000000  0.000000  0.000000 -0.000000 -0.000000 )
( -0.025674  0.000000  0.050244 -0.000000 -0.000363  0.000000 )
( -0.025674 -0.000000 -0.050244  0.000000 -0.000363  0.000000 )
(  0.025674 -0.000000 -0.050244  0.000000 -0.000363  0.000000 )
(  0.025674  0.000000  0.050244 -0.000000 -0.000363  0.000000 )
( -0.000000 -0.000000 -0.000000 -0.000000 -0.000000 -0.000000 )
(  0.025674 -0.000000  0.050244 -0.000000 -0.000363  0.000000 )
(  0.025674  0.000000 -0.050244  0.000000 -0.000363  0.000000 )
( -0.025674  0.000000 -0.050244  0.000000 -0.000363  0.000000 )
( -0.025674 -0.000000  0.050244 -0.000000 -0.000363  0.000000 )
     freq (  83) =       6.746080 [THz] =     225.025022 [cm-1]
(  0.000000  0.000000 -0.017962 -0.000000 -0.000000  0.000000 )
(  0.000000  0.000000  0.017962  0.000000 -0.000000  0.000000 )
( -0.000000  0.000000  0.000000  0.000000  0.006726  0.000000 )
(  0.000000 -0.000000  0.000000  0.000000 -0.006726 -0.000000 )
( -0.270959 -0.000000  0.000000 -0.000000 -0.091620 -0.000000 )
( -0.270959  0.000000 -0.000000 -0.000000  0.091620 -0.000000 )
(  0.214771  0.000000  0.000000  0.000000  0.000000  0.000000 )
( -0.132921 -0.000000  0.000000 -0.000000 -0.229121 -0.000000 )
( -0.132921 -0.000000 -0.000000 -0.000000  0.229121 -0.000000 )
( -0.214771 -0.000000 -0.000000  0.000000  0.000000 -0.000000 )
(  0.132921  0.000000 -0.000000 -0.000000  0.229121 -0.000000 )
(  0.270959  0.000000  0.000000 -0.000000 -0.091620 -0.000000 )
( -0.000000  0.000000  0.000000  0.000000  0.193446  0.000000 )
(  0.270959 -0.000000 -0.000000 -0.000000  0.091620 -0.000000 )
(  0.132921  0.000000  0.000000 -0.000000 -0.229121 -0.000000 )
(  0.000000  0.000000  0.000000  0.000000 -0.193446  0.000000 )
( -0.000000  0.000000 -0.000000  0.000000  0.000000 -0.000000 )
( -0.000000 -0.000000  0.186761  0.000000  0.004171  0.000000 )
(  0.000000  0.000000  0.186761 -0.000000 -0.004171  0.000000 )
( -0.000000 -0.000000 -0.064021 -0.000000  0.042207  0.000000 )
(  0.000000  0.000000 -0.064021  0.000000 -0.042207 -0.000000 )
(  0.000000  0.000000  0.000000 -0.000000  0.000000  0.000000 )
(  0.000000 -0.000000  0.064021  0.000000  0.042207  0.000000 )
(  0.000000  0.000000  0.064021 -0.000000 -0.042207 -0.000000 )
( -0.000000 -0.000000 -0.186761 -0.000000  0.004171  0.000000 )
( -0.000000  0.000000 -0.186761  0.000000 -0.004171  0.000000 )
( -0.055495 -0.000000 -0.000000 -0.000000  0.140530  0.000000 )
( -0.043274  0.000000  0.002326 -0.000000  0.007670 -0.000000 )
(  0.043274  0.000000  0.002326  0.000000 -0.007670  0.000000 )
(  0.043274  0.000000 -0.002326  0.000000  0.007670  0.000000 )
( -0.043274 -0.000000 -0.002326  0.000000 -0.007670 -0.000000 )
(  0.055495  0.000000  0.000000  0.000000  0.140530  0.000000 )
(  0.043274  0.000000  0.002326 -0.000000  0.007670  0.000000 )
( -0.043274 -0.000000  0.002326 -0.000000 -0.007670 -0.000000 )
( -0.043274  0.000000 -0.002326  0.000000  0.007670 -0.000000 )
(  0.043274  0.000000 -0.002326 -0.000000 -0.007670  0.000000 )
     freq (  84) =       6.916575 [THz] =     230.712118 [cm-1]
(  0.001043 -0.000000 -0.000000  0.000000  0.000000 -0.000000 )
(  0.001043 -0.000000 -0.000000 -0.000000  0.000000 -0.000000 )
( -0.000000 -0.000000  0.007216  0.000000  0.000000 -0.000000 )
(  0.000000  0.000000  0.007216  0.000000  0.000000  0.000000 )
(  0.147446  0.000000  0.000000  0.000000  0.130650 -0.000000 )
(  0.147446  0.000000  0.000000 -0.000000 -0.130650 -0.000000 )
(  0.067629 -0.000000 -0.000000 -0.000000 -0.000000  0.000000 )
(  0.187183 -0.000000  0.000000 -0.000000  0.106292 -0.000000 )
(  0.187183  0.000000  0.000000 -0.000000 -0.106292  0.000000 )
(  0.067629  0.000000 -0.000000  0.000000  0.000000  0.000000 )
(  0.187183  0.000000 -0.000000  0.000000  0.106292 -0.000000 )
(  0.147446 -0.000000  0.000000  0.000000 -0.130650  0.000000 )
( -0.539023 -0.000000  0.000000  0.000000 -0.000000 -0.000000 )
(  0.147446 -0.000000  0.000000 -0.000000  0.130650 -0.000000 )
(  0.187183  0.000000  0.000000  0.000000 -0.106292  0.000000 )
( -0.539023  0.000000  0.000000 -0.000000  0.000000  0.000000 )
(  0.092940 -0.000000 -0.000000  0.000000 -0.000000  0.000000 )
( -0.024836 -0.000000 -0.000000 -0.000000  0.000000 -0.000000 )
( -0.024836 -0.000000 -0.000000 -0.000000 -0.000000  0.000000 )
( -0.026263  0.000000 -0.000000 -0.000000  0.000000 -0.000000 )
( -0.026263 -0.000000 -0.000000  0.000000  0.000000  0.000000 )
( -0.060771 -0.000000  0.000000  0.000000 -0.000000 -0.000000 )
( -0.026263  0.000000  0.000000  0.000000  0.000000 -0.000000 )
( -0.026263 -0.000000  0.000000 -0.000000 -0.000000  0.000000 )
( -0.024836 -0.000000  0.000000  0.000000 -0.000000 -0.000000 )
( -0.024836 -0.000000  0.000000  0.000000 -0.000000  0.000000 )
(  0.000000  0.000000  0.000000 -0.000000 -0.000000 -0.000000 )
( -0.004269  0.000000 -0.077648  0.000000 -0.019805 -0.000000 )
( -0.004269 -0.000000  0.077648 -0.000000 -0.019805 -0.000000 )
( -0.004269 -0.000000 -0.077648 -0.000000  0.019805 -0.000000 )
( -0.004269  0.000000  0.077648  0.000000  0.019805 -0.000000 )
(  0.000000 -0.000000  0.000000  0.000000  0.000000 -0.000000 )
( -0.004269 -0.000000  0.077648  0.000000  0.019805 -0.000000 )
( -0.004269  0.000000 -0.077648 -0.000000  0.019805 -0.000000 )
( -0.004269  0.000000  0.077648 -0.000000 -0.019805 -0.000000 )
( -0.004269 -0.000000 -0.077648  0.000000 -0.019805 -0.000000 )
     freq (  85) =       7.021526 [THz] =     234.212894 [cm-1]
( -0.000000  0.000000 -0.000000  0.000000 -0.000000 -0.000000 )
( -0.000000  0.000000  0.000000 -0.000000  0.000000 -0.000000 )
( -0.001225  0.000000 -0.000000  0.000000 -0.000000  0.000000 )
(  0.001225 -0.000000 -0.000000  0.000000  0.000000 -0.000000 )
( -0.134144 -0.000000  0.000000  0.000000 -0.099055  0.000000 )
(  0.134144 -0.000000  0.000000 -0.000000 -0.099055 -0.000000 )
( -0.000000  0.000000 -0.000000  0.000000 -0.455668  0.000000 )
( -0.228983  0.000000  0.000000 -0.000000 -0.077578  0.000000 )
(  0.228983  0.000000  0.000000  0.000000 -0.077578 -0.000000 )
( -0.000000 -0.000000  0.000000  0.000000  0.455668  0.000000 )
(  0.228983 -0.000000  0.000000 -0.000000  0.077578 -0.000000 )
( -0.134144  0.000000  0.000000 -0.000000  0.099055  0.000000 )
(  0.020079 -0.000000  0.000000  0.000000 -0.000000  0.000000 )
(  0.134144  0.000000 -0.000000  0.000000  0.099055 -0.000000 )
( -0.228983 -0.000000 -0.000000  0.000000  0.077578  0.000000 )
( -0.020079  0.000000 -0.000000  0.000000  0.000000 -0.000000 )
( -0.000000 -0.000000 -0.000000 -0.000000  0.000000  0.000000 )
(  0.026889  0.000000 -0.000000  0.000000 -0.000000  0.000000 )
( -0.026889 -0.000000 -0.000000  0.000000  0.000000 -0.000000 )
(  0.035906  0.000000 -0.000000  0.000000  0.000000 -0.000000 )
( -0.035906 -0.000000 -0.000000  0.000000 -0.000000  0.000000 )
( -0.000000  0.000000  0.000000 -0.000000 -0.000000  0.000000 )
(  0.035906  0.000000  0.000000 -0.000000  0.000000 -0.000000 )
( -0.035906 -0.000000  0.000000 -0.000000 -0.000000  0.000000 )
(  0.026889  0.000000  0.000000 -0.000000 -0.000000  0.000000 )
( -0.026889 -0.000000  0.000000 -0.000000  0.000000 -0.000000 )
(  0.046186  0.000000  0.000000 -0.000000 -0.023648  0.000000 )
( -0.013707  0.000000 -0.165840  0.000000  0.022176  0.000000 )
(  0.013707 -0.000000 -0.165840  0.000000 -0.022176 -0.000000 )
( -0.013707 -0.000000 -0.165840 -0.000000 -0.022176  0.000000 )
(  0.013707  0.000000 -0.165840 -0.000000  0.022176 -0.000000 )
(  0.046186 -0.000000 -0.000000  0.000000  0.023648  0.000000 )
( -0.013707 -0.000000  0.165840  0.000000 -0.022176  0.000000 )
(  0.013707  0.000000  0.165840  0.000000  0.022176 -0.000000 )
( -0.013707  0.000000  0.165840 -0.000000  0.022176  0.000000 )
(  0.013707 -0.000000  0.165840 -0.000000 -0.022176 -0.000000 )
     freq (  86) =       7.025885 [THz] =     234.358312 [cm-1]
( -0.000000  0.000000 -0.005231  0.000000  0.000000 -0.000000 )
(  0.000000  0.000000  0.005231 -0.000000  0.000000 -0.000000 )
(  0.000000  0.000000 -0.000000  0.000000 -0.008649  0.000000 )
( -0.000000 -0.000000 -0.000000  0.000000  0.008649 -0.000000 )
(  0.117524  0.000000 -0.000000  0.000000 -0.063525  0.000000 )
(  0.117524 -0.000000  0.000000 -0.000000  0.063525  0.000000 )
( -0.204936  0.000000  0.000000 -0.000000 -0.000000  0.000000 )
( -0.358580  0.000000 -0.000000  0.000000 -0.082369  0.000000 )
( -0.358580  0.000000 -0.000000 -0.000000  0.082369  0.000000 )
(  0.204936 -0.000000 -0.000000 -0.000000 -0.000000 -0.000000 )
(  0.358580 -0.000000 -0.000000  0.000000  0.082369 -0.000000 )
( -0.117524  0.000000  0.000000 -0.000000 -0.063525 -0.000000 )
( -0.000000 -0.000000 -0.000000 -0.000000 -0.090223  0.000000 )
( -0.117524 -0.000000  0.000000  0.000000  0.063525 -0.000000 )
(  0.358580  0.000000  0.000000 -0.000000 -0.082369 -0.000000 )
(  0.000000  0.000000  0.000000 -0.000000  0.090223 -0.000000 )
( -0.000000 -0.000000 -0.000000 -0.000000  0.000000 -0.000000 )
( -0.000000 -0.000000 -0.065166  0.000000 -0.004406  0.000000 )
(  0.000000  0.000000 -0.065166  0.000000  0.004406 -0.000000 )
( -0.000000 -0.000000 -0.172973  0.000000  0.041564 -0.000000 )
(  0.000000  0.000000 -0.172973  0.000000 -0.041564  0.000000 )
(  0.000000 -0.000000 -0.000000  0.000000  0.000000  0.000000 )
( -0.000000 -0.000000  0.172973 -0.000000  0.041564 -0.000000 )
(  0.000000  0.000000  0.172973 -0.000000 -0.041564  0.000000 )
( -0.000000 -0.000000  0.065166 -0.000000 -0.004406  0.000000 )
(  0.000000  0.000000  0.065166 -0.000000  0.004406 -0.000000 )
( -0.013574 -0.000000  0.000000 -0.000000 -0.168153  0.000000 )
( -0.022166  0.000000 -0.096722  0.000000 -0.030265 -0.000000 )
(  0.022166 -0.000000 -0.096722  0.000000  0.030265  0.000000 )
(  0.022166 -0.000000  0.096722  0.000000 -0.030265  0.000000 )
( -0.022166 -0.000000  0.096722  0.000000  0.030265 -0.000000 )
(  0.013574 -0.000000 -0.000000  0.000000 -0.168153  0.000000 )
(  0.022166 -0.000000 -0.096722 -0.000000 -0.030265  0.000000 )
( -0.022166 -0.000000 -0.096722 -0.000000  0.030265 -0.000000 )
( -0.022166  0.000000  0.096722 -0.000000 -0.030265 -0.000000 )
(  0.022166 -0.000000  0.096722 -0.000000  0.030265  0.000000 )
     freq (  87) =       7.245487 [THz] =     241.683439 [cm-1]
(  0.000000  0.000000 -0.004211 -0.000000  0.000000 -0.000000 )
( -0.000000  0.000000  0.004211  0.000000  0.000000 -0.000000 )
( -0.000000 -0.000000  0.000000  0.000000  0.004199  0.000000 )
( -0.000000  0.000000  0.000000  0.000000 -0.004199  0.000000 )
( -0.060898 -0.000000 -0.000000  0.000000 -0.164047 -0.000000 )
( -0.060898  0.000000  0.000000  0.000000  0.164047  0.000000 )
(  0.069116  0.000000 -0.000000 -0.000000 -0.000000 -0.000000 )
( -0.116253 -0.000000  0.000000 -0.000000  0.323635 -0.000000 )
( -0.116253  0.000000  0.000000 -0.000000 -0.323635  0.000000 )
( -0.069116 -0.000000  0.000000 -0.000000 -0.000000  0.000000 )
(  0.116253  0.000000 -0.000000 -0.000000 -0.323635  0.000000 )
(  0.060898  0.000000 -0.000000  0.000000 -0.164047  0.000000 )
( -0.000000 -0.000000 -0.000000  0.000000  0.266273 -0.000000 )
(  0.060898  0.000000 -0.000000  0.000000  0.164047 -0.000000 )
(  0.116253 -0.000000 -0.000000 -0.000000  0.323635 -0.000000 )
( -0.000000  0.000000 -0.000000  0.000000 -0.266273  0.000000 )
(  0.000000 -0.000000 -0.000000  0.000000  0.000000 -0.000000 )
(  0.000000  0.000000  0.102967 -0.000000 -0.015337  0.000000 )
( -0.000000  0.000000  0.102967 -0.000000  0.015337 -0.000000 )
(  0.000000  0.000000  0.068136 -0.000000  0.021283 -0.000000 )
( -0.000000 -0.000000  0.068136 -0.000000 -0.021283  0.000000 )
(  0.000000 -0.000000 -0.000000 -0.000000  0.000000  0.000000 )
( -0.000000  0.000000 -0.068136  0.000000  0.021283 -0.000000 )
(  0.000000 -0.000000 -0.068136  0.000000 -0.021283  0.000000 )
( -0.000000  0.000000 -0.102967  0.000000 -0.015337  0.000000 )
(  0.000000  0.000000 -0.102967  0.000000  0.015337 -0.000000 )
(  0.050647 -0.000000 -0.000000  0.000000 -0.295766  0.000000 )
( -0.003633 -0.000000  0.033685 -0.000000 -0.003040  0.000000 )
(  0.003633 -0.000000  0.033685 -0.000000  0.003040 -0.000000 )
(  0.003633 -0.000000 -0.033685 -0.000000 -0.003040 -0.000000 )
( -0.003633  0.000000 -0.033685 -0.000000  0.003040  0.000000 )
( -0.050647 -0.000000 -0.000000 -0.000000 -0.295766  0.000000 )
(  0.003633 -0.000000  0.033685  0.000000 -0.003040 -0.000000 )
( -0.003633  0.000000  0.033685  0.000000  0.003040  0.000000 )
( -0.003633  0.000000 -0.033685  0.000000 -0.003040  0.000000 )
(  0.003633 -0.000000 -0.033685  0.000000  0.003040 -0.000000 )
     freq (  88) =       7.486587 [THz] =     249.725664 [cm-1]
(  0.000000 -0.000000  0.000000 -0.000000 -0.000480 -0.000000 )
( -0.000000 -0.000000 -0.000000  0.000000 -0.000480 -0.000000 )
(  0.000000  0.000000 -0.000000  0.000000  0.000000  0.000000 )
(  0.000000 -0.000000  0.000000  0.000000 -0.000000 -0.000000 )
(  0.021323 -0.000000  0.000000 -0.000000 -0.267564  0.000000 )
( -0.021323  0.000000  0.000000 -0.000000 -0.267564  0.000000 )
(  0.000000  0.000000 -0.000000 -0.000000 -0.226605  0.000000 )
( -0.138436 -0.000000 -0.000000  0.000000  0.225788  0.000000 )
(  0.138436  0.000000 -0.000000 -0.000000  0.225788  0.000000 )
( -0.000000 -0.000000 -0.000000  0.000000 -0.226605 -0.000000 )
( -0.138436  0.000000 -0.000000 -0.000000  0.225788 -0.000000 )
( -0.021323 -0.000000  0.000000  0.000000 -0.267564 -0.000000 )
(  0.000000 -0.000000  0.000000 -0.000000  0.142317 -0.000000 )
(  0.021323  0.000000  0.000000  0.000000 -0.267564 -0.000000 )
(  0.138436 -0.000000 -0.000000  0.000000  0.225788 -0.000000 )
( -0.000000  0.000000  0.000000  0.000000  0.142317  0.000000 )
( -0.000000 -0.000000  0.000000 -0.000000  0.309064  0.000000 )
(  0.000000 -0.000000  0.059207  0.000000 -0.011156  0.000000 )
( -0.000000  0.000000 -0.059207 -0.000000 -0.011156 -0.000000 )
(  0.000000 -0.000000 -0.023155 -0.000000  0.001996 -0.000000 )
(  0.000000  0.000000  0.023155 -0.000000  0.001996  0.000000 )
( -0.000000 -0.000000  0.000000 -0.000000 -0.390476  0.000000 )
(  0.000000 -0.000000  0.023155  0.000000  0.001996 -0.000000 )
(  0.000000  0.000000 -0.023155  0.000000  0.001996  0.000000 )
(  0.000000 -0.000000 -0.059207 -0.000000 -0.011156  0.000000 )
( -0.000000  0.000000  0.059207  0.000000 -0.011156 -0.000000 )
( -0.000000  0.000000 -0.000000  0.000000  0.000000 -0.000000 )
(  0.003922  0.000000 -0.050758  0.000000  0.018115 -0.000000 )
(  0.003922 -0.000000  0.050758 -0.000000  0.018115  0.000000 )
( -0.003922  0.000000  0.050758  0.000000  0.018115  0.000000 )
( -0.003922 -0.000000 -0.050758 -0.000000  0.018115 -0.000000 )
(  0.000000  0.000000  0.000000  0.000000  0.000000  0.000000 )
( -0.003922  0.000000 -0.050758 -0.000000  0.018115  0.000000 )
( -0.003922 -0.000000  0.050758  0.000000  0.018115 -0.000000 )
(  0.003922  0.000000  0.050758 -0.000000  0.018115 -0.000000 )
(  0.003922 -0.000000 -0.050758  0.000000  0.018115  0.000000 )
     freq (  89) =       7.532637 [THz] =     251.261718 [cm-1]
(  0.000000 -0.000000  0.000000  0.000000 -0.000000  0.000000 )
(  0.000000 -0.000000 -0.000000 -0.000000 -0.000000  0.000000 )
( -0.001045 -0.000000  0.000000 -0.000000 -0.000000  0.000000 )
(  0.001045  0.000000  0.000000 -0.000000 -0.000000 -0.000000 )
(  0.090751 -0.000000  0.000000 -0.000000 -0.104310  0.000000 )
( -0.090751 -0.000000 -0.000000 -0.000000 -0.104310 -0.000000 )
( -0.000000  0.000000  0.000000  0.000000 -0.097546 -0.000000 )
(  0.200932 -0.000000  0.000000  0.000000 -0.363699  0.000000 )
( -0.200932 -0.000000 -0.000000  0.000000 -0.363699 -0.000000 )
( -0.000000  0.000000  0.000000  0.000000  0.097546  0.000000 )
( -0.200932 -0.000000 -0.000000 -0.000000  0.363699  0.000000 )
(  0.090751 -0.000000  0.000000 -0.000000  0.104310 -0.000000 )
(  0.061782  0.000000 -0.000000 -0.000000 -0.000000 -0.000000 )
( -0.090751 -0.000000 -0.000000 -0.000000  0.104310  0.000000 )
(  0.200932 -0.000000  0.000000  0.000000  0.363699 -0.000000 )
( -0.061782 -0.000000  0.000000  0.000000 -0.000000 -0.000000 )
( -0.000000  0.000000  0.000000 -0.000000 -0.000000 -0.000000 )
(  0.013270  0.000000 -0.000000 -0.000000 -0.000000  0.000000 )
( -0.013270 -0.000000  0.000000  0.000000  0.000000  0.000000 )
(  0.008104  0.000000  0.000000  0.000000 -0.000000  0.000000 )
( -0.008104 -0.000000 -0.000000 -0.000000  0.000000 -0.000000 )
( -0.000000  0.000000 -0.000000 -0.000000  0.000000  0.000000 )
(  0.008104  0.000000 -0.000000 -0.000000 -0.000000 -0.000000 )
( -0.008104 -0.000000  0.000000  0.000000 -0.000000 -0.000000 )
(  0.013270  0.000000  0.000000  0.000000  0.000000  0.000000 )
( -0.013270 -0.000000 -0.000000 -0.000000  0.000000  0.000000 )
( -0.051262 -0.000000 -0.000000 -0.000000  0.315237  0.000000 )
( -0.003801 -0.000000 -0.001250  0.000000  0.012073  0.000000 )
(  0.003801  0.000000 -0.001250 -0.000000 -0.012073  0.000000 )
( -0.003801 -0.000000 -0.001250 -0.000000 -0.012073 -0.000000 )
(  0.003801  0.000000 -0.001250 -0.000000  0.012073 -0.000000 )
( -0.051262 -0.000000 -0.000000  0.000000 -0.315237 -0.000000 )
( -0.003801 -0.000000  0.001250  0.000000 -0.012073 -0.000000 )
(  0.003801  0.000000  0.001250  0.000000  0.012073 -0.000000 )
( -0.003801 -0.000000  0.001250 -0.000000  0.012073  0.000000 )
(  0.003801  0.000000  0.001250  0.000000 -0.012073  0.000000 )
     freq (  90) =       7.534028 [THz] =     251.308127 [cm-1]
(  0.000099 -0.000000  0.000000  0.000000  0.000000  0.000000 )
(  0.000099 -0.000000  0.000000 -0.000000  0.000000  0.000000 )
(  0.000000  0.000000  0.004551 -0.000000 -0.000000  0.000000 )
( -0.000000 -0.000000  0.004551 -0.000000 -0.000000 -0.000000 )
(  0.161781 -0.000000  0.000000  0.000000 -0.251838  0.000000 )
(  0.161781 -0.000000 -0.000000  0.000000  0.251838 -0.000000 )
( -0.034578  0.000000  0.000000 -0.000000  0.000000  0.000000 )
(  0.201635 -0.000000  0.000000  0.000000 -0.298376  0.000000 )
(  0.201635 -0.000000 -0.000000  0.000000  0.298376  0.000000 )
( -0.034578  0.000000  0.000000  0.000000 -0.000000 -0.000000 )
(  0.201635 -0.000000  0.000000 -0.000000 -0.298376  0.000000 )
(  0.161781 -0.000000  0.000000 -0.000000  0.251838 -0.000000 )
( -0.016027 -0.000000 -0.000000  0.000000 -0.000000  0.000000 )
(  0.161781 -0.000000 -0.000000 -0.000000 -0.251838  0.000000 )
(  0.201635 -0.000000  0.000000 -0.000000  0.298376 -0.000000 )
( -0.016027  0.000000  0.000000 -0.000000 -0.000000 -0.000000 )
( -0.222026  0.000000 -0.000000  0.000000 -0.000000  0.000000 )
(  0.003868 -0.000000 -0.000000  0.000000 -0.000000 -0.000000 )
(  0.003868  0.000000  0.000000  0.000000  0.000000  0.000000 )
(  0.005933 -0.000000 -0.000000  0.000000  0.000000 -0.000000 )
(  0.005933  0.000000  0.000000  0.000000 -0.000000 -0.000000 )
( -0.262092  0.000000  0.000000  0.000000  0.000000 -0.000000 )
(  0.005933 -0.000000 -0.000000 -0.000000 -0.000000 -0.000000 )
(  0.005933  0.000000 -0.000000 -0.000000  0.000000 -0.000000 )
(  0.003868 -0.000000  0.000000 -0.000000  0.000000 -0.000000 )
(  0.003868  0.000000 -0.000000 -0.000000  0.000000  0.000000 )
(  0.000000  0.000000  0.000000  0.000000 -0.000000 -0.000000 )
( -0.002103  0.000000 -0.004607  0.000000 -0.013874  0.000000 )
( -0.002103 -0.000000  0.004607 -0.000000 -0.013874  0.000000 )
( -0.002103  0.000000 -0.004607  0.000000  0.013874 -0.000000 )
( -0.002103 -0.000000  0.004607 -0.000000  0.013874 -0.000000 )
(  0.000000  0.000000  0.000000  0.000000  0.000000  0.000000 )
( -0.002103  0.000000  0.004607 -0.000000  0.013874 -0.000000 )
( -0.002103 -0.000000 -0.004607  0.000000  0.013874 -0.000000 )
( -0.002103  0.000000  0.004607 -0.000000 -0.013874  0.000000 )
( -0.002103 -0.000000 -0.004607  0.000000 -0.013874  0.000000 )
     freq (  91) =       7.651991 [THz] =     255.242950 [cm-1]
( -0.000000 -0.000000 -0.003558 -0.000000  0.000000  0.000000 )
( -0.000000 -0.000000  0.003558  0.000000  0.000000  0.000000 )
( -0.000000  0.000000  0.000000 -0.000000 -0.000909  0.000000 )
( -0.000000 -0.000000 -0.000000 -0.000000  0.000909 -0.000000 )
( -0.215759  0.000000 -0.000000  0.000000  0.330449 -0.000000 )
( -0.215759 -0.000000 -0.000000 -0.000000 -0.330449 -0.000000 )
( -0.003671 -0.000000  0.000000  0.000000 -0.000000 -0.000000 )
( -0.161739  0.000000 -0.000000  0.000000  0.171751 -0.000000 )
( -0.161739 -0.000000  0.000000  0.000000 -0.171751 -0.000000 )
(  0.003671 -0.000000 -0.000000  0.000000 -0.000000  0.000000 )
(  0.161739  0.000000 -0.000000  0.000000 -0.171751 -0.000000 )
(  0.215759 -0.000000 -0.000000 -0.000000  0.330449 -0.000000 )
(  0.000000 -0.000000 -0.000000  0.000000 -0.122132 -0.000000 )
(  0.215759  0.000000 -0.000000  0.000000 -0.330449  0.000000 )
(  0.161739 -0.000000 -0.000000  0.000000  0.171751 -0.000000 )
( -0.000000  0.000000 -0.000000  0.000000  0.122132 -0.000000 )
( -0.000000  0.000000  0.000000 -0.000000  0.000000  0.000000 )
(  0.000000 -0.000000 -0.015994 -0.000000  0.024025 -0.000000 )
( -0.000000 -0.000000 -0.015994  0.000000 -0.024025 -0.000000 )
( -0.000000  0.000000 -0.033542  0.000000  0.005064 -0.000000 )
( -0.000000 -0.000000 -0.033542 -0.000000 -0.005064 -0.000000 )
( -0.000000  0.000000  0.000000  0.000000  0.000000  0.000000 )
( -0.000000  0.000000  0.033542 -0.000000  0.005064 -0.000000 )
( -0.000000 -0.000000  0.033542  0.000000 -0.005064 -0.000000 )
(  0.000000 -0.000000  0.015994  0.000000  0.024025 -0.000000 )
(  0.000000 -0.000000  0.015994 -0.000000 -0.024025 -0.000000 )
(  0.209485 -0.000000 -0.000000  0.000000  0.119323  0.000000 )
(  0.001840 -0.000000 -0.005851 -0.000000 -0.000915  0.000000 )
( -0.001840 -0.000000 -0.005851  0.000000  0.000915  0.000000 )
( -0.001840 -0.000000  0.005851 -0.000000 -0.000915 -0.000000 )
(  0.001840 -0.000000  0.005851 -0.000000  0.000915 -0.000000 )
( -0.209485 -0.000000 -0.000000  0.000000  0.119323 -0.000000 )
( -0.001840 -0.000000 -0.005851  0.000000 -0.000915 -0.000000 )
(  0.001840 -0.000000 -0.005851  0.000000  0.000915 -0.000000 )
(  0.001840 -0.000000  0.005851  0.000000 -0.000915  0.000000 )
( -0.001840 -0.000000  0.005851 -0.000000  0.000915  0.000000 )
     freq (  92) =       7.667999 [THz] =     255.776924 [cm-1]
(  0.000000 -0.000000 -0.000000  0.000000 -0.000163 -0.000000 )
(  0.000000 -0.000000  0.000000 -0.000000 -0.000163  0.000000 )
(  0.000000  0.000000 -0.000000 -0.000000 -0.000000  0.000000 )
( -0.000000 -0.000000 -0.000000 -0.000000  0.000000 -0.000000 )
( -0.242923  0.000000  0.000000  0.000000  0.242581 -0.000000 )
(  0.242923  0.000000 -0.000000 -0.000000  0.242581  0.000000 )
( -0.000000 -0.000000  0.000000 -0.000000  0.011948  0.000000 )
( -0.172561  0.000000  0.000000 -0.000000  0.183414 -0.000000 )
(  0.172561  0.000000  0.000000  0.000000  0.183414  0.000000 )
(  0.000000  0.000000  0.000000  0.000000  0.011948  0.000000 )
( -0.172561 -0.000000  0.000000  0.000000  0.183414  0.000000 )
(  0.242923 -0.000000 -0.000000  0.000000  0.242581 -0.000000 )
(  0.000000 -0.000000 -0.000000  0.000000  0.024851  0.000000 )
( -0.242923 -0.000000 -0.000000 -0.000000  0.242581  0.000000 )
(  0.172561 -0.000000  0.000000 -0.000000  0.183414 -0.000000 )
(  0.000000  0.000000 -0.000000 -0.000000  0.024851 -0.000000 )
(  0.000000 -0.000000  0.000000  0.000000 -0.396062  0.000000 )
(  0.000000 -0.000000  0.040109  0.000000  0.010438 -0.000000 )
( -0.000000  0.000000 -0.040109  0.000000  0.010438  0.000000 )
(  0.000000  0.000000 -0.026312  0.000000  0.001628 -0.000000 )
( -0.000000  0.000000  0.026312  0.000000  0.001628  0.000000 )
(  0.000000 -0.000000  0.000000  0.000000 -0.326818  0.000000 )
( -0.000000  0.000000  0.026312 -0.000000  0.001628 -0.000000 )
( -0.000000  0.000000 -0.026312 -0.000000  0.001628  0.000000 )
(  0.000000 -0.000000 -0.040109 -0.000000  0.010438 -0.000000 )
(  0.000000  0.000000  0.040109 -0.000000  0.010438  0.000000 )
(  0.000000 -0.000000  0.000000  0.000000  0.000000 -0.000000 )
( -0.000334  0.000000 -0.002345  0.000000 -0.001047  0.000000 )
( -0.000334 -0.000000  0.002345  0.000000 -0.001047 -0.000000 )
(  0.000334  0.000000  0.002345 -0.000000 -0.001047  0.000000 )
(  0.000334 -0.000000 -0.002345 -0.000000 -0.001047 -0.000000 )
( -0.000000  0.000000 -0.000000  0.000000  0.000000 -0.000000 )
(  0.000334  0.000000 -0.002345  0.000000 -0.001047  0.000000 )
(  0.000334 -0.000000  0.002345  0.000000 -0.001047 -0.000000 )
( -0.000334  0.000000  0.002345 -0.000000 -0.001047  0.000000 )
( -0.000334 -0.000000 -0.002345 -0.000000 -0.001047 -0.000000 )
     freq (  93) =       7.765197 [THz] =     259.019102 [cm-1]
(  0.000000 -0.000000 -0.000000  0.000000 -0.000000  0.000000 )
(  0.000000 -0.000000 -0.000000 -0.000000  0.000000  0.000000 )
( -0.001770 -0.000000  0.000000  0.000000  0.000000  0.000000 )
(  0.001770  0.000000  0.000000  0.000000  0.000000 -0.000000 )
( -0.207837  0.000000  0.000000 -0.000000  0.373647  0.000000 )
(  0.207837  0.000000  0.000000  0.000000  0.373647  0.000000 )
(  0.000000 -0.000000 -0.000000  0.000000  0.001596  0.000000 )
(  0.037885  0.000000 -0.000000  0.000000 -0.184157 -0.000000 )
( -0.037885  0.000000  0.000000 -0.000000 -0.184157  0.000000 )
(  0.000000 -0.000000 -0.000000  0.000000 -0.001596 -0.000000 )
( -0.037885  0.000000  0.000000  0.000000  0.184157 -0.000000 )
( -0.207837 -0.000000  0.000000  0.000000 -0.373647 -0.000000 )
(  0.155799  0.000000  0.000000 -0.000000  0.000000 -0.000000 )
(  0.207837  0.000000  0.000000  0.000000 -0.373647 -0.000000 )
(  0.037885  0.000000 -0.000000  0.000000  0.184157  0.000000 )
( -0.155799 -0.000000  0.000000  0.000000 -0.000000 -0.000000 )
( -0.000000 -0.000000  0.000000  0.000000  0.000000  0.000000 )
(  0.007063 -0.000000 -0.000000 -0.000000 -0.000000  0.000000 )
( -0.007063  0.000000 -0.000000  0.000000  0.000000 -0.000000 )
( -0.007160  0.000000  0.000000  0.000000 -0.000000  0.000000 )
(  0.007160  0.000000 -0.000000 -0.000000  0.000000 -0.000000 )
(  0.000000 -0.000000 -0.000000 -0.000000  0.000000  0.000000 )
( -0.007160  0.000000 -0.000000 -0.000000  0.000000  0.000000 )
(  0.007160  0.000000 -0.000000  0.000000 -0.000000 -0.000000 )
(  0.007063 -0.000000 -0.000000  0.000000  0.000000  0.000000 )
( -0.007063  0.000000 -0.000000 -0.000000 -0.000000 -0.000000 )
( -0.119213 -0.000000 -0.000000  0.000000 -0.156330 -0.000000 )
( -0.006986 -0.000000 -0.009437  0.000000 -0.000701 -0.000000 )
(  0.006986 -0.000000 -0.009437 -0.000000  0.000701 -0.000000 )
( -0.006986 -0.000000 -0.009437 -0.000000  0.000701  0.000000 )
(  0.006986 -0.000000 -0.009437  0.000000 -0.000701 -0.000000 )
( -0.119213  0.000000 -0.000000  0.000000  0.156330  0.000000 )
( -0.006986 -0.000000  0.009437  0.000000  0.000701  0.000000 )
(  0.006986 -0.000000  0.009437 -0.000000 -0.000701 -0.000000 )
( -0.006986 -0.000000  0.009437 -0.000000 -0.000701 -0.000000 )
(  0.006986 -0.000000  0.009437  0.000000  0.000701 -0.000000 )
     freq (  94) =       7.829384 [THz] =     261.160127 [cm-1]
(  0.002473 -0.000000  0.000000  0.000000 -0.000000  0.000000 )
(  0.002473 -0.000000  0.000000 -0.000000 -0.000000  0.000000 )
(  0.000000  0.000000  0.000113  0.000000 -0.000000 -0.000000 )
( -0.000000 -0.000000  0.000113  0.000000  0.000000 -0.000000 )
(  0.147870  0.000000 -0.000000 -0.000000 -0.326818  0.000000 )
(  0.147870 -0.000000 -0.000000  0.000000  0.326818 -0.000000 )
(  0.226553 -0.000000  0.000000 -0.000000  0.000000 -0.000000 )
( -0.094016  0.000000  0.000000  0.000000  0.285356 -0.000000 )
( -0.094016  0.000000  0.000000 -0.000000 -0.285356  0.000000 )
(  0.226553 -0.000000  0.000000  0.000000 -0.000000  0.000000 )
( -0.094016  0.000000 -0.000000 -0.000000  0.285356 -0.000000 )
(  0.147870 -0.000000 -0.000000 -0.000000  0.326818 -0.000000 )
( -0.013388 -0.000000 -0.000000 -0.000000  0.000000  0.000000 )
(  0.147870 -0.000000 -0.000000  0.000000 -0.326818  0.000000 )
( -0.094016  0.000000  0.000000  0.000000 -0.285356  0.000000 )
( -0.013388  0.000000 -0.000000  0.000000  0.000000 -0.000000 )
( -0.117229  0.000000  0.000000  0.000000  0.000000  0.000000 )
(  0.009764 -0.000000  0.000000  0.000000  0.000000 -0.000000 )
(  0.009764 -0.000000  0.000000  0.000000 -0.000000  0.000000 )
( -0.015279  0.000000 -0.000000  0.000000  0.000000  0.000000 )
( -0.015279  0.000000  0.000000  0.000000 -0.000000 -0.000000 )
(  0.073715 -0.000000 -0.000000 -0.000000 -0.000000  0.000000 )
( -0.015279  0.000000  0.000000 -0.000000 -0.000000  0.000000 )
( -0.015279  0.000000  0.000000 -0.000000  0.000000 -0.000000 )
(  0.009764 -0.000000  0.000000 -0.000000 -0.000000 -0.000000 )
(  0.009764 -0.000000  0.000000 -0.000000 -0.000000  0.000000 )
(  0.000000 -0.000000  0.000000  0.000000  0.000000 -0.000000 )
(  0.008441 -0.000000 -0.003636  0.000000 -0.002144  0.000000 )
(  0.008441 -0.000000  0.003636 -0.000000 -0.002144  0.000000 )
(  0.008441 -0.000000 -0.003636  0.000000  0.002144 -0.000000 )
(  0.008441 -0.000000  0.003636 -0.000000  0.002144 -0.000000 )
(  0.000000  0.000000  0.000000  0.000000 -0.000000 -0.000000 )
(  0.008441 -0.000000  0.003636 -0.000000  0.002144 -0.000000 )
(  0.008441 -0.000000 -0.003636 -0.000000  0.002144 -0.000000 )
(  0.008441 -0.000000  0.003636 -0.000000 -0.002144  0.000000 )
(  0.008441 -0.000000 -0.003636  0.000000 -0.002144  0.000000 )
     freq (  95) =       7.856555 [THz] =     262.066476 [cm-1]
(  0.000000 -0.000000  0.000000  0.000000  0.000115  0.000000 )
( -0.000000  0.000000  0.000000  0.000000 -0.000115 -0.000000 )
( -0.000000 -0.000000  0.020662 -0.000000  0.000000  0.000000 )
( -0.000000 -0.000000 -0.020662  0.000000 -0.000000  0.000000 )
( -0.000000  0.000000 -0.338499 -0.000000  0.000000 -0.000000 )
(  0.000000 -0.000000  0.338499 -0.000000  0.000000 -0.000000 )
( -0.000000  0.000000  0.000000  0.000000 -0.000000 -0.000000 )
(  0.000000 -0.000000  0.107097  0.000000  0.000000  0.000000 )
(  0.000000 -0.000000 -0.107097  0.000000 -0.000000 -0.000000 )
( -0.000000  0.000000  0.000000  0.000000  0.000000 -0.000000 )
(  0.000000 -0.000000 -0.107097  0.000000  0.000000  0.000000 )
(  0.000000 -0.000000 -0.338499 -0.000000 -0.000000 -0.000000 )
( -0.000000  0.000000 -0.346025  0.000000  0.000000  0.000000 )
(  0.000000  0.000000  0.338499 -0.000000 -0.000000 -0.000000 )
(  0.000000 -0.000000  0.107097  0.000000 -0.000000 -0.000000 )
(  0.000000  0.000000  0.346025 -0.000000  0.000000  0.000000 )
( -0.000000  0.000000 -0.000000 -0.000000  0.000000  0.000000 )
( -0.000000  0.000000  0.198896  0.000000 -0.000440  0.000000 )
( -0.000000  0.000000 -0.198896  0.000000 -0.000440 -0.000000 )
(  0.000000  0.000000 -0.091935 -0.000000 -0.032624  0.000000 )
(  0.000000 -0.000000  0.091935 -0.000000 -0.032624 -0.000000 )
(  0.000000 -0.000000  0.000000  0.000000 -0.000000 -0.000000 )
( -0.000000 -0.000000 -0.091935 -0.000000  0.032624 -0.000000 )
( -0.000000  0.000000  0.091935 -0.000000  0.032624  0.000000 )
(  0.000000 -0.000000  0.198896  0.000000  0.000440 -0.000000 )
(  0.000000 -0.000000 -0.198896  0.000000  0.000440  0.000000 )
( -0.000000  0.000000  0.006592 -0.000000 -0.000000  0.000000 )
( -0.031716  0.000000  0.073922 -0.000000  0.030252 -0.000000 )
( -0.031716  0.000000 -0.073922 -0.000000  0.030252 -0.000000 )
( -0.031716  0.000000  0.073922 -0.000000 -0.030252 -0.000000 )
( -0.031716  0.000000 -0.073922 -0.000000 -0.030252  0.000000 )
( -0.000000  0.000000  0.006592 -0.000000  0.000000 -0.000000 )
(  0.031716 -0.000000  0.073922 -0.000000  0.030252  0.000000 )
(  0.031716 -0.000000 -0.073922 -0.000000  0.030252 -0.000000 )
(  0.031716 -0.000000  0.073922 -0.000000 -0.030252  0.000000 )
(  0.031716 -0.000000 -0.073922 -0.000000 -0.030252  0.000000 )
     freq (  96) =       7.890709 [THz] =     263.205735 [cm-1]
(  0.000000  0.000000  0.016986  0.000000  0.000000  0.000000 )
( -0.000000 -0.000000  0.016986  0.000000 -0.000000 -0.000000 )
( -0.019388 -0.000000 -0.000000  0.000000 -0.000000  0.000000 )
( -0.019388 -0.000000  0.000000 -0.000000 -0.000000  0.000000 )
( -0.000000 -0.000000 -0.371258 -0.000000  0.000000  0.000000 )
(  0.000000 -0.000000 -0.371258  0.000000 -0.000000 -0.000000 )
(  0.000000  0.000000  0.233438 -0.000000 -0.000000  0.000000 )
( -0.000000  0.000000  0.036714  0.000000 -0.000000 -0.000000 )
(  0.000000 -0.000000  0.036714 -0.000000  0.000000  0.000000 )
(  0.000000  0.000000  0.233438  0.000000 -0.000000 -0.000000 )
( -0.000000 -0.000000  0.036714 -0.000000  0.000000  0.000000 )
( -0.000000  0.000000 -0.371258 -0.000000 -0.000000  0.000000 )
( -0.000000  0.000000 -0.206737 -0.000000  0.000000 -0.000000 )
(  0.000000  0.000000 -0.371258  0.000000 -0.000000 -0.000000 )
(  0.000000  0.000000  0.036714  0.000000  0.000000 -0.000000 )
(  0.000000 -0.000000 -0.206737  0.000000  0.000000  0.000000 )
(  0.000000  0.000000 -0.002992  0.000000  0.000000  0.000000 )
( -0.000000  0.000000  0.179701  0.000000  0.021486 -0.000000 )
( -0.000000 -0.000000  0.179701 -0.000000 -0.021486 -0.000000 )
(  0.000000  0.000000  0.023450 -0.000000  0.034516  0.000000 )
(  0.000000  0.000000  0.023450  0.000000 -0.034516 -0.000000 )
( -0.000000 -0.000000  0.003018  0.000000 -0.000000  0.000000 )
( -0.000000 -0.000000  0.023450 -0.000000 -0.034516 -0.000000 )
(  0.000000 -0.000000  0.023450  0.000000  0.034516  0.000000 )
(  0.000000 -0.000000  0.179701  0.000000 -0.021486  0.000000 )
( -0.000000  0.000000  0.179701 -0.000000  0.021486  0.000000 )
( -0.000000  0.000000 -0.000000  0.000000 -0.000000  0.000000 )
(  0.039396 -0.000000 -0.110133  0.000000  0.002026  0.000000 )
( -0.039396  0.000000 -0.110133 -0.000000 -0.002026 -0.000000 )
(  0.039396  0.000000 -0.110133 -0.000000 -0.002026 -0.000000 )
( -0.039396  0.000000 -0.110133 -0.000000  0.002026 -0.000000 )
( -0.000000  0.000000 -0.000000  0.000000  0.000000  0.000000 )
( -0.039396 -0.000000 -0.110133 -0.000000  0.002026  0.000000 )
(  0.039396 -0.000000 -0.110133 -0.000000 -0.002026  0.000000 )
( -0.039396  0.000000 -0.110133  0.000000 -0.002026 -0.000000 )
(  0.039396 -0.000000 -0.110133 -0.000000  0.002026  0.000000 )
     freq (  97) =       7.996503 [THz] =     266.734643 [cm-1]
( -0.000899 -0.000000  0.000000 -0.000000 -0.000000  0.000000 )
( -0.000899 -0.000000  0.000000  0.000000 -0.000000  0.000000 )
(  0.000000  0.000000  0.001571 -0.000000  0.000000 -0.000000 )
( -0.000000 -0.000000  0.001571  0.000000  0.000000  0.000000 )
(  0.029563 -0.000000  0.000000  0.000000 -0.059385  0.000000 )
(  0.029563 -0.000000 -0.000000 -0.000000  0.059385 -0.000000 )
( -0.570197 -0.000000  0.000000 -0.000000 -0.000000 -0.000000 )
(  0.038310 -0.000000  0.000000  0.000000  0.094897  0.000000 )
(  0.038310 -0.000000  0.000000  0.000000 -0.094897 -0.000000 )
( -0.570197  0.000000  0.000000  0.000000  0.000000  0.000000 )
(  0.038310  0.000000  0.000000 -0.000000  0.094897 -0.000000 )
(  0.029563  0.000000 -0.000000  0.000000  0.059385  0.000000 )
( -0.063646 -0.000000  0.000000  0.000000 -0.000000 -0.000000 )
(  0.029563  0.000000 -0.000000 -0.000000 -0.059385 -0.000000 )
(  0.038310  0.000000 -0.000000 -0.000000 -0.094897  0.000000 )
( -0.063646  0.000000 -0.000000 -0.000000 -0.000000 -0.000000 )
( -0.320378 -0.000000 -0.000000 -0.000000 -0.000000 -0.000000 )
( -0.008427 -0.000000 -0.000000 -0.000000  0.000000  0.000000 )
( -0.008427  0.000000  0.000000  0.000000 -0.000000 -0.000000 )
( -0.000830  0.000000  0.000000 -0.000000  0.000000  0.000000 )
( -0.000830 -0.000000 -0.000000 -0.000000 -0.000000 -0.000000 )
(  0.420185  0.000000 -0.000000 -0.000000  0.000000 -0.000000 )
( -0.000830  0.000000  0.000000  0.000000 -0.000000  0.000000 )
( -0.000830 -0.000000 -0.000000  0.000000  0.000000 -0.000000 )
( -0.008427 -0.000000 -0.000000  0.000000 -0.000000  0.000000 )
( -0.008427  0.000000  0.000000 -0.000000  0.000000 -0.000000 )
( -0.000000 -0.000000 -0.000000 -0.000000  0.000000  0.000000 )
( -0.014612  0.000000 -0.010151 -0.000000 -0.004032 -0.000000 )
( -0.014612 -0.000000  0.010151 -0.000000 -0.004032 -0.000000 )
( -0.014612  0.000000 -0.010151 -0.000000  0.004032 -0.000000 )
( -0.014612 -0.000000  0.010151 -0.000000  0.004032  0.000000 )
( -0.000000 -0.000000 -0.000000 -0.000000 -0.000000 -0.000000 )
( -0.014612  0.000000  0.010151  0.000000  0.004032 -0.000000 )
( -0.014612 -0.000000 -0.010151  0.000000  0.004032  0.000000 )
( -0.014612  0.000000  0.010151  0.000000 -0.004032 -0.000000 )
( -0.014612 -0.000000 -0.010151  0.000000 -0.004032 -0.000000 )
     freq (  98) =       8.050999 [THz] =     268.552417 [cm-1]
(  0.000000  0.000000  0.000000 -0.000000  0.000000 -0.000000 )
(  0.000000 -0.000000  0.000000 -0.000000  0.000000 -0.000000 )
( -0.000562 -0.000000  0.000000 -0.000000 -0.000000 -0.000000 )
(  0.000562 -0.000000  0.000000 -0.000000 -0.000000  0.000000 )
( -0.020469  0.000000 -0.000000 -0.000000 -0.055724 -0.000000 )
(  0.020469  0.000000  0.000000 -0.000000 -0.055724 -0.000000 )
( -0.000000  0.000000 -0.000000 -0.000000  0.047347  0.000000 )
(  0.024831  0.000000 -0.000000 -0.000000  0.048579 -0.000000 )
( -0.024831  0.000000 -0.000000 -0.000000  0.048579  0.000000 )
( -0.000000  0.000000  0.000000 -0.000000 -0.047347 -0.000000 )
( -0.024831 -0.000000 -0.000000 -0.000000 -0.048579  0.000000 )
( -0.020469 -0.000000 -0.000000 -0.000000  0.055724 -0.000000 )
(  0.596591  0.000000 -0.000000 -0.000000  0.000000  0.000000 )
(  0.020469 -0.000000 -0.000000 -0.000000  0.055724  0.000000 )
(  0.024831 -0.000000 -0.000000 -0.000000 -0.048579 -0.000000 )
( -0.596591  0.000000 -0.000000 -0.000000 -0.000000 -0.000000 )
( -0.000000  0.000000 -0.000000 -0.000000 -0.000000  0.000000 )
(  0.017195  0.000000  0.000000  0.000000 -0.000000 -0.000000 )
( -0.017195 -0.000000  0.000000  0.000000 -0.000000  0.000000 )
( -0.014427 -0.000000  0.000000  0.000000 -0.000000 -0.000000 )
(  0.014427  0.000000  0.000000  0.000000 -0.000000  0.000000 )
(  0.000000 -0.000000 -0.000000 -0.000000  0.000000 -0.000000 )
( -0.014427 -0.000000  0.000000  0.000000  0.000000  0.000000 )
(  0.014427  0.000000  0.000000  0.000000  0.000000 -0.000000 )
(  0.017195  0.000000  0.000000  0.000000  0.000000  0.000000 )
( -0.017195  0.000000 -0.000000  0.000000  0.000000 -0.000000 )
(  0.356964  0.000000  0.000000  0.000000  0.010776  0.000000 )
( -0.004822  0.000000  0.006219  0.000000 -0.003236 -0.000000 )
(  0.004822 -0.000000  0.006219  0.000000  0.003236  0.000000 )
( -0.004822  0.000000  0.006219  0.000000  0.003236  0.000000 )
(  0.004822 -0.000000  0.006219  0.000000 -0.003236 -0.000000 )
(  0.356964  0.000000  0.000000 -0.000000 -0.010776  0.000000 )
( -0.004822 -0.000000 -0.006219 -0.000000  0.003236  0.000000 )
(  0.004822  0.000000 -0.006219  0.000000 -0.003236 -0.000000 )
( -0.004822 -0.000000 -0.006219  0.000000 -0.003236  0.000000 )
(  0.004822  0.000000 -0.006219  0.000000  0.003236  0.000000 )
     freq (  99) =       8.053241 [THz] =     268.627203 [cm-1]
(  0.000000  0.000000 -0.013313  0.000000  0.000000 -0.000000 )
( -0.000000 -0.000000 -0.013313  0.000000 -0.000000  0.000000 )
( -0.020424  0.000000  0.000000 -0.000000 -0.000000  0.000000 )
( -0.020424  0.000000 -0.000000  0.000000 -0.000000  0.000000 )
(  0.000000 -0.000000 -0.045810  0.000000  0.000000 -0.000000 )
(  0.000000  0.000000 -0.045810  0.000000  0.000000 -0.000000 )
( -0.000000 -0.000000 -0.288768 -0.000000 -0.000000  0.000000 )
(  0.000000  0.000000 -0.323410  0.000000 -0.000000  0.000000 )
(  0.000000 -0.000000 -0.323410  0.000000 -0.000000  0.000000 )
( -0.000000 -0.000000 -0.288768  0.000000  0.000000 -0.000000 )
(  0.000000 -0.000000 -0.323410  0.000000  0.000000 -0.000000 )
(  0.000000 -0.000000 -0.045810 -0.000000 -0.000000  0.000000 )
( -0.000000  0.000000 -0.295750  0.000000 -0.000000  0.000000 )
(  0.000000  0.000000 -0.045810 -0.000000  0.000000  0.000000 )
(  0.000000  0.000000 -0.323410 -0.000000 -0.000000 -0.000000 )
(  0.000000 -0.000000 -0.295750 -0.000000 -0.000000 -0.000000 )
( -0.000000 -0.000000 -0.002394  0.000000 -0.000000  0.000000 )
( -0.000000 -0.000000  0.074370 -0.000000 -0.031400  0.000000 )
( -0.000000 -0.000000  0.074370  0.000000  0.031400  0.000000 )
(  0.000000  0.000000  0.158763  0.000000 -0.006060  0.000000 )
(  0.000000  0.000000  0.158763 -0.000000  0.006060  0.000000 )
(  0.000000  0.000000 -0.011227  0.000000  0.000000  0.000000 )
( -0.000000 -0.000000  0.158763  0.000000  0.006060 -0.000000 )
( -0.000000 -0.000000  0.158763 -0.000000 -0.006060 -0.000000 )
(  0.000000  0.000000  0.074370 -0.000000  0.031400 -0.000000 )
(  0.000000  0.000000  0.074370  0.000000 -0.031400 -0.000000 )
( -0.000000  0.000000  0.000000 -0.000000  0.000000  0.000000 )
(  0.048265 -0.000000  0.099813  0.000000 -0.024560 -0.000000 )
( -0.048265 -0.000000  0.099813 -0.000000  0.024560  0.000000 )
(  0.048265 -0.000000  0.099813 -0.000000  0.024560 -0.000000 )
( -0.048265  0.000000  0.099813  0.000000 -0.024560  0.000000 )
( -0.000000  0.000000  0.000000 -0.000000  0.000000 -0.000000 )
( -0.048265  0.000000  0.099813 -0.000000 -0.024560  0.000000 )
(  0.048265 -0.000000  0.099813  0.000000  0.024560 -0.000000 )
( -0.048265  0.000000  0.099813  0.000000  0.024560  0.000000 )
(  0.048265  0.000000  0.099813 -0.000000 -0.024560  0.000000 )
     freq ( 100) =       8.102160 [THz] =     270.258963 [cm-1]
( -0.026566 -0.000000 -0.000000  0.000000 -0.000000 -0.000000 )
(  0.026566  0.000000 -0.000000  0.000000 -0.000000  0.000000 )
( -0.000000  0.000000  0.000000  0.000000 -0.000000  0.000000 )
( -0.000000  0.000000 -0.000000 -0.000000 -0.000000  0.000000 )
( -0.000000 -0.000000 -0.308504  0.000000 -0.000000  0.000000 )
(  0.000000 -0.000000 -0.308504 -0.000000 -0.000000 -0.000000 )
( -0.000000  0.000000  0.314532  0.000000 -0.000000  0.000000 )
( -0.000000 -0.000000 -0.232613  0.000000  0.000000  0.000000 )
(  0.000000 -0.000000 -0.232613  0.000000 -0.000000 -0.000000 )
( -0.000000  0.000000 -0.314532  0.000000  0.000000  0.000000 )
( -0.000000 -0.000000  0.232613  0.000000  0.000000  0.000000 )
(  0.000000 -0.000000  0.308504 -0.000000 -0.000000 -0.000000 )
(  0.000000 -0.000000 -0.000000  0.000000  0.000000  0.000000 )
(  0.000000 -0.000000  0.308504  0.000000 -0.000000  0.000000 )
( -0.000000 -0.000000  0.232613  0.000000 -0.000000 -0.000000 )
( -0.000000  0.000000 -0.000000  0.000000 -0.000000  0.000000 )
( -0.000000  0.000000 -0.000000  0.000000  0.000000  0.000000 )
(  0.072294 -0.000000  0.000000 -0.000000 -0.000000  0.000000 )
(  0.072294  0.000000  0.000000 -0.000000 -0.000000 -0.000000 )
( -0.058524 -0.000000  0.000000 -0.000000 -0.000000 -0.000000 )
( -0.058524 -0.000000  0.000000 -0.000000  0.000000  0.000000 )
(  0.000000  0.000000 -0.000000  0.000000 -0.000000 -0.000000 )
(  0.058524  0.000000 -0.000000 -0.000000 -0.000000  0.000000 )
(  0.058524  0.000000  0.000000 -0.000000  0.000000 -0.000000 )
( -0.072294  0.000000  0.000000 -0.000000  0.000000 -0.000000 )
( -0.072294 -0.000000  0.000000 -0.000000  0.000000  0.000000 )
(  0.000000 -0.000000 -0.000749  0.000000 -0.000000 -0.000000 )
(  0.003370 -0.000000 -0.145036 -0.000000  0.008734  0.000000 )
(  0.003370 -0.000000  0.145036 -0.000000  0.008734  0.000000 )
( -0.003370 -0.000000  0.145036  0.000000  0.008734 -0.000000 )
( -0.003370  0.000000 -0.145036 -0.000000  0.008734  0.000000 )
(  0.000000 -0.000000  0.000749  0.000000 -0.000000  0.000000 )
(  0.003370  0.000000  0.145036  0.000000 -0.008734  0.000000 )
(  0.003370 -0.000000 -0.145036 -0.000000 -0.008734 -0.000000 )
( -0.003370  0.000000 -0.145036 -0.000000 -0.008734 -0.000000 )
( -0.003370  0.000000  0.145036 -0.000000 -0.008734 -0.000000 )
     freq ( 101) =       8.196269 [THz] =     273.398093 [cm-1]
(  0.000000  0.000000  0.000000  0.000000  0.000000 -0.000000 )
( -0.000000 -0.000000  0.000000  0.000000 -0.000000  0.000000 )
(  0.000000  0.000000  0.000000 -0.000000 -0.001075 -0.000000 )
(  0.000000  0.000000 -0.000000  0.000000 -0.001075 -0.000000 )
( -0.000000  0.000000 -0.398557 -0.000000  0.000000 -0.000000 )
(  0.000000  0.000000  0.398557  0.000000  0.000000  0.000000 )
(  0.000000  0.000000 -0.000000  0.000000 -0.000000  0.000000 )
( -0.000000  0.000000 -0.224717 -0.000000 -0.000000 -0.000000 )
(  0.000000  0.000000  0.224717  0.000000  0.000000  0.000000 )
(  0.000000 -0.000000  0.000000  0.000000 -0.000000 -0.000000 )
( -0.000000 -0.000000 -0.224717  0.000000 -0.000000  0.000000 )
( -0.000000 -0.000000  0.398557 -0.000000  0.000000 -0.000000 )
(  0.000000  0.000000  0.000000  0.000000 -0.000000  0.000000 )
(  0.000000 -0.000000 -0.398557  0.000000  0.000000  0.000000 )
(  0.000000 -0.000000  0.224717 -0.000000 -0.000000 -0.000000 )
( -0.000000 -0.000000  0.000000 -0.000000 -0.000000 -0.000000 )
(  0.000000 -0.000000  0.000000 -0.000000 -0.000000  0.000000 )
(  0.097132  0.000000 -0.000000  0.000000  0.000000  0.000000 )
( -0.097132 -0.000000  0.000000 -0.000000 -0.000000  0.000000 )
( -0.065353 -0.000000 -0.000000  0.000000 -0.000000 -0.000000 )
(  0.065353  0.000000 -0.000000 -0.000000  0.000000 -0.000000 )
( -0.000000  0.000000 -0.000000  0.000000 -0.000000  0.000000 )
(  0.065353  0.000000 -0.000000  0.000000  0.000000  0.000000 )
( -0.065353 -0.000000 -0.000000 -0.000000 -0.000000  0.000000 )
( -0.097132 -0.000000 -0.000000  0.000000 -0.000000 -0.000000 )
(  0.097132  0.000000 -0.000000 -0.000000  0.000000 -0.000000 )
(  0.000000 -0.000000 -0.000000  0.000000 -0.000000  0.000000 )
( -0.018950 -0.000000  0.106884  0.000000  0.041119  0.000000 )
(  0.018950 -0.000000  0.106884 -0.000000 -0.041119 -0.000000 )
(  0.018950 -0.000000 -0.106884 -0.000000  0.041119  0.000000 )
( -0.018950 -0.000000 -0.106884 -0.000000 -0.041119 -0.000000 )
(  0.000000  0.000000  0.000000  0.000000 -0.000000 -0.000000 )
( -0.018950  0.000000 -0.106884 -0.000000 -0.041119 -0.000000 )
(  0.018950  0.000000 -0.106884 -0.000000  0.041119  0.000000 )
(  0.018950  0.000000  0.106884  0.000000 -0.041119 -0.000000 )
( -0.018950  0.000000  0.106884 -0.000000  0.041119  0.000000 )
     freq ( 102) =       8.238260 [THz] =     274.798759 [cm-1]
( -0.000000 -0.000000 -0.000000 -0.000000 -0.000662  0.000000 )
(  0.000000  0.000000 -0.000000 -0.000000  0.000662 -0.000000 )
( -0.000000 -0.000000 -0.005893  0.000000  0.000000 -0.000000 )
( -0.000000 -0.000000  0.005893 -0.000000 -0.000000 -0.000000 )
(  0.000000 -0.000000 -0.251633 -0.000000 -0.000000  0.000000 )
(  0.000000  0.000000  0.251633  0.000000 -0.000000  0.000000 )
(  0.000000  0.000000 -0.000000 -0.000000 -0.000000  0.000000 )
(  0.000000  0.000000 -0.323904  0.000000 -0.000000 -0.000000 )
(  0.000000 -0.000000  0.323904 -0.000000  0.000000  0.000000 )
(  0.000000  0.000000 -0.000000 -0.000000 -0.000000  0.000000 )
(  0.000000  0.000000  0.323904 -0.000000  0.000000 -0.000000 )
(  0.000000  0.000000 -0.251633  0.000000 -0.000000  0.000000 )
(  0.000000 -0.000000  0.274012 -0.000000  0.000000 -0.000000 )
( -0.000000 -0.000000  0.251633 -0.000000  0.000000  0.000000 )
(  0.000000 -0.000000 -0.323904  0.000000  0.000000  0.000000 )
( -0.000000  0.000000 -0.274012  0.000000  0.000000 -0.000000 )
(  0.000000  0.000000  0.000000 -0.000000  0.000000 -0.000000 )
(  0.000000  0.000000  0.042924 -0.000000  0.070407 -0.000000 )
(  0.000000 -0.000000 -0.042924  0.000000  0.070407 -0.000000 )
( -0.000000 -0.000000  0.161514 -0.000000 -0.010258  0.000000 )
( -0.000000  0.000000 -0.161514  0.000000 -0.010258  0.000000 )
( -0.000000 -0.000000 -0.000000 -0.000000 -0.000000  0.000000 )
(  0.000000  0.000000  0.161514 -0.000000  0.010258 -0.000000 )
(  0.000000 -0.000000 -0.161514  0.000000  0.010258 -0.000000 )
( -0.000000 -0.000000  0.042924 -0.000000 -0.070407  0.000000 )
( -0.000000  0.000000 -0.042924  0.000000 -0.070407  0.000000 )
(  0.000000 -0.000000  0.001551 -0.000000  0.000000  0.000000 )
( -0.073987  0.000000 -0.011554  0.000000 -0.000043  0.000000 )
( -0.073987  0.000000  0.011554  0.000000 -0.000043 -0.000000 )
( -0.073987  0.000000 -0.011554 -0.000000  0.000043  0.000000 )
( -0.073987  0.000000  0.011554 -0.000000  0.000043 -0.000000 )
(  0.000000 -0.000000  0.001551 -0.000000 -0.000000  0.000000 )
(  0.073987 -0.000000 -0.011554 -0.000000 -0.000043 -0.000000 )
(  0.073987 -0.000000  0.011554 -0.000000 -0.000043  0.000000 )
(  0.073987 -0.000000 -0.011554  0.000000  0.000043 -0.000000 )
(  0.073987 -0.000000  0.011554  0.000000  0.000043  0.000000 )
     freq ( 103) =       8.643816 [THz] =     288.326668 [cm-1]
(  0.000000  0.000000  0.000136  0.000000  0.000000 -0.000000 )
( -0.000000 -0.000000  0.000136  0.000000 -0.000000  0.000000 )
(  0.005684 -0.000000 -0.000000 -0.000000  0.000000 -0.000000 )
(  0.005684 -0.000000  0.000000  0.000000  0.000000 -0.000000 )
( -0.000000  0.000000  0.215943  0.000000 -0.000000  0.000000 )
( -0.000000  0.000000  0.215943 -0.000000 -0.000000  0.000000 )
(  0.000000 -0.000000  0.114566  0.000000  0.000000 -0.000000 )
( -0.000000 -0.000000  0.169509 -0.000000  0.000000 -0.000000 )
(  0.000000 -0.000000  0.169509  0.000000  0.000000 -0.000000 )
(  0.000000  0.000000  0.114566 -0.000000 -0.000000  0.000000 )
( -0.000000  0.000000  0.169509  0.000000  0.000000  0.000000 )
( -0.000000 -0.000000  0.215943 -0.000000 -0.000000 -0.000000 )
(  0.000000 -0.000000 -0.546488  0.000000  0.000000 -0.000000 )
( -0.000000 -0.000000  0.215943 -0.000000  0.000000 -0.000000 )
( -0.000000  0.000000  0.169509 -0.000000 -0.000000  0.000000 )
( -0.000000  0.000000 -0.546488  0.000000  0.000000  0.000000 )
(  0.000000  0.000000  0.005644 -0.000000  0.000000 -0.000000 )
(  0.000000 -0.000000  0.014493  0.000000 -0.087585  0.000000 )
( -0.000000 -0.000000  0.014493 -0.000000  0.087585 -0.000000 )
( -0.000000  0.000000  0.025588 -0.000000  0.081492 -0.000000 )
(  0.000000 -0.000000  0.025588 -0.000000 -0.081492 -0.000000 )
( -0.000000 -0.000000  0.004273 -0.000000 -0.000000 -0.000000 )
( -0.000000 -0.000000  0.025588 -0.000000 -0.081492  0.000000 )
( -0.000000  0.000000  0.025588 -0.000000  0.081492  0.000000 )
( -0.000000  0.000000  0.014493  0.000000  0.087585 -0.000000 )
(  0.000000  0.000000  0.014493 -0.000000 -0.087585  0.000000 )
(  0.000000 -0.000000  0.000000  0.000000 -0.000000 -0.000000 )
( -0.036327  0.000000 -0.012704 -0.000000  0.017031 -0.000000 )
(  0.036327 -0.000000 -0.012704 -0.000000 -0.017031  0.000000 )
( -0.036327  0.000000 -0.012704 -0.000000 -0.017031  0.000000 )
(  0.036327 -0.000000 -0.012704  0.000000  0.017031  0.000000 )
(  0.000000 -0.000000  0.000000  0.000000  0.000000  0.000000 )
(  0.036327 -0.000000 -0.012704 -0.000000  0.017031 -0.000000 )
( -0.036327  0.000000 -0.012704  0.000000 -0.017031 -0.000000 )
(  0.036327 -0.000000 -0.012704 -0.000000 -0.017031  0.000000 )
( -0.036327  0.000000 -0.012704 -0.000000  0.017031 -0.000000 )
     freq ( 104) =       8.766389 [THz] =     292.415276 [cm-1]
( -0.002604  0.000000 -0.000000  0.000000 -0.000000 -0.000000 )
(  0.002604 -0.000000  0.000000  0.000000  0.000000  0.000000 )
(  0.000000 -0.000000 -0.000000 -0.000000  0.000000  0.000000 )
(  0.000000 -0.000000  0.000000  0.000000  0.000000  0.000000 )
( -0.000000  0.000000 -0.281093  0.000000 -0.000000 -0.000000 )
( -0.000000  0.000000 -0.281093 -0.000000  0.000000  0.000000 )
( -0.000000 -0.000000 -0.549484  0.000000  0.000000 -0.000000 )
( -0.000000  0.000000 -0.031047 -0.000000  0.000000  0.000000 )
( -0.000000 -0.000000 -0.031047  0.000000  0.000000 -0.000000 )
(  0.000000 -0.000000  0.549484 -0.000000 -0.000000 -0.000000 )
( -0.000000  0.000000  0.031047  0.000000 -0.000000  0.000000 )
( -0.000000  0.000000  0.281093  0.000000  0.000000  0.000000 )
( -0.000000  0.000000 -0.000000 -0.000000  0.000000  0.000000 )
( -0.000000  0.000000  0.281093 -0.000000 -0.000000 -0.000000 )
(  0.000000 -0.000000  0.031047 -0.000000  0.000000 -0.000000 )
(  0.000000 -0.000000  0.000000  0.000000 -0.000000  0.000000 )
( -0.000000 -0.000000  0.000000 -0.000000  0.000000  0.000000 )
(  0.051332 -0.000000  0.000000  0.000000 -0.000000 -0.000000 )
(  0.051332  0.000000 -0.000000 -0.000000 -0.000000 -0.000000 )
( -0.005395  0.000000  0.000000  0.000000 -0.000000 -0.000000 )
( -0.005395 -0.000000 -0.000000 -0.000000 -0.000000 -0.000000 )
(  0.000000  0.000000  0.000000 -0.000000 -0.000000 -0.000000 )
(  0.005395 -0.000000  0.000000  0.000000  0.000000  0.000000 )
(  0.005395  0.000000 -0.000000 -0.000000  0.000000  0.000000 )
( -0.051332  0.000000  0.000000  0.000000  0.000000  0.000000 )
( -0.051332 -0.000000 -0.000000 -0.000000  0.000000  0.000000 )
( -0.000000  0.000000 -0.004924  0.000000 -0.000000  0.000000 )
(  0.023448 -0.000000  0.035690 -0.000000 -0.079780 -0.000000 )
(  0.023448 -0.000000 -0.035690  0.000000 -0.079780 -0.000000 )
( -0.023448 -0.000000 -0.035690 -0.000000 -0.079780  0.000000 )
( -0.023448 -0.000000  0.035690  0.000000 -0.079780  0.000000 )
( -0.000000  0.000000  0.004924  0.000000 -0.000000 -0.000000 )
(  0.023448  0.000000 -0.035690 -0.000000  0.079780 -0.000000 )
(  0.023448  0.000000  0.035690  0.000000  0.079780 -0.000000 )
( -0.023448  0.000000  0.035690 -0.000000  0.079780  0.000000 )
( -0.023448  0.000000 -0.035690  0.000000  0.079780  0.000000 )
     freq ( 105) =       8.778724 [THz] =     292.826711 [cm-1]
( -0.000000  0.000000 -0.000000 -0.000000  0.000180 -0.000000 )
(  0.000000 -0.000000 -0.000000 -0.000000 -0.000180  0.000000 )
(  0.000000 -0.000000  0.004728  0.000000  0.000000 -0.000000 )
(  0.000000 -0.000000 -0.004728 -0.000000  0.000000 -0.000000 )
(  0.000000  0.000000 -0.141691  0.000000 -0.000000 -0.000000 )
(  0.000000 -0.000000  0.141691  0.000000  0.000000 -0.000000 )
(  0.000000  0.000000 -0.000000  0.000000  0.000000 -0.000000 )
( -0.000000  0.000000  0.297170  0.000000 -0.000000 -0.000000 )
( -0.000000 -0.000000 -0.297170 -0.000000  0.000000  0.000000 )
(  0.000000  0.000000 -0.000000 -0.000000 -0.000000 -0.000000 )
(  0.000000  0.000000 -0.297170 -0.000000 -0.000000 -0.000000 )
( -0.000000 -0.000000 -0.141691 -0.000000  0.000000 -0.000000 )
(  0.000000  0.000000  0.472960  0.000000 -0.000000 -0.000000 )
(  0.000000  0.000000  0.141691 -0.000000  0.000000 -0.000000 )
(  0.000000 -0.000000  0.297170 -0.000000 -0.000000  0.000000 )
( -0.000000 -0.000000 -0.472960  0.000000  0.000000 -0.000000 )
( -0.000000  0.000000  0.000000 -0.000000 -0.000000  0.000000 )
(  0.000000 -0.000000 -0.037211 -0.000000  0.077612  0.000000 )
(  0.000000 -0.000000  0.037211  0.000000  0.077612 -0.000000 )
(  0.000000  0.000000 -0.017303  0.000000  0.098750 -0.000000 )
( -0.000000  0.000000  0.017303  0.000000  0.098750  0.000000 )
( -0.000000 -0.000000 -0.000000 -0.000000  0.000000  0.000000 )
(  0.000000 -0.000000 -0.017303  0.000000 -0.098750  0.000000 )
(  0.000000 -0.000000  0.017303  0.000000 -0.098750 -0.000000 )
( -0.000000  0.000000 -0.037211 -0.000000 -0.077612 -0.000000 )
( -0.000000  0.000000  0.037211  0.000000 -0.077612  0.000000 )
(  0.000000  0.000000 -0.007591  0.000000  0.000000 -0.000000 )
(  0.017520 -0.000000  0.071083 -0.000000  0.027835  0.000000 )
(  0.017520 -0.000000 -0.071083  0.000000  0.027835  0.000000 )
(  0.017520  0.000000  0.071083  0.000000 -0.027835  0.000000 )
(  0.017520  0.000000 -0.071083 -0.000000 -0.027835  0.000000 )
(  0.000000  0.000000 -0.007591 -0.000000  0.000000 -0.000000 )
( -0.017520 -0.000000  0.071083  0.000000  0.027835 -0.000000 )
( -0.017520 -0.000000 -0.071083 -0.000000  0.027835 -0.000000 )
( -0.017520  0.000000  0.071083 -0.000000 -0.027835 -0.000000 )
( -0.017520  0.000000 -0.071083  0.000000 -0.027835 -0.000000 )
     freq ( 106) =       8.956346 [THz] =     298.751542 [cm-1]
(  0.000000 -0.000000  0.002602 -0.000000 -0.000000 -0.000000 )
( -0.000000  0.000000  0.002602 -0.000000  0.000000  0.000000 )
(  0.003568  0.000000 -0.000000 -0.000000  0.000000  0.000000 )
(  0.003568  0.000000  0.000000  0.000000  0.000000  0.000000 )
( -0.000000  0.000000 -0.120813  0.000000 -0.000000 -0.000000 )
(  0.000000 -0.000000 -0.120813 -0.000000  0.000000 -0.000000 )
( -0.000000  0.000000 -0.521358 -0.000000  0.000000  0.000000 )
( -0.000000  0.000000  0.266878 -0.000000  0.000000  0.000000 )
( -0.000000  0.000000  0.266878  0.000000 -0.000000  0.000000 )
( -0.000000 -0.000000 -0.521358  0.000000  0.000000 -0.000000 )
(  0.000000 -0.000000  0.266878  0.000000 -0.000000 -0.000000 )
(  0.000000  0.000000 -0.120813  0.000000 -0.000000  0.000000 )
(  0.000000  0.000000 -0.045750 -0.000000  0.000000 -0.000000 )
( -0.000000 -0.000000 -0.120813  0.000000 -0.000000  0.000000 )
( -0.000000 -0.000000  0.266878  0.000000  0.000000 -0.000000 )
(  0.000000 -0.000000 -0.045750 -0.000000  0.000000  0.000000 )
( -0.000000  0.000000  0.002100  0.000000  0.000000 -0.000000 )
(  0.000000 -0.000000  0.049842  0.000000  0.012225 -0.000000 )
( -0.000000  0.000000  0.049842  0.000000 -0.012225 -0.000000 )
(  0.000000 -0.000000 -0.078181  0.000000  0.038579 -0.000000 )
( -0.000000 -0.000000 -0.078181 -0.000000 -0.038579 -0.000000 )
(  0.000000 -0.000000 -0.003437  0.000000  0.000000 -0.000000 )
( -0.000000  0.000000 -0.078181  0.000000 -0.038579  0.000000 )
(  0.000000  0.000000 -0.078181 -0.000000  0.038579  0.000000 )
( -0.000000  0.000000  0.049842  0.000000 -0.012225  0.000000 )
(  0.000000 -0.000000  0.049842  0.000000  0.012225  0.000000 )
( -0.000000  0.000000  0.000000  0.000000  0.000000  0.000000 )
( -0.014349 -0.000000  0.026079 -0.000000 -0.087198 -0.000000 )
(  0.014349 -0.000000  0.026079  0.000000  0.087198 -0.000000 )
( -0.014349 -0.000000  0.026079 -0.000000  0.087198  0.000000 )
(  0.014349  0.000000  0.026079  0.000000 -0.087198 -0.000000 )
( -0.000000  0.000000  0.000000  0.000000 -0.000000 -0.000000 )
(  0.014349  0.000000  0.026079 -0.000000 -0.087198 -0.000000 )
( -0.014349 -0.000000  0.026079  0.000000  0.087198  0.000000 )
(  0.014349  0.000000  0.026079 -0.000000  0.087198  0.000000 )
( -0.014349  0.000000  0.026079  0.000000 -0.087198  0.000000 )
     freq ( 107) =       9.047256 [THz] =     301.783964 [cm-1]
( -0.000000  0.000000 -0.000000  0.000000 -0.000000  0.000000 )
(  0.000000 -0.000000 -0.000000  0.000000  0.000000 -0.000000 )
( -0.000000  0.000000 -0.000000  0.000000 -0.000346 -0.000000 )
( -0.000000  0.000000 -0.000000 -0.000000 -0.000346 -0.000000 )
(  0.000000 -0.000000 -0.246897 -0.000000  0.000000  0.000000 )
( -0.000000 -0.000000  0.246897  0.000000 -0.000000 -0.000000 )
(  0.000000 -0.000000 -0.000000  0.000000 -0.000000  0.000000 )
( -0.000000  0.000000  0.414229  0.000000  0.000000  0.000000 )
(  0.000000  0.000000 -0.414229  0.000000 -0.000000  0.000000 )
(  0.000000  0.000000  0.000000 -0.000000 -0.000000 -0.000000 )
(  0.000000 -0.000000  0.414229 -0.000000 -0.000000 -0.000000 )
( -0.000000  0.000000  0.246897  0.000000 -0.000000  0.000000 )
( -0.000000 -0.000000  0.000000  0.000000  0.000000 -0.000000 )
(  0.000000  0.000000 -0.246897  0.000000 -0.000000 -0.000000 )
(  0.000000 -0.000000 -0.414229 -0.000000 -0.000000 -0.000000 )
(  0.000000  0.000000  0.000000 -0.000000  0.000000  0.000000 )
(  0.000000 -0.000000 -0.000000 -0.000000  0.000000  0.000000 )
(  0.042329  0.000000 -0.000000  0.000000 -0.000000  0.000000 )
( -0.042329 -0.000000 -0.000000 -0.000000 -0.000000  0.000000 )
(  0.078291  0.000000  0.000000  0.000000 -0.000000  0.000000 )
( -0.078291  0.000000  0.000000  0.000000  0.000000  0.000000 )
(  0.000000  0.000000  0.000000  0.000000 -0.000000  0.000000 )
( -0.078291 -0.000000  0.000000  0.000000  0.000000 -0.000000 )
(  0.078291 -0.000000  0.000000  0.000000 -0.000000 -0.000000 )
( -0.042329 -0.000000 -0.000000  0.000000  0.000000 -0.000000 )
(  0.042329  0.000000 -0.000000 -0.000000  0.000000 -0.000000 )
( -0.000000  0.000000 -0.000000 -0.000000 -0.000000  0.000000 )
( -0.062574  0.000000 -0.027144 -0.000000 -0.010734  0.000000 )
(  0.062574  0.000000 -0.027144 -0.000000  0.010734  0.000000 )
(  0.062574 -0.000000  0.027144  0.000000 -0.010734 -0.000000 )
( -0.062574 -0.000000  0.027144  0.000000  0.010734  0.000000 )
( -0.000000 -0.000000  0.000000 -0.000000  0.000000  0.000000 )
( -0.062574  0.000000  0.027144  0.000000  0.010734  0.000000 )
(  0.062574  0.000000  0.027144  0.000000 -0.010734 -0.000000 )
(  0.062574 -0.000000 -0.027144 -0.000000  0.010734 -0.000000 )
( -0.062574 -0.000000 -0.027144 -0.000000 -0.010734 -0.000000 )
     freq ( 108) =       9.139377 [THz] =     304.856793 [cm-1]
( -0.002600  0.000000 -0.000000 -0.000000 -0.000000  0.000000 )
(  0.002600 -0.000000 -0.000000 -0.000000 -0.000000 -0.000000 )
( -0.000000  0.000000  0.000000 -0.000000  0.000000  0.000000 )
( -0.000000  0.000000 -0.000000  0.000000  0.000000  0.000000 )
( -0.000000 -0.000000  0.222426  0.000000  0.000000  0.000000 )
(  0.000000  0.000000  0.222426 -0.000000 -0.000000  0.000000 )
(  0.000000  0.000000 -0.180618  0.000000  0.000000  0.000000 )
(  0.000000  0.000000 -0.410356  0.000000  0.000000 -0.000000 )
(  0.000000 -0.000000 -0.410356  0.000000  0.000000  0.000000 )
( -0.000000  0.000000  0.180618 -0.000000  0.000000  0.000000 )
(  0.000000  0.000000  0.410356 -0.000000  0.000000 -0.000000 )
( -0.000000  0.000000 -0.222426 -0.000000 -0.000000  0.000000 )
( -0.000000 -0.000000  0.000000  0.000000  0.000000  0.000000 )
( -0.000000 -0.000000 -0.222426  0.000000 -0.000000  0.000000 )
( -0.000000 -0.000000  0.410356  0.000000 -0.000000  0.000000 )
(  0.000000  0.000000 -0.000000 -0.000000  0.000000  0.000000 )
(  0.000000  0.000000 -0.000000  0.000000  0.000000 -0.000000 )
( -0.042084 -0.000000 -0.000000  0.000000  0.000000  0.000000 )
( -0.042084  0.000000 -0.000000  0.000000  0.000000  0.000000 )
( -0.076815 -0.000000  0.000000 -0.000000 -0.000000  0.000000 )
( -0.076815  0.000000  0.000000 -0.000000  0.000000 -0.000000 )
(  0.000000 -0.000000  0.000000 -0.000000 -0.000000  0.000000 )
(  0.076815  0.000000  0.000000 -0.000000 -0.000000 -0.000000 )
(  0.076815 -0.000000  0.000000 -0.000000 -0.000000  0.000000 )
(  0.042084  0.000000 -0.000000  0.000000 -0.000000 -0.000000 )
(  0.042084 -0.000000 -0.000000  0.000000 -0.000000 -0.000000 )
( -0.000000 -0.000000  0.000742 -0.000000 -0.000000 -0.000000 )
( -0.056248  0.000000 -0.003397  0.000000 -0.029978  0.000000 )
( -0.056248  0.000000  0.003397  0.000000 -0.029978  0.000000 )
(  0.056248 -0.000000  0.003397 -0.000000 -0.029978  0.000000 )
(  0.056248  0.000000 -0.003397 -0.000000 -0.029978 -0.000000 )
( -0.000000 -0.000000 -0.000742 -0.000000  0.000000  0.000000 )
( -0.056248  0.000000  0.003397 -0.000000  0.029978 -0.000000 )
( -0.056248 -0.000000 -0.003397 -0.000000  0.029978  0.000000 )
(  0.056248 -0.000000 -0.003397  0.000000  0.029978 -0.000000 )
(  0.056248 -0.000000  0.003397  0.000000  0.029978 -0.000000 )
 **************************************************************************
