288  
34   

1    
  0.0025492580064134   0.0039394363668069   0.0088307488203785
  -0.0078249200   -0.0022042200   -0.0291880800
  -0.0004295100    0.0059290900    0.0009080800
  -0.0004379400    0.0059405600    0.0008884300
  -0.0004261000    0.0059305200    0.0008994400
  -0.0004155400    0.0059490800    0.0008983000
  -0.0004209500    0.0059383700    0.0008937900
  -0.0004312700    0.0059266000    0.0009083400
  -0.0004265200    0.0059387900    0.0009028900
   0.0004159700   -0.0059140000   -0.0009257800
   0.0004215700   -0.0059334100   -0.0008926900
   0.0004719500   -0.0059136200   -0.0009033000
   0.0005689900   -0.0059856800   -0.0010051100
   0.0005724600   -0.0059820100   -0.0010029300
   0.0004184500   -0.0059400800   -0.0008914500
   0.0004212600   -0.0059382700   -0.0008923800
   0.0004168900   -0.0059158000   -0.0009118900
   0.0003304700    0.0002507900    0.0001234700
   0.0000416400    0.0002883700   -0.0002950300
   0.0003340000    0.0002317000    0.0001444000
   0.0000487600    0.0002767900   -0.0003065500
   0.0000451100    0.0002749300   -0.0003127200
   0.0000495600    0.0002764100   -0.0002982300
   0.0000529700    0.0002876900   -0.0002925600
   0.0000501900    0.0002860600   -0.0003135400
  -0.0000474100   -0.0002703900    0.0003271700
  -0.0003178800   -0.0003215300    0.0005880700
  -0.0000516400   -0.0003015600    0.0003057400
  -0.0000518800   -0.0002924300    0.0003214700
  -0.0003193800   -0.0003401200    0.0006038900
  -0.0000535100   -0.0002867000    0.0003109600
  -0.0000543700   -0.0002819700    0.0003074200
  -0.0000571600   -0.0002923200    0.0003216500
  -0.0006092700    0.0023242800    0.0005851600
  -0.0005625500    0.0016627800    0.0003136200
  -0.0007814900    0.0026256300    0.0005686200
  -0.0007105800    0.0022456900    0.0005715100
  -0.0006834500    0.0022504900    0.0005189400
  -0.0005701300    0.0022950100    0.0005440900
  -0.0007123600    0.0022323900    0.0005098600
  -0.0006707200    0.0022394400    0.0005187400
  -0.0010698000    0.0002540500    0.0017022700
  -0.0010765400    0.0002406600    0.0016588100
  -0.0010807500    0.0003121900    0.0016476600
  -0.0010530300    0.0002319400    0.0016303700
  -0.0011505000    0.0001579700    0.0015646200
  -0.0007484000   -0.0000197600    0.0016309700
  -0.0011607000    0.0004449500    0.0015206200
  -0.0010737700    0.0002384600    0.0016649700
   0.0005685200   -0.0017515900   -0.0015331500
   0.0005822200   -0.0016319200   -0.0013369200
   0.0005617500   -0.0016308300   -0.0013420800
   0.0005814300   -0.0017105900   -0.0013947800
   0.0004500000   -0.0016408900   -0.0013377300
   0.0005760500   -0.0015804100   -0.0013049400
   0.0004820100   -0.0015814800   -0.0014104800
   0.0005280200   -0.0016504300   -0.0014126700
  -0.0019773100   -0.0008310100    0.0006600800
  -0.0017848000   -0.0008691400    0.0007661200
  -0.0018617500   -0.0008792700    0.0007684400
  -0.0017791300   -0.0008374900    0.0007862600
  -0.0021872100   -0.0013521200    0.0006326400
  -0.0017851700   -0.0009254700    0.0006835500
  -0.0018515500   -0.0008473700    0.0007630400
  -0.0019434100   -0.0008483600    0.0007624000
  -0.0008875900   -0.0005012000   -0.0022767500
  -0.0007677000    0.0002281900   -0.0021220900
  -0.0008984500    0.0002158400   -0.0020985200
  -0.0007864000    0.0002137700   -0.0021125500
  -0.0007303400    0.0002410500   -0.0020045900
  -0.0008691600    0.0001929800   -0.0020196700
  -0.0008090900    0.0001857600   -0.0020593100
  -0.0007856300    0.0001733000   -0.0020236300
  -0.0006836800    0.0011952300    0.0012046700
  -0.0006007300    0.0015618600    0.0013972200
  -0.0005551200    0.0016084300    0.0014230900
  -0.0005267700    0.0015774800    0.0013816400
  -0.0007555000    0.0012043900    0.0014065200
  -0.0005491800    0.0015576800    0.0014240400
  -0.0005085600    0.0016125700    0.0013785500
  -0.0005571900    0.0015746100    0.0012983000
   0.0018233100    0.0002799800   -0.0009557800
   0.0018378800    0.0009034500   -0.0007646400
   0.0019003000    0.0008616800   -0.0007315000
   0.0016471500    0.0011834700   -0.0008028800
   0.0018919400    0.0008860000   -0.0007688000
   0.0019382900    0.0008571900   -0.0007690700
   0.0018775000    0.0008487600   -0.0007431200
   0.0018069700    0.0008183600   -0.0007493600
   0.0010700500   -0.0001848000   -0.0016241200
   0.0009501700   -0.0009361700   -0.0019243700
   0.0010384100   -0.0002281600   -0.0016693800
   0.0010569500   -0.0002248900   -0.0016548800
   0.0011853000   -0.0002567900   -0.0016851300
   0.0010205500   -0.0002064100   -0.0014790500
   0.0011380200   -0.0002523200   -0.0016700300
   0.0010697800   -0.0002581900   -0.0016788500
  -0.0013333500    0.0007904400   -0.0011315100
  -0.0013286300    0.0009330800   -0.0010061800
  -0.0013559800    0.0015790700   -0.0005539500
  -0.0013474500    0.0015939000   -0.0004158800
  -0.0014161500    0.0015930400   -0.0003537600
  -0.0013934500    0.0015907000   -0.0006025700
  -0.0013713300    0.0015742100   -0.0004881700
  -0.0013845100    0.0015711800   -0.0005210700
   0.0006441200   -0.0022552800   -0.0004902100
   0.0006426800   -0.0022443400   -0.0005530400
   0.0001337100   -0.0028529900   -0.0007214000
   0.0006623000   -0.0023175200   -0.0006195000
   0.0006049800   -0.0022704200   -0.0005527400
   0.0006913000   -0.0022115000   -0.0005375800
   0.0006216700   -0.0021556200   -0.0006436300
   0.0006080000   -0.0022581300   -0.0005371300
   0.0008308000   -0.0000511700    0.0019562600
   0.0007623800   -0.0002065000    0.0020687800
   0.0007238800   -0.0002836400    0.0019677100
   0.0010375200   -0.0004103500    0.0020354700
   0.0007325300   -0.0001656900    0.0020734000
   0.0008040000   -0.0002111800    0.0020949200
   0.0007930900   -0.0001710800    0.0020220600
   0.0009061600   -0.0002024100    0.0020942200
   0.0014070800   -0.0010262800    0.0003093500
   0.0013731400   -0.0015775900    0.0004484900
   0.0013877300   -0.0015051600    0.0006173800
   0.0013015700   -0.0015350200    0.0005992500
   0.0014035800   -0.0015373900    0.0005348600
   0.0013605000   -0.0015179300    0.0005761100
   0.0013940500   -0.0011170200    0.0002928800
   0.0013728300   -0.0015956200    0.0005318700
   0.0000080600   -0.0000043700    0.0000045500
   0.0000170400   -0.0000136300   -0.0000570100
  -0.0001115100    0.0009083700   -0.0003478700
  -0.0000044800   -0.0000168600    0.0000168400
  -0.0000149700    0.0000015500    0.0000090200
   0.0000102700   -0.0000043600   -0.0000111300
   0.0000476100   -0.0000240800   -0.0000510800
  -0.0000266200   -0.0000047800   -0.0000618600
  -0.0007917500   -0.0073131300    0.0041697000
  -0.0007696600   -0.0072799900    0.0042725300
  -0.0008296500   -0.0071866700    0.0041609600
  -0.0007875200   -0.0072176000    0.0042562500
  -0.0007811100   -0.0071427500    0.0042442300
  -0.0007866100   -0.0072598900    0.0041515400
  -0.0007793500   -0.0071589600    0.0042192300
  -0.0007968900   -0.0071956300    0.0042170900
  -0.0003654200   -0.0067098700   -0.0033207500
  -0.0003519300   -0.0067625700   -0.0032698700
  -0.0003875600   -0.0068994400   -0.0032793600
  -0.0003603900   -0.0067984900   -0.0032683500
  -0.0003560000   -0.0067564000   -0.0032589300
  -0.0003580800   -0.0068320400   -0.0032837200
  -0.0003475000   -0.0066991600   -0.0032213700
  -0.0003569300   -0.0067942900   -0.0032558400
  -0.0002682200    0.0008235000    0.0016222700
  -0.0002536100    0.0008851500    0.0015526000
  -0.0002696300    0.0008340700    0.0015613300
  -0.0002392500    0.0007879000    0.0015127400
  -0.0003207800    0.0007675800    0.0014610200
  -0.0002615200    0.0008420600    0.0015544000
  -0.0002748400    0.0008881400    0.0014321800
  -0.0002491400    0.0007881500    0.0015759800
   0.0005413600    0.0012149600    0.0007493800
   0.0005557500    0.0011231000    0.0005190100
   0.0005633100    0.0011884100    0.0006285200
   0.0005140400    0.0013572800    0.0005912700
   0.0005538500    0.0012685800    0.0006302200
   0.0005323800    0.0011748200    0.0006221500
   0.0005493300    0.0012571800    0.0006829300
   0.0005484200    0.0012798100    0.0006760900
  -0.0001092300    0.0010194700   -0.0004550600
   0.0000041800   -0.0000048800    0.0000573700
   0.0000100000   -0.0000109300    0.0000862100
  -0.0000120700   -0.0000041200   -0.0000650200
   0.0001250800   -0.0000049200   -0.0000080100
  -0.0000193700   -0.0000117200    0.0000990300
   0.0000124500   -0.0000061200   -0.0000113100
  -0.0000263300   -0.0000098600   -0.0000974000
  -0.0008262600   -0.0048499000    0.0034563800
  -0.0005433900   -0.0013241600   -0.0006510900
  -0.0005235400   -0.0012591700   -0.0006520800
  -0.0005694200   -0.0013011200   -0.0006525500
  -0.0005255200   -0.0013099600   -0.0006758400
  -0.0005912000   -0.0012807100   -0.0006628200
  -0.0005645300   -0.0012669000   -0.0006730400
  -0.0005369500   -0.0012244800   -0.0006327700
  -0.0000268400    0.0048514900    0.0068227000
   0.0002658100   -0.0008295900   -0.0015356400
   0.0002895700   -0.0007613900   -0.0015639600
   0.0002781600   -0.0009083800   -0.0015747000
   0.0002573700   -0.0008486700   -0.0015658400
   0.0002223400   -0.0007376300   -0.0015747800
   0.0002592400   -0.0008190900   -0.0015163200
   0.0002610400   -0.0008408400   -0.0015306200
   0.0003462300    0.0068134100    0.0033126100
   0.0001001400    0.0125174400    0.0116411100
   0.0003584800    0.0067610700    0.0032273900
   0.0003549200    0.0067947800    0.0033096300
   0.0003500400    0.0067263800    0.0032871700
   0.0003402500    0.0068072400    0.0031977500
   0.0003594900    0.0067297700    0.0032521600
   0.0003423500    0.0067772100    0.0032639100
   0.0007715900    0.0071415700   -0.0042081500
   0.0007867300    0.0071881700   -0.0042445900
   0.0008215500    0.0072469500   -0.0042027200
   0.0007575600    0.0072085100   -0.0042304100
   0.0007994900    0.0071732000   -0.0042108300
   0.0007502600    0.0072025100   -0.0042299800
   0.0005126100    0.0032878200    0.0000650500
   0.0007830800    0.0072183400   -0.0042085700
   0.0000716900   -0.0000019300    0.0001151900
  -0.0001026500   -0.0000312800    0.0000420400
  -0.0000124400   -0.0000051100    0.0000815400
  -0.0000082000   -0.0000032800    0.0000110000
  -0.0000673700   -0.0000007100   -0.0000429500
   0.0000087300   -0.0000119600    0.0000050000
   0.0000245400   -0.0000175600    0.0000542800
   0.0000306100   -0.0000094100    0.0000176400
  -0.0017688800   -0.0043378600    0.0004785700
   0.0018527300   -0.0064691200   -0.0005219200
   0.0018841500   -0.0064832400   -0.0005214100
   0.0018443800   -0.0064289900   -0.0005186500
   0.0018402300   -0.0064888700   -0.0005179400
   0.0018732400   -0.0064696400   -0.0004868100
   0.0018643200   -0.0065240700   -0.0005408500
   0.0018824700   -0.0065093400   -0.0005668100
  -0.0027719500   -0.0056754100    0.0001709000
  -0.0026787800   -0.0054856700    0.0011907000
  -0.0027033400   -0.0055163700    0.0011984600
  -0.0027203800   -0.0054949700    0.0012006300
  -0.0026803700   -0.0055794800    0.0012895200
  -0.0027203300   -0.0055243200    0.0012416900
  -0.0027035300   -0.0054982600    0.0012134100
  -0.0027284000   -0.0054870400    0.0011764300
  -0.0021309400    0.0054230900    0.0005072000
  -0.0022132500    0.0054296100    0.0005302700
  -0.0022130700    0.0054174100    0.0005236700
  -0.0021678400    0.0054471100    0.0004891200
  -0.0021895400    0.0052040900   -0.0005658200
  -0.0022105900    0.0054218200    0.0004949200
  -0.0021743200    0.0054454900    0.0004856200
  -0.0022024800    0.0055055900    0.0004875900
   0.0020494000    0.0067880500    0.0010867000
   0.0019725000    0.0067995700    0.0010787400
   0.0020143500    0.0068111700    0.0010654100
  -0.0015855300    0.0089195000    0.0021234500
   0.0019799800    0.0067916500    0.0010539600
   0.0019973000    0.0068272500    0.0010529500
   0.0019494300    0.0067652000    0.0010651600
   0.0020231900    0.0067668400    0.0011033900
   0.0000575500    0.0000041100    0.0000389400
   0.0000071900   -0.0000111300   -0.0000222000
   0.0000882000   -0.0000366300    0.0001447800
  -0.0001343600   -0.0000029300    0.0000689100
  -0.0000373500   -0.0000091200   -0.0000052800
  -0.0000203000   -0.0000136900    0.0000159800
  -0.0000687700   -0.0000052600    0.0000390700
  -0.0000042300   -0.0000067100   -0.0000461800
   0.0042375200   -0.0022702400    0.0017250200
  -0.0020093500   -0.0067515400   -0.0010326300
  -0.0020216200   -0.0067629600   -0.0010134800
  -0.0019897200   -0.0067859700   -0.0010561000
  -0.0019761000   -0.0067190200   -0.0010539000
  -0.0020298200   -0.0067525900   -0.0010534200
  -0.0019949000   -0.0067763200   -0.0010795400
  -0.0020035600   -0.0068217200   -0.0010720900
   0.0047812200   -0.0079404200    0.0002225600
   0.0021522700   -0.0054632300   -0.0004929400
   0.0021760600   -0.0054622800   -0.0004612300
   0.0021712300   -0.0054856000   -0.0004309200
   0.0021611600   -0.0054570200   -0.0005046500
   0.0021775900   -0.0054983700   -0.0004986500
   0.0021601400   -0.0054410700   -0.0005046400
   0.0022116900   -0.0054506800   -0.0004877500
   0.0026810700    0.0054776500   -0.0011742000
   0.0027154700    0.0054779300   -0.0011790900
   0.0027270300    0.0054879800   -0.0012053100
   0.0052257300    0.0029424800   -0.0005145600
   0.0026899400    0.0054904100   -0.0012063900
   0.0027344400    0.0054548500   -0.0011684100
   0.0027043900    0.0055305200   -0.0012075500
   0.0027345200    0.0055343700   -0.0012480200
  -0.0018899200    0.0064784200    0.0005724700
  -0.0018387800    0.0064840300    0.0005304600
  -0.0018619100    0.0065124300    0.0005179600
  -0.0018675300    0.0064883900    0.0005257500
   0.0041773400    0.0109307500    0.0033321500
  -0.0018876600    0.0065397300    0.0005497500
  -0.0018336300    0.0064922300    0.0005635600
  -0.0018872300    0.0064639400    0.0005260400

1    
 -0.0025492580064134  -0.0039394363668069  -0.0088307488203785
   0.0046284900    0.0141265200    0.0329330200
  -0.0004098600    0.0059300200    0.0008798600
  -0.0004035600    0.0059368400    0.0009022900
  -0.0004114100    0.0059285700    0.0008941500
  -0.0004257000    0.0059159600    0.0008946200
  -0.0004187000    0.0059330000    0.0008950800
  -0.0004142600    0.0059414000    0.0008873800
  -0.0004120700    0.0059342600    0.0008881300
   0.0004435500   -0.0059612200   -0.0008762800
   0.0004360400   -0.0059253300   -0.0009134100
   0.0004347500   -0.0059329200   -0.0009168100
   0.0002919500   -0.0058782700   -0.0007958000
   0.0002840300   -0.0058802800   -0.0007983500
   0.0004357500   -0.0059327600   -0.0009169100
   0.0004345400   -0.0059248700   -0.0009140800
   0.0004406400   -0.0059580000   -0.0008902700
  -0.0002283100    0.0003377400   -0.0007624900
   0.0000682200    0.0002776500   -0.0003248200
  -0.0002191800    0.0003352600   -0.0007486600
   0.0000639100    0.0002779000   -0.0003256500
   0.0000625100    0.0002844600   -0.0003192800
   0.0000623200    0.0002917300   -0.0003201300
   0.0000575800    0.0002873700   -0.0003188900
   0.0000602400    0.0002927600   -0.0003200700
  -0.0000458700   -0.0002965700    0.0002907900
   0.0002279800   -0.0002315400    0.0000087100
  -0.0000410800   -0.0002798100    0.0002958800
  -0.0000418300   -0.0002775200    0.0002955100
   0.0002195500   -0.0002342300    0.0000175400
  -0.0000431300   -0.0002971500    0.0002915200
  -0.0000414900   -0.0002771300    0.0002963800
  -0.0000374700   -0.0002772400    0.0002977100
  -0.0006913600    0.0021510200    0.0004885900
  -0.0007132700    0.0028179600    0.0007833300
  -0.0005201600    0.0018480000    0.0004846100
  -0.0006131000    0.0022280400    0.0005440200
  -0.0006661400    0.0022228600    0.0005423900
  -0.0007075500    0.0021787800    0.0005159700
  -0.0006374300    0.0022407500    0.0005268900
  -0.0006572700    0.0022356200    0.0005386700
  -0.0010995900    0.0002605900    0.0016458600
  -0.0011169200    0.0002722200    0.0016407200
  -0.0010861700    0.0002016500    0.0016548300
  -0.0011313800    0.0002813800    0.0016720600
  -0.0010390200    0.0003561000    0.0017411000
  -0.0014182800    0.0005334400    0.0016871100
  -0.0010791800    0.0000661200    0.0018021800
  -0.0010900700    0.0002739100    0.0016550000
   0.0005445300   -0.0014417100   -0.0012579200
   0.0005046200   -0.0015566100   -0.0013670500
   0.0005655700   -0.0015586800   -0.0013534300
   0.0005151800   -0.0014798200   -0.0013337200
   0.0006191500   -0.0015483000   -0.0014125700
   0.0005501300   -0.0016082700   -0.0013460200
   0.0005932000   -0.0016081000   -0.0013796700
   0.0006194500   -0.0015384300   -0.0013821300
  -0.0017703700   -0.0008758400    0.0008591600
  -0.0018379100   -0.0008362300    0.0007684800
  -0.0018248700   -0.0008251900    0.0007458800
  -0.0018740000   -0.0008663700    0.0007552100
  -0.0014833400   -0.0003549900    0.0009094000
  -0.0019009600   -0.0007811300    0.0008344600
  -0.0018323200   -0.0008588700    0.0007394900
  -0.0017935500   -0.0008572600    0.0007601000
  -0.0007091500    0.0008803000   -0.0018792400
  -0.0008190300    0.0001606600   -0.0020423500
  -0.0007581500    0.0001731800   -0.0020439500
  -0.0007605300    0.0001762200   -0.0020610800
  -0.0008114400    0.0001480400   -0.0021692600
  -0.0008052600    0.0001972600   -0.0021280500
  -0.0007759000    0.0002031700   -0.0020655100
  -0.0008223700    0.0002172900   -0.0021069200
  -0.0004377200    0.0019883300    0.0014867200
  -0.0004694500    0.0016264900    0.0013674500
  -0.0005497800    0.0015807600    0.0013911000
  -0.0005434200    0.0016108400    0.0013330800
  -0.0003319500    0.0019884700    0.0014105300
  -0.0005657300    0.0016303200    0.0013976000
  -0.0005627600    0.0015760000    0.0013746700
  -0.0005482200    0.0016141400    0.0013625500
   0.0018618400    0.0014155600   -0.0005771100
   0.0018658600    0.0007985400   -0.0007858600
   0.0018839400    0.0008430200   -0.0007951200
   0.0019790800    0.0005228900   -0.0007751700
   0.0018048100    0.0008186800   -0.0007504600
   0.0018341200    0.0008472200   -0.0007583800
   0.0018515700    0.0008554200   -0.0007587500
   0.0018988000    0.0008869100   -0.0007852500
   0.0011395900   -0.0003274100   -0.0016965400
   0.0012425100    0.0004330300   -0.0013740400
   0.0011445300   -0.0002843700   -0.0016853400
   0.0011305900   -0.0002882500   -0.0016307200
   0.0010806100   -0.0002573900   -0.0016395900
   0.0011413100   -0.0003061900   -0.0018556700
   0.0010965200   -0.0002610300   -0.0016814700
   0.0011259600   -0.0002540300   -0.0016651400
  -0.0014006000    0.0023876200    0.0001086400
  -0.0013858300    0.0022501200   -0.0000599800
  -0.0013790500    0.0016037000   -0.0005250700
  -0.0013930000    0.0015879700   -0.0005760600
  -0.0013055700    0.0015890500   -0.0005966100
  -0.0013503200    0.0015913200   -0.0005230200
  -0.0013531700    0.0016081200   -0.0004907100
  -0.0013599000    0.0016119500   -0.0004890200
   0.0006722800   -0.0022167400   -0.0005687500
   0.0007011500   -0.0022294600   -0.0005511000
   0.0011646500   -0.0016222000   -0.0003727900
   0.0006263200   -0.0021560900   -0.0004884000
   0.0007260000   -0.0022030200   -0.0005400100
   0.0006498000   -0.0022621000   -0.0005428500
   0.0007319200   -0.0023196500   -0.0004394800
   0.0006840200   -0.0022158800   -0.0005397800
   0.0008321900   -0.0003419500    0.0021714700
   0.0008191900   -0.0001836900    0.0020784900
   0.0008845600   -0.0001069800    0.0021634300
   0.0005572600    0.0000185500    0.0021294100
   0.0008262700   -0.0002240900    0.0020601400
   0.0008132000   -0.0001796700    0.0020268900
   0.0007902300   -0.0002198200    0.0020937500
   0.0007780000   -0.0001878100    0.0020529400
   0.0013430600   -0.0021580600    0.0006966700
   0.0013908500   -0.0016055100    0.0004991500
   0.0013584800   -0.0016749400    0.0004242100
   0.0014495300   -0.0016477000    0.0003965000
   0.0013381600   -0.0016474300    0.0004112000
   0.0014012200   -0.0016642100    0.0004245700
   0.0013569400   -0.0020629200    0.0006407400
   0.0013838400   -0.0015862100    0.0005090400
   0.0000034500    0.0000044900   -0.0000098800
   0.0000055500    0.0000134500    0.0000558900
   0.0001347500   -0.0009153000    0.0004132400
   0.0000104300    0.0000156900   -0.0000209900
   0.0000097700   -0.0000016900   -0.0000028700
   0.0000103100    0.0000043600    0.0000127000
  -0.0000488800    0.0000240300    0.0000555100
   0.0000234100    0.0000043800   -0.0000003200
  -0.0007618100   -0.0070906600    0.0042582900
  -0.0007772700   -0.0071496500    0.0041647600
  -0.0007313300   -0.0072194600    0.0042703900
  -0.0007812400   -0.0071932200    0.0042140300
  -0.0007698200   -0.0071977200    0.0042204500
  -0.0007780500   -0.0071785500    0.0042636500
  -0.0007702800   -0.0071948700    0.0042114000
  -0.0007738100   -0.0071993000    0.0042089700
  -0.0003304500   -0.0068272400   -0.0031971400
  -0.0003383300   -0.0067736700   -0.0032779300
  -0.0003209500   -0.0066858400   -0.0032332500
  -0.0003438100   -0.0067747200   -0.0032745700
  -0.0003444800   -0.0067773600   -0.0032807800
  -0.0003270700   -0.0067272600   -0.0032381400
  -0.0003460700   -0.0067905300   -0.0033162400
  -0.0003427000   -0.0067717000   -0.0032740100
  -0.0002520100    0.0007976700    0.0014747400
  -0.0002480400    0.0008384900    0.0015297400
  -0.0002381000    0.0008388500    0.0015170000
  -0.0002525300    0.0009093900    0.0015872800
  -0.0001930000    0.0009469100    0.0016166200
  -0.0002547400    0.0008438600    0.0015234700
  -0.0002388900    0.0007782300    0.0016393800
  -0.0002442700    0.0008246000    0.0015410800
   0.0005595300    0.0013325900    0.0005704100
   0.0005717100    0.0013997600    0.0007854600
   0.0005601700    0.0012648500    0.0006495100
   0.0006103500    0.0012342400    0.0007053900
   0.0005637500    0.0012747300    0.0006779700
   0.0005681600    0.0012587100    0.0006562000
   0.0005633700    0.0012686800    0.0006462800
   0.0005668900    0.0012649700    0.0006533600
   0.0001281000   -0.0010141200    0.0003952800
   0.0000088300    0.0000056800   -0.0000043000
  -0.0000016100    0.0000110100   -0.0000055200
   0.0000212400    0.0000018800    0.0000442100
  -0.0000699500    0.0000053800    0.0000423400
   0.0000348000    0.0000108500    0.0000015800
   0.0000131200    0.0000054000    0.0000047700
   0.0000102100    0.0000088100    0.0000125200
  -0.0002740000    0.0024121100   -0.0048145100
  -0.0005442100   -0.0012665100   -0.0006777400
  -0.0005702500   -0.0012793000   -0.0006807200
  -0.0005093700   -0.0012636500   -0.0006587200
  -0.0005787600   -0.0012707100   -0.0006612100
  -0.0005109600   -0.0012744400   -0.0006706100
  -0.0005349200   -0.0012680400   -0.0006639600
  -0.0005424900   -0.0012583000   -0.0006614300
   0.0005280700   -0.0063883600   -0.0096930100
   0.0002753800   -0.0008258200   -0.0015797600
   0.0002467500   -0.0008252500   -0.0015684200
   0.0002591100   -0.0008175100   -0.0015395700
   0.0002749700   -0.0008263100   -0.0015370000
   0.0002931300   -0.0008292500   -0.0015581500
   0.0002670800   -0.0008416800   -0.0015656300
   0.0002687700   -0.0008375900   -0.0015515000
   0.0003757600    0.0067472500    0.0031980600
   0.0006382100    0.0009221700   -0.0053568500
   0.0003532800    0.0068026000    0.0032765700
   0.0003512800    0.0067721400    0.0032361800
   0.0003729100    0.0067710500    0.0032520500
   0.0003679700    0.0067862300    0.0032929800
   0.0003656900    0.0067800400    0.0032538600
   0.0003606000    0.0067747400    0.0032373600
   0.0008065100    0.0072403600   -0.0042394600
   0.0007977200    0.0071908800   -0.0042284800
   0.0007476400    0.0071815100   -0.0042322100
   0.0008122600    0.0072064200   -0.0042379200
   0.0007745300    0.0072031200   -0.0042538000
   0.0008376100    0.0071969700   -0.0042160800
   0.0010592700    0.0109947800   -0.0084841000
   0.0007919600    0.0071890700   -0.0042463600
  -0.0000744000    0.0000058400   -0.0001745500
   0.0001119200    0.0000284900   -0.0000838500
  -0.0000451400    0.0000045000   -0.0000878400
   0.0000193900    0.0000025500   -0.0000086000
   0.0000819900    0.0000008100   -0.0000295200
   0.0000101700    0.0000121200   -0.0000169900
   0.0000016100    0.0000167900   -0.0000193800
   0.0000137900    0.0000087700   -0.0000061800
   0.0054631100   -0.0086475900   -0.0015528600
   0.0018622700   -0.0065038600   -0.0005645200
   0.0018628100   -0.0064899400   -0.0005508100
   0.0018480700   -0.0065266600   -0.0005771700
   0.0018635300   -0.0064938000   -0.0005527200
   0.0018814200   -0.0064859400   -0.0005621000
   0.0018567100   -0.0064991700   -0.0005325000
   0.0018514800   -0.0064987000   -0.0005411300
  -0.0026849700   -0.0053337500    0.0022695500
  -0.0027052700   -0.0055126500    0.0012134400
  -0.0027026800   -0.0054995600    0.0011962400
  -0.0026929900   -0.0054951800    0.0012036900
  -0.0027285000   -0.0054395000    0.0011577100
  -0.0026883500   -0.0055057700    0.0011761400
  -0.0026901900   -0.0054982200    0.0011924800
  -0.0027102000   -0.0054920300    0.0012119100
  -0.0022242300    0.0054940400    0.0004483200
  -0.0021482200    0.0054568200    0.0004560700
  -0.0021713500    0.0054617500    0.0004772000
  -0.0021782900    0.0054540200    0.0004896900
  -0.0021357500    0.0056686100    0.0015161100
  -0.0021696200    0.0054509900    0.0004897100
  -0.0021679300    0.0054598300    0.0004932100
  -0.0021561300    0.0054393900    0.0004929900
   0.0019670900    0.0067739400    0.0010283600
   0.0020035000    0.0067856600    0.0010636200
   0.0019771800    0.0067715000    0.0010558200
   0.0055944900    0.0046381700    0.0000329800
   0.0019905300    0.0067820000    0.0010635400
   0.0020035800    0.0067835900    0.0010635400
   0.0020181700    0.0067894700    0.0010354000
   0.0020035700    0.0067929600    0.0010446300
  -0.0000465500   -0.0000052400   -0.0000728200
   0.0000095800    0.0000109400   -0.0000127200
  -0.0000800900    0.0000327500   -0.0001294600
   0.0001100100    0.0000041400   -0.0001204800
   0.0000078600    0.0000092700   -0.0000039600
   0.0000194200    0.0000127600   -0.0000191000
   0.0000806900    0.0000045200   -0.0000336200
   0.0000021000    0.0000059000   -0.0000083400
  -0.0080882300   -0.0112238500   -0.0038390000
  -0.0019751600   -0.0067960200   -0.0010967100
  -0.0019864300   -0.0067772200   -0.0011016100
  -0.0019807700   -0.0067778000   -0.0010804400
  -0.0019936700   -0.0067939800   -0.0010976500
  -0.0019742100   -0.0067822900   -0.0010772300
  -0.0019715900   -0.0067916700   -0.0010571200
  -0.0019790500   -0.0067856300   -0.0010625800
  -0.0003988700   -0.0029466900   -0.0012150600
   0.0022000400   -0.0054609900   -0.0004806900
   0.0021910100   -0.0054588500   -0.0005329200
   0.0021911300   -0.0054164800   -0.0005328900
   0.0021851400   -0.0054551000   -0.0004936500
   0.0021996500   -0.0054520000   -0.0005005000
   0.0021846600   -0.0054534700   -0.0005101100
   0.0021917400   -0.0054496300   -0.0004797500
   0.0027413600    0.0055215100   -0.0012367200
   0.0027013000    0.0055051600   -0.0012494200
   0.0027226300    0.0054952800   -0.0012094700
   0.0001735200    0.0080121000   -0.0019339800
   0.0027154800    0.0055018400   -0.0012063800
   0.0027211600    0.0055100900   -0.0012220300
   0.0027182000    0.0055011600   -0.0012079700
   0.0027010100    0.0054837000   -0.0012010800
  -0.0018409200    0.0065017800    0.0005134000
  -0.0018438000    0.0065037800    0.0005317900
  -0.0018424500    0.0064945700    0.0005348100
  -0.0018437500    0.0064904100    0.0005370300
  -0.0080158800    0.0019954100   -0.0022744800
  -0.0018193800    0.0064786700    0.0005262700
  -0.0018576500    0.0064933400    0.0005007800
  -0.0018495700    0.0065041500    0.0005204500

17   
  0.0025492580064134   0.0039394363668069   0.0088307488203785
  -0.0001478200    0.0058838100    0.0013472600
  -0.0004393900    0.0059390400    0.0009151000
  -0.0001539300    0.0058757400    0.0013416100
  -0.0004346400    0.0059361500    0.0009121000
  -0.0004338800    0.0059268500    0.0009044500
  -0.0004319400    0.0059260600    0.0009101700
  -0.0004295200    0.0059274500    0.0009090000
  -0.0004381600    0.0059261100    0.0009108400
   0.0004238000   -0.0059211600   -0.0008888800
   0.0001830100   -0.0059747000   -0.0006072300
   0.0004187700   -0.0059385100   -0.0008889500
   0.0004174900   -0.0059349000   -0.0008921900
   0.0001569700   -0.0059843000   -0.0006094800
   0.0004215400   -0.0059207000   -0.0008839800
   0.0004184900   -0.0059386800   -0.0008889000
   0.0004152800   -0.0059379800   -0.0008940300
  -0.0061503700   -0.0079524200   -0.0310066800
   0.0000410300    0.0002826600   -0.0002960400
   0.0000347000    0.0002854400   -0.0003142400
   0.0000397500    0.0002835400   -0.0003045500
   0.0000565400    0.0002951800   -0.0003045000
   0.0000474600    0.0002868300   -0.0003059600
   0.0000409100    0.0002764400   -0.0002987400
   0.0000414600    0.0002885500   -0.0002979200
  -0.0000590100   -0.0002880600    0.0003173400
   0.0000926800   -0.0003314700    0.0002065400
  -0.0000623000   -0.0002592400    0.0002947400
  -0.0000584200   -0.0002926700    0.0003178100
  -0.0000567000   -0.0002930200    0.0003178500
  -0.0000660300   -0.0002583800    0.0002933500
   0.0000918800   -0.0003369100    0.0002042900
  -0.0000584400   -0.0002824500    0.0003222700
  -0.0006881800    0.0022409000    0.0005701000
  -0.0007972700    0.0025727500    0.0005622700
  -0.0006002200    0.0016889300    0.0002956800
  -0.0006326500    0.0022971900    0.0005914700
  -0.0006587800    0.0022508600    0.0005340800
  -0.0006563600    0.0022103900    0.0005285200
  -0.0005704500    0.0022866800    0.0005336400
  -0.0006413200    0.0022429600    0.0005332400
  -0.0011043500    0.0003085700    0.0017891200
  -0.0010871600    0.0002578100    0.0017017900
  -0.0011125400    0.0002634200    0.0016426300
  -0.0011287600    0.0002444700    0.0016682000
  -0.0012594200   -0.0004253400    0.0014035100
  -0.0011221000    0.0003026500    0.0016525300
  -0.0011329800    0.0002832000    0.0016292100
  -0.0011521300    0.0002843000    0.0016492900
   0.0005776600   -0.0022638800   -0.0018167200
   0.0005498900   -0.0022628400   -0.0018333700
   0.0005536900   -0.0015988100   -0.0013198600
   0.0005775400   -0.0015990000   -0.0013189700
   0.0005224000   -0.0015881800   -0.0013534900
   0.0004794100   -0.0015974600   -0.0012861500
   0.0005208900   -0.0016130600   -0.0013716700
   0.0005389500   -0.0016153200   -0.0013831800
  -0.0021935000   -0.0013764700    0.0006552200
  -0.0017822600   -0.0009103200    0.0006913900
  -0.0018281700   -0.0008621800    0.0008117300
  -0.0018529200   -0.0008495500    0.0007322000
  -0.0018781100   -0.0007624600    0.0006578100
  -0.0018589900   -0.0008768000    0.0007651000
  -0.0018817200   -0.0008861200    0.0007924700
  -0.0017570900   -0.0008426100    0.0007794900
  -0.0008820900    0.0001234000   -0.0021733100
  -0.0006158800   -0.0000411400   -0.0020594200
  -0.0008560600    0.0004208800   -0.0022257700
  -0.0008166900    0.0001724800   -0.0020657800
  -0.0008021300    0.0001935100   -0.0020523400
  -0.0008072300    0.0001824500   -0.0020759700
  -0.0008601200    0.0002250600   -0.0020536700
  -0.0007742800    0.0001719000   -0.0020744100
  -0.0005059100    0.0016490700    0.0014109500
  -0.0005895200    0.0016369800    0.0014214100
  -0.0005316000    0.0020988400    0.0012457900
  -0.0005501000    0.0015970600    0.0013681400
  -0.0005178000    0.0020935100    0.0011925900
  -0.0005601000    0.0016012500    0.0013694200
  -0.0004950100    0.0016668900    0.0014231100
  -0.0006283700    0.0016698600    0.0014468200
   0.0018446400    0.0009107200   -0.0007081200
   0.0019417300    0.0002494900   -0.0010494600
   0.0017577600    0.0012132600   -0.0007237200
   0.0018043200    0.0008618300   -0.0007569600
   0.0018652800    0.0008501700   -0.0007628600
   0.0019032700    0.0009151700   -0.0007733700
   0.0018551800    0.0008284500   -0.0007887100
   0.0018446000    0.0008570900   -0.0007715700
   0.0010803700   -0.0002648300   -0.0016651700
   0.0010192100   -0.0000868300   -0.0017643200
   0.0013624400   -0.0004874500   -0.0016999300
   0.0010254700   -0.0003584300   -0.0017391800
   0.0010892900   -0.0002716100   -0.0016078300
   0.0010380300   -0.0002239200   -0.0016649000
   0.0010631200   -0.0002785900   -0.0016476300
   0.0010987500   -0.0002438100   -0.0016765900
  -0.0013786600    0.0015728300   -0.0005038700
  -0.0013471400    0.0014997900   -0.0006286000
  -0.0013664900    0.0014187500   -0.0005759500
  -0.0013601600    0.0015506800   -0.0005312400
  -0.0013634200    0.0015990800   -0.0005274900
  -0.0014443700    0.0015394100   -0.0004846900
  -0.0014165600    0.0015292800   -0.0004975600
  -0.0014065600    0.0016010000   -0.0004978700
   0.0006389700   -0.0022126900   -0.0006220500
   0.0006410000   -0.0022527000   -0.0005542700
   0.0006387800   -0.0022553300   -0.0005197600
   0.0007358900   -0.0022279100   -0.0005422300
   0.0002644100   -0.0027601700   -0.0006785600
   0.0007141100   -0.0023172700   -0.0006083700
   0.0006712600   -0.0022413600   -0.0005051400
   0.0006587900   -0.0022425700   -0.0005433800
   0.0005988500   -0.0009462000    0.0017338800
   0.0007675900   -0.0001467100    0.0021192100
   0.0007591100   -0.0001843900    0.0020437500
   0.0007296700   -0.0001551100    0.0020765700
   0.0007501200   -0.0001302700    0.0022034000
   0.0007990600   -0.0001946000    0.0020631500
   0.0007861200   -0.0001935900    0.0020535300
   0.0007786400   -0.0002011700    0.0020510900
   0.0012054400   -0.0019371400    0.0003840400
   0.0013783500   -0.0016051000    0.0004920900
   0.0013684800   -0.0015798900    0.0004972000
   0.0013845900   -0.0016070200    0.0005157600
   0.0012290100   -0.0020084900    0.0003997300
   0.0013317900   -0.0016287100    0.0004802500
   0.0013839100   -0.0015790500    0.0004756800
   0.0013568900   -0.0016142500    0.0005204300
   0.0001267900   -0.0000050400    0.0001473800
  -0.0001503500   -0.0000074100    0.0000969800
   0.0000581200   -0.0000022800    0.0000795200
  -0.0000142500   -0.0000073500    0.0000106200
  -0.0000850800   -0.0000056100    0.0000270300
  -0.0000077700   -0.0000091400    0.0000107900
  -0.0000116500   -0.0000146000    0.0000118000
  -0.0000044600   -0.0000124000    0.0000078800
  -0.0007994300   -0.0072079500    0.0042230500
  -0.0007685100   -0.0071943400    0.0042594100
  -0.0045152100   -0.0050050100    0.0052714300
  -0.0007831300   -0.0071875800    0.0042403400
  -0.0007888500   -0.0071996700    0.0042221800
  -0.0007679800   -0.0072035900    0.0042294800
  -0.0007925400   -0.0072002800    0.0042386300
  -0.0008143600   -0.0071983300    0.0042576000
  -0.0003971400   -0.0070005600   -0.0043312200
  -0.0003612000   -0.0067754600   -0.0032605200
  -0.0003603000   -0.0067911800   -0.0032654600
  -0.0003685400   -0.0067793500   -0.0032570500
  -0.0003329400   -0.0068040200   -0.0032214500
  -0.0003767100   -0.0067709600   -0.0032217300
  -0.0003678900   -0.0067693100   -0.0032416100
  -0.0003402300   -0.0067873500   -0.0032687500
  -0.0002252200    0.0007729200    0.0016087700
  -0.0002810800    0.0008404300    0.0015622300
  -0.0002695300    0.0008390500    0.0015601200
  -0.0002572200    0.0008389200    0.0015383300
  -0.0002322000    0.0006675200    0.0005084600
  -0.0002538300    0.0008478300    0.0015387500
  -0.0002670600    0.0008380600    0.0015417100
  -0.0002853800    0.0008412200    0.0015589800
   0.0005602100    0.0012748500    0.0006607700
  -0.0029811900    0.0033674600    0.0016701100
   0.0005731700    0.0012858800    0.0007095800
   0.0005288800    0.0012614900    0.0006573600
   0.0005306500    0.0012768200    0.0006815600
   0.0005517700    0.0012688200    0.0006660600
   0.0005657600    0.0012756000    0.0006601200
   0.0005560600    0.0012715000    0.0006538300
   0.0000818200   -0.0000134100    0.0001383500
  -0.0001246500   -0.0000069600    0.0001120100
   0.0000517000    0.0000017100    0.0000788800
  -0.0000306600   -0.0000083000    0.0000059100
  -0.0000676900    0.0000020100    0.0000125900
  -0.0000022600   -0.0000089000    0.0000100600
   0.0000005500   -0.0000079300    0.0000030800
  -0.0000010600   -0.0000071100    0.0000041600
   0.0055575400    0.0031780300    0.0021295300
  -0.0005798200   -0.0012729000   -0.0006587700
  -0.0005503400   -0.0012766000   -0.0006279700
  -0.0005665400   -0.0012758400   -0.0006459000
  -0.0005591600   -0.0012693500   -0.0006148500
  -0.0005496700   -0.0012746700   -0.0006632800
  -0.0005708900   -0.0012665900   -0.0006726000
  -0.0005632500   -0.0012647900   -0.0006569900
   0.0002581100   -0.0008420300   -0.0015223300
   0.0002343100   -0.0008538000   -0.0014987600
   0.0027608800   -0.0033018300   -0.0008161100
   0.0002333200   -0.0008236300   -0.0015565500
   0.0002531900   -0.0008463100   -0.0015326900
   0.0002525200   -0.0008382500   -0.0015625000
   0.0002757600   -0.0008325400   -0.0015370400
   0.0002507500   -0.0008332300   -0.0015473800
   0.0003428600    0.0067830700    0.0032593300
   0.0030340100    0.0041411200    0.0040291800
   0.0003421200    0.0067457900    0.0032891200
   0.0003554600    0.0067656700    0.0033018300
   0.0003413400    0.0067753200    0.0032580200
   0.0003604100    0.0067891500    0.0032655500
   0.0003381000    0.0067709300    0.0032489900
   0.0003512000    0.0067751700    0.0032850000
   0.0007747000    0.0071839300   -0.0042019700
   0.0007780000    0.0071942100   -0.0042205100
   0.0007734600    0.0072096400   -0.0042255100
   0.0007675800    0.0072072600   -0.0042240900
   0.0071022000    0.0117554500   -0.0013394300
   0.0007646700    0.0071960100   -0.0042021400
   0.0007931000    0.0071931300   -0.0041889400
   0.0007810300    0.0072010200   -0.0042092300
  -0.0001321400    0.0009511800   -0.0004159600
  -0.0000104600   -0.0000138800    0.0000034500
   0.0000032000   -0.0000039200    0.0000075200
  -0.0000017900   -0.0000074700   -0.0000497500
   0.0000649700   -0.0000092300   -0.0000689600
  -0.0000218800   -0.0000060900   -0.0000096200
   0.0000085600   -0.0000069000   -0.0000041100
  -0.0000133500   -0.0000042300   -0.0000053400
   0.0018696900   -0.0066058300   -0.0006401100
   0.0018618900   -0.0065525400   -0.0004564300
   0.0018017600   -0.0064767800   -0.0005855700
   0.0018557600   -0.0064871500   -0.0005356700
   0.0018375300   -0.0065060700   -0.0005319200
   0.0018460100   -0.0064968700   -0.0005754900
   0.0018368300   -0.0064933200   -0.0005289200
   0.0018486600   -0.0064970400   -0.0005246000
  -0.0027948100   -0.0055866200    0.0011661800
  -0.0027067900   -0.0055123100    0.0012256100
  -0.0027134400   -0.0054500600    0.0011312900
  -0.0027197800   -0.0055043400    0.0012203800
  -0.0027069900   -0.0054506600    0.0012653900
  -0.0027179900   -0.0055002700    0.0012157800
  -0.0027101300   -0.0054990700    0.0012233900
  -0.0027000900   -0.0055566600    0.0011694100
  -0.0021985200    0.0054596200    0.0005119800
  -0.0021689500    0.0054194900    0.0004623100
  -0.0021815800    0.0054832300    0.0005529800
  -0.0021843600    0.0054590600    0.0005024600
  -0.0022047200    0.0055122300    0.0004092000
  -0.0021951100    0.0054543900    0.0005052600
  -0.0022587100    0.0053364700    0.0004262200
  -0.0021849000    0.0054422400    0.0005000700
   0.0019904600    0.0067130700    0.0011538900
   0.0019425400    0.0066551700    0.0009788500
   0.0019941300    0.0067834000    0.0010750200
   0.0019299000    0.0068186800    0.0010074100
   0.0019870200    0.0067554500    0.0010257500
   0.0019850900    0.0067879200    0.0010655400
   0.0019865400    0.0067958000    0.0010786800
   0.0019848500    0.0067981400    0.0010758100
  -0.0001337300    0.0009467300   -0.0004181800
  -0.0000111600   -0.0000107200    0.0000100700
  -0.0000050800   -0.0000062900    0.0000021400
  -0.0000136300   -0.0000048700   -0.0000530900
   0.0000786000   -0.0000095100   -0.0000436800
  -0.0000231400   -0.0000036300    0.0000014900
  -0.0000097000   -0.0000083800   -0.0000070600
   0.0000068900   -0.0000037200   -0.0000068700
  -0.0019848500   -0.0067883300   -0.0010473600
  -0.0020241000   -0.0067941400   -0.0010696200
  -0.0022521900   -0.0104277400    0.0030265000
  -0.0019935300   -0.0067903100   -0.0010488900
  -0.0020158900   -0.0068066400   -0.0010595100
  -0.0020073100   -0.0067838400   -0.0010680700
  -0.0019743600   -0.0067890900   -0.0010605300
  -0.0020138900   -0.0067763600   -0.0010615000
   0.0019031600    0.0002357800    0.0078570200
   0.0021442700   -0.0054485300   -0.0004600500
   0.0021925400   -0.0054582800   -0.0004671600
   0.0021765900   -0.0054614800   -0.0005079800
   0.0021737700   -0.0054739500   -0.0005185300
   0.0021572600   -0.0054458700   -0.0004731100
   0.0021744400   -0.0054666100   -0.0004738600
   0.0021709000   -0.0054600000   -0.0004881900
   0.0027095400    0.0054988500   -0.0011817900
   0.0024569000    0.0110404000    0.0069362500
   0.0027059900    0.0054693200   -0.0012163200
   0.0027177900    0.0054998800   -0.0011780300
   0.0026811600    0.0055096200   -0.0011923400
   0.0026972700    0.0054819800   -0.0012362600
   0.0026939200    0.0055044900   -0.0012055700
   0.0027046400    0.0055027200   -0.0011895500
  -0.0018461000    0.0065016200    0.0005494300
  -0.0018796500    0.0065079300    0.0005483500
  -0.0018595000    0.0064709700    0.0005471000
  -0.0018635600    0.0064989100    0.0005354100
  -0.0021292500    0.0027920300    0.0046747400
  -0.0018655400    0.0064934200    0.0005526200
  -0.0018463100    0.0064926000    0.0005596700
  -0.0018891300    0.0064788000    0.0005401000

17   
 -0.0025492580064134  -0.0039394363668069  -0.0088307488203785
  -0.0007001000    0.0059815200    0.0004606200
  -0.0004105200    0.0059198300    0.0008846500
  -0.0007022200    0.0059911000    0.0004499500
  -0.0004154600    0.0059224500    0.0008842900
  -0.0004155500    0.0059331500    0.0008900900
  -0.0004168300    0.0059404300    0.0008895800
  -0.0004202100    0.0059332900    0.0008916300
  -0.0004165900    0.0059423600    0.0008890200
   0.0004263400   -0.0059430000   -0.0009145400
   0.0006954600   -0.0058769100   -0.0011936400
   0.0004351200   -0.0059236400   -0.0009116600
   0.0004306600   -0.0059196500   -0.0009083700
   0.0006893400   -0.0058735200   -0.0011902900
   0.0004280200   -0.0059411200   -0.0009108900
   0.0004314300   -0.0059191600   -0.0009076100
   0.0004352600   -0.0059241400   -0.0009090800
   0.0063287100    0.0079528700    0.0305390500
   0.0000613300    0.0002839500   -0.0003220800
   0.0000654700    0.0002889600   -0.0003046500
   0.0000614400    0.0002840100   -0.0003119500
   0.0000460900    0.0002744000   -0.0003119100
   0.0000554900    0.0002891200   -0.0003127500
   0.0000610700    0.0002926200   -0.0003209900
   0.0000620400    0.0002870000   -0.0003180300
  -0.0000424100   -0.0002848000    0.0002983900
  -0.0001953200   -0.0002327100    0.0004111500
  -0.0000385400   -0.0003114500    0.0003234400
  -0.0000447800   -0.0002703700    0.0002980500
  -0.0000444500   -0.0002718900    0.0002972000
  -0.0000375300   -0.0003111400    0.0003242200
  -0.0001949300   -0.0002284900    0.0004137100
  -0.0000453400   -0.0002873400    0.0002922700
  -0.0006324600    0.0022341200    0.0005232200
  -0.0005368500    0.0019001600    0.0005035300
  -0.0007281100    0.0027785100    0.0007710000
  -0.0006922000    0.0021758200    0.0004835900
  -0.0006445200    0.0022247700    0.0005563800
  -0.0006651300    0.0022664000    0.0005430200
  -0.0007391200    0.0021885600    0.0005409600
  -0.0006784400    0.0022340100    0.0005578700
  -0.0011022500    0.0002111900    0.0015362100
  -0.0011011100    0.0002568700    0.0016090300
  -0.0010772800    0.0002519100    0.0016651400
  -0.0010677800    0.0002700300    0.0016624700
  -0.0009349300    0.0009514300    0.0019299500
  -0.0010741500    0.0002141100    0.0016602300
  -0.0010523700    0.0002317400    0.0016808400
  -0.0010470000    0.0002310500    0.0016730300
   0.0005151500   -0.0009207600   -0.0009482400
   0.0005380300   -0.0009273300   -0.0008988700
   0.0005283600   -0.0015879800   -0.0014008600
   0.0005134900   -0.0015890900   -0.0014393000
   0.0005715600   -0.0015988600   -0.0014112200
   0.0006061400   -0.0015876900   -0.0014474600
   0.0005727300   -0.0015736100   -0.0013573300
   0.0005467900   -0.0015705400   -0.0013824000
  -0.0014999500   -0.0003223600    0.0008637400
  -0.0019104900   -0.0007927400    0.0008383800
  -0.0018438900   -0.0008396300    0.0007311000
  -0.0018484100   -0.0008541400    0.0007728300
  -0.0018096700   -0.0009389000    0.0008631300
  -0.0018231600   -0.0008252400    0.0007705600
  -0.0018021200   -0.0008161100    0.0007423700
  -0.0019223000   -0.0008597300    0.0007459200
  -0.0007162000    0.0002674500   -0.0019755300
  -0.0009923100    0.0004277700   -0.0020677600
  -0.0007373000   -0.0000309900   -0.0019153600
  -0.0007929500    0.0002191100   -0.0020671000
  -0.0007873000    0.0001979200   -0.0020977200
  -0.0007794100    0.0002105300   -0.0020646500
  -0.0007351300    0.0001665300   -0.0020851600
  -0.0008113700    0.0002207200   -0.0020820200
  -0.0005814200    0.0015435600    0.0013104200
  -0.0004975400    0.0015525700    0.0013451700
  -0.0005549500    0.0010935300    0.0015142700
  -0.0005381200    0.0015928600    0.0013665000
  -0.0005741000    0.0010959000    0.0015257000
  -0.0005234100    0.0015903700    0.0013856400
  -0.0006004400    0.0015214200    0.0013259200
  -0.0004655900    0.0015229300    0.0012815300
   0.0018346900    0.0007976600   -0.0008305900
   0.0017489700    0.0014662500   -0.0004609400
   0.0019226600    0.0004963400   -0.0007979200
   0.0018812500    0.0008450400   -0.0007712000
   0.0018252800    0.0008561400   -0.0007676500
   0.0017710800    0.0007936500   -0.0007585400
   0.0018333000    0.0008779100   -0.0007308700
   0.0018461000    0.0008506400   -0.0007594900
   0.0011096200   -0.0002468700   -0.0016421300
   0.0011782400   -0.0004229900   -0.0015645500
   0.0008435900   -0.0000194200   -0.0016293100
   0.0011646800   -0.0001519200   -0.0015769300
   0.0011004800   -0.0002399500   -0.0017055700
   0.0011556400   -0.0002860300   -0.0016588200
   0.0011327000   -0.0002330700   -0.0016826500
   0.0011008100   -0.0002660800   -0.0016332000
  -0.0013640600    0.0016108400   -0.0004990500
  -0.0014033100    0.0016860800   -0.0003523800
  -0.0013806800    0.0017626000   -0.0004035200
  -0.0013885200    0.0016338100   -0.0004728300
  -0.0013778700    0.0015855900   -0.0004957700
  -0.0012984600    0.0016460300   -0.0005003800
  -0.0013250900    0.0016543500   -0.0005149600
  -0.0013362500    0.0015838700   -0.0004962300
   0.0006917700   -0.0022602700   -0.0004523200
   0.0006766600   -0.0022197700   -0.0005306400
   0.0006726400   -0.0022167500   -0.0005727000
   0.0005925600   -0.0022446700   -0.0005229900
   0.0010509300   -0.0017156600   -0.0003935700
   0.0006061200   -0.0021547300   -0.0004818300
   0.0006362700   -0.0022312600   -0.0005855600
   0.0006697900   -0.0022290900   -0.0005308700
   0.0009923400    0.0005450600    0.0024009700
   0.0008177500   -0.0002427300    0.0020242100
   0.0008250700   -0.0002041100    0.0021105400
   0.0008608400   -0.0002335100    0.0020555900
   0.0008642200   -0.0002625700    0.0019194700
   0.0007876500   -0.0001915100    0.0020921000
   0.0008180500   -0.0001937100    0.0020921000
   0.0008192800   -0.0001853400    0.0020786000
   0.0015385400   -0.0012480500    0.0006104300
   0.0013615700   -0.0015759800    0.0005061100
   0.0013747500   -0.0016008800    0.0005000200
   0.0013579600   -0.0015746000    0.0004858600
   0.0015157300   -0.0011648600    0.0006208900
   0.0014112800   -0.0015514500    0.0005092700
   0.0013614000   -0.0016003100    0.0005324100
   0.0013845600   -0.0015649600    0.0004753700
  -0.0001279400    0.0000121300   -0.0001399600
   0.0001510100    0.0000061200   -0.0000988400
  -0.0000662100    0.0000062700   -0.0000856700
   0.0000153100    0.0000091400   -0.0000088500
   0.0000859600    0.0000064900   -0.0000263500
   0.0000016300    0.0000111400   -0.0000120900
   0.0000121600    0.0000162500   -0.0000132400
   0.0000047000    0.0000145900   -0.0000036700
  -0.0007708100   -0.0071926000    0.0042254600
  -0.0008033100   -0.0071892800    0.0041898700
   0.0029317900   -0.0093774800    0.0031652900
  -0.0007858600   -0.0072037000    0.0042055100
  -0.0007804500   -0.0072001000    0.0042219300
  -0.0008008800   -0.0071922000    0.0042212500
  -0.0007778200   -0.0071950900    0.0042088000
  -0.0007532800   -0.0071933100    0.0041936200
  -0.0003428900   -0.0065673000   -0.0021729100
  -0.0003463300   -0.0067754800   -0.0032627100
  -0.0003453900   -0.0067684600   -0.0032617800
  -0.0003361100   -0.0067669000   -0.0032631200
  -0.0003734400   -0.0067427700   -0.0033008000
  -0.0003302600   -0.0067738200   -0.0033041700
  -0.0003393200   -0.0067803300   -0.0032828700
  -0.0003645600   -0.0067617700   -0.0032539300
  -0.0002903200    0.0008869400    0.0014881000
  -0.0002428100    0.0008445500    0.0015274100
  -0.0002492000    0.0008435700    0.0015373400
  -0.0002678200    0.0008336600    0.0015504900
  -0.0002545700    0.0010251700    0.0025673200
  -0.0002613200    0.0008270900    0.0015544100
  -0.0002473000    0.0008391200    0.0015487600
  -0.0002371200    0.0008288400    0.0015372100
   0.0005472800    0.0012681900    0.0006514000
   0.0040931100   -0.0008265000   -0.0003420200
   0.0005282400    0.0012465200    0.0006094300
   0.0005688100    0.0012803100    0.0006625900
   0.0005732500    0.0012697700    0.0006383300
   0.0005549200    0.0012775400    0.0006472000
   0.0005430800    0.0012710400    0.0006587600
   0.0005453800    0.0012704000    0.0006592200
  -0.0000916000    0.0000098300   -0.0001488800
   0.0001192800    0.0000123700   -0.0000997500
  -0.0000458600   -0.0000024200   -0.0000737000
   0.0000186900    0.0000105900   -0.0000083100
   0.0000715300    0.0000010400   -0.0000248500
  -0.0000025800    0.0000114100   -0.0000107000
   0.0000029900    0.0000107100   -0.0000030300
   0.0000095900    0.0000095900   -0.0000048100
  -0.0065390500   -0.0056275600   -0.0034009200
  -0.0005295600   -0.0012741900   -0.0006645000
  -0.0005544300   -0.0012711000   -0.0006847500
  -0.0005439300   -0.0012589400   -0.0006762200
  -0.0005433100   -0.0012604900   -0.0007035100
  -0.0005509300   -0.0012614100   -0.0006551400
  -0.0005290800   -0.0012732900   -0.0006487800
  -0.0005442600   -0.0012671300   -0.0006582200
   0.0002631400   -0.0008314000   -0.0015775800
   0.0002753300   -0.0008126700   -0.0015934000
  -0.0022449100    0.0016439500   -0.0022626300
   0.0002783100   -0.0008467100   -0.0015344200
   0.0002645000   -0.0008295200   -0.0015579500
   0.0002674000   -0.0008362800   -0.0015347900
   0.0002459500   -0.0008418100   -0.0015540800
   0.0002642000   -0.0008362400   -0.0015498800
   0.0003613000    0.0067778700    0.0032632300
  -0.0023314800    0.0093981700    0.0024808800
   0.0003643900    0.0067945100    0.0032334400
   0.0003506000    0.0067872200    0.0032184100
   0.0003639400    0.0067852400    0.0032611600
   0.0003457700    0.0067679000    0.0032597300
   0.0003663100    0.0067855200    0.0032737100
   0.0003559300    0.0067769200    0.0032396100
   0.0007930700    0.0072028400   -0.0042458500
   0.0007886800    0.0072032800   -0.0042280300
   0.0007955200    0.0071962600   -0.0042272900
   0.0008016300    0.0071862900   -0.0042216200
  -0.0056596600    0.0025587300   -0.0071515400
   0.0008017100    0.0071958500   -0.0042482200
   0.0007736400    0.0072038000   -0.0042606200
   0.0007877700    0.0071948200   -0.0042373800
   0.0001357800   -0.0009456300    0.0004199800
  -0.0000008800    0.0000153200   -0.0000023800
  -0.0000020000    0.0000061300   -0.0000117200
   0.0000109500    0.0000092100    0.0000467900
  -0.0000804100    0.0000098400    0.0000764900
   0.0000264900    0.0000078000    0.0000008600
  -0.0000004800    0.0000087800   -0.0000011400
   0.0000100900    0.0000061500    0.0000066600
   0.0018419000   -0.0063741300   -0.0004515400
   0.0018517600   -0.0064338200   -0.0006116500
   0.0019145900   -0.0065029800   -0.0004866700
   0.0018591400   -0.0065021600   -0.0005368600
   0.0018735200   -0.0064910400   -0.0005411900
   0.0018651600   -0.0064811300   -0.0005056500
   0.0018702000   -0.0064973900   -0.0005467500
   0.0018660500   -0.0064926400   -0.0005469100
  -0.0026301700   -0.0054045900    0.0012398500
  -0.0027043000   -0.0054988000    0.0011939600
  -0.0027010800   -0.0055414000    0.0012959800
  -0.0026902800   -0.0055017800    0.0011940100
  -0.0027057000   -0.0055382900    0.0011456100
  -0.0026994400   -0.0054958700    0.0011993800
  -0.0027036000   -0.0055010200    0.0011891300
  -0.0027128400   -0.0054299000    0.0012498100
  -0.0021655800    0.0054531400    0.0004725600
  -0.0021900900    0.0054960000    0.0005187100
  -0.0021779900    0.0054155300    0.0004262800
  -0.0021722900    0.0054610000    0.0004795600
  -0.0021521600    0.0053993300    0.0005695100
  -0.0021692600    0.0054545500    0.0004788400
  -0.0020966200    0.0055716800    0.0005636800
  -0.0021746700    0.0054596400    0.0004761700
   0.0019941600    0.0068426500    0.0009813100
   0.0020405500    0.0069215100    0.0011593000
   0.0019922900    0.0067900500    0.0010603600
   0.0020531900    0.0067481800    0.0011198900
   0.0019989600    0.0068203600    0.0011038200
   0.0019969700    0.0067762400    0.0010739700
   0.0019962400    0.0067847600    0.0010577900
   0.0020020600    0.0067721100    0.0010507100
   0.0001305100   -0.0009492000    0.0004166300
   0.0000142800    0.0000132600   -0.0000060700
   0.0000011600    0.0000079500   -0.0000082000
   0.0000198700    0.0000074000    0.0000651000
  -0.0000738000    0.0000127300    0.0000397500
   0.0000253000    0.0000060300   -0.0000049000
   0.0000108900    0.0000105200   -0.0000012500
  -0.0000023700    0.0000063500    0.0000106400
  -0.0020038400   -0.0067832000   -0.0010841800
  -0.0019581700   -0.0067787900   -0.0010651400
  -0.0017239000   -0.0030889600   -0.0051972300
  -0.0019867900   -0.0067866600   -0.0010847800
  -0.0019642300   -0.0067644400   -0.0010741400
  -0.0019792300   -0.0067814200   -0.0010641900
  -0.0020076700   -0.0067767700   -0.0010681900
  -0.0019686600   -0.0067816100   -0.0010784100
   0.0024462200   -0.0109908900   -0.0086244600
   0.0022131400   -0.0054636100   -0.0005265600
   0.0021703700   -0.0054520200   -0.0005121800
   0.0021839200   -0.0054409400   -0.0004794700
   0.0021893600   -0.0054372600   -0.0004679300
   0.0021997200   -0.0054526400   -0.0005021600
   0.0021839400   -0.0054479400   -0.0005058000
   0.0021916200   -0.0054431600   -0.0005006700
   0.0027036700    0.0054958700   -0.0012428300
   0.0029715600   -0.0001767900   -0.0095602900
   0.0027116100    0.0055244900   -0.0011978500
   0.0026990700    0.0055041600   -0.0012369000
   0.0027318200    0.0055015800   -0.0012230200
   0.0027158400    0.0055112700   -0.0011863300
   0.0027154900    0.0055005100   -0.0012129900
   0.0027124100    0.0055017100   -0.0012241900
  -0.0018720400    0.0064836800    0.0005173000
  -0.0018304300    0.0064977100    0.0005302100
  -0.0018536000    0.0065146700    0.0005339000
  -0.0018446900    0.0065010000    0.0005375000
  -0.0015888700    0.0101501000   -0.0035715500
  -0.0018516100    0.0064971700    0.0005207700
  -0.0018668400    0.0065019100    0.0005120600
  -0.0018230700    0.0065028400    0.0005384500

33   
  0.0000000000000000   0.0066574658364036   0.0074617791871054
  -0.0003847100    0.0060112100    0.0009497800
  -0.0002217000    0.0053694100    0.0004353700
  -0.0001870400    0.0059522100    0.0011509000
  -0.0003963600    0.0059028500    0.0008948600
  -0.0004079000    0.0059204600    0.0008980600
  -0.0003906700    0.0060218100    0.0009007900
  -0.0004488100    0.0059202900    0.0009045700
  -0.0004277100    0.0059155600    0.0009004700
   0.0004297100   -0.0059021800   -0.0009167600
   0.0004198600   -0.0059397600   -0.0008982700
  -0.0002234900   -0.0063292000   -0.0011466300
   0.0004873900   -0.0060324200   -0.0009838300
   0.0004312500   -0.0059440100   -0.0009283600
   0.0003796300   -0.0058796000   -0.0008974400
   0.0003462900   -0.0062161000   -0.0007849400
   0.0004120200   -0.0059466000   -0.0009124800
   0.0000220600    0.0002697700   -0.0002765100
   0.0002752000    0.0002883700   -0.0001062900
   0.0002637900   -0.0002988100   -0.0007289900
   0.0001565200    0.0003524200   -0.0002807100
   0.0000574200    0.0002833200   -0.0003164400
   0.0000000500    0.0002515900   -0.0003168300
   0.0000839800    0.0003331200   -0.0003151300
   0.0000432900    0.0002709300   -0.0003129200
  -0.0002087800   -0.0005742300    0.0004255200
  -0.0000641100   -0.0002858700    0.0002840600
  -0.0000888400   -0.0002932200    0.0003253900
  -0.0000737400   -0.0002320100    0.0002869700
  -0.0005832800   -0.0006041900    0.0000788100
  -0.0000012000   -0.0003969100    0.0002224900
   0.0000120800   -0.0002533000    0.0002979100
  -0.0000618400   -0.0003048300    0.0003043400
   0.0115445600   -0.0822665000   -0.0686561300
  -0.0006562000    0.0021649400    0.0006507500
  -0.0003250900    0.0022663100    0.0009384100
  -0.0006182600    0.0022067800    0.0005939900
  -0.0005633800    0.0022189700    0.0006173900
  -0.0010829000    0.0019547000    0.0011526800
  -0.0007251200    0.0022574800    0.0007477300
  -0.0007989000    0.0023769000    0.0002167100
  -0.0005513000    0.0002047100    0.0013655100
  -0.0009780300    0.0003457500    0.0016197000
  -0.0005553700    0.0008762800    0.0015537000
  -0.0009692000    0.0003115600    0.0016077600
  -0.0010246700    0.0002141400    0.0016937500
  -0.0006509300    0.0008784400    0.0015548200
  -0.0009525900    0.0002549000    0.0015442000
  -0.0004114300    0.0000031600    0.0042268100
  -0.0017196700   -0.0016610800   -0.0021820200
   0.0004454400   -0.0016494800   -0.0013772900
  -0.0036825400    0.0049301300    0.0011500700
   0.0004824900   -0.0016096600   -0.0013917200
   0.0004914000   -0.0015685000   -0.0014486200
   0.0003542800   -0.0016143000   -0.0009204900
   0.0002941700   -0.0016566100   -0.0013162300
   0.0004061900   -0.0014852700   -0.0014138500
  -0.0018806700   -0.0008178900    0.0003613600
  -0.0017140200   -0.0008724400    0.0008122500
  -0.0016285700   -0.0034309200   -0.0003130600
  -0.0017887000   -0.0008361500    0.0006390400
  -0.0017641800   -0.0008686800    0.0007165700
  -0.0032549600   -0.0037148200   -0.0010583200
  -0.0018296400   -0.0008376500    0.0008230100
  -0.0020509000   -0.0008356300    0.0000851600
  -0.0000167000    0.0003012300    0.0015098800
  -0.0006266800    0.0000857700   -0.0021567400
  -0.0010331000    0.0003477300   -0.0015970700
  -0.0008293200    0.0001398800   -0.0019632000
  -0.0007795000    0.0001670900   -0.0020967000
  -0.0004254600    0.0004632400   -0.0017672300
  -0.0007335200    0.0002427700   -0.0020265700
  -0.0003568800    0.0001875700   -0.0018380000
  -0.0005834900    0.0018277400    0.0013758900
  -0.0005931500    0.0018266000    0.0012876100
  -0.0006942400    0.0017435400    0.0014986100
  -0.0004320900    0.0015819400    0.0013526700
  -0.0004905200    0.0016617000    0.0013680200
  -0.0022399200    0.0017312100    0.0022664400
  -0.0005322600    0.0018284200    0.0012183000
  -0.0008716200    0.0015920300    0.0018694100
   0.0034196600   -0.0018871700    0.0026873800
   0.0017747500    0.0008671700   -0.0006680000
   0.0039586000   -0.0018017800    0.0015845100
   0.0018313100    0.0008998700   -0.0006837600
   0.0017669600    0.0008384100   -0.0007149200
   0.0016702200    0.0008716500   -0.0011718800
   0.0017180600    0.0008514400   -0.0006555200
   0.0015287300    0.0008307700   -0.0011360900
   0.0026034300    0.0074212600    0.0029853200
   0.0010498200   -0.0003231600   -0.0016858700
   0.0010435100   -0.0001733000   -0.0016754100
   0.0010431400   -0.0000628800   -0.0016348300
   0.0009620000   -0.0000725800   -0.0016182300
   0.0011421600   -0.0001670400   -0.0016801400
   0.0010201200   -0.0001700300   -0.0015431100
   0.0019947400   -0.0000546200   -0.0009223600
  -0.0034837700    0.0093505100    0.0036459400
  -0.0014241700    0.0015834800   -0.0005164000
  -0.0029938400    0.0019466400   -0.0012170600
  -0.0015110200    0.0015836800   -0.0006970500
  -0.0015544000    0.0015770100   -0.0005519900
  -0.0012752300    0.0017737900   -0.0005201100
  -0.0013738600    0.0016402200   -0.0006421400
  -0.0012784700    0.0016870600   -0.0003821400
   0.0007252800   -0.0024445900   -0.0008506200
   0.0005831300   -0.0023748600   -0.0005783100
   0.0006534500   -0.0021698900   -0.0029026800
   0.0005940500   -0.0022413400   -0.0005105300
   0.0006194400   -0.0022318000   -0.0005016000
   0.0002823400   -0.0028338600   -0.0010568400
   0.0006276600   -0.0022684000   -0.0004777100
   0.0000694000   -0.0023206100   -0.0039233200
   0.0008131700   -0.0001903000    0.0020115900
   0.0007669900   -0.0000084700    0.0020226600
   0.0013332600    0.0064318900    0.0057950600
   0.0007871700   -0.0002194600    0.0020009800
   0.0008151600   -0.0001726900    0.0020629300
   0.0023585900   -0.0001911500    0.0031179500
   0.0008080800    0.0000221600    0.0020233600
   0.0008381200   -0.0000082900    0.0018407900
   0.0011843900   -0.0016242600    0.0009019100
   0.0013706800   -0.0013726700    0.0005500300
  -0.0002264000   -0.0018602200    0.0011512600
   0.0014468700   -0.0015677100    0.0005439700
   0.0014103300   -0.0016358400    0.0004745000
   0.0015286500   -0.0010788700    0.0016220300
   0.0013039500   -0.0014025900    0.0005120700
   0.0016776600   -0.0009329900    0.0015410800
   0.0000546400   -0.0000085400    0.0000692200
   0.0004686000    0.0000067800    0.0002933600
  -0.0000315900   -0.0000037100   -0.0000726400
  -0.0118582000    0.0003711800    0.0194128700
  -0.0001431100    0.0000152500    0.0000796200
   0.0000046800    0.0000124800   -0.0000685000
   0.0001096100   -0.0002187300   -0.0002086500
   0.0000080800    0.0000558500    0.0000132200
   0.0154982900    0.0167542700    0.0133527900
  -0.0007971000   -0.0071386500    0.0042068000
  -0.0005665400   -0.0070188400    0.0040384500
  -0.0007680000   -0.0072254300    0.0042494700
  -0.0007802900   -0.0072633100    0.0042869900
  -0.0007462300   -0.0072588700    0.0042228500
  -0.0007541400   -0.0071944200    0.0041943600
  -0.0009551400   -0.0073822100    0.0040751700
  -0.0004412300   -0.0067547700   -0.0032231500
  -0.0004116000   -0.0068002200   -0.0032055700
  -0.0005704100   -0.0067033700   -0.0038830000
  -0.0004065900   -0.0067358000   -0.0032260900
  -0.0003817800   -0.0067133500   -0.0032534000
  -0.0003955000   -0.0069679400   -0.0032973600
  -0.0003741900   -0.0067725100   -0.0032668400
   0.0001862200   -0.0067364300   -0.0031921100
  -0.0003112000    0.0008478400    0.0015484000
  -0.0002835500    0.0008224000    0.0015045400
   0.0000823700    0.0000894600    0.0008716600
  -0.0002911200    0.0008811500    0.0015358900
  -0.0002998900    0.0008800200    0.0015573000
  -0.0000515700    0.0008915500    0.0011759800
  -0.0003894400    0.0011577700    0.0015128500
  -0.0000692100    0.0007885000    0.0014765600
   0.0009176500    0.0002049400    0.0007447600
   0.0005624500    0.0012812400    0.0006646100
   0.0012272600    0.0017602000    0.0006061500
   0.0005980000    0.0012860600    0.0006930200
   0.0006993200    0.0013066400    0.0006809300
   0.0004363900    0.0012487300    0.0006539100
   0.0006203300    0.0012889400    0.0006264600
   0.0005751700    0.0012060600    0.0006693900
   0.0000660900    0.0001194400    0.0003888000
   0.0000417100    0.0000013100   -0.0000235300
  -0.0001373600    0.0000295200    0.0004450800
  -0.0000652400    0.0000052800    0.0000161400
  -0.0000171800    0.0000055700   -0.0000069700
  -0.0007374500    0.0001431100    0.0000514300
  -0.0000006400   -0.0000091600    0.0000251800
  -0.0000533600    0.0000165400    0.0000243400
  -0.0005661400   -0.0012906900   -0.0006947000
  -0.0005257000   -0.0010224900   -0.0006403700
  -0.0009413200   -0.0014804300   -0.0000256400
  -0.0005913600   -0.0013553400   -0.0006451900
  -0.0005304700   -0.0012771600   -0.0006712900
  -0.0013691900   -0.0010438200   -0.0011418100
  -0.0005483800   -0.0012669900   -0.0006727600
  -0.0005382400   -0.0014179100   -0.0007765200
  -0.0001468300   -0.0010305700   -0.0001336200
   0.0002630400   -0.0008411200   -0.0015652300
   0.0010635200   -0.0009055000   -0.0009468000
   0.0002853300   -0.0008869100   -0.0015571300
   0.0002663900   -0.0008843300   -0.0015788600
   0.0003199800   -0.0009162500   -0.0013902200
   0.0002662400   -0.0008844400   -0.0015591900
   0.0002168800   -0.0008294100   -0.0015827900
  -0.0095176400    0.0171634400   -0.0025456800
   0.0004027200    0.0067388800    0.0032461100
   0.0006923700    0.0064582600    0.0031990600
   0.0004529000    0.0066827700    0.0032324800
   0.0004367400    0.0067522400    0.0032538900
   0.0002976300    0.0068433500    0.0032179700
   0.0003519500    0.0067087200    0.0032327000
   0.0003256700    0.0067982500    0.0031754800
   0.0007485700    0.0072475700   -0.0041825200
   0.0007704600    0.0071847900   -0.0042153000
   0.0009316900    0.0074096400   -0.0042268300
   0.0007547100    0.0071274400   -0.0042033100
   0.0007165000    0.0071546600   -0.0042248200
   0.0007377400    0.0071384100   -0.0043215400
   0.0007837600    0.0070528700   -0.0042946300
   0.0020690400    0.0074671000   -0.0041218500
  -0.0000481500    0.0000182500    0.0000296900
   0.0002962100    0.0000901000    0.0001596800
   0.0000305700   -0.0000100600   -0.0000489900
   0.0002973900    0.0000528300    0.0003435100
  -0.0000040100    0.0000735700   -0.0000491200
  -0.0000227500   -0.0000263900    0.0000687900
  -0.0005862800    0.0000244200    0.0000280500
  -0.0000555700   -0.0000077900    0.0000084800
   0.0022094700   -0.0059622800   -0.0010310400
   0.0018739000   -0.0064548100   -0.0005245400
   0.0024870400   -0.0071385500   -0.0005125600
   0.0018384900   -0.0064580900   -0.0005499100
   0.0018790300   -0.0065167100   -0.0005489100
   0.0018208900   -0.0065606600   -0.0005057800
   0.0019358800   -0.0064722600   -0.0005356100
   0.0018320300   -0.0065196000   -0.0005665400
  -0.0025957700   -0.0054443400    0.0011716900
  -0.0028079800   -0.0051487300    0.0011545000
  -0.0026144100   -0.0051545600    0.0007406600
  -0.0027280800   -0.0054596600    0.0012082100
  -0.0027373900   -0.0054206200    0.0011968500
  -0.0024932700   -0.0062340400    0.0006376900
  -0.0027371200   -0.0055046900    0.0011776500
  -0.0025820100   -0.0056037000    0.0011843600
  -0.0016950200    0.0055424600    0.0006158500
  -0.0021712600    0.0054591900    0.0005109000
  -0.0021334000    0.0053076800    0.0005480600
  -0.0021840300    0.0055146500    0.0005116700
  -0.0021836000    0.0055072600    0.0005203200
  -0.0023333900    0.0055794800   -0.0001054800
  -0.0022042300    0.0054664900    0.0005251200
  -0.0021363500    0.0054412200    0.0004837400
   0.0022276400    0.0070564800    0.0008889600
   0.0019939300    0.0067963800    0.0010751600
   0.0181388900    0.0295544700    0.0106108900
   0.0019898800    0.0068102000    0.0010330900
   0.0020264800    0.0068306400    0.0010132500
   0.0018075400    0.0066327900    0.0009398100
   0.0020158500    0.0067221700    0.0010891200
   0.0020023900    0.0067447100    0.0010784300
   0.0001006200    0.0000101800    0.0003800700
   0.0000650900   -0.0000108900    0.0000410500
  -0.0121483300    0.0002055700    0.0196553500
  -0.0000275600    0.0000000100   -0.0000344100
   0.0000333700    0.0000091100   -0.0000274400
  -0.0004392400   -0.0000129600   -0.0000296100
   0.0000095100    0.0000391200   -0.0000097600
  -0.0000896700   -0.0002363800   -0.0001175800
  -0.0009173700   -0.0065701600   -0.0009227000
  -0.0019983300   -0.0069509800   -0.0011161100
  -0.0021277400   -0.0068836200   -0.0010589700
  -0.0020418500   -0.0068398600   -0.0010885800
  -0.0020077000   -0.0068345000   -0.0010474600
  -0.0018897100   -0.0066055600   -0.0011503200
  -0.0019912600   -0.0068679000   -0.0010721900
  -0.0020186100   -0.0067518100   -0.0010802300
   0.0025267500   -0.0057942600   -0.0006025100
   0.0022440100   -0.0055775900   -0.0005212100
  -0.0075645800    0.0042569100   -0.0059860700
   0.0022225100   -0.0054926400   -0.0005132100
   0.0021666100   -0.0054927600   -0.0005389100
   0.0021021100   -0.0053643600   -0.0006161800
   0.0022111200   -0.0054867200   -0.0005046000
   0.0021193200   -0.0054181400   -0.0005283300
   0.0035763600    0.0052769900   -0.0009063800
   0.0027319500    0.0054801400   -0.0012465500
   0.0024573300    0.0052334200    0.0002126300
   0.0026785300    0.0054739700   -0.0011870500
   0.0026959100    0.0053927500   -0.0012036200
   0.0026803500    0.0055625800   -0.0011995100
   0.0027221800    0.0054251600   -0.0012583700
   0.0028281900    0.0053265500   -0.0011071200
  -0.0019493700    0.0063303200    0.0004554300
  -0.0018409000    0.0064584600    0.0005639900
  -0.0023405200    0.0066394200    0.0003671800
  -0.0018403000    0.0064642100    0.0005337700
  -0.0018708400    0.0064036300    0.0005327800
  -0.0024293500    0.0061123300    0.0014984700
  -0.0018281800    0.0068437800    0.0006516800
  -0.0016634400    0.0065400000    0.0005376000

33   
  0.0000000000000000  -0.0066574658364036  -0.0074617791871054
  -0.0004653100    0.0058568800    0.0008513700
  -0.0006202800    0.0064874400    0.0013572700
  -0.0006625500    0.0059170900    0.0006435000
  -0.0004542800    0.0059649900    0.0009084800
  -0.0004395800    0.0059481900    0.0009042600
  -0.0004563200    0.0058523300    0.0008923300
  -0.0003981100    0.0059445600    0.0008889700
  -0.0004215100    0.0059572800    0.0009030700
   0.0004224500   -0.0059518100   -0.0008747400
   0.0004258100   -0.0059048900   -0.0008963300
   0.0010719800   -0.0055131100   -0.0006457200
   0.0003596800   -0.0058143400   -0.0008040100
   0.0004143700   -0.0059038800   -0.0008612600
   0.0004648600   -0.0059676600   -0.0008973800
   0.0005030700   -0.0056306600   -0.0010154000
   0.0004352600   -0.0059036800   -0.0008766600
   0.0000793200    0.0003104700   -0.0003364100
  -0.0001736200    0.0002923300   -0.0005080600
  -0.0001697900    0.0008877500    0.0001135400
  -0.0000556800    0.0002291800   -0.0003272400
   0.0000435800    0.0002955300   -0.0002972100
   0.0000992100    0.0003337200   -0.0002987300
   0.0000191900    0.0002441700   -0.0003009300
   0.0000589000    0.0003104800   -0.0002992400
   0.0001040100    0.0000118400    0.0001969000
  -0.0000407100   -0.0002724100    0.0003366500
  -0.0000137500   -0.0002681700    0.0002957800
  -0.0000267500   -0.0003260400    0.0003302300
   0.0004788600    0.0000363000    0.0005357800
  -0.0001018700   -0.0001588900    0.0003984000
  -0.0001148600   -0.0003047800    0.0003251100
  -0.0000433700   -0.0002558200    0.0003138600
  -0.0124156700    0.0837377500    0.0689831600
  -0.0006687000    0.0023188900    0.0004351100
  -0.0009944700    0.0022250300    0.0001487200
  -0.0007092300    0.0022773800    0.0004812500
  -0.0007486600    0.0022640600    0.0004658000
  -0.0002410100    0.0025267300   -0.0000608800
  -0.0005828000    0.0022268800    0.0003441800
  -0.0005242100    0.0021050900    0.0008627000
  -0.0016464600    0.0003138900    0.0019579200
  -0.0012097500    0.0001788800    0.0016994500
  -0.0016186000   -0.0003665300    0.0017588200
  -0.0012240400    0.0002117400    0.0017163200
  -0.0011719400    0.0003115200    0.0016290000
  -0.0015204100   -0.0003639000    0.0017586400
  -0.0012347700    0.0002671800    0.0017769800
  -0.0017478600    0.0004945200   -0.0007765600
   0.0028232200   -0.0015076800   -0.0005573500
   0.0006423100   -0.0015274200   -0.0013566800
   0.0047468300   -0.0079693500   -0.0036692500
   0.0006093100   -0.0015723900   -0.0013466300
   0.0005966000   -0.0016077400   -0.0012965000
   0.0007356400   -0.0015606500   -0.0018464200
   0.0007948900   -0.0015254800   -0.0014238400
   0.0006760800   -0.0016921800   -0.0013019500
  -0.0018222900   -0.0008788000    0.0011693100
  -0.0019841000   -0.0008154800    0.0007147200
  -0.0021244300    0.0017141800    0.0018448600
  -0.0019071900   -0.0008583900    0.0008883900
  -0.0019169200   -0.0008253200    0.0008180800
  -0.0003440700    0.0020430400    0.0025511800
  -0.0018577300   -0.0008662200    0.0007108800
  -0.0016410100   -0.0008590800    0.0014161800
  -0.0015903300    0.0001092900   -0.0057634200
  -0.0009860200    0.0003149300   -0.0019731500
  -0.0005648300    0.0000578600   -0.0025333000
  -0.0007851000    0.0002573900   -0.0021672300
  -0.0008114900    0.0002340200   -0.0020524600
  -0.0011817900   -0.0000533200   -0.0023592000
  -0.0008529400    0.0001585900   -0.0021198800
  -0.0012302200    0.0002165600   -0.0023024700
  -0.0004753400    0.0013658500    0.0013828800
  -0.0004986900    0.0013796400    0.0014689700
  -0.0003856900    0.0014610100    0.0012476000
  -0.0006615700    0.0016173200    0.0014019800
  -0.0006045600    0.0015390100    0.0013700900
   0.0011092600    0.0014264500    0.0005207400
  -0.0005577400    0.0013656300    0.0015198900
  -0.0002067800    0.0016098000    0.0009113800
   0.0001857600    0.0036216000   -0.0042528300
   0.0019130500    0.0008496700   -0.0008533000
  -0.0001864700    0.0034730600   -0.0030581700
   0.0018527000    0.0008162000   -0.0008460900
   0.0019291400    0.0008777300   -0.0008100600
   0.0020198300    0.0008532300   -0.0003470400
   0.0019703200    0.0008649100   -0.0008625900
   0.0021506900    0.0008808700   -0.0003820100
  -0.0007416700   -0.0078625000   -0.0062925800
   0.0011408900   -0.0001791400   -0.0016317400
   0.0011590900   -0.0003379200   -0.0016319200
   0.0011528700   -0.0004482900   -0.0016858600
   0.0012261200   -0.0004228800   -0.0017014800
   0.0010379800   -0.0003313100   -0.0016298400
   0.0011640300   -0.0003337900   -0.0017651400
   0.0002309300   -0.0004448900   -0.0024001600
   0.0005874400   -0.0062937600   -0.0050657400
  -0.0013252800    0.0016122900   -0.0004707000
   0.0002113000    0.0012393200    0.0002148800
  -0.0012363500    0.0016096400   -0.0003042000
  -0.0011913300    0.0016188000   -0.0004650700
  -0.0014735000    0.0014181200   -0.0004830100
  -0.0013694000    0.0015520600   -0.0003673800
  -0.0014665600    0.0015036600   -0.0006091700
   0.0005912000   -0.0020197600   -0.0002357100
   0.0007236800   -0.0020857900   -0.0004997400
   0.0006232200   -0.0022680900    0.0017591900
   0.0007201900   -0.0022201600   -0.0005613300
   0.0007044800   -0.0022315200   -0.0005739300
   0.0010209200   -0.0016231000   -0.0000294500
   0.0006928400   -0.0021940600   -0.0006013700
   0.0012137400   -0.0021697200    0.0028481700
   0.0007773400   -0.0001845000    0.0021383900
   0.0008190400   -0.0003638000    0.0021248800
   0.0004833500   -0.0068428700   -0.0016666100
   0.0007945200   -0.0001611600    0.0021545900
   0.0007953000   -0.0002031200    0.0020749900
  -0.0008053000   -0.0002024200    0.0010175200
   0.0008099900   -0.0004022500    0.0021134600
   0.0007697200   -0.0003731700    0.0022887500
   0.0015542600   -0.0015504900    0.0001230200
   0.0013662200   -0.0017921200    0.0004589700
   0.0030774200   -0.0012664400   -0.0001522400
   0.0012952500   -0.0016062300    0.0004716500
   0.0013380200   -0.0015361900    0.0005348000
   0.0012123200   -0.0021008600   -0.0005923000
   0.0014421400   -0.0017755700    0.0004873600
   0.0010575500   -0.0022179900   -0.0005071000
  -0.0000593100    0.0000188400   -0.0000556200
  -0.0004645000   -0.0000004000   -0.0002793500
   0.0000300400    0.0000128600    0.0000679700
   0.0115508300   -0.0003266500   -0.0189216900
   0.0001448100   -0.0000078400   -0.0000885700
  -0.0000062400   -0.0000012500    0.0000621700
  -0.0001145100    0.0002313200    0.0002274400
  -0.0000107900   -0.0000453200    0.0000006000
  -0.0174682200   -0.0318847600   -0.0050821000
  -0.0007756000   -0.0072337000    0.0042441900
  -0.0009932600   -0.0073525000    0.0044192200
  -0.0008009000   -0.0071586200    0.0041942000
  -0.0007886100   -0.0071350100    0.0041553800
  -0.0008214200   -0.0071261200    0.0042281100
  -0.0008148100   -0.0071939800    0.0042565000
  -0.0006119700   -0.0069950000    0.0043776200
  -0.0002633800   -0.0067916600   -0.0032940700
  -0.0002975400   -0.0067512900   -0.0033076200
  -0.0001433300   -0.0068291000   -0.0026216200
  -0.0002988600   -0.0068082200   -0.0032892700
  -0.0003272500   -0.0068194200   -0.0032661600
  -0.0003121700   -0.0065567100   -0.0032285000
  -0.0003303400   -0.0067625400   -0.0032434600
  -0.0008808100   -0.0068011000   -0.0033404600
  -0.0002089600    0.0008228800    0.0015527200
  -0.0002356200    0.0008626400    0.0015875100
  -0.0006507700    0.0015770400    0.0022222300
  -0.0002319800    0.0007973700    0.0015599000
  -0.0002155500    0.0007942700    0.0015406600
  -0.0004619800    0.0007815600    0.0019241200
  -0.0001292400    0.0005185300    0.0015803300
  -0.0004414300    0.0008889100    0.0016175700
   0.0002063000    0.0023498800    0.0005834200
   0.0005383600    0.0012558800    0.0006558000
  -0.0001342800    0.0007904500    0.0007031300
   0.0005053700    0.0012494500    0.0006300700
   0.0004039700    0.0012405000    0.0006412400
   0.0006627700    0.0012969700    0.0006658100
   0.0004814700    0.0012646700    0.0006941200
   0.0005276900    0.0013246600    0.0006418500
  -0.0000744100   -0.0001195600   -0.0003826400
  -0.0000484100    0.0000109700    0.0000384100
   0.0001402900   -0.0000065400   -0.0004386600
   0.0000481000    0.0000050500   -0.0000077900
   0.0000304800    0.0000050600    0.0000055000
   0.0007426500   -0.0001312100   -0.0000612000
   0.0000050300    0.0000179300   -0.0000298500
   0.0000531800   -0.0000048100   -0.0000034300
  -0.0005373300   -0.0012254700   -0.0006178900
  -0.0005802800   -0.0015129500   -0.0006773200
  -0.0001703600   -0.0010582100   -0.0012747300
  -0.0005176600   -0.0011701700   -0.0006704300
  -0.0005706800   -0.0012412400   -0.0006424300
   0.0002701800   -0.0014629900   -0.0001623200
  -0.0005549400   -0.0012502800   -0.0006451900
  -0.0005624100   -0.0011111800   -0.0005453700
   0.0006141900   -0.0006215900   -0.0029942200
   0.0002540700   -0.0008067900   -0.0015234000
  -0.0005456200   -0.0007434900   -0.0021490100
   0.0002299900   -0.0007615800   -0.0015314300
   0.0002537700   -0.0007752800   -0.0015098800
   0.0001974500   -0.0007449700   -0.0016979800
   0.0002485700   -0.0007817500   -0.0015330800
   0.0003042200   -0.0008135000   -0.0015193900
   0.0101125300   -0.0035101300    0.0090222000
   0.0002987800    0.0068099200    0.0032778400
   0.0000211800    0.0070949500    0.0033355000
   0.0002540700    0.0068815200    0.0032861600
   0.0002659100    0.0068232000    0.0032634300
   0.0004040800    0.0067170200    0.0033112200
   0.0003533400    0.0068590400    0.0032928400
   0.0003787400    0.0067584500    0.0033518100
   0.0008205100    0.0071635900   -0.0042572900
   0.0007955600    0.0072296000   -0.0042212100
   0.0006357300    0.0069811500   -0.0042019400
   0.0008140700    0.0072795500   -0.0042385900
   0.0008498800    0.0072428400   -0.0042199300
   0.0008220800    0.0072536600   -0.0041258200
   0.0007844900    0.0073504800   -0.0041415700
  -0.0004864400    0.0069357500   -0.0043395900
   0.0000493800   -0.0000071100   -0.0000201800
  -0.0002808700   -0.0000926500   -0.0001596100
  -0.0000353200    0.0000183900    0.0000469900
  -0.0002894900   -0.0000366800   -0.0003272200
   0.0000027100   -0.0000634600    0.0000579600
   0.0000248100    0.0000385500   -0.0000638900
   0.0005726000   -0.0000091300   -0.0000218300
   0.0000511700    0.0000183900   -0.0000101700
   0.0015352200   -0.0069920400   -0.0000204500
   0.0018387500   -0.0065124100   -0.0005474700
   0.0012072000   -0.0058444900   -0.0005726200
   0.0018784800   -0.0065098400   -0.0005217100
   0.0018363000   -0.0064733500   -0.0005233300
   0.0018964900   -0.0064213500   -0.0005639900
   0.0017807200   -0.0065065000   -0.0005345900
   0.0018842600   -0.0064466800   -0.0004993700
  -0.0028221100   -0.0055365500    0.0012488700
  -0.0026118200   -0.0058559900    0.0012642500
  -0.0028112600   -0.0058307100    0.0016729000
  -0.0026880300   -0.0055361200    0.0012117200
  -0.0026791900   -0.0055494400    0.0012235700
  -0.0028779200   -0.0047526900    0.0017598900
  -0.0026848200   -0.0054776500    0.0012445700
  -0.0028342000   -0.0053854200    0.0012298800
  -0.0026766800    0.0053581900    0.0004002400
  -0.0021958000    0.0054584100    0.0004744300
  -0.0022369000    0.0056118700    0.0004428300
  -0.0021819200    0.0054095600    0.0004778100
  -0.0021832600    0.0054083800    0.0004617200
  -0.0020191600    0.0053401300    0.0010854300
  -0.0021540900    0.0054464800    0.0004570700
  -0.0022318200    0.0054638500    0.0005102100
   0.0017537000    0.0065162000    0.0012351300
   0.0019897400    0.0067838400    0.0010619800
  -0.0137354200   -0.0152659500   -0.0082849400
   0.0019964000    0.0067600400    0.0011060600
   0.0019597800    0.0067535700    0.0011229400
   0.0021741800    0.0069417400    0.0011943100
   0.0019739600    0.0068656900    0.0010453700
   0.0019758800    0.0068386600    0.0010627200
  -0.0001015600    0.0000025600   -0.0003701300
  -0.0000711200    0.0000214500   -0.0000383000
   0.0124397900   -0.0002222900   -0.0201153600
   0.0000214200    0.0000105700    0.0000382800
  -0.0000265100    0.0000008900    0.0000281300
   0.0004400300    0.0000286500    0.0000237700
   0.0000003700   -0.0000286000    0.0000080500
   0.0000901300    0.0002434200    0.0001076000
  -0.0030784500   -0.0069699800   -0.0011862900
  -0.0019915900   -0.0066129300   -0.0010113000
  -0.0018607200   -0.0066839700   -0.0010707600
  -0.0019477200   -0.0067259200   -0.0010379000
  -0.0019816700   -0.0067211200   -0.0010848800
  -0.0020766300   -0.0069419900   -0.0009866900
  -0.0019922600   -0.0066848000   -0.0010627500
  -0.0019718100   -0.0067954000   -0.0010409600
   0.0018292100   -0.0050977100   -0.0003884400
   0.0021159300   -0.0053221200   -0.0004570900
   0.0120536200   -0.0152618900    0.0050066100
   0.0021397600   -0.0053943800   -0.0004618300
   0.0021939500   -0.0054103300   -0.0004410800
   0.0022567500   -0.0055258800   -0.0003662100
   0.0021570200   -0.0054187500   -0.0004757400
   0.0022398700   -0.0054811200   -0.0004524500
   0.0018472100    0.0057133200   -0.0014852800
   0.0026850700    0.0055183900   -0.0011672700
   0.0029943700    0.0057921800   -0.0025876500
   0.0027396800    0.0055210300   -0.0012300400
   0.0027217800    0.0056292300   -0.0012085100
   0.0027372500    0.0054511300   -0.0012109400
   0.0026919000    0.0055869800   -0.0011537500
   0.0025872000    0.0056720900   -0.0013008300
  -0.0017650600    0.0066620700    0.0006238600
  -0.0018770600    0.0065510700    0.0005128900
  -0.0013835700    0.0063470500    0.0006922800
  -0.0018741500    0.0065416100    0.0005446800
  -0.0018453900    0.0065781200    0.0005454100
  -0.0012817300    0.0068929100   -0.0004487600
  -0.0018912900    0.0061550300    0.0004279200
  -0.0020540700    0.0064603000    0.0005385400

33   
  0.0050000594327610   0.0000000000000000   0.0086602197240519
   0.0000348300    0.0059831500    0.0000270800
   0.0000046800    0.0058493400   -0.0001744900
  -0.0003983000    0.0064084800   -0.0001227900
   0.0000114400    0.0059281100   -0.0000453700
   0.0000417100    0.0059652000   -0.0000369900
   0.0000210200    0.0059748400    0.0000208700
  -0.0000168600    0.0059384400   -0.0000053800
  -0.0000149000    0.0059407100   -0.0000127100
   0.0000348300   -0.0059831500    0.0000270800
  -0.0000168600   -0.0059384400   -0.0000053800
  -0.0003983000   -0.0064084800   -0.0001227900
   0.0000417100   -0.0059652000   -0.0000369900
   0.0000114400   -0.0059281100   -0.0000453700
   0.0000210200   -0.0059748400    0.0000208700
   0.0000046800   -0.0058493400   -0.0001744900
  -0.0000149000   -0.0059407100   -0.0000127100
  -0.0000475900    0.0002669200    0.0000188200
  -0.0003001700    0.0006392700   -0.0001276100
  -0.0000478600    0.0001603500   -0.0001394300
   0.0001246100    0.0003168900    0.0000137900
  -0.0000119600    0.0002917600   -0.0000210100
  -0.0000497500    0.0002720200    0.0000017300
   0.0000440300    0.0002891000    0.0000241900
   0.0000226900    0.0003221100   -0.0000317100
  -0.0000478600   -0.0001603500   -0.0001394300
  -0.0000119600   -0.0002917600   -0.0000210100
  -0.0000475900   -0.0002669200    0.0000188200
   0.0000440300   -0.0002891000    0.0000241900
  -0.0003001700   -0.0006392700   -0.0001276100
   0.0000226900   -0.0003221100   -0.0000317100
   0.0001246100   -0.0003168900    0.0000137900
  -0.0000497500   -0.0002720200    0.0000017300
  -0.0240258800    0.0000000000   -0.0714544100
  -0.0005854800   -0.0000097900    0.0007163900
  -0.0003838500   -0.0000000000    0.0012305000
  -0.0006258700   -0.0000346800    0.0006750300
  -0.0006258700    0.0000346800    0.0006750300
  -0.0010689000   -0.0000000000    0.0009521800
  -0.0005854800    0.0000097900    0.0007163900
  -0.0001437300   -0.0000000000    0.0000872000
   0.0001293000   -0.0000000000    0.0009416700
  -0.0009381500    0.0000649700    0.0014724100
   0.0006352800   -0.0000000000    0.0012648000
  -0.0009562600    0.0000799800    0.0015734000
  -0.0009562600   -0.0000799800    0.0015734000
   0.0005652400   -0.0000000000    0.0011466400
  -0.0009381500   -0.0000649700    0.0014724100
   0.0001896200   -0.0000000000    0.0041989900
  -0.0016373700   -0.0000000000   -0.0020775800
   0.0003324500    0.0000150600   -0.0012639600
  -0.0035795500   -0.0000000000    0.0014547600
   0.0004250700   -0.0000408600   -0.0013854500
   0.0004250700    0.0000408600   -0.0013854500
   0.0002188300   -0.0000000000   -0.0005455700
   0.0003324500   -0.0000150600   -0.0012639600
   0.0002466300   -0.0000000000   -0.0013206100
  -0.0021959600   -0.0000000000    0.0001649000
  -0.0017497100   -0.0000543300    0.0008689700
   0.0010033500   -0.0000000000   -0.0005748400
  -0.0016458300    0.0000220900    0.0006875600
  -0.0016458300   -0.0000220900    0.0006875600
  -0.0006351900   -0.0000000000   -0.0024668800
  -0.0017497100    0.0000543300    0.0008689700
  -0.0025424600   -0.0000000000   -0.0003084800
   0.0001950200   -0.0000000000    0.0023382500
  -0.0006439100   -0.0001589700   -0.0021477500
  -0.0008697400   -0.0000000000   -0.0015345700
  -0.0009462900   -0.0000136800   -0.0020342700
  -0.0009462900    0.0000136800   -0.0020342700
  -0.0000861500   -0.0000000000   -0.0015903900
  -0.0006439100    0.0001589700   -0.0021477500
   0.0002833500   -0.0000000000   -0.0020388800
  -0.0002598300   -0.0000000000    0.0014684700
  -0.0005297800   -0.0000028400    0.0011737600
  -0.0005498100   -0.0000000000    0.0013557600
  -0.0004400000   -0.0000314600    0.0013035800
  -0.0004400000    0.0000314600    0.0013035800
  -0.0003345400   -0.0000000000    0.0019844100
  -0.0005297800    0.0000028400    0.0011737600
  -0.0006967500   -0.0000000000    0.0023215900
   0.0024684100   -0.0000000000    0.0045615600
   0.0016778100    0.0000143000   -0.0006804400
   0.0042473600   -0.0000000000    0.0034889100
   0.0018273700    0.0000605500   -0.0007208700
   0.0018273700   -0.0000605500   -0.0007208700
   0.0011267300   -0.0000000000   -0.0012719300
   0.0016778100   -0.0000143000   -0.0006804400
   0.0006901500   -0.0000000000   -0.0011920700
   0.0046710500   -0.0000000000    0.0025873200
   0.0009016100   -0.0000951000   -0.0015662200
   0.0010581900   -0.0000000000   -0.0017007200
   0.0009488700    0.0000391200   -0.0015490900
   0.0009488700   -0.0000391200   -0.0015490900
   0.0012018000   -0.0000000000   -0.0016813600
   0.0009016100    0.0000951000   -0.0015662200
   0.0010898200   -0.0000000000   -0.0013625900
  -0.0008058200   -0.0000000000    0.0045600700
  -0.0014447700   -0.0000282500   -0.0006231800
  -0.0030903000   -0.0000000000   -0.0013125100
  -0.0015191000    0.0000292400   -0.0006525700
  -0.0015191000   -0.0000292400   -0.0006525700
  -0.0012456800   -0.0000000000   -0.0005143500
  -0.0014447700    0.0000282500   -0.0006231800
  -0.0012648300   -0.0000000000   -0.0004894800
   0.0003075200   -0.0000000000   -0.0008571300
   0.0006940700   -0.0000764000   -0.0005680500
  -0.0017107300   -0.0000000000   -0.0032872800
   0.0005993100   -0.0000142800   -0.0005432300
   0.0005993100    0.0000142800   -0.0005432300
  -0.0005498200   -0.0000000000   -0.0014158800
   0.0006940700    0.0000764000   -0.0005680500
  -0.0021745700   -0.0000000000   -0.0048705600
   0.0010151000   -0.0000000000    0.0017021000
   0.0008381600   -0.0000498800    0.0020259200
   0.0016867200   -0.0000000000    0.0038410200
   0.0007384700   -0.0000149300    0.0020210700
   0.0007384700    0.0000149300    0.0020210700
   0.0014909900   -0.0000000000    0.0024777800
   0.0008381600    0.0000498800    0.0020259200
   0.0008089600   -0.0000000000    0.0016302100
   0.0011396200   -0.0000000000    0.0015412300
   0.0013123200    0.0000133800    0.0005756300
   0.0007158300   -0.0000000000    0.0011491400
   0.0014132100    0.0000092400    0.0005182400
   0.0014132100   -0.0000092400    0.0005182400
   0.0017600100   -0.0000000000    0.0026359400
   0.0013123200   -0.0000133800    0.0005756300
   0.0019950600   -0.0000000000    0.0024234300
   0.0000423000   -0.0000644800    0.0000444500
   0.0005231600   -0.0000000000    0.0002387300
  -0.0000060900   -0.0000089000   -0.0000528600
  -0.0097865300   -0.0000000000    0.0142262500
   0.0000536900   -0.0000000000    0.0000846200
  -0.0000060900    0.0000089000   -0.0000528600
   0.0000430100   -0.0000000000   -0.0003031800
   0.0000423000    0.0000644800    0.0000444500
   0.0074988600    0.0092647700    0.0081010800
  -0.0002156000   -0.0069218100    0.0036990400
   0.0001262100   -0.0067106000    0.0035248800
  -0.0001317700   -0.0070206600    0.0037417900
  -0.0001435400   -0.0070378600    0.0037669700
  -0.0002293700   -0.0071156900    0.0037109900
  -0.0001528600   -0.0069925300    0.0037038700
  -0.0003481800   -0.0069422200    0.0038640000
   0.0001112800   -0.0070546200   -0.0037430900
   0.0001760500   -0.0069103300   -0.0037383600
   0.0005670300   -0.0071416600   -0.0037687200
   0.0001421800   -0.0069138000   -0.0036879300
   0.0001606700   -0.0069103600   -0.0037225700
   0.0000929900   -0.0071157200   -0.0038969800
   0.0001706600   -0.0070290600   -0.0037331400
   0.0013653100   -0.0072062200   -0.0034858800
  -0.0004538600    0.0011331600    0.0004107100
  -0.0004410200    0.0011030600    0.0003835800
   0.0000795900    0.0007106600    0.0003078800
  -0.0004087000    0.0010981600    0.0004281600
  -0.0004615300    0.0011475900    0.0004548000
  -0.0006506300    0.0006384200    0.0002648300
  -0.0005013200    0.0011554100    0.0004027300
  -0.0002299300    0.0010998900    0.0003192200
   0.0004717600    0.0004275600    0.0004757600
   0.0004273600    0.0011243700   -0.0004424100
   0.0012753300    0.0014756200   -0.0000536600
   0.0004364200    0.0011223800   -0.0004325500
   0.0005677600    0.0011622700   -0.0003992600
   0.0003428400    0.0010047600   -0.0002950200
   0.0004629300    0.0011010000   -0.0004586800
   0.0004279200    0.0010326300   -0.0004005900
  -0.0000960200   -0.0000000000    0.0001211500
   0.0000044800    0.0000055800    0.0000001500
   0.0000833200   -0.0000000000    0.0004310300
  -0.0000389800   -0.0000003000   -0.0000177700
  -0.0000389800    0.0000003000   -0.0000177700
  -0.0008346000   -0.0000000000    0.0000530500
   0.0000044800   -0.0000055800    0.0000001500
  -0.0001635600   -0.0000000000   -0.0000293100
  -0.0004538600   -0.0011331600    0.0004107100
  -0.0005013200   -0.0011554100    0.0004027300
   0.0000795900   -0.0007106600    0.0003078800
  -0.0004615300   -0.0011475900    0.0004548000
  -0.0004087000   -0.0010981600    0.0004281600
  -0.0006506300   -0.0006384200    0.0002648300
  -0.0004410200   -0.0011030600    0.0003835800
  -0.0002299300   -0.0010998900    0.0003192200
   0.0004717600   -0.0004275600    0.0004757600
   0.0004629300   -0.0011010000   -0.0004586800
   0.0012753300   -0.0014756200   -0.0000536600
   0.0005677600   -0.0011622700   -0.0003992600
   0.0004364200   -0.0011223800   -0.0004325500
   0.0003428400   -0.0010047600   -0.0002950200
   0.0004273600   -0.0011243700   -0.0004424100
   0.0004279200   -0.0010326300   -0.0004005900
   0.0074988600   -0.0092647700    0.0081010800
  -0.0001528600    0.0069925300    0.0037038700
   0.0001262100    0.0067106000    0.0035248800
  -0.0001435400    0.0070378600    0.0037669700
  -0.0001317700    0.0070206600    0.0037417900
  -0.0002293700    0.0071156900    0.0037109900
  -0.0002156000    0.0069218100    0.0036990400
  -0.0003481800    0.0069422200    0.0038640000
   0.0001112800    0.0070546200   -0.0037430900
   0.0001706600    0.0070290600   -0.0037331400
   0.0005670300    0.0071416600   -0.0037687200
   0.0001606700    0.0069103600   -0.0037225700
   0.0001421800    0.0069138000   -0.0036879300
   0.0000929900    0.0071157200   -0.0038969800
   0.0001760500    0.0069103300   -0.0037383600
   0.0013653100    0.0072062200   -0.0034858800
  -0.0000482100    0.0000145100    0.0000058900
   0.0006845600   -0.0000000000    0.0003676500
  -0.0000195600    0.0000033500    0.0000018400
   0.0002183000   -0.0000000000    0.0001035300
  -0.0000009800   -0.0000000000   -0.0000283300
  -0.0000195600   -0.0000033500    0.0000018400
  -0.0005613700   -0.0000000000    0.0000506100
  -0.0000482100   -0.0000145100    0.0000058900
   0.0027941300   -0.0054210600   -0.0010638600
   0.0023211700   -0.0058879000   -0.0008875600
   0.0025681500   -0.0060290500    0.0002606100
   0.0022643500   -0.0058595000   -0.0008719100
   0.0022860700   -0.0059649000   -0.0008616800
   0.0022348300   -0.0061147400   -0.0008517900
   0.0023724100   -0.0059170000   -0.0008631200
   0.0023152300   -0.0059382800   -0.0007475100
  -0.0022229400   -0.0058200000    0.0007487400
  -0.0023561400   -0.0059378400    0.0008813000
  -0.0021508500   -0.0061457600    0.0008146800
  -0.0023087200   -0.0058888900    0.0008747200
  -0.0022870200   -0.0059037200    0.0008692500
  -0.0020042100   -0.0060033600    0.0009466600
  -0.0022998000   -0.0059087000    0.0008568700
  -0.0020572300   -0.0060831900    0.0008404600
  -0.0010551000    0.0059744100   -0.0000374100
  -0.0020805600    0.0061440600   -0.0002513100
  -0.0021430600    0.0060874900   -0.0002758000
  -0.0021057600    0.0061825000   -0.0002596700
  -0.0020950200    0.0062215100   -0.0002585300
  -0.0017302000    0.0059798800   -0.0003174200
  -0.0020991200    0.0062137300   -0.0002636900
  -0.0020710000    0.0061011700   -0.0002990700
   0.0024158800    0.0065339600    0.0000035600
   0.0021004100    0.0061135700    0.0002453000
   0.0092440900    0.0209089500    0.0046893400
   0.0020776200    0.0061398700    0.0002297600
   0.0021347100    0.0061761600    0.0002348800
   0.0018896700    0.0062460700    0.0003790500
   0.0021486400    0.0060810600    0.0002517200
   0.0020226600    0.0059959300    0.0002571500
   0.0001773000   -0.0000000000    0.0004473600
   0.0000461600   -0.0000473700    0.0000170800
  -0.0103985000    0.0000000000    0.0149610500
   0.0000151900   -0.0000029800   -0.0000219500
   0.0000151900    0.0000029800   -0.0000219500
  -0.0002826000   -0.0000000000    0.0000660000
   0.0000461600    0.0000473700    0.0000170800
  -0.0002569200   -0.0000000000   -0.0000667100
  -0.0010551000   -0.0059744100   -0.0000374100
  -0.0020991200   -0.0062137300   -0.0002636900
  -0.0021430600   -0.0060874900   -0.0002758000
  -0.0020950200   -0.0062215100   -0.0002585300
  -0.0021057600   -0.0061825000   -0.0002596700
  -0.0017302000   -0.0059798800   -0.0003174200
  -0.0020805600   -0.0061440600   -0.0002513100
  -0.0020710000   -0.0061011700   -0.0002990700
   0.0024158800   -0.0065339600    0.0000035600
   0.0021486400   -0.0060810600    0.0002517200
   0.0092440900   -0.0209089500    0.0046893400
   0.0021347100   -0.0061761600    0.0002348800
   0.0020776200   -0.0061398700    0.0002297600
   0.0018896700   -0.0062460700    0.0003790500
   0.0021004100   -0.0061135700    0.0002453000
   0.0020226600   -0.0059959300    0.0002571500
   0.0027941300    0.0054210600   -0.0010638600
   0.0023724100    0.0059170000   -0.0008631200
   0.0025681500    0.0060290500    0.0002606100
   0.0022860700    0.0059649000   -0.0008616800
   0.0022643500    0.0058595000   -0.0008719100
   0.0022348300    0.0061147400   -0.0008517900
   0.0023211700    0.0058879000   -0.0008875600
   0.0023152300    0.0059382800   -0.0007475100
  -0.0022229400    0.0058200000    0.0007487400
  -0.0022998000    0.0059087000    0.0008568700
  -0.0021508500    0.0061457600    0.0008146800
  -0.0022870200    0.0059037200    0.0008692500
  -0.0023087200    0.0058888900    0.0008747200
  -0.0020042100    0.0060033600    0.0009466600
  -0.0023561400    0.0059378400    0.0008813000
  -0.0020572300    0.0060831900    0.0008404600

33   
 -0.0050000594327610   0.0000000000000000  -0.0086602197240519
  -0.0000340400    0.0058635800   -0.0000271300
   0.0000015200    0.0059986700    0.0001839600
   0.0004031400    0.0054444700    0.0001308300
  -0.0000124500    0.0059169400    0.0000453700
  -0.0000378100    0.0058880700    0.0000355800
  -0.0000137200    0.0058773000   -0.0000190300
   0.0000177100    0.0059066000    0.0000062100
   0.0000221400    0.0059106400    0.0000100500
  -0.0000340400   -0.0058635800   -0.0000271300
   0.0000177100   -0.0059066000    0.0000062100
   0.0004031400   -0.0054444700    0.0001308300
  -0.0000378100   -0.0058880700    0.0000355800
  -0.0000124500   -0.0059169400    0.0000453700
  -0.0000137200   -0.0058773000   -0.0000190300
   0.0000015200   -0.0059986700    0.0001839600
   0.0000221400   -0.0059106400    0.0000100500
   0.0000462400    0.0003011100   -0.0000275000
   0.0002962100   -0.0000658300    0.0001291700
   0.0000511400    0.0004046800    0.0001396000
  -0.0001199100    0.0002502300   -0.0000168900
   0.0000140800    0.0002765300    0.0000123000
   0.0000524000    0.0002968300    0.0000030500
  -0.0000375500    0.0002785200   -0.0000160700
  -0.0000143600    0.0002485200    0.0000256100
   0.0000511400   -0.0004046800    0.0001396000
   0.0000140800   -0.0002765300    0.0000123000
   0.0000462400   -0.0003011100   -0.0000275000
  -0.0000375500   -0.0002785200   -0.0000160700
   0.0002962100    0.0000658300    0.0001291700
  -0.0000143600   -0.0002485200    0.0000256100
  -0.0001199100   -0.0002502300   -0.0000168900
   0.0000524000   -0.0002968300    0.0000030500
   0.0223055500    0.0000000000    0.0729327100
  -0.0007249500    0.0000077300    0.0003653000
  -0.0009396800   -0.0000000000   -0.0001569000
  -0.0006888000    0.0000388300    0.0004198400
  -0.0006888000   -0.0000388300    0.0004198400
  -0.0002738000   -0.0000000000    0.0001116200
  -0.0007249500   -0.0000077300    0.0003653000
  -0.0011771700   -0.0000000000    0.0009931900
  -0.0023242900   -0.0000000000    0.0023730600
  -0.0012408200   -0.0000586800    0.0018422000
  -0.0028073500   -0.0000000000    0.0021013600
  -0.0012308900   -0.0000814400    0.0017351600
  -0.0012308900    0.0000814400    0.0017351600
  -0.0026866600   -0.0000000000    0.0021165000
  -0.0012408200    0.0000586800    0.0018422000
  -0.0023612000   -0.0000000000   -0.0007288400
   0.0027557400   -0.0000000000   -0.0006603200
   0.0007587400   -0.0000081300   -0.0014762000
   0.0045766300   -0.0000000000   -0.0040421000
   0.0006635200    0.0000342100   -0.0013566600
   0.0006635200   -0.0000342100   -0.0013566600
   0.0008800500   -0.0000000000   -0.0021648000
   0.0007587400    0.0000081300   -0.0014762000
   0.0008684000   -0.0000000000   -0.0014406000
  -0.0014997200   -0.0000000000    0.0013478700
  -0.0019116200    0.0000589200    0.0006788700
  -0.0047013600   -0.0000000000    0.0020749500
  -0.0020331200   -0.0000245100    0.0008401500
  -0.0020331200    0.0000245100    0.0008401500
  -0.0029057900   -0.0000000000    0.0040200300
  -0.0019116200   -0.0000589200    0.0006788700
  -0.0011978000   -0.0000000000    0.0017708400
  -0.0017239200   -0.0000000000   -0.0066231300
  -0.0009324000    0.0001557800   -0.0020093500
  -0.0007392100   -0.0000000000   -0.0025948700
  -0.0006465000    0.0000141300   -0.0021056400
  -0.0006465000   -0.0000141300   -0.0021056400
  -0.0014769600   -0.0000000000   -0.0026055400
  -0.0009324000   -0.0001557800   -0.0020093500
  -0.0018389500   -0.0000000000   -0.0021009200
  -0.0008048500   -0.0000000000    0.0013201300
  -0.0005587800    0.0000030300    0.0015626900
  -0.0005273000   -0.0000000000    0.0013881700
  -0.0006453100    0.0000305300    0.0014368100
  -0.0006453100   -0.0000305300    0.0014368100
  -0.0007355000   -0.0000000000    0.0009026500
  -0.0005587800   -0.0000030300    0.0015626900
  -0.0003536700   -0.0000000000    0.0004490700
   0.0010778400   -0.0000000000   -0.0062442300
   0.0019942000   -0.0000128500   -0.0008606600
  -0.0004292500   -0.0000000000   -0.0048523900
   0.0018572600   -0.0000637200   -0.0008077400
   0.0018572600    0.0000637200   -0.0008077400
   0.0025751900   -0.0000000000   -0.0002408300
   0.0019942000    0.0000128500   -0.0008606600
   0.0029466400   -0.0000000000   -0.0003626200
  -0.0030293500   -0.0000000000   -0.0059302600
   0.0012873300    0.0000932500   -0.0017550000
   0.0011523200   -0.0000000000   -0.0016038100
   0.0012442900   -0.0000425200   -0.0017562500
   0.0012442900    0.0000425200   -0.0017562500
   0.0010175800   -0.0000000000   -0.0016798700
   0.0012873300   -0.0000932500   -0.0017550000
   0.0011264700   -0.0000000000   -0.0019277400
  -0.0022446000   -0.0000000000   -0.0062105600
  -0.0012965500    0.0000272800   -0.0003916200
   0.0002885200   -0.0000000000    0.0002451500
  -0.0012239800   -0.0000302800   -0.0003184400
  -0.0012239800    0.0000302800   -0.0003184400
  -0.0015027300   -0.0000000000   -0.0004780600
  -0.0012965500   -0.0000272800   -0.0003916200
  -0.0014758300   -0.0000000000   -0.0004684800
   0.0010283300   -0.0000000000   -0.0002270700
   0.0006254800    0.0000815100   -0.0005133600
   0.0029479200   -0.0000000000    0.0021148700
   0.0007234300    0.0000139900   -0.0005445800
   0.0007234300   -0.0000139900   -0.0005445800
   0.0018100000   -0.0000000000    0.0002860300
   0.0006254800   -0.0000815100   -0.0005133600
   0.0034135800   -0.0000000000    0.0037451200
   0.0005991300   -0.0000000000    0.0024238100
   0.0007445100    0.0000507000    0.0021315700
   0.0000170300   -0.0000000000    0.0003917700
   0.0008612600    0.0000118800    0.0021205600
   0.0008612600   -0.0000118800    0.0021205600
   0.0000429400   -0.0000000000    0.0016469200
   0.0007445100   -0.0000507000    0.0021315700
   0.0008069900   -0.0000000000    0.0025174200
   0.0015956700   -0.0000000000   -0.0005523900
   0.0014361300   -0.0000118000    0.0004391500
   0.0021327600   -0.0000000000   -0.0001604300
   0.0013359000   -0.0000118700    0.0004572200
   0.0013359000    0.0000118700    0.0004572200
   0.0009702800   -0.0000000000   -0.0015250400
   0.0014361300    0.0000118000    0.0004391500
   0.0007878900   -0.0000000000   -0.0014543400
  -0.0000399500    0.0000643400   -0.0000484100
  -0.0005026100   -0.0000000000   -0.0002228900
   0.0000098100    0.0000060400    0.0000541300
   0.0095256700   -0.0000000000   -0.0138835300
  -0.0000582600   -0.0000000000   -0.0000680200
   0.0000098100   -0.0000060400    0.0000541300
  -0.0000597000   -0.0000000000    0.0002764000
  -0.0000399500   -0.0000643400   -0.0000484100
  -0.0080100200   -0.0234869000   -0.0006015000
  -0.0002129200   -0.0070581900    0.0037830700
  -0.0005392600   -0.0072763400    0.0039833700
  -0.0003000100   -0.0069413700    0.0037494600
  -0.0002839600   -0.0069246800    0.0037248500
  -0.0001973300   -0.0068260500    0.0037820300
  -0.0002751700   -0.0069805800    0.0037747400
  -0.0000779900   -0.0070498600    0.0036232200
   0.0003119900   -0.0069218300   -0.0037540700
   0.0002603200   -0.0070597300   -0.0037434100
  -0.0001269300   -0.0068347300   -0.0037034000
   0.0002927300   -0.0070573700   -0.0037986500
   0.0002716800   -0.0070589700   -0.0037643100
   0.0003342200   -0.0068679700   -0.0036004600
   0.0002656000   -0.0069446400   -0.0037469900
  -0.0009092600   -0.0067654100   -0.0040237200
  -0.0003473300    0.0009567700    0.0004924700
  -0.0003635600    0.0010087900    0.0005018300
  -0.0009324100    0.0013920500    0.0005924000
  -0.0003976000    0.0009972400    0.0004651200
  -0.0003464600    0.0009517200    0.0004393200
  -0.0001303600    0.0015050000    0.0006094600
  -0.0003055600    0.0009557500    0.0004843400
  -0.0005695600    0.0010184600    0.0005777100
   0.0003197100    0.0017184400   -0.0013819200
   0.0003842000    0.0009709800   -0.0004492400
  -0.0004717600    0.0006544200   -0.0008731300
   0.0003777000    0.0009914800   -0.0004556900
   0.0002431500    0.0009528900   -0.0004911300
   0.0004783700    0.0010502000   -0.0006070800
   0.0003513800    0.0009922000   -0.0004312700
   0.0003756500    0.0010896400   -0.0004947500
   0.0001447900   -0.0000000000   -0.0001475100
  -0.0000034900   -0.0000032000    0.0000192300
  -0.0001251600   -0.0000000000   -0.0004473300
   0.0000415600   -0.0000009500   -0.0000015900
   0.0000415600    0.0000009500   -0.0000015900
   0.0008884900   -0.0000000000    0.0000186800
  -0.0000034900    0.0000032000    0.0000192300
   0.0001353300   -0.0000000000    0.0000154300
  -0.0003473300   -0.0009567700    0.0004924700
  -0.0003055600   -0.0009557500    0.0004843400
  -0.0009324100   -0.0013920500    0.0005924000
  -0.0003464600   -0.0009517200    0.0004393200
  -0.0003976000   -0.0009972400    0.0004651200
  -0.0001303600   -0.0015050000    0.0006094600
  -0.0003635600   -0.0010087900    0.0005018300
  -0.0005695600   -0.0010184600    0.0005777100
   0.0003197100   -0.0017184400   -0.0013819200
   0.0003513800   -0.0009922000   -0.0004312700
  -0.0004717600   -0.0006544200   -0.0008731300
   0.0002431500   -0.0009528900   -0.0004911300
   0.0003777000   -0.0009914800   -0.0004556900
   0.0004783700   -0.0010502000   -0.0006070800
   0.0003842000   -0.0009709800   -0.0004492400
   0.0003756500   -0.0010896400   -0.0004947500
  -0.0080100200    0.0234869000   -0.0006015000
  -0.0002751700    0.0069805800    0.0037747400
  -0.0005392600    0.0072763400    0.0039833700
  -0.0002839600    0.0069246800    0.0037248500
  -0.0003000100    0.0069413700    0.0037494600
  -0.0001973300    0.0068260500    0.0037820300
  -0.0002129200    0.0070581900    0.0037830700
  -0.0000779900    0.0070498600    0.0036232200
   0.0003119900    0.0069218300   -0.0037540700
   0.0002656000    0.0069446400   -0.0037469900
  -0.0001269300    0.0068347300   -0.0037034000
   0.0002716800    0.0070589700   -0.0037643100
   0.0002927300    0.0070573700   -0.0037986500
   0.0003342200    0.0068679700   -0.0036004600
   0.0002603200    0.0070597300   -0.0037434100
  -0.0009092600    0.0067654100   -0.0040237200
   0.0000540600   -0.0000141600   -0.0000080000
  -0.0006320200   -0.0000000000   -0.0003501000
   0.0000230700   -0.0000061900    0.0000059300
  -0.0002216500   -0.0000000000   -0.0001293200
   0.0000327300   -0.0000000000    0.0000479000
   0.0000230700    0.0000061900    0.0000059300
   0.0005169300   -0.0000000000   -0.0000538000
   0.0000540600    0.0000141600   -0.0000080000
   0.0017831900   -0.0065806400   -0.0006329700
   0.0022503700   -0.0060815500   -0.0008608100
   0.0020158500   -0.0059459400   -0.0019720100
   0.0023039100   -0.0061308000   -0.0008739000
   0.0022848500   -0.0060196200   -0.0008841600
   0.0023477700   -0.0058613100   -0.0008924400
   0.0022031400   -0.0060518500   -0.0008844800
   0.0022611200   -0.0060470900   -0.0009908500
  -0.0023377600   -0.0061194700    0.0010011300
  -0.0021999900   -0.0060370800    0.0008692600
  -0.0024355100   -0.0058556700    0.0009339500
  -0.0022591900   -0.0060917100    0.0008688700
  -0.0022776300   -0.0060776800    0.0008759400
  -0.0025064400   -0.0059954200    0.0007609500
  -0.0022580300   -0.0060650200    0.0008932100
  -0.0025076400   -0.0059295300    0.0008972800
  -0.0031162400    0.0062255200   -0.0005187800
  -0.0020913600    0.0060707600   -0.0003277100
  -0.0020200000    0.0061476100   -0.0002966300
  -0.0020625200    0.0060588200   -0.0003181200
  -0.0020773500    0.0060175400   -0.0003193600
  -0.0024312100    0.0061984700   -0.0002487300
  -0.0020711100    0.0060053100   -0.0003115900
  -0.0020881400    0.0061555000   -0.0002648100
   0.0017496900    0.0057020400    0.0005442600
   0.0020729000    0.0061107100    0.0003386800
  -0.0049336500   -0.0083994800   -0.0041483800
   0.0021041100    0.0060902100    0.0003422300
   0.0020484000    0.0060554600    0.0003401400
   0.0022686600    0.0060101600    0.0002080900
   0.0020236300    0.0061400600    0.0003314700
   0.0021471500    0.0062215800    0.0003151300
  -0.0001517800   -0.0000000000   -0.0004495200
  -0.0000397600    0.0000488300   -0.0000107800
   0.0105905100   -0.0000000000   -0.0152379200
  -0.0000122600    0.0000012700    0.0000150900
  -0.0000122600   -0.0000012700    0.0000150900
   0.0002895000   -0.0000000000   -0.0000748900
  -0.0000397600   -0.0000488300   -0.0000107800
   0.0002079600   -0.0000000000    0.0000448100
  -0.0031162400   -0.0062255200   -0.0005187800
  -0.0020711100   -0.0060053100   -0.0003115900
  -0.0020200000   -0.0061476100   -0.0002966300
  -0.0020773500   -0.0060175400   -0.0003193600
  -0.0020625200   -0.0060588200   -0.0003181200
  -0.0024312100   -0.0061984700   -0.0002487300
  -0.0020913600   -0.0060707600   -0.0003277100
  -0.0020881400   -0.0061555000   -0.0002648100
   0.0017496900   -0.0057020400    0.0005442600
   0.0020236300   -0.0061400600    0.0003314700
  -0.0049336500    0.0083994800   -0.0041483800
   0.0020484000   -0.0060554600    0.0003401400
   0.0021041100   -0.0060902100    0.0003422300
   0.0022686600   -0.0060101600    0.0002080900
   0.0020729000   -0.0061107100    0.0003386800
   0.0021471500   -0.0062215800    0.0003151300
   0.0017831900    0.0065806400   -0.0006329700
   0.0022031400    0.0060518500   -0.0008844800
   0.0020158500    0.0059459400   -0.0019720100
   0.0022848500    0.0060196200   -0.0008841600
   0.0023039100    0.0061308000   -0.0008739000
   0.0023477700    0.0058613100   -0.0008924400
   0.0022503700    0.0060815500   -0.0008608100
   0.0022611200    0.0060470900   -0.0009908500
  -0.0023377600    0.0061194700    0.0010011300
  -0.0022580300    0.0060650200    0.0008932100
  -0.0024355100    0.0058556700    0.0009339500
  -0.0022776300    0.0060776800    0.0008759400
  -0.0022591900    0.0060917100    0.0008688700
  -0.0025064400    0.0059954200    0.0007609500
  -0.0021999900    0.0060370800    0.0008692600
  -0.0025076400    0.0059295300    0.0008972800

49   
  0.0025492580064134   0.0039394363668069   0.0088307488203785
  -0.0002810000    0.0056833300    0.0007606000
  -0.0004683600    0.0059340800    0.0009166100
  -0.0004003500    0.0059065100    0.0008674800
  -0.0002971600    0.0057519900    0.0008440400
  -0.0004915900    0.0058743200    0.0009187800
  -0.0004461900    0.0059316900    0.0009006200
  -0.0004071600    0.0059319000    0.0009049900
  -0.0004765300    0.0058630300    0.0008876400
   0.0002000600   -0.0062330800   -0.0010360200
   0.0004466400   -0.0059498000   -0.0009136600
   0.0004505300   -0.0059270900   -0.0009114100
   0.0004166300   -0.0059367600   -0.0008920600
   0.0001385000   -0.0062601100   -0.0009691900
   0.0004250500   -0.0059245300   -0.0009310400
   0.0004036000   -0.0059374500   -0.0008738800
   0.0004358700   -0.0059373900   -0.0009466300
   0.0001362300   -0.0001377700   -0.0008784700
   0.0000211400   -0.0001310500   -0.0008793900
   0.0000575000    0.0002803600   -0.0002849900
  -0.0000110600    0.0003155100   -0.0002436600
   0.0000479100    0.0003044900   -0.0002926400
   0.0000965500    0.0003232200   -0.0002867500
   0.0000566000    0.0002865000   -0.0003316100
   0.0000368700    0.0002846900   -0.0003205200
  -0.0000257300   -0.0002305400    0.0003542100
  -0.0000761500   -0.0002540500    0.0003486300
   0.0000398800   -0.0000367000    0.0002622500
  -0.0000549800   -0.0003012500    0.0002992800
  -0.0000827900   -0.0000298600    0.0002518700
  -0.0000604100   -0.0002980400    0.0003068600
  -0.0001106100   -0.0002445000    0.0004054400
  -0.0000051100   -0.0002530700    0.0003637800
  -0.0000627400    0.0021921600   -0.0012402900
  -0.0004723300    0.0021820300    0.0005726600
  -0.0004759300    0.0060193300    0.0019004800
  -0.0006485900    0.0022745600    0.0004517900
  -0.0006484600    0.0022049200    0.0004600100
  -0.0002425800    0.0022221100    0.0010814200
  -0.0005145300    0.0022227700    0.0005643000
  -0.0004221000    0.0022982400    0.0004829000
  -0.0013352100    0.0002155000    0.0014549000
  -0.0012932100    0.0001476700    0.0017581100
  -0.0015893300    0.0002461700    0.0022664700
  -0.0011863200    0.0002188200    0.0015944100
  -0.0011602500    0.0003014700    0.0015571700
  -0.0006015100    0.0040915500    0.0060489500
  -0.0012291100    0.0002966700    0.0017317100
  -0.0014145700    0.0003238700    0.0016379200
  -0.0241095100   -0.0546347300   -0.0619284900
   0.0006451300   -0.0016143400   -0.0015204700
   0.0010874600   -0.0015519600   -0.0003672700
   0.0004777700   -0.0015595000   -0.0015273500
   0.0004998700   -0.0015591500   -0.0014745800
  -0.0000841400   -0.0015397700   -0.0007142100
   0.0006627400   -0.0015585700   -0.0014303700
   0.0008878600   -0.0015536300   -0.0020673800
  -0.0058632000   -0.0006988800   -0.0016005300
  -0.0018784700   -0.0008504800    0.0008309200
  -0.0013949600   -0.0009104400    0.0011234400
  -0.0018990400   -0.0007264700    0.0007426900
  -0.0019092800   -0.0007247100    0.0007172700
  -0.0011426400   -0.0006895400    0.0020425400
  -0.0018541000   -0.0008160900    0.0007725600
  -0.0007601700   -0.0006954300    0.0017682800
   0.0049266200    0.0003607500   -0.0027462000
  -0.0006749800    0.0001943500   -0.0021058900
  -0.0013143100    0.0003462000   -0.0009298200
  -0.0006538800    0.0003646400   -0.0021532800
  -0.0007449300    0.0002780300   -0.0021042500
  -0.0010082200    0.0001348300   -0.0016339700
  -0.0007697300    0.0002312500   -0.0021226600
  -0.0014101900    0.0003517600   -0.0014266400
  -0.0014820300    0.0018062100    0.0026267100
  -0.0005067500    0.0015213200    0.0013864300
  -0.0003417700    0.0014465000    0.0006604300
  -0.0005813200    0.0016122000    0.0016944600
  -0.0005968100    0.0015911100    0.0016974800
  -0.0010601500    0.0014385600    0.0003847300
  -0.0004964900    0.0015223900    0.0014326900
  -0.0018478700    0.0016048500   -0.0020178200
   0.0030208800    0.0058019100    0.0015189300
   0.0018869300    0.0009108000   -0.0009110400
   0.0016215700    0.0009590900   -0.0024902300
   0.0020029100    0.0007642400   -0.0008179800
   0.0019092000    0.0009072400   -0.0008519200
   0.0021515200    0.0009787900   -0.0008666500
   0.0018788800    0.0008148300   -0.0008924600
   0.0020339400    0.0009913000   -0.0006149500
   0.0011301800   -0.0001073000   -0.0016592800
   0.0011730900   -0.0000714000   -0.0017397900
   0.0029378300   -0.0001800300   -0.0000147800
   0.0012427800   -0.0002202700   -0.0016870100
   0.0012164300   -0.0002595200   -0.0017360900
   0.0014299600   -0.0001695300   -0.0014203300
   0.0011817000   -0.0001663600   -0.0017386000
   0.0004652100   -0.0002567000   -0.0009538600
   0.0009833700    0.0000400700    0.0031656800
  -0.0012862900    0.0015518100   -0.0004058200
   0.0026708600   -0.0000744300    0.0017816400
  -0.0012836700    0.0015972200   -0.0003948800
  -0.0013207200    0.0015562900   -0.0003733500
  -0.0015300600    0.0015936100   -0.0011142200
  -0.0013356800    0.0015753100   -0.0003904400
  -0.0015039900    0.0015812500   -0.0014456400
   0.0010174500   -0.0021067300   -0.0005982000
   0.0006364700   -0.0020748900   -0.0006730800
   0.0004622200   -0.0021488600   -0.0004603800
   0.0005891600   -0.0022223500   -0.0005770000
   0.0005129600   -0.0022203300   -0.0005578500
   0.0008021300   -0.0021220300   -0.0001401800
   0.0005680100   -0.0021229100   -0.0006996700
   0.0014490700   -0.0022406600   -0.0001308400
   0.0029030400    0.0046705800    0.0062078100
   0.0006549000   -0.0001371400    0.0019639300
   0.0003800300   -0.0000759000    0.0018804100
   0.0007001000   -0.0001092800    0.0021463600
   0.0005866200   -0.0003145200    0.0021977100
   0.0012819200   -0.0000916600    0.0017596300
   0.0005738400   -0.0002349200    0.0020580100
   0.0003684500   -0.0000542500    0.0022395900
  -0.0009446600   -0.0031106000    0.0026584500
   0.0013392700   -0.0016275500    0.0004193700
   0.0013404600   -0.0015895000   -0.0002086100
   0.0013789800   -0.0015998800    0.0005108600
   0.0013307500   -0.0016085600    0.0005453700
  -0.0021569500   -0.0033116900    0.0005725000
   0.0013835400   -0.0016141200    0.0005014800
   0.0012233900   -0.0015963800   -0.0005191300
  -0.0000142400   -0.0000139600   -0.0000979100
   0.0078722200    0.0006346600   -0.0003651300
   0.0000721200   -0.0000198200   -0.0000068300
  -0.0000684500    0.0000005400    0.0004326900
   0.0001025400    0.0000021600    0.0002062800
  -0.0000070000   -0.0000102700    0.0000358200
  -0.0000577400   -0.0001068300   -0.0000697500
  -0.0000066000    0.0000142100   -0.0000836900
  -0.0010326800   -0.0075325800    0.0044924300
  -0.0008375100   -0.0072778300    0.0042152700
  -0.0002803500   -0.0073698200    0.0046976800
  -0.0008365100   -0.0071509100    0.0042472800
  -0.0008225800   -0.0071428300    0.0042288600
  -0.0008767200   -0.0073196300    0.0043439100
  -0.0008986300   -0.0072145700    0.0042978200
  -0.0007109600   -0.0071679800    0.0043564100
  -0.0001127900   -0.0062262800   -0.0035743200
  -0.0003017800   -0.0068336800   -0.0032611900
  -0.0001762400   -0.0068552400   -0.0032486800
  -0.0002724200   -0.0068422000   -0.0032962300
  -0.0002944600   -0.0068626200   -0.0032900400
   0.0001791000   -0.0068883000   -0.0028228000
  -0.0002940200   -0.0067938600   -0.0032735200
  -0.0005320200   -0.0068339400   -0.0030689900
   0.0003399000    0.0001776300    0.0016641100
  -0.0001766900    0.0008148400    0.0015171600
  -0.0002318500    0.0007779200    0.0015880600
  -0.0001904800    0.0008165000    0.0015612800
  -0.0002227900    0.0007363600    0.0015839500
  -0.0003133600    0.0013837900    0.0016186000
  -0.0002105000    0.0008052000    0.0015066600
  -0.0003420400    0.0007633100    0.0015109000
   0.0006261600    0.0014718500    0.0010553600
   0.0004960200    0.0013822200    0.0006532500
   0.0006348000    0.0008741000    0.0014299100
   0.0004939300    0.0012732500    0.0006436900
   0.0004420200    0.0012674700    0.0007234900
   0.0004921800    0.0013776500    0.0006709400
   0.0004663800    0.0012428700    0.0006551800
   0.0007167700    0.0012429600    0.0005914300
   0.0097401400    0.0001500900   -0.0014192600
  -0.0000047500   -0.0000025200   -0.0000314400
   0.0002757800    0.0000118900    0.0002513300
   0.0000833100   -0.0000144300   -0.0000514100
  -0.0000424600   -0.0000155000   -0.0000141300
   0.0000474400    0.0000091400   -0.0001015300
  -0.0000682500    0.0000154100    0.0000174400
   0.0000988700   -0.0000995600   -0.0002439400
  -0.0003942000   -0.0013873300   -0.0004445500
  -0.0004818000   -0.0012018900   -0.0006820800
  -0.0004741900   -0.0012532000   -0.0006239700
  -0.0004581700   -0.0012032500   -0.0006200100
  -0.0005012100   -0.0013072600   -0.0006445600
  -0.0007419300   -0.0015538900   -0.0002716000
  -0.0004985900   -0.0013220700   -0.0006548700
  -0.0006518200   -0.0012865200   -0.0006860200
  -0.0001044400   -0.0018474200   -0.0012774000
   0.0001632000   -0.0008811700   -0.0015649600
   0.0001862800   -0.0001708900   -0.0010720600
   0.0002079200   -0.0009396600   -0.0014916300
   0.0001810300   -0.0008264200   -0.0015513300
   0.0002503900   -0.0009867600   -0.0015267300
   0.0002044800   -0.0009144100   -0.0015861400
   0.0004098900   -0.0008999700   -0.0016232500
  -0.0001128200    0.0073979100    0.0033376800
   0.0002893400    0.0067068400    0.0033196500
   0.0000274000    0.0064318000    0.0039125000
   0.0002925300    0.0067335000    0.0032663700
   0.0002872900    0.0066851000    0.0032673900
   0.0001611200    0.0067655100    0.0033543600
   0.0002851700    0.0068243500    0.0032665800
   0.0004739400    0.0067150600    0.0033772400
   0.0007962000    0.0069436400   -0.0043618700
   0.0008208600    0.0071183400   -0.0042540700
   0.0008587700    0.0071432500   -0.0041871900
   0.0008301500    0.0072263700   -0.0042427300
   0.0008406700    0.0072880600   -0.0042521300
   0.0004777100    0.0067915900   -0.0039441800
   0.0008929100    0.0072316000   -0.0042052000
   0.0006546000    0.0072251700   -0.0040156100
   0.0000251000    0.0000520600    0.0000571800
   0.0001773900    0.0001869500   -0.0000008600
   0.0000043000    0.0000226400   -0.0000025300
  -0.0003217000    0.0000225100   -0.0000288500
  -0.0000908100    0.0000485300   -0.0003353100
   0.0000054600   -0.0000062700   -0.0000337400
   0.0000119900    0.0000517200   -0.0001509000
   0.0000282300   -0.0000345600    0.0000634600
   0.0012665900   -0.0129890600   -0.0002545700
   0.0018704700   -0.0066475900   -0.0005432200
   0.0014993500   -0.0067772800   -0.0004121400
   0.0018392100   -0.0066150200   -0.0005076400
   0.0018660200   -0.0064911100   -0.0005131500
   0.0020184700   -0.0066978500   -0.0006470800
   0.0018638300   -0.0065497500   -0.0004464700
   0.0018409700   -0.0064259400   -0.0005704600
  -0.0024022800   -0.0054219700    0.0016246800
  -0.0026941600   -0.0055587200    0.0011932800
  -0.0026612600   -0.0054548900    0.0010916900
  -0.0026828100   -0.0053493300    0.0011653600
  -0.0027096500   -0.0055877900    0.0011931400
  -0.0028331800   -0.0053702700    0.0011700900
  -0.0026884600   -0.0056132200    0.0012033300
  -0.0031541900   -0.0051759500    0.0021346600
  -0.0026298800    0.0055572400    0.0012486300
  -0.0021902400    0.0053739900    0.0004567400
  -0.0019962100    0.0054604100    0.0004037200
  -0.0021531000    0.0053271700    0.0004693100
  -0.0021611500    0.0055540800    0.0004412400
  -0.0021846300    0.0055083600    0.0003903800
  -0.0021846300    0.0053503100    0.0004774400
  -0.0020231000    0.0055509100    0.0008907800
   0.0026449100    0.0000654100    0.0017543700
   0.0019348400    0.0066616000    0.0010692800
   0.0016606300    0.0063860300    0.0011178800
   0.0019938400    0.0067150300    0.0010973400
   0.0019925200    0.0066675500    0.0011240500
   0.0022769200    0.0066402400    0.0010717400
   0.0019304700    0.0066512800    0.0011792000
   0.0019864800    0.0068001000    0.0010554500
   0.0001848300    0.0001629500   -0.0001899800
   0.0000099200    0.0000507900    0.0000239200
   0.0002528000    0.0000582600    0.0000770400
   0.0000022000    0.0000093800    0.0000006500
  -0.0000153400    0.0000075900    0.0000124200
   0.0005538700    0.0000311200   -0.0004435000
  -0.0000750400   -0.0000356300    0.0000892200
   0.0000132000    0.0000510600   -0.0000320000
  -0.0021891000   -0.0067788000   -0.0005686600
  -0.0019922300   -0.0066706300   -0.0011186500
  -0.0018763100   -0.0069332900   -0.0011196000
  -0.0019363500   -0.0065034600   -0.0012341000
  -0.0019861400   -0.0067249500   -0.0011287300
  -0.0020381300   -0.0068643500   -0.0011316800
  -0.0020100200   -0.0067069300   -0.0011066300
  -0.0021343000   -0.0067530000   -0.0009611600
   0.0030241500    0.0215561500    0.0188496700
   0.0021239000   -0.0053466400   -0.0003185600
   0.0018778200   -0.0051129900   -0.0004975700
   0.0021482000   -0.0054060700   -0.0004408000
   0.0022097100   -0.0053595800   -0.0004182900
   0.0024869200   -0.0053577800   -0.0005162600
   0.0021222000   -0.0053333800   -0.0004587800
   0.0021826100   -0.0055456600   -0.0004437800
   0.0018796300    0.0331660700    0.0181541200
   0.0027056700    0.0056156600   -0.0010508200
   0.0023309600    0.0057317900   -0.0011150900
   0.0026875300    0.0055610600   -0.0011554700
   0.0027241300    0.0055103500   -0.0011749900
   0.0028405100    0.0056407600   -0.0013803500
   0.0027260900    0.0055639400   -0.0011920700
   0.0026851400    0.0053562300   -0.0011881400
  -0.0018094400    0.0065363200    0.0006992300
  -0.0018460700    0.0065626300    0.0005130400
  -0.0017704700    0.0064258100    0.0004548600
  -0.0018659100    0.0065274900    0.0004884500
  -0.0018405600    0.0067157400    0.0003713300
  -0.0019151900    0.0062120600    0.0005213400
  -0.0018316400    0.0066067000    0.0004957600
  -0.0020099600    0.0063070500    0.0011661400

49   
 -0.0025492580064134  -0.0039394363668069  -0.0088307488203785
  -0.0005697100    0.0061680100    0.0010233400
  -0.0003944100    0.0059270900    0.0008924100
  -0.0004513200    0.0059480400    0.0009339100
  -0.0005623200    0.0060976000    0.0009476500
  -0.0003763800    0.0059749900    0.0008671100
  -0.0004224800    0.0059495100    0.0009059400
  -0.0004379500    0.0059221200    0.0009017400
  -0.0003705900    0.0059949300    0.0008990500
   0.0006509100   -0.0056254400   -0.0007678700
   0.0004011300   -0.0059081500   -0.0008722900
   0.0003964300   -0.0059317400   -0.0008824500
   0.0004272500   -0.0059163900   -0.0009273600
   0.0007108000   -0.0055936500   -0.0008520700
   0.0004256800   -0.0059333800   -0.0008702900
   0.0004452400   -0.0059141100   -0.0009257500
   0.0004203400   -0.0059245100   -0.0008973500
  -0.0000339600    0.0006943000    0.0002511400
   0.0000779900    0.0007100600    0.0002613900
   0.0000371000    0.0002847500   -0.0003412900
   0.0001091800    0.0002443700   -0.0003723500
   0.0000544600    0.0002560300   -0.0003251000
   0.0000095200    0.0002411500   -0.0003445800
   0.0000485800    0.0002867800   -0.0002979400
   0.0000612700    0.0002868500   -0.0002972600
  -0.0000804000   -0.0003393200    0.0002535100
  -0.0000324500   -0.0003104400    0.0002702200
  -0.0001419100   -0.0005381100    0.0003493700
  -0.0000488500   -0.0002781100    0.0003071600
  -0.0000189000   -0.0005404300    0.0003528700
  -0.0000462800   -0.0002776800    0.0003095200
   0.0000077500   -0.0003204500    0.0002102500
  -0.0000944300   -0.0003194000    0.0002429000
  -0.0012990000    0.0022724500    0.0022515000
  -0.0007896600    0.0022850400    0.0005793400
  -0.0009878400   -0.0016163400   -0.0009362200
  -0.0007025800    0.0021940600    0.0006134600
  -0.0007247000    0.0022667300    0.0005981400
  -0.0010455400    0.0022452000    0.0000550900
  -0.0007681800    0.0022518400    0.0005859800
  -0.0008007000    0.0021678000    0.0006499900
  -0.0009018200    0.0002990600    0.0018302900
  -0.0009487900    0.0003662300    0.0015620400
  -0.0005705900    0.0002680900    0.0010361100
  -0.0009709100    0.0002909200    0.0016674500
  -0.0009941600    0.0002109300    0.0016853100
  -0.0016324800   -0.0035545300   -0.0025324300
  -0.0009626200    0.0002093900    0.0015630500
  -0.0007374700    0.0001922600    0.0016521300
   0.0256974300    0.0521453200    0.0609451300
   0.0004151000   -0.0015784700   -0.0012715000
   0.0000141300   -0.0016479000   -0.0024337600
   0.0005954600   -0.0016343400   -0.0012389200
   0.0005885600   -0.0016301600   -0.0012362400
   0.0011683200   -0.0016444500   -0.0020627300
   0.0004097000   -0.0016316500   -0.0013030800
   0.0002013100   -0.0016377600   -0.0006742300
   0.0023415400   -0.0010244900    0.0031082700
  -0.0017666100   -0.0008570700    0.0006805200
  -0.0022991300   -0.0007941800    0.0003941700
  -0.0017438000   -0.0009849300    0.0008386200
  -0.0017584200   -0.0009789500    0.0008389900
  -0.0025558700   -0.0010064300   -0.0005173000
  -0.0017864100   -0.0008895400    0.0007357200
  -0.0028044200   -0.0010169800   -0.0002000600
  -0.0063898100    0.0000350900   -0.0013687600
  -0.0008709900    0.0001939800   -0.0020868100
  -0.0002700100    0.0000295500   -0.0031980200
  -0.0008423000    0.0000180000   -0.0020216200
  -0.0008592200    0.0001124200   -0.0020186100
  -0.0005053100    0.0002515600   -0.0025822900
  -0.0008408400    0.0001528900   -0.0020393500
  -0.0000627800    0.0000309400   -0.0028051800
   0.0004185300    0.0013747000    0.0001357000
  -0.0005645500    0.0016644600    0.0013141600
  -0.0007373300    0.0017473800    0.0020958300
  -0.0005033200    0.0015766600    0.0010508900
  -0.0004802500    0.0015932000    0.0010409800
  -0.0000283700    0.0017398100    0.0023336300
  -0.0005669200    0.0016640800    0.0013050500
   0.0007791300    0.0015874600    0.0047635000
   0.0007817200   -0.0039846900   -0.0027806300
   0.0017808000    0.0007928900   -0.0006412100
   0.0020498900    0.0007433100    0.0010075700
   0.0016640800    0.0009344300   -0.0006958600
   0.0016934900    0.0007991500   -0.0007077200
   0.0014561600    0.0007307400   -0.0006989800
   0.0017718000    0.0008883100   -0.0006835400
   0.0015794600    0.0007087100   -0.0009728200
   0.0010605200   -0.0003905400   -0.0016799200
   0.0009664100   -0.0004436100   -0.0015117100
  -0.0009834400   -0.0003700300   -0.0032211200
   0.0009975400   -0.0002978800   -0.0016481300
   0.0010175100   -0.0002519700   -0.0016021100
   0.0006829800   -0.0003449700   -0.0018638600
   0.0009589000   -0.0003502100   -0.0015143200
   0.0016535800   -0.0002549400   -0.0023218900
  -0.0036657100    0.0031098800   -0.0040271800
  -0.0014632300    0.0016283500   -0.0006226000
  -0.0055168900    0.0033137800   -0.0029388000
  -0.0014584600    0.0015816800   -0.0005699700
  -0.0014279400    0.0016207100   -0.0005762900
  -0.0012153500    0.0015880900    0.0001653200
  -0.0014198700    0.0016081100   -0.0006183200
  -0.0012616100    0.0015919100    0.0003309300
   0.0003181300   -0.0023900000   -0.0005255400
   0.0007369900   -0.0024014300   -0.0003991700
   0.0008297100   -0.0023253100   -0.0006610900
   0.0007153800   -0.0022590700   -0.0005532200
   0.0007453800   -0.0022531900   -0.0005952300
   0.0003220400   -0.0023102000   -0.0010565200
   0.0007424500   -0.0023524400   -0.0004031400
  -0.0001674800   -0.0022393200   -0.0010262800
  -0.0012955400   -0.0051123300   -0.0023257700
   0.0009240600   -0.0002573100    0.0021366500
   0.0011563500   -0.0003237500    0.0022644900
   0.0009011700   -0.0002872900    0.0020046400
   0.0009389600   -0.0000730600    0.0020147400
   0.0003396100   -0.0002983200    0.0023870400
   0.0009380000   -0.0001581400    0.0020874900
   0.0011943200   -0.0003379200    0.0019565200
   0.0037855400   -0.0000439100   -0.0017053300
   0.0013998000   -0.0015582800    0.0004461700
   0.0014443900   -0.0015965300    0.0011603900
   0.0013673000   -0.0015843300    0.0005274800
   0.0013990200   -0.0015748800    0.0005271600
   0.0048467600    0.0000709200    0.0004634200
   0.0013545900   -0.0015741300    0.0004548800
   0.0015414100   -0.0015869700    0.0016063900
   0.0000098400    0.0000128600    0.0000510300
  -0.0080607400   -0.0006460900    0.0003425400
  -0.0000756100    0.0000153700   -0.0000073600
   0.0000175800   -0.0000044000   -0.0005043700
  -0.0000970000   -0.0000024800   -0.0001060300
  -0.0000006500    0.0000094100   -0.0000018400
   0.0001018100    0.0001038700    0.0000879400
   0.0000050200   -0.0000187700    0.0000486600
  -0.0005853400   -0.0068049900    0.0039290500
  -0.0007380000   -0.0071495700    0.0042627100
  -0.0013217000   -0.0070057600    0.0037178000
  -0.0007326100   -0.0072099100    0.0042074900
  -0.0007430000   -0.0071983100    0.0042219900
  -0.0007138000   -0.0070716500    0.0041252800
  -0.0006742400   -0.0071925100    0.0041769200
  -0.0008794700   -0.0073089800    0.0040966200
  -0.0005771900   -0.0072722600   -0.0029622200
  -0.0004101800   -0.0066346500   -0.0032768300
  -0.0005002400   -0.0066521200   -0.0032983200
  -0.0004331400   -0.0067250000   -0.0032584000
  -0.0004185900   -0.0067451500   -0.0032714200
  -0.0008495000   -0.0067019300   -0.0037243500
  -0.0004149700   -0.0067660600   -0.0032628000
  -0.0001590200   -0.0067566200   -0.0034639100
  -0.0008548600    0.0015602600    0.0014336100
  -0.0003395900    0.0008599200    0.0015506800
  -0.0002989800    0.0009118700    0.0014956400
  -0.0003227700    0.0008451900    0.0015561300
  -0.0003055200    0.0009660500    0.0015450400
  -0.0002295100    0.0002771000    0.0014700900
  -0.0003134100    0.0009163100    0.0015726500
  -0.0001834200    0.0008977100    0.0015948600
   0.0004737200    0.0010552300    0.0003230800
   0.0006057500    0.0012090400    0.0006309300
   0.0005116300    0.0016905100   -0.0000974800
   0.0006145200    0.0012849700    0.0006753900
   0.0006494600    0.0012605700    0.0005944000
   0.0006392300    0.0011978300    0.0006326200
   0.0006287800    0.0013071500    0.0006225400
   0.0004092300    0.0013189900    0.0006924900
  -0.0097145800   -0.0001471800    0.0014098400
   0.0000279100    0.0000008200    0.0000313500
  -0.0002697900   -0.0000115100   -0.0002590900
  -0.0000492100    0.0000122600    0.0000009500
  -0.0000128200    0.0000119800   -0.0000072600
  -0.0000148400   -0.0000145400    0.0000408300
   0.0000346200   -0.0000189300    0.0000352700
  -0.0000767000    0.0000975300    0.0002308600
  -0.0007112400   -0.0011907200   -0.0008852700
  -0.0006192900   -0.0013451500   -0.0006602900
  -0.0006441800   -0.0013087200   -0.0007022600
  -0.0006426500   -0.0013336600   -0.0006738300
  -0.0006103800   -0.0012620800   -0.0006351600
  -0.0003682100   -0.0009866900   -0.0010340300
  -0.0006114400   -0.0012703300   -0.0006759600
  -0.0004624500   -0.0012453900   -0.0006210300
   0.0006217500    0.0001479900   -0.0017982200
   0.0003547900   -0.0008465300   -0.0015603500
   0.0003523700   -0.0015273100   -0.0019858500
   0.0003129100   -0.0007559400   -0.0016001800
   0.0003256500   -0.0008417300   -0.0015399300
   0.0002949100   -0.0007273800   -0.0015790300
   0.0003004400   -0.0007763000   -0.0015466400
   0.0001329700   -0.0008002100   -0.0015034600
   0.0007811400    0.0060830500    0.0031405900
   0.0004114400    0.0068714500    0.0032306800
   0.0006597300    0.0070944600    0.0026091600
   0.0004146400    0.0067806700    0.0032616200
   0.0004206900    0.0068078700    0.0032598700
   0.0005251800    0.0067782600    0.0031868400
   0.0004152500    0.0067369300    0.0032841600
   0.0002084600    0.0069118400    0.0031499000
   0.0007784500    0.0074030200   -0.0041154300
   0.0007380000    0.0071884300   -0.0042108800
   0.0007360600    0.0072002400   -0.0042878300
   0.0007379700    0.0071711100   -0.0042365200
   0.0007202000    0.0071638700   -0.0042360600
   0.0011223300    0.0076332400   -0.0045218700
   0.0006744600    0.0071627400   -0.0042551100
   0.0009313100    0.0072038200   -0.0044425600
  -0.0000136900   -0.0000531800   -0.0000370800
  -0.0000939000   -0.0001686400    0.0000072100
   0.0000175700   -0.0000256600    0.0000022300
   0.0003519700   -0.0000342700    0.0000990000
   0.0000316800   -0.0000596600    0.0003657400
  -0.0000149700    0.0000028000    0.0000060100
  -0.0000730000   -0.0000534300    0.0000860300
  -0.0000364600    0.0000313300   -0.0000616800
   0.0024537900   -0.0000006200   -0.0007854200
   0.0018391000   -0.0063586800   -0.0005431900
   0.0021897000   -0.0062220800   -0.0006857900
   0.0018622900   -0.0063883300   -0.0005783600
   0.0018368400   -0.0064330700   -0.0005759300
   0.0016425200   -0.0062598600   -0.0004354300
   0.0018532100   -0.0064015700   -0.0006395700
   0.0018277200   -0.0064985600   -0.0005119500
  -0.0030103600   -0.0055336500    0.0007687600
  -0.0027078600   -0.0054158700    0.0012234700
  -0.0027432700   -0.0055636500    0.0013301700
  -0.0027381900   -0.0055947100    0.0012550100
  -0.0027014000   -0.0053983700    0.0012175000
  -0.0025529500   -0.0055636000    0.0012613500
  -0.0027040200   -0.0053976900    0.0012074800
  -0.0022160000   -0.0057157900    0.0002753000
  -0.0017492600    0.0053368100   -0.0002683800
  -0.0021651600    0.0055136200    0.0005077800
  -0.0023532600    0.0054272000    0.0005660100
  -0.0021836700    0.0055232700    0.0004999200
  -0.0021946400    0.0053605800    0.0005321500
  -0.0022019800    0.0053597200    0.0005558300
  -0.0021772100    0.0055557200    0.0004990200
  -0.0023464600    0.0052665800    0.0000708400
   0.0014082000    0.0135505600    0.0003481600
   0.0020266600    0.0069064800    0.0010542400
   0.0023348600    0.0071688400    0.0010182100
   0.0019922800    0.0068336600    0.0010303000
   0.0019948000    0.0068478300    0.0010186000
   0.0017415400    0.0069077900    0.0010639900
   0.0020280100    0.0068927500    0.0009548500
   0.0020063600    0.0067103400    0.0010836900
  -0.0002052300   -0.0001843800    0.0001506800
   0.0000153400   -0.0000527300   -0.0000563600
  -0.0002814600   -0.0000508200   -0.0000864000
   0.0000284500   -0.0000124100    0.0000037700
   0.0000025700   -0.0000088700   -0.0000005300
  -0.0004953700   -0.0000269400    0.0003910600
   0.0000363900    0.0000308900   -0.0000795700
  -0.0000191000   -0.0000543400    0.0000570800
  -0.0018198100   -0.0067889000   -0.0015712100
  -0.0019857900   -0.0068850900   -0.0010313200
  -0.0020989300   -0.0066084400   -0.0010135000
  -0.0020259800   -0.0070162400   -0.0009120800
  -0.0019921800   -0.0068554000   -0.0010144900
  -0.0019735600   -0.0066710600   -0.0010354800
  -0.0019769700   -0.0068629100   -0.0010314400
  -0.0018644800   -0.0067402300   -0.0011899300
   0.0013600400   -0.0334025300   -0.0202937000
   0.0022150100   -0.0055610800   -0.0006704500
   0.0024926200   -0.0057807800   -0.0004769300
   0.0022134900   -0.0054879200   -0.0005462600
   0.0021546700   -0.0054981100   -0.0005523000
   0.0019095900   -0.0055323900   -0.0004627300
   0.0022114300   -0.0055591600   -0.0005254100
   0.0021869200   -0.0053112600   -0.0005275000
   0.0034954900   -0.0212931300   -0.0201107000
   0.0027061100    0.0053977200   -0.0013820900
   0.0030633000    0.0052689000   -0.0013271000
   0.0027178600    0.0054441100   -0.0012732900
   0.0026782500    0.0054211500   -0.0012575600
   0.0025236000    0.0053189100   -0.0010481500
   0.0026926500    0.0053906500   -0.0012326900
   0.0026873700    0.0055728400   -0.0012412600
  -0.0019068600    0.0064181200    0.0003573600
  -0.0018556800    0.0063941600    0.0005613400
  -0.0019338500    0.0065781700    0.0006243400
  -0.0018525400    0.0063987100    0.0005924600
  -0.0018696100    0.0062594900    0.0006962200
  -0.0017696200    0.0066975100    0.0005563200
  -0.0018580900    0.0063916100    0.0005718900
  -0.0016643300    0.0065743700   -0.0001012500

57   
  0.0000000000000000   0.0066574658364036   0.0074617791871054
  -0.0005792500    0.0055606300    0.0010309300
  -0.0004277700    0.0059056200    0.0008837000
  -0.0004757700    0.0059004400    0.0009149400
  -0.0004462000    0.0059887300    0.0008855100
  -0.0009208600    0.0056383500    0.0006640800
  -0.0003722600    0.0058107400    0.0008154700
  -0.0003771700    0.0059771300    0.0008786700
  -0.0004238200    0.0058881700    0.0009150700
   0.0005918700   -0.0064809400   -0.0013002800
   0.0005222600   -0.0058747700   -0.0008979000
   0.0004033700   -0.0059268800   -0.0008626800
   0.0006687100   -0.0059109700   -0.0007241300
   0.0004418200   -0.0059027100   -0.0009091600
   0.0004328200   -0.0059183700   -0.0009111700
   0.0004326000   -0.0059349700   -0.0009070100
   0.0003918000   -0.0059338500   -0.0009021600
  -0.0004897600    0.0000104400   -0.0005215200
   0.0001138600    0.0001692600   -0.0003852900
   0.0000675200    0.0003026100   -0.0003008900
   0.0000488500    0.0002797300   -0.0003245400
  -0.0000552400    0.0000211800   -0.0001869000
   0.0000532700    0.0002816500   -0.0003299900
   0.0000697100    0.0002808400   -0.0003217200
   0.0000140400    0.0003598900   -0.0003215300
  -0.0000119000   -0.0002203000    0.0003612300
   0.0001977200   -0.0008890000   -0.0001999200
   0.0001770500   -0.0002940100    0.0005430000
  -0.0000058100   -0.0003175600    0.0003208800
  -0.0000237500   -0.0002673100    0.0002839300
  -0.0000371900   -0.0002368600    0.0003219400
  -0.0000964500   -0.0003078500    0.0002843800
  -0.0000411700   -0.0003121700    0.0003071100
  -0.0008426200    0.0022741800    0.0001401200
  -0.0006534100    0.0022248900    0.0005652300
  -0.0007066100   -0.0003187100   -0.0005227400
  -0.0006110600    0.0022001500    0.0004649100
  -0.0006270400    0.0022759700    0.0004437600
  -0.0024003500   -0.0006518600   -0.0012568700
  -0.0005751200    0.0022479900    0.0006086200
  -0.0010308100    0.0022543000   -0.0001163000
  -0.0014682300    0.0003578100    0.0052166800
  -0.0009382900    0.0001530900    0.0015635500
  -0.0013491700    0.0005252400    0.0019557800
  -0.0010837400    0.0001491600    0.0017234500
  -0.0011031900    0.0002834300    0.0017101100
  -0.0010377600    0.0004099800    0.0021221800
  -0.0011191800    0.0003002300    0.0017041200
  -0.0007407600    0.0002506600    0.0019006400
  -0.0018960800   -0.0013367600   -0.0026776600
   0.0006395900   -0.0015151800   -0.0013531600
   0.0003518300   -0.0016944400   -0.0009929100
   0.0005825300   -0.0013882700   -0.0014580300
   0.0004601700   -0.0013683300   -0.0014299500
   0.0007294400   -0.0013344100   -0.0003419200
   0.0006180000   -0.0016071700   -0.0013291500
   0.0008674300   -0.0013198500   -0.0006787600
   0.0064891000   -0.0910469100   -0.0661227600
  -0.0018066300   -0.0009590400    0.0008758900
  -0.0012239100   -0.0008035700    0.0012743900
  -0.0018026000   -0.0009401400    0.0008327200
  -0.0018021400   -0.0009055000    0.0008751800
  -0.0025724100   -0.0008630200    0.0014396500
  -0.0018993300   -0.0008512400    0.0009916200
  -0.0017855200   -0.0007140100    0.0004776000
  -0.0018406200    0.0004862700    0.0025232200
  -0.0006079700    0.0001356900   -0.0022254400
  -0.0007231400    0.0004329300   -0.0019788500
  -0.0007484400    0.0001624300   -0.0020318700
  -0.0006921100    0.0002239800   -0.0020862500
  -0.0008967600    0.0004311000   -0.0019906200
  -0.0006785400    0.0003230600   -0.0020621400
  -0.0005670500    0.0000829900   -0.0017815000
  -0.0035458600    0.0099570000    0.0042112200
  -0.0006199100    0.0015681600    0.0013603700
  -0.0026236200    0.0017747300    0.0004977000
  -0.0006869700    0.0015546400    0.0012894500
  -0.0007778700    0.0015787100    0.0014184900
  -0.0003638500    0.0018025200    0.0012840100
  -0.0006263100    0.0016550900    0.0012843700
  -0.0005065700    0.0018340200    0.0014858900
   0.0035777100    0.0010702200   -0.0028127900
   0.0018240500    0.0008544900   -0.0007456500
   0.0020457900    0.0006543900   -0.0010577000
   0.0018064700    0.0008032500   -0.0007687100
   0.0017795000    0.0008394600   -0.0007324500
   0.0027195400    0.0008168300   -0.0041833800
   0.0017815300    0.0007933600   -0.0007936700
   0.0016635000    0.0006009800   -0.0014503500
   0.0015116400   -0.0002509700   -0.0017092500
   0.0011378200   -0.0000581200   -0.0017293900
   0.0022430600   -0.0002460300   -0.0006051300
   0.0011151000   -0.0002145200   -0.0016817000
   0.0010807500   -0.0002977100   -0.0017161700
   0.0051090300    0.0063583000    0.0020713400
   0.0010615200   -0.0000494300   -0.0016958200
   0.0013747000   -0.0000641900   -0.0018849300
  -0.0013023100    0.0016890300   -0.0005017200
  -0.0014486500    0.0017168000   -0.0004215700
  -0.0015949200    0.0017424500   -0.0001477800
  -0.0013115000    0.0015591800   -0.0004973400
  -0.0012540900    0.0016166900   -0.0004782000
  -0.0035481600    0.0018086500    0.0006083300
  -0.0013453000    0.0018260800   -0.0005021900
  -0.0017336900    0.0015540800   -0.0000833000
   0.0026378700   -0.0049603800    0.0029180100
   0.0006266900   -0.0022368400   -0.0004419200
   0.0028777800   -0.0048816500    0.0017987400
   0.0006591400   -0.0021951600   -0.0004371800
   0.0005949600   -0.0022431700   -0.0004845800
   0.0005786300   -0.0022203000   -0.0009637000
   0.0006174300   -0.0022206200   -0.0004477300
   0.0007182400   -0.0022595900   -0.0009099300
   0.0024940200    0.0076693200    0.0073915000
   0.0007736600   -0.0002419000    0.0020359500
   0.0007799500    0.0000136700    0.0017317900
   0.0007826200    0.0000039800    0.0020386400
   0.0007385700    0.0000553200    0.0019951200
   0.0011281800    0.0000154000    0.0017426200
   0.0007780800   -0.0001573800    0.0021046100
   0.0018746300   -0.0000775100    0.0031479400
  -0.0013692300    0.0048290900    0.0005728100
   0.0013234200   -0.0015491900    0.0004744300
  -0.0010825400   -0.0016188900    0.0000223700
   0.0012535600   -0.0016289000    0.0003102100
   0.0011726500   -0.0016119700    0.0004372100
   0.0014232600   -0.0015907300    0.0004871500
   0.0013400000   -0.0015513800    0.0003656000
   0.0013455100   -0.0014479000    0.0004370700
  -0.0000471300    0.0000067700    0.0000290300
  -0.0006387900    0.0000742100   -0.0000769000
  -0.0000504300   -0.0000339200    0.0000572700
  -0.0001066000    0.0000904100   -0.0000144600
   0.0002537800    0.0000160100    0.0001771300
   0.0000382100   -0.0000180000   -0.0000536400
  -0.0001453600    0.0003203500    0.0004100600
  -0.0000552500    0.0000087400    0.0000551300
  -0.0008776600   -0.0073528100    0.0042944500
  -0.0007757700   -0.0072151300    0.0042224400
  -0.0013305800   -0.0070249800    0.0039271200
  -0.0007711200   -0.0072092800    0.0042146100
  -0.0007990800   -0.0072830300    0.0042256800
  -0.0012805500   -0.0074005900    0.0050511200
  -0.0007595900   -0.0069092800    0.0042655500
  -0.0005722200   -0.0071726500    0.0041712600
  -0.0005348000   -0.0069835600   -0.0024178600
  -0.0003645600   -0.0067728800   -0.0032625400
   0.0003874600   -0.0069435300   -0.0031461500
  -0.0003494200   -0.0067785700   -0.0032739600
  -0.0003308600   -0.0068245200   -0.0033138100
  -0.0002545600   -0.0069590000   -0.0032015200
  -0.0003703100   -0.0068544800   -0.0032784600
  -0.0003469600   -0.0067156800   -0.0032909000
  -0.0104097100    0.0109851800   -0.0041074300
  -0.0001873100    0.0007998900    0.0015304100
   0.0000774500    0.0004270100    0.0013921700
  -0.0001707900    0.0007284000    0.0015201300
  -0.0001694600    0.0008282300    0.0015388600
  -0.0003120200    0.0007687800    0.0015543500
  -0.0002638000    0.0008039700    0.0015142400
  -0.0003831100    0.0009385200    0.0014333800
   0.0015378600    0.0013456500    0.0005783300
   0.0005590600    0.0011106100    0.0006125400
   0.0004300500    0.0011567900    0.0007388200
   0.0004998600    0.0012187700    0.0006436400
   0.0005323900    0.0012384200    0.0006796700
   0.0003935700    0.0014129800    0.0005283700
   0.0005425100    0.0012330500    0.0006594700
   0.0005344900    0.0012945100    0.0006923300
  -0.0128999500    0.0002863100    0.0211188800
  -0.0000196100   -0.0000065300   -0.0000194400
   0.0001439800    0.0000354400    0.0005474300
   0.0000698000   -0.0000051500    0.0000392200
   0.0000257500    0.0000453700   -0.0000159900
  -0.0001189400   -0.0001754300    0.0000455900
   0.0000393400    0.0000094900   -0.0000248600
  -0.0004578100    0.0000113700    0.0001327800
   0.0172307600    0.0234097200    0.0100448900
  -0.0005647600   -0.0012608800   -0.0006905800
  -0.0003120300   -0.0009738500   -0.0007938300
  -0.0005562100   -0.0012993200   -0.0006381500
  -0.0005249200   -0.0012854300   -0.0005950500
  -0.0005129500   -0.0013154100   -0.0005984300
  -0.0004942800   -0.0012569900   -0.0006960900
  -0.0006996400   -0.0014628800   -0.0007817100
   0.0006573500   -0.0007436200   -0.0014540300
   0.0002536100   -0.0008213000   -0.0015585600
   0.0002162700   -0.0009567700   -0.0014920900
   0.0002346700   -0.0008118800   -0.0015336500
   0.0002207000   -0.0008064300   -0.0015071700
  -0.0000504600   -0.0007865700   -0.0023254700
   0.0002213600   -0.0007803600   -0.0015306000
   0.0002989400   -0.0008844800   -0.0015302600
   0.0004295400    0.0067805500    0.0032309500
   0.0001727200    0.0070791400    0.0031958000
   0.0002367900    0.0070392000    0.0027942700
   0.0003095600    0.0068279700    0.0032842600
   0.0003314000    0.0068446700    0.0032531100
   0.0004124000    0.0062116000    0.0029341000
   0.0003445200    0.0067699600    0.0032295900
   0.0005674600    0.0066829600    0.0032966700
   0.0013996700    0.0065677000   -0.0043735000
   0.0007733200    0.0072525000   -0.0042243500
   0.0013595900    0.0078126900   -0.0045272700
   0.0008255700    0.0072334600   -0.0041682200
   0.0009052000    0.0072023000   -0.0041608500
   0.0008815100    0.0072184400   -0.0043532700
   0.0008603300    0.0072001300   -0.0042309700
   0.0007253800    0.0070842000   -0.0042046400
   0.0000078500    0.0000703400   -0.0000052000
   0.0000922000   -0.0002259900   -0.0002222800
   0.0000147600    0.0000243800   -0.0000207200
  -0.0003193700    0.0000044600   -0.0000606300
  -0.0102970500    0.0009987800    0.0174317300
  -0.0000542900   -0.0000013900   -0.0000284800
   0.0004906400   -0.0000095800    0.0003431500
   0.0000436000   -0.0000009200    0.0000600800
   0.0017637400   -0.0063761500   -0.0004665900
   0.0018550200   -0.0065484200   -0.0005167000
   0.0017321100   -0.0064884300   -0.0005695900
   0.0018671700   -0.0065675400   -0.0005366000
   0.0018604600   -0.0066562600   -0.0005862200
   0.0031168500   -0.0063280200   -0.0006333100
   0.0018183900   -0.0065502300   -0.0005380900
   0.0018854100   -0.0064832400   -0.0005420400
  -0.0131356100    0.0049540000   -0.0050146800
  -0.0026815500   -0.0055431400    0.0012003600
  -0.0023862600   -0.0058461000    0.0010841200
  -0.0026547700   -0.0056156400    0.0011779800
  -0.0026653100   -0.0055451900    0.0011849300
  -0.0027775200   -0.0055261700    0.0012124700
  -0.0027243100   -0.0055461600    0.0011893800
  -0.0028362500   -0.0054427600    0.0011098300
  -0.0020979200    0.0053530800    0.0011179300
  -0.0021960300    0.0054145700    0.0005003700
  -0.0014053000    0.0052956800    0.0009171600
  -0.0021321500    0.0054193500    0.0004580200
  -0.0021588700    0.0054041200    0.0004399300
  -0.0022377200    0.0053528300    0.0006063000
  -0.0021752400    0.0053766000    0.0005053100
  -0.0021810500    0.0054606900    0.0004504500
   0.0014791100    0.0064400800    0.0016548300
   0.0019759800    0.0066945400    0.0010659400
   0.0020379100    0.0067236400    0.0010845700
   0.0020461200    0.0070669300    0.0011335300
   0.0020118000    0.0067942200    0.0010695800
   0.0019595100    0.0066844600    0.0011123100
   0.0020103300    0.0067589400    0.0010558900
   0.0014978200    0.0070283000    0.0006939500
  -0.0004321500    0.0003766200    0.0003735900
  -0.0000601800    0.0000141700    0.0000190900
   0.0002110000    0.0001259300    0.0005340300
   0.0000507700   -0.0000041800   -0.0000642300
   0.0000085300   -0.0000137700    0.0000398600
   0.0000017900    0.0000851400    0.0000668100
  -0.0000336100   -0.0000026800   -0.0000213600
  -0.0006339000    0.0000755300    0.0000660900
  -0.0017929000   -0.0078974600   -0.0011948400
  -0.0019995400   -0.0067653900   -0.0010521400
  -0.0014513600   -0.0062254300   -0.0010758200
  -0.0019615800   -0.0067669600   -0.0010411400
  -0.0018832800   -0.0067461900   -0.0010592300
  -0.0020935900   -0.0067875000   -0.0010345000
  -0.0019444200   -0.0067846200   -0.0010949300
  -0.0020095400   -0.0068568700   -0.0010643400
   0.0021802100   -0.0062623600   -0.0004520900
   0.0021624800   -0.0053956300   -0.0004935000
   0.0021911600   -0.0054646300   -0.0003915300
   0.0021650100   -0.0054757400   -0.0005091600
   0.0020841200   -0.0051213800   -0.0005387300
   0.0021984000   -0.0054618100   -0.0004789000
   0.0021464200   -0.0054165300   -0.0004985000
   0.0022108800   -0.0052658700   -0.0007426500
   0.0025295000    0.0055868700   -0.0017411900
   0.0027076000    0.0055182000   -0.0011741000
   0.0026117600    0.0054796500   -0.0011843300
   0.0026888400    0.0054745000   -0.0011688400
   0.0027156500    0.0055366300   -0.0011914400
   0.0033257800    0.0055625200   -0.0011419900
   0.0026857200    0.0055598900   -0.0011894400
   0.0027152600    0.0052274800   -0.0011715500
   0.0156957000    0.0313503400    0.0100340300
  -0.0018612800    0.0065597100    0.0005196500
  -0.0016154200    0.0067219000    0.0003941700
  -0.0018509200    0.0065284300    0.0005355000
  -0.0018453100    0.0064277800    0.0005521100
  -0.0018402000    0.0064187400    0.0005883400
  -0.0018190700    0.0064969800    0.0004970700
  -0.0020329400    0.0062866700    0.0003173900

57   
  0.0000000000000000  -0.0066574658364036  -0.0074617791871054
  -0.0002901500    0.0063146800    0.0007583400
  -0.0004257600    0.0059527100    0.0009252400
  -0.0003798700    0.0059664900    0.0008989500
  -0.0004081400    0.0058616400    0.0009071300
   0.0000748000    0.0062321300    0.0011222300
  -0.0004770500    0.0060660200    0.0009836100
  -0.0004709800    0.0058812600    0.0009217200
  -0.0004030300    0.0059840100    0.0008768700
   0.0002459300   -0.0054184100   -0.0005016400
   0.0003224500   -0.0059964300   -0.0008991200
   0.0004387600   -0.0059553800   -0.0009196000
   0.0001773900   -0.0059575300   -0.0010784200
   0.0004064900   -0.0059583600   -0.0009001200
   0.0004157300   -0.0059618200   -0.0008863800
   0.0004164300   -0.0059291700   -0.0008853300
   0.0004700000   -0.0059509200   -0.0009086000
   0.0005779600    0.0005491900   -0.0000928200
  -0.0000188800    0.0003836800   -0.0002336300
   0.0000230300    0.0002670700   -0.0003102400
   0.0000472400    0.0002735000   -0.0002885500
   0.0001504400    0.0005416100   -0.0004310300
   0.0000536400    0.0002892300   -0.0002951400
   0.0000383100    0.0002764700   -0.0002997200
   0.0001007200    0.0002114800   -0.0003036500
  -0.0001055900   -0.0003623700    0.0002584100
  -0.0003166700    0.0003288400    0.0008129600
  -0.0002864300   -0.0002890100    0.0000812900
  -0.0000961600   -0.0002515400    0.0002967200
  -0.0000803600   -0.0002963600    0.0003285600
  -0.0000598500   -0.0003437500    0.0002908900
  -0.0000038900   -0.0002591200    0.0003311600
  -0.0000536800   -0.0002672800    0.0003034100
  -0.0004920100    0.0021938700    0.0009310800
  -0.0006664400    0.0022347200    0.0005208200
  -0.0004113300    0.0048070100    0.0016616100
  -0.0007740000    0.0022671000    0.0005812200
  -0.0007616600    0.0021920800    0.0006087000
   0.0010282200    0.0050874300    0.0023209400
  -0.0007577900    0.0022278100    0.0004717400
  -0.0002758300    0.0022113500    0.0012345500
  -0.0006819000    0.0001470500   -0.0020570300
  -0.0012264200    0.0003579500    0.0017152500
  -0.0008167300   -0.0000102200    0.0013878800
  -0.0011601100    0.0003537500    0.0016227600
  -0.0012103500    0.0002252800    0.0016795900
  -0.0010859000    0.0001015300    0.0011271900
  -0.0010844900    0.0002011300    0.0016014400
  -0.0014982200    0.0002596900    0.0014676300
   0.0028771500   -0.0018908800   -0.0001165800
   0.0004037700   -0.0016753800   -0.0013615600
   0.0006980500   -0.0015001800   -0.0017065900
   0.0005171000   -0.0018149500   -0.0013119000
   0.0006395500   -0.0018162000   -0.0013542700
   0.0003849000   -0.0018740500   -0.0023126500
   0.0004500600   -0.0015887100   -0.0013933000
   0.0002470500   -0.0018662000   -0.0020509000
  -0.0095207000    0.0909687300    0.0679062300
  -0.0018004400   -0.0007465400    0.0006855700
  -0.0024283600   -0.0009155200    0.0003047800
  -0.0019144900   -0.0007772100    0.0006794000
  -0.0019387400   -0.0008003100    0.0006134400
  -0.0010945000   -0.0008436300    0.0000723500
  -0.0017749500   -0.0008637800    0.0005095600
  -0.0019661200   -0.0009956300    0.0010216100
   0.0002663200   -0.0001180600   -0.0065079900
  -0.0009345100    0.0002513600   -0.0019388800
  -0.0007737700   -0.0000573200   -0.0022151900
  -0.0008675000    0.0002167600   -0.0020997200
  -0.0009396900    0.0001661500   -0.0020342700
  -0.0007641400   -0.0000577100   -0.0021178400
  -0.0009027800    0.0000601400   -0.0020539200
  -0.0011052600    0.0003021900   -0.0023599900
   0.0025023700   -0.0065788300   -0.0012561900
  -0.0004583200    0.0016157500    0.0013846400
   0.0015318800    0.0014122100    0.0022252600
  -0.0004081900    0.0016221600    0.0014051200
  -0.0003168100    0.0016089400    0.0012976100
  -0.0006940800    0.0013795600    0.0015261800
  -0.0004196800    0.0015259800    0.0015045200
  -0.0006070900    0.0013520100    0.0012456800
   0.0001199200    0.0006018500    0.0013242900
   0.0018313200    0.0008507200   -0.0007730400
   0.0016301400    0.0010466600   -0.0004441500
   0.0018951900    0.0008879800   -0.0007497500
   0.0019387100    0.0008666600   -0.0007804100
   0.0009355200    0.0009105300    0.0026004900
   0.0018511100    0.0009046800   -0.0007466500
   0.0020140500    0.0010900000   -0.0001369900
   0.0007110500   -0.0002640900   -0.0016207800
   0.0010402100   -0.0004583300   -0.0015796500
  -0.0001418800   -0.0002772700   -0.0026829200
   0.0011458000   -0.0003068200   -0.0016700100
   0.0011732800   -0.0002149600   -0.0016338300
  -0.0027154300   -0.0069345100   -0.0054258900
   0.0011384800   -0.0004674000   -0.0016247600
   0.0007584500   -0.0004492000   -0.0013783900
  -0.0014720800    0.0014918000   -0.0005288100
  -0.0013024800    0.0014586500   -0.0005649400
  -0.0011339200    0.0014155600   -0.0009454400
  -0.0014259900    0.0016107300   -0.0004542600
  -0.0014956500    0.0015644600   -0.0004479100
   0.0009043200    0.0014144600   -0.0016980100
  -0.0014088400    0.0013505900   -0.0004699900
  -0.0010108700    0.0016209700   -0.0009419300
  -0.0014291100    0.0005294200   -0.0040050900
   0.0006693900   -0.0022434400   -0.0006758100
  -0.0014843700    0.0003755700   -0.0028078200
   0.0007199300   -0.0022852000   -0.0006168200
   0.0008263800   -0.0022347500   -0.0005267400
   0.0006800300   -0.0022575500   -0.0001714200
   0.0006936000   -0.0022567600   -0.0006417700
   0.0006349000   -0.0022290300   -0.0001278400
  -0.0010752700   -0.0079906500   -0.0032854700
   0.0007881700   -0.0001531700    0.0020975900
   0.0009083200   -0.0004132600    0.0023453300
   0.0008618300   -0.0004120000    0.0020815300
   0.0008926800   -0.0004422600    0.0021193700
   0.0003732200   -0.0004110400    0.0024588800
   0.0007424800   -0.0002400400    0.0020543400
  -0.0002518400   -0.0003116400    0.0010029200
   0.0040754300   -0.0081453500    0.0002508800
   0.0014199100   -0.0016343100    0.0005404200
   0.0038238400   -0.0015782600    0.0009800900
   0.0014927600   -0.0015623700    0.0006302600
   0.0015658900   -0.0015683500    0.0004804900
   0.0013072500   -0.0015997100    0.0005535800
   0.0013914000   -0.0016382800    0.0006248300
   0.0013940200   -0.0017413400    0.0005464100
   0.0000491400   -0.0000124600   -0.0000082900
   0.0007090800   -0.0000843400    0.0000942900
   0.0000273500    0.0000251900   -0.0000710400
   0.0001082000   -0.0000959400    0.0000280200
  -0.0002801800   -0.0000330200   -0.0001864100
  -0.0000491900    0.0000155100    0.0000240900
   0.0001831500   -0.0003105400   -0.0004060100
   0.0000591500   -0.0000143500   -0.0000592900
  -0.0006951200   -0.0070465900    0.0041500700
  -0.0008057700   -0.0071959100    0.0042379000
  -0.0002202200   -0.0074221600    0.0045204400
  -0.0007974100   -0.0071295600    0.0042439700
  -0.0007701000   -0.0070426000    0.0042233500
  -0.0002696000   -0.0069682000    0.0033921500
  -0.0008142100   -0.0074915900    0.0041922000
  -0.0009830400   -0.0072424600    0.0042775300
  -0.0002278400   -0.0065240900   -0.0041019600
  -0.0003514600   -0.0068272100   -0.0032746000
  -0.0011014400   -0.0065572700   -0.0033700700
  -0.0003544600   -0.0067107100   -0.0032540100
  -0.0003798900   -0.0066292800   -0.0032182800
  -0.0004449700   -0.0066421100   -0.0033340000
  -0.0003414900   -0.0067180300   -0.0032524100
  -0.0003634000   -0.0068005400   -0.0032218500
   0.0097912300   -0.0093445300    0.0071699800
  -0.0003221300    0.0009201600    0.0015734300
  -0.0005602500    0.0011840600    0.0016998100
  -0.0003498800    0.0009018500    0.0015705400
  -0.0003551900    0.0007772300    0.0015488800
  -0.0002185200    0.0009725000    0.0015302300
  -0.0002668900    0.0009016000    0.0015748600
  -0.0001484500    0.0007206800    0.0016366800
  -0.0004058400    0.0011886400    0.0007245600
   0.0005475300    0.0014660000    0.0006978200
   0.0006717800    0.0014048200    0.0005803900
   0.0005978900    0.0013024300    0.0006752200
   0.0005639400    0.0012524100    0.0006427700
   0.0006750700    0.0010523800    0.0008030100
   0.0005512700    0.0013209500    0.0006540500
   0.0005438700    0.0012049700    0.0005972100
   0.0126102100   -0.0002710000   -0.0206999500
   0.0000664900   -0.0000008000    0.0000251800
  -0.0000101300   -0.0000397900   -0.0005973200
  -0.0000764600   -0.0000032300   -0.0000554100
  -0.0000449100   -0.0000485900    0.0000001000
  -0.0000120200    0.0001732900    0.0000608100
  -0.0000951400   -0.0000144400    0.0000446900
   0.0004068500   -0.0000202200   -0.0000771800
  -0.0187070800   -0.0265751300   -0.0115699500
  -0.0005309700   -0.0013394100   -0.0006154200
  -0.0007509500   -0.0015104800   -0.0005252300
  -0.0005501100   -0.0012055300   -0.0006811600
  -0.0005830000   -0.0012021000   -0.0007303500
  -0.0005975300   -0.0013061800   -0.0007297600
  -0.0006208500   -0.0013265900   -0.0006247500
  -0.0004166400   -0.0010732700   -0.0005592900
  -0.0001090900   -0.0009307600   -0.0016603000
   0.0002692300   -0.0008962700   -0.0015407800
   0.0003116700   -0.0007395400   -0.0016009900
   0.0002747300   -0.0008515400   -0.0015595100
   0.0002913900   -0.0008317700   -0.0015793200
   0.0005329000   -0.0008331100   -0.0007529500
   0.0002854200   -0.0009176400   -0.0015719800
   0.0001952200   -0.0007580700   -0.0015892900
   0.0002724400    0.0067619300    0.0032851100
   0.0005179900    0.0064838600    0.0033401500
   0.0004845900    0.0065641600    0.0037209400
   0.0003959500    0.0066579800    0.0032523000
   0.0003737800    0.0066259800    0.0032697200
   0.0002696700    0.0072901400    0.0035694100
   0.0003599500    0.0067703100    0.0033030100
   0.0001516700    0.0068782000    0.0032324600
   0.0001601500    0.0077663400   -0.0040178700
   0.0007866500    0.0071827500   -0.0042415600
   0.0001808200    0.0065170000   -0.0039142500
   0.0007480600    0.0070905200   -0.0042870000
   0.0006544100    0.0070799700   -0.0042946600
   0.0006905400    0.0072123100   -0.0041070400
   0.0006989300    0.0072021000   -0.0042224700
   0.0008361400    0.0072625400   -0.0042336100
  -0.0000831500   -0.0000755600    0.0000069300
  -0.0000648000    0.0002188500    0.0002084500
   0.0000351600   -0.0000327400    0.0000277600
   0.0002577000   -0.0000064400    0.0000117000
   0.0105383300   -0.0010439100   -0.0178638900
   0.0001367700   -0.0000019200    0.0000488100
  -0.0005488100    0.0000043200   -0.0003627500
  -0.0000855800   -0.0000048100   -0.0000780900
   0.0019400400   -0.0065996900   -0.0006519000
   0.0018232100   -0.0064499600   -0.0005418400
   0.0019587600   -0.0065369900   -0.0004894000
   0.0018533800   -0.0064314600   -0.0005374600
   0.0018674800   -0.0063388200   -0.0004918400
   0.0006184500   -0.0065895900   -0.0004493800
   0.0018797100   -0.0064054200   -0.0005330600
   0.0018575500   -0.0064399900   -0.0005279400
   0.0077867100   -0.0159981400    0.0074574500
  -0.0027238100   -0.0054273000    0.0012161800
  -0.0030762800   -0.0050601500    0.0013573100
  -0.0027682500   -0.0053723700    0.0012342300
  -0.0027504600   -0.0054394800    0.0012195700
  -0.0026127600   -0.0055439100    0.0011888000
  -0.0026653500   -0.0054831400    0.0012077700
  -0.0025929700   -0.0056125300    0.0013322500
  -0.0022299400    0.0055209400   -0.0000822400
  -0.0021555300    0.0054606200    0.0004747300
  -0.0029599100    0.0055386200    0.0000400900
  -0.0022302800    0.0054877000    0.0005201100
  -0.0022099000    0.0054938300    0.0005445400
  -0.0021135400    0.0055815300    0.0003960900
  -0.0021539400    0.0055224400    0.0005022200
  -0.0021925900    0.0054509800    0.0005169400
   0.0025149800    0.0071081700    0.0004893600
   0.0019747300    0.0068833400    0.0010519500
   0.0019296900    0.0068792900    0.0010390300
   0.0019476500    0.0065014100    0.0009944100
   0.0019795700    0.0067456000    0.0010577100
   0.0020102100    0.0068515400    0.0010615400
   0.0019522600    0.0067729300    0.0010740100
   0.0024743400    0.0064865100    0.0014300600
   0.0005118400   -0.0003936300   -0.0004079100
  -0.0000111100   -0.0000211000   -0.0000060200
  -0.0001905200   -0.0001221300   -0.0005788500
   0.0000052300   -0.0000054200    0.0000499500
   0.0000670100    0.0000117500   -0.0000519100
  -0.0000377300   -0.0000917500   -0.0000621700
  -0.0000206300   -0.0000015500    0.0000347300
   0.0006179800   -0.0000805800   -0.0000436700
  -0.0022224700   -0.0056837900   -0.0009267800
  -0.0019747700   -0.0067832300   -0.0010846400
  -0.0025143100   -0.0072831500   -0.0010859300
  -0.0020291200   -0.0068084300   -0.0010963100
  -0.0021040300   -0.0068256300   -0.0010712400
  -0.0018779100   -0.0068148400   -0.0010747000
  -0.0020119700   -0.0067887700   -0.0010153500
  -0.0019841500   -0.0067271200   -0.0010854100
   0.0022279800   -0.0046222600   -0.0005047200
   0.0021646000   -0.0055304200   -0.0005047600
   0.0021558100   -0.0054866500   -0.0006048700
   0.0022063700   -0.0054364100   -0.0004758600
   0.0022842700   -0.0057748500   -0.0004499400
   0.0021442500   -0.0054185300   -0.0004669600
   0.0021957000   -0.0054680300   -0.0004865800
   0.0021401300   -0.0056110200   -0.0002360600
   0.0028827500    0.0054051400   -0.0007188200
   0.0026700300    0.0054775800   -0.0012269200
   0.0027821000    0.0055472200   -0.0012178100
   0.0027329600    0.0055235000   -0.0012472000
   0.0027156000    0.0054531200   -0.0012322500
   0.0021119300    0.0053520900   -0.0012930800
   0.0027134100    0.0053936000   -0.0012254000
   0.0027218100    0.0056899000   -0.0012398500
  -0.0190640100   -0.0177025600   -0.0088203100
  -0.0018395400    0.0063922400    0.0005522600
  -0.0021492300    0.0061626000    0.0007094000
  -0.0018656600    0.0064373300    0.0005330000
  -0.0018746600    0.0065351400    0.0005109600
  -0.0018524500    0.0066284600    0.0004743200
  -0.0018671300    0.0065076700    0.0005603700
  -0.0016990400    0.0067475900    0.0007838300

57   
  0.0050000594327610   0.0000000000000000   0.0086602197240519
  -0.0000732600    0.0059857400   -0.0001435000
  -0.0000036800    0.0059193000   -0.0000106300
  -0.0000542400    0.0059198800    0.0000189600
   0.0000189700    0.0059425000    0.0000058900
  -0.0002399500    0.0056041900   -0.0001395300
   0.0000307700    0.0058789500   -0.0000286100
   0.0001063200    0.0059332500   -0.0000207200
  -0.0000317700    0.0059033200   -0.0000143500
  -0.0000732600   -0.0059857400   -0.0001435000
   0.0001063200   -0.0059332500   -0.0000207200
  -0.0000542400   -0.0059198800    0.0000189600
  -0.0002399500   -0.0056041900   -0.0001395300
   0.0000189700   -0.0059425000    0.0000058900
   0.0000307700   -0.0058789500   -0.0000286100
  -0.0000036800   -0.0059193000   -0.0000106300
  -0.0000317700   -0.0059033200   -0.0000143500
  -0.0003125400   -0.0000335200   -0.0000718100
   0.0000561300    0.0002413600   -0.0000243100
   0.0000406200    0.0002470600    0.0000443900
  -0.0000301100    0.0002883600   -0.0000207300
   0.0000115100    0.0004016400   -0.0001863400
  -0.0000014600    0.0002856700   -0.0000082600
   0.0000214100    0.0003030100   -0.0000135900
   0.0000084100    0.0003068600    0.0000378800
   0.0000406200   -0.0002470600    0.0000443900
   0.0000115100   -0.0004016400   -0.0001863400
  -0.0003125400    0.0000335200   -0.0000718100
   0.0000214100   -0.0003030100   -0.0000135900
   0.0000561300   -0.0002413600   -0.0000243100
   0.0000084100   -0.0003068600    0.0000378800
  -0.0000301100   -0.0002883600   -0.0000207300
  -0.0000014600   -0.0002856700   -0.0000082600
  -0.0011802800    0.0000000000    0.0000553000
  -0.0006113300    0.0000310000    0.0006544000
   0.0017731000    0.0000000000   -0.0005137200
  -0.0005088400   -0.0000451200    0.0004886200
  -0.0005088400    0.0000451200    0.0004886200
   0.0001548100    0.0000000000   -0.0025473900
  -0.0006113300   -0.0000310000    0.0006544000
  -0.0014863300    0.0000000000   -0.0003503900
  -0.0014262600    0.0000000000    0.0052610000
  -0.0010127300   -0.0001301100    0.0015497000
  -0.0011365500    0.0000000000    0.0017467200
  -0.0012351300   -0.0000883100    0.0017113800
  -0.0012351300    0.0000883100    0.0017113800
  -0.0008202900    0.0000000000    0.0023507200
  -0.0010127300    0.0001301100    0.0015497000
  -0.0001222900    0.0000000000    0.0016285700
  -0.0007219800    0.0000000000   -0.0056417000
   0.0006236300    0.0000356000   -0.0013957500
   0.0004695300    0.0000000000   -0.0007352300
   0.0004932100   -0.0000186600   -0.0014727700
   0.0004932100    0.0000186600   -0.0014727700
   0.0009187900    0.0000000000    0.0001793200
   0.0006236300   -0.0000356000   -0.0013957500
   0.0011526100    0.0000000000   -0.0000928700
  -0.0300868300    0.0000000000   -0.0710647600
  -0.0017793600   -0.0000157700    0.0009621500
  -0.0010132600    0.0000000000    0.0017814700
  -0.0018827600   -0.0000266500    0.0009131400
  -0.0018827600    0.0000266500    0.0009131400
  -0.0028219500    0.0000000000    0.0010502300
  -0.0017793600    0.0000157700    0.0009621500
  -0.0008723200    0.0000000000    0.0004987100
  -0.0041145300   -0.0000000000    0.0039840900
  -0.0006561200   -0.0001386100   -0.0022667900
   0.0000666000    0.0000000000   -0.0019062600
  -0.0007173300   -0.0000519900   -0.0021083000
  -0.0007173300    0.0000519900   -0.0021083000
  -0.0001471800    0.0000000000   -0.0020064900
  -0.0006561200    0.0001386100   -0.0022667900
  -0.0001249800    0.0000000000   -0.0019020500
  -0.0008138200    0.0000000000    0.0043798100
  -0.0006985800   -0.0000562900    0.0013432400
  -0.0027075500    0.0000000000    0.0001559500
  -0.0007420100    0.0000093100    0.0014525000
  -0.0007420100   -0.0000093100    0.0014525000
  -0.0003250800    0.0000000000    0.0014711800
  -0.0006985800    0.0000562900    0.0013432400
  -0.0006823500    0.0000000000    0.0016963000
   0.0036992300    0.0000000000   -0.0019903600
   0.0019209700    0.0000498200   -0.0008063600
   0.0014273800    0.0000000000   -0.0009684500
   0.0018286000   -0.0000072900   -0.0007846300
   0.0018286000    0.0000072900   -0.0007846300
   0.0010015500    0.0000000000   -0.0041391700
   0.0019209700   -0.0000498200   -0.0008063600
   0.0012782600    0.0000000000   -0.0016679200
   0.0017411700    0.0000000000   -0.0017259600
   0.0011601300    0.0000055700   -0.0017031500
   0.0013465800    0.0000000000   -0.0015124000
   0.0010436800    0.0000466400   -0.0017076400
   0.0010436800   -0.0000466400   -0.0017076400
   0.0061256900    0.0000000000    0.0023975700
   0.0011601300   -0.0000055700   -0.0017031500
   0.0013657000    0.0000000000   -0.0019404900
  -0.0009640000    0.0000000000   -0.0006906800
  -0.0014319000   -0.0000745100   -0.0004413400
  -0.0015951000    0.0000000000   -0.0003114700
  -0.0012907600   -0.0000079900   -0.0004960000
  -0.0012907600    0.0000079900   -0.0004960000
  -0.0023516300    0.0000000000   -0.0004769600
  -0.0014319000    0.0000745100   -0.0004413400
  -0.0015558000    0.0000000000    0.0003510300
   0.0017262800    0.0000000000    0.0044741500
   0.0005746400    0.0000080900   -0.0004949900
   0.0032128200    0.0000000000    0.0036666900
   0.0006609500    0.0000593200   -0.0004943400
   0.0006609500   -0.0000593200   -0.0004943400
   0.0000368600    0.0000000000   -0.0011341700
   0.0005746400   -0.0000080900   -0.0004949900
  -0.0000393100    0.0000000000   -0.0011919800
   0.0036163300    0.0000000000    0.0070069400
   0.0006994400   -0.0000517700    0.0020828300
   0.0008849600    0.0000000000    0.0014383000
   0.0007819400   -0.0000060300    0.0020491200
   0.0007819400    0.0000060300    0.0020491200
   0.0012927600    0.0000000000    0.0017058100
   0.0006994400    0.0000517700    0.0020828300
   0.0007355900    0.0000000000    0.0026250600
   0.0009461400    0.0000000000    0.0018218900
   0.0012968700   -0.0000034100    0.0004412100
  -0.0012277800    0.0000000000    0.0000185000
   0.0012099000    0.0000215500    0.0003887900
   0.0012099000   -0.0000215500    0.0003887900
   0.0015593000    0.0000000000    0.0008231800
   0.0012968700    0.0000034100    0.0004412100
   0.0012365800    0.0000000000    0.0007241100
  -0.0000543800   -0.0000051300    0.0000244200
  -0.0005448900    0.0000000000   -0.0002005100
  -0.0000336800   -0.0000092900   -0.0000098500
  -0.0001415200    0.0000000000    0.0000001900
   0.0001959300    0.0000000000   -0.0001202000
  -0.0000336800    0.0000092900   -0.0000098500
  -0.0001162900    0.0000000000    0.0002293500
  -0.0000543800    0.0000051300    0.0000244200
  -0.0002142800   -0.0070414400    0.0038456100
  -0.0002463800   -0.0070505300    0.0037257500
  -0.0004717700   -0.0066969900    0.0036681400
  -0.0002311600   -0.0070538600    0.0037284000
  -0.0002584000   -0.0070821100    0.0037495300
  -0.0001945100   -0.0068167200    0.0041969600
  -0.0003568200   -0.0070317900    0.0037114100
   0.0000892100   -0.0069931100    0.0036955700
   0.0006100200   -0.0068516600   -0.0034808100
   0.0002747200   -0.0069851400   -0.0037311900
   0.0008242600   -0.0075659600   -0.0039701500
   0.0003484100   -0.0070480600   -0.0036943800
   0.0002667800   -0.0070656900   -0.0037413000
   0.0003563000   -0.0070943700   -0.0037983100
   0.0002066700   -0.0070853400   -0.0037380700
   0.0002414200   -0.0068820000   -0.0036479600
   0.0081059900   -0.0158767900    0.0061935500
  -0.0003101500    0.0010230500    0.0003993800
  -0.0001197400    0.0006159500    0.0001690900
  -0.0003388600    0.0011008600    0.0004514300
  -0.0003300300    0.0011376500    0.0004247000
  -0.0004165000    0.0010540500    0.0004550900
  -0.0004163700    0.0010266200    0.0003985900
  -0.0005731500    0.0009987600    0.0005377500
   0.0012697200    0.0010823700   -0.0004380300
   0.0003901400    0.0009567300   -0.0004422600
   0.0003030700    0.0010797200   -0.0003542200
   0.0003503300    0.0009785000   -0.0003831200
   0.0003619900    0.0010264500   -0.0004080600
   0.0004157400    0.0011307200   -0.0005483500
   0.0003722100    0.0010839400   -0.0004203000
   0.0003841300    0.0011451300   -0.0004633200
  -0.0108084200    0.0000000000    0.0157199400
   0.0000302300   -0.0000041900   -0.0000361400
   0.0001576400    0.0000000000    0.0006100100
   0.0000644900   -0.0000460000    0.0000266600
   0.0000644900    0.0000460000    0.0000266600
  -0.0002161200    0.0000000000    0.0000113800
   0.0000302300    0.0000041900   -0.0000361400
  -0.0002239800    0.0000000000    0.0000602700
   0.0081059900    0.0158767900    0.0061935500
  -0.0004163700   -0.0010266200    0.0003985900
  -0.0001197400   -0.0006159500    0.0001690900
  -0.0003300300   -0.0011376500    0.0004247000
  -0.0003388600   -0.0011008600    0.0004514300
  -0.0004165000   -0.0010540500    0.0004550900
  -0.0003101500   -0.0010230500    0.0003993800
  -0.0005731500   -0.0009987600    0.0005377500
   0.0012697200   -0.0010823700   -0.0004380300
   0.0003722100   -0.0010839400   -0.0004203000
   0.0003030700   -0.0010797200   -0.0003542200
   0.0003619900   -0.0010264500   -0.0004080600
   0.0003503300   -0.0009785000   -0.0003831200
   0.0004157400   -0.0011307200   -0.0005483500
   0.0003901400   -0.0009567300   -0.0004422600
   0.0003841300   -0.0011451300   -0.0004633200
  -0.0002142800    0.0070414400    0.0038456100
  -0.0003568200    0.0070317900    0.0037114100
  -0.0004717700    0.0066969900    0.0036681400
  -0.0002584000    0.0070821100    0.0037495300
  -0.0002311600    0.0070538600    0.0037284000
  -0.0001945100    0.0068167200    0.0041969600
  -0.0002463800    0.0070505300    0.0037257500
   0.0000892100    0.0069931100    0.0036955700
   0.0006100200    0.0068516600   -0.0034808100
   0.0002066700    0.0070853400   -0.0037380700
   0.0008242600    0.0075659600   -0.0039701500
   0.0002667800    0.0070656900   -0.0037413000
   0.0003484100    0.0070480600   -0.0036943800
   0.0003563000    0.0070943700   -0.0037983100
   0.0002747200    0.0069851400   -0.0037311900
   0.0002414200    0.0068820000   -0.0036479600
   0.0000402800    0.0000590000    0.0000362800
   0.0000214900    0.0000000000   -0.0002058800
  -0.0000194200    0.0000132600   -0.0000073800
  -0.0000728600    0.0000000000    0.0000380600
  -0.0081624200    0.0000000000    0.0132810400
  -0.0000194200   -0.0000132600   -0.0000073800
   0.0005356800    0.0000000000    0.0003297600
   0.0000402800   -0.0000590000    0.0000362800
   0.0023368900   -0.0059944800   -0.0007965700
   0.0022535000   -0.0060835000   -0.0008479600
   0.0021102400   -0.0059451500   -0.0009013700
   0.0022804100   -0.0060224500   -0.0008301200
   0.0022758800   -0.0060614100   -0.0008373300
   0.0033290500   -0.0058927600   -0.0008931600
   0.0022783000   -0.0060948600   -0.0008164600
   0.0022913200   -0.0058177000   -0.0009530400
   0.0062767000   -0.0228303000    0.0050752300
  -0.0022368200   -0.0060198200    0.0008381700
  -0.0019441400   -0.0063367100    0.0006126400
  -0.0022257600   -0.0059620700    0.0008360200
  -0.0022460200   -0.0060053000    0.0008111200
  -0.0022910500   -0.0059518200    0.0009163300
  -0.0022873000   -0.0060543600    0.0008311400
  -0.0025148500   -0.0061060000    0.0009055600
  -0.0017212200    0.0068595100   -0.0001997700
  -0.0020508500    0.0060838600   -0.0002791400
  -0.0013286100    0.0055582300    0.0000100300
  -0.0019573100    0.0060101100   -0.0002726500
  -0.0020369200    0.0060450000   -0.0002837900
  -0.0021657700    0.0060788400   -0.0002074600
  -0.0020858100    0.0060398900   -0.0002755700
  -0.0020388600    0.0062062900   -0.0003240300
   0.0018498000    0.0061403100    0.0008203500
   0.0020568500    0.0060170100    0.0002802200
   0.0020984100    0.0060671200    0.0003912100
   0.0020248100    0.0060388300    0.0002683900
   0.0020686200    0.0060807200    0.0002613700
   0.0020853500    0.0060728500    0.0002547200
   0.0020872200    0.0060551600    0.0002780200
   0.0020516500    0.0065179200    0.0002151600
  -0.0004229300    0.0000000000    0.0002822900
  -0.0000538900    0.0000144000   -0.0000234200
   0.0000320500    0.0000000000    0.0004459900
   0.0000156800    0.0000102100   -0.0000087400
   0.0000156800   -0.0000102100   -0.0000087400
  -0.0000498000    0.0000000000    0.0000188800
  -0.0000538900   -0.0000144000   -0.0000234200
  -0.0007751700    0.0000000000    0.0001777200
  -0.0017212200   -0.0068595100   -0.0001997700
  -0.0020858100   -0.0060398900   -0.0002755700
  -0.0013286100   -0.0055582300    0.0000100300
  -0.0020369200   -0.0060450000   -0.0002837900
  -0.0019573100   -0.0060101100   -0.0002726500
  -0.0021657700   -0.0060788400   -0.0002074600
  -0.0020508500   -0.0060838600   -0.0002791400
  -0.0020388600   -0.0062062900   -0.0003240300
   0.0018498000   -0.0061403100    0.0008203500
   0.0020872200   -0.0060551600    0.0002780200
   0.0020984100   -0.0060671200    0.0003912100
   0.0020686200   -0.0060807200    0.0002613700
   0.0020248100   -0.0060388300    0.0002683900
   0.0020853500   -0.0060728500    0.0002547200
   0.0020568500   -0.0060170100    0.0002802200
   0.0020516500   -0.0065179200    0.0002151600
   0.0023368900    0.0059944800   -0.0007965700
   0.0022783000    0.0060948600   -0.0008164600
   0.0021102400    0.0059451500   -0.0009013700
   0.0022758800    0.0060614100   -0.0008373300
   0.0022804100    0.0060224500   -0.0008301200
   0.0033290500    0.0058927600   -0.0008931600
   0.0022535000    0.0060835000   -0.0008479600
   0.0022913200    0.0058177000   -0.0009530400
   0.0062767000    0.0228303000    0.0050752300
  -0.0022873000    0.0060543600    0.0008311400
  -0.0019441400    0.0063367100    0.0006126400
  -0.0022460200    0.0060053000    0.0008111200
  -0.0022257600    0.0059620700    0.0008360200
  -0.0022910500    0.0059518200    0.0009163300
  -0.0022368200    0.0060198200    0.0008381700
  -0.0025148500    0.0061060000    0.0009055600

57   
 -0.0050000594327610   0.0000000000000000  -0.0086602197240519
   0.0000800700    0.0058652700    0.0001539800
  -0.0000017700    0.0059340200    0.0000096300
   0.0000511000    0.0059302500   -0.0000242900
  -0.0000202900    0.0059068500   -0.0000080200
   0.0002418600    0.0062457600    0.0001436300
  -0.0000322100    0.0059741600    0.0000288600
  -0.0001087800    0.0059209500    0.0000150700
   0.0000231100    0.0059526500    0.0000130500
   0.0000800700   -0.0058652700    0.0001539800
  -0.0001087800   -0.0059209500    0.0000150700
   0.0000511000   -0.0059302500   -0.0000242900
   0.0002418600   -0.0062457600    0.0001436300
  -0.0000202900   -0.0059068500   -0.0000080200
  -0.0000322100   -0.0059741600    0.0000288600
  -0.0000017700   -0.0059340200    0.0000096300
   0.0000231100   -0.0059526500    0.0000130500
   0.0003088700    0.0005929500    0.0000701700
  -0.0000551100    0.0003267900    0.0000193400
  -0.0000399600    0.0003186300   -0.0000525300
   0.0000256400    0.0002796400    0.0000219100
  -0.0000132700    0.0001724300    0.0001819200
  -0.0000035700    0.0002837600    0.0000030300
  -0.0000262400    0.0002652500    0.0000016700
  -0.0000135400    0.0002630200   -0.0000349800
  -0.0000399600   -0.0003186300   -0.0000525300
  -0.0000132700   -0.0001724300    0.0001819200
   0.0003088700   -0.0005929500    0.0000701700
  -0.0000262400   -0.0002652500    0.0000016700
  -0.0000551100   -0.0003267900    0.0000193400
  -0.0000135400   -0.0002630200   -0.0000349800
   0.0000256400   -0.0002796400    0.0000219100
  -0.0000035700   -0.0002837600    0.0000030300
  -0.0001280500   -0.0000000000    0.0010523600
  -0.0007079400   -0.0000321600    0.0004323500
  -0.0031180400   -0.0000000000    0.0016470300
  -0.0008311600    0.0000483100    0.0006039700
  -0.0008311600   -0.0000483100    0.0006039700
  -0.0014800000   -0.0000000000    0.0035943300
  -0.0007079400    0.0000321600    0.0004323500
   0.0002401500   -0.0000000000    0.0014775900
  -0.0006118800   -0.0000000000   -0.0021679600
  -0.0011806700    0.0001312000    0.0017501100
  -0.0010535200   -0.0000000000    0.0015612100
  -0.0009677700    0.0000910700    0.0015963100
  -0.0009677700   -0.0000910700    0.0015963100
  -0.0013901500   -0.0000000000    0.0009423900
  -0.0011806700   -0.0001312000    0.0017501100
  -0.0020740500    0.0000000000    0.0016768300
   0.0017044700   -0.0000000000    0.0029024800
   0.0004504000   -0.0000371000   -0.0013387400
   0.0006309700   -0.0000000000   -0.0019555000
   0.0005924300    0.0000211900   -0.0012790300
   0.0005924300   -0.0000211900   -0.0012790300
   0.0001451000   -0.0000000000   -0.0029024000
   0.0004504000    0.0000371000   -0.0013387400
  -0.0001009600   -0.0000000000   -0.0027120400
   0.0269474200    0.0000000000    0.0730532900
  -0.0018679000    0.0000142700    0.0005816000
  -0.0026430600   -0.0000000000   -0.0002209300
  -0.0017987800    0.0000299600    0.0006208400
  -0.0017987800   -0.0000299600    0.0006208400
  -0.0008514400   -0.0000000000    0.0005018700
  -0.0018679000   -0.0000142700    0.0005816000
  -0.0027962100   -0.0000000000    0.0010576000
   0.0025081600    0.0000000000   -0.0079263100
  -0.0009222700    0.0001389900   -0.0018954100
  -0.0016493200   -0.0000000000   -0.0022492600
  -0.0008654800    0.0000565700   -0.0020410000
  -0.0008654800   -0.0000565700   -0.0020410000
  -0.0014346200   -0.0000000000   -0.0021701500
  -0.0009222700   -0.0001389900   -0.0018954100
  -0.0014461200   -0.0000000000   -0.0022520300
  -0.0001514000   -0.0000000000   -0.0013325100
  -0.0003844800    0.0000537000    0.0013967500
   0.0016830300   -0.0000000000    0.0026019200
  -0.0003472800   -0.0000041900    0.0012710600
  -0.0003472800    0.0000041900    0.0012710600
  -0.0007899800   -0.0000000000    0.0012830900
  -0.0003844800   -0.0000537000    0.0013967500
  -0.0003901000   -0.0000000000    0.0010154400
  -0.0000132000   -0.0000000000    0.0005018000
   0.0017375500   -0.0000535900   -0.0007419400
   0.0022278000   -0.0000000000   -0.0005910500
   0.0018347100    0.0000089400   -0.0007522100
   0.0018347100   -0.0000089400   -0.0007522100
   0.0026632900   -0.0000000000    0.0026070600
   0.0017375500    0.0000535900   -0.0007419400
   0.0024017600   -0.0000000000    0.0001559700
   0.0004048400   -0.0000000000   -0.0015381100
   0.0010216600   -0.0000098700   -0.0016041400
   0.0008342500   -0.0000000000   -0.0018219500
   0.0011617500   -0.0000458000   -0.0015976400
   0.0011617500    0.0000458000   -0.0015976400
  -0.0036112700   -0.0000000000   -0.0056978900
   0.0010216600    0.0000098700   -0.0016041400
   0.0007830100   -0.0000000000   -0.0013442400
  -0.0017881200   -0.0000000000   -0.0003365900
  -0.0013143400    0.0000747600   -0.0005525500
  -0.0011504000   -0.0000000000   -0.0006630100
  -0.0014544300    0.0000112300   -0.0004673200
  -0.0014544300   -0.0000112300   -0.0004673200
  -0.0003379800   -0.0000000000   -0.0006022200
  -0.0013143400   -0.0000747600   -0.0005525500
  -0.0011941500   -0.0000000000   -0.0013950000
  -0.0006274600   -0.0000000000   -0.0057865700
   0.0007436600   -0.0000054100   -0.0006056900
  -0.0017357400   -0.0000000000   -0.0045331500
   0.0006704100   -0.0000581100   -0.0006041600
   0.0006704100    0.0000581100   -0.0006041600
   0.0012743200   -0.0000000000    0.0000568000
   0.0007436600    0.0000054100   -0.0006056900
   0.0013349900   -0.0000000000    0.0000887900
  -0.0022939500   -0.0000000000   -0.0029392700
   0.0008570900    0.0000515200    0.0020730100
   0.0006927300   -0.0000000000    0.0026909000
   0.0008123200    0.0000097200    0.0020967600
   0.0008123200   -0.0000097200    0.0020967600
   0.0003053000   -0.0000000000    0.0024435000
   0.0008570900   -0.0000515200    0.0020730100
   0.0008604000   -0.0000000000    0.0015384100
   0.0018115300   -0.0000000000   -0.0010220100
   0.0014519500    0.0000040700    0.0005436300
   0.0039108400   -0.0000000000    0.0009156000
   0.0015373000   -0.0000191600    0.0005916400
   0.0015373000    0.0000191600    0.0005916400
   0.0011725800   -0.0000000000    0.0001915100
   0.0014519500   -0.0000040700    0.0005436300
   0.0014934400   -0.0000000000    0.0002607600
   0.0000533100    0.0000055600   -0.0000439200
   0.0005350000   -0.0000000000    0.0001699300
   0.0000301500    0.0000076400    0.0000187000
   0.0001107500   -0.0000000000   -0.0000050000
  -0.0001882700   -0.0000000000    0.0001220700
   0.0000301500   -0.0000076400    0.0000187000
   0.0001651900   -0.0000000000   -0.0002120700
   0.0000533100   -0.0000055600   -0.0000439200
  -0.0002213600   -0.0069425400    0.0036564300
  -0.0001867200   -0.0069294000    0.0037673600
   0.0000565800   -0.0072381400    0.0038188300
  -0.0002023500   -0.0068915400    0.0037705200
  -0.0001751600   -0.0068649300    0.0037492000
  -0.0002463900   -0.0071662700    0.0033069800
  -0.0000771600   -0.0069483800    0.0037818400
  -0.0005145500   -0.0070067700    0.0037832100
  -0.0002113200   -0.0071511500   -0.0040264100
   0.0001549400   -0.0069875100   -0.0037697500
  -0.0004051300   -0.0063826700   -0.0035637900
   0.0000815500   -0.0069135800   -0.0038051300
   0.0001681600   -0.0068976900   -0.0037572300
   0.0000690900   -0.0068705600   -0.0036915400
   0.0002224100   -0.0068873500   -0.0037653200
   0.0001770700   -0.0070713700   -0.0038382400
  -0.0090675900    0.0183313600   -0.0052837200
  -0.0005018200    0.0011198200    0.0004880200
  -0.0006645200    0.0015165700    0.0007221400
  -0.0004710300    0.0010010600    0.0004414300
  -0.0004809300    0.0009645500    0.0004672000
  -0.0004064100    0.0010346200    0.0004362400
  -0.0003941200    0.0011209500    0.0004901800
  -0.0002378400    0.0010881500    0.0003378500
  -0.0004527800    0.0010633500   -0.0004784700
   0.0004166900    0.0011669200   -0.0004552000
   0.0004967100    0.0010152900   -0.0005368000
   0.0004576600    0.0011531500   -0.0005034300
   0.0004447200    0.0011050200   -0.0004784100
   0.0003975500    0.0009390000   -0.0003422200
   0.0004348100    0.0010393100   -0.0004763000
   0.0004444100    0.0009795100   -0.0004261700
   0.0105779900   -0.0000000000   -0.0154312400
  -0.0000272900    0.0000028000    0.0000499000
  -0.0001607900   -0.0000000000   -0.0005721900
  -0.0000639700    0.0000465500   -0.0000519300
  -0.0000639700   -0.0000465500   -0.0000519300
   0.0002330000   -0.0000000000    0.0000087500
  -0.0000272900   -0.0000028000    0.0000499000
   0.0002468000   -0.0000000000   -0.0000869200
  -0.0090675900   -0.0183313600   -0.0052837200
  -0.0003941200   -0.0011209500    0.0004901800
  -0.0006645200   -0.0015165700    0.0007221400
  -0.0004809300   -0.0009645500    0.0004672000
  -0.0004710300   -0.0010010600    0.0004414300
  -0.0004064100   -0.0010346200    0.0004362400
  -0.0005018200   -0.0011198200    0.0004880200
  -0.0002378400   -0.0010881500    0.0003378500
  -0.0004527800   -0.0010633500   -0.0004784700
   0.0004348100   -0.0010393100   -0.0004763000
   0.0004967100   -0.0010152900   -0.0005368000
   0.0004447200   -0.0011050200   -0.0004784100
   0.0004576600   -0.0011531500   -0.0005034300
   0.0003975500   -0.0009390000   -0.0003422200
   0.0004166900   -0.0011669200   -0.0004552000
   0.0004444100   -0.0009795100   -0.0004261700
  -0.0002213600    0.0069425400    0.0036564300
  -0.0000771600    0.0069483800    0.0037818400
   0.0000565800    0.0072381400    0.0038188300
  -0.0001751600    0.0068649300    0.0037492000
  -0.0002023500    0.0068915400    0.0037705200
  -0.0002463900    0.0071662700    0.0033069800
  -0.0001867200    0.0069294000    0.0037673600
  -0.0005145500    0.0070067700    0.0037832100
  -0.0002113200    0.0071511500   -0.0040264100
   0.0002224100    0.0068873500   -0.0037653200
  -0.0004051300    0.0063826700   -0.0035637900
   0.0001681600    0.0068976900   -0.0037572300
   0.0000815500    0.0069135800   -0.0038051300
   0.0000690900    0.0068705600   -0.0036915400
   0.0001549400    0.0069875100   -0.0037697500
   0.0001770700    0.0070713700   -0.0038382400
  -0.0000565100   -0.0000593700   -0.0000400300
  -0.0000536700   -0.0000000000    0.0002140000
   0.0000301000   -0.0000122700    0.0000065800
   0.0000770500   -0.0000000000   -0.0000310000
   0.0084123900   -0.0000000000   -0.0136503700
   0.0000301000    0.0000122700    0.0000065800
  -0.0005744900   -0.0000000000   -0.0003507800
  -0.0000565100    0.0000593700   -0.0000400300
   0.0022292300   -0.0060152000   -0.0009474300
   0.0023011600   -0.0058941000   -0.0008995200
   0.0024556700   -0.0060113000   -0.0008594700
   0.0022693300   -0.0059608700   -0.0009172000
   0.0022749100   -0.0059243300   -0.0009088500
   0.0012209600   -0.0060634300   -0.0008496400
   0.0022741900   -0.0058810300   -0.0009312000
   0.0022422000   -0.0061668900   -0.0007933300
  -0.0107421300    0.0105046500   -0.0033361900
  -0.0023150000   -0.0059559100    0.0009078700
  -0.0026424800   -0.0056379000    0.0011239800
  -0.0023419100   -0.0060141600    0.0009070100
  -0.0023193400   -0.0059720800    0.0009311900
  -0.0022661000   -0.0059910900    0.0008500000
  -0.0022613400   -0.0059229800    0.0009136200
  -0.0020503700   -0.0058436200    0.0008454900
  -0.0024127500    0.0054492400   -0.0003151600
  -0.0021171400    0.0061416600   -0.0003042500
  -0.0028413500    0.0066858800   -0.0005677100
  -0.0022037700    0.0062269600   -0.0003050600
  -0.0021265500    0.0061920500   -0.0002944800
  -0.0020071400    0.0060947000   -0.0003817600
  -0.0020821100    0.0061904800   -0.0003078100
  -0.0021356600    0.0059995600   -0.0002548500
   0.0023359500    0.0061263300   -0.0002744000
   0.0020951100    0.0062119300    0.0002940000
   0.0020476800    0.0061703500    0.0002080700
   0.0021455700    0.0061902600    0.0003054300
   0.0020990200    0.0061498400    0.0003109300
   0.0020965900    0.0061356900    0.0003232600
   0.0020673600    0.0061748900    0.0002973000
   0.0020894900    0.0056942000    0.0003567500
   0.0004116400   -0.0000000000   -0.0002743600
   0.0000369200   -0.0000141100    0.0000277000
  -0.0000179100   -0.0000000000   -0.0004567200
  -0.0000079800   -0.0000119300    0.0000130600
  -0.0000079800    0.0000119300    0.0000130600
   0.0000630100   -0.0000000000   -0.0000187300
   0.0000369200    0.0000141100    0.0000277000
   0.0007455600   -0.0000000000   -0.0001769100
  -0.0024127500   -0.0054492400   -0.0003151600
  -0.0020821100   -0.0061904800   -0.0003078100
  -0.0028413500   -0.0066858800   -0.0005677100
  -0.0021265500   -0.0061920500   -0.0002944800
  -0.0022037700   -0.0062269600   -0.0003050600
  -0.0020071400   -0.0060947000   -0.0003817600
  -0.0021171400   -0.0061416600   -0.0003042500
  -0.0021356600   -0.0059995600   -0.0002548500
   0.0023359500   -0.0061263300   -0.0002744000
   0.0020673600   -0.0061748900    0.0002973000
   0.0020476800   -0.0061703500    0.0002080700
   0.0020990200   -0.0061498400    0.0003109300
   0.0021455700   -0.0061902600    0.0003054300
   0.0020965900   -0.0061356900    0.0003232600
   0.0020951100   -0.0062119300    0.0002940000
   0.0020894900   -0.0056942000    0.0003567500
   0.0022292300    0.0060152000   -0.0009474300
   0.0022741900    0.0058810300   -0.0009312000
   0.0024556700    0.0060113000   -0.0008594700
   0.0022749100    0.0059243300   -0.0009088500
   0.0022693300    0.0059608700   -0.0009172000
   0.0012209600    0.0060634300   -0.0008496400
   0.0023011600    0.0058941000   -0.0008995200
   0.0022422000    0.0061668900   -0.0007933300
  -0.0107421300   -0.0105046500   -0.0033361900
  -0.0022613400    0.0059229800    0.0009136200
  -0.0026424800    0.0056379000    0.0011239800
  -0.0023193400    0.0059720800    0.0009311900
  -0.0023419100    0.0060141600    0.0009070100
  -0.0022661000    0.0059910900    0.0008500000
  -0.0023150000    0.0059559100    0.0009078700
  -0.0020503700    0.0058436200    0.0008454900

97   
  0.0025492580064134   0.0039394363668069   0.0088307488203785
  -0.0003861300    0.0053366100    0.0001754000
  -0.0004010300    0.0055120700    0.0003517000
  -0.0004269700    0.0059042200    0.0009195900
  -0.0004710500    0.0059415800    0.0009871300
  -0.0004078400    0.0059432800    0.0009529800
  -0.0004174200    0.0059091700    0.0009080400
  -0.0004331500    0.0059200300    0.0008732200
  -0.0004282200    0.0059082700    0.0008759200
   0.0004614400   -0.0055734200   -0.0010092100
   0.0004145000   -0.0059226400   -0.0009101100
   0.0004378900   -0.0058317600   -0.0008371500
   0.0004426700   -0.0058841900   -0.0008201400
   0.0003778300   -0.0058780100   -0.0007922200
   0.0004135200   -0.0058367900   -0.0008489300
   0.0004484100   -0.0056860100   -0.0009500800
   0.0004592100   -0.0059760800   -0.0009362300
   0.0000767800    0.0002936900   -0.0003342500
   0.0001458300    0.0000482700   -0.0004027900
   0.0002196500    0.0001198400   -0.0004465200
   0.0000052800    0.0002618000   -0.0003382300
   0.0000352100    0.0002675600   -0.0003196100
   0.0000107800    0.0002306500   -0.0003046400
  -0.0000138200    0.0002263200   -0.0003000100
   0.0000791400    0.0002825300   -0.0003300600
  -0.0002699200   -0.0006334000    0.0002090100
  -0.0000610200   -0.0002729400    0.0002868300
  -0.0000192100   -0.0002995400    0.0002936600
  -0.0000577900   -0.0003010200    0.0003203900
  -0.0003425700   -0.0005575500    0.0001743900
  -0.0000190000   -0.0003105400    0.0002641500
  -0.0000929500   -0.0002900000    0.0003013700
  -0.0000330700   -0.0003047200    0.0003089900
   0.0016777900    0.0069045600    0.0052795400
  -0.0007121000    0.0023126200    0.0004206300
  -0.0004501000    0.0024487700   -0.0008347300
  -0.0006508500    0.0021451900    0.0003431900
  -0.0006935700    0.0023169700    0.0003393700
  -0.0006811800    0.0023477000    0.0005377300
  -0.0007208300    0.0021855500    0.0004514300
  -0.0009001500    0.0022933200    0.0007093600
  -0.0021089500    0.0002403400    0.0021851900
  -0.0011630500    0.0003811300    0.0017226100
  -0.0023934800    0.0005603300    0.0029034100
  -0.0011673900    0.0002128500    0.0016221100
  -0.0011194800    0.0002894700    0.0016565500
  -0.0003901000    0.0000803200    0.0030027400
  -0.0011581800    0.0003738800    0.0017119300
  -0.0022606300    0.0006475700    0.0027415800
   0.0028588900   -0.0031065800    0.0021289800
   0.0007004500   -0.0015935400   -0.0013053900
   0.0047374100   -0.0033051000    0.0009855200
   0.0006921700   -0.0015965800   -0.0013252600
   0.0006526400   -0.0016179300   -0.0013311200
   0.0004703500   -0.0015957900   -0.0020551200
   0.0007077300   -0.0016531800   -0.0012963700
   0.0006949600   -0.0015996500   -0.0022930800
  -0.0019859100   -0.0007996600    0.0008166000
  -0.0018597500   -0.0007141900    0.0007570600
  -0.0023195300   -0.0007580600    0.0011163600
  -0.0018516900   -0.0008823700    0.0007972900
  -0.0018899700   -0.0008267900    0.0008262100
  -0.0033448600   -0.0007263300    0.0013045300
  -0.0018374600   -0.0007790400    0.0008151400
  -0.0010676000   -0.0008778800    0.0011244500
  -0.0015372400    0.0040007700   -0.0010098400
  -0.0008830200    0.0002907100   -0.0021547900
  -0.0013666500    0.0001920200   -0.0021370700
  -0.0008139100    0.0002846300   -0.0021555200
  -0.0008642800    0.0000683500   -0.0021632500
  -0.0008666600    0.0001833100   -0.0017706000
  -0.0008915700    0.0001442300   -0.0021535600
  -0.0013589500    0.0002781200   -0.0021489300
  -0.0029269600    0.0000805500    0.0035874700
  -0.0006438100    0.0015661000    0.0014186400
  -0.0006966300    0.0015946000    0.0007199900
  -0.0006027800    0.0015915300    0.0013882900
  -0.0006422400    0.0015715600    0.0013949300
  -0.0040989800   -0.0001126700    0.0014415000
  -0.0006520500    0.0015650400    0.0014269700
  -0.0009771300    0.0015889500    0.0004328400
   0.0053230700    0.0046336700   -0.0015278900
   0.0018954400    0.0009396100   -0.0008761200
   0.0021764600    0.0008379500   -0.0021693000
   0.0019272000    0.0007559200   -0.0009654800
   0.0018762700    0.0009113100   -0.0009577700
   0.0025407700    0.0008490400   -0.0007953800
   0.0019020900    0.0008106500   -0.0008751700
   0.0023080400    0.0009354200   -0.0008553000
   0.0019482500    0.0043915400    0.0044632800
   0.0011032800   -0.0001620000   -0.0017635600
   0.0011249700   -0.0001450700   -0.0017302700
   0.0011670700   -0.0001601000   -0.0017539200
   0.0011239900   -0.0003652300   -0.0017494900
   0.0010536400   -0.0000410900   -0.0019576000
   0.0011100500   -0.0003270600   -0.0017310900
   0.0013308000   -0.0002007700   -0.0015557900
  -0.0267902000   -0.0487929400   -0.0600485000
  -0.0012640300    0.0014124300   -0.0005572800
  -0.0009294800    0.0015757000   -0.0000055900
  -0.0014113800    0.0016178500   -0.0002729600
  -0.0014494300    0.0015922100   -0.0002739700
  -0.0019338600    0.0015818300   -0.0002876000
  -0.0012606500    0.0016632800   -0.0004291000
  -0.0010907400    0.0015386400   -0.0006785100
   0.0016517100   -0.0022531500   -0.0001415900
   0.0006998400   -0.0020870500   -0.0004980200
   0.0011640100   -0.0024219100   -0.0003231100
   0.0006526300   -0.0021882000   -0.0005032300
   0.0006980400   -0.0022968800   -0.0005394500
   0.0021663500   -0.0019368600    0.0008166400
   0.0006951900   -0.0021458700   -0.0005084000
   0.0020670300   -0.0018456200    0.0007587700
   0.0012506000   -0.0001421400    0.0020750900
   0.0007793600   -0.0000170700    0.0020834700
   0.0039151100   -0.0000745300    0.0041504800
   0.0008188500   -0.0001928600    0.0020735000
   0.0007801400   -0.0002015900    0.0020456700
   0.0013055700   -0.0001018300    0.0025842500
   0.0007562000   -0.0001624700    0.0021414400
   0.0002742300   -0.0002202700    0.0026800600
   0.0011999900   -0.0016894900    0.0001758900
   0.0013180000   -0.0015161000    0.0005284400
   0.0009557600   -0.0014633100   -0.0027855500
   0.0014031400   -0.0016063800    0.0004485800
   0.0013811200   -0.0016179700    0.0004493100
   0.0000302300   -0.0014574800   -0.0030657600
   0.0013179300   -0.0015467500    0.0005180500
   0.0012697600   -0.0019626500   -0.0006846200
  -0.0000279000    0.0000226900   -0.0000331500
  -0.0000758800   -0.0000023000    0.0001621100
   0.0000022200    0.0000768200    0.0000528600
  -0.0000106900    0.0000723300    0.0006175400
  -0.0000175000    0.0000312400   -0.0000565300
   0.0000023000   -0.0000513800    0.0000694000
   0.0002362900   -0.0000025500   -0.0001932400
  -0.0000033500    0.0000051700   -0.0000330400
  -0.0008860100   -0.0136871600    0.0044502800
  -0.0007964400   -0.0073371600    0.0042387600
  -0.0011270300   -0.0075170300    0.0043906900
  -0.0008049100   -0.0072431100    0.0042006300
  -0.0007680600   -0.0072110000    0.0042104800
  -0.0005534400   -0.0073786200    0.0042866600
  -0.0008043100   -0.0072404000    0.0043038300
  -0.0007912300   -0.0070559900    0.0042092100
  -0.0003304600   -0.0066923900   -0.0033538700
  -0.0003270700   -0.0066377400   -0.0032937500
  -0.0002946900   -0.0065098300   -0.0026676800
  -0.0003305700   -0.0068806400   -0.0032718200
  -0.0003785900   -0.0068653200   -0.0032680100
  -0.0006746000   -0.0064955400   -0.0022747700
  -0.0003496000   -0.0068220800   -0.0032746500
  -0.0003712200   -0.0066817900   -0.0034038800
  -0.0002540400    0.0007940300    0.0014567300
  -0.0002534700    0.0008297700    0.0015666300
  -0.0005482500    0.0010446000    0.0025262500
  -0.0002972800    0.0007741900    0.0015475000
  -0.0002272900    0.0007586300    0.0015395200
  -0.0001935800    0.0010307000    0.0021489000
  -0.0002480900    0.0009129900    0.0015356700
  -0.0002652900    0.0008936500    0.0015017900
   0.0006261100   -0.0041829100    0.0002936200
   0.0005432900    0.0011810000    0.0006820700
   0.0002239300    0.0009036500    0.0007936400
   0.0005533500    0.0012284900    0.0006425900
   0.0005332600    0.0012389100    0.0006409300
   0.0007590300    0.0010616400    0.0006499500
   0.0005257700    0.0011531500    0.0007569300
   0.0005566100    0.0013074100    0.0005284400
   0.0001958300    0.0000415600    0.0002419700
  -0.0000011900    0.0000476100    0.0000340200
   0.0000276400    0.0000860700   -0.0002506900
  -0.0000291700    0.0000156400    0.0000214100
  -0.0000023600    0.0000036400    0.0000203600
   0.0002334800    0.0000848000   -0.0005868300
  -0.0000010300   -0.0000338700    0.0000478100
   0.0000338500   -0.0000007300   -0.0001224900
  -0.0005479500   -0.0013358200   -0.0006161600
  -0.0005412600   -0.0009836200   -0.0007725700
  -0.0006556600   -0.0013389100    0.0000574300
  -0.0005318500   -0.0012042500   -0.0006808900
  -0.0005787100   -0.0012211900   -0.0006718700
  -0.0006739900   -0.0013263900   -0.0003184700
  -0.0005462200   -0.0012339700   -0.0006791400
  -0.0005581000   -0.0013352800   -0.0006546400
   0.0003313500    0.0233783700    0.0158026100
   0.0002329300   -0.0007385900   -0.0013890500
  -0.0000672400   -0.0005113200   -0.0014816500
   0.0002143400   -0.0008029600   -0.0015421600
   0.0002862300   -0.0007921700   -0.0015392300
   0.0004645000   -0.0006688700   -0.0016254100
   0.0002504200   -0.0007774600   -0.0015137500
   0.0002628200   -0.0008889200   -0.0016317000
   0.0002464900    0.0343966100    0.0216175300
   0.0003326500    0.0068283200    0.0034103800
   0.0000010900    0.0069746300    0.0033250400
   0.0003349300    0.0067830200    0.0032717300
   0.0003662300    0.0068130900    0.0032616700
   0.0005932300    0.0068361800    0.0032198600
   0.0003411600    0.0068684200    0.0032916400
   0.0003463900    0.0066521100    0.0032871300
   0.0008071000    0.0071413900   -0.0043230500
   0.0007874400    0.0072389700   -0.0042579600
   0.0006117400    0.0071128500   -0.0039550900
   0.0007567800    0.0072771600   -0.0042442800
   0.0008082300    0.0072961900   -0.0042492800
   0.0006922500    0.0070980200   -0.0035637600
   0.0008103600    0.0074631100   -0.0043652000
   0.0007666600    0.0069354800   -0.0043809700
  -0.0000042100   -0.0000055200   -0.0000393600
   0.0084668200    0.0002030300   -0.0012737900
   0.0000752000   -0.0000124100   -0.0000164700
  -0.0000930400   -0.0000032900    0.0003818700
  -0.0000833300    0.0000131700    0.0001907600
   0.0000122400   -0.0000118700   -0.0000218200
  -0.0002383000   -0.0001265900   -0.0001843900
  -0.0000108500    0.0000133600   -0.0000388900
   0.0028572500   -0.0068570300    0.0000240900
   0.0017816000   -0.0064729200   -0.0004807700
   0.0015792600   -0.0069764300   -0.0001370600
   0.0018122500   -0.0065717800   -0.0005463400
   0.0018124200   -0.0064744700   -0.0004822000
   0.0018714300   -0.0064015700   -0.0005911300
   0.0018321800   -0.0064650900   -0.0005067500
   0.0019660100   -0.0065799100   -0.0004539800
  -0.0026203600   -0.0051726900    0.0014726100
  -0.0027247500   -0.0056163200    0.0011949400
  -0.0028131100   -0.0056287800    0.0011638000
  -0.0026860600   -0.0055531200    0.0011993200
  -0.0026689800   -0.0055313100    0.0012117700
  -0.0023772300   -0.0061470700    0.0015669300
  -0.0026850900   -0.0055231300    0.0011698300
  -0.0028175300   -0.0054733900    0.0013836100
  -0.0021635500    0.0054868500    0.0009875000
  -0.0021530500    0.0053899200    0.0004873200
  -0.0022204800    0.0053790600    0.0004190800
  -0.0021801000    0.0054809100    0.0004900600
  -0.0022340800    0.0053161700    0.0005055100
  -0.0019383100    0.0059804300   -0.0000275100
  -0.0021462200    0.0053992600    0.0004815100
  -0.0022987200    0.0053607100    0.0005139800
   0.0021071200    0.0065560700    0.0019297200
   0.0019599700    0.0067588600    0.0009972400
   0.0028968600    0.0069259900    0.0015722200
   0.0019398500    0.0068356800    0.0011195400
   0.0019507700    0.0067712400    0.0011053700
   0.0021416100    0.0067976300    0.0011287500
   0.0019352800    0.0067746600    0.0010827700
   0.0020554700    0.0067751100    0.0011468800
   0.0002766200    0.0000117900    0.0003353200
   0.0000498000   -0.0000197400   -0.0000156500
   0.0095392300    0.0001835600   -0.0013658600
  -0.0000304700   -0.0000040500   -0.0000424300
  -0.0000261900    0.0000121900   -0.0000408200
   0.0001208900   -0.0001258700   -0.0002308000
  -0.0000138600   -0.0000037100   -0.0000096200
   0.0002088800   -0.0000049600   -0.0000195800
  -0.0028268500   -0.0073627800   -0.0006423900
  -0.0019211400   -0.0067292600   -0.0010293000
  -0.0020006300   -0.0067113100   -0.0011223200
  -0.0019685400   -0.0067192300   -0.0010413400
  -0.0019382400   -0.0068260100   -0.0010721300
  -0.0019640400   -0.0071462800   -0.0010358000
  -0.0019820700   -0.0067205900   -0.0010414300
  -0.0021553100   -0.0068205500   -0.0009877000
   0.0019777300   -0.0049764100    0.0001836800
   0.0021868700   -0.0055412800   -0.0004701600
   0.0022330600   -0.0063229300   -0.0000082300
   0.0021336000   -0.0054436600   -0.0004716200
   0.0021516200   -0.0054974400   -0.0004831200
   0.0022835400   -0.0055359400   -0.0005264600
   0.0021581500   -0.0054347100   -0.0005360300
   0.0022458100   -0.0054849400   -0.0003832400
   0.0028586700    0.0053134700   -0.0005613800
   0.0026660300    0.0054709300   -0.0012071900
   0.0022172300    0.0061469100   -0.0013590400
   0.0027415300    0.0054058200   -0.0011644700
   0.0027155400    0.0055630500   -0.0012130200
   0.0027546800    0.0054051600   -0.0012782500
   0.0026691300    0.0054773700   -0.0011983500
   0.0027736800    0.0054550600   -0.0011820400
  -0.0020891100    0.0064190500    0.0009901700
  -0.0018241100    0.0065108500    0.0004742900
  -0.0020085000    0.0065543100    0.0005910800
  -0.0018244500    0.0065230600    0.0005605800
  -0.0018111000    0.0065555200    0.0005723000
  -0.0023758300    0.0064158700    0.0009040300
  -0.0018106200    0.0065141500    0.0005194200
  -0.0019623100    0.0064277400    0.0006852100

97   
 -0.0025492580064134  -0.0039394363668069  -0.0088307488203785
  -0.0004679600    0.0065053600    0.0016016700
  -0.0004476100    0.0063548400    0.0014622500
  -0.0004278100    0.0059487200    0.0008830100
  -0.0003818100    0.0059161500    0.0008006900
  -0.0004454600    0.0059092100    0.0008312200
  -0.0004349200    0.0059422300    0.0008940000
  -0.0004208600    0.0059245300    0.0009326000
  -0.0004246100    0.0059398300    0.0009106800
   0.0003814200   -0.0062819300   -0.0008012500
   0.0004288300   -0.0059268400   -0.0008809200
   0.0004033600   -0.0060261500   -0.0009534500
   0.0004011700   -0.0059722800   -0.0009867300
   0.0004649700   -0.0059786400   -0.0010186500
   0.0004346100   -0.0060209900   -0.0009445200
   0.0003969500   -0.0061677400   -0.0008347000
   0.0004238700   -0.0059198400   -0.0008930700
   0.0000232400    0.0002777800   -0.0002822000
  -0.0000504000    0.0005266900   -0.0002140300
  -0.0001141600    0.0004435900   -0.0001735300
   0.0000938100    0.0003054700   -0.0002814600
   0.0000604900    0.0002986100   -0.0002966500
   0.0000855800    0.0003364000   -0.0003165500
   0.0001113300    0.0003419200   -0.0003195600
   0.0000177600    0.0002823000   -0.0002861200
   0.0001685700    0.0000671200    0.0004147300
  -0.0000472900   -0.0002955700    0.0003317900
  -0.0000860000   -0.0002742000    0.0003244100
  -0.0000481100   -0.0002718200    0.0002928300
   0.0002332500   -0.0000142400    0.0004348500
  -0.0000876700   -0.0002599800    0.0003508600
  -0.0000126900   -0.0002822200    0.0003150000
  -0.0000724600   -0.0002660900    0.0003042700
  -0.0026433200   -0.0023659500   -0.0036233500
  -0.0006129300    0.0021585600    0.0006567700
  -0.0008839200    0.0020262900    0.0019460900
  -0.0006724300    0.0023314500    0.0007412400
  -0.0006273100    0.0021542800    0.0007452600
  -0.0006859100    0.0021302400    0.0005203500
  -0.0006117900    0.0022871100    0.0006234500
  -0.0004436600    0.0021768800    0.0003785900
  -0.0000845700    0.0002750100    0.0011326900
  -0.0010344800    0.0001310200    0.0015898600
   0.0001683000   -0.0000515100    0.0003519700
  -0.0010313400    0.0003022200    0.0016971300
  -0.0010797100    0.0002192800    0.0016639500
  -0.0019469800    0.0004229800    0.0002943200
  -0.0010419800    0.0001383100    0.0016004200
   0.0001136900   -0.0001197500    0.0005480200
  -0.0018362100   -0.0000356400   -0.0050482700
   0.0003789900   -0.0015936500   -0.0014397300
  -0.0036178600    0.0000848100   -0.0035416200
   0.0003850700   -0.0015942600   -0.0014264700
   0.0004232400   -0.0015703600   -0.0014212700
   0.0006007900   -0.0016007400   -0.0006752400
   0.0003695400   -0.0015426200   -0.0014513300
   0.0003764000   -0.0015883500   -0.0003969800
  -0.0016768300   -0.0009144800    0.0007220800
  -0.0018152700   -0.0009944400    0.0007739900
  -0.0013873700   -0.0009479300    0.0003856300
  -0.0018208400   -0.0008258500    0.0007305000
  -0.0017855300   -0.0008786100    0.0006970900
  -0.0004132500   -0.0009570300    0.0001439800
  -0.0018366700   -0.0009271000    0.0007151500
  -0.0026558900   -0.0008334800    0.0003440900
   0.0000069100   -0.0036763300   -0.0032511500
  -0.0006998700    0.0000945300   -0.0019806900
  -0.0002457100    0.0001896100   -0.0020105200
  -0.0007632900    0.0001039700   -0.0020006000
  -0.0007177500    0.0003196800   -0.0019956600
  -0.0007523000    0.0002108000   -0.0023331900
  -0.0006932400    0.0002449600   -0.0019853500
  -0.0002327500    0.0001094000   -0.0020120900
   0.0018732400    0.0031489000   -0.0009052700
  -0.0004417300    0.0016236000    0.0013257500
  -0.0003906600    0.0015892700    0.0020612000
  -0.0004832500    0.0015986200    0.0013456000
  -0.0004430700    0.0016146600    0.0013459200
   0.0030412600    0.0032697000    0.0013016300
  -0.0004327900    0.0016180200    0.0013197800
  -0.0000963400    0.0016007600    0.0023609100
  -0.0017997400   -0.0030357400   -0.0000633200
   0.0017724100    0.0007604300   -0.0006471000
   0.0015116100    0.0008642500    0.0006197200
   0.0017368000    0.0009468200   -0.0005789700
   0.0017856300    0.0007905200   -0.0005843700
   0.0011672500    0.0008468700   -0.0007336700
   0.0017686900    0.0008936900   -0.0006453700
   0.0013684600    0.0007663800   -0.0006777000
  -0.0000183600   -0.0048862400   -0.0072583800
   0.0010911600   -0.0003544600   -0.0015592200
   0.0010915700   -0.0003622200   -0.0016148200
   0.0010205300   -0.0003562300   -0.0015626500
   0.0010705000   -0.0001462100   -0.0015688700
   0.0011491600   -0.0004717700   -0.0013744400
   0.0010898800   -0.0001864700   -0.0015950800
   0.0008876800   -0.0003174800   -0.0017592000
   0.0250943400    0.0525771900    0.0589609700
  -0.0014841700    0.0017701200   -0.0004300800
  -0.0018133400    0.0016004600   -0.0009725000
  -0.0013356500    0.0015626500   -0.0007200700
  -0.0013004200    0.0015882200   -0.0007189100
  -0.0008125900    0.0015957800   -0.0007051400
  -0.0014893100    0.0015152100   -0.0005499700
  -0.0016622300    0.0016406300   -0.0003074900
  -0.0003517400   -0.0022184200   -0.0009422000
   0.0006180500   -0.0023885700   -0.0005844900
   0.0002455400   -0.0020793600   -0.0007803600
   0.0006621000   -0.0022908700   -0.0005757300
   0.0006164900   -0.0021752700   -0.0005420700
  -0.0008086200   -0.0025482500   -0.0019453100
   0.0006208500   -0.0023300500   -0.0005770800
  -0.0008042400   -0.0026130000   -0.0018612600
   0.0003039200   -0.0002566600    0.0020813200
   0.0007950200   -0.0003782000    0.0020617000
  -0.0022296700   -0.0003053100   -0.0000573700
   0.0007562900   -0.0001980200    0.0020641000
   0.0007920800   -0.0001918600    0.0020986900
   0.0003168000   -0.0002910700    0.0015549800
   0.0008174700   -0.0002294800    0.0020070900
   0.0013634700   -0.0001761900    0.0014081300
   0.0015454200   -0.0014961500    0.0008219300
   0.0014207300   -0.0016650800    0.0004393600
   0.0018116100   -0.0017291100    0.0038666500
   0.0013343100   -0.0015787100    0.0005463200
   0.0013584100   -0.0015646100    0.0005433500
   0.0026962100   -0.0017220500    0.0041029400
   0.0014220500   -0.0016378400    0.0004553900
   0.0014710900   -0.0012332900    0.0017272900
   0.0000158800   -0.0000246700    0.0000329700
   0.0000839800   -0.0000061100   -0.0001695800
  -0.0000090200   -0.0000795800   -0.0000551600
   0.0000059100   -0.0000581500   -0.0006322800
   0.0000181300   -0.0000326200    0.0000344800
  -0.0000002400    0.0000515700   -0.0000759100
  -0.0002589200   -0.0000062000    0.0001994200
   0.0000034100   -0.0000079200    0.0000304100
  -0.0007107100   -0.0006766300    0.0039982100
  -0.0007759900   -0.0070575500    0.0042042700
  -0.0004532100   -0.0068636900    0.0040575400
  -0.0007685200   -0.0071519500    0.0042415400
  -0.0008029900   -0.0071797000    0.0042305100
  -0.0010119300   -0.0070127300    0.0041698700
  -0.0007668200   -0.0071364400    0.0041347500
  -0.0007805600   -0.0073419600    0.0042386200
  -0.0003773600   -0.0068878600   -0.0031635900
  -0.0003822100   -0.0069028800   -0.0032290400
  -0.0004194000   -0.0070449400   -0.0038732000
  -0.0003776100   -0.0066733600   -0.0032506000
  -0.0003341400   -0.0066868400   -0.0032538100
  -0.0000271400   -0.0070451900   -0.0042639500
  -0.0003611000   -0.0067254400   -0.0032426700
  -0.0003421900   -0.0068399400   -0.0031154900
  -0.0002642600    0.0008854500    0.0016398900
  -0.0002684100    0.0008435300    0.0015141500
   0.0000238600    0.0006328000    0.0005440700
  -0.0002214600    0.0009082500    0.0015399700
  -0.0002971400    0.0009198300    0.0015478200
  -0.0003323400    0.0006147400    0.0009218100
  -0.0002745200    0.0007540300    0.0015487000
  -0.0002556400    0.0007591800    0.0015860100
   0.0005186400    0.0067827100    0.0010061900
   0.0005550000    0.0013745600    0.0006450900
   0.0008923200    0.0016294100    0.0005289400
   0.0005471600    0.0013104400    0.0006738900
   0.0005669500    0.0012896700    0.0006735900
   0.0003249100    0.0014647200    0.0006638800
   0.0005752700    0.0013835700    0.0005733800
   0.0005425800    0.0012214800    0.0007830500
  -0.0002163600   -0.0000632500   -0.0002360500
  -0.0000045400   -0.0000488300   -0.0000466500
  -0.0000183600   -0.0000797900    0.0002735000
   0.0000312000   -0.0000173500   -0.0000160200
  -0.0000062000   -0.0000053000   -0.0000105100
  -0.0002374100   -0.0000811000    0.0005798200
  -0.0000024800    0.0000306000   -0.0000562800
  -0.0000322700   -0.0000032400    0.0001228600
  -0.0005580600   -0.0012057000   -0.0006948800
  -0.0005669100   -0.0015640400   -0.0005556900
  -0.0004607000   -0.0012152500   -0.0013986600
  -0.0005741600   -0.0013496500   -0.0006411500
  -0.0005304500   -0.0013279800   -0.0006506200
  -0.0004352600   -0.0011984400   -0.0010194400
  -0.0005619000   -0.0013019600   -0.0006485100
  -0.0005486300   -0.0011872100   -0.0006641500
   0.0002244700   -0.0259624300   -0.0194087500
   0.0002797500   -0.0009498900   -0.0016916200
   0.0005998600   -0.0011596000   -0.0016079300
   0.0002987800   -0.0008705600   -0.0015528500
   0.0002294700   -0.0008730700   -0.0015561000
   0.0000314600   -0.0009951900   -0.0014728700
   0.0002639200   -0.0008992400   -0.0015687700
   0.0002486300   -0.0007792900   -0.0014688200
   0.0004230800   -0.0199463200   -0.0146562200
   0.0003698800    0.0067207400    0.0031009000
   0.0006932400    0.0065548700    0.0031975400
   0.0003695600    0.0067646500    0.0032435700
   0.0003332900    0.0067296200    0.0032537500
   0.0001165600    0.0067038700    0.0033095600
   0.0003619400    0.0066639400    0.0032266100
   0.0003572000    0.0069028300    0.0032319900
   0.0007602400    0.0072769900   -0.0041187800
   0.0007773900    0.0071411200   -0.0041890000
   0.0009500000    0.0072846600   -0.0045040100
   0.0008083700    0.0071160100   -0.0042036800
   0.0007542600    0.0070959400   -0.0041973700
   0.0008768500    0.0072843200   -0.0048955100
   0.0007536400    0.0069256700   -0.0040787400
   0.0007956800    0.0074195700   -0.0040709000
  -0.0000006900    0.0000039700    0.0000408600
  -0.0085817500   -0.0002161600    0.0013218400
  -0.0000844200    0.0000086000    0.0000169700
   0.0000652900    0.0000018600   -0.0003841500
   0.0000852700   -0.0000145800   -0.0001864300
  -0.0000176600    0.0000117600    0.0000096300
   0.0002420000    0.0001253800    0.0001703900
   0.0000185600   -0.0000155300    0.0000395800
   0.0008565700   -0.0061290100   -0.0011389700
   0.0019234400   -0.0065207200   -0.0005979900
   0.0020875600   -0.0060038800   -0.0009541700
   0.0018981700   -0.0064186300   -0.0005276600
   0.0018967200   -0.0065038000   -0.0005958500
   0.0018530000   -0.0065851700   -0.0004835800
   0.0018740800   -0.0065182200   -0.0005731900
   0.0017432100   -0.0064119000   -0.0006252600
  -0.0028082200   -0.0058299800    0.0009582100
  -0.0026904500   -0.0053793900    0.0012216200
  -0.0026077800   -0.0053758200    0.0012503900
  -0.0027293100   -0.0054457200    0.0012121700
  -0.0027489900   -0.0054699300    0.0012016700
  -0.0029943000   -0.0048782100    0.0008366600
  -0.0027335200   -0.0054682900    0.0012496600
  -0.0026000900   -0.0055147300    0.0010244200
  -0.0022256500    0.0054441900    0.0000117900
  -0.0022064100    0.0055192400    0.0004896600
  -0.0021557900    0.0055250500    0.0005593500
  -0.0021815200    0.0054219600    0.0004916500
  -0.0021354100    0.0055846600    0.0004740500
  -0.0024013700    0.0049027500    0.0009917900
  -0.0022149100    0.0054979900    0.0004968800
  -0.0020566300    0.0055447400    0.0004689400
   0.0018882600    0.0070037500    0.0002120200
   0.0020194600    0.0068069900    0.0011366200
   0.0010575400    0.0066751900    0.0006085200
   0.0020372400    0.0067375500    0.0010095000
   0.0020252200    0.0067868700    0.0010236700
   0.0018417800    0.0067630200    0.0009965600
   0.0020441800    0.0067774900    0.0010501600
   0.0019209100    0.0067878300    0.0009765300
  -0.0002881300   -0.0000143900   -0.0003244100
  -0.0000485300    0.0000199200    0.0000072600
  -0.0094842400   -0.0001829300    0.0013716700
   0.0000256200    0.0000027900    0.0000440100
   0.0000127900   -0.0000142400    0.0000437800
  -0.0001170800    0.0001260000    0.0002345200
   0.0000107000   -0.0000006700    0.0000066100
  -0.0001962200    0.0000013300    0.0000060300
  -0.0011861700   -0.0062180000   -0.0014826800
  -0.0020613500   -0.0068466400   -0.0011087000
  -0.0020012500   -0.0068594500   -0.0010141400
  -0.0020198200   -0.0068463500   -0.0010949700
  -0.0020520700   -0.0067385600   -0.0010598700
  -0.0019879000   -0.0064130300   -0.0010978500
  -0.0020032100   -0.0068403900   -0.0010964300
  -0.0018279100   -0.0067474800   -0.0011492800
   0.0023882900   -0.0059318600   -0.0011460300
   0.0021668700   -0.0053631200   -0.0005126000
   0.0020966800   -0.0046375800   -0.0009728100
   0.0022218100   -0.0054698200   -0.0005139000
   0.0022007300   -0.0054047600   -0.0005039800
   0.0020757600   -0.0053653100   -0.0004607600
   0.0021977900   -0.0054648100   -0.0004440900
   0.0021074700   -0.0054217500   -0.0006052000
   0.0025615600    0.0056874700   -0.0018591700
   0.0027421400    0.0055283200   -0.0012149700
   0.0031650200    0.0048300100   -0.0010951100
   0.0026725300    0.0055917800   -0.0012557700
   0.0026929500    0.0054226800   -0.0012048200
   0.0026708500    0.0055866500   -0.0011386900
   0.0027374600    0.0055118500   -0.0012221000
   0.0026348300    0.0055436700   -0.0012365000
  -0.0016467100    0.0065685400    0.0000884600
  -0.0018923400    0.0064733400    0.0006006100
  -0.0017109500    0.0064373600    0.0004798200
  -0.0018890200    0.0064594700    0.0005090800
  -0.0019039400    0.0064348800    0.0004982200
  -0.0012902900    0.0065811600    0.0001754200
  -0.0019051700    0.0064589800    0.0005568900
  -0.0017498600    0.0065454500    0.0003778400

129  
  0.0025492580064134   0.0039394363668069   0.0088307488203785
  -0.0004168100    0.0059402500    0.0009131600
  -0.0003817300    0.0059039200    0.0008117200
  -0.0005454400    0.0068649900    0.0004524600
  -0.0004242500    0.0059534600    0.0009203100
  -0.0004218500    0.0059149000    0.0009277300
  -0.0004291500    0.0059421800    0.0008561300
  -0.0004036200    0.0059418200    0.0008121200
  -0.0004371300    0.0059409100    0.0009111900
   0.0004127900   -0.0059460900   -0.0008905600
   0.0004568200   -0.0059436200   -0.0009923600
   0.0004580900   -0.0059576100   -0.0009643300
   0.0004274400   -0.0059677100   -0.0008733800
   0.0004572000   -0.0059499700   -0.0008781500
   0.0003090100   -0.0050421000   -0.0013444100
   0.0004710200   -0.0059844300   -0.0009885400
   0.0004374400   -0.0059481400   -0.0008885300
   0.0001356900    0.0003801900   -0.0001908800
  -0.0000333300    0.0003322300   -0.0002593600
   0.0001350000    0.0001890200   -0.0002016700
   0.0000510200    0.0002739700   -0.0003030900
  -0.0000382000    0.0002225000   -0.0002523700
   0.0000505800    0.0002778800   -0.0003074300
   0.0000488300    0.0002754800   -0.0003142100
   0.0000505500    0.0002706600   -0.0002994500
  -0.0000485100   -0.0002951200    0.0003089900
  -0.0000520900   -0.0002956300    0.0003126200
  -0.0000531600   -0.0002910700    0.0003193100
  -0.0001377600   -0.0003405200    0.0003554500
  -0.0000510200   -0.0002908400    0.0003077200
   0.0000377700   -0.0003889500    0.0004258600
  -0.0001405300   -0.0002322600    0.0003653400
   0.0000304000   -0.0001968800    0.0004147800
  -0.0007438300    0.0022994100    0.0005729700
  -0.0008157500    0.0022433800    0.0010827600
  -0.0005933500    0.0022330700    0.0004687700
  -0.0129072300    0.0024547800    0.0189196800
  -0.0005889400    0.0022471100    0.0005939500
  -0.0005986200    0.0022494600    0.0004711500
  -0.0007603100    0.0021073200    0.0003527400
  -0.0006740300    0.0022045900    0.0006107800
  -0.0010851800    0.0003023800    0.0016755200
  -0.0009211800    0.0002611200    0.0018381800
  -0.0011840300    0.0002555500    0.0015958000
  -0.0009460400    0.0002674300    0.0018131000
   0.0157028400    0.0004108500    0.0288968900
  -0.0011627300    0.0002673100    0.0015727200
  -0.0010708700    0.0001293600    0.0013551900
  -0.0011110700    0.0002412000    0.0016974500
   0.0005392800   -0.0016040900   -0.0014489000
   0.0085447500   -0.0009849900   -0.0017826500
   0.0005653700   -0.0015831600   -0.0013681900
   0.0011972100   -0.0015921800   -0.0010758300
  -0.0000141800   -0.0015931100   -0.0010390700
   0.0005863400   -0.0016331000   -0.0013705100
   0.0004489700   -0.0016989000   -0.0014872900
   0.0005356200   -0.0015821000   -0.0014311800
  -0.0018933800   -0.0008591900    0.0007849200
  -0.0018858200   -0.0008075100    0.0004665200
  -0.0018431800   -0.0008058200    0.0007778800
  -0.0018016100   -0.0007995700    0.0007200700
  -0.0024723100   -0.0008417100    0.0010659500
  -0.0018516800   -0.0009287700    0.0007816600
  -0.0022796100   -0.0006745300    0.0012243500
  -0.0018648500   -0.0008367600    0.0008009100
  -0.0007633700    0.0001856800   -0.0020084400
  -0.0004954900    0.0002402700   -0.0019697500
  -0.0007726000    0.0000845600   -0.0020757200
  -0.0002848100    0.0002097900   -0.0019736000
  -0.0008380800    0.0002472600   -0.0020807300
  -0.0007809300    0.0002735200   -0.0020735000
  -0.0003191500    0.0003775100   -0.0015662800
  -0.0007670800    0.0002139600   -0.0020161100
  -0.0005579700    0.0016071300    0.0013213400
  -0.0006352400    0.0014885700    0.0012614900
  -0.0004949500    0.0015556800    0.0013794900
  -0.0011320100    0.0015958000    0.0017092100
   0.0000876000    0.0015954100    0.0016829500
  -0.0005045900    0.0016050500    0.0013628700
   0.0073978100    0.0022205800    0.0010398200
  -0.0005554400    0.0015838700    0.0013035700
   0.0018281900    0.0008694700   -0.0007393700
   0.0013716800    0.0010379800   -0.0003489200
   0.0018009000    0.0007755900   -0.0007661600
   0.0012450100    0.0008683200   -0.0004809900
   0.0018707700    0.0009048300   -0.0008566500
   0.0017915800    0.0008976400   -0.0007760000
   0.0017925600    0.0008985400   -0.0011042900
   0.0018216700    0.0008454800   -0.0007393400
   0.0011392800   -0.0002717100   -0.0016157400
   0.0010995900   -0.0003860700   -0.0019199600
   0.0010412500   -0.0002467400   -0.0017289500
   0.0171758700   -0.0000282000    0.0244028200
   0.0012812200   -0.0002465800   -0.0015184400
   0.0010419700   -0.0002582500   -0.0017219400
   0.0012538700   -0.0002514700   -0.0014495300
   0.0011670500   -0.0002113200   -0.0016409000
  -0.0013741200    0.0015985700   -0.0004529400
  -0.0006473500    0.0015922800   -0.0005813800
  -0.0013717100    0.0015856100   -0.0004247300
  -0.0013854500    0.0016499000    0.0000820500
  -0.0013822400    0.0016227400   -0.0005164000
  -0.0013671400    0.0016231200   -0.0004823900
  -0.0019216200    0.0015914600   -0.0004905400
  -0.0013912000    0.0016154000   -0.0004693900
   0.0006960600   -0.0022690400   -0.0004706700
   0.0005381400   -0.0023648000   -0.0007724300
   0.0007474600   -0.0022233000   -0.0006128500
   0.0007633400   -0.0022260600   -0.0004761100
  -0.0120395300   -0.0020715900    0.0183722300
   0.0007359000   -0.0022413100   -0.0006363200
   0.0004774800   -0.0022319000   -0.0000488200
   0.0006418300   -0.0021743300   -0.0005100800
   0.0008407700   -0.0001749900    0.0021326400
   0.0012461100   -0.0000151400    0.0026301800
   0.0007763400   -0.0001157500    0.0020846200
   0.0007690000   -0.0001413800    0.0020956600
   0.0012978600   -0.0001835900    0.0022118000
   0.0007838200   -0.0003039000    0.0020979900
   0.0010596900   -0.0001483800    0.0022280500
   0.0008388900   -0.0002050900    0.0021402600
   0.0013468200   -0.0015664200    0.0004568200
   0.0008209400   -0.0015892700    0.0004980400
   0.0013766500   -0.0015593300    0.0004804600
   0.0013600300   -0.0015589700    0.0004426500
   0.0013605400   -0.0015233600    0.0011059600
   0.0013815200   -0.0015965200    0.0005652400
   0.0020914700   -0.0015877400    0.0004236300
   0.0013713100   -0.0015849500    0.0004644800
  -0.0313087400   -0.0123278600   -0.1156654300
   0.0000012000    0.0000085000    0.0001686800
  -0.0000129500    0.0000225100   -0.0001385300
  -0.0000196300   -0.0000314500   -0.0001154000
  -0.0000012500   -0.0000131100   -0.0000835400
   0.0000132100    0.0000225600   -0.0001451400
   0.0000027000   -0.0000182200    0.0001669100
   0.0000441800    0.0000151300   -0.0000447300
  -0.0007679500   -0.0071428500    0.0042511100
  -0.0008350800   -0.0071747300    0.0042791700
  -0.0007876700   -0.0071798200    0.0042627100
  -0.0009563100   -0.0049241100    0.0106754500
  -0.0008068000   -0.0072279400    0.0042345400
  -0.0007767100   -0.0072380000    0.0042715100
  -0.0007489200   -0.0071850300    0.0042325000
  -0.0007875100   -0.0071456900    0.0042351000
  -0.0003259400   -0.0067508900   -0.0032712300
  -0.0002233400   -0.0068014200   -0.0032113500
  -0.0003529500   -0.0067667800   -0.0032447100
  -0.0003806700   -0.0067574100   -0.0032826800
  -0.0005148500   -0.0076350900    0.0002178400
  -0.0003389600   -0.0067451400   -0.0032354000
  -0.0004841300   -0.0068268700   -0.0031725400
  -0.0003678400   -0.0067921300   -0.0032819600
  -0.0002528100    0.0008038300    0.0015585500
  -0.0002513300    0.0009243000    0.0015618000
  -0.0002483800    0.0008519900    0.0015145000
  -0.0002549100    0.0008356900    0.0015972800
  -0.0002412900    0.0013639900    0.0009806800
  -0.0002719800    0.0008084200    0.0015494900
  -0.0004713500    0.0007518400    0.0014183500
  -0.0002674700    0.0008185300    0.0015684300
   0.0005605700    0.0012822300    0.0006479700
   0.0002287300    0.0015862000    0.0004169700
   0.0005544500    0.0012760900    0.0006017800
   0.0005803100    0.0009682700    0.0002740000
   0.0005593500    0.0012721000    0.0006978600
   0.0005418800    0.0012862600    0.0006694500
   0.0006754200    0.0013803700    0.0005687200
   0.0005547400    0.0012909400    0.0006557700
  -0.0000014300    0.0000022800   -0.0000676300
   0.0001907700   -0.0001738800   -0.0000824500
  -0.0000141300   -0.0000617700    0.0000170500
  -0.0000465000    0.0000336600   -0.0005823400
  -0.0000714600    0.0000357900   -0.0005825300
  -0.0000307400   -0.0000612000   -0.0000005200
   0.0002140200   -0.0001734400   -0.0000668700
   0.0000106800    0.0000017900   -0.0000635500
  -0.0005587100   -0.0012396900   -0.0006490200
  -0.0004222700   -0.0011551300   -0.0007342600
  -0.0005598900   -0.0012727000   -0.0006417300
  -0.0005479900   -0.0012490900   -0.0006140300
  -0.0005328900   -0.0015458900   -0.0010502300
  -0.0005468900   -0.0012742400   -0.0006972300
  -0.0008847900   -0.0009845700   -0.0008778500
  -0.0005475900   -0.0012654800   -0.0006515200
   0.0002546600   -0.0008611700   -0.0015434500
   0.0000559800   -0.0009476200   -0.0016897700
   0.0002424900   -0.0008760100   -0.0015612300
   0.0002888000   -0.0002907700   -0.0020988200
   0.0002664600   -0.0008162400   -0.0015020500
   0.0002673800   -0.0008380200   -0.0015849500
   0.0002633400   -0.0007447800   -0.0015378500
   0.0002744700   -0.0008611300   -0.0015475900
   0.0003388000    0.0066935200    0.0032810200
   0.0002148700    0.0067344500    0.0033714000
   0.0003573900    0.0067996900    0.0033080600
   0.0001801500    0.0058981600    0.0067298100
   0.0003301800    0.0067374500    0.0032534100
   0.0003529500    0.0067609700    0.0032932400
   0.0004757000    0.0067431400    0.0033247600
   0.0003801100    0.0067378900    0.0032811000
   0.0007819000    0.0071878000   -0.0042426200
   0.0008274000    0.0072041000   -0.0042269800
   0.0007915300    0.0071324700   -0.0041924700
   0.0007562400    0.0071064200   -0.0042272700
   0.0006213300    0.0094875400    0.0023220700
   0.0007913500    0.0072073300   -0.0042050200
   0.0007394900    0.0072287600   -0.0041880600
   0.0007985500    0.0071844200   -0.0042378000
   0.0004817800   -0.0001100200    0.0006908400
   0.0000365200   -0.0000021300    0.0000187600
   0.0005308600   -0.0001072700    0.0006943200
   0.0000307600   -0.0000026700   -0.0000058400
   0.0000241400   -0.0000169500   -0.0000214500
   0.0000166900    0.0000235400   -0.0001111600
   0.0000380000   -0.0000175800   -0.0000028000
  -0.0000153400    0.0000227400   -0.0001102200
   0.0018609200   -0.0064887500   -0.0005083300
   0.0037468000   -0.0067476500   -0.0000277500
   0.0018454600   -0.0065040900   -0.0005929600
   0.0019858800   -0.0064909000   -0.0005679800
   0.0018990900   -0.0065247000   -0.0006286200
   0.0018429100   -0.0064702600   -0.0005355100
   0.0018415300   -0.0064929900   -0.0004448600
   0.0018285300   -0.0065165500   -0.0005170400
  -0.0027018900   -0.0055035800    0.0012156900
  -0.0027263300   -0.0054977700    0.0012093700
  -0.0027306600   -0.0054915500    0.0011797100
  -0.0026361300   -0.0054765800    0.0011401300
  -0.0026477100   -0.0054879200    0.0012205400
  -0.0026622100   -0.0054820300    0.0011872600
   0.0017018200   -0.0038904900    0.0033003400
  -0.0027156300   -0.0054868300    0.0012061400
  -0.0021860100    0.0054429300    0.0005094800
  -0.0021327700    0.0054354200    0.0004113800
  -0.0022060400    0.0054504300    0.0004824900
  -0.0021912900    0.0054359400    0.0004917000
  -0.0022576600    0.0054539300    0.0003525000
  -0.0021430200    0.0054459000    0.0004804600
  -0.0046357000    0.0063496300    0.0011058800
  -0.0021696900    0.0054678500    0.0004859400
   0.0019864900    0.0067835900    0.0010761800
   0.0020374800    0.0071995300    0.0001324900
   0.0019658900    0.0067576400    0.0010618000
   0.0019530600    0.0066970300    0.0009449400
   0.0019169100    0.0067425700    0.0010619500
   0.0019889600    0.0067305800    0.0010142500
   0.0020142700    0.0067577100    0.0010636900
   0.0020161100    0.0067629600    0.0010664200
   0.0000095300    0.0000026400   -0.0000144200
  -0.0004794700   -0.0001064200    0.0004323400
  -0.0000391900   -0.0000218600   -0.0000213600
  -0.0002410800    0.0000236400   -0.0002891300
  -0.0004487300   -0.0001086200    0.0004374900
  -0.0000264100    0.0000023100    0.0000035900
  -0.0002941400    0.0000230400   -0.0002684400
  -0.0000241500   -0.0000215800   -0.0000352000
  -0.0019667300   -0.0068012400   -0.0010501400
  -0.0019575100   -0.0067803500   -0.0010595500
  -0.0019782200   -0.0068012100   -0.0011161700
  -0.0020781400   -0.0067771400   -0.0010945500
  -0.0020407900   -0.0068394600   -0.0012037700
  -0.0019895300   -0.0067857100   -0.0010579500
  -0.0019203100   -0.0063318100   -0.0020293800
  -0.0020063800   -0.0067807000   -0.0010490200
   0.0021988000   -0.0054343600   -0.0005043200
  -0.0002812000   -0.0045276800    0.0001501100
   0.0021889500   -0.0054371100   -0.0005139600
   0.0021129300   -0.0054233700   -0.0006140400
   0.0021816700   -0.0054206100   -0.0004679900
   0.0021372400   -0.0054200900   -0.0005029400
   0.0022160100   -0.0054420700   -0.0005789400
   0.0021735000   -0.0054605700   -0.0004890900
   0.0026903600    0.0055042600   -0.0012014000
   0.0071424300    0.0071100200    0.0008908300
   0.0027329800    0.0054824100   -0.0012131900
   0.0027622600    0.0054855800   -0.0012104900
   0.0027786300    0.0054747300   -0.0013010700
   0.0026622300    0.0054720200   -0.0012353200
   0.0026797000    0.0054818700   -0.0012021200
   0.0027076900    0.0055007800   -0.0011871000
  -0.0018794400    0.0064793200    0.0005435800
  -0.0018617700    0.0064791100    0.0006242300
  -0.0018479400    0.0064831300    0.0005373900
  -0.0018138300    0.0064145400    0.0004703300
  -0.0017197100    0.0064744600    0.0005215700
  -0.0018477900    0.0064510800    0.0004656700
   0.0000633400    0.0062181800    0.0010660000
  -0.0018426300    0.0064917700    0.0005566700

137  
  0.0050000594327610   0.0000000000000000   0.0086602197240519
  -0.0004489100    0.0059652100    0.0008390200
  -0.0004228800    0.0059385400    0.0009465500
  -0.0004694000    0.0059038700    0.0008489100
  -0.0004081400    0.0059207500    0.0009152400
  -0.0004334900    0.0059134100    0.0008943000
  -0.0004553400    0.0059330300    0.0008713200
  -0.0004287100    0.0059308000    0.0009061100
  -0.0004285700    0.0059373900    0.0009022300
   0.0003994100   -0.0059927000   -0.0008728500
   0.0004204900   -0.0059363600   -0.0008990400
   0.0004570500   -0.0058821100   -0.0009009800
   0.0003974000   -0.0059300800   -0.0009004100
   0.0004551400   -0.0059199100   -0.0008819800
   0.0004016500   -0.0059363400   -0.0009326600
  -0.0001194900   -0.0106275000    0.0054267500
   0.0004297600   -0.0059346200   -0.0008872900
   0.0000456300    0.0002838900   -0.0003172600
   0.0000913800    0.0002788600   -0.0002714800
  -0.0004863200    0.0002865300   -0.0012275500
   0.0000418500    0.0002948100   -0.0002955900
   0.0000508900    0.0002784200   -0.0003181300
   0.0000711300    0.0003011900   -0.0003059100
   0.0000569600    0.0003044800   -0.0003067100
   0.0000370800    0.0002740100   -0.0002901100
  -0.0000537300   -0.0002881800    0.0003265600
  -0.0000525800   -0.0002724300    0.0003023800
  -0.0000525300   -0.0002870300    0.0002977400
  -0.0000463500   -0.0002810900    0.0002916700
   0.0056485400    0.0043519200    0.0029952700
  -0.0000503800   -0.0002981600    0.0003168100
  -0.0000548200   -0.0002885200    0.0003451700
  -0.0000280500   -0.0002847400    0.0003329200
   0.0073681000    0.0219901200    0.0047819600
  -0.0007065700    0.0022382700    0.0004924800
  -0.0008225100    0.0021094700    0.0005532600
  -0.0006615100    0.0022339800    0.0005775000
  -0.0006467100    0.0022577300    0.0005925300
  -0.0007001800    0.0023000400    0.0004963800
  -0.0006834200    0.0022202800    0.0005285300
  -0.0002677500    0.0021406400    0.0003423500
  -0.0011105800    0.0002385300    0.0017634900
  -0.0011439600    0.0002642100    0.0016664300
  -0.0010602700    0.0002161300    0.0016103200
  -0.0011839700    0.0002359200    0.0017461900
  -0.0011594500    0.0002652900    0.0017305600
  -0.0013211600    0.0005201300    0.0012993700
  -0.0011343600    0.0001492100    0.0016672400
  -0.0013190100   -0.0000023500    0.0011817100
   0.0009981800   -0.0012616100   -0.0015244000
   0.0005053500   -0.0015997300   -0.0013915500
   0.0011011400   -0.0012090800   -0.0008539000
   0.0005690600   -0.0015692300   -0.0014376900
   0.0005384200   -0.0015783800   -0.0014394600
   0.0005846600   -0.0015026800   -0.0013402700
   0.0005710700   -0.0016124300   -0.0013536900
   0.0003516800   -0.0016071000   -0.0011561300
  -0.0017109300   -0.0008508300    0.0007838900
  -0.0018718500   -0.0008262500    0.0007366700
  -0.0010461400   -0.0009074800    0.0001129800
  -0.0018713100   -0.0008384300    0.0007389600
  -0.0018843300   -0.0008551700    0.0007402000
  -0.0012969800   -0.0003173600    0.0009189100
  -0.0019289800   -0.0007054300    0.0006915900
  -0.0018360700   -0.0009095100    0.0008968700
  -0.0003763200   -0.0007559300   -0.0018374000
  -0.0008333000    0.0002020400   -0.0020506800
  -0.0007320800    0.0000710600   -0.0021683600
  -0.0007667200    0.0002012700   -0.0020821000
  -0.0007856100    0.0002566000   -0.0020798000
  -0.0007656900   -0.0000191400   -0.0026137200
  -0.0008289200    0.0001581300   -0.0020749300
  -0.0009020400    0.0002509800   -0.0020725800
  -0.0014403000    0.0016511900    0.0014649400
  -0.0005168200    0.0015651500    0.0014094300
  -0.0006449400    0.0015602900    0.0015361600
  -0.0005330400    0.0015867500    0.0013700300
  -0.0005532000    0.0015990900    0.0013733200
  -0.0006750900    0.0008915400    0.0018552300
  -0.0005861500    0.0016467000    0.0014841500
  -0.0004544600    0.0016417400    0.0013981900
   0.0017259900    0.0005105900   -0.0002642700
   0.0018884300    0.0008661600   -0.0007613600
   0.0015032500    0.0005163500   -0.0004156300
   0.0018491100    0.0009295400   -0.0007372800
   0.0019277400    0.0009440000   -0.0006921300
   0.0018158400    0.0007293800   -0.0007404000
   0.0019056800    0.0008814700   -0.0007313000
   0.0020633700    0.0008614200   -0.0007884500
   0.0009057600   -0.0003830300   -0.0018744400
   0.0011444300   -0.0002460200   -0.0016989300
   0.0011306100   -0.0002626400   -0.0016979800
   0.0011066100   -0.0001610300   -0.0016812300
   0.0011419300   -0.0002118000   -0.0016886400
   0.0012718400   -0.0002892100   -0.0019988700
   0.0011523100   -0.0002587800   -0.0017294200
   0.0006558900   -0.0002416000   -0.0017196900
  -0.0014988600   -0.0179906100    0.0084733000
  -0.0013968800    0.0015755800   -0.0004276100
  -0.0012885700    0.0017090900   -0.0005401300
  -0.0013921700    0.0015404100   -0.0005131800
  -0.0013584400    0.0015853000   -0.0005189600
  -0.0016631700    0.0016978900   -0.0002124500
  -0.0014089100    0.0015131500   -0.0003344000
  -0.0013864600    0.0015450600   -0.0004950200
   0.0006013900   -0.0022157100   -0.0005257700
   0.0006543400   -0.0022213200   -0.0005541300
   0.0016525800   -0.0016973300   -0.0009465400
   0.0006688500   -0.0022319800   -0.0005133900
   0.0007392400   -0.0022639700   -0.0005234800
   0.0004774400   -0.0022786600   -0.0006533500
   0.0006753000   -0.0023005800   -0.0005699200
   0.0010636700   -0.0019358400    0.0002076500
   0.0006710600   -0.0000697700    0.0021110500
   0.0007676700   -0.0001801600    0.0020440400
   0.0007646300    0.0007687900    0.0025041800
   0.0008129700   -0.0002192400    0.0020900300
   0.0008010900   -0.0002075900    0.0020539000
   0.0002433700    0.0000747300    0.0018536300
   0.0007700000   -0.0002030200    0.0021050400
   0.0009290600   -0.0002493400    0.0019133000
   0.0014178500   -0.0015988900    0.0003890200
   0.0013782000   -0.0016106900    0.0004443400
   0.0004546300   -0.0020970000    0.0011204800
   0.0013789100   -0.0016107700    0.0004700600
   0.0013629500   -0.0016044200    0.0005002700
   0.0017779800   -0.0018047600    0.0010313400
   0.0014220500   -0.0017120600    0.0003826300
   0.0013437700   -0.0016018500    0.0003477700
   0.0000205000   -0.0000066900    0.0000235400
   0.0000736700   -0.0000040600   -0.0000224200
  -0.0000065100    0.0000068300    0.0000138800
  -0.0003270500    0.0033399900    0.0048952600
  -0.0000591800    0.0000208500    0.0000105400
   0.0000049100    0.0000010000    0.0000230100
  -0.0000968200   -0.0001162500    0.0000938200
  -0.0000022200    0.0000042000    0.0000094900
  -0.0310531200   -0.0070075000   -0.0483912200
  -0.0007906200   -0.0071666800    0.0042310200
  -0.0006981400   -0.0071451000    0.0043749400
  -0.0008136500   -0.0072057100    0.0042011500
  -0.0007937300   -0.0072317100    0.0042155100
  -0.0008089600   -0.0072151200    0.0043094800
  -0.0007980000   -0.0071490500    0.0042475600
  -0.0006860700   -0.0070991200    0.0042643000
  -0.0003436500   -0.0067436400   -0.0032349400
  -0.0003518500   -0.0067040700   -0.0032794000
  -0.0004300400   -0.0067460700   -0.0033959100
  -0.0003352400   -0.0067682600   -0.0032461700
  -0.0003454400   -0.0067558300   -0.0032406500
  -0.0001992100   -0.0067090000   -0.0032567200
  -0.0003547100   -0.0067469500   -0.0032829400
  -0.0004323900   -0.0067785200   -0.0031235900
  -0.0002786300    0.0007765100    0.0015124300
  -0.0002671100    0.0008546300    0.0015272000
  -0.0001393100    0.0010789000    0.0014479500
  -0.0002955400    0.0007935900    0.0015094100
  -0.0002614400    0.0007818800    0.0015273700
  -0.0000563800    0.0008532400    0.0013110100
  -0.0004512200    0.0008852300    0.0012456700
  -0.0002815000    0.0007562400    0.0015680700
   0.0004032100    0.0011630400    0.0018029800
   0.0005528700    0.0012655500    0.0006643700
   0.0003418900    0.0013263300    0.0003217800
   0.0005627600    0.0012526700    0.0006988700
   0.0004585100    0.0012019100    0.0006464300
   0.0006957600    0.0012843800    0.0005062700
   0.0005570800    0.0013208500    0.0005515300
   0.0005225200    0.0012140100    0.0006523700
  -0.0000355100    0.0001685400   -0.0005428500
   0.0000045800   -0.0000093600    0.0000032300
  -0.0004310700   -0.0001893600   -0.0002416800
  -0.0000289200   -0.0000034900   -0.0000110200
   0.0000077800   -0.0000028200   -0.0000405200
  -0.0000295500   -0.0000133400   -0.0000162600
  -0.0000257100    0.0000246900    0.0000471600
   0.0000339400    0.0000006900    0.0000211700
  -0.0005554300   -0.0011847300   -0.0006746200
  -0.0005614300   -0.0013037900   -0.0006733400
   0.0008947200   -0.0008554200   -0.0015501300
  -0.0005635300   -0.0012356100   -0.0006792500
  -0.0005435500   -0.0012210500   -0.0006759700
  -0.0007377900   -0.0007079900   -0.0005110900
  -0.0005646500   -0.0013102800   -0.0006536100
  -0.0005985700   -0.0011557700   -0.0006235200
   0.0004031200   -0.0003375600    0.0134599600
   0.0002490900   -0.0008473400   -0.0015762100
   0.0001629500   -0.0007994400   -0.0017166800
   0.0002172900   -0.0008037400   -0.0015603100
   0.0002290300   -0.0008366400   -0.0015578200
   0.0003302400   -0.0007846600   -0.0015721800
   0.0002413400   -0.0008318800   -0.0015876500
   0.0002523300   -0.0008180800   -0.0014545100
  -0.0001802800    0.0067595700    0.0022475900
   0.0003598600    0.0067238000    0.0032609600
   0.0004236600    0.0067321800    0.0034125700
   0.0003805800    0.0067422400    0.0032382800
   0.0002297500    0.0067353300    0.0033217200
   0.0003558800    0.0067301000    0.0033694300
   0.0003607000    0.0067294400    0.0032620900
   0.0004382100    0.0067738800    0.0033115100
   0.0008100500    0.0071808100   -0.0041825100
   0.0007652600    0.0071887600   -0.0042053900
   0.0008193300    0.0071705000   -0.0041850100
   0.0007836300    0.0071816600   -0.0042097400
   0.0007896700    0.0071872900   -0.0042058800
   0.0006703200    0.0072695600   -0.0042695100
   0.0008174600    0.0073112700   -0.0042551900
   0.0008210300    0.0070575300   -0.0043333500
   0.0000005800    0.0000089100    0.0000433900
   0.0043269300   -0.0033110100    0.0021383500
  -0.0000170500   -0.0000064700   -0.0000769900
  -0.0000522700    0.0000161800    0.0000698000
  -0.0000078100   -0.0000277900   -0.0000306600
  -0.0000117300   -0.0000095400   -0.0000079100
   0.0001544500    0.0001312600   -0.0000483500
   0.0000123900    0.0000086600    0.0000169900
   0.0033590200   -0.0063482100    0.0000201000
   0.0018574600   -0.0065044800   -0.0005388500
   0.0015718300   -0.0065817700    0.0010444000
   0.0018664200   -0.0065081700   -0.0005474800
   0.0018697800   -0.0065183600   -0.0005360400
   0.0018499700   -0.0064658600   -0.0005630100
   0.0018717800   -0.0065012700   -0.0005291600
   0.0018259400   -0.0064837800   -0.0006041700
  -0.0025957500   -0.0054084800    0.0011033000
  -0.0026979000   -0.0055710900    0.0012041500
  -0.0028822700   -0.0055469900    0.0012953700
  -0.0026856000   -0.0054827700    0.0012202200
  -0.0026876400   -0.0054783900    0.0012091100
  -0.0026328300   -0.0055058900    0.0014439500
  -0.0026899100   -0.0055325300    0.0012001100
  -0.0027202400   -0.0054578300    0.0011919600
  -0.0023271300    0.0052662000    0.0005448900
  -0.0021701700    0.0054576300    0.0005044100
  -0.0021909200    0.0054425800    0.0004509300
  -0.0021770700    0.0054455500    0.0005018000
  -0.0021387900    0.0054307900    0.0004260900
  -0.0024522700    0.0054493500    0.0005241500
  -0.0022673400    0.0054752700    0.0004925300
  -0.0021476100    0.0054902300    0.0004619900
   0.0017940800    0.0066654300    0.0007311600
   0.0019994700    0.0068069900    0.0010618900
   0.0030828200    0.0068957700    0.0014782300
   0.0019788700    0.0067567900    0.0010686900
   0.0019701800    0.0067651400    0.0010470800
   0.0017720600    0.0067677900    0.0011336800
   0.0020245800    0.0068004900    0.0011453100
   0.0019909600    0.0067817100    0.0010255100
  -0.0000566900   -0.0000040100   -0.0000832900
  -0.0000030300    0.0000170500   -0.0000294400
  -0.0003345000    0.0000016500   -0.0005532900
   0.0000016600    0.0000040100    0.0000206800
   0.0000089900    0.0000213500    0.0000357100
  -0.0001133300    0.0001027600    0.0000404100
   0.0000076400   -0.0000387400   -0.0000380800
   0.0001097900   -0.0001129900   -0.0000427800
  -0.0035259400   -0.0072018900   -0.0002855200
  -0.0019934700   -0.0068049700   -0.0010831000
  -0.0020160400   -0.0067979500   -0.0010835300
  -0.0020051400   -0.0067753000   -0.0010772700
  -0.0019849100   -0.0068001400   -0.0010857900
  -0.0018230800   -0.0073372300   -0.0011940100
  -0.0020113200   -0.0067740800   -0.0010843500
  -0.0019651400   -0.0068518400   -0.0010907200
   0.0020902300   -0.0054401900   -0.0006785100
   0.0021796500   -0.0054483100   -0.0004914200
   0.0156616400   -0.0061004000    0.0074078700
   0.0021711100   -0.0054468700   -0.0004878400
   0.0021660700   -0.0054271600   -0.0004835100
   0.0021204900   -0.0055444200   -0.0003992100
   0.0021778400   -0.0054724400   -0.0004940900
   0.0022842400   -0.0054240200   -0.0004600500
   0.0027487200    0.0052647900   -0.0008950400
   0.0026837500    0.0055081300   -0.0011984100
   0.0029505400    0.0056944800   -0.0010357100
   0.0026596100    0.0055144600   -0.0011785500
   0.0026947600    0.0055133600   -0.0012239400
   0.0026765600    0.0054730200   -0.0012535400
   0.0027865300    0.0055443300   -0.0012518000
   0.0026821100    0.0054955100   -0.0012318200
  -0.0017387100    0.0063946700    0.0003790300
  -0.0018333800    0.0065320300    0.0005262500
  -0.0020477400    0.0065684600    0.0005875200
  -0.0018295800    0.0064671000    0.0005413900
  -0.0018539700    0.0064773900    0.0005453200
  -0.0020470000    0.0064584700    0.0002030400
  -0.0018754400    0.0064228400    0.0005579400
  -0.0018766200    0.0064560700    0.0004995600

137  
 -0.0050000594327610   0.0000000000000000  -0.0086602197240519
  -0.0004036900    0.0059178700    0.0009621600
  -0.0004371600    0.0059159800    0.0008492600
  -0.0003854700    0.0059662300    0.0009503700
  -0.0004367200    0.0059311500    0.0009078300
  -0.0004237700    0.0059364400    0.0009030800
  -0.0004015200    0.0059499700    0.0009329500
  -0.0004204900    0.0059280600    0.0008968300
  -0.0004274100    0.0059326900    0.0008971100
   0.0004454100   -0.0058881700   -0.0009302800
   0.0004300700   -0.0059155000   -0.0009002200
   0.0003929400   -0.0059871600   -0.0008959400
   0.0004425800   -0.0059205300   -0.0009021200
   0.0004099300   -0.0059339700   -0.0009296500
   0.0004467000   -0.0059435400   -0.0008681300
   0.0009374900   -0.0013413200   -0.0071015700
   0.0004206600   -0.0059329200   -0.0009122100
   0.0000576500    0.0002948700   -0.0002978400
   0.0000048600    0.0002843600   -0.0003457800
   0.0005648800    0.0002962300    0.0006165500
   0.0000556000    0.0002713800   -0.0003225800
   0.0000465300    0.0002695900   -0.0003013200
   0.0000329200    0.0002732400   -0.0003076900
   0.0000457700    0.0002706900   -0.0003096400
   0.0000575100    0.0003076700   -0.0003308200
  -0.0000571900   -0.0002829800    0.0002906000
  -0.0000559400   -0.0002736500    0.0003131400
  -0.0000467400   -0.0002929300    0.0003204100
  -0.0000605100   -0.0002941400    0.0003218900
  -0.0058801000   -0.0050277900   -0.0024204300
  -0.0000604700   -0.0002822500    0.0002953500
  -0.0000523300   -0.0002795900    0.0002708800
  -0.0000541900   -0.0002919100    0.0002984700
  -0.0085872700   -0.0172852200   -0.0036996100
  -0.0006321200    0.0022345400    0.0005763200
  -0.0004703000    0.0023630500    0.0005247400
  -0.0006812700    0.0022409000    0.0005079500
  -0.0006783800    0.0022124000    0.0004924300
  -0.0006724800    0.0021728200    0.0005420700
  -0.0006995500    0.0022545400    0.0005118200
  -0.0010619800    0.0023320400    0.0007550300
  -0.0010956300    0.0002763000    0.0016019000
  -0.0010617100    0.0002503600    0.0016433000
  -0.0011680200    0.0002988200    0.0017072600
  -0.0010494600    0.0002741000    0.0015909500
  -0.0011481000    0.0002489200    0.0016418400
  -0.0008617400   -0.0000101100    0.0019857300
  -0.0011112900    0.0003621100    0.0016597200
  -0.0008971800    0.0005137700    0.0021741500
   0.0001127100   -0.0019425900   -0.0012505300
   0.0005485500   -0.0015859600   -0.0012832300
   0.0000261700   -0.0019142400   -0.0018148400
   0.0004980100   -0.0016215600   -0.0013814900
   0.0005295800   -0.0016089400   -0.0014032600
   0.0005357500   -0.0016857600   -0.0012913500
   0.0004891800   -0.0015807000   -0.0013427600
   0.0007675700   -0.0015813200   -0.0016606400
  -0.0019929100   -0.0008514800    0.0007823700
  -0.0017537700   -0.0008768200    0.0007939700
  -0.0026015500   -0.0007993300    0.0014470300
  -0.0018126600   -0.0008664400    0.0007922900
  -0.0018535200   -0.0008480300    0.0007395600
  -0.0024040600   -0.0013749800    0.0006230600
  -0.0017339100   -0.0009986700    0.0008306800
  -0.0019217400   -0.0007961900    0.0006121000
  -0.0011608300    0.0011494900   -0.0023793000
  -0.0007201200    0.0001868100   -0.0020945600
  -0.0008593300    0.0003175400   -0.0020205200
  -0.0007823800    0.0001899800   -0.0020673700
  -0.0007875800    0.0001324000   -0.0020497500
  -0.0009244800    0.0004082000   -0.0015166100
  -0.0007369300    0.0002316400   -0.0020628200
  -0.0006980300    0.0001381600   -0.0020612400
   0.0003099900    0.0015334000    0.0011700000
  -0.0005472600    0.0016239200    0.0013775900
  -0.0004711800    0.0016319200    0.0013410900
  -0.0005450300    0.0016050900    0.0012735800
  -0.0005254500    0.0015880100    0.0013343900
  -0.0004455500    0.0023093300    0.0009461300
  -0.0004809000    0.0015428100    0.0013610900
  -0.0006654100    0.0015463300    0.0012393100
   0.0018841800    0.0012580400   -0.0013907000
   0.0017526600    0.0008402100   -0.0007716200
   0.0022571500    0.0011769900   -0.0011172700
   0.0017863600    0.0007741900   -0.0007939500
   0.0017341800    0.0007584800   -0.0008302400
   0.0019021500    0.0009757300   -0.0008084800
   0.0017680400    0.0008219800   -0.0007890500
   0.0015918100    0.0008442700   -0.0007377200
   0.0012618900   -0.0001456500   -0.0013892200
   0.0010838600   -0.0002681200   -0.0016414000
   0.0010646800   -0.0002481200   -0.0016313100
   0.0010942100   -0.0003520100   -0.0016204900
   0.0010697300   -0.0003034000   -0.0016296700
   0.0009032900   -0.0002224000   -0.0013296700
   0.0011028500   -0.0002535100   -0.0016218100
   0.0015533900   -0.0002686700   -0.0015794500
  -0.0011680000    0.0214009900   -0.0095995500
  -0.0013339600    0.0016071000   -0.0004704600
  -0.0014268200    0.0014731700   -0.0004177800
  -0.0013507600    0.0016417700   -0.0004874200
  -0.0013834100    0.0015959800   -0.0004773600
  -0.0011000400    0.0014829900   -0.0007333900
  -0.0013349100    0.0016677000   -0.0005329200
  -0.0013574000    0.0016374500   -0.0005168500
   0.0007276000   -0.0022576500   -0.0005230600
   0.0006762900   -0.0022477400   -0.0005368700
  -0.0003415000   -0.0027733300   -0.0001830500
   0.0007029100   -0.0022450000   -0.0005417600
   0.0006459100   -0.0022076800   -0.0005127700
   0.0008981600   -0.0021932800   -0.0004174000
   0.0006725300   -0.0021749500   -0.0004962300
   0.0002496500   -0.0025383300   -0.0012616700
   0.0009693200   -0.0003231000    0.0020511600
   0.0007926600   -0.0002072300    0.0020975400
   0.0008026000   -0.0011553900    0.0016263700
   0.0007962300   -0.0001716000    0.0020413000
   0.0007827600   -0.0001804400    0.0020629500
   0.0013413200   -0.0004652000    0.0022900900
   0.0007590400   -0.0001868700    0.0020362900
   0.0007450000   -0.0001409500    0.0022277800
   0.0013285700   -0.0015826100    0.0006465800
   0.0013755600   -0.0015698800    0.0004879500
   0.0022909500   -0.0010814500   -0.0002061700
   0.0013668400   -0.0015732500    0.0005201800
   0.0013659100   -0.0015758400    0.0004446900
   0.0009705900   -0.0013768700   -0.0000944800
   0.0013043500   -0.0014677100    0.0005355500
   0.0014120500   -0.0015785000    0.0007306400
  -0.0000411000    0.0000072400    0.0000432000
   0.0000165800    0.0000056600    0.0000278900
   0.0000378500   -0.0000068900   -0.0000207000
   0.0002761200   -0.0033124000   -0.0048823100
   0.0000381600   -0.0000201600   -0.0000060700
  -0.0000072100   -0.0000008500   -0.0000870200
   0.0000340000    0.0001181300   -0.0001231400
   0.0000078200   -0.0000040400    0.0000193900
   0.0298988500   -0.0078979700    0.0571965300
  -0.0007733400   -0.0071831700    0.0042345600
  -0.0008601900   -0.0072433600    0.0041004400
  -0.0007532400   -0.0072071100    0.0042406500
  -0.0007750000   -0.0071769400    0.0042324300
  -0.0007668700   -0.0071126100    0.0041513400
  -0.0007704700   -0.0071518300    0.0042239700
  -0.0008783900   -0.0073231000    0.0041846500
  -0.0003585800   -0.0067847700   -0.0032702900
  -0.0003569900   -0.0068394400   -0.0032494900
  -0.0002868600   -0.0067937000   -0.0031432700
  -0.0003733500   -0.0067554600   -0.0032880100
  -0.0003702600   -0.0067143500   -0.0032854100
  -0.0005039300   -0.0068116500   -0.0032832500
  -0.0003574800   -0.0067550100   -0.0032462800
  -0.0002745700   -0.0067838200   -0.0033979200
  -0.0002231700    0.0007747600    0.0016066200
  -0.0002323900    0.0008891900    0.0015395900
  -0.0003976300    0.0006904500    0.0016265900
  -0.0002185800    0.0008281200    0.0016035500
  -0.0002629900    0.0008183300    0.0015598200
  -0.0004565500    0.0008496300    0.0017760600
  -0.0000976500    0.0008602400    0.0018134400
  -0.0002183200    0.0008033000    0.0015705700
   0.0006831300    0.0014025900   -0.0005161600
   0.0005640100    0.0013269900    0.0006646500
   0.0007812900    0.0011993800    0.0009536600
   0.0005484100    0.0013061400    0.0006382000
   0.0006489800    0.0013563600    0.0006809000
   0.0003812700    0.0011858900    0.0007832200
   0.0005298600    0.0012325900    0.0007725200
   0.0005653400    0.0013421100    0.0006666900
   0.0000555100   -0.0001700300    0.0004806600
  -0.0000024300    0.0000091600    0.0000149100
   0.0005035400    0.0001874900    0.0003611300
   0.0000318200    0.0000021000   -0.0000647100
  -0.0000200200    0.0000036700   -0.0000089400
  -0.0000038600    0.0000105900    0.0001095800
   0.0000237500   -0.0000238200   -0.0000030600
  -0.0000517500   -0.0000023300   -0.0001400100
  -0.0005325400   -0.0012332900   -0.0006177100
  -0.0005250700   -0.0013091300   -0.0006709400
  -0.0020035200   -0.0017798900    0.0001993900
  -0.0005370400   -0.0012531600   -0.0006164500
  -0.0005674000   -0.0012483200   -0.0006476600
  -0.0003481400   -0.0018712400   -0.0008002200
  -0.0005722500   -0.0012775400   -0.0006965800
  -0.0004889000   -0.0012724200   -0.0006483200
   0.0001315300   -0.0013556600   -0.0170068900
   0.0002824200   -0.0008776600   -0.0015056100
   0.0003773500   -0.0008572000   -0.0014151700
   0.0003122300   -0.0008868800   -0.0015173900
   0.0002919100   -0.0008506300   -0.0015272200
   0.0001598900   -0.0008176500   -0.0015508800
   0.0002597500   -0.0008527500   -0.0014985400
   0.0002554200   -0.0008736500   -0.0016375700
   0.0008807600    0.0068287400    0.0043049400
   0.0003502400    0.0067822200    0.0032802300
   0.0002922100    0.0068141500    0.0031398700
   0.0003215100    0.0068290200    0.0032763900
   0.0004774400    0.0068347000    0.0031979600
   0.0003432500    0.0067562000    0.0031669700
   0.0003451700    0.0067284800    0.0032827900
   0.0002669400    0.0068032900    0.0032143700
   0.0007626200    0.0071903100   -0.0042488100
   0.0008014500    0.0071970700   -0.0042481400
   0.0007411300    0.0072103300   -0.0042812200
   0.0007819800    0.0071851600   -0.0042505000
   0.0007698600    0.0071258100   -0.0042456200
   0.0009037000    0.0070923500   -0.0042000100
   0.0007475800    0.0070362800   -0.0041981100
   0.0007458000    0.0073482000   -0.0041128700
  -0.0000698800   -0.0000082400    0.0000044400
  -0.0044025500    0.0033381500   -0.0021854300
   0.0000055000    0.0000075600    0.0000216200
  -0.0000141600   -0.0000152500    0.0000008000
  -0.0000181500    0.0000280900    0.0000670300
   0.0000041500    0.0000101900   -0.0000088000
  -0.0001418700   -0.0001293600   -0.0000202300
  -0.0000087800   -0.0000083300    0.0000293700
   0.0003381500   -0.0065812200   -0.0010891200
   0.0018165300   -0.0064787000   -0.0005602700
   0.0021268900   -0.0064447400   -0.0021108600
   0.0018168800   -0.0064860800   -0.0005280200
   0.0018266700   -0.0064954900   -0.0005277000
   0.0018968900   -0.0064559300   -0.0005067200
   0.0018300300   -0.0064693000   -0.0005454800
   0.0018809500   -0.0065103500   -0.0004584300
  -0.0028475900   -0.0054564200    0.0013120300
  -0.0027092900   -0.0054542200    0.0012154300
  -0.0025178100   -0.0054770100    0.0011646000
  -0.0027270400   -0.0054655000    0.0011707800
  -0.0027294600   -0.0055126000    0.0011811900
  -0.0027410500   -0.0054725100    0.0009570700
  -0.0027025200   -0.0054931700    0.0012624600
  -0.0027398300   -0.0055071700    0.0011781400
  -0.0020395100    0.0055837800    0.0004180700
  -0.0021761500    0.0054515700    0.0004767500
  -0.0022037500    0.0053997400    0.0005147100
  -0.0021779500    0.0054729600    0.0004917300
  -0.0022128700    0.0054937000    0.0005830500
  -0.0019202100    0.0054426500    0.0004486000
  -0.0020673300    0.0053860800    0.0004672800
  -0.0021995400    0.0054581600    0.0005432500
   0.0021911200    0.0068173900    0.0014106100
   0.0019570100    0.0068033000    0.0011057300
   0.0008646200    0.0067263300    0.0006493100
   0.0019943600    0.0067690400    0.0010512300
   0.0019939800    0.0067547400    0.0010547900
   0.0022069000    0.0068076400    0.0010175600
   0.0019460200    0.0067794000    0.0009895200
   0.0019987200    0.0067394400    0.0010834500
   0.0000841500    0.0000052100    0.0001113300
  -0.0000237500   -0.0000174900   -0.0000309900
   0.0003609300    0.0000104500    0.0005067000
   0.0000053900   -0.0000046700    0.0000174400
   0.0000221000   -0.0000202900    0.0000146600
   0.0001301200   -0.0001064400   -0.0000596600
   0.0000086400    0.0000395900    0.0000154000
  -0.0001231100    0.0001116800    0.0000860400
  -0.0004438600   -0.0063077000   -0.0018721200
  -0.0019763300   -0.0067640300   -0.0010510400
  -0.0020020200   -0.0067057600   -0.0010666400
  -0.0019755600   -0.0068083500   -0.0010451800
  -0.0019882700   -0.0067834100   -0.0010217700
  -0.0021793000   -0.0062218900   -0.0009705500
  -0.0019458800   -0.0067502200   -0.0010724500
  -0.0020092600   -0.0067600800   -0.0010124400
   0.0022717200   -0.0053754000   -0.0003015300
   0.0021521400   -0.0055017200   -0.0004580500
  -0.0109444600   -0.0048577700   -0.0082108400
   0.0021813300   -0.0054169800   -0.0005056100
   0.0021738800   -0.0054344100   -0.0005300900
   0.0022352000   -0.0053731400   -0.0005688200
   0.0021720400   -0.0054452900   -0.0004867300
   0.0020842600   -0.0054377200   -0.0005460300
   0.0026568200    0.0056699900   -0.0015215100
   0.0026912200    0.0054864800   -0.0012419700
   0.0024574700    0.0053355700   -0.0013794200
   0.0027226000    0.0054922700   -0.0012334300
   0.0027055500    0.0055095000   -0.0011807600
   0.0027698700    0.0054586600   -0.0011582700
   0.0026184500    0.0054368100   -0.0011651400
   0.0027269000    0.0055074000   -0.0011710200
  -0.0020029600    0.0064622800    0.0006985600
  -0.0018715500    0.0064835800    0.0005507900
  -0.0016518100    0.0064475100    0.0005276000
  -0.0018792900    0.0064685000    0.0005064100
  -0.0018612400    0.0065046400    0.0005029500
  -0.0016402500    0.0065188700    0.0008649400
  -0.0018151800    0.0065958000    0.0005584800
  -0.0018799100    0.0064993300    0.0005314000

137  
  0.0000000000000000   0.0066574658364036   0.0074617791871054
  -0.0000000000    0.0059198500    0.0007901200
  -0.0000000000    0.0059362300    0.0009297800
   0.0000546500    0.0058625100    0.0009013400
   0.0000115000    0.0059365600    0.0008975900
  -0.0000115000    0.0059365600    0.0008975900
  -0.0000546500    0.0058625100    0.0009013400
  -0.0000000000    0.0059462000    0.0009162100
  -0.0000000000    0.0059373300    0.0009228300
  -0.0000000000   -0.0060031000   -0.0009209400
  -0.0000000000   -0.0059411600   -0.0008930200
   0.0000483800   -0.0059109600   -0.0009108100
  -0.0000317700   -0.0059339100   -0.0009064100
   0.0000317700   -0.0059339100   -0.0009064100
  -0.0000483800   -0.0059109600   -0.0009108100
  -0.0000000000   -0.0083046800    0.0008623700
   0.0000000000   -0.0059167600   -0.0008958400
   0.0000506700   -0.0000014700   -0.0000092000
   0.0000875000   -0.0000181200    0.0000326000
  -0.0057585500    0.0036553100    0.0025699500
   0.0000495000    0.0000152500    0.0000080900
   0.0000465300    0.0000106500   -0.0000090600
   0.0000554200    0.0000074200    0.0000010700
   0.0000525300    0.0000242600    0.0000083200
   0.0000417200   -0.0000113800    0.0000217700
  -0.0000875000   -0.0000181200    0.0000326000
  -0.0000506700   -0.0000014700   -0.0000092000
  -0.0000465300    0.0000106500   -0.0000090600
  -0.0000554200    0.0000074200    0.0000010700
   0.0057585500    0.0036553100    0.0025699500
  -0.0000495000    0.0000152500    0.0000080900
  -0.0000417200   -0.0000113800    0.0000217700
  -0.0000525300    0.0000242600    0.0000083200
   0.0139056800    0.0271626300    0.0074966900
  -0.0009037900    0.0009888300   -0.0005074800
  -0.0010348200    0.0008560200   -0.0004676100
  -0.0009863100    0.0009871500   -0.0005557400
  -0.0009754600    0.0009696900   -0.0005222900
  -0.0010089800    0.0010270600   -0.0006303800
  -0.0008814800    0.0009796500   -0.0005315700
  -0.0002453400    0.0008781800   -0.0007812600
  -0.0009239900   -0.0009488600    0.0005828500
  -0.0010234700   -0.0009887000    0.0005916600
  -0.0008193400   -0.0011487600    0.0005574900
  -0.0008926700   -0.0010081800    0.0005197300
  -0.0008849700   -0.0009813400    0.0004913900
  -0.0015170900   -0.0004938200    0.0003152900
  -0.0008691700   -0.0011336300    0.0004825800
  -0.0012566200   -0.0008101700    0.0007451200
   0.0008803400    0.0004168100   -0.0002673900
   0.0004741600   -0.0000163600   -0.0000253100
   0.0010830300   -0.0005772900    0.0003213400
   0.0005560500    0.0000047100    0.0000083300
   0.0004957200   -0.0000054800    0.0000717700
   0.0004875500   -0.0000812500   -0.0000038600
   0.0005547900   -0.0000736300    0.0000263300
   0.0004956700   -0.0000057400    0.0002241000
  -0.0011037200   -0.0005420500    0.0013701200
  -0.0013870400   -0.0005219200    0.0013891900
  -0.0003085000   -0.0002079400    0.0010022900
  -0.0014095500   -0.0005017200    0.0013688100
  -0.0013093700   -0.0005420500    0.0014226800
  -0.0010953600   -0.0002773900    0.0018204000
  -0.0014102600   -0.0001598600    0.0014327900
  -0.0014327900   -0.0006023100    0.0014603500
  -0.0012160300   -0.0004341500   -0.0012597900
  -0.0014070200    0.0005247800   -0.0013964100
  -0.0012292900    0.0003412800   -0.0013620000
  -0.0014000000    0.0005741200   -0.0013620200
  -0.0013265200    0.0005796000   -0.0014008800
  -0.0012898600    0.0005178000   -0.0011733500
  -0.0013303800    0.0005292400   -0.0014831700
  -0.0014542000    0.0005291900   -0.0015015700
  -0.0008803400    0.0004168100   -0.0002673900
  -0.0004741600   -0.0000163600   -0.0000253100
  -0.0004875500   -0.0000812500   -0.0000038600
  -0.0004957200   -0.0000054800    0.0000717700
  -0.0005560500    0.0000047100    0.0000083300
  -0.0010830300   -0.0005772900    0.0003213400
  -0.0005547900   -0.0000736300    0.0000263300
  -0.0004956700   -0.0000057400    0.0002241000
   0.0012160300   -0.0004341500   -0.0012597900
   0.0014070200    0.0005247800   -0.0013964100
   0.0012898600    0.0005178000   -0.0011733500
   0.0013265200    0.0005796000   -0.0014008800
   0.0014000000    0.0005741200   -0.0013620200
   0.0012292900    0.0003412800   -0.0013620000
   0.0013303800    0.0005292400   -0.0014831700
   0.0014542000    0.0005291900   -0.0015015700
  -0.0139056800    0.0271626300    0.0074966900
   0.0009037900    0.0009888300   -0.0005074800
   0.0010089800    0.0010270600   -0.0006303800
   0.0009754600    0.0009696900   -0.0005222900
   0.0009863100    0.0009871500   -0.0005557400
   0.0010348200    0.0008560200   -0.0004676100
   0.0008814800    0.0009796500   -0.0005315700
   0.0002453400    0.0008781800   -0.0007812600
  -0.0000000000    0.0020313700   -0.0053586400
  -0.0000000000    0.0015470500   -0.0005552500
  -0.0000433800    0.0015952500   -0.0005611300
  -0.0000627700    0.0015692600   -0.0004639100
   0.0000627700    0.0015692600   -0.0004639100
   0.0000433800    0.0015952500   -0.0005611300
  -0.0000000000    0.0015346100   -0.0005111700
  -0.0000000000    0.0015716200   -0.0003584100
   0.0009239900   -0.0009488600    0.0005828500
   0.0010234700   -0.0009887000    0.0005916600
   0.0015170900   -0.0004938200    0.0003152900
   0.0008849700   -0.0009813400    0.0004913900
   0.0008926700   -0.0010081800    0.0005197300
   0.0008193400   -0.0011487600    0.0005574900
   0.0008691700   -0.0011336300    0.0004825800
   0.0012566200   -0.0008101700    0.0007451200
   0.0011037200   -0.0005420500    0.0013701200
   0.0013870400   -0.0005219200    0.0013891900
   0.0010953600   -0.0002773900    0.0018204000
   0.0013093700   -0.0005420500    0.0014226800
   0.0014095500   -0.0005017200    0.0013688100
   0.0003085000   -0.0002079400    0.0010022900
   0.0014102600   -0.0001598600    0.0014327900
   0.0014327900   -0.0006023100    0.0014603500
  -0.0000000000   -0.0015725200    0.0002473500
  -0.0000000000   -0.0016093300    0.0004398100
  -0.0005488400   -0.0017453000    0.0009079000
  -0.0000116600   -0.0016093000    0.0005461000
   0.0000116600   -0.0016093000    0.0005461000
   0.0005488400   -0.0017453000    0.0009079000
  -0.0000000000   -0.0013536500    0.0005168500
  -0.0000000000   -0.0017377800    0.0002066800
  -0.0000298400   -0.0000038400   -0.0000201900
   0.0000789300   -0.0000650900    0.0000841300
  -0.0000000000    0.0000079800   -0.0000013900
  -0.0000000000    0.0040899600    0.0053844100
  -0.0000000000   -0.0000398100   -0.0000063400
  -0.0000000000   -0.0000061500    0.0001083800
  -0.0000789300   -0.0000650900    0.0000841300
   0.0000298400   -0.0000038400   -0.0000201900
   0.0000000000   -0.0781829500   -0.0409479600
  -0.0000000000   -0.0071723800    0.0042340700
   0.0000858900   -0.0071531200    0.0043108900
  -0.0000048200   -0.0071751300    0.0042110500
   0.0000048200   -0.0071751300    0.0042110500
  -0.0000858900   -0.0071531200    0.0043108900
  -0.0000000000   -0.0072549500    0.0042516500
  -0.0000000000   -0.0070158500    0.0043493000
  -0.0000000000   -0.0067831700   -0.0032654900
   0.0000000000   -0.0066705300   -0.0032897000
  -0.0000672200   -0.0067245400   -0.0033514600
   0.0000070500   -0.0067675300   -0.0032508400
  -0.0000070500   -0.0067675300   -0.0032508400
   0.0000672200   -0.0067245400   -0.0033514600
   0.0000000000   -0.0068235400   -0.0033172100
  -0.0000000000   -0.0067779200   -0.0031311500
  -0.0000000000    0.0009608400    0.0015054900
  -0.0000000000    0.0008283900    0.0015247100
   0.0000872300    0.0009188000    0.0014402800
  -0.0000242800    0.0008481700    0.0015312900
   0.0000242800    0.0008481700    0.0015312900
  -0.0000872300    0.0009188000    0.0014402800
  -0.0000000000    0.0040316300    0.0013338400
  -0.0000000000    0.0008050100    0.0015836100
  -0.0000000000    0.0014343000    0.0015083400
  -0.0000000000    0.0012510200    0.0006548000
  -0.0001503300    0.0013934900    0.0004912600
   0.0000857900    0.0012443800    0.0006496700
  -0.0000857900    0.0012443800    0.0006496700
   0.0001503300    0.0013934900    0.0004912600
  -0.0000000000    0.0013285500    0.0006062000
  -0.0000000000    0.0012332000    0.0005981000
  -0.0000000000    0.0002927000   -0.0004916300
  -0.0000000000   -0.0000035400    0.0000354500
  -0.0000643800    0.0000713800   -0.0001206900
  -0.0000838300   -0.0000074000   -0.0000069900
   0.0000838300   -0.0000074000   -0.0000069900
   0.0000643800    0.0000713800   -0.0001206900
  -0.0000000000   -0.0000008700   -0.0000148700
  -0.0000000000    0.0000345400    0.0000972300
  -0.0000000000   -0.0013506300   -0.0007005900
  -0.0000000000   -0.0013477300   -0.0006986500
   0.0007282000   -0.0007772000   -0.0005420200
  -0.0000057700   -0.0013060300   -0.0006721200
   0.0000057700   -0.0013060300   -0.0006721200
  -0.0007282000   -0.0007772000   -0.0005420200
  -0.0000000000   -0.0012964800   -0.0006536200
  -0.0000000000   -0.0011845500   -0.0006245200
   0.0000000000    0.0015000600    0.0108412500
  -0.0000000000   -0.0008205600   -0.0015890700
  -0.0000844100   -0.0009288500   -0.0017141100
   0.0000031700   -0.0008367500   -0.0015621500
  -0.0000031700   -0.0008367500   -0.0015621500
   0.0000844100   -0.0009288500   -0.0017141100
  -0.0000000000   -0.0008513900   -0.0015868400
  -0.0000000000   -0.0008075200   -0.0014855800
  -0.0000000000    0.0082179200    0.0024298700
  -0.0000000000    0.0067516400    0.0032746300
   0.0000199500    0.0067771700    0.0033765500
   0.0000758200    0.0066591300    0.0033227500
  -0.0000758200    0.0066591300    0.0033227500
  -0.0000199500    0.0067771700    0.0033765500
  -0.0000000000    0.0068472600    0.0032694000
   0.0000000000    0.0067784900    0.0033136500
  -0.0000000000    0.0072092800   -0.0042034500
   0.0000000000    0.0071097500   -0.0042062900
   0.0000075100    0.0072089300   -0.0042049300
   0.0000000700    0.0071986600   -0.0042150000
  -0.0000000700    0.0071986600   -0.0042150000
  -0.0000075100    0.0072089300   -0.0042049300
  -0.0000000000    0.0071805000   -0.0041533500
  -0.0000000000    0.0070904100   -0.0044180800
   0.0000116200    0.0000037300    0.0000262000
   0.0009647700   -0.0002181400    0.0001527400
   0.0000055600   -0.0000412200    0.0000055700
  -0.0000554300   -0.0000618800   -0.0000588700
   0.0000586200   -0.0000682800   -0.0000842100
  -0.0000214100    0.0000056200   -0.0000203300
   0.0000759000    0.0000875800    0.0000267600
  -0.0000252600    0.0000090400   -0.0000421900
   0.0035358700   -0.0067577600   -0.0004386000
   0.0019428400   -0.0066403100   -0.0008228900
   0.0020680000   -0.0069401100   -0.0003458300
   0.0019420400   -0.0066360200   -0.0008497700
   0.0019153200   -0.0066442800   -0.0008031400
   0.0019043200   -0.0066751300   -0.0008301500
   0.0019245500   -0.0066199200   -0.0008174300
   0.0019099100   -0.0066148900   -0.0008419900
  -0.0024168700   -0.0056181000    0.0002684500
  -0.0024275200   -0.0055248900    0.0003758800
  -0.0025596800   -0.0056334000    0.0004952700
  -0.0024488300   -0.0055102700    0.0003897500
  -0.0024363200   -0.0054242900    0.0003872300
  -0.0087121100   -0.0038308500    0.0041318800
  -0.0023992000   -0.0054660200    0.0003782000
  -0.0024727200   -0.0054790100    0.0003695500
  -0.0024684700    0.0053542800   -0.0003122000
  -0.0024391000    0.0054961600   -0.0003728800
  -0.0024260200    0.0055348100   -0.0004090100
  -0.0024180800    0.0054976300   -0.0003664200
  -0.0024067900    0.0054035300   -0.0004461100
  -0.0027320100    0.0056297700   -0.0001595800
  -0.0024749100    0.0054521800   -0.0003949200
  -0.0024314300    0.0054642500   -0.0003889400
   0.0017419100    0.0066772800    0.0005554100
   0.0019098700    0.0066609700    0.0008047400
   0.0025903800    0.0069282700    0.0009017000
   0.0019174000    0.0066100200    0.0008260800
   0.0019272800    0.0066776000    0.0008121600
   0.0018664400    0.0067126900    0.0008363600
   0.0020403200    0.0064016600    0.0007861200
   0.0019456700    0.0066837800    0.0007859400
  -0.0000586200   -0.0000682800   -0.0000842100
   0.0000214100    0.0000056200   -0.0000203300
  -0.0009647700   -0.0002181400    0.0001527400
  -0.0000116200    0.0000037300    0.0000262000
   0.0000252600    0.0000090400   -0.0000421900
  -0.0000759000    0.0000875800    0.0000267600
  -0.0000055600   -0.0000412200    0.0000055700
   0.0000554300   -0.0000618800   -0.0000588700
  -0.0035358700   -0.0067577600   -0.0004386000
  -0.0019428400   -0.0066403100   -0.0008228900
  -0.0019043200   -0.0066751300   -0.0008301500
  -0.0019153200   -0.0066442800   -0.0008031400
  -0.0019420400   -0.0066360200   -0.0008497700
  -0.0020680000   -0.0069401100   -0.0003458300
  -0.0019245500   -0.0066199200   -0.0008174300
  -0.0019099100   -0.0066148900   -0.0008419900
   0.0024168700   -0.0056181000    0.0002684500
   0.0024275200   -0.0055248900    0.0003758800
   0.0087121100   -0.0038308500    0.0041318800
   0.0024363200   -0.0054242900    0.0003872300
   0.0024488300   -0.0055102700    0.0003897500
   0.0025596800   -0.0056334000    0.0004952700
   0.0023992000   -0.0054660200    0.0003782000
   0.0024727200   -0.0054790100    0.0003695500
   0.0024684700    0.0053542800   -0.0003122000
   0.0024391000    0.0054961600   -0.0003728800
   0.0027320100    0.0056297700   -0.0001595800
   0.0024067900    0.0054035300   -0.0004461100
   0.0024180800    0.0054976300   -0.0003664200
   0.0024260200    0.0055348100   -0.0004090100
   0.0024749100    0.0054521800   -0.0003949200
   0.0024314300    0.0054642500   -0.0003889400
  -0.0017419100    0.0066772800    0.0005554100
  -0.0019098700    0.0066609700    0.0008047400
  -0.0018664400    0.0067126900    0.0008363600
  -0.0019272800    0.0066776000    0.0008121600
  -0.0019174000    0.0066100200    0.0008260800
  -0.0025903800    0.0069282700    0.0009017000
  -0.0020403200    0.0064016600    0.0007861200
  -0.0019456700    0.0066837800    0.0007859400

137  
  0.0000000000000000  -0.0066574658364036  -0.0074617791871054
  -0.0000000000    0.0059520200    0.0010219400
   0.0000000000    0.0059547200    0.0008884400
  -0.0000485600    0.0060006000    0.0009225400
  -0.0000043300    0.0059340200    0.0009031000
   0.0000043300    0.0059340200    0.0009031000
   0.0000485600    0.0060006000    0.0009225400
   0.0000000000    0.0059250100    0.0009076200
   0.0000000000    0.0059607000    0.0009206700
  -0.0000000000   -0.0058814000   -0.0009019500
   0.0000000000   -0.0059656600   -0.0009611700
  -0.0000437700   -0.0059533800   -0.0009034200
   0.0000278600   -0.0059351400   -0.0009061500
  -0.0000278600   -0.0059351400   -0.0009061500
   0.0000437700   -0.0059533800   -0.0009034200
   0.0000000000   -0.0036190800   -0.0026903300
   0.0000000000   -0.0059436400   -0.0009177800
   0.0000519200   -0.0000018700   -0.0000035100
   0.0000192600    0.0000281500   -0.0000210100
   0.0059784800   -0.0037224600   -0.0025879100
   0.0000583100   -0.0000120100   -0.0000232000
   0.0000483000   -0.0000077000   -0.0000021700
   0.0000447400   -0.0000101900    0.0000117100
   0.0000479600   -0.0000163400    0.0000089800
   0.0000611700    0.0000099100   -0.0000353500
  -0.0000192600    0.0000281500   -0.0000210100
  -0.0000519200   -0.0000018700   -0.0000035100
  -0.0000483000   -0.0000077000   -0.0000021700
  -0.0000447400   -0.0000101900    0.0000117100
  -0.0059784800   -0.0037224600   -0.0025879100
  -0.0000583100   -0.0000120100   -0.0000232000
  -0.0000611700    0.0000099100   -0.0000353500
  -0.0000479600   -0.0000163400    0.0000089800
  -0.0150388900   -0.0243468100   -0.0083921300
  -0.0008363400    0.0009937800   -0.0006074300
  -0.0008723600    0.0011267300   -0.0006906100
  -0.0008199700    0.0009943400   -0.0005768600
  -0.0007333900    0.0010133400   -0.0005754600
  -0.0007963800    0.0009602200   -0.0005112300
  -0.0008305200    0.0010023500   -0.0005761500
  -0.0015751600    0.0011040400   -0.0004054300
  -0.0009310400   -0.0010312600    0.0005571700
  -0.0007383300   -0.0009905600    0.0005480500
  -0.0009453300   -0.0008341800    0.0005678400
  -0.0008582900   -0.0009743600    0.0005805900
  -0.0008833900   -0.0009987300    0.0006146700
  -0.0003067000   -0.0014837500    0.0008270900
  -0.0008188400   -0.0008460900    0.0006255300
  -0.0005142400   -0.0011660200    0.0003845500
   0.0001847300   -0.0004278700    0.0003079900
   0.0006160700    0.0000183100    0.0000941300
   0.0000436400    0.0005916700   -0.0002714700
   0.0006263500   -0.0000043900   -0.0000251400
   0.0005885300    0.0000072300   -0.0000462000
   0.0005681300    0.0000854300   -0.0000393500
   0.0005599100    0.0000731000   -0.0000836400
   0.0005765600    0.0000067900   -0.0002127900
  -0.0014731500   -0.0005077400    0.0014382500
  -0.0011909100   -0.0005245600    0.0014508200
  -0.0022949200   -0.0008300700    0.0018294000
  -0.0013292100   -0.0005473900    0.0014240200
  -0.0012563700   -0.0005059900    0.0014978400
  -0.0015411900   -0.0008073600    0.0009641400
  -0.0012473000   -0.0008930400    0.0014565700
  -0.0011718100   -0.0004458000    0.0013730800
  -0.0013590800    0.0015364700   -0.0016349600
  -0.0012483700    0.0005272100   -0.0014528900
  -0.0013925300    0.0007097700   -0.0014375200
  -0.0013115900    0.0004740100   -0.0014176100
  -0.0012766300    0.0004697300   -0.0015202900
  -0.0013453300    0.0005304800   -0.0016552100
  -0.0012484600    0.0005175500   -0.0014086000
  -0.0012196700    0.0005195000   -0.0013073200
  -0.0001847300   -0.0004278700    0.0003079900
  -0.0006160700    0.0000183100    0.0000941300
  -0.0005681300    0.0000854300   -0.0000393500
  -0.0005885300    0.0000072300   -0.0000462000
  -0.0006263500   -0.0000043900   -0.0000251400
  -0.0000436400    0.0005916700   -0.0002714700
  -0.0005599100    0.0000731000   -0.0000836400
  -0.0005765600    0.0000067900   -0.0002127900
   0.0013590800    0.0015364700   -0.0016349600
   0.0012483700    0.0005272100   -0.0014528900
   0.0013453300    0.0005304800   -0.0016552100
   0.0012766300    0.0004697300   -0.0015202900
   0.0013115900    0.0004740100   -0.0014176100
   0.0013925300    0.0007097700   -0.0014375200
   0.0012484600    0.0005175500   -0.0014086000
   0.0012196700    0.0005195000   -0.0013073200
   0.0150388900   -0.0243468100   -0.0083921300
   0.0008363400    0.0009937800   -0.0006074300
   0.0007963800    0.0009602200   -0.0005112300
   0.0007333900    0.0010133400   -0.0005754600
   0.0008199700    0.0009943400   -0.0005768600
   0.0008723600    0.0011267300   -0.0006906100
   0.0008305200    0.0010023500   -0.0005761500
   0.0015751600    0.0011040400   -0.0004054300
   0.0000000000    0.0010324600    0.0043530800
  -0.0000000000    0.0016416700   -0.0004140800
   0.0000116000    0.0015927700   -0.0003256600
   0.0000487000    0.0016179700   -0.0005303200
  -0.0000487000    0.0016179700   -0.0005303200
  -0.0000116000    0.0015927700   -0.0003256600
   0.0000000000    0.0016485500   -0.0005877400
  -0.0000000000    0.0016172100   -0.0005816200
   0.0009310400   -0.0010312600    0.0005571700
   0.0007383300   -0.0009905600    0.0005480500
   0.0003067000   -0.0014837500    0.0008270900
   0.0008833900   -0.0009987300    0.0006146700
   0.0008582900   -0.0009743600    0.0005805900
   0.0009453300   -0.0008341800    0.0005678400
   0.0008188400   -0.0008460900    0.0006255300
   0.0005142400   -0.0011660200    0.0003845500
   0.0014731500   -0.0005077400    0.0014382500
   0.0011909100   -0.0005245600    0.0014508200
   0.0015411900   -0.0008073600    0.0009641400
   0.0012563700   -0.0005059900    0.0014978400
   0.0013292100   -0.0005473900    0.0014240200
   0.0022949200   -0.0008300700    0.0018294000
   0.0012473000   -0.0008930400    0.0014565700
   0.0011718100   -0.0004458000    0.0013730800
   0.0000000000   -0.0016127900    0.0005751200
  -0.0000000000   -0.0015769700    0.0005317300
   0.0005628600   -0.0014368900    0.0000600900
   0.0000125800   -0.0015767000    0.0004410800
  -0.0000125800   -0.0015767000    0.0004410800
  -0.0005628600   -0.0014368900    0.0000600900
   0.0000000000   -0.0018316400    0.0005619300
   0.0000000000   -0.0014502300    0.0007882600
  -0.0000108000    0.0000048900    0.0000321200
  -0.0001235100    0.0000672500   -0.0001228500
   0.0000000000   -0.0000067500   -0.0000686800
  -0.0000000000   -0.0040211300   -0.0053014700
   0.0000000000    0.0000398700    0.0000299000
   0.0000000000    0.0000066900   -0.0000539700
   0.0001235100    0.0000672500   -0.0001228500
   0.0000108000    0.0000048900    0.0000321200
   0.0000000000    0.0621577700    0.0491994400
   0.0000000000   -0.0071885900    0.0041998200
  -0.0001150000   -0.0071440800    0.0041629300
   0.0000032000   -0.0072081200    0.0042350700
  -0.0000032000   -0.0072081200    0.0042350700
   0.0001150000   -0.0071440800    0.0041629300
  -0.0000000000   -0.0072028700    0.0041783200
   0.0000000000   -0.0072812900    0.0041106500
   0.0000000000   -0.0066618100   -0.0032851300
   0.0000000000   -0.0068697400   -0.0032203500
   0.0000776300   -0.0067812200   -0.0031888200
   0.0000094500   -0.0067574000   -0.0032732700
  -0.0000094500   -0.0067574000   -0.0032732700
  -0.0000776300   -0.0067812200   -0.0031888200
  -0.0000000000   -0.0067825300   -0.0031667500
   0.0000000000   -0.0067574600   -0.0034025400
   0.0000000000    0.0007998400    0.0015416000
   0.0000000000    0.0009347500    0.0015274200
  -0.0000912900    0.0007298200    0.0016746100
  -0.0000001400    0.0008077600    0.0015593500
   0.0000001400    0.0008077600    0.0015593500
   0.0000912900    0.0007298200    0.0016746100
   0.0000000000   -0.0024725900    0.0017935800
  -0.0000000000    0.0008485700    0.0015253500
   0.0000000000    0.0011855200   -0.0002371900
   0.0000000000    0.0012631500    0.0006735300
   0.0001175400    0.0011546500    0.0008376000
  -0.0001235400    0.0012713500    0.0006675300
   0.0001235400    0.0012713500    0.0006675300
  -0.0001175400    0.0011546500    0.0008376000
   0.0000000000    0.0012404300    0.0007139100
  -0.0000000000    0.0012189900    0.0007155900
   0.0000000000   -0.0002996700    0.0005845800
   0.0000000000    0.0000036200    0.0000628500
   0.0000511600   -0.0000668600    0.0000914700
  -0.0000843100    0.0000083400    0.0000166000
   0.0000843100    0.0000083400    0.0000166000
  -0.0000511600   -0.0000668600    0.0000914700
   0.0000000000    0.0000022800   -0.0000786700
   0.0000000000   -0.0000338600   -0.0000581900
   0.0000000000   -0.0012782500   -0.0006609100
   0.0000000000   -0.0012757200   -0.0006578300
  -0.0007354500   -0.0017457500   -0.0007499300
  -0.0000181300   -0.0012170700   -0.0006451200
   0.0000181300   -0.0012170700   -0.0006451200
   0.0007354500   -0.0017457500   -0.0007499300
   0.0000000000   -0.0011624300   -0.0006381200
   0.0000000000   -0.0013385000   -0.0006737300
  -0.0000000000   -0.0032793100   -0.0141957300
   0.0000000000   -0.0008200500   -0.0014900200
   0.0000527100   -0.0007515100   -0.0013655200
  -0.0000394200   -0.0008061300   -0.0015301700
   0.0000394200   -0.0008061300   -0.0015301700
  -0.0000527100   -0.0007515100   -0.0013655200
  -0.0000000000   -0.0008508200   -0.0015031100
  -0.0000000000   -0.0007755300   -0.0016110700
   0.0000000000    0.0053946300    0.0041590100
   0.0000000000    0.0067645700    0.0032296800
  -0.0000484200    0.0066756900    0.0031689500
  -0.0000769200    0.0068826000    0.0031924200
   0.0000769200    0.0068826000    0.0031924200
   0.0000484200    0.0066756900    0.0031689500
   0.0000000000    0.0067697000    0.0032323900
  -0.0000000000    0.0066758700    0.0032174500
  -0.0000000000    0.0070800900   -0.0042759700
   0.0000000000    0.0072828000   -0.0042332600
   0.0000049300    0.0071425900   -0.0042660600
   0.0000169600    0.0071724500   -0.0042376400
  -0.0000169600    0.0071724500   -0.0042376400
  -0.0000049300    0.0071425900   -0.0042660600
   0.0000000000    0.0072674000   -0.0042645300
  -0.0000000000    0.0072890300   -0.0040450500
   0.0000017600   -0.0000025600    0.0000013900
  -0.0010512000    0.0002054800   -0.0001231000
   0.0000079400    0.0000429700    0.0000278500
   0.0001023400    0.0000629100    0.0001035300
  -0.0000665800    0.0000698500    0.0000427000
   0.0000363000   -0.0000051300    0.0000040900
  -0.0000262100   -0.0000879100   -0.0000496900
  -0.0000135300   -0.0000081000   -0.0000159200
   0.0002860800   -0.0065380100   -0.0011453100
   0.0019131000   -0.0066307300   -0.0007911200
   0.0017873000   -0.0063500500   -0.0012343600
   0.0019627300   -0.0065741800   -0.0007943100
   0.0019236000   -0.0066841100   -0.0007840300
   0.0018969400   -0.0066148700   -0.0007546500
   0.0019076500   -0.0066162400   -0.0008052400
   0.0019407700   -0.0066108900   -0.0007290400
  -0.0024250300   -0.0053727800    0.0004451800
  -0.0024310200   -0.0054623400    0.0003647400
  -0.0023116500   -0.0053139700    0.0001997400
  -0.0024469100   -0.0055178200    0.0003221200
  -0.0024731100   -0.0054328200    0.0003668800
   0.0037343900   -0.0071397400   -0.0034384000
  -0.0025149900   -0.0054117300    0.0003549500
  -0.0023851200   -0.0054054600    0.0003153900
  -0.0024074400    0.0056012700   -0.0003896900
  -0.0024547600    0.0054495000   -0.0003581300
  -0.0024124900    0.0054279100   -0.0002913700
  -0.0024583900    0.0055073400   -0.0003363700
  -0.0025363500    0.0054776800   -0.0003142800
  -0.0021571400    0.0053295700   -0.0005341900
  -0.0023931900    0.0054556700   -0.0003432500
  -0.0024549700    0.0054393400   -0.0002996300
   0.0020615300    0.0066420800    0.0010456700
   0.0019103700    0.0066579300    0.0008190300
   0.0012492000    0.0063496000    0.0006720000
   0.0019554900    0.0065744100    0.0008119800
   0.0019304900    0.0066824000    0.0007835200
   0.0019670400    0.0065632400    0.0007420500
   0.0018331700    0.0068030500    0.0008316600
   0.0018747100    0.0065323900    0.0007826700
   0.0000665800    0.0000698500    0.0000427000
  -0.0000363000   -0.0000051300    0.0000040900
   0.0010512000    0.0002054800   -0.0001231000
  -0.0000017600   -0.0000025600    0.0000013900
   0.0000135300   -0.0000081000   -0.0000159200
   0.0000262100   -0.0000879100   -0.0000496900
  -0.0000079400    0.0000429700    0.0000278500
  -0.0001023400    0.0000629100    0.0001035300
  -0.0002860800   -0.0065380100   -0.0011453100
  -0.0019131000   -0.0066307300   -0.0007911200
  -0.0018969400   -0.0066148700   -0.0007546500
  -0.0019236000   -0.0066841100   -0.0007840300
  -0.0019627300   -0.0065741800   -0.0007943100
  -0.0017873000   -0.0063500500   -0.0012343600
  -0.0019076500   -0.0066162400   -0.0008052400
  -0.0019407700   -0.0066108900   -0.0007290400
   0.0024250300   -0.0053727800    0.0004451800
   0.0024310200   -0.0054623400    0.0003647400
  -0.0037343900   -0.0071397400   -0.0034384000
   0.0024731100   -0.0054328200    0.0003668800
   0.0024469100   -0.0055178200    0.0003221200
   0.0023116500   -0.0053139700    0.0001997400
   0.0025149900   -0.0054117300    0.0003549500
   0.0023851200   -0.0054054600    0.0003153900
   0.0024074400    0.0056012700   -0.0003896900
   0.0024547600    0.0054495000   -0.0003581300
   0.0021571400    0.0053295700   -0.0005341900
   0.0025363500    0.0054776800   -0.0003142800
   0.0024583900    0.0055073400   -0.0003363700
   0.0024124900    0.0054279100   -0.0002913700
   0.0023931900    0.0054556700   -0.0003432500
   0.0024549700    0.0054393400   -0.0002996300
  -0.0020615300    0.0066420800    0.0010456700
  -0.0019103700    0.0066579300    0.0008190300
  -0.0019670400    0.0065632400    0.0007420500
  -0.0019304900    0.0066824000    0.0007835200
  -0.0019554900    0.0065744100    0.0008119800
  -0.0012492000    0.0063496000    0.0006720000
  -0.0018331700    0.0068030500    0.0008316600
  -0.0018747100    0.0065323900    0.0007826700

153  
  0.0050000594327610   0.0000000000000000   0.0086602197240519
  -0.0004176600    0.0059117500    0.0009652600
  -0.0004265900    0.0059314500    0.0009082100
  -0.0004350200    0.0059511300    0.0009251900
  -0.0004278600    0.0059078400    0.0008616500
  -0.0005174100    0.0058952800    0.0008284000
  -0.0004396500    0.0059632400    0.0009096300
  -0.0004417700    0.0059541200    0.0007843500
  -0.0004329900    0.0059335000    0.0008947800
  -0.0001117100   -0.0013393000    0.0052245500
   0.0004155000   -0.0058932400   -0.0008877000
   0.0004432200   -0.0059383800   -0.0008770600
   0.0004339400   -0.0059531300   -0.0009031100
   0.0004257500   -0.0059198800   -0.0009284100
   0.0004064100   -0.0059284600   -0.0009057500
   0.0004300700   -0.0059272600   -0.0008876700
   0.0004273900   -0.0059290900   -0.0009032800
   0.0000958100    0.0002995300   -0.0002545200
   0.0000330100    0.0002865400   -0.0002982000
   0.0000516200    0.0002809500   -0.0003068200
   0.0000693600    0.0002736500   -0.0003127400
  -0.0004587000    0.0002805500   -0.0011704100
   0.0000584100    0.0002859200   -0.0003153800
   0.0000453300    0.0002878500   -0.0003193500
   0.0000522000    0.0002696800   -0.0003055800
  -0.0000401300   -0.0002905100    0.0003290100
  -0.0000374800   -0.0002780000    0.0003396700
   0.0053501900   -0.0047272300    0.0028428700
  -0.0000654000   -0.0002799100    0.0002862200
  -0.0000516200   -0.0002692300    0.0003046400
  -0.0000410700   -0.0002941000    0.0002946900
  -0.0000460500   -0.0002762000    0.0003199900
  -0.0000536100   -0.0002877200    0.0003041100
  -0.0007299500    0.0022472600    0.0005180200
  -0.0007482800    0.0022082800    0.0004900600
  -0.0003764300    0.0016659100    0.0005054600
  -0.0006615000    0.0022213700    0.0005336800
  -0.0006572800    0.0022298300    0.0005461000
  -0.0000159100    0.0027003400   -0.0001656800
  -0.0007436200    0.0021415300    0.0004950800
  -0.0006436000    0.0023308200    0.0005100800
  -0.0011099500    0.0014083200    0.0025397900
  -0.0010990700    0.0002901100    0.0015904300
  -0.0012656400    0.0002965000    0.0017555900
  -0.0011069200    0.0002297600    0.0016478500
  -0.0011108300    0.0002794900    0.0016178200
  -0.0012439300    0.0006322000    0.0014764300
  -0.0010981700    0.0002451800    0.0016481700
  -0.0011873300    0.0002517200    0.0016539900
   0.0005320700   -0.0014429700   -0.0010100100
   0.0005050100   -0.0016048400   -0.0013130900
   0.0005921300   -0.0016195500   -0.0012927800
   0.0005537500   -0.0015809600   -0.0013585100
   0.0004732100   -0.0016337800   -0.0013100800
  -0.0002361900   -0.0018367200   -0.0009820500
   0.0005260800   -0.0016342800   -0.0013349700
   0.0006129200   -0.0015965600   -0.0015016900
   0.0069991800   -0.0222202800    0.0063946700
  -0.0018562000   -0.0008292100    0.0007845300
  -0.0020667000   -0.0008282400    0.0007776400
  -0.0018654200   -0.0008867600    0.0008138400
  -0.0018610700   -0.0008365900    0.0007913800
  -0.0018718900   -0.0009210100    0.0008081200
  -0.0018728200   -0.0008530200    0.0007322900
  -0.0014588600   -0.0008371200    0.0005387700
  -0.0006967700    0.0005320700   -0.0025079200
  -0.0008714000    0.0001840200   -0.0020699700
  -0.0012530900   -0.0001703500   -0.0024438800
  -0.0008893300    0.0002290100   -0.0020234200
  -0.0008519000    0.0001892100   -0.0020403300
  -0.0008268800    0.0001505000   -0.0019452700
  -0.0008307900    0.0002546900   -0.0020730900
  -0.0007422800    0.0001600900   -0.0020409500
  -0.0000586000    0.0011660200    0.0014606300
  -0.0005480000    0.0015591700    0.0013450900
   0.0000024800    0.0011727700    0.0018142100
  -0.0004961200    0.0016108600    0.0013520800
  -0.0005699500    0.0016033600    0.0013111900
  -0.0005817700    0.0016346900    0.0013798600
  -0.0005057700    0.0015690900    0.0013411600
  -0.0005406200    0.0015745100    0.0013788000
   0.0018874300    0.0007453300   -0.0002809300
   0.0018699000    0.0008449600   -0.0007747700
   0.0018478400    0.0008641300   -0.0007489400
   0.0018593300    0.0008448200   -0.0007616800
   0.0019274900    0.0008940400   -0.0007862100
   0.0028622400    0.0003712800   -0.0014522100
   0.0018713300    0.0008764700   -0.0007881400
   0.0017012300    0.0008605100   -0.0007176900
   0.0011359300   -0.0002192800   -0.0016372900
   0.0011259200   -0.0002641400   -0.0016954500
   0.0006414300   -0.0005667500   -0.0019605200
   0.0010799700   -0.0002579000   -0.0016086900
   0.0010853400   -0.0002363900   -0.0016584000
   0.0018512700   -0.0013865900   -0.0016941000
   0.0011123700   -0.0002333500   -0.0016410300
   0.0012025600   -0.0002901600   -0.0018277900
  -0.0013598800    0.0014464900   -0.0005095900
  -0.0013601300    0.0016372700   -0.0004782100
  -0.0009545700    0.0017594500    0.0001207400
  -0.0013609100    0.0016003800   -0.0005221100
  -0.0013903300    0.0016158500   -0.0005062700
  -0.0022176300    0.0019997700    0.0002241700
  -0.0013482900    0.0017002700   -0.0005757900
  -0.0013799100    0.0015396500   -0.0005116400
   0.0008610900   -0.0016689200    0.0003025400
   0.0006965900   -0.0022521200   -0.0005569500
   0.0008373800   -0.0017611000    0.0002637700
   0.0007910300   -0.0022997000   -0.0004653000
   0.0006730300   -0.0022978800   -0.0005105700
   0.0007367400   -0.0020676400   -0.0004734400
   0.0006753300   -0.0022505500   -0.0005384900
   0.0008294400   -0.0022923900   -0.0005552500
   0.0000241500   -0.0003276500    0.0024214500
   0.0008476600   -0.0001847000    0.0020066900
   0.0008325000   -0.0001976200    0.0021280900
   0.0008675300   -0.0002491400    0.0020442600
   0.0008184300   -0.0002775000    0.0020504400
   0.0008958500   -0.0002457200    0.0017081500
   0.0008194500   -0.0002000100    0.0020540200
   0.0003691100   -0.0001985900    0.0020240300
   0.0015086600    0.0180275300    0.0088629000
   0.0013269400   -0.0015243700    0.0006420900
   0.0014994700   -0.0016668700    0.0003730700
   0.0013603900   -0.0015821600    0.0004708200
   0.0013571800   -0.0015489000    0.0005024600
   0.0010149100   -0.0016676200    0.0006874000
   0.0013579500   -0.0015830000    0.0005450000
   0.0013839700   -0.0015390900    0.0003844100
  -0.0000185000    0.0000099900   -0.0000044400
   0.0000518700    0.0000284000   -0.0000172300
   0.0000078100    0.0000234400   -0.0000293500
   0.0000164300    0.0000070200    0.0000477400
   0.0000432800   -0.0001935600   -0.0004440400
  -0.0000249200   -0.0000312300    0.0000201300
  -0.0004834700    0.0001867800   -0.0001998100
   0.0000096900    0.0000080300   -0.0000083200
  -0.0008114000   -0.0071713700    0.0041828900
  -0.0007900200   -0.0071697500    0.0042114300
  -0.0005090500   -0.0070898500    0.0040369000
  -0.0008135100   -0.0071886200    0.0041954000
  -0.0007854600   -0.0071882300    0.0042111800
  -0.0007448500   -0.0072673200    0.0040819900
  -0.0009740400   -0.0071906900    0.0039279500
  -0.0008054400   -0.0071650900    0.0042396900
  -0.0005025800   -0.0066039500   -0.0020987400
  -0.0003437600   -0.0068532000   -0.0033738200
  -0.0005450900   -0.0068420500   -0.0036083900
  -0.0004367800   -0.0067103400   -0.0032893800
  -0.0003439600   -0.0067814100   -0.0032262100
  -0.0002238400   -0.0068061000   -0.0033980400
  -0.0003490500   -0.0067805600   -0.0032597500
  -0.0003698200   -0.0067104500   -0.0032652400
  -0.0305402400    0.0034894500   -0.0528176800
  -0.0002639100    0.0008283800    0.0015625100
  -0.0001588300    0.0008468500    0.0016753800
  -0.0002629200    0.0008524700    0.0015652100
  -0.0002818400    0.0008442500    0.0015545700
  -0.0003159100    0.0008938200    0.0015846000
  -0.0002563000    0.0008351100    0.0015609600
  -0.0001767800    0.0007288900    0.0016318900
   0.0005658700    0.0013106900    0.0007939300
   0.0005511200    0.0012156900    0.0006511200
   0.0006941400    0.0011948500    0.0007130800
   0.0005635500    0.0012787900    0.0006711100
   0.0005660300    0.0012700200    0.0006735600
   0.0005458300    0.0012569400    0.0006288300
   0.0005561600    0.0012789600    0.0006511800
   0.0005455000    0.0012738500    0.0006652700
  -0.0002873000   -0.0032361300    0.0045220500
   0.0000240300    0.0000068900    0.0000435700
   0.0000197100    0.0000349700    0.0000577700
  -0.0000104800   -0.0000033300   -0.0000024300
   0.0000288200    0.0000039800    0.0000096300
  -0.0000730500    0.0001201100    0.0001729300
  -0.0000031400   -0.0000027800    0.0000207600
  -0.0000989200   -0.0000505300   -0.0000689600
  -0.0012520600   -0.0017245300   -0.0014593500
  -0.0005470900   -0.0012495900   -0.0006628600
  -0.0004793800   -0.0012748400   -0.0005210700
  -0.0006539500   -0.0012285800   -0.0005995100
  -0.0005178100   -0.0012358100   -0.0006745000
  -0.0005410800   -0.0013148500   -0.0005576700
  -0.0005424200   -0.0012591600   -0.0006606700
  -0.0005070900   -0.0012130200   -0.0005758200
   0.0002919800   -0.0008343600   -0.0016880400
   0.0002392300   -0.0008435900   -0.0015094100
   0.0001299900   -0.0008223900   -0.0015775700
   0.0002561300   -0.0008396100   -0.0015417800
   0.0002612000   -0.0008528400   -0.0015427700
   0.0002759200   -0.0008105800   -0.0014935900
   0.0002880000   -0.0009576600   -0.0015423000
   0.0002995800   -0.0008064900   -0.0015009300
   0.0003416700    0.0067742400    0.0032388600
   0.0003459000    0.0068023300    0.0032702900
   0.0000920500    0.0062275200    0.0033726900
   0.0003589600    0.0067803400    0.0032540800
   0.0003529100    0.0067708700    0.0032443700
   0.0018701700    0.0062590300    0.0024143700
   0.0003463600    0.0067857100    0.0032513100
   0.0003084500    0.0067644000    0.0032904900
   0.0009302100    0.0064089000    0.0107969200
   0.0007780000    0.0071925500   -0.0042596800
   0.0006452300    0.0070845000   -0.0043702400
   0.0007556900    0.0071957800   -0.0042476100
   0.0007449900    0.0071720700   -0.0042413200
   0.0009016200    0.0070721400   -0.0042674400
   0.0007696400    0.0072100700   -0.0042658000
   0.0007851100    0.0071807500   -0.0041306200
   0.0000044400   -0.0000211100   -0.0000009900
   0.0000787600    0.0000915000   -0.0001152400
  -0.0000232200   -0.0000048500   -0.0000028900
  -0.0000856400   -0.0000709200    0.0000338500
  -0.0002841200   -0.0001466900   -0.0008054100
   0.0000065300   -0.0000174400    0.0000082800
  -0.0000743300    0.0000175300   -0.0001451900
   0.0000297400    0.0000265900   -0.0000239300
   0.0015589500   -0.0066003700   -0.0004516100
   0.0018525300   -0.0064880900   -0.0005217700
   0.0018142000   -0.0065149600   -0.0006072800
   0.0018643700   -0.0064841100   -0.0005363900
   0.0017776100   -0.0065111600   -0.0005311200
   0.0016209800   -0.0063303700   -0.0005380000
   0.0018956600   -0.0064654300   -0.0006041900
   0.0018263400   -0.0065150700   -0.0006010800
  -0.0021424600   -0.0055317600    0.0016842500
  -0.0027332800   -0.0055029500    0.0012064900
  -0.0029296000   -0.0054948300    0.0008631100
  -0.0026612100   -0.0054995900    0.0012637500
  -0.0026956300   -0.0055191500    0.0011982200
  -0.0027374200   -0.0055416200    0.0012296300
  -0.0027240800   -0.0054806400    0.0012237000
  -0.0029328300   -0.0054562900    0.0012727400
  -0.0024418800    0.0055349600    0.0018956400
  -0.0021664500    0.0054737000    0.0004939600
  -0.0006091700    0.0054157200    0.0009749500
  -0.0021601700    0.0054650100    0.0004950500
  -0.0021655100    0.0054646400    0.0004906700
  -0.0022528300    0.0054629200    0.0005065500
  -0.0021663700    0.0054637900    0.0004941800
  -0.0022009400    0.0054497200    0.0004774300
   0.0025784700    0.0067072200    0.0008535400
   0.0019988700    0.0067778800    0.0010927800
   0.0020029600    0.0067777800    0.0010990400
   0.0020089200    0.0068443500    0.0010613200
   0.0020209000    0.0067836100    0.0010545400
   0.0020647200    0.0068103200    0.0010662300
   0.0020171100    0.0067665500    0.0010921900
   0.0019007000    0.0067647900    0.0011601100
   0.0039946700    0.0031390800    0.0020867900
   0.0000156900   -0.0000053100    0.0000085200
   0.0000037900   -0.0000261100    0.0000271400
  -0.0000179600    0.0000073100    0.0000129600
  -0.0000376000    0.0000011300   -0.0000534300
   0.0000426100    0.0000381200   -0.0000559700
   0.0000171800   -0.0000029200    0.0000140400
   0.0001195600   -0.0001056800    0.0000615800
  -0.0017655000   -0.0069676400   -0.0008273000
  -0.0019890200   -0.0067926200   -0.0010793200
  -0.0018789800   -0.0066371000   -0.0007090400
  -0.0019111000   -0.0068417400   -0.0011116000
  -0.0020193200   -0.0067801300   -0.0010726600
  -0.0020431700   -0.0067813200   -0.0011090000
  -0.0020334400   -0.0067946900   -0.0010460200
  -0.0020233600   -0.0067935300   -0.0011095700
   0.0022964900   -0.0055726400   -0.0006418900
   0.0022067000   -0.0054384900   -0.0004753900
   0.0022041100   -0.0054538800   -0.0004711000
   0.0021919800   -0.0054775600   -0.0005030800
   0.0021622000   -0.0053562600   -0.0004852800
   0.0023368600   -0.0054685800   -0.0006077200
   0.0021907500   -0.0054472500   -0.0004646800
   0.0019727100   -0.0054763300   -0.0004042600
   0.0028722400    0.0059803400   -0.0014390500
   0.0027022600    0.0054975900   -0.0012157000
   0.0027416600    0.0055242600   -0.0012182600
   0.0026972300    0.0055091800   -0.0012266200
   0.0026909200    0.0054886600   -0.0012142500
   0.0011560500    0.0059614000   -0.0002742400
   0.0027079300    0.0055057200   -0.0012165300
   0.0027548200    0.0055421900   -0.0012667400
   0.0103601400    0.0072302200    0.0082601000
  -0.0018588200    0.0064886900    0.0005625800
  -0.0018722000    0.0066045900    0.0004305200
  -0.0018553700    0.0064970900    0.0005386100
  -0.0018548200    0.0064733400    0.0005370500
  -0.0017804500    0.0064804400    0.0006074100
  -0.0018742700    0.0064820200    0.0005523400
  -0.0018858100    0.0065536200    0.0006303000

153  
 -0.0050000594327610   0.0000000000000000  -0.0086602197240519
  -0.0004345800    0.0059494600    0.0008389000
  -0.0004242700    0.0059254900    0.0008927300
  -0.0004337200    0.0059196900    0.0008930500
  -0.0004262900    0.0059498000    0.0009359900
  -0.0003359000    0.0059561000    0.0009662000
  -0.0004129900    0.0059017700    0.0008927300
  -0.0004087900    0.0058962200    0.0010145900
  -0.0004204700    0.0059320800    0.0009020700
   0.0009320800   -0.0104135300   -0.0069038400
   0.0004321300   -0.0059602400   -0.0009079400
   0.0004057400   -0.0059270600   -0.0009206400
   0.0004137000   -0.0059002100   -0.0008986100
   0.0004203500   -0.0059356100   -0.0008743400
   0.0004404800   -0.0059366200   -0.0008899200
   0.0004167500   -0.0059297100   -0.0009079100
   0.0004189500   -0.0059339300   -0.0008959200
   0.0000056000    0.0002728800   -0.0003625400
   0.0000675400    0.0002802000   -0.0003206900
   0.0000494700    0.0002912200   -0.0003139500
   0.0000309000    0.0002926000   -0.0003035000
   0.0005446500    0.0002696000    0.0005635300
   0.0000408600    0.0002892600   -0.0003021500
   0.0000545300    0.0002777800   -0.0002992300
   0.0000476000    0.0003045700   -0.0003096200
  -0.0000619100   -0.0002830100    0.0002852900
  -0.0000655700   -0.0002870400    0.0002783500
  -0.0055714500    0.0042605000   -0.0022642400
  -0.0000392600   -0.0002827500    0.0003287300
  -0.0000523900   -0.0002993600    0.0003109000
  -0.0000643800   -0.0002790300    0.0003236400
  -0.0000586900   -0.0002906000    0.0002979900
  -0.0000532600   -0.0002844100    0.0003115700
  -0.0005922000    0.0022277100    0.0005780800
  -0.0005902500    0.0022660400    0.0005765800
  -0.0009831600    0.0027923800    0.0005782700
  -0.0006580800    0.0022537200    0.0005527900
  -0.0006444300    0.0022428300    0.0005507000
  -0.0013226100    0.0017801200    0.0012388400
  -0.0005681200    0.0023281300    0.0005851000
  -0.0006770900    0.0021416400    0.0005730200
  -0.0010803100   -0.0008990500    0.0007649400
  -0.0010807100    0.0002242800    0.0017126300
  -0.0009283300    0.0002203800    0.0015593500
  -0.0010860500    0.0002839300    0.0016755100
  -0.0010929500    0.0002336200    0.0017078500
  -0.0009572700   -0.0001182000    0.0018268900
  -0.0010921900    0.0002679300    0.0016633800
  -0.0010184100    0.0002615600    0.0016661300
   0.0005269300   -0.0017669900   -0.0017459500
   0.0005795400   -0.0015840100   -0.0014320600
   0.0004914900   -0.0015687200   -0.0014329900
   0.0005311900   -0.0016076200   -0.0013927500
   0.0006134900   -0.0015568400   -0.0014373500
   0.0013081300   -0.0013464500   -0.0017428600
   0.0005639200   -0.0015542900   -0.0013976600
   0.0004734500   -0.0015940500   -0.0012723800
  -0.0105343400    0.0202630600   -0.0048834400
  -0.0018332300   -0.0008742700    0.0007480300
  -0.0016105900   -0.0008759800    0.0007457100
  -0.0018212500   -0.0008163700    0.0006984000
  -0.0018245100   -0.0008685300    0.0007245400
  -0.0018062500   -0.0007833100    0.0007287500
  -0.0018188000   -0.0008530600    0.0008014800
  -0.0022368100   -0.0008668400    0.0009893700
  -0.0008844600   -0.0001408000   -0.0016414700
  -0.0007173500    0.0002072700   -0.0020641700
  -0.0003343300    0.0005608900   -0.0016872500
  -0.0007093200    0.0001636800   -0.0021196400
  -0.0007533100    0.0002005400   -0.0021057700
  -0.0007760300    0.0002374200   -0.0021915400
  -0.0007731900    0.0001334800   -0.0020579900
  -0.0008580300    0.0002281200   -0.0021022300
  -0.0009797400    0.0019542900    0.0012836700
  -0.0005420900    0.0016296500    0.0014049100
  -0.0010768600    0.0020294800    0.0009564500
  -0.0005933200    0.0015802300    0.0013870800
  -0.0005201000    0.0015842700    0.0014250000
  -0.0005051000    0.0015548400    0.0013830600
  -0.0005823500    0.0016190800    0.0014051000
  -0.0005480700    0.0016151200    0.0013474800
   0.0017897200    0.0009577500   -0.0012425800
   0.0018161500    0.0008594400   -0.0007412700
   0.0018309600    0.0008404500   -0.0007774700
   0.0018308400    0.0008605900   -0.0007689800
   0.0017562900    0.0008108300   -0.0007484200
   0.0008228000    0.0013289000   -0.0000736600
   0.0018033900    0.0008259800   -0.0007334900
   0.0019841100    0.0008424800   -0.0008104400
   0.0010545700   -0.0002939700   -0.0016655300
   0.0010770900   -0.0002495500   -0.0016348700
   0.0015649800    0.0000520400   -0.0013652200
   0.0011048500   -0.0002558100   -0.0017025500
   0.0010935000   -0.0002764600   -0.0016485100
   0.0003891100    0.0008684400   -0.0016516900
   0.0010745900   -0.0002812700   -0.0016828000
   0.0009931400   -0.0002187300   -0.0014861300
  -0.0013848100    0.0017350700   -0.0004762300
  -0.0013869300    0.0015461100   -0.0005022900
  -0.0018036900    0.0014218900   -0.0011141500
  -0.0013844000    0.0015826200   -0.0004827300
  -0.0013555500    0.0015655000   -0.0005138400
  -0.0005170200    0.0011809800   -0.0012040600
  -0.0014002800    0.0014773900   -0.0004391400
  -0.0013647500    0.0016413300   -0.0004822800
   0.0004698700   -0.0028715000   -0.0014366100
   0.0006119700   -0.0022208500   -0.0005384600
   0.0004821800   -0.0026972100   -0.0013602300
   0.0005353400   -0.0021711000   -0.0006088200
   0.0006417200   -0.0021767100   -0.0005620700
   0.0005722400   -0.0024062300   -0.0006154300
   0.0006299000   -0.0022236400   -0.0005505500
   0.0004964800   -0.0021812400   -0.0005189400
   0.0015483500   -0.0000153200    0.0017201300
   0.0007499400   -0.0002039800    0.0021377200
   0.0007505900   -0.0001951200    0.0020237800
   0.0007252500   -0.0001385000    0.0020856400
   0.0007698300   -0.0001141300    0.0020845800
   0.0006852300   -0.0001448700    0.0024409100
   0.0007699000   -0.0001902900    0.0020983600
   0.0012194000   -0.0001922100    0.0021195600
   0.0013053800   -0.0214624800   -0.0080202500
   0.0014168400   -0.0016554100    0.0003727800
   0.0012567700   -0.0015163000    0.0006268500
   0.0013870100   -0.0015994000    0.0005197200
   0.0013814900   -0.0016337300    0.0005004700
   0.0017153800   -0.0015143400    0.0003132600
   0.0013816400   -0.0016006300    0.0004719500
   0.0013580900   -0.0016429600    0.0006050300
   0.0000132700   -0.0000100200    0.0000011000
  -0.0000632300   -0.0000266600    0.0000177900
  -0.0000135900   -0.0000230300    0.0000297900
  -0.0000183400   -0.0000061800   -0.0000435400
  -0.0000446300    0.0001968800    0.0004483800
   0.0000196900    0.0000302300   -0.0000138800
   0.0004843900   -0.0001859500    0.0001983600
  -0.0000110900   -0.0000082300    0.0000088000
  -0.0007601200   -0.0072230500    0.0042697400
  -0.0007813100   -0.0072216100    0.0042365900
  -0.0010593900   -0.0072957000    0.0044087100
  -0.0007564400   -0.0072073800    0.0042552800
  -0.0007852900   -0.0072093500    0.0042377300
  -0.0008264900   -0.0071137800    0.0043664000
  -0.0005989100   -0.0072309400    0.0045205200
  -0.0007664600   -0.0072239100    0.0042089400
  -0.0002087500   -0.0069426500   -0.0044115300
  -0.0003642900   -0.0067044500   -0.0031561000
  -0.0001623700   -0.0067069300   -0.0029175100
  -0.0002682100   -0.0068385500   -0.0032310900
  -0.0003655100   -0.0067737700   -0.0032958700
  -0.0004851600   -0.0067436000   -0.0031235900
  -0.0003603800   -0.0067756200   -0.0032654600
  -0.0003390100   -0.0068306100   -0.0032573200
   0.0301945800   -0.0013329600    0.0562555600
  -0.0002591000    0.0008500600    0.0015316200
  -0.0003595700    0.0008306700    0.0014179200
  -0.0002608800    0.0008243100    0.0015235000
  -0.0002375700    0.0008345200    0.0015368900
  -0.0002046800    0.0007778900    0.0015074800
  -0.0002613500    0.0008377800    0.0015350800
  -0.0003458100    0.0009281200    0.0014649300
   0.0005402800    0.0012388100    0.0005195000
   0.0005480900    0.0013314100    0.0006687100
   0.0004082800    0.0013408700    0.0006041500
   0.0005332200    0.0012663200    0.0006439800
   0.0005366500    0.0012712900    0.0006426900
   0.0005570100    0.0012763400    0.0006900000
   0.0005459400    0.0012667000    0.0006686400
   0.0005546300    0.0012629900    0.0006517200
   0.0002661000    0.0032071100   -0.0044806400
  -0.0000232300   -0.0000065300   -0.0000470700
  -0.0000238100   -0.0000360500   -0.0000541900
   0.0000014300    0.0000037300    0.0000071200
  -0.0000273400   -0.0000043900   -0.0000047800
   0.0000736700   -0.0001207700   -0.0001659700
  -0.0000017000    0.0000030100   -0.0000313300
   0.0000946400    0.0000502800    0.0000595900
   0.0001471700   -0.0008480500    0.0001455900
  -0.0005611400   -0.0012949800   -0.0006544300
  -0.0006255400   -0.0012707700   -0.0007950800
  -0.0004552400   -0.0013148200   -0.0007247500
  -0.0005890100   -0.0013113900   -0.0006450300
  -0.0005643800   -0.0012247500   -0.0007609900
  -0.0005621200   -0.0012804600   -0.0006546700
  -0.0006009800   -0.0013113100   -0.0007394000
   0.0002256000   -0.0008471300   -0.0014103800
   0.0002742200   -0.0008344500   -0.0015815300
   0.0003847200   -0.0008469900   -0.0015148600
   0.0002544700   -0.0008360700   -0.0015543600
   0.0002557300   -0.0008227400   -0.0015522300
   0.0002433100   -0.0008524200   -0.0015974900
   0.0002282600   -0.0007223000   -0.0015483300
   0.0002154200   -0.0008625900   -0.0015939500
   0.0003601000    0.0067790900    0.0032878200
   0.0003578200    0.0067493500    0.0032530500
   0.0006293800    0.0073227800    0.0031623700
   0.0003458700    0.0067740100    0.0032710900
   0.0003499100    0.0067833200    0.0032798600
  -0.0011533200    0.0072813700    0.0040956900
   0.0003551200    0.0067714100    0.0032710600
   0.0003939000    0.0067822600    0.0032326000
   0.0006733200    0.0079966500   -0.0196622100
   0.0007881700    0.0072063600   -0.0041929900
   0.0009246700    0.0073042000   -0.0040794300
   0.0008126100    0.0071947000   -0.0041987600
   0.0008206200    0.0072255700   -0.0042062000
   0.0006632600    0.0073203400   -0.0041798200
   0.0007959900    0.0071888200   -0.0041846700
   0.0007813500    0.0072040900   -0.0043180500
  -0.0000040100    0.0000211600    0.0000007500
  -0.0000843500   -0.0000891000    0.0001165400
   0.0000208400    0.0000054200    0.0000027200
   0.0000855900    0.0000731000   -0.0000333700
   0.0003043400    0.0001282200    0.0007893600
  -0.0000046600    0.0000170500   -0.0000116000
   0.0000725500   -0.0000183600    0.0001427900
  -0.0000366800   -0.0000272900    0.0000185700
   0.0021545100   -0.0063917700   -0.0006292700
   0.0018577900   -0.0065084200   -0.0005488200
   0.0018951300   -0.0064597500   -0.0004703400
   0.0018492000   -0.0065071100   -0.0005348900
   0.0019287000   -0.0064814800   -0.0005424000
   0.0020852200   -0.0066488400   -0.0005377000
   0.0018100300   -0.0065210900   -0.0004696900
   0.0018830800   -0.0064695900   -0.0004715200
  -0.0032899600   -0.0054769000    0.0007320000
  -0.0026816600   -0.0054979600    0.0012122700
  -0.0024869500   -0.0054988300    0.0015565000
  -0.0027514700   -0.0055070300    0.0011533200
  -0.0027192100   -0.0054828200    0.0012153500
  -0.0026781700   -0.0054505200    0.0011917300
  -0.0026934600   -0.0055180100    0.0011900100
  -0.0024865400   -0.0055331700    0.0011431200
  -0.0019350500    0.0053871100   -0.0009127300
  -0.0021934300    0.0054368500    0.0004866600
  -0.0037622700    0.0054963400    0.0000164500
  -0.0021980800    0.0054495800    0.0004862500
  -0.0021959200    0.0054444000    0.0004932700
  -0.0021129400    0.0054319300    0.0004747400
  -0.0021944000    0.0054491000    0.0004913900
  -0.0021611900    0.0054513000    0.0005018600
   0.0014313600    0.0068405000    0.0012629000
   0.0019813000    0.0067959200    0.0010355500
   0.0019775600    0.0067884100    0.0010398800
   0.0019726500    0.0067292900    0.0010678800
   0.0019603500    0.0067929700    0.0010779400
   0.0019157000    0.0067474400    0.0010701800
   0.0019647400    0.0068007900    0.0010441100
   0.0020845100    0.0067873400    0.0009671900
  -0.0040480800   -0.0031692000   -0.0020957400
  -0.0000156600    0.0000054200   -0.0000013800
  -0.0000044000    0.0000257500   -0.0000313000
   0.0000212800   -0.0000071800   -0.0000065300
   0.0000396100   -0.0000010100    0.0000478200
  -0.0000446300   -0.0000376700    0.0000583000
  -0.0000191600    0.0000025200   -0.0000164300
  -0.0001203500    0.0001048800   -0.0000586200
  -0.0022234300   -0.0066101400   -0.0013097400
  -0.0019934100   -0.0067782600   -0.0010557200
  -0.0021053300   -0.0069305700   -0.0014208600
  -0.0020681300   -0.0067342100   -0.0010230800
  -0.0019668100   -0.0067909300   -0.0010580900
  -0.0019455300   -0.0067738300   -0.0010251500
  -0.0019506600   -0.0067798700   -0.0010829100
  -0.0019637100   -0.0067687600   -0.0010267600
   0.0020789600   -0.0053245400   -0.0003497600
   0.0021504500   -0.0054727400   -0.0005112200
   0.0021526400   -0.0054502600   -0.0005050900
   0.0021664100   -0.0054320600   -0.0004843700
   0.0021948200   -0.0055609700   -0.0004973400
   0.0020205500   -0.0054312400   -0.0003695000
   0.0021669600   -0.0054592300   -0.0005152000
   0.0023857100   -0.0054165700   -0.0005842100
   0.0025387800    0.0050284700   -0.0010047600
   0.0027105500    0.0055103500   -0.0011970000
   0.0026692300    0.0054617900   -0.0011991000
   0.0027184700    0.0054939300   -0.0011872500
   0.0027191600    0.0055124600   -0.0012008700
   0.0042710900    0.0050277600   -0.0021467700
   0.0027010800    0.0054907000   -0.0012007900
   0.0026562600    0.0054531100   -0.0011478800
  -0.0137238200    0.0057722300   -0.0070147800
  -0.0018537700    0.0065028400    0.0005141000
  -0.0018414700    0.0063747700    0.0006421300
  -0.0018556800    0.0065013200    0.0005354900
  -0.0018570100    0.0065193600    0.0005349400
  -0.0019323400    0.0065029200    0.0004724200
  -0.0018422600    0.0065069600    0.0005189000
  -0.0018316600    0.0064255000    0.0004443900

153  
  0.0000000000000000   0.0066574658364036   0.0074617791871054
  -0.0000000000    0.0058944300    0.0010012500
  -0.0000000000    0.0059404100    0.0009100500
   0.0000171200    0.0059580800    0.0009066400
   0.0000910700    0.0058480400    0.0008206000
  -0.0000910700    0.0058480400    0.0008206000
  -0.0000171200    0.0059580800    0.0009066400
  -0.0000000000    0.0059060400    0.0008803200
  -0.0000000000    0.0059443700    0.0009041100
  -0.0000000000   -0.0002727600    0.0079474600
  -0.0000000000   -0.0059147600   -0.0009022500
   0.0000105700   -0.0059283400   -0.0009050800
  -0.0000043100   -0.0059438000   -0.0009183400
   0.0000043100   -0.0059438000   -0.0009183400
  -0.0000105700   -0.0059283400   -0.0009050800
  -0.0000000000   -0.0059230300   -0.0008915200
  -0.0000000000   -0.0059283200   -0.0009039000
   0.0000223200   -0.0000109500    0.0000195400
   0.0000390500    0.0000011300    0.0000127200
   0.0000528300    0.0000118100   -0.0000008200
   0.0000558900   -0.0000004000   -0.0000069300
   0.0004798400   -0.0003071900   -0.0009951600
   0.0000633400    0.0000176700   -0.0000073600
   0.0000468500    0.0000016700   -0.0000006100
   0.0000495900    0.0000033200    0.0000119200
  -0.0000390500    0.0000011300    0.0000127200
  -0.0000223200   -0.0000109500    0.0000195400
  -0.0004798400   -0.0003071900   -0.0009951600
  -0.0000633400    0.0000176700   -0.0000073600
  -0.0000528300    0.0000118100   -0.0000008200
  -0.0000558900   -0.0000004000   -0.0000069300
  -0.0000495900    0.0000033200    0.0000119200
  -0.0000468500    0.0000016700   -0.0000006100
  -0.0008453900    0.0010111700   -0.0005511600
  -0.0008398400    0.0009683600   -0.0005944700
  -0.0011134500   -0.0002125100   -0.0008187700
  -0.0008522200    0.0010165200   -0.0005421600
  -0.0008534500    0.0009698500   -0.0004858100
  -0.0008703500    0.0011979900   -0.0010493400
  -0.0008436200    0.0012566800   -0.0005343800
  -0.0009296000    0.0009247500   -0.0006051500
  -0.0011385600   -0.0008539800    0.0016927200
  -0.0008494600   -0.0009792100    0.0005247000
  -0.0010500400   -0.0009446500    0.0006090000
  -0.0008590400   -0.0010371500    0.0005351200
  -0.0008646900   -0.0010118300    0.0005302200
  -0.0009113000   -0.0004123700    0.0005932000
  -0.0008300200   -0.0010068700    0.0005320800
  -0.0009982800   -0.0010403600    0.0005688800
   0.0007274800   -0.0007818300   -0.0001533600
   0.0004876700   -0.0000382100    0.0000151300
   0.0005783800   -0.0000246600   -0.0000167100
   0.0005320500   -0.0000031600   -0.0000086200
   0.0004153000   -0.0000663200   -0.0000247000
  -0.0001339600   -0.0000619700    0.0007118600
   0.0005004100   -0.0000315800   -0.0000577200
   0.0005338200   -0.0000806400   -0.0000442200
  -0.0084133100    0.0078030500   -0.0025903200
  -0.0013302400   -0.0005212600    0.0013626900
  -0.0015093600   -0.0005931000    0.0009579000
  -0.0012217800   -0.0006374600    0.0014006800
  -0.0012689600   -0.0005526000    0.0014439600
  -0.0013349300   -0.0006082600    0.0014302900
  -0.0013343000   -0.0005319700    0.0013576700
  -0.0012795000   -0.0005622900    0.0014401900
  -0.0012757400    0.0007085100   -0.0013925000
  -0.0013124700    0.0005060900   -0.0014113100
  -0.0019229100    0.0002614600   -0.0019408600
  -0.0014183300    0.0005550600   -0.0013544900
  -0.0013183900    0.0005137900   -0.0013665000
  -0.0013154800    0.0003957800   -0.0013607400
  -0.0013283400    0.0005155000   -0.0013443300
  -0.0011866100    0.0005054100   -0.0014233600
  -0.0007274800   -0.0007818300   -0.0001533600
  -0.0004876700   -0.0000382100    0.0000151300
   0.0001339600   -0.0000619700    0.0007118600
  -0.0004153000   -0.0000663200   -0.0000247000
  -0.0005320500   -0.0000031600   -0.0000086200
  -0.0005783800   -0.0000246600   -0.0000167100
  -0.0005004100   -0.0000315800   -0.0000577200
  -0.0005338200   -0.0000806400   -0.0000442200
   0.0012757400    0.0007085100   -0.0013925000
   0.0013124700    0.0005060900   -0.0014113100
   0.0013154800    0.0003957800   -0.0013607400
   0.0013183900    0.0005137900   -0.0013665000
   0.0014183300    0.0005550600   -0.0013544900
   0.0019229100    0.0002614600   -0.0019408600
   0.0013283400    0.0005155000   -0.0013443300
   0.0011866100    0.0005054100   -0.0014233600
   0.0008453900    0.0010111700   -0.0005511600
   0.0008398400    0.0009683600   -0.0005944700
   0.0008703500    0.0011979900   -0.0010493400
   0.0008534500    0.0009698500   -0.0004858100
   0.0008522200    0.0010165200   -0.0005421600
   0.0011134500   -0.0002125100   -0.0008187700
   0.0008436200    0.0012566800   -0.0005343800
   0.0009296000    0.0009247500   -0.0006051500
  -0.0000000000    0.0013778200   -0.0005179600
  -0.0000000000    0.0016623300   -0.0005012000
   0.0005543900    0.0019669800    0.0001825700
   0.0000341200    0.0016016100   -0.0005584600
  -0.0000341200    0.0016016100   -0.0005584600
  -0.0005543900    0.0019669800    0.0001825700
  -0.0000000000    0.0020011700   -0.0006238000
  -0.0000000000    0.0015477300   -0.0004594100
   0.0011385600   -0.0008539800    0.0016927200
   0.0008494600   -0.0009792100    0.0005247000
   0.0009113000   -0.0004123700    0.0005932000
   0.0008646900   -0.0010118300    0.0005302200
   0.0008590400   -0.0010371500    0.0005351200
   0.0010500400   -0.0009446500    0.0006090000
   0.0008300200   -0.0010068700    0.0005320800
   0.0009982800   -0.0010403600    0.0005688800
   0.0084133100    0.0078030500   -0.0025903200
   0.0013302400   -0.0005212600    0.0013626900
   0.0013349300   -0.0006082600    0.0014302900
   0.0012689600   -0.0005526000    0.0014439600
   0.0012217800   -0.0006374600    0.0014006800
   0.0015093600   -0.0005931000    0.0009579000
   0.0013343000   -0.0005319700    0.0013576700
   0.0012795000   -0.0005622900    0.0014401900
  -0.0000000000    0.0309991700    0.0187449400
  -0.0000000000   -0.0015462600    0.0006935100
   0.0004046300   -0.0016888500    0.0007174500
  -0.0000183400   -0.0015638600    0.0005191100
   0.0000183400   -0.0015638600    0.0005191100
  -0.0004046300   -0.0016888500    0.0007174500
  -0.0000000000   -0.0016065900    0.0005824800
  -0.0000000000   -0.0015542900    0.0003745100
  -0.0000011200    0.0000044700   -0.0000157100
   0.0004367300    0.0002694400   -0.0001598900
  -0.0000000000    0.0000259800   -0.0000293800
  -0.0000000000    0.0000267200    0.0000535700
  -0.0000000000    0.0000419900   -0.0001040700
  -0.0000000000   -0.0000428800   -0.0000062700
  -0.0004367300    0.0002694400   -0.0001598900
   0.0000011200    0.0000044700   -0.0000157100
  -0.0000000000   -0.0071374100    0.0041744600
  -0.0000000000   -0.0071959400    0.0042106700
   0.0002305000   -0.0071613000    0.0041583300
  -0.0000094300   -0.0071798800    0.0041984100
   0.0000094300   -0.0071798800    0.0041984100
  -0.0002305000   -0.0071613000    0.0041583300
  -0.0000000000   -0.0039444200    0.0039698100
  -0.0000000000   -0.0071865200    0.0042120700
  -0.0000000000   -0.0063827300   -0.0021590200
  -0.0000000000   -0.0068608100   -0.0033951200
  -0.0001743200   -0.0067599200   -0.0035002500
   0.0000021500   -0.0067650900   -0.0032286100
  -0.0000021500   -0.0067650900   -0.0032286100
   0.0001743200   -0.0067599200   -0.0035002500
  -0.0000000000   -0.0067842800   -0.0032551900
  -0.0000000000   -0.0067027500   -0.0032247400
  -0.0000000000   -0.0640626700   -0.0435252700
  -0.0000000000    0.0008244300    0.0015449500
   0.0000316500    0.0008812500    0.0016400200
   0.0000127100    0.0008396800    0.0015672700
  -0.0000127100    0.0008396800    0.0015672700
  -0.0000316500    0.0008812500    0.0016400200
  -0.0000000000    0.0008467400    0.0015574500
  -0.0000000000    0.0008039800    0.0015452900
  -0.0000000000    0.0012611700    0.0007523200
  -0.0000000000    0.0012015100    0.0006444100
   0.0001048600    0.0012411100    0.0007015100
   0.0000048300    0.0012638800    0.0006734000
  -0.0000048300    0.0012638800    0.0006734000
  -0.0001048600    0.0012411100    0.0007015100
  -0.0000000000    0.0012648200    0.0006976600
  -0.0000000000    0.0013633400    0.0006647500
  -0.0000000000   -0.0014344300    0.0026755500
  -0.0000000000    0.0000038200    0.0000435100
   0.0000284000    0.0000561200    0.0000995000
  -0.0000379000   -0.0000055800    0.0000010000
   0.0000379000   -0.0000055800    0.0000010000
  -0.0000284000    0.0000561200    0.0000995000
  -0.0000000000   -0.0000016500    0.0000035500
  -0.0000000000   -0.0000753800    0.0000100800
  -0.0000000000   -0.0003172600   -0.0010167000
  -0.0000000000   -0.0012190100   -0.0006701700
  -0.0000055500   -0.0012505600   -0.0005408100
  -0.0000507500   -0.0012784400   -0.0006679500
   0.0000507500   -0.0012784400   -0.0006679500
   0.0000055500   -0.0012505600   -0.0005408100
  -0.0000000000   -0.0012353900   -0.0006836900
  -0.0000000000   -0.0012224700   -0.0006218600
  -0.0000000000   -0.0008366000   -0.0016579200
  -0.0000000000   -0.0008454700   -0.0015171500
  -0.0000703900   -0.0008066500   -0.0015235200
   0.0000114600   -0.0008250200   -0.0015428700
  -0.0000114600   -0.0008250200   -0.0015428700
   0.0000703900   -0.0008066500   -0.0015235200
  -0.0000000000   -0.0011061700   -0.0016344000
  -0.0000000000   -0.0008147200   -0.0014799200
  -0.0000000000    0.0067581500    0.0032065000
  -0.0000000000    0.0067625400    0.0032770800
  -0.0006870600    0.0063420900    0.0025409900
  -0.0000021000    0.0067461900    0.0032459200
   0.0000021000    0.0067461900    0.0032459200
   0.0006870600    0.0063420900    0.0025409900
  -0.0000000000    0.0067283500    0.0032599900
  -0.0000000000    0.0068068600    0.0032319200
  -0.0000000000    0.0084639200    0.0091243400
  -0.0000000000    0.0072040400   -0.0042593100
  -0.0001298500    0.0070005500   -0.0042770600
   0.0000144900    0.0071977300   -0.0042347700
  -0.0000144900    0.0071977300   -0.0042347700
   0.0001298500    0.0070005500   -0.0042770600
   0.0000000000    0.0072236000   -0.0042581000
   0.0000000000    0.0071877300   -0.0041310700
   0.0000285400   -0.0000043700    0.0000094900
   0.0000303100    0.0000190300   -0.0000196700
  -0.0000166100   -0.0000095400    0.0000082700
  -0.0001032900   -0.0000829100    0.0000281500
  -0.0026819700    0.0024197000    0.0011075400
  -0.0000000400   -0.0000130700    0.0000191100
  -0.0000436600   -0.0000168100   -0.0001249300
   0.0000489400   -0.0000056900   -0.0000164900
   0.0017667000   -0.0068732500   -0.0007585400
   0.0019187900   -0.0066193300   -0.0007897200
   0.0019360600   -0.0066255100   -0.0008418500
   0.0019236800   -0.0066001900   -0.0007926300
   0.0018287800   -0.0067054700   -0.0008060000
   0.0016522900   -0.0065133700   -0.0006038900
   0.0019418200   -0.0066820800   -0.0007870000
   0.0019517600   -0.0066350700   -0.0008305500
  -0.0022704000   -0.0054437600    0.0005708600
  -0.0024810400   -0.0054587400    0.0003629900
  -0.0025761500   -0.0054542700    0.0001953300
  -0.0025108000   -0.0055919000    0.0004394400
  -0.0024496100   -0.0054779100    0.0003442800
  -0.0025035500   -0.0054738200    0.0003613800
  -0.0024518400   -0.0054442300    0.0003773600
  -0.0024411900   -0.0054263200    0.0004285100
  -0.0029314200    0.0056910600    0.0002676300
  -0.0024345900    0.0054851600   -0.0003575400
  -0.0013923300    0.0055781900    0.0004519700
  -0.0024229100    0.0054656500   -0.0003524400
  -0.0024299800    0.0054929300   -0.0003600900
  -0.0025162800    0.0054971700   -0.0003294800
  -0.0024404200    0.0054819400   -0.0003618600
  -0.0024941200    0.0055046800   -0.0003772300
  -0.0026057000    0.0089394900    0.0036917400
   0.0019367000    0.0066310800    0.0008135500
   0.0018919100    0.0066344900    0.0008404200
   0.0019292800    0.0066225800    0.0007998400
   0.0018971800    0.0066149800    0.0007752400
   0.0019889900    0.0066213100    0.0007432000
   0.0019480100    0.0066317000    0.0008133900
   0.0019578200    0.0065746500    0.0008575700
   0.0026819700    0.0024197000    0.0011075400
   0.0000000400   -0.0000130700    0.0000191100
  -0.0000303100    0.0000190300   -0.0000196700
  -0.0000285400   -0.0000043700    0.0000094900
  -0.0000489400   -0.0000056900   -0.0000164900
   0.0000436600   -0.0000168100   -0.0001249300
   0.0000166100   -0.0000095400    0.0000082700
   0.0001032900   -0.0000829100    0.0000281500
  -0.0017667000   -0.0068732500   -0.0007585400
  -0.0019187900   -0.0066193300   -0.0007897200
  -0.0016522900   -0.0065133700   -0.0006038900
  -0.0018287800   -0.0067054700   -0.0008060000
  -0.0019236800   -0.0066001900   -0.0007926300
  -0.0019360600   -0.0066255100   -0.0008418500
  -0.0019418200   -0.0066820800   -0.0007870000
  -0.0019517600   -0.0066350700   -0.0008305500
   0.0022704000   -0.0054437600    0.0005708600
   0.0024810400   -0.0054587400    0.0003629900
   0.0025035500   -0.0054738200    0.0003613800
   0.0024496100   -0.0054779100    0.0003442800
   0.0025108000   -0.0055919000    0.0004394400
   0.0025761500   -0.0054542700    0.0001953300
   0.0024518400   -0.0054442300    0.0003773600
   0.0024411900   -0.0054263200    0.0004285100
   0.0029314200    0.0056910600    0.0002676300
   0.0024345900    0.0054851600   -0.0003575400
   0.0025162800    0.0054971700   -0.0003294800
   0.0024299800    0.0054929300   -0.0003600900
   0.0024229100    0.0054656500   -0.0003524400
   0.0013923300    0.0055781900    0.0004519700
   0.0024404200    0.0054819400   -0.0003618600
   0.0024941200    0.0055046800   -0.0003772300
   0.0026057000    0.0089394900    0.0036917400
  -0.0019367000    0.0066310800    0.0008135500
  -0.0019889900    0.0066213100    0.0007432000
  -0.0018971800    0.0066149800    0.0007752400
  -0.0019292800    0.0066225800    0.0007998400
  -0.0018919100    0.0066344900    0.0008404200
  -0.0019480100    0.0066317000    0.0008133900
  -0.0019578200    0.0065746500    0.0008575700

153  
  0.0000000000000000  -0.0066574658364036  -0.0074617791871054
  -0.0000000000    0.0059754400    0.0008359200
  -0.0000000000    0.0059235500    0.0008759900
  -0.0000184300    0.0059071700    0.0008886500
  -0.0000725100    0.0060101000    0.0010083800
   0.0000725100    0.0060101000    0.0010083800
   0.0000184300    0.0059071700    0.0008886500
  -0.0000000000    0.0059557500    0.0009229000
   0.0000000000    0.0059258300    0.0009228800
   0.0000000000   -0.0114322400   -0.0094823400
   0.0000000000   -0.0059435200   -0.0009269400
  -0.0000104700   -0.0059307600   -0.0009160100
   0.0000030100   -0.0059062500   -0.0008668700
  -0.0000030100   -0.0059062500   -0.0008668700
   0.0000104700   -0.0059307600   -0.0009160100
   0.0000000000   -0.0059346000   -0.0009286400
   0.0000000000   -0.0059411500   -0.0008866900
   0.0000796400    0.0000182000   -0.0000454300
   0.0000742200    0.0000007900    0.0000109000
   0.0000479300   -0.0000066900    0.0000328700
   0.0000555500    0.0000003300   -0.0000246600
  -0.0004031900    0.0002946800    0.0009836200
   0.0000370200   -0.0000132400    0.0000387600
   0.0000477700   -0.0000027400    0.0000377900
   0.0000553300   -0.0000006000   -0.0000387700
  -0.0000742200    0.0000007900    0.0000109000
  -0.0000796400    0.0000182000   -0.0000454300
   0.0004031900    0.0002946800    0.0009836200
  -0.0000370200   -0.0000132400    0.0000387600
  -0.0000479300   -0.0000066900    0.0000328700
  -0.0000555500    0.0000003300   -0.0000246600
  -0.0000553300   -0.0000006000   -0.0000387700
  -0.0000477700   -0.0000027400    0.0000377900
  -0.0009313900    0.0009740000   -0.0005693500
  -0.0009368000    0.0010207100   -0.0005161800
  -0.0007522700    0.0021827200   -0.0003366300
  -0.0009198500    0.0009688200   -0.0005727600
  -0.0008974900    0.0010144100   -0.0006264100
  -0.0009529100    0.0007855100   -0.0000782600
  -0.0009214000    0.0007240100   -0.0005846000
  -0.0008219900    0.0010599500   -0.0005027400
  -0.0006276700   -0.0011059100   -0.0005967800
  -0.0009233400   -0.0010009900    0.0006119900
  -0.0007383200   -0.0010316200    0.0005320800
  -0.0009320200   -0.0009431200    0.0005925000
  -0.0009005300   -0.0009650400    0.0005907700
  -0.0009442300   -0.0015580100    0.0005708500
  -0.0009412000   -0.0009708000    0.0005889300
  -0.0007330600   -0.0009390700    0.0005375400
   0.0003136500    0.0007522000    0.0000925500
   0.0006092600    0.0000426900    0.0000196700
   0.0004920700    0.0000272800    0.0000132100
   0.0005804000    0.0000071800    0.0000086500
   0.0006565500    0.0000644900    0.0000356600
   0.0012350800    0.0000617000   -0.0006777700
   0.0005915100    0.0000318300    0.0000264300
   0.0005220700    0.0000819000    0.0000570600
   0.0058729500   -0.0089157000    0.0055135600
  -0.0012945400   -0.0005240400    0.0014840600
  -0.0010933700   -0.0004576700    0.0019028100
  -0.0014486500   -0.0004108500    0.0014010200
  -0.0013168800   -0.0004935400    0.0014298900
  -0.0013328700   -0.0004397300    0.0013561600
  -0.0013219100   -0.0005149000    0.0014873100
  -0.0013121400   -0.0004870600    0.0014133600
  -0.0012966600    0.0003439700   -0.0014027600
  -0.0013320500    0.0005498700   -0.0014406400
  -0.0006762000    0.0007870600   -0.0009201600
  -0.0012446000    0.0004966600   -0.0014411600
  -0.0012717900    0.0005390100   -0.0015012300
  -0.0013968400    0.0006556400   -0.0014266200
  -0.0012765200    0.0005307000   -0.0015054900
  -0.0014217200    0.0005440400   -0.0014026100
  -0.0003136500    0.0007522000    0.0000925500
  -0.0006092600    0.0000426900    0.0000196700
  -0.0012350800    0.0000617000   -0.0006777700
  -0.0006565500    0.0000644900    0.0000356600
  -0.0005804000    0.0000071800    0.0000086500
  -0.0004920700    0.0000272800    0.0000132100
  -0.0005915100    0.0000318300    0.0000264300
  -0.0005220700    0.0000819000    0.0000570600
   0.0012966600    0.0003439700   -0.0014027600
   0.0013320500    0.0005498700   -0.0014406400
   0.0013968400    0.0006556400   -0.0014266200
   0.0012717900    0.0005390100   -0.0015012300
   0.0012446000    0.0004966600   -0.0014411600
   0.0006762000    0.0007870600   -0.0009201600
   0.0012765200    0.0005307000   -0.0015054900
   0.0014217200    0.0005440400   -0.0014026100
   0.0009313900    0.0009740000   -0.0005693500
   0.0009368000    0.0010207100   -0.0005161800
   0.0009529100    0.0007855100   -0.0000782600
   0.0008974900    0.0010144100   -0.0006264100
   0.0009198500    0.0009688200   -0.0005727600
   0.0007522700    0.0021827200   -0.0003366300
   0.0009214000    0.0007240100   -0.0005846000
   0.0008219900    0.0010599500   -0.0005027400
   0.0000000000    0.0018124900   -0.0004151800
   0.0000000000    0.0015338200   -0.0004520100
  -0.0005596600    0.0012212100   -0.0011320200
  -0.0000384200    0.0015872200   -0.0004243700
   0.0000384200    0.0015872200   -0.0004243700
   0.0005596600    0.0012212100   -0.0011320200
   0.0000000000    0.0011832200   -0.0003610800
   0.0000000000    0.0016391500   -0.0005235100
   0.0006276700   -0.0011059100   -0.0005967800
   0.0009233400   -0.0010009900    0.0006119900
   0.0009442300   -0.0015580100    0.0005708500
   0.0009005300   -0.0009650400    0.0005907700
   0.0009320200   -0.0009431200    0.0005925000
   0.0007383200   -0.0010316200    0.0005320800
   0.0009412000   -0.0009708000    0.0005889300
   0.0007330600   -0.0009390700    0.0005375400
  -0.0058729500   -0.0089157000    0.0055135600
   0.0012945400   -0.0005240400    0.0014840600
   0.0013328700   -0.0004397300    0.0013561600
   0.0013168800   -0.0004935400    0.0014298900
   0.0014486500   -0.0004108500    0.0014010200
   0.0010933700   -0.0004576700    0.0019028100
   0.0013219100   -0.0005149000    0.0014873100
   0.0013121400   -0.0004870600    0.0014133600
  -0.0000000000   -0.0354668200   -0.0186330900
   0.0000000000   -0.0016347300    0.0003073300
  -0.0003966900   -0.0014958200    0.0002242900
   0.0000139200   -0.0016195700    0.0004485300
  -0.0000139200   -0.0016195700    0.0004485300
   0.0003966900   -0.0014958200    0.0002242900
   0.0000000000   -0.0015761900    0.0003975600
   0.0000000000   -0.0016310900    0.0006670200
  -0.0000000600   -0.0000016100    0.0000255400
  -0.0004711600   -0.0002635200    0.0001602000
   0.0000000000   -0.0000229400    0.0000210900
   0.0000000000   -0.0000238100   -0.0000828600
   0.0000000000   -0.0000464700    0.0001475900
   0.0000000000    0.0000442100    0.0000216500
   0.0004711600   -0.0002635200    0.0001602000
   0.0000000600   -0.0000016100    0.0000255400
   0.0000000000   -0.0072353700    0.0042757700
   0.0000000000   -0.0071664600    0.0042608800
  -0.0002336300   -0.0071699700    0.0043072400
   0.0000096100   -0.0071953900    0.0042587400
  -0.0000096100   -0.0071953900    0.0042587400
   0.0002336300   -0.0071699700    0.0043072400
  -0.0000000000   -0.0104349100    0.0044852100
   0.0000000000   -0.0072016100    0.0042320800
   0.0000000000   -0.0071208200   -0.0043560100
  -0.0000000000   -0.0066801000   -0.0031359700
   0.0001787600   -0.0067264700   -0.0030232700
  -0.0000001400   -0.0067570400   -0.0032953900
   0.0000001400   -0.0067570400   -0.0032953900
  -0.0001787600   -0.0067264700   -0.0030232700
   0.0000000000   -0.0067367500   -0.0032732700
   0.0000000000   -0.0068849200   -0.0032928200
   0.0000000000    0.0662074100    0.0465972300
   0.0000000000    0.0008626700    0.0015507500
  -0.0000180500    0.0007893800    0.0014375600
  -0.0000188600    0.0008170200    0.0015338900
   0.0000188600    0.0008170200    0.0015338900
   0.0000180500    0.0007893800    0.0014375600
   0.0000000000    0.0007904400    0.0015537300
   0.0000000000    0.0009007100    0.0015499400
   0.0000000000    0.0013586400    0.0006113400
   0.0000000000    0.0013160100    0.0006515400
  -0.0000915800    0.0012836500    0.0006208400
  -0.0000095300    0.0012673500    0.0006422500
   0.0000095300    0.0012673500    0.0006422500
   0.0000915800    0.0012836500    0.0006208400
   0.0000000000    0.0013121600    0.0006154500
   0.0000000000    0.0011741400    0.0006636100
   0.0000000000    0.0014706600   -0.0027797600
   0.0000000000   -0.0000014100    0.0000017100
   0.0000438400   -0.0000535500   -0.0000768800
  -0.0000370600    0.0000083200   -0.0000038800
   0.0000370600    0.0000083200   -0.0000038800
  -0.0000438400   -0.0000535500   -0.0000768800
   0.0000000000    0.0000048200   -0.0000541300
   0.0000000000    0.0000770000    0.0000057500
   0.0000000000   -0.0022452500   -0.0003064600
   0.0000000000   -0.0013310400   -0.0006443000
   0.0000183100   -0.0012816200   -0.0007891300
   0.0000453000   -0.0012416100   -0.0006398700
  -0.0000453000   -0.0012416100   -0.0006398700
  -0.0000183100   -0.0012816200   -0.0007891300
   0.0000000000   -0.0012644700   -0.0006128100
   0.0000000000   -0.0013471000   -0.0006916400
   0.0000000000   -0.0009115600   -0.0013874100
   0.0000000000   -0.0007987700   -0.0015944400
   0.0000798100   -0.0008433100   -0.0015641200
  -0.0000161000   -0.0008309200   -0.0015498700
   0.0000161000   -0.0008309200   -0.0015498700
  -0.0000798100   -0.0008433100   -0.0015641200
   0.0000000000   -0.0005957600   -0.0014635400
   0.0000000000   -0.0008490400   -0.0016015600
   0.0000000000    0.0067755000    0.0033144200
   0.0000000000    0.0067584500    0.0032670200
   0.0006827800    0.0071586700    0.0039965200
   0.0000013900    0.0067910000    0.0032835000
  -0.0000013900    0.0067910000    0.0032835000
  -0.0006827800    0.0071586700    0.0039965200
   0.0000000000    0.0068413500    0.0032762800
   0.0000000000    0.0067423300    0.0032831400
  -0.0000000000    0.0059271700   -0.0179182700
  -0.0000000000    0.0071852800   -0.0041960400
   0.0001345400    0.0073342200   -0.0041755100
  -0.0000115000    0.0071750200   -0.0042185000
   0.0000115000    0.0071750200   -0.0042185000
  -0.0001345400    0.0073342200   -0.0041755100
   0.0000000000    0.0071448500   -0.0041983500
   0.0000000000    0.0072514700   -0.0043173400
  -0.0000357800    0.0000067700    0.0000019900
  -0.0000586900   -0.0000146000    0.0000322200
   0.0000125100    0.0000126900   -0.0000027900
   0.0001507100    0.0000856500    0.0000156800
   0.0027502600   -0.0024543500   -0.0011332700
   0.0000076600    0.0000150000   -0.0000256900
   0.0000235000    0.0000192800    0.0001054600
  -0.0000824500    0.0000088100    0.0000199700
   0.0020424200   -0.0064427200   -0.0008327400
   0.0019382300   -0.0066267500   -0.0008080000
   0.0019182900   -0.0066868300   -0.0007520700
   0.0019286900   -0.0066236500   -0.0008200800
   0.0020106300   -0.0065866300   -0.0007721800
   0.0021911500   -0.0067020800   -0.0010046500
   0.0018968200   -0.0065888900   -0.0008135100
   0.0018810300   -0.0066140600   -0.0007593700
  -0.0026205600   -0.0054920900    0.0001232700
  -0.0024010500   -0.0054832400    0.0003597200
  -0.0023171800   -0.0054688700    0.0005407300
  -0.0023789500   -0.0053786200    0.0002695900
  -0.0024389700   -0.0054075500    0.0003912200
  -0.0023683900   -0.0055025400    0.0003496300
  -0.0024442500   -0.0054753400    0.0003377200
  -0.0024217600   -0.0054971800    0.0002839600
  -0.0019209400    0.0053136400   -0.0009860100
  -0.0024601500    0.0054387500   -0.0003562300
  -0.0035020100    0.0053178300   -0.0011828600
  -0.0024580400    0.0055056600   -0.0003428700
  -0.0024591700    0.0054057400   -0.0003700300
  -0.0023747800    0.0054943600   -0.0003808400
  -0.0024349300    0.0054679900   -0.0003561500
  -0.0023740700    0.0054217300   -0.0003283100
   0.0064519000    0.0043539400   -0.0021052900
   0.0019079000    0.0066460000    0.0007927500
   0.0019414000    0.0066760000    0.0007532700
   0.0019222000    0.0065956400    0.0008204400
   0.0019510800    0.0066896800    0.0008144700
   0.0018687500    0.0066355500    0.0008780400
   0.0019099600    0.0066211700    0.0007855500
   0.0018661900    0.0066843700    0.0007381600
  -0.0027502600   -0.0024543500   -0.0011332700
  -0.0000076600    0.0000150000   -0.0000256900
   0.0000586900   -0.0000146000    0.0000322200
   0.0000357800    0.0000067700    0.0000019900
   0.0000824500    0.0000088100    0.0000199700
  -0.0000235000    0.0000192800    0.0001054600
  -0.0000125100    0.0000126900   -0.0000027900
  -0.0001507100    0.0000856500    0.0000156800
  -0.0020424200   -0.0064427200   -0.0008327400
  -0.0019382300   -0.0066267500   -0.0008080000
  -0.0021911500   -0.0067020800   -0.0010046500
  -0.0020106300   -0.0065866300   -0.0007721800
  -0.0019286900   -0.0066236500   -0.0008200800
  -0.0019182900   -0.0066868300   -0.0007520700
  -0.0018968200   -0.0065888900   -0.0008135100
  -0.0018810300   -0.0066140600   -0.0007593700
   0.0026205600   -0.0054920900    0.0001232700
   0.0024010500   -0.0054832400    0.0003597200
   0.0023683900   -0.0055025400    0.0003496300
   0.0024389700   -0.0054075500    0.0003912200
   0.0023789500   -0.0053786200    0.0002695900
   0.0023171800   -0.0054688700    0.0005407300
   0.0024442500   -0.0054753400    0.0003377200
   0.0024217600   -0.0054971800    0.0002839600
   0.0019209400    0.0053136400   -0.0009860100
   0.0024601500    0.0054387500   -0.0003562300
   0.0023747800    0.0054943600   -0.0003808400
   0.0024591700    0.0054057400   -0.0003700300
   0.0024580400    0.0055056600   -0.0003428700
   0.0035020100    0.0053178300   -0.0011828600
   0.0024349300    0.0054679900   -0.0003561500
   0.0023740700    0.0054217300   -0.0003283100
  -0.0064519000    0.0043539400   -0.0021052900
  -0.0019079000    0.0066460000    0.0007927500
  -0.0018687500    0.0066355500    0.0008780400
  -0.0019510800    0.0066896800    0.0008144700
  -0.0019222000    0.0065956400    0.0008204400
  -0.0019414000    0.0066760000    0.0007532700
  -0.0019099600    0.0066211700    0.0007855500
  -0.0018661900    0.0066843700    0.0007381600

169  
  0.0025492580064134   0.0039394363668069   0.0088307488203785
  -0.0005446800    0.0069407900    0.0004915400
  -0.0004239300    0.0059328200    0.0008890700
  -0.0004144700    0.0059206600    0.0008972200
  -0.0003865700    0.0058973200    0.0008403600
  -0.0003904800    0.0059579400    0.0008410200
  -0.0004456000    0.0059209700    0.0008845700
  -0.0004240900    0.0059197000    0.0008897400
  -0.0004211400    0.0059231600    0.0008682000
   0.0003043600   -0.0049049600   -0.0013140000
   0.0004257000   -0.0059279700   -0.0009080600
   0.0004344400   -0.0059415300   -0.0009005900
   0.0004657200   -0.0059665100   -0.0009552400
   0.0004599900   -0.0059048700   -0.0009567700
   0.0004030900   -0.0059413900   -0.0009124900
   0.0004246500   -0.0059429400   -0.0009095900
   0.0004261900   -0.0059387800   -0.0009273900
   0.0001269300    0.0003785600   -0.0002093100
  -0.0000376800    0.0003503900   -0.0002578800
   0.0001304500    0.0001836800   -0.0002051500
   0.0000459100    0.0002731600   -0.0003105800
  -0.0000370600    0.0002120200   -0.0002526600
   0.0000551200    0.0002805200   -0.0003100000
   0.0000460900    0.0002816900   -0.0003115000
   0.0000555700    0.0002758100   -0.0003091700
   0.0000264000   -0.0001912500    0.0004066500
  -0.0001377100   -0.0002181100    0.0003607900
   0.0000280700   -0.0003845700    0.0004122300
  -0.0000560600   -0.0002962300    0.0003055700
  -0.0001409500   -0.0003577600    0.0003637800
  -0.0000474700   -0.0002894200    0.0003077300
  -0.0000563200   -0.0002871500    0.0003064300
  -0.0000473100   -0.0002944400    0.0003075600
  -0.0013327300    0.0023105100    0.0010193000
  -0.0006962000    0.0021989700    0.0005392300
  -0.0006464400    0.0022481700    0.0010193700
  -0.0006657700    0.0022526200    0.0005362900
  -0.0006667300    0.0022286700    0.0005377100
  -0.0007738800    0.0023205500    0.0003599800
  -0.0006924200    0.0022709400    0.0005383100
  -0.0007400600    0.0022469400    0.0005498500
  -0.0006676800    0.0003312300    0.0020836000
  -0.0010862800    0.0002016900    0.0016473900
  -0.0009955200    0.0003424500    0.0019692700
  -0.0010810400    0.0002411100    0.0016841500
  -0.0010826900    0.0002796100    0.0016819500
  -0.0008406900    0.0002717700    0.0022290500
  -0.0010846200    0.0003062700    0.0016430800
  -0.0010574100    0.0002666200    0.0016907900
   0.0102885700   -0.0014339900   -0.0027907900
   0.0005088100   -0.0015799900   -0.0014065100
   0.0011447600   -0.0015827100   -0.0011919500
   0.0005708900   -0.0016017100   -0.0013817000
   0.0005717400   -0.0016162300   -0.0013807700
   0.0002446000   -0.0015829700   -0.0012673000
   0.0005085700   -0.0015956100   -0.0013952300
   0.0005743600   -0.0016939200   -0.0016449500
  -0.0147911500   -0.0006618700    0.0208397300
  -0.0017936500   -0.0008581400    0.0007181500
  -0.0019258900   -0.0008322900    0.0014725000
  -0.0018659500   -0.0008024700    0.0007816000
  -0.0018333700   -0.0008777900    0.0008123100
  -0.0019443500   -0.0009573000    0.0007572500
  -0.0018000000   -0.0008448700    0.0007275200
  -0.0018353300   -0.0008448100    0.0007591400
   0.0169788100    0.0003171300    0.0276203900
  -0.0008317200    0.0002034900   -0.0021203400
  -0.0007750100    0.0000913400   -0.0020056700
  -0.0007936300    0.0001898000   -0.0020523700
  -0.0007622000    0.0002245800   -0.0020793900
  -0.0007195400    0.0002147000   -0.0014588200
  -0.0008180300    0.0001888300   -0.0021134000
  -0.0005036000    0.0002023900   -0.0017794500
   0.0092595100    0.0017300300   -0.0001211000
  -0.0005758300    0.0016091500    0.0013372900
   0.0000488300    0.0016057000    0.0015513100
  -0.0005145700    0.0015879300    0.0013623300
  -0.0005138600    0.0015719900    0.0013550200
  -0.0008470000    0.0016061200    0.0014745800
  -0.0005747000    0.0015930000    0.0013415500
  -0.0005102000    0.0014954300    0.0011007400
  -0.0115807500    0.0009849400    0.0198470000
   0.0018917400    0.0008467400   -0.0008071500
   0.0017539200    0.0008718600   -0.0000619000
   0.0018164500    0.0009020600   -0.0007416700
   0.0018443700    0.0008273800   -0.0007140600
   0.0017318100    0.0007488800   -0.0007740900
   0.0018796700    0.0008605200   -0.0007995800
   0.0018457600    0.0008601100   -0.0007648900
   0.0015314800   -0.0001823000   -0.0012298900
   0.0011105500   -0.0003104800   -0.0016746000
   0.0012056700   -0.0001723000   -0.0013450900
   0.0011133200   -0.0002722900   -0.0016351200
   0.0011064100   -0.0002333600   -0.0016328000
   0.0013317300   -0.0002433300   -0.0010749200
   0.0011056600   -0.0002063400   -0.0016751400
   0.0011258000   -0.0002463300   -0.0016147900
  -0.0011705700    0.0016475200   -0.0002333300
  -0.0013711100    0.0015821400   -0.0004318400
  -0.0006733200    0.0016750400   -0.0009479100
  -0.0013753100    0.0015933700   -0.0004867300
  -0.0013963600    0.0016095900   -0.0004892900
  -0.0018170800    0.0016754000   -0.0008996500
  -0.0013708800    0.0016163400   -0.0004726100
  -0.0013359400    0.0015934600   -0.0006225000
  -0.0000063200   -0.0021616500   -0.0000715700
   0.0006246600   -0.0022751300   -0.0005366800
   0.0006766800   -0.0022197200   -0.0000623300
   0.0006510100   -0.0022208800   -0.0005417300
   0.0006524300   -0.0022454300   -0.0005416700
   0.0005480200   -0.0021502900   -0.0007334500
   0.0006286100   -0.0022035900   -0.0005400000
   0.0005760000   -0.0022265000   -0.0005405800
   0.0177848100    0.0000090900    0.0305404500
   0.0007627500   -0.0001863400    0.0020197600
   0.0008116400   -0.0003003400    0.0021425600
   0.0007976500   -0.0002004300    0.0020861600
   0.0008298400   -0.0001648400    0.0020558400
   0.0008696500   -0.0001749900    0.0026788100
   0.0007761100   -0.0002016200    0.0020238400
   0.0010786800   -0.0001870800    0.0023551800
   0.0015750300   -0.0015432300    0.0007311300
   0.0013705200   -0.0016003700    0.0005715900
   0.0020745500   -0.0015102500    0.0000568000
   0.0013668500   -0.0015888100    0.0005105100
   0.0013469800   -0.0015725000    0.0005078400
   0.0009335500   -0.0015104100    0.0001095800
   0.0013720300   -0.0015658200    0.0005323500
   0.0014072900   -0.0015896900    0.0003655300
   0.0000018500    0.0000016800   -0.0000324900
   0.0002026800   -0.0001743200   -0.0000675300
  -0.0000276800   -0.0000626400   -0.0000313200
  -0.0000571800    0.0000352100   -0.0006079100
  -0.0000621100    0.0000340200   -0.0006038800
  -0.0000313400   -0.0000623200   -0.0000321600
   0.0001896300   -0.0001756900   -0.0000670800
  -0.0000028500    0.0000018400   -0.0000343800
  -0.0008012200   -0.0072661800    0.0037631300
  -0.0007805000   -0.0071912700    0.0041975400
  -0.0011915800   -0.0069563200    0.0039484400
  -0.0007708400   -0.0071987200    0.0042115900
  -0.0007955600   -0.0071989900    0.0042229500
  -0.0006118400   -0.0070700200    0.0040731200
  -0.0007954900   -0.0072020000    0.0042479400
  -0.0007714100   -0.0071640000    0.0042809000
  -0.0003691400   -0.0065299400   -0.0038706700
  -0.0003674200   -0.0068067100   -0.0032565800
  -0.0006218100   -0.0068370000   -0.0034476600
  -0.0003656100   -0.0067875800   -0.0032538600
  -0.0003434600   -0.0067816900   -0.0032689600
  -0.0003244900   -0.0067233400   -0.0033209900
  -0.0003492900   -0.0067770200   -0.0032760100
  -0.0003387900   -0.0067766000   -0.0032143300
  -0.0004044500    0.0000466000    0.0046708000
  -0.0002463700    0.0008432700    0.0015911500
  -0.0004141200    0.0008274000    0.0017085400
  -0.0002699800    0.0008132400    0.0015378300
  -0.0002395900    0.0008343300    0.0015459100
  -0.0001337700    0.0008411700    0.0016758100
  -0.0002593500    0.0008090000    0.0015708200
  -0.0003073100    0.0008890100    0.0014671500
   0.0004096100    0.0036499600    0.0067577100
   0.0005483200    0.0012858800    0.0006895500
   0.0004661800    0.0012539400    0.0007444300
   0.0005642300    0.0012590300    0.0006600300
   0.0005430100    0.0012839800    0.0006543500
   0.0006087900    0.0012480300    0.0007109700
   0.0005617200    0.0012582800    0.0006994000
   0.0005038500    0.0011860500    0.0006181600
  -0.0354618500   -0.0122075200   -0.1211469000
   0.0000093100    0.0000172100    0.0000966700
  -0.0001028000   -0.0000208100   -0.0001511700
  -0.0000341600   -0.0000265500   -0.0000556900
   0.0000032200   -0.0000079000   -0.0000611600
   0.0000560100   -0.0000208500   -0.0001159300
   0.0000113700   -0.0000181600    0.0000777100
  -0.0000583600   -0.0000119300   -0.0000421300
  -0.0006969500    0.0010665000    0.0053547500
  -0.0005543100   -0.0012464600   -0.0006309000
  -0.0006403400   -0.0012789000   -0.0005690300
  -0.0005386300   -0.0012775500   -0.0006613100
  -0.0005567800   -0.0012592200   -0.0006674000
  -0.0004930900   -0.0012926000   -0.0006017700
  -0.0005373200   -0.0012833400   -0.0006223000
  -0.0006000600   -0.0013646500   -0.0006927100
   0.0001176000   -0.0016352100    0.0015796700
   0.0002702000   -0.0008230100   -0.0014995200
   0.0001065200   -0.0008377400   -0.0013913600
   0.0002471900   -0.0008569200   -0.0015515900
   0.0002742000   -0.0008415200   -0.0015429700
   0.0003828800   -0.0008318800   -0.0014244900
   0.0002538100   -0.0008646700   -0.0015187200
   0.0002109100   -0.0007949900   -0.0016326500
   0.0003346100    0.0070204800    0.0026438000
   0.0003407800    0.0067431300    0.0032610400
   0.0000843300    0.0067124100    0.0030727000
   0.0003438000    0.0067624100    0.0032634800
   0.0003641700    0.0067700600    0.0032504900
   0.0003850400    0.0068268500    0.0031958700
   0.0003575500    0.0067755700    0.0032435500
   0.0003659200    0.0067769500    0.0033163800
   0.0007669600    0.0071234000   -0.0046816100
   0.0007858000    0.0072021900   -0.0042462700
   0.0003766700    0.0074392600   -0.0045041000
   0.0007941900    0.0071942400   -0.0042302800
   0.0007710700    0.0071953500   -0.0042214300
   0.0009496700    0.0073244000   -0.0043786100
   0.0007718200    0.0071934000   -0.0041971400
   0.0007983600    0.0072322300   -0.0041747200
  -0.0000031000    0.0000036900   -0.0000072200
  -0.0002806900   -0.0001910000    0.0003796200
  -0.0000252600   -0.0000240600   -0.0000185800
  -0.0002981800    0.0000320400   -0.0003638200
  -0.0002866000   -0.0001877100    0.0003795000
  -0.0000046800    0.0000040900   -0.0000053400
  -0.0003052900    0.0000329700   -0.0003537000
  -0.0000266600   -0.0000239500   -0.0000158700
   0.0019167000   -0.0061021200   -0.0011128900
   0.0018389600   -0.0064988000   -0.0005394100
   0.0018066200   -0.0064797100   -0.0006947300
   0.0018557400   -0.0065069900   -0.0005362200
   0.0018768700   -0.0065260600   -0.0005670500
   0.0016853800   -0.0065248900   -0.0005712700
   0.0018740300   -0.0065186500   -0.0005301300
   0.0018634500   -0.0064826100   -0.0005197700
  -0.0052300500   -0.0042994300    0.0021018900
  -0.0026941200   -0.0054875200    0.0012062500
  -0.0027984200   -0.0055448600    0.0010777900
  -0.0026714200   -0.0055015300    0.0011930500
  -0.0027288000   -0.0054849500    0.0012103100
  -0.0027771400   -0.0054818400    0.0012042300
  -0.0027189000   -0.0055011200    0.0012021100
  -0.0026678600   -0.0055398600    0.0011228300
   0.0022909100    0.0074437600    0.0026577000
  -0.0021874800    0.0054579100    0.0004954500
  -0.0020620200    0.0054475100    0.0004696500
  -0.0021568600    0.0054522300    0.0004813000
  -0.0022214100    0.0054451800    0.0004544100
  -0.0021307800    0.0053665100    0.0003852800
  -0.0021687600    0.0054520800    0.0004926700
  -0.0021953600    0.0054177000    0.0004997300
   0.0038989100    0.0063829800    0.0017706600
   0.0020088100    0.0067794200    0.0010737000
   0.0022152700    0.0067582500    0.0010166000
   0.0019674100    0.0067641600    0.0010245500
   0.0019958000    0.0067858000    0.0010609000
   0.0019967100    0.0068223700    0.0009403200
   0.0019849600    0.0067771600    0.0010821100
   0.0020095700    0.0068077300    0.0011738200
   0.0003427500   -0.0001860300    0.0005824200
   0.0000116800   -0.0000044600    0.0000048500
   0.0003397300   -0.0001904300    0.0005814300
   0.0000121600   -0.0000046900    0.0000035900
   0.0000354200   -0.0000150300   -0.0000062200
   0.0000152700    0.0000322200   -0.0002632300
   0.0000348500   -0.0000150900   -0.0000068600
   0.0000221000    0.0000320100   -0.0002731700
  -0.0001068800   -0.0071802900   -0.0003685000
  -0.0019752100   -0.0067878400   -0.0010596300
  -0.0017738700   -0.0067975700   -0.0011183200
  -0.0020165100   -0.0068024600   -0.0011124900
  -0.0019851600   -0.0067888300   -0.0010761900
  -0.0019858900   -0.0067422200   -0.0011965100
  -0.0019955600   -0.0067991900   -0.0010526200
  -0.0019769000   -0.0067685400   -0.0009570800
   0.0066169100   -0.0034841500    0.0016538100
   0.0021727500   -0.0054481000   -0.0004864500
   0.0023007000   -0.0054481900   -0.0005107300
   0.0022033000   -0.0054544900   -0.0004977400
   0.0021358100   -0.0054668600   -0.0005236400
   0.0022282700   -0.0055361900   -0.0005935500
   0.0021882800   -0.0054629100   -0.0004881400
   0.0021655300   -0.0054977700   -0.0004838400
   0.0001988700    0.0066926300   -0.0003271500
   0.0027239800    0.0055103100   -0.0012116000
   0.0026140300    0.0054396600   -0.0013415800
   0.0027457900    0.0054957600   -0.0012280500
   0.0026888200    0.0055148900   -0.0012085000
   0.0026367100    0.0055102800   -0.0012124200
   0.0026998600    0.0055013400   -0.0012148400
   0.0027456900    0.0054669900   -0.0012920200
  -0.0018329200    0.0068709900   -0.0000216800
  -0.0018772700    0.0064891200    0.0005365300
  -0.0019039400    0.0064953100    0.0003829000
  -0.0018597700    0.0064808900    0.0005422600
  -0.0018391200    0.0064627000    0.0005102600
  -0.0020289100    0.0064565000    0.0005025600
  -0.0018431200    0.0064738500    0.0005449700
  -0.0018480300    0.0065145200    0.0005516800

209  
  0.0000000000000000   0.0066574658364036   0.0074617791871054
  -0.0003454900    0.0060201400    0.0009838700
  -0.0004833600    0.0059585200    0.0009379900
  -0.0003450500    0.0058438400    0.0009729600
  -0.0004188500    0.0059207800    0.0009107500
  -0.0005012800    0.0058647300    0.0009735800
  -0.0004206400    0.0059279800    0.0008898100
  -0.0004280200    0.0059291100    0.0008910500
  -0.0004153600    0.0059244800    0.0009073400
   0.0004309000   -0.0059489400   -0.0008952100
   0.0003570600   -0.0060005000   -0.0008356200
   0.0004316800   -0.0059533800   -0.0009046500
   0.0004223700   -0.0059395400   -0.0008946900
   0.0003603600   -0.0059120800   -0.0008493900
   0.0005050100   -0.0058485400   -0.0008270800
   0.0004290300   -0.0059495500   -0.0008977600
   0.0005070700   -0.0060276800   -0.0008160700
   0.0000479700    0.0019080600   -0.0006777600
   0.0000468500    0.0002772700   -0.0003085300
   0.0000580900    0.0002845500   -0.0002987800
   0.0000429000    0.0003003000   -0.0003717500
   0.0000350800    0.0002501200   -0.0003686400
   0.0000406100    0.0002785900   -0.0003076900
   0.0000490900    0.0002682900   -0.0003016600
   0.0000526000    0.0002857500   -0.0003333600
  -0.0000621000   -0.0002925400    0.0003105600
  -0.0000681000   -0.0003163300    0.0002442100
  -0.0000507400   -0.0002883600    0.0002840100
  -0.0000496000   -0.0002983300    0.0003134500
  -0.0000597000   -0.0002952500    0.0003090600
  -0.0000523600    0.0013084800   -0.0000562500
  -0.0000592000   -0.0002686100    0.0002477500
  -0.0000432600   -0.0002845800    0.0003173400
  -0.0006975000    0.0022551900    0.0005568500
  -0.0004497400    0.0023377600    0.0007047400
  -0.0006571300    0.0021595400    0.0005763100
  -0.0010370200    0.0022930400    0.0008852400
  -0.0006777100    0.0023147100    0.0004554100
  -0.0006550700    0.0022846900    0.0005437700
  -0.0006382900    0.0022628800    0.0005697400
  -0.0007192000    0.0022383700    0.0005207500
  -0.0010676500    0.0003027900    0.0016560300
  -0.0011735500    0.0002692600    0.0020453100
  -0.0011286800    0.0002724400    0.0016456300
  -0.0012906000    0.0002456800    0.0016443800
   0.0105710500    0.0005357500    0.0212747900
  -0.0011105500    0.0002585700    0.0016228200
  -0.0012718700    0.0000254800    0.0015513100
  -0.0011459800    0.0002494800    0.0017094300
   0.0005391500   -0.0015953700   -0.0012580300
   0.0007769300   -0.0013047400   -0.0014386400
   0.0005308300   -0.0015712200   -0.0014133400
   0.0009977900   -0.0015460400   -0.0015861100
  -0.0001177100   -0.0015022300   -0.0015152000
   0.0004744000   -0.0015802700   -0.0013683600
   0.0004115300   -0.0015045900   -0.0014743200
   0.0005770600   -0.0015575000   -0.0013611800
  -0.0018046000   -0.0008529300    0.0008624900
  -0.0017505100   -0.0010706800    0.0005517400
  -0.0018167700   -0.0008376900    0.0007282600
  -0.0017173900   -0.0008483100    0.0006930700
  -0.0124926100    0.0000949700    0.0186922100
  -0.0017497100   -0.0008381700    0.0007326000
  -0.0019264500   -0.0008624900    0.0011362300
  -0.0019523700   -0.0007781600    0.0007278100
  -0.0007757700    0.0002225500   -0.0020926100
  -0.0005664400    0.0005758200   -0.0016962200
  -0.0007516700    0.0002504000   -0.0020784600
  -0.0006821900    0.0002835100   -0.0020044100
  -0.0004381000    0.0003171200   -0.0015303900
  -0.0007692900    0.0001268600   -0.0020877300
  -0.0008603700    0.0002733100   -0.0020552600
  -0.0008247200    0.0001836000   -0.0020333300
  -0.0006257900    0.0016092000    0.0013872200
  -0.0011499800    0.0016897200    0.0012591500
  -0.0005240600    0.0016331700    0.0013423700
  -0.0006308300    0.0016863600    0.0013277200
  -0.0003042400    0.0019011000    0.0013422500
  -0.0005385800    0.0015928700    0.0014716600
  -0.0000883500    0.0016470300    0.0011499500
  -0.0005459400    0.0016163200    0.0013628400
   0.0019555300    0.0008673300   -0.0007649200
  -0.0084644200    0.0018776300    0.0165488300
   0.0017528200    0.0009280500   -0.0007841200
   0.0016646500    0.0008435500   -0.0004711400
   0.0019115600    0.0006309600   -0.0009288900
   0.0018706400    0.0008509900   -0.0006826200
   0.0019643500    0.0008550400   -0.0008214800
   0.0018576100    0.0008660600   -0.0007965500
   0.0011016300   -0.0002530300   -0.0017147200
   0.0132949200   -0.0000730500    0.0185258200
   0.0010429300   -0.0002627300   -0.0016009500
   0.0009787700   -0.0004847600   -0.0017503400
   0.0011100000   -0.0002440200   -0.0013043300
   0.0011210800   -0.0002121300   -0.0016638900
   0.0009547100   -0.0002686600   -0.0016755600
   0.0010930700   -0.0002414200   -0.0017064200
  -0.0013672500    0.0015995500   -0.0005401100
  -0.0013444000    0.0019128600   -0.0015520400
  -0.0013943800    0.0015809000   -0.0005333000
  -0.0007850600    0.0015897600   -0.0003280700
  -0.0015740400    0.0016165500   -0.0002230400
  -0.0013709000    0.0015693900   -0.0004909700
  -0.0012999100    0.0013807000   -0.0006347000
  -0.0013736500    0.0016033300   -0.0005227700
   0.0006665400   -0.0021873300   -0.0005337800
   0.0006953300   -0.0021590600   -0.0005985100
   0.0006408700   -0.0022343700   -0.0005249100
   0.0007008500   -0.0022105000   -0.0005071700
   0.0009148600   -0.0021426600   -0.0003733900
   0.0006416700   -0.0022207400   -0.0005039300
   0.0003447500   -0.0021840200   -0.0001867500
   0.0006483000   -0.0023128600   -0.0005158800
   0.0008589100   -0.0002623400    0.0020381100
   0.0010255800   -0.0000703500    0.0026485000
   0.0008170800   -0.0002034200    0.0020667200
   0.0005836600   -0.0001164500    0.0021699100
   0.0010287900    0.0001965100    0.0024246200
   0.0007963500   -0.0001700200    0.0020513600
   0.0009050100   -0.0001058300    0.0021165300
   0.0008145400   -0.0001428900    0.0020873800
   0.0013748100   -0.0016123400    0.0005044600
   0.0011632300   -0.0015662400    0.0006817500
   0.0013747400   -0.0015780000    0.0004369000
   0.0014419500   -0.0018010500    0.0003177000
   0.0014043800   -0.0012730400   -0.0006949300
   0.0013769100   -0.0015840500    0.0004590600
   0.0019583200   -0.0015928000    0.0005471100
   0.0013490600   -0.0016018100    0.0004920100
   0.0003199400   -0.0001791100    0.0005248800
   0.0000147100   -0.0000025000    0.0000195000
   0.0003614700   -0.0001832400    0.0005267000
   0.0000080100   -0.0000030200   -0.0000048400
   0.0000149400   -0.0000261900   -0.0000369600
   0.0002612800    0.0000418500   -0.0001568500
   0.0000182300   -0.0000261500   -0.0000029500
   0.0002554100    0.0000410800   -0.0001925700
  -0.0007660300   -0.0071699900    0.0042356600
  -0.0010049600   -0.0065776200    0.0036529600
  -0.0007873800   -0.0072794900    0.0041797700
  -0.0006084000   -0.0072809800    0.0041824500
  -0.0007630500   -0.0072001300    0.0041356800
  -0.0007856200   -0.0071967600    0.0042165600
  -0.0008181300   -0.0071888500    0.0043444600
  -0.0008019000   -0.0071879200    0.0042394500
  -0.0004007800   -0.0067926900   -0.0032740800
  -0.0003035500   -0.0068196500   -0.0033340200
  -0.0003371200   -0.0067655000   -0.0032525700
  -0.0004160900   -0.0067960100   -0.0033353800
   0.0038203700   -0.0048491500   -0.0012874800
  -0.0003531600   -0.0067874300   -0.0032637600
  -0.0003553900   -0.0066584800   -0.0032550400
  -0.0003131700   -0.0067441000   -0.0032717600
  -0.0002680700    0.0008344400    0.0015432700
  -0.0002838700    0.0008783300    0.0015381900
  -0.0002814400    0.0008310800    0.0015352200
  -0.0002677200    0.0008156500    0.0015092900
  -0.0046115600    0.0026071300    0.0032458000
  -0.0002549100    0.0009077000    0.0015253500
  -0.0003398600    0.0007524300    0.0014729600
  -0.0002333200    0.0007827600    0.0015362000
   0.0005494700    0.0012122100    0.0006596800
   0.0005736500    0.0017746900    0.0000553500
   0.0005627800    0.0013369800    0.0006705700
   0.0004977700    0.0012880600    0.0005482500
   0.0003933100    0.0012620000    0.0006335700
   0.0005590600    0.0012445600    0.0006264700
   0.0005033200    0.0013248800    0.0007653600
   0.0005507800    0.0012346200    0.0006819700
   0.0000840400   -0.0000032100    0.0000370000
  -0.0003177200   -0.0003125800    0.0004289400
  -0.0000510900   -0.0000230000   -0.0000570200
  -0.0001884700    0.0000568900   -0.0002582600
  -0.0002186400   -0.0003166900    0.0003756400
   0.0000366200   -0.0000043300    0.0000394700
  -0.0000752800    0.0000566500   -0.0002939200
  -0.0001095300   -0.0000238700   -0.0000398500
  -0.0005324400   -0.0012907100   -0.0006983500
  -0.0007272000   -0.0013293000   -0.0007155500
  -0.0005400200   -0.0012860100   -0.0006575100
  -0.0006079200   -0.0012640600   -0.0005606900
  -0.0004948500   -0.0007457900   -0.0012892500
  -0.0005644200   -0.0013420200   -0.0006702700
  -0.0006057800   -0.0012704000   -0.0007763400
  -0.0005527300   -0.0012285100   -0.0006449400
   0.0002723300   -0.0007781800   -0.0015558100
  -0.0040714800    0.0009324800    0.0001591700
   0.0002964200   -0.0009162600   -0.0015587900
   0.0001777200   -0.0009385700   -0.0016137800
   0.0002542000   -0.0008456600   -0.0015238700
   0.0002375500   -0.0008335300   -0.0015427800
   0.0002573800   -0.0009061600   -0.0015744800
   0.0002235800   -0.0008232700   -0.0015357600
   0.0003499500    0.0067584400    0.0032563400
   0.0045779100    0.0086162500    0.0052577100
   0.0003908500    0.0068337600    0.0032564800
   0.0003606300    0.0068183600    0.0032946400
   0.0004047800    0.0066666100    0.0031966500
   0.0003061200    0.0067575600    0.0032432700
   0.0002914800    0.0067383900    0.0032018100
   0.0003674600    0.0067397000    0.0032597400
   0.0007818600    0.0071960000   -0.0042257100
   0.0008036600    0.0071297100   -0.0043207800
   0.0007667100    0.0071608100   -0.0041972700
   0.0007498000    0.0071876000   -0.0041182800
   0.0005694600    0.0077060100   -0.0047953800
   0.0008069300    0.0072184200   -0.0042107000
   0.0009525700    0.0070386300   -0.0042923800
   0.0007840700    0.0071409100   -0.0042740900
  -0.0036729900   -0.0217085300   -0.0937250300
   0.0000345300    0.0000101200    0.0000704200
  -0.0001522000    0.0000434600   -0.0001047500
  -0.0000865800   -0.0000190600   -0.0000432000
   0.0000243700   -0.0000134700   -0.0000160700
  -0.0000340500    0.0000316700    0.0000370600
   0.0000079000   -0.0000171800    0.0000443900
  -0.0000831500    0.0000445200    0.0000010000
   0.0018629800   -0.0065075200   -0.0004854300
   0.0020769200   -0.0041747900    0.0058894800
   0.0018357700   -0.0065157200   -0.0005504400
   0.0018173100   -0.0064287800   -0.0005320800
   0.0018450800   -0.0065216500   -0.0005181400
   0.0018566000   -0.0065372400   -0.0005437200
   0.0018519400   -0.0065837000   -0.0005041400
   0.0018666700   -0.0064780200   -0.0005122300
  -0.0026979000   -0.0054599600    0.0012204900
  -0.0025448200   -0.0055251700    0.0013294400
  -0.0026924200   -0.0055286500    0.0012099900
  -0.0026743900   -0.0055456000    0.0011949600
  -0.0026746600   -0.0054717200    0.0026986300
  -0.0026791500   -0.0054981900    0.0012491000
  -0.0028268500   -0.0054763400    0.0013608700
  -0.0027408800   -0.0055474800    0.0011927100
  -0.0021950200    0.0053839300    0.0004996800
  -0.0020689100    0.0054732200    0.0004237600
  -0.0021580900    0.0054905200    0.0004874400
  -0.0021666300    0.0054643900    0.0005192500
  -0.0022096200    0.0057960000   -0.0000485100
  -0.0021713800    0.0053934600    0.0004786200
  -0.0022077000    0.0054568600    0.0004781400
  -0.0021884600    0.0054906000    0.0005113900
   0.0019962800    0.0068449400    0.0010248800
   0.0019614500    0.0067115100    0.0008116600
   0.0019994900    0.0067810600    0.0010623500
   0.0016585000    0.0070615700    0.0009497400
   0.0023035200    0.0070763400    0.0008953200
   0.0019568100    0.0068294400    0.0010522100
   0.0019900200    0.0068188000    0.0010771500
   0.0020110700    0.0067364300    0.0011040500
   0.0000447900   -0.0001098900   -0.0000176000
  -0.0000667800    0.0000420100   -0.0005337500
  -0.0000169600    0.0000145300   -0.0000574700
   0.0000236900   -0.0002040500   -0.0000993000
   0.0000915700   -0.0002030700   -0.0001339100
  -0.0000377900    0.0000133700   -0.0000360400
  -0.0000690300    0.0000440700   -0.0005489500
   0.0000281500   -0.0001092000    0.0000005000
  -0.0020203800   -0.0067269100   -0.0010770100
  -0.0016643800   -0.0065030300   -0.0012251200
  -0.0019755200   -0.0068280900   -0.0010359700
  -0.0019686900   -0.0067549400   -0.0010333400
  -0.0019920400   -0.0067839300   -0.0013477000
  -0.0019820000   -0.0067613500   -0.0011056600
  -0.0022859400   -0.0063924300   -0.0012170300
  -0.0019740000   -0.0068246700   -0.0010561500
   0.0021836100   -0.0055532000   -0.0005049500
   0.0021217100   -0.0050438300   -0.0009970900
   0.0021616600   -0.0054564300   -0.0004855500
   0.0021108400   -0.0053311900   -0.0004562100
   0.0022764400   -0.0054428100   -0.0005615600
   0.0021581300   -0.0055089100   -0.0004872400
   0.0021682600   -0.0054487400   -0.0004864000
   0.0022044500   -0.0054100900   -0.0004869900
   0.0027188000    0.0055322200   -0.0011547500
   0.0027364800    0.0054730900    0.0002665600
   0.0026623500    0.0054978000   -0.0012182300
   0.0025676900    0.0054234200   -0.0010987700
   0.0028246900    0.0055128200   -0.0010776400
   0.0027239300    0.0055308300   -0.0012007600
   0.0027150000    0.0054968800   -0.0012143800
   0.0027204300    0.0054444500   -0.0012013700
  -0.0018635600    0.0064424200    0.0005353500
  -0.0018213400    0.0065063700    0.0005498600
  -0.0018450600    0.0064848800    0.0005571800
  -0.0018349100    0.0064485700    0.0005627400
  -0.0016313400    0.0088034600    0.0070972500
  -0.0018325300    0.0065130100    0.0005763800
  -0.0018760300    0.0064614000    0.0005889500
  -0.0018653900    0.0065214400    0.0005174100

209  
  0.0050000594327610   0.0000000000000000   0.0086602197240519
   0.0000836900    0.0060445800    0.0001395800
  -0.0000906300    0.0059628700    0.0000187900
   0.0000823700    0.0058052000    0.0001374000
   0.0000089500    0.0059095500    0.0000062000
  -0.0000934900    0.0058938000    0.0000222800
   0.0000071900    0.0059309200   -0.0000013600
   0.0000074000    0.0059475100    0.0000058600
   0.0000065000    0.0059143600    0.0000010100
   0.0000065000   -0.0059143600    0.0000010100
  -0.0000906300   -0.0059628700    0.0000187900
   0.0000071900   -0.0059309200   -0.0000013600
   0.0000089500   -0.0059095500    0.0000062000
  -0.0000934900   -0.0058938000    0.0000222800
   0.0000823700   -0.0058052000    0.0001374000
   0.0000074000   -0.0059475100    0.0000058600
   0.0000836900   -0.0060445800    0.0001395800
  -0.0002478400    0.0002916000   -0.0004108200
   0.0000021400    0.0002947400   -0.0000102200
   0.0000045800    0.0002816700    0.0000020000
   0.0000637000    0.0002538800   -0.0000511700
   0.0000624700    0.0003161300   -0.0000499700
  -0.0000273600    0.0002889200   -0.0000203100
   0.0000001100    0.0002793500   -0.0000090200
   0.0000078700    0.0002818500   -0.0000084200
  -0.0000273600   -0.0002889200   -0.0000203100
   0.0000637000   -0.0002538800   -0.0000511700
   0.0000078700   -0.0002818500   -0.0000084200
   0.0000021400   -0.0002947400   -0.0000102200
   0.0000001100   -0.0002793500   -0.0000090200
  -0.0002478400   -0.0002916000   -0.0004108200
   0.0000624700   -0.0003161300   -0.0000499700
   0.0000045800   -0.0002816700    0.0000020000
  -0.0006666500    0.0000096700    0.0005200800
  -0.0000569800   -0.0000000000    0.0009342900
  -0.0007071100   -0.0000505700    0.0005737000
  -0.0011951000   -0.0000000000    0.0011179900
  -0.0006861000   -0.0000000000    0.0004704600
  -0.0007071100    0.0000505700    0.0005737000
  -0.0004526000   -0.0000000000    0.0001887100
  -0.0006666500   -0.0000096700    0.0005200800
  -0.0010866400    0.0000068700    0.0016663900
  -0.0010795200   -0.0000000000    0.0020243500
  -0.0011210500   -0.0000129800    0.0016092900
  -0.0010794800   -0.0000000000    0.0019245300
   0.0160939500   -0.0000000000    0.0322556600
  -0.0011210500    0.0000129800    0.0016092900
  -0.0013494700   -0.0000000000    0.0015672600
  -0.0010866400   -0.0000068700    0.0016663900
   0.0005399400   -0.0000323100   -0.0013088900
   0.0011411400   -0.0000000000   -0.0014914200
   0.0004975500   -0.0000142100   -0.0013692600
   0.0012248700   -0.0000000000   -0.0018559800
   0.0000945000   -0.0000000000   -0.0015832600
   0.0004975500    0.0000142100   -0.0013692600
   0.0004561900   -0.0000000000   -0.0014424000
   0.0005399400    0.0000323100   -0.0013088900
  -0.0018526800   -0.0000572700    0.0008291100
  -0.0018397700   -0.0000000000    0.0005806200
  -0.0017819200    0.0000214300    0.0007122000
  -0.0013839600   -0.0000000000    0.0004989700
  -0.0103514000    0.0000000000    0.0143751000
  -0.0017819200   -0.0000214300    0.0007122000
  -0.0019845700   -0.0000000000    0.0014785200
  -0.0018526800    0.0000572700    0.0008291100
  -0.0007677200    0.0000277400   -0.0020520200
  -0.0004511500   -0.0000000000   -0.0013116900
  -0.0007945400    0.0000902600   -0.0020948100
  -0.0007410400   -0.0000000000   -0.0020217300
  -0.0007071800   -0.0000000000   -0.0015966900
  -0.0007945400   -0.0000902600   -0.0020948100
  -0.0009653300   -0.0000000000   -0.0015722600
  -0.0007677200   -0.0000277400   -0.0020520200
  -0.0005940800    0.0000152800    0.0013686300
  -0.0010226400   -0.0000000000    0.0011270600
  -0.0005506200    0.0000317900    0.0014511300
  -0.0006461900   -0.0000000000    0.0013126200
   0.0000540100   -0.0000000000    0.0012866800
  -0.0005506200   -0.0000317900    0.0014511300
   0.0001286700   -0.0000000000    0.0008839300
  -0.0005940800   -0.0000152800    0.0013686300
   0.0018983900   -0.0000207700   -0.0008167100
  -0.0063943000    0.0000000000    0.0125971900
   0.0018385200    0.0000570000   -0.0007046800
   0.0017049900   -0.0000000000   -0.0000597100
   0.0018400400   -0.0000000000   -0.0009662700
   0.0018385200   -0.0000570000   -0.0007046800
   0.0022857000   -0.0000000000   -0.0010522400
   0.0018983900    0.0000207700   -0.0008167100
   0.0010758900    0.0000137800   -0.0017089400
   0.0191727100   -0.0000000000    0.0304487700
   0.0011108800   -0.0000074500   -0.0016479900
   0.0008377000   -0.0000000000   -0.0017384500
   0.0011234700   -0.0000000000   -0.0012879300
   0.0011108800    0.0000074500   -0.0016479900
   0.0011123900   -0.0000000000   -0.0013805800
   0.0010758900   -0.0000137800   -0.0017089400
  -0.0013994900    0.0000024100   -0.0005463300
   0.0165402700    0.0000000000   -0.0021435700
  -0.0013198200    0.0000455600   -0.0004901700
  -0.0005758000   -0.0000000000   -0.0004383700
  -0.0014213400   -0.0000000000   -0.0003568300
  -0.0013198200   -0.0000455600   -0.0004901700
  -0.0013977400   -0.0000000000   -0.0007707900
  -0.0013994900   -0.0000024100   -0.0005463300
   0.0006140700    0.0000502600   -0.0005127100
   0.0006391700   -0.0000000000   -0.0006061100
   0.0006531900   -0.0000069900   -0.0005642300
   0.0008642900   -0.0000000000   -0.0008740800
   0.0012226800   -0.0000000000   -0.0001622800
   0.0006531900    0.0000069900   -0.0005642300
   0.0001157000   -0.0000000000    0.0000354800
   0.0006140700   -0.0000502600   -0.0005127100
   0.0008022400   -0.0000915800    0.0020573800
   0.0008917800   -0.0000000000    0.0025685600
   0.0008167000   -0.0000253000    0.0020921000
   0.0006058600   -0.0000000000    0.0025770200
   0.0011591600   -0.0000000000    0.0028234600
   0.0008167000    0.0000253000    0.0020921000
   0.0008596100   -0.0000000000    0.0021346800
   0.0008022400    0.0000915800    0.0020573800
   0.0014264900   -0.0000458200    0.0005074800
   0.0013208400   -0.0000000000    0.0006215700
   0.0013437400    0.0000004800    0.0004480200
   0.0013427700   -0.0000000000    0.0002303100
   0.0188799700   -0.0000000000   -0.0010066700
   0.0013437400   -0.0000004800    0.0004480200
   0.0021724100   -0.0000000000    0.0005728600
   0.0014264900    0.0000458200    0.0005074800
   0.0004395600   -0.0000000000    0.0008661700
   0.0000293100    0.0000018200   -0.0000005900
   0.0004528500   -0.0000000000    0.0008745600
   0.0000304200    0.0000018600    0.0000078900
   0.0000304200   -0.0000018600    0.0000078900
   0.0000154900   -0.0000000000   -0.0001115700
   0.0000293100   -0.0000018200   -0.0000005900
   0.0000406200   -0.0000000000   -0.0001394400
  -0.0001928300   -0.0069834800    0.0037580000
   0.0041399200   -0.0085564000    0.0059215900
  -0.0002539400   -0.0069890100    0.0037011900
  -0.0000865100   -0.0070595200    0.0036805000
  -0.0001963500   -0.0069539800    0.0036850300
  -0.0002006600   -0.0069810900    0.0037385000
  -0.0002586300   -0.0069884100    0.0038424800
  -0.0002183600   -0.0069947300    0.0037570400
   0.0001804000   -0.0069769400   -0.0037916600
   0.0002303100   -0.0070008500   -0.0038021400
   0.0002395600   -0.0069873700   -0.0037295300
   0.0001736600   -0.0069883900   -0.0036419400
   0.0045312300   -0.0054500300   -0.0015784600
   0.0002135200   -0.0069757500   -0.0037298800
   0.0003464100   -0.0069198300   -0.0038031600
   0.0002338400   -0.0069861300   -0.0037547300
  -0.0004199200    0.0010620700    0.0004608200
  -0.0004822600    0.0010791100    0.0004193500
  -0.0004275600    0.0010678100    0.0004328000
  -0.0004062900    0.0010139700    0.0004350800
  -0.0010306800    0.0011630800   -0.0001765700
  -0.0003845300    0.0010879900    0.0004413600
  -0.0004968900    0.0010111600    0.0003095000
  -0.0003842900    0.0010680300    0.0004397900
   0.0003865500    0.0010479700   -0.0004506300
  -0.0002582800    0.0009624800   -0.0010248700
   0.0003937300    0.0010345500   -0.0004365700
   0.0003120200    0.0010914500   -0.0005791700
   0.0003246400    0.0010333300   -0.0004634900
   0.0004291600    0.0010289500   -0.0004575300
   0.0003949500    0.0011032500   -0.0004476100
   0.0004289200    0.0010278700   -0.0004425000
  -0.0000062800    0.0000227200   -0.0000246700
  -0.0002575900   -0.0000000000    0.0002820800
  -0.0000052900   -0.0000231400   -0.0000002000
  -0.0004432100   -0.0000000000   -0.0003928300
  -0.0002668600   -0.0000000000    0.0003184700
  -0.0000052900    0.0000231400   -0.0000002000
  -0.0004546800   -0.0000000000   -0.0004054400
  -0.0000062800   -0.0000227200   -0.0000246700
  -0.0003842900   -0.0010680300    0.0004397900
  -0.0004822600   -0.0010791100    0.0004193500
  -0.0003845300   -0.0010879900    0.0004413600
  -0.0004062900   -0.0010139700    0.0004350800
  -0.0010306800   -0.0011630800   -0.0001765700
  -0.0004275600   -0.0010678100    0.0004328000
  -0.0004968900   -0.0010111600    0.0003095000
  -0.0004199200   -0.0010620700    0.0004608200
   0.0004289200   -0.0010278700   -0.0004425000
  -0.0002582800   -0.0009624800   -0.0010248700
   0.0004291600   -0.0010289500   -0.0004575300
   0.0003120200   -0.0010914500   -0.0005791700
   0.0003246400   -0.0010333300   -0.0004634900
   0.0003937300   -0.0010345500   -0.0004365700
   0.0003949500   -0.0011032500   -0.0004476100
   0.0003865500   -0.0010479700   -0.0004506300
  -0.0002183600    0.0069947300    0.0037570400
   0.0041399200    0.0085564000    0.0059215900
  -0.0002006600    0.0069810900    0.0037385000
  -0.0000865100    0.0070595200    0.0036805000
  -0.0001963500    0.0069539800    0.0036850300
  -0.0002539400    0.0069890100    0.0037011900
  -0.0002586300    0.0069884100    0.0038424800
  -0.0001928300    0.0069834800    0.0037580000
   0.0002338400    0.0069861300   -0.0037547300
   0.0002303100    0.0070008500   -0.0038021400
   0.0002135200    0.0069757500   -0.0037298800
   0.0001736600    0.0069883900   -0.0036419400
   0.0045312300    0.0054500300   -0.0015784600
   0.0002395600    0.0069873700   -0.0037295300
   0.0003464100    0.0069198300   -0.0038031600
   0.0001804000    0.0069769400   -0.0037916600
  -0.0695457400   -0.0000000000   -0.1117041800
   0.0000027100    0.0000167600    0.0000759800
  -0.0001794100   -0.0000000000   -0.0001734800
  -0.0000385200   -0.0000251500   -0.0000426500
  -0.0000385200    0.0000251500   -0.0000426500
  -0.0000698900   -0.0000000000   -0.0000185200
   0.0000027100   -0.0000167600    0.0000759800
  -0.0001533100   -0.0000000000   -0.0000107300
   0.0022805500   -0.0059718900   -0.0008472500
   0.0020103100   -0.0047330800    0.0036173200
   0.0022994400   -0.0060208300   -0.0008607900
   0.0022004300   -0.0059409700   -0.0007931900
   0.0023555600   -0.0059852400   -0.0008311600
   0.0022800000   -0.0059791400   -0.0008815200
   0.0022218700   -0.0059951200   -0.0008729900
   0.0023090300   -0.0060097800   -0.0008353600
  -0.0022612500   -0.0059603300    0.0008821700
  -0.0022040600   -0.0059981500    0.0009153900
  -0.0022766800   -0.0060232300    0.0009002900
  -0.0023462500   -0.0059877100    0.0008790800
  -0.0025465300   -0.0073105500    0.0054070300
  -0.0022486500   -0.0059855400    0.0009118600
  -0.0023647600   -0.0060453400    0.0009532600
  -0.0022803600   -0.0060021200    0.0008618600
  -0.0020791500    0.0061071200   -0.0002921100
  -0.0020269700    0.0060755100   -0.0003317500
  -0.0020683000    0.0061035400   -0.0002984500
  -0.0020526700    0.0060811100   -0.0002618000
  -0.0021187200    0.0063388300   -0.0007307000
  -0.0021090700    0.0060834100   -0.0002721100
  -0.0024841300    0.0057867400   -0.0004817400
  -0.0021048400    0.0061034300   -0.0002835500
   0.0021075000    0.0061196000    0.0002747100
   0.0020531300    0.0059079600   -0.0001499100
   0.0020902200    0.0061308100    0.0002837900
   0.0016746400    0.0064576100    0.0000978100
   0.0021213500    0.0061720800    0.0002612100
   0.0020642700    0.0061344800    0.0002928400
   0.0021105600    0.0061351000    0.0003175100
   0.0020667600    0.0061398100    0.0003019800
  -0.0000188200    0.0000004400   -0.0000213200
  -0.0001322300   -0.0000000000   -0.0005874800
  -0.0000061500    0.0000000600   -0.0000431300
   0.0005233000   -0.0000000000   -0.0001565100
   0.0005201500   -0.0000000000   -0.0001662000
  -0.0000061500   -0.0000000600   -0.0000431300
  -0.0001411300   -0.0000000000   -0.0005685400
  -0.0000188200   -0.0000004400   -0.0000213200
  -0.0021048400   -0.0061034300   -0.0002835500
  -0.0020269700   -0.0060755100   -0.0003317500
  -0.0021090700   -0.0060834100   -0.0002721100
  -0.0020526700   -0.0060811100   -0.0002618000
  -0.0021187200   -0.0063388300   -0.0007307000
  -0.0020683000   -0.0061035400   -0.0002984500
  -0.0024841300   -0.0057867400   -0.0004817400
  -0.0020791500   -0.0061071200   -0.0002921100
   0.0020667600   -0.0061398100    0.0003019800
   0.0020531300   -0.0059079600   -0.0001499100
   0.0020642700   -0.0061344800    0.0002928400
   0.0016746400   -0.0064576100    0.0000978100
   0.0021213500   -0.0061720800    0.0002612100
   0.0020902200   -0.0061308100    0.0002837900
   0.0021105600   -0.0061351000    0.0003175100
   0.0021075000   -0.0061196000    0.0002747100
   0.0023090300    0.0060097800   -0.0008353600
   0.0020103100    0.0047330800    0.0036173200
   0.0022800000    0.0059791400   -0.0008815200
   0.0022004300    0.0059409700   -0.0007931900
   0.0023555600    0.0059852400   -0.0008311600
   0.0022994400    0.0060208300   -0.0008607900
   0.0022218700    0.0059951200   -0.0008729900
   0.0022805500    0.0059718900   -0.0008472500
  -0.0022803600    0.0060021200    0.0008618600
  -0.0022040600    0.0059981500    0.0009153900
  -0.0022486500    0.0059855400    0.0009118600
  -0.0023462500    0.0059877100    0.0008790800
  -0.0025465300    0.0073105500    0.0054070300
  -0.0022766800    0.0060232300    0.0009002900
  -0.0023647600    0.0060453400    0.0009532600
  -0.0022612500    0.0059603300    0.0008821700

217  
  0.0000000000000000   0.0066574658364036   0.0074617791871054
  -0.0060087300    0.0095510800    0.0033566700
  -0.0004328500    0.0059525200    0.0009242400
  -0.0004261400    0.0059351500    0.0009117400
  -0.0003787600    0.0059158300    0.0009456100
  -0.0004220300    0.0059465200    0.0008902100
  -0.0004429800    0.0059266600    0.0009261200
  -0.0004227200    0.0059461200    0.0008954300
  -0.0004163200    0.0059442100    0.0008806100
   0.0003829000   -0.0059640800   -0.0008734700
   0.0004215100   -0.0059314600   -0.0008943100
   0.0004209000   -0.0059268800   -0.0008946900
   0.0004176900   -0.0059307500   -0.0009124500
   0.0059596500   -0.0023760600    0.0015633400
   0.0004268900   -0.0059271700   -0.0008738500
   0.0004325700   -0.0059368800   -0.0008652300
   0.0004173500   -0.0059033900   -0.0009154000
   0.0000614800    0.0002182200   -0.0004629700
   0.0000363400    0.0002889900   -0.0002740300
   0.0000970200    0.0002093800   -0.0003116300
   0.0000531300    0.0002767700   -0.0003177800
   0.0000468000    0.0002752700   -0.0003144700
   0.0000217400    0.0002349400   -0.0002981200
   0.0000406100    0.0002968200   -0.0002839700
   0.0000440600    0.0002894200   -0.0003151400
  -0.0000141100   -0.0002712500    0.0003227700
  -0.0000659400   -0.0002837100    0.0003078400
  -0.0000526300   -0.0003198600    0.0002987800
  -0.0000596400   -0.0002922100    0.0003225700
  -0.0000437200   -0.0025611100    0.0020399400
  -0.0000578000   -0.0002807000    0.0003076900
  -0.0000320600   -0.0002857000    0.0003061800
  -0.0000607600   -0.0002774500    0.0003146100
  -0.0006019900    0.0019483400    0.0007571400
  -0.0006440100    0.0022545900    0.0005429000
  -0.0000051000    0.0010408600    0.0010965200
  -0.0005825500    0.0021886400    0.0006009300
  -0.0006169100    0.0022052800    0.0005512900
  -0.0006889100    0.0022517700    0.0004946300
  -0.0006051300    0.0022663100    0.0005052100
  -0.0005869600    0.0020658700    0.0006300300
  -0.0009915300    0.0001889200    0.0017860900
  -0.0010573200    0.0002594600    0.0017064900
  -0.0017662700    0.0002266700    0.0014395600
  -0.0010973400    0.0002377700    0.0016642800
  -0.0010823300    0.0002695700    0.0016701400
  -0.0143122700    0.0251319000    0.0093726500
  -0.0010170400    0.0001997500    0.0017113000
  -0.0009754400    0.0002851700    0.0015958500
   0.0002300900   -0.0020095300   -0.0058051500
   0.0005401200   -0.0016347000   -0.0014463600
   0.0005484000   -0.0016034700   -0.0014631000
   0.0004903000   -0.0016222900   -0.0013754900
   0.0005441400   -0.0016293400   -0.0013984900
   0.0005687800   -0.0015842500   -0.0016245500
   0.0005467200   -0.0016567500   -0.0013473600
   0.0005767700   -0.0017076900   -0.0012966900
  -0.0013964200   -0.0004123100    0.0005657400
  -0.0018985100   -0.0008502300    0.0006876200
  -0.0017924600   -0.0008894600    0.0007988600
  -0.0017707500   -0.0008791400    0.0007197700
  -0.0018157800   -0.0009900600    0.0006813000
  -0.0017961000   -0.0008289400    0.0007777700
  -0.0018616200   -0.0008854900    0.0007250000
  -0.0019438300   -0.0010035700    0.0009183000
  -0.0007315500   -0.0000890600   -0.0015553500
  -0.0008276300    0.0001774400   -0.0020898000
  -0.0007141800    0.0001569000   -0.0021111900
  -0.0007100400    0.0002017400   -0.0020455700
  -0.0006668700    0.0005690300   -0.0020661100
  -0.0008220500    0.0001129500   -0.0020196600
  -0.0008026800    0.0002037500   -0.0020928800
  -0.0017395000    0.0003545000   -0.0023475600
  -0.0010245800    0.0014504700    0.0017470300
  -0.0005406400    0.0015702700    0.0014215900
  -0.0006220600    0.0016105200    0.0012481200
  -0.0005322900    0.0015513100    0.0014117000
  -0.0005652000    0.0017607500    0.0013318000
  -0.0005749900    0.0014983800    0.0011832000
  -0.0005320600    0.0015858500    0.0014046900
   0.0001200700    0.0014314800    0.0017222100
   0.0170029800    0.0275354700    0.0071344400
   0.0018316600    0.0008579100   -0.0007204600
   0.0017292900    0.0007822800   -0.0006263600
   0.0017199700    0.0008568200   -0.0007208000
   0.0017126800    0.0007926800   -0.0007259000
   0.0018086300    0.0008308300   -0.0007999300
   0.0019050700    0.0008222400   -0.0007155200
   0.0025789500    0.0007106900   -0.0010447800
   0.0008624600   -0.0000884100   -0.0014775900
   0.0010871000   -0.0003788400   -0.0017734600
   0.0004669800    0.0001858900   -0.0019609500
   0.0010870700   -0.0002547700   -0.0016926900
   0.0011018100   -0.0002771400   -0.0016947500
   0.0010717000   -0.0004008300   -0.0015867500
   0.0010826800   -0.0003015300   -0.0017245600
   0.0010888800   -0.0002459800   -0.0016558900
  -0.0008423000    0.0010708600   -0.0001705000
  -0.0013862700    0.0016410100   -0.0004328900
  -0.0009737600    0.0022431100   -0.0009312400
  -0.0014269100    0.0015787800   -0.0005201200
  -0.0013872000    0.0015398400   -0.0004007700
  -0.0013386600    0.0016085800   -0.0005508400
  -0.0014085300    0.0016201700   -0.0004166200
  -0.0014240900    0.0015418000   -0.0004363300
   0.0005517900   -0.0023148300   -0.0006913200
   0.0005975300   -0.0022246400   -0.0005326100
   0.0014526200   -0.0018136700   -0.0009274800
   0.0006241600   -0.0022127900   -0.0005939600
   0.0006545800   -0.0022551200   -0.0005762800
   0.0002272300   -0.0019538700   -0.0001665300
   0.0006196100   -0.0017872900   -0.0004775300
   0.0005693600   -0.0022508900   -0.0004981300
   0.0012921300   -0.0011779700    0.0018538300
   0.0007610700   -0.0002196800    0.0021143100
   0.0008291900   -0.0002944700    0.0021765000
   0.0006803800   -0.0001694400    0.0020869900
   0.0007563900   -0.0001663600    0.0020674000
   0.0005187300   -0.0002347800    0.0026004200
   0.0007780700   -0.0002357500    0.0020290900
   0.0008940100   -0.0002021000    0.0020230200
   0.0009531900   -0.0011992700    0.0007882800
   0.0014365700   -0.0016146100    0.0004484100
   0.0014092000   -0.0015523100    0.0005953700
   0.0014002500   -0.0015710700    0.0005619400
   0.0013616400   -0.0015415800    0.0005457700
   0.0008993300   -0.0021887100    0.0011626200
   0.0013612200   -0.0016757500    0.0005117600
   0.0013960300   -0.0016460000    0.0006572900
   0.0000175000    0.0000059700    0.0000174600
   0.0012903000   -0.0003697400    0.0000749600
   0.0000046900   -0.0000539900   -0.0000134800
  -0.0000049400   -0.0000339600   -0.0000890900
   0.0000993800   -0.0000452300   -0.0001172900
   0.0000178700    0.0000112500   -0.0000049400
   0.0000796100    0.0000716200    0.0000456300
   0.0000183000    0.0000092600   -0.0000247600
  -0.0005693900   -0.0074064000    0.0046739900
  -0.0007670100   -0.0071649200    0.0042124900
   0.0007899900   -0.0074374800    0.0046089000
  -0.0007831800   -0.0071810100    0.0042131100
  -0.0007966000   -0.0072072600    0.0042344500
  -0.0007537500   -0.0072833900    0.0041751100
  -0.0007826600   -0.0071420900    0.0042244600
  -0.0007632300   -0.0071575700    0.0041449100
  -0.0003451700   -0.0069179900   -0.0033800100
  -0.0003440900   -0.0067911500   -0.0032771600
  -0.0004117700   -0.0069936300   -0.0031194600
  -0.0003632000   -0.0067915000   -0.0032536300
  -0.0003462000   -0.0067600200   -0.0032532600
  -0.0064505200   -0.0052189900    0.0004652100
  -0.0003128100   -0.0067616800   -0.0032674100
  -0.0004107000   -0.0068472300   -0.0032372600
  -0.0003194900    0.0005569000    0.0015939000
  -0.0002404000    0.0008352500    0.0015564500
  -0.0002859600    0.0008647500    0.0014750100
  -0.0002522800    0.0008849400    0.0015636700
  -0.0002010000    0.0007865000    0.0015130200
  -0.0005074600    0.0008485700    0.0018055200
  -0.0002896200    0.0008015200    0.0015349500
  -0.0002874700    0.0008794400    0.0015008100
   0.0009315900    0.0012671300    0.0008705500
   0.0005317100    0.0012653000    0.0006746800
   0.0003664200    0.0012479700    0.0004631900
   0.0005494300    0.0012911300    0.0006627600
   0.0006511200    0.0010847100    0.0006405400
   0.0005679300    0.0013033000    0.0006931300
   0.0005533200    0.0012538700    0.0006699700
   0.0004693400    0.0012905600    0.0007420600
  -0.0008543200   -0.0000469900    0.0000345600
  -0.0000547900   -0.0000001600   -0.0000037900
  -0.0000566100   -0.0000578500   -0.0000608800
  -0.0000072500    0.0000018100   -0.0000037000
   0.0000132300   -0.0000337400   -0.0000625800
  -0.0000324400   -0.0000439900   -0.0000406800
   0.0000090300    0.0000055900   -0.0000090000
  -0.0001289200    0.0000795800    0.0000426100
  -0.0020181300   -0.0013822800   -0.0003425200
  -0.0005644200   -0.0012494200   -0.0006625600
  -0.0005718500   -0.0012953100   -0.0006862200
  -0.0005532200   -0.0012933400   -0.0006403600
  -0.0005645600   -0.0012461400   -0.0006708000
  -0.0005421700   -0.0015565200   -0.0002278500
  -0.0005413400   -0.0012443600   -0.0006614700
  -0.0006224600   -0.0012817700   -0.0006932400
   0.0066667000    0.0008207000    0.0019200800
   0.0002446500   -0.0008227300   -0.0015275500
   0.0002361300   -0.0009253000   -0.0015392700
   0.0002660900   -0.0008873000   -0.0015601400
   0.0002113800   -0.0009039300   -0.0015353100
   0.0002689700   -0.0008363100   -0.0015103900
   0.0002675600   -0.0008169200   -0.0015252600
   0.0002892200   -0.0009338400   -0.0014255300
   0.0005852200    0.0069282000    0.0035612400
   0.0003056500    0.0067087300    0.0032211100
   0.0003322300    0.0067331400    0.0032735200
   0.0003193900    0.0067871000    0.0032710400
   0.0003894200    0.0067629700    0.0032640800
   0.0003678300    0.0068951300    0.0032017400
   0.0003405500    0.0067576300    0.0032735100
   0.0003797800    0.0067605800    0.0032083700
   0.0009306300    0.0072081400   -0.0044759400
   0.0007869600    0.0071645600   -0.0042315700
   0.0008074300    0.0072783500   -0.0041388300
   0.0007871100    0.0072229800   -0.0042337100
   0.0008022000    0.0071817400   -0.0042141600
   0.0001500700    0.0075501600   -0.0041507400
   0.0006843400    0.0069147500   -0.0042370000
   0.0007462400    0.0073086700   -0.0042290900
   0.0000173500    0.0000058800    0.0000259300
  -0.0002870100    0.0039898100    0.0050783200
  -0.0000432100   -0.0000094900   -0.0000069900
   0.0000696500   -0.0000646800    0.0000917200
  -0.0001075300   -0.0000699500    0.0000749300
  -0.0000276400   -0.0000197900   -0.0000029700
   0.0000487900   -0.0000256300    0.0000067000
   0.0000508100   -0.0000083600    0.0000486500
   0.0014876400   -0.0732146900   -0.0463071000
   0.0018535800   -0.0064741500   -0.0005047300
   0.0019411200   -0.0065174900   -0.0004819400
   0.0018472400   -0.0064818300   -0.0004921200
   0.0018281700   -0.0064943700   -0.0004822600
   0.0017726900   -0.0064651100   -0.0004693700
   0.0018520700   -0.0065242100   -0.0004849300
   0.0018781600   -0.0064099800   -0.0004686600
  -0.0027745000   -0.0055184400    0.0012411900
  -0.0027136300   -0.0055289500    0.0012114900
  -0.0027173300   -0.0053957300    0.0012226500
  -0.0027048500   -0.0054807600    0.0011997200
  -0.0027007600   -0.0055394900    0.0011531100
  -0.0027022400   -0.0055901200    0.0014158900
  -0.0027096500   -0.0054982700    0.0012181600
  -0.0026714700   -0.0054878300    0.0012257200
  -0.0020893900    0.0053009400    0.0003673000
  -0.0021985700    0.0054923100    0.0004885800
  -0.0021707300    0.0054368300    0.0004631300
  -0.0021753900    0.0054509100    0.0004860300
  -0.0021886700    0.0085205500    0.0002648100
  -0.0021742700    0.0054690500    0.0004543500
  -0.0021781700    0.0054641300    0.0004898100
  -0.0022340300    0.0055653300    0.0002110800
   0.0017565600    0.0068519400    0.0018376200
   0.0019922000    0.0067580700    0.0010548000
   0.0018404200    0.0068983200    0.0008614000
   0.0020568600    0.0067413200    0.0010184100
   0.0018895400    0.0067429700    0.0010116800
   0.0021163900    0.0068119600    0.0009148400
   0.0019906200    0.0068533900    0.0010243100
   0.0019829600    0.0067880400    0.0010147400
  -0.0000862200    0.0003060100   -0.0005902100
   0.0000077100   -0.0000146500    0.0000034000
  -0.0000166900    0.0000981700    0.0000013000
  -0.0000524700   -0.0000129700    0.0000311100
  -0.0000073200   -0.0000127000    0.0000247700
  -0.0000280600    0.0001190200    0.0000985100
   0.0000372500   -0.0000050600    0.0000274800
  -0.0000220400    0.0000216900    0.0000359400
  -0.0012268300   -0.0063831400   -0.0011009800
  -0.0019863300   -0.0068509900   -0.0010460900
  -0.0019196000   -0.0067144500   -0.0010548100
  -0.0019923200   -0.0068093200   -0.0010489600
  -0.0019504700   -0.0068347300   -0.0010217700
  -0.0019805500   -0.0067757100   -0.0010370200
  -0.0020104900   -0.0068116600   -0.0010477300
  -0.0028251800   -0.0064717100   -0.0009736500
   0.0017633900   -0.0027794000    0.0115822600
   0.0021808600   -0.0054219400   -0.0005507200
   0.0020848500   -0.0055026000   -0.0006116400
   0.0021835000   -0.0054592800   -0.0005120900
   0.0021533200   -0.0054515800   -0.0005266000
   0.0022429200   -0.0054208000   -0.0005639600
   0.0021785400   -0.0054410000   -0.0005413600
   0.0021908800   -0.0054828500   -0.0004023600
   0.0022123700    0.0066212800   -0.0020098700
   0.0027053400    0.0055010800   -0.0011847400
   0.0027596000    0.0055391000   -0.0011688600
   0.0027674100    0.0054233300   -0.0011649800
   0.0026147400    0.0054538100   -0.0011631700
   0.0026568900    0.0055220100   -0.0011349600
   0.0027066600    0.0055448300   -0.0011958700
   0.0027284700    0.0055001400   -0.0011135000
  -0.0018366700    0.0064677100    0.0005629900
  -0.0018754200    0.0065412700    0.0005340900
  -0.0018996000    0.0064746100    0.0006087800
  -0.0018445700    0.0065037600    0.0005351700
  -0.0018476300    0.0064402500    0.0005732700
  -0.0018999500    0.0064965200    0.0003995900
  -0.0018441400    0.0065141300    0.0005225500
  -0.0019214500    0.0065507900    0.0005588100

217  
  0.0000000000000000  -0.0066574658364036  -0.0074617791871054
   0.0052760500    0.0022571000   -0.0015978000
  -0.0004131200    0.0059077100    0.0008859300
  -0.0004232300    0.0059281600    0.0009006200
  -0.0004694100    0.0059531400    0.0008481700
  -0.0004291600    0.0059150200    0.0009021000
  -0.0004058000    0.0059354900    0.0008852200
  -0.0004258300    0.0059131200    0.0009178600
  -0.0004367700    0.0059195300    0.0009109500
   0.0004704600   -0.0059003700   -0.0009290400
   0.0004302500   -0.0059352600   -0.0008865600
   0.0004281600   -0.0059402200   -0.0008869100
   0.0004393700   -0.0059431300   -0.0009172400
  -0.0052169000   -0.0095534200   -0.0034023000
   0.0004221800   -0.0059383800   -0.0009065000
   0.0004143000   -0.0059269100   -0.0009202300
   0.0004363600   -0.0059591300   -0.0008867800
   0.0000434700    0.0003512300   -0.0001584900
   0.0000686700    0.0002824500   -0.0003231800
   0.0000025300    0.0003541600   -0.0002865700
   0.0000504200    0.0002930900   -0.0003100500
   0.0000538900    0.0002936300   -0.0003105500
   0.0000821200    0.0003297300   -0.0002979300
   0.0000604300    0.0002726800   -0.0003141700
   0.0000564000    0.0002798600   -0.0003130300
  -0.0000876400   -0.0002975600    0.0003128100
  -0.0000383000   -0.0002858600    0.0003009100
  -0.0000481800   -0.0002513300    0.0003077100
  -0.0000433900   -0.0002796200    0.0003122400
  -0.0000575600    0.0019657800   -0.0014051500
  -0.0000432700   -0.0002892400    0.0003002000
  -0.0000695800   -0.0002870100    0.0003011600
  -0.0000415400   -0.0002889000    0.0003211600
  -0.0007328300    0.0025239500    0.0003153900
  -0.0006993400    0.0022167700    0.0005145700
  -0.0013068200    0.0034844500   -0.0000268000
  -0.0007506400    0.0022837900    0.0004818600
  -0.0007108800    0.0022655300    0.0005378200
  -0.0005851300    0.0022208300    0.0005741700
  -0.0007563600    0.0022042700    0.0005378400
  -0.0007365900    0.0024035300    0.0004501800
  -0.0011854100    0.0003235700    0.0015144100
  -0.0011815100    0.0002513300    0.0016471500
  -0.0004329800    0.0002858100    0.0018893300
  -0.0010984200    0.0002737100    0.0016523900
  -0.0011254600    0.0002420500    0.0016697200
   0.0115563500   -0.0238246600   -0.0058762600
  -0.0012259000    0.0003119300    0.0016327000
  -0.0011780400    0.0002314700    0.0016975400
   0.0008664900   -0.0013127000    0.0030804900
   0.0005673500   -0.0015546100   -0.0012854700
   0.0005573000   -0.0015848600   -0.0012823800
   0.0005836500   -0.0015681200   -0.0013573400
   0.0005316200   -0.0015616700   -0.0013723800
   0.0005356700   -0.0016025700   -0.0011064400
   0.0005390300   -0.0015349600   -0.0014015400
   0.0005491400   -0.0014825500   -0.0014244900
  -0.0023365800   -0.0012917800    0.0009934200
  -0.0018271500   -0.0008563900    0.0008216500
  -0.0018700600   -0.0008154800    0.0007753100
  -0.0019141900   -0.0008269100    0.0008012000
  -0.0018940400   -0.0007148800    0.0008256600
  -0.0019027700   -0.0008752500    0.0007607000
  -0.0018347900   -0.0008208100    0.0008002600
  -0.0017230300   -0.0007018400    0.0006301000
  -0.0008957700    0.0004419100   -0.0026100800
  -0.0008233000    0.0002114100   -0.0020113600
  -0.0008719000    0.0002300800   -0.0020680100
  -0.0008907100    0.0001867800   -0.0020825600
  -0.0008996000   -0.0001829400   -0.0020572200
  -0.0007984700    0.0002746800   -0.0021121700
  -0.0008103900    0.0001841900   -0.0020315300
   0.0001087100    0.0000442100   -0.0017924500
  -0.0000890700    0.0017394100    0.0009911400
  -0.0005494300    0.0016163300    0.0013226300
  -0.0004914400    0.0015789900    0.0014858400
  -0.0005531100    0.0016355500    0.0013335300
  -0.0005088200    0.0014280100    0.0014117200
  -0.0005177300    0.0016880700    0.0015228000
  -0.0005728700    0.0016006000    0.0013451500
  -0.0012278700    0.0017599800    0.0010265900
  -0.0127922000   -0.0250349600   -0.0085396800
   0.0018672200    0.0008455200   -0.0007971800
   0.0019798300    0.0009230200   -0.0009094100
   0.0019545100    0.0008459400   -0.0007922500
   0.0019643700    0.0009098900   -0.0007817000
   0.0018587300    0.0008752400   -0.0007714700
   0.0018435800    0.0008811000   -0.0007661800
   0.0011519100    0.0009961500   -0.0004828400
   0.0013297300   -0.0004251800   -0.0018171400
   0.0011419400   -0.0001327600   -0.0015655000
   0.0017220800   -0.0006966200   -0.0013479400
   0.0011244700   -0.0002599400   -0.0016311000
   0.0010989200   -0.0002374700   -0.0016086300
   0.0010648200   -0.0001144900   -0.0017123300
   0.0011562400   -0.0002140100   -0.0016296900
   0.0011054100   -0.0002675500   -0.0016548700
  -0.0018626100    0.0021251800   -0.0007770300
  -0.0013508000    0.0015397700   -0.0005668900
  -0.0017578700    0.0009266300   -0.0000733500
  -0.0013201900    0.0016015000   -0.0004324900
  -0.0013506000    0.0016414300   -0.0005697400
  -0.0013870700    0.0015726800   -0.0005102800
  -0.0013318600    0.0015591300   -0.0005566700
  -0.0013170800    0.0016415400   -0.0005311300
   0.0007584200   -0.0021614400   -0.0003964800
   0.0007583100   -0.0022505300   -0.0005214200
  -0.0001455900   -0.0026547000   -0.0001418400
   0.0006830300   -0.0022632300   -0.0004888600
   0.0006948900   -0.0022196800   -0.0004815400
   0.0011688800   -0.0025605700   -0.0009041300
   0.0007602000   -0.0026905100   -0.0005685300
   0.0007009200   -0.0022237900   -0.0005991400
   0.0003313700    0.0008350500    0.0022924300
   0.0008437900   -0.0001720400    0.0020394200
   0.0007830600   -0.0000971200    0.0019734400
   0.0009101000   -0.0002239500    0.0020472200
   0.0008530000   -0.0002253300    0.0020515300
   0.0010771300   -0.0001555500    0.0015560000
   0.0008577400   -0.0001570900    0.0020834700
   0.0007102200   -0.0001884300    0.0021275500
   0.0017746000   -0.0019977300    0.0002415800
   0.0013110100   -0.0015688700    0.0005520100
   0.0013240600   -0.0016278400    0.0004461100
   0.0013361300   -0.0016141100    0.0004666600
   0.0013885300   -0.0016429800    0.0004301400
   0.0018104400   -0.0009813500   -0.0001272400
   0.0013854100   -0.0015080700    0.0004589600
   0.0013411200   -0.0015384100    0.0003997700
  -0.0000090800   -0.0000072100   -0.0000092400
  -0.0012829000    0.0003558300   -0.0000398300
   0.0000073300    0.0000531000    0.0000435700
   0.0000046100    0.0000324700    0.0000489000
  -0.0000940800    0.0000444400    0.0001068500
  -0.0000169800   -0.0000127900    0.0000058800
  -0.0001061800   -0.0000734700   -0.0000103800
  -0.0000225600   -0.0000104900    0.0000139600
  -0.0009928300   -0.0069790900    0.0037676900
  -0.0007943900   -0.0071967400    0.0042420400
  -0.0023669300   -0.0069733900    0.0038456700
  -0.0007879300   -0.0071938800    0.0042524700
  -0.0007717900   -0.0071866500    0.0042361600
  -0.0008009200   -0.0071695700    0.0042539200
  -0.0007852700   -0.0071961700    0.0042290900
  -0.0007941500   -0.0072105200    0.0042995100
  -0.0003704200   -0.0066350400   -0.0031305300
  -0.0003556900   -0.0067197800   -0.0032477200
  -0.0003118200   -0.0065734900   -0.0033733400
  -0.0003476700   -0.0067828500   -0.0032737600
  -0.0003533800   -0.0067615500   -0.0032690400
   0.0056684900   -0.0083079200   -0.0069828200
  -0.0003920800   -0.0067290600   -0.0032644300
  -0.0003053900   -0.0067613900   -0.0032782600
  -0.0001904400    0.0010655400    0.0015190900
  -0.0002842100    0.0008028200    0.0015483400
  -0.0002197900    0.0007938000    0.0016144700
  -0.0002666500    0.0007923100    0.0015462100
  -0.0003177300    0.0008634200    0.0015883100
  -0.0000014000    0.0007968700    0.0012756200
  -0.0002190100    0.0008478200    0.0015654300
  -0.0002353400    0.0008125300    0.0016042500
   0.0001498400    0.0012622500    0.0004587700
   0.0005650800    0.0012445100    0.0006485600
   0.0007357900    0.0012869300    0.0008617100
   0.0005553600    0.0012462400    0.0006560600
   0.0004531300    0.0014909900    0.0006798300
   0.0005259100    0.0012290900    0.0006291500
   0.0005604400    0.0012492900    0.0006596200
   0.0006148300    0.0012356600    0.0005986500
   0.0008548900    0.0000298300   -0.0000686700
   0.0000168400   -0.0000016800    0.0000004500
   0.0000970800    0.0000571700    0.0000699600
   0.0000178600   -0.0000038100    0.0000041400
  -0.0000153900    0.0000328100    0.0000291400
  -0.0000061200    0.0000417400    0.0000364600
   0.0000292100   -0.0000062900    0.0000149400
   0.0001184100   -0.0000821400   -0.0000349100
   0.0009373700   -0.0011166700   -0.0009519500
  -0.0005462100   -0.0012589600   -0.0006433000
  -0.0005188600   -0.0012326300   -0.0006361100
  -0.0005513100   -0.0012564200   -0.0006598100
  -0.0005395700   -0.0012714000   -0.0006396200
  -0.0005569400   -0.0009629400   -0.0011069500
  -0.0005529100   -0.0012746400   -0.0006487300
  -0.0004874500   -0.0012776700   -0.0006119700
  -0.0060745100   -0.0025067700   -0.0050023200
   0.0002659000   -0.0008223700   -0.0015607500
   0.0002830600   -0.0007443700   -0.0015495200
   0.0002533700   -0.0007896900   -0.0015336300
   0.0003096600   -0.0008040100   -0.0015565200
   0.0002387100   -0.0008312400   -0.0015782400
   0.0002605100   -0.0008224600   -0.0015563500
   0.0002117700   -0.0007265400   -0.0016463500
   0.0001233000    0.0066079300    0.0029598500
   0.0004081900    0.0068082200    0.0033099700
   0.0003801700    0.0068198700    0.0032541100
   0.0003835700    0.0067408200    0.0032688500
   0.0003172100    0.0067863700    0.0032815000
   0.0003514900    0.0067131800    0.0033008400
   0.0003665300    0.0067343400    0.0032542700
   0.0003369800    0.0067634500    0.0033108300
   0.0006309400    0.0071873900   -0.0039584300
   0.0007883100    0.0071857100   -0.0042181600
   0.0007437900    0.0071284600   -0.0042785200
   0.0007771700    0.0071905500   -0.0042181600
   0.0007719400    0.0071807600   -0.0042331500
   0.0014355900    0.0067886000   -0.0042847500
   0.0008882100    0.0074177400   -0.0042190100
   0.0008127500    0.0071409100   -0.0042112700
  -0.0000152500   -0.0000074700   -0.0000417100
   0.0002625400   -0.0039236200   -0.0049766000
   0.0000176800    0.0000085200    0.0000160800
  -0.0000377600    0.0000655400   -0.0000752200
   0.0000803600    0.0000692300   -0.0000840800
  -0.0000143800    0.0000184300    0.0000128700
  -0.0000283700    0.0000243300    0.0000158800
  -0.0000023300    0.0000074400   -0.0000183800
   0.0021344000    0.0593407700    0.0436096600
   0.0018598800   -0.0064939100   -0.0005472300
   0.0017868300   -0.0064988700   -0.0005990900
   0.0018476300   -0.0065022000   -0.0005548900
   0.0018626800   -0.0065082600   -0.0005695500
   0.0019573500   -0.0064982500   -0.0006217800
   0.0018633000   -0.0065042700   -0.0005663400
   0.0018637500   -0.0065881000   -0.0005997500
  -0.0026891300   -0.0054664900    0.0011969100
  -0.0026990800   -0.0054865800    0.0011869000
  -0.0027093700   -0.0055723900    0.0012178400
  -0.0026988900   -0.0055132200    0.0012024000
  -0.0027127400   -0.0054692500    0.0012482700
  -0.0027172700   -0.0054042300    0.0009974300
  -0.0027069000   -0.0054887500    0.0011857700
  -0.0027380400   -0.0055131500    0.0012058800
  -0.0022702700    0.0055789400    0.0006104200
  -0.0021620000    0.0054399700    0.0005205900
  -0.0021916300    0.0054420500    0.0005068700
  -0.0021790800    0.0054518600    0.0005174300
  -0.0021484700    0.0023676700    0.0007556500
  -0.0021880100    0.0054597600    0.0005289700
  -0.0021875400    0.0054327100    0.0005146400
  -0.0021103100    0.0053333000    0.0007733600
   0.0022413900    0.0066741600    0.0003273100
   0.0019988600    0.0067883000    0.0010701000
   0.0021287500    0.0066744800    0.0012809800
   0.0019122600    0.0068262300    0.0010975400
   0.0020901100    0.0068184700    0.0011030400
   0.0018632900    0.0067206300    0.0012415500
   0.0019879900    0.0067364100    0.0010918100
   0.0020167700    0.0067950800    0.0011255600
   0.0000982800   -0.0003152300    0.0006113000
   0.0000123100    0.0000128300    0.0000165700
   0.0000235400   -0.0000961200    0.0000114200
   0.0000159200    0.0000112400   -0.0000112300
  -0.0000173100    0.0000117800   -0.0000159400
   0.0000373300   -0.0001160700   -0.0000719700
  -0.0000019800    0.0000047000   -0.0000277500
   0.0000142300   -0.0000229500   -0.0000283700
  -0.0027588400   -0.0071666900   -0.0010327700
  -0.0019976400   -0.0067450600   -0.0010600900
  -0.0020665000   -0.0068290000   -0.0010893600
  -0.0019859800   -0.0067603900   -0.0010644400
  -0.0020111000   -0.0067401800   -0.0010847800
  -0.0020060200   -0.0068181100   -0.0010947600
  -0.0019793100   -0.0067500700   -0.0010631500
  -0.0011387800   -0.0070993700   -0.0011541500
   0.0026094700   -0.0081257200   -0.0127519000
   0.0021869100   -0.0054664200   -0.0004400200
   0.0022608000   -0.0054135900   -0.0003607600
   0.0021654100   -0.0054491100   -0.0004876000
   0.0022003400   -0.0054490100   -0.0004752000
   0.0021139700   -0.0054540600   -0.0003954900
   0.0021759900   -0.0054903300   -0.0004581200
   0.0021840400   -0.0054413800   -0.0005738500
   0.0032056200    0.0043723000   -0.0004049500
   0.0027099900    0.0054744500   -0.0012088100
   0.0026695400    0.0054839100   -0.0012532400
   0.0026257100    0.0055663700   -0.0012245700
   0.0027798900    0.0055567300   -0.0012318800
   0.0027753700    0.0054488800   -0.0012977300
   0.0027108000    0.0054901700   -0.0011974000
   0.0027162300    0.0055036600   -0.0012981500
  -0.0019228700    0.0065061600    0.0005347200
  -0.0018350100    0.0064618100    0.0005217400
  -0.0018253200    0.0064809400    0.0004888500
  -0.0018567800    0.0064755100    0.0005239000
  -0.0018643300    0.0065609400    0.0004814600
  -0.0018189100    0.0064847000    0.0006723900
  -0.0018709700    0.0064594600    0.0005392000
  -0.0017899500    0.0064398200    0.0005302000

217  
  0.0050000594327610   0.0000000000000000   0.0086602197240519
  -0.0009516600    0.0059389300    0.0000013600
  -0.0004289600    0.0059421800    0.0009093100
  -0.0004225000    0.0059399100    0.0009060500
  -0.0003737000    0.0059070100    0.0009428100
  -0.0004174600    0.0059431300    0.0009051100
  -0.0004468600    0.0059285900    0.0009164600
  -0.0004127600    0.0059283500    0.0008855400
  -0.0004087800    0.0059561500    0.0008936800
   0.0004362800   -0.0059352300   -0.0008917100
   0.0004303700   -0.0059199000   -0.0009096700
   0.0004239200   -0.0059378400   -0.0009099400
   0.0004340000   -0.0059234200   -0.0009053300
   0.0058198500   -0.0014574300    0.0016715600
   0.0004249000   -0.0059608000   -0.0009032900
   0.0004334900   -0.0059335500   -0.0008688700
   0.0004229800   -0.0059261200   -0.0008910200
   0.0000231300    0.0003021600   -0.0003856700
   0.0000567400    0.0002984600   -0.0002403600
  -0.0000177300    0.0002875300   -0.0003693600
   0.0000669700    0.0002471600   -0.0003071500
   0.0000446600    0.0002520900   -0.0003053000
   0.0000385300    0.0002871200   -0.0003420600
   0.0000389300    0.0002841800   -0.0003012200
   0.0000545700    0.0002976000   -0.0003066700
  -0.0000205900   -0.0002456000    0.0003080500
  -0.0000645500   -0.0002749900    0.0003065500
  -0.0000658100   -0.0003316900    0.0003300900
  -0.0000574800   -0.0002881000    0.0003094000
  -0.0005537900   -0.0048805100    0.0064301000
  -0.0000455100   -0.0002991100    0.0003190600
  -0.0000219500   -0.0002771900    0.0003309900
  -0.0000629700   -0.0002824900    0.0002899300
  -0.0010094500    0.0015131900    0.0008172800
  -0.0006215600    0.0022772800    0.0005368200
  -0.0001051200    0.0017194800    0.0014763500
  -0.0006536700    0.0022246700    0.0005504900
  -0.0006619500    0.0022330800    0.0005475000
  -0.0006806100    0.0022480800    0.0005196400
  -0.0006268100    0.0022823100    0.0005260700
  -0.0005208600    0.0020958600    0.0006096400
  -0.0008833300    0.0002552600    0.0013153000
  -0.0010225400    0.0002778200    0.0016327100
  -0.0015486700    0.0002939800    0.0016159400
  -0.0010711400    0.0002407300    0.0015792200
  -0.0011404000    0.0002595900    0.0016499800
  -0.0012767200    0.0003035300    0.0019013600
  -0.0010788800    0.0003076300    0.0016387600
  -0.0010936400    0.0002607600    0.0016785100
  -0.0001067500   -0.0220854600    0.0078608700
   0.0004931600   -0.0016151600   -0.0012960600
   0.0007212500   -0.0015484000   -0.0014282300
   0.0005047500   -0.0016255600   -0.0013111000
   0.0005359700   -0.0016057600   -0.0013282700
   0.0001989500   -0.0015101800   -0.0011795500
   0.0004791800   -0.0016706000   -0.0012311300
   0.0005626100   -0.0016511600   -0.0014088100
  -0.0010373500   -0.0004259800    0.0004384500
  -0.0018018300   -0.0008419600    0.0007927900
  -0.0019567500   -0.0008999900    0.0006645700
  -0.0017674300   -0.0008629200    0.0008085000
  -0.0017720000   -0.0009013900    0.0007403900
  -0.0018956600   -0.0007207300    0.0013707200
  -0.0017528900   -0.0008949700    0.0007411400
  -0.0020670800   -0.0008731800    0.0007846000
  -0.0009755000    0.0007421600   -0.0015526400
  -0.0007887800    0.0001889400   -0.0020650000
  -0.0007616600    0.0002306300   -0.0020274200
  -0.0007487700    0.0001980400   -0.0020947400
  -0.0007402300    0.0002113500   -0.0020448300
  -0.0009404800    0.0001263600   -0.0020064700
  -0.0007847000    0.0001770300   -0.0020485300
  -0.0010405400    0.0003161000   -0.0022560600
  -0.0012345500    0.0011490600    0.0019324600
  -0.0005336600    0.0015677200    0.0013560200
  -0.0006294100    0.0016576900    0.0013730200
  -0.0005436500    0.0015461700    0.0013077900
  -0.0004968300    0.0014603400    0.0013229400
  -0.0004935700    0.0016697600    0.0013332300
  -0.0005319900    0.0015714200    0.0014008500
  -0.0000099100    0.0014570200    0.0017407800
   0.0105222400    0.0216138800    0.0033617000
   0.0018028600    0.0008571500   -0.0007927900
   0.0017602000    0.0008087900   -0.0007324300
   0.0017069100    0.0008519700   -0.0007808900
   0.0017968000    0.0008658400   -0.0007465700
   0.0019656100    0.0009156800   -0.0007284100
   0.0018656100    0.0008334600   -0.0007464000
   0.0021151200    0.0007554300   -0.0010701200
   0.0010218400   -0.0004629800   -0.0020351800
   0.0010601100   -0.0003205600   -0.0016586700
   0.0008583500   -0.0000162100   -0.0020179300
   0.0010780200   -0.0002523800   -0.0016100300
   0.0010929000   -0.0002755400   -0.0016262300
   0.0011325200   -0.0002184000   -0.0016187500
   0.0010852200   -0.0002683800   -0.0016769900
   0.0010769600   -0.0002350100   -0.0016825400
  -0.0008939000    0.0020890500    0.0003042000
  -0.0013220000    0.0016186200   -0.0005188600
  -0.0009504100    0.0023139900   -0.0007540600
  -0.0013655300    0.0015500000   -0.0004842600
  -0.0013280500    0.0015523700   -0.0004140300
  -0.0013595200    0.0015876000   -0.0005929100
  -0.0013668000    0.0016331500   -0.0004642900
  -0.0014178200    0.0016808000   -0.0004073700
   0.0005770400   -0.0023435800   -0.0005838400
   0.0006337200   -0.0021844800   -0.0005585700
   0.0015734600   -0.0022596400   -0.0010120900
   0.0006591800   -0.0022132900   -0.0005712200
   0.0007156900   -0.0022385000   -0.0005201000
   0.0008801400   -0.0015210600   -0.0004227700
   0.0006062300   -0.0020758100   -0.0005100700
   0.0006482400   -0.0021967500   -0.0004378700
   0.0014017300   -0.0007270500    0.0022603900
   0.0007908800   -0.0001928400    0.0020892500
   0.0008348500   -0.0002348800    0.0021832800
   0.0007703100   -0.0001895900    0.0020293600
   0.0007491600   -0.0001514300    0.0020314000
   0.0007476800   -0.0003855100    0.0018543700
   0.0007413600   -0.0002432900    0.0020378300
   0.0008886100   -0.0001593500    0.0020819600
   0.0005641900   -0.0015815100    0.0010741500
   0.0014027000   -0.0016115600    0.0004588100
   0.0013645800   -0.0015106500    0.0004290300
   0.0013445400   -0.0015750100    0.0005212800
   0.0013366800   -0.0015275100    0.0004323800
   0.0015370600   -0.0021261200    0.0007641500
   0.0013002100   -0.0015563100    0.0004580900
   0.0014474500   -0.0016186800    0.0006065300
   0.0000182700    0.0000086700    0.0000621500
   0.0044499900   -0.0033157000    0.0018060200
  -0.0000089200   -0.0000139700   -0.0000079300
   0.0000187200    0.0000179600    0.0000431100
   0.0000620800   -0.0000178000   -0.0000594500
   0.0000024200   -0.0000146900   -0.0000127400
   0.0001715700    0.0001051300   -0.0000028700
   0.0000163400    0.0000090300   -0.0000255400
  -0.0009972000   -0.0072852200    0.0057636200
  -0.0007611100   -0.0072124300    0.0042140200
   0.0006389600   -0.0072144800    0.0048427300
  -0.0007702400   -0.0071959400    0.0042310400
  -0.0007664400   -0.0071684400    0.0042482300
  -0.0008031200   -0.0072003600    0.0042041400
  -0.0007569700   -0.0071669900    0.0042245500
  -0.0008331900   -0.0072282900    0.0041457100
  -0.0002584500   -0.0067655400   -0.0033282900
  -0.0003444200   -0.0068517700   -0.0032776600
  -0.0004743700   -0.0068091100   -0.0032070000
  -0.0003472300   -0.0067779100   -0.0032571000
  -0.0003496200   -0.0066976700   -0.0032453800
  -0.0001978300   -0.0067981800   -0.0030756200
  -0.0003504900   -0.0067392500   -0.0032675300
  -0.0003551100   -0.0067885200   -0.0032751900
  -0.0004168100    0.0007493900    0.0015669000
  -0.0002280000    0.0008703800    0.0015480200
  -0.0003267200    0.0008232900    0.0014792000
  -0.0002566100    0.0008793600    0.0015640000
  -0.0002116800    0.0008594100    0.0014574400
  -0.0006219700    0.0008141700    0.0016170700
  -0.0003389000    0.0008710900    0.0015303700
  -0.0003068500    0.0008337200    0.0015191100
   0.0014304800    0.0012297800    0.0009716000
   0.0005552400    0.0012635300    0.0006712400
   0.0003283700    0.0011279500    0.0002784000
   0.0005701900    0.0013403200    0.0006478900
   0.0006171200    0.0012899400    0.0007065900
   0.0005445900    0.0011899400    0.0006307300
   0.0005322400    0.0012589500    0.0006656900
   0.0003109200    0.0012844900    0.0007479000
  -0.0002155000    0.0000301800   -0.0005077500
   0.0000045700   -0.0000009800    0.0000164900
  -0.0000865800    0.0000009800   -0.0000725600
   0.0000222900    0.0000158300   -0.0000189400
   0.0000246900   -0.0000262200    0.0000320300
   0.0000873400   -0.0000997500    0.0000035200
  -0.0000158600    0.0000107300    0.0000371300
  -0.0001713500    0.0000896300   -0.0000427800
  -0.0019822900   -0.0016459000    0.0000615800
  -0.0005371600   -0.0012960300   -0.0006637700
  -0.0005903000   -0.0012990400   -0.0006388500
  -0.0005529000   -0.0013125700   -0.0006563800
  -0.0005628400   -0.0013135300   -0.0007051600
  -0.0001446200   -0.0017738300   -0.0008755300
  -0.0005692600   -0.0012791000   -0.0006828800
  -0.0005766000   -0.0012620800   -0.0006488700
   0.0135457800   -0.0015899100    0.0055789600
   0.0002669300   -0.0008523900   -0.0015261000
   0.0002032900   -0.0008010800   -0.0016675000
   0.0002898000   -0.0008904200   -0.0015615200
   0.0002820300   -0.0008580600   -0.0015536000
   0.0003301100   -0.0007108500   -0.0015101400
   0.0002592200   -0.0008235500   -0.0015214100
   0.0001918400   -0.0009407700   -0.0014164000
   0.0005348300    0.0069979300    0.0034879000
   0.0003205700    0.0068259900    0.0032871900
   0.0004734100    0.0066231800    0.0035296000
   0.0003235900    0.0067844000    0.0032787100
   0.0004351700    0.0067974400    0.0032321000
   0.0003329000    0.0067669000    0.0032102600
   0.0003510100    0.0067505000    0.0032587200
   0.0003421300    0.0068123800    0.0032052000
   0.0009122600    0.0071800300   -0.0043606200
   0.0008036900    0.0072038300   -0.0042382300
   0.0005687000    0.0072208500   -0.0041611300
   0.0008037600    0.0072003100   -0.0042299900
   0.0007857100    0.0071039700   -0.0042115000
   0.0006138200    0.0072209200   -0.0045726000
   0.0007441400    0.0070083300   -0.0042009500
   0.0007668300    0.0072044300   -0.0042579600
  -0.0000300000    0.0000113600   -0.0000251900
  -0.0006644900    0.0033437400    0.0047491500
  -0.0000240200   -0.0000107600    0.0000086500
  -0.0000096000   -0.0000300700    0.0000103000
  -0.0000574800   -0.0001226800    0.0001205600
  -0.0000037900    0.0000015300    0.0000110800
  -0.0001204500    0.0000208900    0.0000144600
   0.0000767200   -0.0000046100    0.0000332600
  -0.0285242100   -0.0068686500   -0.0534045100
   0.0018303500   -0.0064660000   -0.0005210200
   0.0019404700   -0.0064853400   -0.0003896500
   0.0018094400   -0.0064728000   -0.0005238100
   0.0018263000   -0.0064848600   -0.0005133200
   0.0018325700   -0.0065238800   -0.0004345200
   0.0018591400   -0.0064742800   -0.0005148100
   0.0019612000   -0.0064183900   -0.0005340900
  -0.0027173100   -0.0054674700    0.0012260100
  -0.0026928400   -0.0054953000    0.0012233500
  -0.0027023800   -0.0055344300    0.0011928000
  -0.0027094400   -0.0054332000    0.0012284900
  -0.0027019000   -0.0055311000    0.0012330400
  -0.0027176900   -0.0056071500    0.0013905500
  -0.0027004700   -0.0055068500    0.0012332900
  -0.0025769100   -0.0054466300    0.0012850600
  -0.0020484500    0.0055212200    0.0003500800
  -0.0022073700    0.0054353500    0.0004650000
  -0.0022252000    0.0054266100    0.0004593100
  -0.0021809100    0.0054739500    0.0004625700
  -0.0023431500    0.0054391600    0.0002195900
  -0.0022331400    0.0053757900    0.0004454200
  -0.0021713400    0.0054267000    0.0004871900
  -0.0019267700    0.0055155400    0.0002440400
   0.0017430900    0.0068812500    0.0020381600
   0.0019797700    0.0067956500    0.0010730400
   0.0018309500    0.0069022100    0.0006925100
   0.0019977900    0.0067897200    0.0011027100
   0.0018787900    0.0067323900    0.0010405800
   0.0021585600    0.0068490500    0.0008856100
   0.0019966600    0.0068443800    0.0009614300
   0.0019956500    0.0066938800    0.0010710500
  -0.0000682200    0.0001518500   -0.0004842500
   0.0000112700   -0.0000203500   -0.0000124800
  -0.0003364900   -0.0001435200   -0.0002800100
  -0.0000519600   -0.0000088600   -0.0000179700
  -0.0000039800   -0.0000157800   -0.0000397900
   0.0000500900    0.0000037400    0.0000649700
   0.0000033400    0.0000255900    0.0000207500
  -0.0000095600   -0.0000012500    0.0000060300
  -0.0005878300   -0.0063839600   -0.0019828400
  -0.0019868100   -0.0067668100   -0.0010727600
  -0.0019564400   -0.0067173700   -0.0010640100
  -0.0020002300   -0.0067960700   -0.0010649700
  -0.0019874400   -0.0067784500   -0.0010434600
  -0.0020027800   -0.0067187900   -0.0010991000
  -0.0019727500   -0.0067500300   -0.0010509200
  -0.0023125800   -0.0063181100   -0.0008257900
   0.0016824900   -0.0046492500    0.0144444000
   0.0021540600   -0.0054785600   -0.0005362800
   0.0021288500   -0.0054333800   -0.0006082100
   0.0021572700   -0.0054544500   -0.0004883200
   0.0021238700   -0.0054771500   -0.0005011000
   0.0022968400   -0.0054029300   -0.0005067800
   0.0021616900   -0.0054319400   -0.0005462700
   0.0021894300   -0.0054092100   -0.0003754800
   0.0019707800    0.0055949600   -0.0024196500
   0.0027011000    0.0054728700   -0.0012114500
   0.0027844100    0.0054798300   -0.0011086900
   0.0027233300    0.0054709700   -0.0012488400
   0.0026040900    0.0054576700   -0.0011737500
   0.0027557700    0.0055143900   -0.0010888100
   0.0027236500    0.0054783500   -0.0012164700
   0.0027960000    0.0054355800   -0.0011635600
  -0.0018370100    0.0064473500    0.0006157700
  -0.0018552700    0.0064834800    0.0005332300
  -0.0018240900    0.0065060900    0.0005851300
  -0.0018640300    0.0064902400    0.0005607800
  -0.0018050500    0.0066238800    0.0005385100
  -0.0018519200    0.0064788300    0.0003951700
  -0.0018363100    0.0065263100    0.0005289200
  -0.0020138800    0.0065312200    0.0004733400

217  
 -0.0050000594327610   0.0000000000000000  -0.0086602197240519
   0.0000824900    0.0059452700    0.0018249400
  -0.0004183200    0.0059048300    0.0008875600
  -0.0004302200    0.0059414500    0.0008945700
  -0.0004769100    0.0059448000    0.0008757600
  -0.0004315600    0.0059121000    0.0009118500
  -0.0004040700    0.0059538900    0.0008843500
  -0.0004367600    0.0059210900    0.0009147800
  -0.0004525100    0.0059304600    0.0009142400
   0.0004210200   -0.0059441500   -0.0009010600
   0.0004231000   -0.0059270500   -0.0008916300
   0.0004288200   -0.0059461600   -0.0008936400
   0.0004219900   -0.0059268000   -0.0008865700
  -0.0050878400   -0.0105082500   -0.0034973400
   0.0004297800   -0.0059262400   -0.0008968100
   0.0004217900   -0.0059214200   -0.0009375700
   0.0004342100   -0.0059591200   -0.0008991800
   0.0000763900    0.0002810400   -0.0002238800
   0.0000503800    0.0002543700   -0.0003732700
   0.0001159500    0.0002915400   -0.0002393800
   0.0000369800    0.0003027900   -0.0003049600
   0.0000590200    0.0003053100   -0.0003084000
   0.0000682700    0.0002900500   -0.0002703500
   0.0000667400    0.0002796000   -0.0003076400
   0.0000547500    0.0002888700   -0.0003087100
  -0.0000795700   -0.0003336400    0.0003167800
  -0.0000356800   -0.0002721700    0.0003097900
  -0.0000317800   -0.0002504600    0.0002937400
  -0.0000401800   -0.0002632200    0.0003113000
   0.0004280700    0.0041981400   -0.0056809100
  -0.0000551100   -0.0002885300    0.0002993500
  -0.0000814500   -0.0002861700    0.0002934000
  -0.0000365800   -0.0002992300    0.0003324100
  -0.0002697200    0.0029420300    0.0002341700
  -0.0007115400    0.0021973000    0.0005630900
  -0.0012166100    0.0028194600   -0.0004607200
  -0.0006972600    0.0022476000    0.0005748400
  -0.0006949700    0.0022398700    0.0005181100
  -0.0006163200    0.0022234500    0.0005605500
  -0.0007812700    0.0021863000    0.0005136400
  -0.0008290800    0.0023752200    0.0004229300
  -0.0012551500    0.0002559600    0.0020352800
  -0.0011605600    0.0002317100    0.0016613100
  -0.0006384100    0.0002171400    0.0017162100
  -0.0011359700    0.0002703600    0.0017212800
  -0.0011550600    0.0002524400    0.0017027800
  -0.0009846000    0.0001978900    0.0014768100
  -0.0012437800    0.0002044900    0.0017303600
  -0.0010617500    0.0002557500    0.0016542700
   0.0012745100    0.0191245600   -0.0106767800
   0.0005702600   -0.0015729200   -0.0013542100
   0.0004323400   -0.0016419600   -0.0013178000
   0.0005700600   -0.0015648900   -0.0014026500
   0.0004975900   -0.0015851300   -0.0014370100
   0.0009591100   -0.0016807000   -0.0014905600
   0.0005751700   -0.0015234800   -0.0015800600
   0.0006109200   -0.0015388800   -0.0012857800
  -0.0026165300   -0.0012778200    0.0011486900
  -0.0017994100   -0.0008626800    0.0007573300
  -0.0017788500   -0.0008061500    0.0008732900
  -0.0018618500   -0.0008425900    0.0007468200
  -0.0018718200   -0.0008035600    0.0008066400
  -0.0018890300   -0.0009834000    0.0001299400
  -0.0019548400   -0.0008142400    0.0007438500
  -0.0016717400   -0.0008321300    0.0007385300
  -0.0005455400   -0.0003507200   -0.0026587700
  -0.0007979700    0.0002011400   -0.0020776400
  -0.0008647000    0.0001535200   -0.0021317100
  -0.0008136800    0.0001890700   -0.0020544000
  -0.0007547600    0.0001813300   -0.0021342000
  -0.0008154300    0.0002624900   -0.0020955200
  -0.0007331700    0.0002101400   -0.0020619200
  -0.0006317100    0.0000729600   -0.0018475800
   0.0000942100    0.0020394100    0.0008019800
  -0.0005354500    0.0016212200    0.0014050500
  -0.0005210100    0.0015299700    0.0013444500
  -0.0005064700    0.0016403500    0.0013802700
  -0.0005745200    0.0017309800    0.0015237100
  -0.0006387300    0.0015210200    0.0014748700
  -0.0005167100    0.0016150400    0.0013948800
  -0.0011032600    0.0017307300    0.0010204800
  -0.0066876300   -0.0196750900   -0.0048896400
   0.0018419500    0.0008483100   -0.0007503500
   0.0020386700    0.0008945300   -0.0007811300
   0.0018487300    0.0008503400   -0.0008162200
   0.0019081400    0.0008361600   -0.0007496400
   0.0018027800    0.0007890500   -0.0008187900
   0.0018437100    0.0008672500   -0.0007203800
   0.0015487800    0.0009469300   -0.0005066300
   0.0011373100   -0.0000497500   -0.0012843400
   0.0011722800   -0.0001922100   -0.0016387300
   0.0012990600   -0.0004973900   -0.0012866100
   0.0011073500   -0.0002637000   -0.0016586800
   0.0011801800   -0.0002402000   -0.0016990100
   0.0010419900   -0.0002968200   -0.0017021800
   0.0012091600   -0.0002479800   -0.0016758000
   0.0011289300   -0.0002820100   -0.0016874200
  -0.0017982100    0.0011582100   -0.0013282300
  -0.0013974700    0.0015635500   -0.0004521400
  -0.0017727100    0.0008488800   -0.0003095300
  -0.0013860900    0.0016303600   -0.0004500000
  -0.0013994100    0.0016271000   -0.0005028900
  -0.0013854100    0.0015929900   -0.0004869100
  -0.0013589100    0.0015460000   -0.0004338900
  -0.0013327800    0.0014988900   -0.0005772700
   0.0007511100   -0.0021298600   -0.0004551300
   0.0007160100   -0.0022908600   -0.0005470000
  -0.0002232600   -0.0022212900   -0.0000325300
   0.0006542300   -0.0022613400   -0.0005438200
   0.0006917200   -0.0022361800   -0.0005243800
   0.0004429800   -0.0029412700   -0.0006186300
   0.0007959100   -0.0023945000   -0.0005223600
   0.0005912700   -0.0022782700   -0.0006461700
   0.0002912700    0.0003399200    0.0018457900
   0.0007668300   -0.0001985100    0.0020695200
   0.0009030400   -0.0001587100    0.0019099100
   0.0007597600   -0.0002025600    0.0021778700
   0.0007928400   -0.0002382200    0.0020923600
   0.0008721700   -0.0000067600    0.0022970500
   0.0008502500   -0.0001490400    0.0020624200
   0.0006913400   -0.0002333500    0.0021416900
   0.0021856400   -0.0016072500   -0.0000848200
   0.0013671200   -0.0015719300    0.0005225900
   0.0013851100   -0.0016704600    0.0005659700
   0.0014067800   -0.0016077700    0.0004431500
   0.0013952800   -0.0016568900    0.0003979400
   0.0011953100   -0.0010434700    0.0002647400
   0.0014330800   -0.0016270300    0.0004155400
   0.0013008100   -0.0015655500    0.0005008000
  -0.0000281400   -0.0000099500    0.0000105000
  -0.0044914300    0.0033426900   -0.0017678700
   0.0000245900    0.0000120600    0.0000827200
  -0.0000402000   -0.0000180600   -0.0000422000
  -0.0000605200    0.0000160300    0.0000447900
   0.0000341000    0.0000136200   -0.0000388100
  -0.0001616700   -0.0001054800    0.0000461200
  -0.0000195100   -0.0000101200   -0.0000042700
  -0.0005818200   -0.0071809700    0.0026718700
  -0.0007920000   -0.0071812700    0.0042470600
  -0.0022129400   -0.0072423000    0.0036168100
  -0.0008053900   -0.0072146400    0.0042662100
  -0.0007949500   -0.0071645600    0.0042333700
  -0.0007597300   -0.0072225600    0.0042223900
  -0.0007976300   -0.0071287500    0.0042315400
  -0.0007349900   -0.0071290900    0.0042813800
  -0.0004477800   -0.0067792400   -0.0031677100
  -0.0003433600   -0.0067240800   -0.0032575200
  -0.0002385200   -0.0067134900   -0.0032913000
  -0.0003537600   -0.0067886300   -0.0033036700
  -0.0003631200   -0.0067283100   -0.0033032200
  -0.0004693200   -0.0067166500   -0.0034525500
  -0.0003557600   -0.0066803300   -0.0032529500
  -0.0003490000   -0.0068364300   -0.0032338200
  -0.0000854800    0.0009092800    0.0015218100
  -0.0002741800    0.0008774600    0.0015451800
  -0.0001742800    0.0007485300    0.0016244100
  -0.0002510200    0.0008680600    0.0015578600
  -0.0003033500    0.0008606100    0.0016108900
   0.0000874400    0.0008132800    0.0014838500
  -0.0001917500    0.0007534400    0.0015350900
  -0.0001972500    0.0008214500    0.0016038500
  -0.0003422200    0.0013389600    0.0003489900
   0.0005625000    0.0012752100    0.0006438100
   0.0007964100    0.0013644300    0.0010138300
   0.0005394000    0.0013088100    0.0006635200
   0.0005066400    0.0012714400    0.0006159800
   0.0005331300    0.0012039200    0.0006550400
   0.0005822200    0.0012754100    0.0006901700
   0.0007862600    0.0011925100    0.0005802300
   0.0003413400   -0.0000187300    0.0004942700
   0.0000030400   -0.0000012500    0.0000439900
   0.0001555800   -0.0000020800    0.0000658400
  -0.0000575300   -0.0000171800   -0.0000073000
   0.0000484500    0.0000257800    0.0000188700
  -0.0001483100    0.0000959200    0.0000851700
   0.0000408000   -0.0000110100   -0.0000623300
   0.0000722800   -0.0000935100    0.0000516900
   0.0009117100   -0.0008780700   -0.0013875700
  -0.0005501900   -0.0013218200   -0.0006545800
  -0.0004957400   -0.0011425700   -0.0006675200
  -0.0005408600   -0.0013053000   -0.0006334400
  -0.0005373700   -0.0012767900   -0.0006379900
  -0.0009811600   -0.0007309200   -0.0004584400
  -0.0005475900   -0.0012147200   -0.0006625400
  -0.0005135600   -0.0012663800   -0.0006375200
  -0.0126658800   -0.0001183600   -0.0084980500
   0.0002648600   -0.0008224800   -0.0015694900
   0.0003353000   -0.0008260500   -0.0014577000
   0.0002340300   -0.0008937300   -0.0015379600
   0.0002567900   -0.0008407100   -0.0015361900
   0.0001633100   -0.0008167700   -0.0016149100
   0.0002700100   -0.0008465500   -0.0015333500
   0.0003193700   -0.0006695000   -0.0016653500
   0.0001698500    0.0066191600    0.0030178400
   0.0004002300    0.0067201300    0.0032500900
   0.0002365500    0.0069850000    0.0030005400
   0.0003744300    0.0067817000    0.0032924000
   0.0002797300    0.0066906400    0.0033242800
   0.0003779500    0.0068095700    0.0032915300
   0.0003695000    0.0067004800    0.0032725000
   0.0003620500    0.0066993000    0.0032968400
   0.0006568200    0.0072073400   -0.0040577800
   0.0007830600    0.0072118300   -0.0042233700
   0.0009907600    0.0071451700   -0.0042637300
   0.0007710100    0.0072058900   -0.0042560000
   0.0007752900    0.0071618900   -0.0042622400
   0.0009814900    0.0071400900   -0.0038729700
   0.0008253600    0.0072509700   -0.0042437900
   0.0008022900    0.0072602300   -0.0041757600
  -0.0000063700   -0.0000129900   -0.0000377500
   0.0006128500   -0.0033166800   -0.0047349500
  -0.0000937400    0.0000102900    0.0000019500
   0.0000084000    0.0000297900    0.0000159500
   0.0000853900    0.0001220600   -0.0001962600
   0.0000249200   -0.0000032100    0.0000152900
   0.0001209700   -0.0000229700    0.0000258700
  -0.0000014300    0.0000036500   -0.0000179500
   0.0310865800   -0.0062294500    0.0512988000
   0.0018508900   -0.0064821200   -0.0005401100
   0.0018002500   -0.0065653100   -0.0006620000
   0.0018595700   -0.0064778600   -0.0005633200
   0.0018633700   -0.0065244800   -0.0005531700
   0.0019472400   -0.0063929400   -0.0006131600
   0.0018303500   -0.0065455300   -0.0005406600
   0.0017851000   -0.0064840000   -0.0005815900
  -0.0027287100   -0.0054867000    0.0012440000
  -0.0026876500   -0.0055035700    0.0011838200
  -0.0027428500   -0.0054244200    0.0012049000
  -0.0026807700   -0.0055665400    0.0011788600
  -0.0027012200   -0.0054744200    0.0012219100
  -0.0027101400   -0.0054453600    0.0010267400
  -0.0026895200   -0.0054819200    0.0011833400
  -0.0028590800   -0.0055718200    0.0011181300
  -0.0023095800    0.0053354900    0.0005958400
  -0.0021462300    0.0054573500    0.0005326300
  -0.0021686200    0.0054526100    0.0005456000
  -0.0021646400    0.0054859100    0.0005199600
  -0.0019972700    0.0054010100    0.0007659100
  -0.0021655200    0.0055370600    0.0005551400
  -0.0021428600    0.0054260800    0.0005201100
  -0.0024361500    0.0054111900    0.0007582000
   0.0022408400    0.0067547900    0.0001081900
   0.0019786800    0.0067999900    0.0010779900
   0.0021814200    0.0067088600    0.0014197900
   0.0019704000    0.0067539400    0.0010608500
   0.0020585400    0.0068354400    0.0010872600
   0.0018573100    0.0066935900    0.0012389600
   0.0019698700    0.0066976200    0.0011391000
   0.0020143800    0.0068169800    0.0011227300
   0.0000837100   -0.0001552500    0.0004265300
  -0.0000005200    0.0000180500    0.0000255300
   0.0004077300    0.0001408700    0.0002857600
  -0.0000097600    0.0000066900   -0.0000056200
  -0.0000184900    0.0000149500    0.0000020300
  -0.0000625700   -0.0000075600   -0.0000355000
   0.0000579200   -0.0000253600   -0.0000138300
  -0.0000427100   -0.0000011800   -0.0000254200
  -0.0033803000   -0.0071361200   -0.0001992600
  -0.0019898500   -0.0067894000   -0.0010445300
  -0.0020611900   -0.0068291600   -0.0010484500
  -0.0019686400   -0.0068274100   -0.0010683300
  -0.0019760100   -0.0067075700   -0.0010857500
  -0.0020206400   -0.0068565700   -0.0010158300
  -0.0019655500   -0.0067681800   -0.0010570500
  -0.0016578000   -0.0072768900   -0.0012712700
   0.0027191300   -0.0063318500   -0.0158324400
   0.0021803300   -0.0054576300   -0.0004273800
   0.0022666800   -0.0055148100   -0.0003912000
   0.0021864200   -0.0054303100   -0.0004640500
   0.0021903400   -0.0054316500   -0.0004880700
   0.0020925600   -0.0054821500   -0.0004842400
   0.0021819900   -0.0054509800   -0.0004682300
   0.0021975800   -0.0054453500   -0.0005470900
   0.0034410300    0.0054495400    0.0000264200
   0.0026818400    0.0054810300   -0.0011908800
   0.0026569900    0.0055777000   -0.0012843500
   0.0026459600    0.0054887300   -0.0011796600
   0.0027882800    0.0055591100   -0.0012368900
   0.0027268400    0.0054104600   -0.0012994900
   0.0026682100    0.0055494600   -0.0011815700
   0.0026519500    0.0054769800   -0.0012946100
  -0.0019062900    0.0064931200    0.0005127400
  -0.0018224100    0.0065009400    0.0005316200
  -0.0019180700    0.0064394200    0.0004689600
  -0.0018239500    0.0064980200    0.0005040000
  -0.0018963800    0.0063668900    0.0005752200
  -0.0018759400    0.0065611300    0.0006796500
  -0.0018532100    0.0064512100    0.0005452900
  -0.0017200400    0.0064759100    0.0005903300

217  
  0.0054328296590146   0.0083954965246929   0.0000000000000000
  -0.0015384800    0.0055968100    0.0012161100
  -0.0004298000    0.0059551100    0.0009107700
  -0.0004329200    0.0059407400    0.0009123900
  -0.0003439400    0.0059069800    0.0009454900
  -0.0004177400    0.0059399300    0.0008930200
  -0.0004377700    0.0059392200    0.0009024600
  -0.0004332400    0.0059525600    0.0009160500
  -0.0004076100    0.0059369600    0.0009018000
   0.0004339000   -0.0059581000   -0.0009101700
   0.0004176300   -0.0059339600   -0.0008951700
   0.0004219400   -0.0059207700   -0.0008964300
   0.0004372800   -0.0059326200   -0.0009036200
   0.0068470800   -0.0014647100    0.0031337000
   0.0004326500   -0.0059340500   -0.0008935700
   0.0004293200   -0.0059367200   -0.0008867800
   0.0004256400   -0.0059309500   -0.0009101800
   0.0000504900    0.0002256500   -0.0003913500
   0.0000612000    0.0002680100   -0.0003414000
   0.0000723600    0.0002181900   -0.0002919500
   0.0000569400    0.0002936600   -0.0003158200
   0.0000488900    0.0002787300   -0.0003205600
  -0.0000837200    0.0001981700   -0.0002231300
   0.0000321500    0.0003057900   -0.0002906700
   0.0000501000    0.0002857700   -0.0003198100
  -0.0000348700   -0.0002785200    0.0003408500
  -0.0000545900   -0.0002808100    0.0002875200
  -0.0000663000   -0.0003015400    0.0002954400
  -0.0000649900   -0.0002896100    0.0003242400
  -0.0006041100    0.0017762100   -0.0040663400
  -0.0000497000   -0.0002797400    0.0002970300
  -0.0000466900   -0.0002769200    0.0003039800
  -0.0000451200   -0.0003157300    0.0003149200
  -0.0005923700    0.0022236300    0.0013998000
  -0.0006285600    0.0022154000    0.0005920100
  -0.0002758400    0.0020264100    0.0005045500
  -0.0005813800    0.0021826400    0.0005990400
  -0.0006229200    0.0022452800    0.0005270100
  -0.0007284800    0.0022351400    0.0004437900
  -0.0006046400    0.0022686400    0.0005712600
  -0.0007794800    0.0020547400    0.0006366500
  -0.0011568400    0.0002641600    0.0017702100
  -0.0011228200    0.0002566600    0.0017099300
  -0.0015409500    0.0002657200    0.0016344200
  -0.0011109000    0.0002561600    0.0016793700
  -0.0010842500    0.0002611700    0.0017121000
  -0.0096706100    0.0101244600    0.0066127100
  -0.0010317600    0.0001641400    0.0016944700
  -0.0010262500    0.0002287100    0.0016113600
   0.0008803600    0.0209872700   -0.0182451500
   0.0005239000   -0.0016174600   -0.0014794000
   0.0001769600   -0.0016272200   -0.0017443400
   0.0004887300   -0.0016418000   -0.0014176600
   0.0005669000   -0.0015883800   -0.0014311200
   0.0007237700   -0.0016336500   -0.0014837700
   0.0005274100   -0.0015918300   -0.0014755300
   0.0006252000   -0.0016626300   -0.0012677000
  -0.0016561700   -0.0006884300    0.0006995500
  -0.0019266800   -0.0008442100    0.0006312400
  -0.0017998300   -0.0008701400    0.0007165500
  -0.0018123800   -0.0008763000    0.0007039300
  -0.0018527100   -0.0009507500    0.0006672500
  -0.0018567400   -0.0004413600    0.0014683100
  -0.0019256500   -0.0008817400    0.0006634300
  -0.0017935300   -0.0010077700    0.0009194400
  -0.0002758300   -0.0003399900   -0.0016173300
  -0.0008167100    0.0001610700   -0.0020789700
  -0.0008105200    0.0001481500   -0.0021413300
  -0.0007230300    0.0001732100   -0.0020362000
  -0.0007442000    0.0005244200   -0.0020610200
  -0.0007789800    0.0001371100   -0.0020996700
  -0.0008130700    0.0001958000   -0.0020879800
  -0.0011526400    0.0006834800   -0.0018327900
  -0.0007338800    0.0015421900    0.0014955100
  -0.0005633400    0.0015973800    0.0014487800
  -0.0005041500    0.0016011500    0.0012956300
  -0.0005371200    0.0015968300    0.0014614000
  -0.0005187000    0.0019221500    0.0014401500
  -0.0005926100    0.0014849200    0.0011383600
  -0.0005398400    0.0016094000    0.0014438100
  -0.0009388000    0.0019463300    0.0011703900
   0.0214432000    0.0349635200    0.0098965100
   0.0018820200    0.0008617000   -0.0006825800
   0.0018911400    0.0007475200   -0.0001926600
   0.0017874500    0.0008281900   -0.0006780100
   0.0017477900    0.0007310000   -0.0006883800
   0.0018212000    0.0008286300   -0.0008553000
   0.0019209100    0.0008425200   -0.0006665300
   0.0023013700    0.0007411800   -0.0010288900
   0.0011543500   -0.0003002000   -0.0021718100
   0.0011477100   -0.0003588200   -0.0017731100
   0.0014051100   -0.0001637200   -0.0016162500
   0.0010932000   -0.0002502700   -0.0017314800
   0.0011910000   -0.0002235700   -0.0017148400
   0.0010193500   -0.0003284900   -0.0015765100
   0.0011225000   -0.0002932500   -0.0017416000
   0.0010785700   -0.0002094200   -0.0016637100
  -0.0008444600    0.0015743100   -0.0003905600
  -0.0014269600    0.0015718100   -0.0004854200
  -0.0018457200    0.0019304700   -0.0011695200
  -0.0014204400    0.0015422000   -0.0005613700
  -0.0014655400    0.0014642100   -0.0004218700
  -0.0013239500    0.0015714800   -0.0004750900
  -0.0014389200    0.0016060900   -0.0004468700
  -0.0015040900    0.0014844700   -0.0004007600
   0.0006773900   -0.0023854100   -0.0006624400
   0.0005989500   -0.0022450600   -0.0005270700
   0.0014827800   -0.0021540600   -0.0007765900
   0.0006145900   -0.0021949900   -0.0006055000
   0.0006193900   -0.0022513400   -0.0006135300
   0.0008921900   -0.0032368700   -0.0004417500
   0.0006099100   -0.0017358700   -0.0005312500
   0.0006269900   -0.0022410300   -0.0003568100
   0.0012015400   -0.0010078300    0.0013733000
   0.0007716300   -0.0002189900    0.0020871900
   0.0008625500   -0.0002394600    0.0021672800
   0.0007409700   -0.0002163400    0.0020493500
   0.0007781200   -0.0002150500    0.0020762500
   0.0005234900    0.0001580400    0.0019875000
   0.0008204400   -0.0002481400    0.0020229700
   0.0009559500   -0.0002268100    0.0020469500
   0.0014868700   -0.0015355600    0.0002664700
   0.0014478300   -0.0015866100    0.0004949500
   0.0014479500   -0.0016925300    0.0005277300
   0.0014340000   -0.0015956000    0.0005758000
   0.0013879600   -0.0015626700    0.0005852800
   0.0014089100   -0.0029287800    0.0006627300
   0.0014170400   -0.0016450100    0.0005336800
   0.0012344000   -0.0016284200    0.0004840600
  -0.0000002200    0.0000004800    0.0000084300
   0.0010190800   -0.0003257300    0.0008257700
   0.0000150800   -0.0000156600   -0.0000107800
   0.0000765700    0.0000456700   -0.0000310400
   0.0000228700   -0.0000784900   -0.0000177600
   0.0000186500   -0.0000155800    0.0000058600
  -0.0000399000   -0.0000037200    0.0000227000
   0.0000104800   -0.0000109400   -0.0000364900
  -0.0003145500   -0.0068955100    0.0050325700
  -0.0007740100   -0.0071526100    0.0042237000
  -0.0004405000   -0.0069647500    0.0037627800
  -0.0007880300   -0.0071838300    0.0042241000
  -0.0008069100   -0.0072009400    0.0042416500
  -0.0007536200   -0.0072664800    0.0041912900
  -0.0008007100   -0.0071469000    0.0042427500
  -0.0007137300   -0.0071133000    0.0041675100
  -0.0004031300   -0.0068520300   -0.0032044000
  -0.0003243700   -0.0067838600   -0.0032573900
  -0.0005302600   -0.0068874800   -0.0032124300
  -0.0003588400   -0.0067870700   -0.0032600300
  -0.0003418400   -0.0067638900   -0.0032637400
   0.0063701300   -0.0039148000   -0.0070783300
  -0.0002840800   -0.0067593900   -0.0032568500
  -0.0003108400   -0.0068488900   -0.0033002400
  -0.0002257700    0.0006985900    0.0012622700
  -0.0002528700    0.0008110800    0.0015460200
  -0.0003158100    0.0008631300    0.0015185700
  -0.0002634800    0.0008605800    0.0015816400
  -0.0002302600    0.0007499900    0.0014811300
  -0.0003108200    0.0006769100    0.0015661400
  -0.0002200000    0.0007262400    0.0015781900
  -0.0003062600    0.0008945000    0.0015417600
   0.0008324600    0.0013811200    0.0008819000
   0.0005371200    0.0012665400    0.0006422700
   0.0005001200    0.0012664900    0.0005440300
   0.0005647700    0.0012793300    0.0006732300
   0.0006426400    0.0011520700    0.0006238600
   0.0005750000    0.0013177800    0.0006622200
   0.0005749400    0.0012590500    0.0006372300
   0.0002441200    0.0012846200    0.0006668400
   0.0033882700    0.0034773800   -0.0021779000
  -0.0000269400   -0.0000113400   -0.0000158800
  -0.0000689300   -0.0000148000    0.0000113700
  -0.0000156600    0.0000119400   -0.0000163900
  -0.0000248200   -0.0000401900   -0.0000120800
  -0.0000203400   -0.0000879600   -0.0001038300
   0.0000180300   -0.0000051400   -0.0000081500
   0.0000086200   -0.0000394200    0.0000528900
  -0.0009314800   -0.0015049000   -0.0007776800
  -0.0005447100   -0.0012384500   -0.0006730400
  -0.0005718500   -0.0012803100   -0.0006636000
  -0.0005375900   -0.0012751000   -0.0006458900
  -0.0005468300   -0.0012413000   -0.0006671200
  -0.0009615000   -0.0015684100   -0.0018654600
  -0.0005219300   -0.0012295200   -0.0006722700
  -0.0005816700   -0.0012889200   -0.0006476900
   0.0078265000    0.0013616200    0.0024207200
   0.0002567000   -0.0008131600   -0.0015597900
   0.0003624400   -0.0009501800   -0.0015065600
   0.0002737100   -0.0008242300   -0.0015669400
   0.0002040600   -0.0008835800   -0.0015353500
   0.0002902100   -0.0008235800   -0.0015367200
   0.0002792100   -0.0008111300   -0.0015659000
   0.0002404000   -0.0009658400   -0.0014824900
   0.0003505100    0.0068451200    0.0035053900
   0.0003326700    0.0067135800    0.0032868800
   0.0001781400    0.0068111700    0.0033154600
   0.0003346600    0.0067883400    0.0032674100
   0.0003058400    0.0067155200    0.0032527900
   0.0003554900    0.0068677900    0.0032275300
   0.0003409000    0.0067530000    0.0032585000
   0.0003968800    0.0067116100    0.0032147600
   0.0007627800    0.0072877000   -0.0041881400
   0.0008140800    0.0071440700   -0.0042164200
   0.0006206900    0.0073315000   -0.0041671600
   0.0007731300    0.0072093400   -0.0042258900
   0.0007934100    0.0072187400   -0.0042303300
   0.0011714400    0.0074075600   -0.0045858400
   0.0007245800    0.0068650400   -0.0042986300
   0.0007448000    0.0072723900   -0.0042185500
   0.0000232200   -0.0000050300    0.0000156600
  -0.0005689200    0.0015294700    0.0013884500
  -0.0000540000   -0.0000167500   -0.0000070600
   0.0000783400    0.0000339300   -0.0000381900
  -0.0000734200   -0.0000618600    0.0000727500
   0.0000044000   -0.0000040100   -0.0000133100
  -0.0000152100   -0.0000644400    0.0000123100
   0.0000685800   -0.0000122100    0.0000108100
  -0.0340788600   -0.0935312900    0.0007935700
   0.0018600700   -0.0065000900   -0.0005046300
   0.0019563200   -0.0064327400   -0.0005625900
   0.0018329500   -0.0064786500   -0.0005065500
   0.0018046500   -0.0064945200   -0.0004996500
   0.0018198000   -0.0064671200   -0.0006170700
   0.0018639000   -0.0065416700   -0.0004922200
   0.0019805600   -0.0064641600   -0.0004658700
  -0.0026468000   -0.0055644500    0.0011677900
  -0.0027261200   -0.0055394100    0.0011743500
  -0.0026978300   -0.0053568100    0.0012234100
  -0.0027148900   -0.0055342700    0.0011945700
  -0.0027107500   -0.0055341500    0.0011308300
  -0.0027180100   -0.0055481500    0.0012813500
  -0.0027022800   -0.0055056900    0.0011899900
  -0.0026779400   -0.0055130500    0.0012355600
  -0.0018155900    0.0054050000    0.0005353500
  -0.0022190200    0.0055021300    0.0005113900
  -0.0022110000    0.0054663900    0.0005142300
  -0.0021843600    0.0054268900    0.0004990100
  -0.0023769000    0.0092657100    0.0004944000
  -0.0022012100    0.0055069900    0.0004988800
  -0.0022094000    0.0054701900    0.0005245800
  -0.0020955500    0.0053898900    0.0003574100
   0.0017920600    0.0069530500    0.0011981300
   0.0019943100    0.0067812200    0.0010386700
   0.0019605300    0.0068564100    0.0009784100
   0.0019926900    0.0067995800    0.0010488800
   0.0018890500    0.0067269800    0.0009823200
   0.0019473600    0.0067941700    0.0012496800
   0.0020029700    0.0067927700    0.0011042900
   0.0020027600    0.0068452200    0.0010310400
  -0.0000407500    0.0002013400   -0.0002143800
   0.0000366100    0.0000009700    0.0000064600
  -0.0000625000    0.0001052700   -0.0000131700
  -0.0000423200   -0.0000110300    0.0000422600
  -0.0000208400   -0.0000056200    0.0000218300
  -0.0004827900    0.0003533900    0.0003105600
  -0.0000006000   -0.0000285400    0.0000184400
  -0.0000008400    0.0000198400    0.0000030200
  -0.0012779600   -0.0068132200   -0.0011610400
  -0.0019914400   -0.0068734800   -0.0010357800
  -0.0019857300   -0.0067526900   -0.0010591500
  -0.0019970300   -0.0068325900   -0.0010662500
  -0.0019641300   -0.0068250500   -0.0010311800
  -0.0020070000   -0.0068126500   -0.0010645900
  -0.0020181000   -0.0068267900   -0.0010363700
  -0.0013140700   -0.0069188300    0.0000178000
   0.0023192400   -0.0028717600   -0.0008443400
   0.0021780000   -0.0054217100   -0.0005280700
   0.0021690300   -0.0055813100   -0.0006507800
   0.0021711100   -0.0054358400   -0.0005084400
   0.0021323500   -0.0054431600   -0.0005007600
   0.0021762200   -0.0055296400   -0.0004844100
   0.0021696000   -0.0054459000   -0.0005026900
   0.0021955700   -0.0054834600   -0.0004851300
   0.0017759300    0.0073520200   -0.0011892900
   0.0027362800    0.0055277300   -0.0011643200
   0.0028056600    0.0054905700   -0.0012278900
   0.0026836100    0.0054538800   -0.0011973900
   0.0026374300    0.0054348700   -0.0011116500
   0.0027426700    0.0055298700   -0.0012712200
   0.0027340500    0.0055594400   -0.0011828200
   0.0028390500    0.0055483200   -0.0011636400
  -0.0019865000    0.0064415300    0.0006117100
  -0.0018700300    0.0065273700    0.0005147900
  -0.0018748800    0.0064193600    0.0005640200
  -0.0018616000    0.0064983700    0.0005199100
  -0.0018078400    0.0063171100    0.0006114100
  -0.0018332300    0.0065353000    0.0004849000
  -0.0018410800    0.0065456500    0.0005184100
  -0.0018774100    0.0065861400    0.0004981300

217  
 -0.0054328296590146  -0.0083954965246929   0.0000000000000000
   0.0006706300    0.0063012200    0.0006011900
  -0.0004186200    0.0059127300    0.0008977700
  -0.0004205300    0.0059450500    0.0008934900
  -0.0005114800    0.0059776800    0.0008631800
  -0.0004357300    0.0059392700    0.0009178800
  -0.0004115900    0.0059454600    0.0009111300
  -0.0004237500    0.0059161400    0.0008909100
  -0.0004490300    0.0059431700    0.0009002600
   0.0004505400   -0.0059423600   -0.0009084300
   0.0004373400   -0.0059272300   -0.0009058300
   0.0004404300   -0.0059528900   -0.0009046900
   0.0004234400   -0.0059469300   -0.0009150900
  -0.0061586200   -0.0105137100   -0.0050567500
   0.0004123700   -0.0059373400   -0.0008992800
   0.0004260400   -0.0059333500   -0.0009075500
   0.0004252000   -0.0059509000   -0.0008902700
   0.0000518500    0.0003462700   -0.0002253600
   0.0000436000    0.0003036400   -0.0002719500
   0.0000314500    0.0003498500   -0.0003202100
   0.0000469300    0.0002665500   -0.0002964100
   0.0000518200    0.0002905200   -0.0002930700
   0.0001874900    0.0003790900   -0.0003956100
   0.0000722900    0.0002618100   -0.0003253300
   0.0000600200    0.0002885000   -0.0002924200
  -0.0000557400   -0.0002874000    0.0002763300
  -0.0000442300   -0.0002812100    0.0003313400
  -0.0000316200   -0.0002709000    0.0003184300
  -0.0000336800   -0.0002728300    0.0002911200
   0.0005200900   -0.0023534700    0.0047357600
  -0.0000519200   -0.0002932400    0.0003305500
  -0.0000588300   -0.0002864000    0.0003170300
  -0.0000670300   -0.0002576200    0.0003024900
  -0.0007320400    0.0022587500   -0.0002979000
  -0.0006982000    0.0022609800    0.0004657600
  -0.0009982200    0.0024338600    0.0006185000
  -0.0007938600    0.0022953800    0.0004661500
  -0.0007728300    0.0022251200    0.0005418100
  -0.0005560900    0.0022389900    0.0006396500
  -0.0007378700    0.0022013900    0.0004851400
  -0.0005738200    0.0024183900    0.0004260500
  -0.0009896300    0.0002538000    0.0015334300
  -0.0011350600    0.0002569900    0.0016387400
  -0.0006277300    0.0002519400    0.0016747200
  -0.0010996300    0.0002593100    0.0016503000
  -0.0011282000    0.0002514900    0.0016270700
   0.0072815800   -0.0094597400   -0.0032050600
  -0.0012138500    0.0003526400    0.0016410400
  -0.0011580200    0.0002868900    0.0017059600
   0.0001295000   -0.0235074100    0.0149608300
   0.0005564300   -0.0015682200   -0.0012360200
   0.0009045500   -0.0015589500   -0.0010009700
   0.0005898500   -0.0015420700   -0.0013624200
   0.0005107300   -0.0016030400   -0.0013700200
   0.0004045900   -0.0015523700   -0.0012414400
   0.0005287000   -0.0015995900   -0.0012329100
   0.0005208100   -0.0015232000   -0.0014586600
  -0.0020608400   -0.0010134500    0.0008850900
  -0.0017586500   -0.0008573300    0.0008546500
  -0.0018400200   -0.0008324800    0.0008571600
  -0.0019047800   -0.0008232700    0.0008172900
  -0.0018947000   -0.0007556200    0.0008331300
  -0.0018544800   -0.0012587200    0.0000620800
  -0.0017166300   -0.0008227800    0.0008361900
  -0.0019116300   -0.0007005900    0.0006097300
  -0.0013093200    0.0007132700   -0.0025613900
  -0.0008377300    0.0002314200   -0.0020256100
  -0.0008033800    0.0002443100   -0.0020282700
  -0.0008599800    0.0002219000   -0.0020848900
  -0.0008250600   -0.0001400100   -0.0020405600
  -0.0008580300    0.0002526200   -0.0020490100
  -0.0008067000    0.0001921900   -0.0020235600
  -0.0004714900   -0.0002975500   -0.0022924200
  -0.0004129900    0.0016476200    0.0012297500
  -0.0005051300    0.0015945900    0.0013227300
  -0.0006088700    0.0015897000    0.0014113000
  -0.0005483400    0.0015971900    0.0012583000
  -0.0005534900    0.0012610900    0.0012530200
  -0.0005126200    0.0017007300    0.0015924000
  -0.0005263200    0.0015784400    0.0013411800
  -0.0001605200    0.0012438400    0.0015969700
  -0.0170101100   -0.0319192800   -0.0109305200
   0.0018328200    0.0008452500   -0.0008243900
   0.0018109700    0.0009596200   -0.0013130000
   0.0019008900    0.0008841400   -0.0008089700
   0.0019137500    0.0009737700   -0.0008114800
   0.0018574900    0.0008801500   -0.0007263200
   0.0018291400    0.0008622000   -0.0008085000
   0.0014269400    0.0009649100   -0.0005055200
   0.0010659500   -0.0002083000   -0.0011274500
   0.0010687900   -0.0001533600   -0.0015692400
   0.0007909300   -0.0003446700   -0.0017383900
   0.0011881300   -0.0002603700   -0.0016164800
   0.0010494400   -0.0002891100   -0.0016065400
   0.0010857900   -0.0001832900   -0.0017041500
   0.0010884700   -0.0002175000   -0.0015944200
   0.0011520200   -0.0003021900   -0.0016731400
  -0.0019187900    0.0015702500   -0.0006435600
  -0.0013142500    0.0016135000   -0.0005357500
  -0.0009209600    0.0012592600    0.0001310900
  -0.0013174600    0.0016444600   -0.0003644400
  -0.0012792000    0.0017185400   -0.0005045400
  -0.0014252200    0.0016124900   -0.0005986200
  -0.0013054900    0.0015752900   -0.0005426900
  -0.0012404200    0.0016964100   -0.0005394300
   0.0006300500   -0.0020869200   -0.0004180000
   0.0007606800   -0.0022226500   -0.0005376900
  -0.0002224100   -0.0023148400   -0.0003336800
   0.0006975200   -0.0022766400   -0.0004727100
   0.0007443200   -0.0022234500   -0.0004390700
   0.0004767200   -0.0012068600   -0.0006016100
   0.0007834000   -0.0027452800   -0.0005230800
   0.0006848900   -0.0022329400   -0.0007104100
   0.0004607200    0.0006181400    0.0027617400
   0.0007992200   -0.0001664800    0.0020390300
   0.0007404200   -0.0001462700    0.0020036000
   0.0008960300   -0.0001686300    0.0020808000
   0.0008640100   -0.0001781300    0.0020405900
   0.0010540600   -0.0005515500    0.0021623100
   0.0007598100   -0.0001443400    0.0020682500
   0.0006665300   -0.0001643000    0.0021108400
   0.0012574900   -0.0016430500    0.0007955700
   0.0012969500   -0.0015928400    0.0004679300
   0.0012923200   -0.0014880300    0.0005160200
   0.0013050600   -0.0015820400    0.0004704900
   0.0013623300   -0.0016228800    0.0004086700
   0.0013206200   -0.0002319100    0.0003433800
   0.0013311600   -0.0015353300    0.0003893100
   0.0014956400   -0.0015546100    0.0005238400
   0.0000230800    0.0000005300   -0.0000204000
  -0.0009858300    0.0002958600   -0.0007788700
  -0.0000031400    0.0000162800    0.0000412100
  -0.0000662500   -0.0000441400    0.0000013400
  -0.0000100900    0.0000796600   -0.0000239500
  -0.0000316400    0.0000177500    0.0000013900
  -0.0000167100    0.0000059900   -0.0000048100
  -0.0000265900    0.0000120700    0.0000019100
  -0.0012374800   -0.0074599000    0.0034222500
  -0.0007882000   -0.0072060600    0.0042323100
  -0.0011206900   -0.0074144700    0.0046782600
  -0.0007791400   -0.0071347000    0.0042442700
  -0.0007628800   -0.0071320400    0.0042331600
  -0.0008140300   -0.0071771400    0.0042448000
  -0.0007691600   -0.0072001800    0.0042163600
  -0.0008432400   -0.0072186400    0.0042757500
  -0.0003026800   -0.0067144000   -0.0033044600
  -0.0003795300   -0.0067038200   -0.0032683000
  -0.0001902600   -0.0066869400   -0.0032961000
  -0.0003519200   -0.0067634100   -0.0032809300
  -0.0003558800   -0.0067391100   -0.0032774200
  -0.0071011600   -0.0095881000    0.0005751700
  -0.0004210500   -0.0067156000   -0.0032775300
  -0.0004075300   -0.0067162300   -0.0032157800
  -0.0002884900    0.0008844200    0.0018656100
  -0.0002714500    0.0008659200    0.0015287200
  -0.0001811500    0.0008054800    0.0015829700
  -0.0002565300    0.0007644000    0.0015511900
  -0.0002902600    0.0008655700    0.0016445800
  -0.0002066600    0.0009465200    0.0015125500
  -0.0002893200    0.0009969500    0.0014854400
  -0.0002237600    0.0007710000    0.0015561200
   0.0002709100    0.0011062200    0.0004203900
   0.0005647000    0.0012286000    0.0006645300
   0.0005960800    0.0012484100    0.0007707400
   0.0005447600    0.0012519800    0.0006551300
   0.0004540000    0.0014322500    0.0007112000
   0.0005093800    0.0011849200    0.0006285200
   0.0005367300    0.0012535700    0.0006777800
   0.0008434800    0.0012132300    0.0006683200
  -0.0032967000   -0.0034254200    0.0020929700
   0.0000038400    0.0000120600    0.0000765700
   0.0000889000    0.0000154900    0.0000064700
   0.0000331000   -0.0000113000   -0.0000471700
   0.0000158300    0.0000422100   -0.0000851000
  -0.0000279900    0.0000896000    0.0001360700
   0.0000110200    0.0000068300    0.0000900600
  -0.0000516500    0.0000409600   -0.0000464800
  -0.0001759200   -0.0009458300   -0.0005082600
  -0.0005648800   -0.0013058000   -0.0006620200
  -0.0005108700   -0.0012537600   -0.0006451700
  -0.0005691500   -0.0012215300   -0.0006321400
  -0.0005574000   -0.0012330600   -0.0006201800
  -0.0001359100   -0.0009255800    0.0005413800
  -0.0005718300   -0.0013574700   -0.0006752600
  -0.0005346900   -0.0012390300   -0.0006668100
  -0.0071952100   -0.0030175000   -0.0054366200
   0.0002591200   -0.0008139800   -0.0015441800
   0.0001495000   -0.0006991900   -0.0015887600
   0.0002487000   -0.0008450900   -0.0015159100
   0.0003140300   -0.0008212900   -0.0015435100
   0.0002079700   -0.0008095800   -0.0015833300
   0.0002460600   -0.0008310800   -0.0015310800
   0.0002617400   -0.0006617600   -0.0015922100
   0.0003706900    0.0066673000    0.0030195200
   0.0003796100    0.0068051500    0.0032439700
   0.0005273900    0.0067154700    0.0031957300
   0.0003732400    0.0066861500    0.0032759200
   0.0003998600    0.0067803600    0.0032970500
   0.0003514500    0.0067338900    0.0032836400
   0.0003643700    0.0067526200    0.0032753000
   0.0003210600    0.0067798600    0.0033029800
   0.0008072700    0.0071207300   -0.0042469700
   0.0007569300    0.0071868000   -0.0042348700
   0.0009335100    0.0070842700   -0.0042662600
   0.0007910400    0.0071839400   -0.0042406400
   0.0007836900    0.0071310100   -0.0042355600
   0.0004078600    0.0068834100   -0.0038574100
   0.0008479900    0.0074579200   -0.0041590000
   0.0008128400    0.0071387500   -0.0042239100
  -0.0000271600    0.0000059200   -0.0000292300
   0.0005330400   -0.0015240800   -0.0013834000
   0.0000630600    0.0000177300   -0.0000023500
  -0.0000339900   -0.0000333800    0.0000369500
   0.0000537200    0.0000632600   -0.0000815700
  -0.0000214600    0.0000048500    0.0000261800
   0.0000624000    0.0000661600    0.0000181800
  -0.0000457000    0.0000138000    0.0000268900
   0.0369857300    0.0783919100   -0.0026115500
   0.0018480700   -0.0064597800   -0.0005349800
   0.0017844600   -0.0065417600   -0.0005263300
   0.0018588600   -0.0065115500   -0.0005378600
   0.0018854800   -0.0065103200   -0.0005502700
   0.0019306900   -0.0064671100   -0.0004685100
   0.0018470600   -0.0064841400   -0.0005461600
   0.0017673500   -0.0065203200   -0.0006110800
  -0.0028197400   -0.0053604300    0.0012784700
  -0.0026567600   -0.0054788200    0.0012141000
  -0.0027280900   -0.0055912300    0.0012078700
  -0.0027029800   -0.0054303000    0.0011973200
  -0.0027139000   -0.0054514100    0.0012555100
  -0.0027019400   -0.0054372300    0.0011347700
  -0.0026772700   -0.0055194500    0.0012004000
  -0.0027280600   -0.0054887700    0.0011831900
  -0.0025655600    0.0054313300    0.0004277600
  -0.0021404600    0.0054131200    0.0005071300
  -0.0021600000    0.0054268800    0.0004471400
  -0.0021624800    0.0054680900    0.0005047700
  -0.0019406000    0.0016161000    0.0005157900
  -0.0021642900    0.0053952300    0.0004821700
  -0.0021467600    0.0054410200    0.0004940900
  -0.0022428900    0.0055022200    0.0006364700
   0.0022268300    0.0065452800    0.0009570000
   0.0019666600    0.0067821800    0.0010706000
   0.0020103900    0.0067045700    0.0011688100
   0.0019997900    0.0067447800    0.0010502600
   0.0021094400    0.0068222400    0.0011208000
   0.0020354900    0.0067166000    0.0008982400
   0.0019389100    0.0068339800    0.0009998000
   0.0020103900    0.0067239700    0.0011099600
   0.0000510400   -0.0002001000    0.0002506600
  -0.0000388800    0.0000000900    0.0000039700
   0.0000290700   -0.0000980400    0.0000029700
   0.0000243800    0.0000116400   -0.0000238100
   0.0000209000    0.0000076900   -0.0000071200
   0.0005083300   -0.0003574800   -0.0002951700
   0.0000079400    0.0000296400   -0.0000294100
   0.0000338100   -0.0000187100   -0.0000175000
  -0.0027235300   -0.0066844900   -0.0009900100
  -0.0019919500   -0.0067021200   -0.0010611300
  -0.0020091300   -0.0068007300   -0.0010939000
  -0.0019736200   -0.0067266400   -0.0010457800
  -0.0019880700   -0.0067615200   -0.0010742200
  -0.0019815500   -0.0067470600   -0.0010688100
  -0.0019623400   -0.0067433600   -0.0010599900
  -0.0026460800   -0.0066451100   -0.0021484400
   0.0020453100   -0.0080025000   -0.0000791300
   0.0021595100   -0.0054802400   -0.0004776100
   0.0021776400   -0.0053199100   -0.0003169700
   0.0021986100   -0.0054478000   -0.0005074900
   0.0022391400   -0.0054375600   -0.0005130900
   0.0021822900   -0.0053175000   -0.0004849900
   0.0021485900   -0.0055146500   -0.0005070200
   0.0021938200   -0.0054226900   -0.0004891000
   0.0036559500    0.0036247800   -0.0012320000
   0.0026733300    0.0054440700   -0.0012172400
   0.0026363900    0.0054924800   -0.0012025100
   0.0027087900    0.0055453200   -0.0011898000
   0.0027553400    0.0055846500   -0.0012824400
   0.0027096600    0.0054152300   -0.0011568000
   0.0026787700    0.0054777100   -0.0011981100
   0.0026111400    0.0054448700   -0.0012558100
  -0.0017767400    0.0064733100    0.0004916000
  -0.0018098900    0.0064833400    0.0005313800
  -0.0018502000    0.0065197100    0.0005258200
  -0.0018535300    0.0064533500    0.0005295700
  -0.0019160000    0.0066678800    0.0004264800
  -0.0018833000    0.0064427900    0.0005925900
  -0.0018367700    0.0064704300    0.0005298300
  -0.0018289200    0.0064108800    0.0005756300
